date,ceo,company,positive,neutral,negative,total,neg_pct,theme,alias
2026-05-01,John Furner,Walmart,4,20,1,25,4.0,,John Furner Walmart
2026-05-01,Andy Jassy,Amazon,13,12,0,25,0.0,,Andy Jassy Amazon
2026-05-01,Stephen Hemsley,UnitedHealth,8,16,1,25,4.0,,Stephen Hemsley UnitedHealth
2026-05-01,Tim Cook,Apple,10,11,4,25,16.0,,Tim Cook Apple
2026-05-01,David Joyner,CVS Health,6,10,9,25,36.0,,David Joyner CVS Health
2026-05-01,Warren Buffett,Berkshire Hathaway,5,14,6,25,24.0,,Warren Buffett Berkshire Hathaway
2026-05-01,Sundar Pichai,Alphabet Inc,15,4,6,25,24.0,,Sundar Pichai Alphabet Inc
2026-05-01,Darren Woods,Exxon Mobil,4,16,5,25,20.0,,Darren Woods Exxon Mobil
2026-05-01,Brian Tyler,McKesson,5,14,6,25,24.0,,Brian Tyler McKesson
2026-05-01,Robert Mauch,Cencora,5,8,0,13,0.0,,Robert Mauch Cencora
2026-05-01,Jamie Dimon,JPMorgan Chase,1,7,17,25,68.0,,Jamie Dimon JPMorgan Chase
2026-05-01,Ron Vachris,Costco,12,12,1,25,4.0,,Ron Vachris Costco
2026-05-01,David Cordani,Cigna,13,11,1,25,4.0,,David Cordani Cigna
2026-05-01,Satya Nadella,Microsoft,12,12,1,25,4.0,,Satya Nadella Microsoft
2026-05-01,Jason Hollar,Cardinal Health,11,12,2,25,8.0,,Jason Hollar Cardinal Health
2026-05-01,Mike Wirth,Chevron,3,14,8,25,32.0,,Mike Wirth Chevron
2026-05-01,Brian Moynihan,Bank of America,12,7,6,25,24.0,,Brian Moynihan Bank of America
2026-05-01,Mary Barra,General Motors,9,12,4,25,16.0,,Mary Barra General Motors
2026-05-01,Jim Farley,Ford Motor,11,10,4,25,16.0,,Jim Farley Ford Motor
2026-05-01,Gail Boudreaux,Elevance Health,10,11,4,25,16.0,,Gail Boudreaux Elevance Health
2026-05-01,Jane Fraser,Citigroup,5,11,9,25,36.0,,Jane Fraser Citigroup
2026-05-01,Mark Zuckerberg,Meta Platforms,5,9,11,25,44.0,,Mark Zuckerberg Meta Platforms
2026-05-01,Sarah London,Centene,7,12,6,25,24.0,,Sarah London Centene
2026-05-01,Ted Decker,The Home Depot Inc,3,16,6,25,24.0,,Ted Decker The Home Depot Inc
2026-05-01,Priscilla Almodovar,Fannie Mae,2,18,5,25,20.0,,Priscilla Almodovar Fannie Mae
2026-05-01,Ron Sargent,Kroger,2,19,4,25,16.0,,Ron Sargent Kroger
2026-05-01,Mark Lashier,Phillips 66,6,7,12,25,48.0,,Mark Lashier Phillips 66
2026-05-01,Maryann Mannen,Marathon Petroleum,3,20,2,25,8.0,,Maryann Mannen Marathon Petroleum
2026-05-01,Dan Schulman,Verizon,6,9,10,25,40.0,,Dan Schulman Verizon
2026-05-01,Jensen Huang,Nvidia,6,13,6,25,24.0,,Jensen Huang Nvidia
2026-05-01,David Solomon,Goldman Sachs,5,12,8,25,32.0,,David Solomon Goldman Sachs
2026-05-01,Charles Scharf,Wells Fargo,19,2,4,25,16.0,,Charles Scharf Wells Fargo
2026-05-01,Lane Riggs,Valero Energy,18,7,0,25,0.0,,Lane Riggs Valero Energy
2026-05-01,Brian Roberts,Comcast,3,12,10,25,40.0,,Brian Roberts Comcast
2026-05-01,Jon Farney,State Farm Insurance,5,15,5,25,20.0,,Jon Farney State Farm Insurance
2026-05-01,John Stankey,AT&T,7,15,3,25,12.0,,John Stankey AT&T
2026-05-01,Michael Hutchins,Freddie Mac,1,22,2,25,8.0,,Michael Hutchins Freddie Mac
2026-05-01,Jim Rechtin,Humana,10,13,2,25,8.0,,Jim Rechtin Humana
2026-05-01,Ted Pick,Morgan Stanley,9,12,4,25,16.0,,Ted Pick Morgan Stanley
2026-05-01,Michael Fiddelke,Target Corporation,4,14,7,25,28.0,,Michael Fiddelke Target Corporation
2026-05-01,Philip Smith,StoneX Group,4,19,1,24,4.2,,Philip Smith StoneX Group
2026-05-01,Elon Musk,Tesla,5,11,9,25,36.0,,Elon Musk Tesla
2026-05-01,Michael Dell,Dell Technologies,7,16,2,25,8.0,,Michael Dell Dell Technologies
2026-05-01,Ramon Laguarta,PepsiCo,9,14,2,25,8.0,,Ramon Laguarta PepsiCo
2026-05-01,Josh D'Amaro,The Walt Disney Company,4,11,10,25,40.0,,Josh D'Amaro The Walt Disney Company
2026-05-01,Carol Tome,UPS,4,15,6,25,24.0,,Carol Tome UPS
2026-05-01,Joaquin Duato,Johnson & Johnson,7,14,4,25,16.0,,Joaquin Duato Johnson & Johnson
2026-05-01,Rajesh Subramaniam,FedEx,3,13,9,25,36.0,,Rajesh Subramaniam FedEx
2026-05-01,Juan Luciano,Archer Daniels Midland,1,14,10,25,40.0,,Juan Luciano Archer Daniels Midland
2026-05-01,Jon Moeller,Procter & Gamble,2,19,4,25,16.0,,Jon Moeller Procter & Gamble
2026-05-01,Marvin Ellison,Lowe's Companies,5,16,4,25,16.0,,Marvin Ellison Lowe's Companies
2026-05-01,Thomas Long,Energy Transfer,19,1,5,25,20.0,,Thomas Long Energy Transfer
2026-05-01,Christopher Calio,RTX,11,10,4,25,16.0,,Christopher Calio RTX
2026-05-01,Susan Morris,Albertsons,8,16,1,25,4.0,,Susan Morris Albertsons
2026-05-01,Kevin Hourican,Sysco,14,10,1,25,4.0,,Kevin Hourican Sysco
2026-05-01,Tricia Griffith,Progressive Insurance,11,10,4,25,16.0,,Tricia Griffith Progressive Insurance
2026-05-01,Stephen Squeri,American Express,8,13,4,25,16.0,,Stephen Squeri American Express
2026-05-01,James Taiclet,Lockheed Martin,10,9,6,25,24.0,,James Taiclet Lockheed Martin
2026-05-01,Michel Khalaf,MetLife Inc,9,15,1,25,4.0,,Michel Khalaf MetLife Inc
2026-05-01,Samuel Hazen,HCA Healthcare,12,11,2,25,8.0,,Samuel Hazen HCA Healthcare
2026-05-01,Andrew Sullivan,Prudential Financial,6,18,1,25,4.0,,Andrew Sullivan Prudential Financial
2026-05-01,Kelly Ortberg,Boeing,4,14,7,25,28.0,,Kelly Ortberg Boeing
2026-05-01,Joe Creed,Caterpillar,2,23,0,25,0.0,,Joe Creed Caterpillar
2026-05-01,Robert M Davis,Merck,5,15,5,25,20.0,,Robert M Davis Merck
2026-05-01,Thomas J Wilson,Allstate,5,14,6,25,24.0,,Thomas J Wilson Allstate
2026-05-01,Albert Bourla,Pfizer,10,10,5,25,20.0,,Albert Bourla Pfizer
2026-05-01,Arvind Krishna,IBM,4,15,6,25,24.0,,Arvind Krishna IBM
2026-05-01,Craig DeSanto,New York Life Insurance,4,21,0,25,0.0,,Craig DeSanto New York Life Insurance
2026-05-01,Ed Bastian,Delta Air Lines,8,10,7,25,28.0,,Ed Bastian Delta Air Lines
2026-05-01,Kevin Murphy,Publix Super Markets,12,34,4,50,8.0,,Kevin Murphy Publix Super Markets
2026-05-01,Kirt Walker,Nationwide Mutual Insurance Company,10,14,1,25,4.0,,Kirt Walker Nationwide Mutual Insurance Company
2026-05-01,Patrick Zammit,TD Synnex,9,12,4,25,16.0,,Patrick Zammit TD Synnex
2026-05-01,Scott Kirby,United Airlines,16,6,3,25,12.0,,Scott Kirby United Airlines
2026-05-01,Ryan Lance,ConocoPhillips,9,12,4,25,16.0,,Ryan Lance ConocoPhillips
2026-05-01,Ernie Herrman,TJX,14,9,2,25,8.0,,Ernie Herrman TJX
2026-05-01,Bob Michael,AbbVie,5,15,5,25,20.0,,Bob Michael AbbVie
2026-05-01,AJ Jim Teague,Enterprise Products Partners,4,21,0,25,0.0,,AJ Jim Teague Enterprise Products Partners
2026-05-01,Christopher Winfrey,Charter Communications,6,15,4,25,16.0,,Christopher Winfrey Charter Communications
2026-05-01,George Holm,Performance Food,6,17,2,25,8.0,,George Holm Performance Food
2026-05-01,Robert Isom,American Airlines,12,10,3,25,12.0,,Robert Isom American Airlines
2026-05-01,Richard Fairbank,Capital One,6,16,3,25,12.0,,Richard Fairbank Capital One
2026-05-01,Chuck Robbins,Cisco Systems,13,10,2,25,8.0,,Chuck Robbins Cisco Systems
2026-05-01,Bruce Broussard,HP,2,22,1,25,4.0,,Bruce Broussard HP
2026-05-01,Donnie King,Tyson Foods,5,13,7,25,28.0,,Donnie King Tyson Foods
2026-05-01,Lip-Bu Tan,Intel,7,12,6,25,24.0,,Lip-Bu Tan Intel
2026-05-01,Clay Magouyrk,Oracle,6,16,3,25,12.0,,Clay Magouyrk Oracle
2026-05-01,Mike Sicilia,Oracle,2,14,9,25,36.0,,Mike Sicilia Oracle
2026-05-01,Hock Tan,Broadcom,2,16,7,25,28.0,,Hock Tan Broadcom
2026-05-01,John May,John Deere & Company,6,16,3,25,12.0,,John May John Deere & Company
2026-05-01,Elliott Hill,Nike,3,18,4,25,16.0,,Elliott Hill Nike
2026-05-01,Timothy M Sweeney,Liberty Mutual Insurance,24,1,0,25,0.0,,Timothy M Sweeney Liberty Mutual Insurance
2026-05-01,Willie Chiang,Plains GP,3,9,3,15,20.0,,Willie Chiang Plains GP
2026-05-01,Juan Andrade,USAA,8,11,6,25,24.0,,Juan Andrade USAA
2026-05-01,Chris Boerner,Bristol-Myers Squibb,10,12,3,25,12.0,,Chris Boerner Bristol-Myers Squibb
2026-05-01,Paul Bay,Ingram Micro,9,12,4,25,16.0,,Paul Bay Ingram Micro
2026-05-01,Phebe Novakovic,General Dynamics,19,5,1,25,4.0,,Phebe Novakovic General Dynamics
2026-05-01,James Quincey,The Coca-Cola Company,13,12,0,25,0.0,,James Quincey The Coca-Cola Company
2026-05-01,Thasunda Brown Duckett,TIAA,8,16,1,25,4.0,,Thasunda Brown Duckett TIAA
2026-05-01,Alan Schnitzer,The Travelers Indemnity Company,13,12,0,25,0.0,,Alan Schnitzer The Travelers Indemnity Company
2026-05-01,David Ricks,Eli Lilly,4,17,4,25,16.0,,David Ricks Eli Lilly
2026-05-01,Dara Khosrowshahi,Uber Technologies,6,16,3,25,12.0,,Dara Khosrowshahi Uber Technologies
2026-05-01,Roger Crandall,Mass Mutual,5,16,4,25,16.0,,Roger Crandall Mass Mutual
2026-05-01,Marc Casper,Thermo Fisher Scientific,8,16,1,25,4.0,,Marc Casper Thermo Fisher Scientific
2026-05-01,Gunjan Kedia,US Bancorp,8,17,0,25,0.0,,Gunjan Kedia US Bancorp
2026-05-01,Ira M Birns,World Kinect,5,8,0,13,0.0,,Ira M Birns World Kinect
2026-05-01,Robert Ford,Abbott Laboratories,10,10,5,25,20.0,,Robert Ford Abbott Laboratories
2026-05-01,Corie Barry,Best Buy,25,0,0,25,0.0,,Corie Barry Best Buy
2026-05-01,Tim Gerend,Northwestern Mutual,4,19,2,25,8.0,,Tim Gerend Northwestern Mutual
2026-05-01,Kathy Warden,Northrop Grumman,9,13,3,25,12.0,,Kathy Warden Northrop Grumman
2026-05-01,Joe Zubretsky,Molina Healthcare,6,14,5,25,20.0,,Joe Zubretsky Molina Healthcare
2026-05-01,Todd Vasos,Dollar General Corporation,9,15,1,25,4.0,,Todd Vasos Dollar General Corporation
2026-05-01,Robin Vince,Bank of New York Mellon,6,16,3,25,12.0,,Robin Vince Bank of New York Mellon
2026-05-01,David Zaslav,Warner Bros Discovery,5,5,15,25,60.0,,David Zaslav Warner Bros Discovery
2026-05-01,Jay Debertin,CHS,4,18,3,25,12.0,,Jay Debertin CHS
2026-05-01,Ted Sarandos,Netflix,2,13,10,25,40.0,,Ted Sarandos Netflix
2026-05-01,Cristiano Amon,Qualcomm,7,17,1,25,4.0,,Cristiano Amon Qualcomm
2026-05-01,Vimal Kapur,Honeywell,9,13,3,25,12.0,,Vimal Kapur Honeywell
2026-05-01,Marc Benioff,Salesforce,10,9,6,25,24.0,,Marc Benioff Salesforce
2026-05-01,Jacek Olczak,Philip Morris International,8,17,0,25,0.0,,Jacek Olczak Philip Morris International
2026-05-01,David Flitman,US Foods,4,17,4,25,16.0,,David Flitman US Foods
2026-05-01,Paul Romanowski,DR Horton Inc,5,18,2,25,8.0,,Paul Romanowski DR Horton Inc
2026-05-01,Bryan DeBoer,Lithia Motors,8,16,1,25,4.0,,Bryan DeBoer Lithia Motors
2026-05-01,Dirk Van de Put,Mondelez,3,14,8,25,32.0,,Dirk Van de Put Mondelez
2026-05-01,Brian Niccol,Starbucks,10,15,0,25,0.0,,Brian Niccol Starbucks
2026-05-01,Ryan McInerney,Visa Inc,9,16,0,25,0.0,,Ryan McInerney Visa Inc
2026-05-01,Robert Sulentic,CBRE Group,9,13,3,25,12.0,,Robert Sulentic CBRE Group
2026-05-01,Jonathan Jaffe,Lennar,0,11,1,12,8.3,,Jonathan Jaffe Lennar
2026-05-01,Scott Strazik,GE Vernova,4,18,3,25,12.0,,Scott Strazik GE Vernova
2026-05-01,William Demchak,PNC Financial Services,7,15,3,25,12.0,,William Demchak PNC Financial Services
2026-05-01,Jennifer Rumsey,Cummins Inc,9,14,2,25,8.0,,Jennifer Rumsey Cummins Inc
2026-05-01,Preston Feight,Paccar,7,15,3,25,12.0,,Preston Feight Paccar
2026-05-01,Robert Bradway,Amgen,4,18,3,25,12.0,,Robert Bradway Amgen
2026-05-01,Matthew Lucey,PBF Energy,14,7,0,21,0.0,,Matthew Lucey PBF Energy
2026-05-01,Brian D Pieninck,GuideWell Mutual,1,6,0,7,0.0,,Brian D Pieninck GuideWell Mutual
2026-05-01,Enrique Lores,PayPal,4,19,2,25,8.0,,Enrique Lores PayPal
2026-05-01,Sandy Douglas,United Natural Foods,19,6,0,25,0.0,,Sandy Douglas United Natural Foods
2026-05-01,Michael Creedon,Dollar Tree,8,17,0,25,0.0,,Michael Creedon Dollar Tree
2026-05-01,Leon Topalian,Nucor,8,16,1,25,4.0,,Leon Topalian Nucor
2026-05-01,Roger Penske,Penske Automotive,6,17,2,25,8.0,,Roger Penske Penske Automotive
2026-05-01,Bom Kim,Coupang,4,16,5,25,20.0,,Bom Kim Coupang
2026-05-01,Antonio Neri,Hewlett Packard Enterprise,11,11,3,25,12.0,,Antonio Neri Hewlett Packard Enterprise
2026-05-01,Harry Sideris,Duke Energy Corporation,17,3,5,25,20.0,,Harry Sideris Duke Energy Corporation
2026-05-01,Joseph Bae,KKR & Co,4,18,3,25,12.0,,Joseph Bae KKR & Co
2026-05-01,David Ellison,Paramount Global,3,17,5,25,20.0,,David Ellison Paramount Global
2026-05-01,Michael Dastoor,Jabil,7,13,5,25,20.0,,Michael Dastoor Jabil
2026-05-01,Daniel O'Day,Gilead Sciences,17,5,3,25,12.0,,Daniel O'Day Gilead Sciences
2026-05-01,Tim Go,HF Sinclair,3,6,16,25,64.0,,Tim Go HF Sinclair
2026-05-01,David McCreight,CarMax,3,15,7,25,28.0,,David McCreight CarMax
2026-05-01,Michael Miebach,Mastercard,4,19,2,25,8.0,,Michael Miebach Mastercard
2026-05-01,Lawrence Coben,NRG Energy,15,7,3,25,12.0,,Lawrence Coben NRG Energy
2026-05-01,William F Austen,Arrow Electronics,3,6,0,9,0.0,,William F Austen Arrow Electronics
2026-05-01,Lorenzo Simonelli,Baker Hughes,9,12,4,25,16.0,,Lorenzo Simonelli Baker Hughes
2026-05-01,Bob Jordan,Southwest Airlines,8,13,4,25,16.0,,Bob Jordan Southwest Airlines
2026-05-01,Eric Andersen,AIG,7,17,1,25,4.0,,Eric Andersen AIG
2026-05-01,Gary Dickerson,Applied Materials,5,9,11,25,44.0,,Gary Dickerson Applied Materials
2026-05-01,Vicki Hollub,Occidental Petroleum,4,16,5,25,20.0,,Vicki Hollub Occidental Petroleum
2026-05-01,Michael Manley,AutoNation,6,17,2,25,8.0,,Michael Manley AutoNation
2026-05-01,Christopher Womack,Southern Company,9,12,4,25,16.0,,Christopher Womack Southern Company
2026-05-01,Christopher Swift,The Hartford Insurance,10,13,2,25,8.0,,Christopher Swift The Hartford Insurance
2026-05-01,Marc Rowan,Apollo Global Management,3,14,8,25,32.0,,Marc Rowan Apollo Global Management
2026-05-01,Rick Wurster,Charles Schwab,6,14,5,25,20.0,,Rick Wurster Charles Schwab
2026-05-01,Chris Kempczinski,McDonalds,2,12,11,25,44.0,,Chris Kempczinski McDonalds
2026-05-01,Carlos Abrams-Rivera,Kraft Heinz,4,18,3,25,12.0,,Carlos Abrams-Rivera Kraft Heinz
2026-05-01,Lisa Su,Advanced Micro Devices,6,15,4,25,16.0,,Lisa Su Advanced Micro Devices
2026-05-01,William H Rogers Jr,Truist Financial,8,12,3,23,13.0,,William H Rogers Jr Truist Financial
2026-05-01,Kathleen Quirk,Freeport-McMoRan,7,15,3,25,12.0,,Kathleen Quirk Freeport-McMoRan
2026-05-01,Sanjay Mehrotra,Micron Technology,10,12,3,25,12.0,,Sanjay Mehrotra Micron Technology
2026-05-01,Anthony Capuano,Marriott International,12,13,0,25,0.0,,Anthony Capuano Marriott International
2026-05-01,David Gitlin,Carrier Global,6,14,5,25,20.0,,David Gitlin Carrier Global
2026-05-01,John Ketchum,NextEra Energy,16,8,1,25,4.0,,John Ketchum NextEra Energy
2026-05-01,William M Brown,3M Company,5,18,2,25,8.0,,William M Brown 3M Company
2026-05-01,John Doyle,Marsh,5,9,11,25,44.0,,John Doyle Marsh
2026-05-01,Patricia Poppe,Pacific Gas and Electric Company,6,9,10,25,40.0,,Patricia Poppe Pacific Gas and Electric Company
2026-05-01,Jim Vena,Union Pacific,8,15,2,25,8.0,,Jim Vena Union Pacific
2026-05-01,Brian Doubles,Synchrony Financial,7,14,4,25,16.0,,Brian Doubles Synchrony Financial
2026-05-01,Rainer Blair,Danaher,9,13,3,25,12.0,,Rainer Blair Danaher
2026-05-01,Philip Gallagher,Avnet,5,19,1,25,4.0,,Philip Gallagher Avnet
2026-05-01,Glenn Fogel,Booking Holdings,11,8,6,25,24.0,,Glenn Fogel Booking Holdings
2026-05-01,Ezra Yacob,EOG Resources,9,14,2,25,8.0,,Ezra Yacob EOG Resources
2026-05-01,Earl Austin,Quanta Services,8,11,2,21,9.5,,Earl Austin Quanta Services
2026-05-01,Michael Shepherd,Discover Financial,5,16,4,25,16.0,,Michael Shepherd Discover Financial
2026-05-01,Joseph Dominguez,Constellation Energy,17,7,1,25,4.0,,Joseph Dominguez Constellation Energy
2026-05-01,William Stengel II,Genuine Parts Company,4,20,1,25,4.0,,William Stengel II Genuine Parts Company
2026-05-01,Christian Ulbrich,Jones Lang LaSalle,10,14,1,25,4.0,,Christian Ulbrich Jones Lang LaSalle
2026-05-01,Raymond E Scott,Lear Corporation,3,12,2,17,11.8,,Raymond E Scott Lear Corporation
2026-05-01,Michael Rapino,Live Nation Entertainment,3,16,6,25,24.0,,Michael Rapino Live Nation Entertainment
2026-05-01,Heidi Petz,Sherwin-Williams,5,14,6,25,24.0,,Heidi Petz Sherwin-Williams
2026-05-01,Calvin G Butler Jr,Exelon,6,10,3,19,15.8,,Calvin G Butler Jr Exelon
2026-05-01,Tony Spring,Macys,10,12,3,25,12.0,,Tony Spring Macys
2026-05-01,Jeff Miller,Halliburton,7,12,6,25,24.0,,Jeff Miller Halliburton
2026-05-01,Kevin Lobo,Stryker,9,12,4,25,16.0,,Kevin Lobo Stryker
2026-05-01,Tony Cheng,Reinsurance Group of America,2,8,2,12,16.7,,Tony Cheng Reinsurance Group of America
2026-05-01,Ronald P O'Hanley,State Street,8,14,3,25,12.0,,Ronald P O'Hanley State Street
2026-05-01,John Engel,WESCO International,4,20,1,25,4.0,,John Engel WESCO International
2026-05-01,Pierce Norton II,Oneok,12,11,2,25,8.0,,Pierce Norton II Oneok
2026-05-01,Shantanu Narayen,Adobe,2,21,2,25,8.0,,Shantanu Narayen Adobe
2026-05-01,Bill Westrate,American Family Insurance,8,15,2,25,8.0,,Bill Westrate American Family Insurance
2026-05-01,Chris Kubasik,L3Harris Technologies,9,14,2,25,8.0,,Chris Kubasik L3Harris Technologies
2026-05-01,James Conroy,Ross Stores,3,20,2,25,8.0,,James Conroy Ross Stores
2026-05-01,Christine Leahy,CDW,4,20,1,25,4.0,,Christine Leahy CDW
2026-05-01,Saumya Sutaria,Tenet Healthcare,3,5,2,10,20.0,,Saumya Sutaria Tenet Healthcare
2026-05-01,Bob Eddy,BJ's Wholesale Club,6,19,0,25,0.0,,Bob Eddy BJ's Wholesale Club
2026-05-01,Mike Lyons,Fiserv,7,11,7,25,28.0,,Mike Lyons Fiserv
2026-05-01,William Gifford,Altria,6,19,0,25,0.0,,William Gifford Altria
2026-05-01,Larry Fink,BlackRock,9,11,5,25,20.0,,Larry Fink BlackRock
2026-05-01,Thomas Polen,Becton Dickinson,4,14,7,25,28.0,,Thomas Polen Becton Dickinson
2026-05-01,Noel Wallace,Colgate-Palmolive,8,16,1,25,4.0,,Noel Wallace Colgate-Palmolive
2026-05-01,Michael Hsu,Kimberly-Clark,9,13,3,25,12.0,,Michael Hsu Kimberly-Clark
2026-05-01,Daryl Kenningham,Group 1 Automotive,4,16,5,25,20.0,,Daryl Kenningham Group 1 Automotive
2026-05-01,Jennifer Parmentier,Parker-Hannifin,2,14,1,17,5.9,,Jennifer Parmentier Parker-Hannifin
2026-05-01,Jeffrey Harmening,General Mills,7,13,5,25,20.0,,Jeffrey Harmening General Mills
2026-05-01,Ravi Kumar S,Cognizant Technology Solutions,5,16,4,25,16.0,,Ravi Kumar S Cognizant Technology Solutions
2026-05-01,William Fehrman,American Electric Power,7,16,2,25,8.0,,William Fehrman American Electric Power
2026-05-01,Peter Arduini,GE HealthCare Technologies,5,16,4,25,16.0,,Peter Arduini GE HealthCare Technologies
2026-05-01,Maria Black,Automatic Data Processing,14,8,3,25,12.0,,Maria Black Automatic Data Processing
2026-05-01,Lourenco Goncalves,Cleveland-Cliffs,5,13,7,25,28.0,,Lourenco Goncalves Cleveland-Cliffs
2026-05-01,Dan Amos,Aflac,2,16,7,25,28.0,,Dan Amos Aflac
2026-05-01,Mark Stewart,Goodyear Tire & Rubber,5,19,1,25,4.0,,Mark Stewart Goodyear Tire & Rubber
2026-05-01,Kevin Hogan,Corebridge Financial,10,11,2,23,8.7,,Kevin Hogan Corebridge Financial
2026-05-01,Natascha Viljoen,Newmont,5,20,0,25,0.0,,Natascha Viljoen Newmont
2026-05-01,Andrew Silvernail,International Paper,7,15,3,25,12.0,,Andrew Silvernail International Paper
2026-05-01,Philip Daniele III,AutoZone,5,16,4,25,16.0,,Philip Daniele III AutoZone
2026-05-01,Ellen Cooper,Lincoln National,8,16,1,25,4.0,,Ellen Cooper Lincoln National
2026-05-01,Ryan Marshall,PulteGroup,7,13,5,25,20.0,,Ryan Marshall PulteGroup
2026-05-01,James Cracchiolo,Ameriprise Financial,2,19,4,25,16.0,,James Cracchiolo Ameriprise Financial
2026-05-01,Andrew Clyde,Murphy USA,7,17,1,25,4.0,,Andrew Clyde Murphy USA
2026-05-01,Jonas Prising,ManpowerGroup,5,15,5,25,20.0,,Jonas Prising ManpowerGroup
2026-05-01,David Bozeman,CH Robinson Worldwide,3,18,4,25,16.0,,David Bozeman CH Robinson Worldwide
2026-05-01,Timothy Knavish,PPG Industries,5,15,0,20,0.0,,Timothy Knavish PPG Industries
2026-05-01,Pedro Pizarro,Edison International,7,12,6,25,24.0,,Pedro Pizarro Edison International
2026-05-01,Mark Millett,Steel Dynamics,23,1,1,25,4.0,,Mark Millett Steel Dynamics
2026-05-01,Benjamin Tisch,Loews,3,16,6,25,24.0,,Benjamin Tisch Loews
2026-05-01,Karsanbhai,Emerson Electric,3,18,4,25,16.0,,Karsanbhai Emerson Electric
2026-05-01,John Zillmer,Aramark,5,19,1,25,4.0,,John Zillmer Aramark
2026-05-01,William Hornbuckle,MGM Resorts International,8,15,2,25,8.0,,William Hornbuckle MGM Resorts International
2026-05-01,James Burke,Vistra,9,7,0,16,0.0,,James Burke Vistra
2026-05-01,David Hult,Asbury Automotive Group,2,20,3,25,12.0,,David Hult Asbury Automotive Group
2026-05-01,DG Macpherson,WW Grainger,0,20,2,22,9.1,,DG Macpherson WW Grainger
2026-05-01,Eric Slifka,Global Partners,4,13,8,25,32.0,,Eric Slifka Global Partners
2026-05-01,Bob Pragada,Jacobs Solutions,7,14,4,25,16.0,,Bob Pragada Jacobs Solutions
2026-05-01,Charles Magro,Corteva,2,12,1,15,6.7,,Charles Magro Corteva
2026-05-01,Rick Lanoha,Kiewit Corporation,0,20,1,21,4.8,,Rick Lanoha Kiewit Corporation
2026-05-01,Michael Mahoney,Boston Scientific,3,17,5,25,20.0,,Michael Mahoney Boston Scientific
2026-05-01,Brad Beckham,O'Reilly Automotive,5,17,3,25,12.0,,Brad Beckham O'Reilly Automotive
2026-05-01,Thomas Bell,Leidos,8,16,1,25,4.0,,Thomas Bell Leidos
2026-05-01,Thomas Gayner,Markel Group,6,14,5,25,20.0,,Thomas Gayner Markel Group
2026-05-01,Marc Bitzer,Whirlpool Corporation,5,14,6,25,24.0,,Marc Bitzer Whirlpool Corporation
2026-05-01,Andrew McMahon,Guardian Life insurance,5,20,0,25,0.0,,Andrew McMahon Guardian Life insurance
2026-05-01,Peter Jackson,Builders FirstSource,5,19,1,25,4.0,,Peter Jackson Builders FirstSource
2026-05-01,Michael Rhodes,Ally Financial,4,19,2,25,8.0,,Michael Rhodes Ally Financial
2026-05-01,Matthew Meloy,Targa Resources,6,8,1,15,6.7,,Matthew Meloy Targa Resources
2026-05-01,James Breuer,Fluor,1,6,0,7,0.0,,James Breuer Fluor
2026-05-01,Sasan Goodarzi,Intuit,7,15,3,25,12.0,,Sasan Goodarzi Intuit
2026-05-01,Troy Rudd,AECOM,5,15,5,25,20.0,,Troy Rudd AECOM
2026-05-01,Penny Pennington,Edward Jones,11,11,3,25,12.0,,Penny Pennington Edward Jones
2026-05-01,Michael Bender,Kohl's,1,23,1,25,4.0,,Michael Bender Kohl's
2026-05-01,Beth Ford,Land O'Lakes,7,13,5,25,20.0,,Beth Ford Land O'Lakes
2026-05-01,Deanna Strable-Soethout,PrIncipal Financial,4,6,0,10,0.0,,Deanna Strable-Soethout PrIncipal Financial
2026-05-01,Robert Blue,Dominion Energy,12,11,2,25,8.0,,Robert Blue Dominion Energy
2026-05-01,Martin Schroeter,Kyndryl,5,15,5,25,20.0,,Martin Schroeter Kyndryl
2026-05-01,Jon Vander Ark,Republic Services,6,8,11,25,44.0,,Jon Vander Ark Republic Services
2026-05-01,Clay Gaspar,Devon Energy,19,5,1,25,4.0,,Clay Gaspar Devon Energy
2026-05-01,Christopher O'Herlihy,Illinois Tool Works,3,20,2,25,8.0,,Christopher O'Herlihy Illinois Tool Works
2026-05-01,Michael O'Grady,Northern Trust,20,5,0,25,0.0,,Michael O'Grady Northern Trust
2026-05-01,Jamie Whisnant,Auto-Owners Insurance,1,2,0,3,0.0,,Jamie Whisnant Auto-Owners Insurance
2026-05-01,Marc Miller,Universal Health Services,3,21,1,25,4.0,,Marc Miller Universal Health Services
2026-05-01,Darryl Button,Pacific Life,3,20,2,25,8.0,,Darryl Button Pacific Life
2026-05-01,Hamid Akhavan,EchoStar,10,8,7,25,28.0,,Hamid Akhavan EchoStar
2026-05-01,Christophe Beck,Ecolab,9,13,3,25,12.0,,Christophe Beck Ecolab
2026-05-01,Jack Fusco,Cheniere Energy,12,11,2,25,8.0,,Jack Fusco Cheniere Energy
2026-05-01,John Wren,Omnicom Group,7,15,3,25,12.0,,John Wren Omnicom Group
2026-05-01,Haviv Ilan,Texas Instruments,7,14,4,25,16.0,,Haviv Ilan Texas Instruments
2026-05-01,David Burritt,United States Steel,9,15,1,25,4.0,,David Burritt United States Steel
2026-05-01,Stéphane de La Faverie,The Estee Lauder Companies,8,16,1,25,4.0,,Stéphane de La Faverie The Estee Lauder Companies
2026-05-01,Raul Nicholas Vargas Ochoa,Farmers Insurance Group,0,0,0,0,0.0,,Raul Nicholas Vargas Ochoa Farmers Insurance Group
2026-05-01,Kirk Perry,Kenvue,3,19,3,25,12.0,,Kirk Perry Kenvue
2026-05-01,Ari Bousbib,IQVIA,3,19,3,25,12.0,,Ari Bousbib IQVIA
2026-05-01,Donald Allan,Stanley Black & Decker,5,17,3,25,12.0,,Donald Allan Stanley Black & Decker
2026-05-01,Timothy Cofer,Keurig Dr Pepper,5,9,0,14,0.0,,Timothy Cofer Keurig Dr Pepper
2026-05-01,Matthew Flannery,United Rentals,25,0,0,25,0.0,,Matthew Flannery United Rentals
2026-05-01,Timothy Cawley,Consolidated Edison,5,9,6,20,30.0,,Timothy Cawley Consolidated Edison
2026-05-01,Adam Norwitt,Amphenol,5,20,0,25,0.0,,Adam Norwitt Amphenol
2026-05-01,Brent Shafer,Baxter International,1,11,2,14,14.3,,Brent Shafer Baxter International
2026-05-01,Kimberly Dang,Kinder Morgan,15,1,0,16,0.0,,Kimberly Dang Kinder Morgan
2026-05-01,Erik Nordstrom,Nordstrom,4,19,2,25,8.0,,Erik Nordstrom Nordstrom
2026-05-01,Frank Holding,First Citizens BancShares,10,14,1,25,4.0,,Frank Holding First Citizens BancShares
2026-05-01,Paul Shoukry,Raymond James Financial,11,12,2,25,8.0,,Paul Shoukry Raymond James Financial
2026-05-01,Timothy Archer,Lam Research,5,18,2,25,8.0,,Timothy Archer Lam Research
2026-05-01,Harry Lawton III,Tractor Supply Company,2,9,3,14,21.4,,Harry Lawton III Tractor Supply Company
2026-05-01,Darren Rebelez,Caseys General Stores,8,17,0,25,0.0,,Darren Rebelez Caseys General Stores
2026-05-01,Scott Smith,Viatris,7,16,2,25,8.0,,Scott Smith Viatris
2026-05-01,James Blackledge,Mutual of Omaha,0,24,1,25,4.0,,James Blackledge Mutual of Omaha
2026-05-01,Anthony Guzzi,EMCOR Group,1,12,4,17,23.5,,Anthony Guzzi EMCOR Group
2026-05-01,Joseph Hinrichs,CSX,2,18,5,25,20.0,,Joseph Hinrichs CSX
2026-05-01,Justin Jude,LKQ,5,10,3,18,16.7,,Justin Jude LKQ
2026-05-01,Judith Marks,Otis Worldwide,7,16,2,25,8.0,,Judith Marks Otis Worldwide
2026-05-01,David Bruton Smith,Sonic Automotive,2,11,12,25,48.0,,David Bruton Smith Sonic Automotive
2026-05-01,Martina Cheung,S&P Global,5,19,1,25,4.0,,Martina Cheung S&P Global
2026-05-01,Leonard Schleifer,Regeneron Pharmaceuticals,7,16,2,25,8.0,,Leonard Schleifer Regeneron Pharmaceuticals
2026-05-01,Joseph Fadool,BorgWarner,3,15,0,18,0.0,,Joseph Fadool BorgWarner
2026-05-01,Karla Lewis,Reliance Inc,4,10,1,15,6.7,,Karla Lewis Reliance Inc
2026-05-01,John Barrett,Western & Southern Financial,6,18,1,25,4.0,,John Barrett Western & Southern Financial
2026-05-01,Scott Donnelly,Textron,5,19,1,25,4.0,,Scott Donnelly Textron
2026-05-01,Ariane Gorin,Expedia,8,15,2,25,8.0,,Ariane Gorin Expedia
2026-05-01,Michael Nolan,Fidelity National Financial,2,19,4,25,16.0,,Michael Nolan Fidelity National Financial
2026-05-01,Ernest Garcia III,Carvana,13,11,1,25,4.0,,Ernest Garcia III Carvana
2026-05-01,Raul Fernandez,DXC Technology,6,18,1,25,4.0,,Raul Fernandez DXC Technology
2026-05-01,Robert Berkley,WR Berkley,6,15,4,25,16.0,,Robert Berkley WR Berkley
2026-05-01,René Jones,M&T Bank,10,11,4,25,16.0,,René Jones M&T Bank
2026-05-01,Lauren Hobart,Dicks Sporting Goods,7,13,5,25,20.0,,Lauren Hobart Dicks Sporting Goods
2026-05-01,Robert Frenzel,Xcel Energy,11,8,6,25,24.0,,Robert Frenzel Xcel Energy
2026-05-01,Timothy Spence,Fifth Third Bancorp,6,14,5,25,20.0,,Timothy Spence Fifth Third Bancorp
2026-05-01,Stephen Schwarzman,Blackstone,5,17,3,25,12.0,,Stephen Schwarzman Blackstone
2026-05-01,Walker Martin,Sempra,0,3,1,4,25.0,,Walker Martin Sempra
2026-05-01,Timothy NeCastro,Erie Insurance,5,17,1,23,4.3,,Timothy NeCastro Erie Insurance
2026-05-01,Wendell Weeks,Corning,10,9,6,25,24.0,,Wendell Weeks Corning
2026-05-01,Kathleen Johnson,Lumen Technologies,15,9,1,25,4.0,,Kathleen Johnson Lumen Technologies
2026-05-01,Brian Tierney,FirstEnergy Corp,8,16,1,25,4.0,,Brian Tierney FirstEnergy Corp
2026-05-01,Adam Schechter,Labcorp Holdings,13,11,1,25,4.0,,Adam Schechter Labcorp Holdings
2026-05-01,Tiang Yew Tan,Western Digital,2,5,5,12,41.7,,Tiang Yew Tan Western Digital
2026-05-01,Rick McKenney,Unum Group,12,12,1,25,4.0,,Rick McKenney Unum Group
2026-05-01,Javier Rodriguez,DaVita,13,10,2,25,8.0,,Javier Rodriguez DaVita
2026-05-01,Steven Cahillane,Kellanova,0,24,1,25,4.0,,Steven Cahillane Kellanova
2026-05-01,Stanley Bergman,Henry Schein,0,21,4,25,16.0,,Stanley Bergman Henry Schein
2026-05-01,Robert Sanchez,Ryder System,3,19,3,25,12.0,,Robert Sanchez Ryder System
2026-05-01,Tim Hingtgen,Community Health Systems,4,19,2,25,8.0,,Tim Hingtgen Community Health Systems
2026-05-01,Avigal Soreq,Delek US,6,14,5,25,20.0,,Avigal Soreq Delek US
2026-05-01,Gerardo Norcia,DTE Energy,7,3,1,11,9.1,,Gerardo Norcia DTE Energy
2026-05-01,Mark Pearson,Equitable Holdings,12,11,2,25,8.0,,Mark Pearson Equitable Holdings
2026-05-01,Lori Koch,DuPont de Nemours,4,14,1,19,5.3,,Lori Koch DuPont de Nemours
2026-05-01,Rich Steinmeier,LPL Financial,11,12,2,25,8.0,,Rich Steinmeier LPL Financial
2026-05-01,Bruce Van Saun,Citizens Financial Group,10,13,2,25,8.0,,Bruce Van Saun Citizens Financial Group
2026-05-01,José Mas,MasTec,4,21,0,25,0.0,,José Mas MasTec
2026-05-01,Andrés Gluski,AES,10,13,2,25,8.0,,Andrés Gluski AES
2026-05-01,Kevin Kwilinski,Berry Global,3,17,0,20,0.0,,Kevin Kwilinski Berry Global
2026-05-01,Mark George,Norfolk Southern,4,20,1,25,4.0,,Mark George Norfolk Southern
2026-05-01,Eduardo Menezes,Air Products & Chemicals,6,14,5,25,20.0,,Eduardo Menezes Air Products & Chemicals
2026-05-01,Shelley Simpson,JB Hunt Transport Services,5,19,1,25,4.0,,Shelley Simpson JB Hunt Transport Services
2026-05-01,Ronald J Lewis,Ball Corporation,1,21,3,25,12.0,,Ronald J Lewis Ball Corporation
2026-05-01,Sean Connolly,Conagra Brands,2,22,1,25,4.0,,Sean Connolly Conagra Brands
2026-05-01,Stephen Steinour,Huntington Bancshares,8,11,6,25,24.0,,Stephen Steinour Huntington Bancshares
2026-05-01,James Snee,Hormel Foods,0,24,1,25,4.0,,James Snee Hormel Foods
2026-05-01,Joseph Nolan,Eversource Energy,8,13,4,25,16.0,,Joseph Nolan Eversource Energy
2026-05-01,William Oplinger,Alcoa Corporation,7,14,4,25,16.0,,William Oplinger Alcoa Corporation
2026-05-01,Drew Marsh,Entergy,11,13,1,25,4.0,,Drew Marsh Entergy
2026-05-01,Keith Demmings,Assurant,6,11,0,17,0.0,,Keith Demmings Assurant
2026-05-01,Sumit Singh,Chewy,10,13,2,25,8.0,,Sumit Singh Chewy
2026-05-01,Niraj Shah,Wayfair,8,14,3,25,12.0,,Niraj Shah Wayfair
2026-05-01,Brian Choi,Avis Budget,5,14,6,25,24.0,,Brian Choi Avis Budget
2026-05-01,Jeffrey Sprecher,Intercontinental Exchange,9,15,1,25,4.0,,Jeffrey Sprecher Intercontinental Exchange
2026-05-01,Benito Minicucci,Alaska Airlines,2,8,1,11,9.1,,Benito Minicucci Alaska Airlines
2026-05-01,Patrick Kelleher,GXO Logistics,7,17,1,25,4.0,,Patrick Kelleher GXO Logistics
2026-05-01,Eric Hansotia,AGCO,12,10,3,25,12.0,,Eric Hansotia AGCO
2026-05-01,Kathleen Mazzarella,Graybar Electric,9,16,0,25,0.0,,Kathleen Mazzarella Graybar Electric
2026-05-01,Rahul Goyal,Molson Coors Beverage,5,19,1,25,4.0,,Rahul Goyal Molson Coors Beverage
2026-05-01,Patrick Gallagher,Arthur J Gallagher & Co,12,13,0,25,0.0,,Patrick Gallagher Arthur J Gallagher & Co
2026-05-01,Christopher Kastner,Huntington Ingalls Industries,6,16,3,25,12.0,,Christopher Kastner Huntington Ingalls Industries
2026-05-01,Erik Fyrwald,International Flavors & Fragrances,8,13,4,25,16.0,,Erik Fyrwald International Flavors & Fragrances
2026-05-01,Ricardo Cardenas,Darden Restaurants,9,16,0,25,0.0,,Ricardo Cardenas Darden Restaurants
2026-05-01,Stephen Spray,CIncinnati Financial,5,14,6,25,24.0,,Stephen Spray CIncinnati Financial
2026-05-01,Scott Boatwright,Chipotle Mexican Grill,11,11,3,25,12.0,,Scott Boatwright Chipotle Mexican Grill
2026-05-01,Joey Wat,Yum China,5,14,6,25,24.0,,Joey Wat Yum China
2026-05-01,Patrick Dumont,Las Vegas Sands,1,23,1,25,4.0,,Patrick Dumont Las Vegas Sands
2026-05-01,Kecia Steelman,Ulta Beauty,20,5,0,25,0.0,,Kecia Steelman Ulta Beauty
2026-05-01,Thomas Reeg,Caesars Entertainment,8,14,3,25,12.0,,Thomas Reeg Caesars Entertainment
2026-05-01,Jon Rousseau,BrightSpring Health Services,8,17,0,25,0.0,,Jon Rousseau BrightSpring Health Services
2026-05-01,William Krueger,The Andersons Inc,4,10,0,14,0.0,,William Krueger The Andersons Inc
2026-05-01,Kirk Tanner,The Hershey Company,6,16,3,25,12.0,,Kirk Tanner The Hershey Company
2026-05-01,Christopher Nassetta,Hilton Worldwide,8,13,4,25,16.0,,Christopher Nassetta Hilton Worldwide
2026-05-01,Mark Wang,Hilton Grand Vacations,23,2,0,25,0.0,,Mark Wang Hilton Grand Vacations
2026-05-01,Bruce Bodine,The Mosaic Company,8,12,5,25,20.0,,Bruce Bodine The Mosaic Company
2026-05-01,Brian Chesky,Airbnb,6,12,7,25,28.0,,Brian Chesky Airbnb
2026-05-01,Kaes Van’t Hof,Diamondback Energy,12,7,6,25,24.0,,Kaes Van’t Hof Diamondback Energy
2026-05-01,Steven Vondran,American Tower,6,14,5,25,20.0,,Steven Vondran American Tower
2026-05-01,Reshma Kewalramani,Vertex Pharmaceuticals,9,13,3,25,12.0,,Reshma Kewalramani Vertex Pharmaceuticals
2026-05-01,William McDermott,ServiceNow,9,10,6,25,24.0,,William McDermott ServiceNow
2026-05-01,Brian Chambers,Owens Corning,3,20,2,25,8.0,,Brian Chambers Owens Corning
2026-05-01,Teresa Rasmussen,Thrivent Financial for Lutherans,2,8,0,10,0.0,,Teresa Rasmussen Thrivent Financial for Lutherans
2026-05-01,Shane O'Kelly,Advance Auto Parts,7,16,2,25,8.0,,Shane O'Kelly Advance Auto Parts
2026-05-01,Douglas Yearley,Toll Brothers,4,17,4,25,16.0,,Douglas Yearley Toll Brothers
2026-05-01,Jeffrey Lorberbaum,Mohawk Industries,14,11,0,25,0.0,,Jeffrey Lorberbaum Mohawk Industries
2026-05-01,Gregory Brown,Motorola Solutions,8,15,2,25,8.0,,Gregory Brown Motorola Solutions
2026-05-01,John Pfeifer,Oshkosh Corporation,4,21,0,25,0.0,,John Pfeifer Oshkosh Corporation
2026-05-01,Tony Xu,DoorDash,8,11,6,25,24.0,,Tony Xu DoorDash
2026-05-01,Edward Pesicka,Owens & Minor,7,15,3,25,12.0,,Edward Pesicka Owens & Minor
2026-05-01,Eugene Bredow,NVR Inc,0,9,1,10,10.0,,Eugene Bredow NVR Inc
2026-05-01,Philippe Krakowsky,Interpublic Group,4,19,2,25,8.0,,Philippe Krakowsky Interpublic Group
2026-05-01,Horacio Rozanski,Booz Allen Hamilton,10,11,4,25,16.0,,Horacio Rozanski Booz Allen Hamilton
2026-05-01,Michael O’Sullivan,Burlington Stores,12,13,0,25,0.0,,Michael O’Sullivan Burlington Stores
2026-05-01,Daniel Wall,Expeditors International of Washington,3,6,0,9,0.0,,Daniel Wall Expeditors International of Washington
2026-05-01,Calvin McDonald,Lululemon athletica,7,36,3,46,6.5,,Calvin McDonald Lululemon athletica
2026-05-01,Stephanie Ferris,Fidelity National Information Services,9,14,2,25,8.0,,Stephanie Ferris Fidelity National Information Services
2026-05-01,Rich Handler,Jefferies Financial,9,6,10,25,40.0,,Rich Handler Jefferies Financial
2026-05-01,Chad Zamarin,Williams Companies,12,11,2,25,8.0,,Chad Zamarin Williams Companies
2026-05-01,Bracken Darrell,VF Corporation,6,17,2,25,8.0,,Bracken Darrell VF Corporation
2026-05-01,Mikael Bratt,Autoliv,5,15,5,25,20.0,,Mikael Bratt Autoliv
2026-05-01,Rafael Santana,Westinghouse Air Brake Technologies,9,14,2,25,8.0,,Rafael Santana Westinghouse Air Brake Technologies
2026-05-01,Ralph LaRossa,Public Service Enterprise Group,8,12,5,25,20.0,,Ralph LaRossa Public Service Enterprise Group
2026-05-01,Jamie Iannone,Ebay,10,15,0,25,0.0,,Jamie Iannone Ebay
2026-05-01,Scott Richardson,Celanese,6,16,3,25,12.0,,Scott Richardson Celanese
2026-05-01,Cameron Bready,Global Payments,3,19,3,25,12.0,,Cameron Bready Global Payments
2026-05-01,Robert Thomson,News Corp,2,17,6,25,24.0,,Robert Thomson News Corp
2026-05-01,Robert Martin,THOR Industries,7,15,3,25,12.0,,Robert Martin THOR Industries
2026-05-01,David Rawlinson II,QVC Group,6,14,5,25,20.0,,David Rawlinson II QVC Group
2026-05-01,Andrew Teno,Icahn Enterprises,5,6,1,12,8.3,,Andrew Teno Icahn Enterprises
2026-05-01,William Newlands,Constellation Brands,4,17,3,24,12.5,,William Newlands Constellation Brands
2026-05-01,James Davis,Quest Diagnostics,10,13,2,25,8.0,,James Davis Quest Diagnostics
2026-05-01,Richard Wallace,KLA,4,7,1,12,8.3,,Richard Wallace KLA
2026-05-01,Brad Jacobs,QXO Building Products,2,20,3,25,12.0,,Brad Jacobs QXO Building Products
2026-05-01,John Christmann IV,APA,2,9,0,11,0.0,,John Christmann IV APA
2026-05-01,Gregory Roberts,A-Mark Precious Metals,17,7,1,25,4.0,,Gregory Roberts A-Mark Precious Metals
2026-05-01,Christopher Viehbacher,Biogen,7,16,2,25,8.0,,Christopher Viehbacher Biogen
2026-05-01,Mick Beekhuizen,The Campbells Company,3,19,3,25,12.0,,Mick Beekhuizen The Campbells Company
2026-05-01,Christopher Caldwell,Concentrix,11,11,3,25,12.0,,Christopher Caldwell Concentrix
2026-05-01,Todd Schneider,Cintas,8,14,3,25,12.0,,Todd Schneider Cintas
2026-05-01,Tony Sarsam,SpartanNash,9,16,0,25,0.0,,Tony Sarsam SpartanNash
2026-05-01,John Venhuizen,Ace Hardware,6,17,2,25,8.0,,John Venhuizen Ace Hardware
2026-05-01,Vincent Roche,Analog Devices,15,9,1,25,4.0,,Vincent Roche Analog Devices
2026-05-01,Mark Costa,Eastman Chemical,3,10,12,25,48.0,,Mark Costa Eastman Chemical
2026-05-01,Milan Galik,Interactive Brokers,3,19,3,25,12.0,,Milan Galik Interactive Brokers
2026-05-01,John Turner,Regions Financial,6,17,2,25,8.0,,John Turner Regions Financial
2026-05-01,Joanna Geraghty,JetBlue Airways,5,10,10,25,40.0,,Joanna Geraghty JetBlue Airways
2026-05-01,Kristin Peck,Zoetis,8,13,4,25,16.0,,Kristin Peck Zoetis
2026-05-01,Christopher Gorman,KeyCorp,6,15,4,25,16.0,,Christopher Gorman KeyCorp
2026-05-01,Mark Bertolini,Oscar Health,14,9,2,25,8.0,,Mark Bertolini Oscar Health
2026-05-01,Brendan McCracken,Ovintiv,9,14,1,24,4.2,,Brendan McCracken Ovintiv
2026-05-01,Robert Steer,Seaboard,0,9,0,9,0.0,,Robert Steer Seaboard
2026-05-01,Gil West,Hertz,7,12,6,25,24.0,,Gil West Hertz
2026-05-01,Robert Greenberg,Skechers USA,3,19,3,25,12.0,,Robert Greenberg Skechers USA
2026-05-01,Dennis Mathew,Optimum Communications Inc,7,16,2,25,8.0,,Dennis Mathew Optimum Communications Inc
2026-05-01,Clay Williams,NOV,10,10,5,25,20.0,,Clay Williams NOV
2026-05-01,Michael Doss,Graphic Packaging,5,16,4,25,16.0,,Michael Doss Graphic Packaging
2026-05-01,Deon Stander,Avery Dennison,2,11,0,13,0.0,,Deon Stander Avery Dennison
2026-05-01,Adaire Fox-Martin,Equinix,8,15,2,25,8.0,,Adaire Fox-Martin Equinix
2026-05-01,Joyce Mullen,Insight Enterprises,5,17,3,25,12.0,,Joyce Mullen Insight Enterprises
2026-05-01,Jennifer Witz,Sirius XM,7,18,0,25,0.0,,Jennifer Witz Sirius XM
2026-05-01,Stefan Larsson,PVH,6,12,7,25,28.0,,Stefan Larsson PVH
2026-05-01,Jason P Wells,CenterPoint Energy,14,7,2,23,8.7,,Jason P Wells CenterPoint Energy
2026-05-01,Scott Lauber,WEC Energy,14,11,0,25,0.0,,Scott Lauber WEC Energy
2026-05-01,Matthew Pine,Xylem Inc,6,17,2,25,8.0,,Matthew Pine Xylem Inc
2026-05-01,Jennifer Johnson,Franklin Resources,7,15,3,25,12.0,,Jennifer Johnson Franklin Resources
2026-05-01,Vincent Sorgi,PPL Corporation,11,13,1,25,4.0,,Vincent Sorgi PPL Corporation
2026-05-01,Carl Eschenbach,Workday,6,14,5,25,20.0,,Carl Eschenbach Workday
2026-05-01,Richard Tobin,Dover Corporation,8,15,2,25,8.0,,Richard Tobin Dover Corporation
2026-05-01,Mark Kowlzan,Packaging Corp of America,6,13,6,25,24.0,,Mark Kowlzan Packaging Corp of America
2026-05-01,Scott Salmirs,ABM Industries,8,11,6,25,24.0,,Scott Salmirs ABM Industries
2026-05-01,Dave Rosa,Intuitive Surgical,6,17,2,25,8.0,,Dave Rosa Intuitive Surgical
2026-05-01,Carl Lindner lll,American Financial Group,5,6,14,25,56.0,,Carl Lindner lll American Financial Group
2026-05-01,Blake Moret,Rockwell Automation,10,14,1,25,4.0,,Blake Moret Rockwell Automation
2026-05-01,Bryan Hanson,Solventum,6,18,1,25,4.0,,Bryan Hanson Solventum
2026-05-01,Craig Smiddy,Old Republic International,0,13,2,15,13.3,,Craig Smiddy Old Republic International
2026-05-01,Christopher Hilger,Securian Financial,5,12,0,17,0.0,,Christopher Hilger Securian Financial
2026-05-01,Hamid Moghadam,Prologis,1,19,5,25,20.0,,Hamid Moghadam Prologis
2026-05-01,Mark Smucker,JM Smucker,5,19,1,25,4.0,,Mark Smucker JM Smucker
2026-05-01,Sheryl Palmer,Taylor Morrison Home,5,20,0,25,0.0,,Sheryl Palmer Taylor Morrison Home
2026-05-01,Mario Harik,XPO,7,15,3,25,12.0,,Mario Harik XPO
2026-05-01,Heather Lavallee,Voya Financial,5,15,1,21,4.8,,Heather Lavallee Voya Financial
2026-05-01,Nikesh Arora,Palo Alto Networks,11,11,3,25,12.0,,Nikesh Arora Palo Alto Networks
2026-05-01,Giordano Albertazzi,Vertiv,9,13,3,25,12.0,,Giordano Albertazzi Vertiv
2026-05-01,Shankh Mitra,Welltower,9,13,3,25,12.0,,Shankh Mitra Welltower
2026-05-01,Ann Freeman,Foot Locker Inc,1,21,3,25,12.0,,Ann Freeman Foot Locker Inc
2026-05-01,William Monteleone,Par Pacific,3,7,0,10,0.0,,William Monteleone Par Pacific
2026-05-01,Kevin Stein,TransDigm,10,11,4,25,16.0,,Kevin Stein TransDigm
2026-05-01,Peter Matt,Commercial Metals,8,14,3,25,12.0,,Peter Matt Commercial Metals
2026-05-01,Rob Vitale,Post Holdings,2,15,8,25,32.0,,Rob Vitale Post Holdings
2026-05-01,Keith Allman,Masco,4,16,0,20,0.0,,Keith Allman Masco
2026-05-01,Rusty Rush,Rush Enterprises,7,16,2,25,8.0,,Rusty Rush Rush Enterprises
2026-05-01,Stuart Bradie,KBR,8,15,2,25,8.0,,Stuart Bradie KBR
2026-05-01,Jack Sinclair,Sprouts Farmers Market,7,16,2,25,8.0,,Jack Sinclair Sprouts Farmers Market
2026-05-01,Laura Alber,Williams-Sonoma,6,18,1,25,4.0,,Laura Alber Williams-Sonoma
2026-05-01,Ivan Tornos,Zimmer Biomet,5,17,3,25,12.0,,Ivan Tornos Zimmer Biomet
2026-05-01,John Mengucci,CACI International,10,12,3,25,12.0,,John Mengucci CACI International
2026-05-01,Steve Sanghi,Microchip Technology,8,16,1,25,4.0,,Steve Sanghi Microchip Technology
2026-05-01,Albert Nahmad,Watsco,5,17,3,25,12.0,,Albert Nahmad Watsco
2026-05-01,Christopher Peterson,Newell Brands,6,15,4,25,16.0,,Christopher Peterson Newell Brands
2026-05-01,Arie Kotler,ARKO,6,17,2,25,8.0,,Arie Kotler ARKO
2026-05-01,Jure Sola,Sanmina,2,23,0,25,0.0,,Jure Sola Sanmina
2026-05-01,Andrew Wilson,Electronic Arts,10,15,0,25,0.0,,Andrew Wilson Electronic Arts
2026-05-01,David Gibbs,Yum Brands,3,19,3,25,12.0,,David Gibbs Yum Brands
2026-05-01,Daniel Florness,Fastenal,1,18,5,24,20.8,,Daniel Florness Fastenal
2026-05-01,Garrick Rochow,CMS Energy,21,3,1,25,4.0,,Garrick Rochow CMS Energy
2026-05-01,Hilton Schlosberg,Monster Beverage,12,13,0,25,0.0,,Hilton Schlosberg Monster Beverage
2026-05-01,Toni Townes-Whitley,Science Applications International,5,17,3,25,12.0,,Toni Townes-Whitley Science Applications International
2026-05-01,Mark Witkowski,Core & Main,1,21,3,25,12.0,,Mark Witkowski Core & Main
2026-05-01,John Plant,Howmet Aerospace,3,20,2,25,8.0,,John Plant Howmet Aerospace
2026-05-01,James Zallie,Ingredion,10,13,2,25,8.0,,James Zallie Ingredion
2026-05-01,Thomas Hill,Vulcan Materials,10,12,3,25,12.0,,Thomas Hill Vulcan Materials
2026-05-01,Donald Zurbay,Patterson Companies Inc,1,7,2,10,20.0,,Donald Zurbay Patterson Companies Inc
2026-05-01,Anthony Smurfit,Smurfit Westrock,7,13,5,25,20.0,,Anthony Smurfit Smurfit Westrock
2026-05-01,Richard P Dealy,Pioneer Natural Resources,6,4,0,10,0.0,,Richard P Dealy Pioneer Natural Resources
2026-05-01,Derek Chang,Liberty Media,23,2,0,25,0.0,,Derek Chang Liberty Media
2026-05-01,Timothy J Donahue,Crown Holdings,10,13,2,25,8.0,,Timothy J Donahue Crown Holdings
2026-05-01,R Bruce McDonald,Dana Incorporated,9,15,1,25,4.0,,R Bruce McDonald Dana Incorporated
2026-05-01,J Kent Masters,Albemarle Corporation,5,15,5,25,20.0,,J Kent Masters Albemarle Corporation
2026-05-01,Malcolm C Roberts,FM Global,1,11,4,16,25.0,,Malcolm C Roberts FM Global
2026-05-01,Mike Speetzen,Polaris Inc,3,17,5,25,20.0,,Mike Speetzen Polaris Inc
2026-05-01,Bob Flexon,UGI Utilities Inc,2,7,1,10,10.0,,Bob Flexon UGI Utilities Inc
2026-05-01,Robert D Lawler,Continental Resources,3,4,0,7,0.0,,Robert D Lawler Continental Resources
2026-05-01,Domenic Dell’Osso Jr,Expand Energy Corporation,25,0,0,25,0.0,,Domenic Dell’Osso Jr Expand Energy Corporation
2026-05-01,H Michael Krimbill,NGL Energy Partners,6,4,0,10,0.0,,H Michael Krimbill NGL Energy Partners
2026-05-01,Hassane El-Khoury,ON Semiconductor,11,10,4,25,16.0,,Hassane El-Khoury ON Semiconductor
2026-05-01,Joseph M Otting,Flagstar Financial,6,15,4,25,16.0,,Joseph M Otting Flagstar Financial
2026-05-01,Gerry P Smith,ODP Business Solutions,1,8,2,11,18.2,,Gerry P Smith ODP Business Solutions
2026-05-01,Devin Stockfish,Weyerhaeuser,7,18,0,25,0.0,,Devin Stockfish Weyerhaeuser
2026-05-01,Thomas J McInerney,Genworth Financial,3,9,1,13,7.7,,Thomas J McInerney Genworth Financial
2026-05-01,Daniel Heaf,Bath & Body Works,7,16,2,25,8.0,,Daniel Heaf Bath & Body Works
2026-05-01,Linda Rendle,Clorox,4,19,2,25,8.0,,Linda Rendle Clorox
2026-05-01,Frank C Sullivan,RPM International,8,15,2,25,8.0,,Frank C Sullivan RPM International
2026-05-01,Matthew Missad,UFP Industries,7,9,1,17,5.9,,Matthew Missad UFP Industries
2026-05-01,Martin J Lyons,Ameren,4,13,2,19,10.5,,Martin J Lyons Ameren
2026-05-01,Adam W Miller,Knight Swift Transportation,7,11,4,22,18.2,,Adam W Miller Knight Swift Transportation
2026-05-01,Charles Liang,Super Micro Computer,10,10,5,25,20.0,,Charles Liang Super Micro Computer
2026-05-01,Gordon J Hardie,O-I Glass,0,4,3,7,42.9,,Gordon J Hardie O-I Glass
2026-05-01,Steve Henry,Domtar,1,8,3,12,25.0,,Steve Henry Domtar
2026-05-01,Chuck Treadway,CommScope,5,16,2,23,8.7,,Chuck Treadway CommScope
2026-05-01,Steven J Moskowitz,Crown Castle,4,9,3,16,18.8,,Steven J Moskowitz Crown Castle
2026-05-01,Emmanuel Ligner,Avantor,4,17,4,25,16.0,,Emmanuel Ligner Avantor
2026-05-01,Kaz Nejatian,Opendoor Technologies,8,14,3,25,12.0,,Kaz Nejatian Opendoor Technologies
2026-05-01,Russell Becker,APi Group,3,20,2,25,8.0,,Russell Becker APi Group
2026-05-01,Toby Rice,EQT,11,6,8,25,32.0,,Toby Rice EQT
2026-05-01,Jesse Arenivas,EnLink Midstream,5,13,0,18,0.0,,Jesse Arenivas EnLink Midstream
2026-05-01,Steven Bandrowczak,Xerox,4,20,1,25,4.0,,Steven Bandrowczak Xerox
2026-05-01,Vicente Reynal,Ingersoll Rand,8,13,4,25,16.0,,Vicente Reynal Ingersoll Rand
2026-05-01,William T Dillard II,Dillards,14,9,2,25,8.0,,William T Dillard II Dillards
2026-05-01,C Howard Nye,Martin Marietta Materials,2,6,4,12,33.3,,C Howard Nye Martin Marietta Materials
2026-05-01,Stephane Bancel,Moderna,6,14,5,25,20.0,,Stephane Bancel Moderna
2026-05-01,Nate R Jorgensen,Boise Cascade,1,2,0,3,0.0,,Nate R Jorgensen Boise Cascade
2026-05-01,Padraig McDonnell,Agilent Technologies,7,18,0,25,0.0,,Padraig McDonnell Agilent Technologies
2026-05-01,Kenneth T Lane,Olin Corporation,0,7,3,10,30.0,,Kenneth T Lane Olin Corporation
2026-05-01,Randall C Stuewe,Darling Ingredients,24,1,0,25,0.0,,Randall C Stuewe Darling Ingredients
2026-05-01,R Howard Coker,Sonoco Products,7,12,0,19,0.0,,R Howard Coker Sonoco Products
2026-05-01,Lee M Tillman,Marathon Oil,3,19,3,25,12.0,,Lee M Tillman Marathon Oil
2026-05-01,Mark Hoplamazian,Hyatt Hotels,4,19,2,25,8.0,,Mark Hoplamazian Hyatt Hotels
2026-05-01,David S Chernow,Select Medical Holdings,0,8,0,8,0.0,,David S Chernow Select Medical Holdings
2026-05-01,Brendan M Foley,McCormick & Company,2,21,2,25,8.0,,Brendan M Foley McCormick & Company
2026-05-01,Joanne Crevoiserat,Tapestry,10,15,0,25,0.0,,Joanne Crevoiserat Tapestry
2026-05-01,W Anthony Will,CF Industries,4,15,6,25,24.0,,W Anthony Will CF Industries
2026-05-01,David A Zapico,Ametek,5,19,1,25,4.0,,David A Zapico Ametek
2026-05-01,Craig Billings,Wynn Resorts,8,16,1,25,4.0,,Craig Billings Wynn Resorts
2026-05-01,Giel Rutten,Amkor Technology,6,17,2,25,8.0,,Giel Rutten Amkor Technology
2026-05-01,Paul Sarvadi,Insperity,11,13,1,25,4.0,,Paul Sarvadi Insperity
2026-05-01,Rob Sharps,T Rowe Price,8,11,6,25,24.0,,Rob Sharps T Rowe Price
2026-05-01,Patrice Louvet,Ralph Lauren,7,15,3,25,12.0,,Patrice Louvet Ralph Lauren
2026-05-01,Jeffrey Mezger,KB Home,2,13,10,25,40.0,,Jeffrey Mezger KB Home
2026-05-01,David M Foulkes,Brunswick Corporation,5,16,0,21,0.0,,David M Foulkes Brunswick Corporation
2026-05-01,M Keith Waddell,Robert Half,10,14,1,25,4.0,,M Keith Waddell Robert Half
2026-05-01,Jay Snowden,PENN Entertainment,15,6,4,25,16.0,,Jay Snowden PENN Entertainment
2026-05-01,George Kurian,NetApp,5,19,1,25,4.0,,George Kurian NetApp
2026-05-01,Joseph Morrissey,Organon,3,6,6,15,40.0,,Joseph Morrissey Organon
2026-05-01,Joel D Anderson,Petco Health and Wellness,3,14,0,17,0.0,,Joel D Anderson Petco Health and Wellness
2026-05-01,Louis V Pinkham,Regal Rexnord,2,10,1,13,7.7,,Louis V Pinkham Regal Rexnord
2026-05-01,Jay Geldmacher,Resideo Technologies,12,7,1,20,5.0,,Jay Geldmacher Resideo Technologies
2026-05-01,Matthew Wagner,Camping World,6,17,2,25,8.0,,Matthew Wagner Camping World
2026-05-01,Peter R Huntsman,Huntsman Corporation,5,15,5,25,20.0,,Peter R Huntsman Huntsman Corporation
2026-05-01,Hillary Super,Victorias Secret,15,7,3,25,12.0,,Hillary Super Victorias Secret
2026-05-01,Michelle Gass,Levi Strauss,8,15,2,25,8.0,,Michelle Gass Levi Strauss
2026-05-01,Neil Hunn,Roper Technologies,3,20,2,25,8.0,,Neil Hunn Roper Technologies
2026-05-01,Steven P Lawrence,Academy Sports and Outdoors,1,6,2,9,22.2,,Steven P Lawrence Academy Sports and Outdoors
2026-05-01,Phillippe Lord,Meritage Homes,8,15,2,25,8.0,,Phillippe Lord Meritage Homes
2026-05-01,David C Dauch,American Axle & Manufacturing,2,23,0,25,0.0,,David C Dauch American Axle & Manufacturing
2026-05-01,Olumide Soroye,Fortive,10,14,1,25,4.0,,Olumide Soroye Fortive
2026-05-01,Adena Friedman,Nasdaq Inc,10,13,2,25,8.0,,Adena Friedman Nasdaq Inc
2026-05-01,Tim Gokey,Broadridge Financial Solutions,6,19,0,25,0.0,,Tim Gokey Broadridge Financial Solutions
2026-05-01,Patrick M Shanahan,Spirit AeroSystems,4,15,2,21,9.5,,Patrick M Shanahan Spirit AeroSystems
2026-05-01,Robert Kyncl,Warner Music Group,15,10,0,25,0.0,,Robert Kyncl Warner Music Group
2026-05-01,Denise Dignam,Chemours,5,15,5,25,20.0,,Denise Dignam Chemours
2026-05-01,Jim DeVries,ADT Inc,6,14,3,23,13.0,,Jim DeVries ADT Inc
2026-05-01,Bernard Zovighian,Edwards Lifesciences,8,13,3,24,12.5,,Bernard Zovighian Edwards Lifesciences
2026-05-01,Mark E Seaton,First American Financial,1,13,3,17,17.6,,Mark E Seaton First American Financial
2026-05-01,John C Roche,Hanover Insurance Group,4,14,6,24,25.0,,John C Roche Hanover Insurance Group
2026-05-01,Adam J Greenlee,Silgan,0,6,2,8,25.0,,Adam J Greenlee Silgan
2026-05-01,Ari Emanuel,WME Group,5,14,6,25,24.0,,Ari Emanuel WME Group
2026-05-01,Robert Fauber,Moodys Corporation,7,11,7,25,28.0,,Robert Fauber Moodys Corporation
2026-05-01,Thomas E Jorden,Coterra Energy,16,2,0,18,0.0,,Thomas E Jorden Coterra Energy
2026-05-01,Eugene A Hall,Gartner,2,20,3,25,12.0,,Eugene A Hall Gartner
2026-05-01,Kevin Plank,Under Armour,1,21,3,25,12.0,,Kevin Plank Under Armour
2026-05-01,James W Lanning,Ingles Markets,4,13,3,20,15.0,,James W Lanning Ingles Markets
2026-05-01,Matthew T Farrell,Church & Dwight,11,13,1,25,4.0,,Matthew T Farrell Church & Dwight
2026-05-01,Kevin M Freeman,Old Dominion Freight Line,2,8,0,10,0.0,,Kevin M Freeman Old Dominion Freight Line
2026-05-01,Joe Shoen,U-Haul,6,13,6,25,24.0,,Joe Shoen U-Haul
2026-05-01,Jayshree Ullal,Arista Networks,13,12,0,25,0.0,,Jayshree Ullal Arista Networks
2026-05-01,Sassine Ghazi,Synopsys,4,18,3,25,12.0,,Sassine Ghazi Synopsys
2026-05-01,Jochen Zeitz,Harley-Davidson,4,19,2,25,8.0,,Jochen Zeitz Harley-Davidson
2026-05-01,Nick Jeffery,Frontier Communications,3,21,1,25,4.0,,Nick Jeffery Frontier Communications
2026-05-01,Thomas Edward McCormick,Primoris Services,2,4,1,7,14.3,,Thomas Edward McCormick Primoris Services
2026-05-01,D Christian Koch,Carlisle Companies,5,16,4,25,16.0,,D Christian Koch Carlisle Companies
2026-05-01,David E Simon,Simon Property Group,1,20,4,25,16.0,,David E Simon Simon Property Group
2026-05-01,Stephen Bratspies,Hanesbrands,3,21,1,25,4.0,,Stephen Bratspies Hanesbrands
2026-05-01,George Bobb III,Teledyne Technologies,1,7,1,9,11.1,,George Bobb III Teledyne Technologies
2026-05-01,Terrence A Duffy,CME Group,8,15,2,25,8.0,,Terrence A Duffy CME Group
2026-05-01,Rami Rahim,Juniper Networks,4,19,2,25,8.0,,Rami Rahim Juniper Networks
2026-05-01,Markus Strobel,Coty,5,15,5,25,20.0,,Markus Strobel Coty
2026-05-01,Peter D Arvan,Pool Corporation,5,12,1,18,5.6,,Peter D Arvan Pool Corporation
2026-05-01,David Campbell,Evergy,15,9,1,25,4.0,,David Campbell Evergy
2026-05-01,Matthew J Murphy,Marvell Technology,3,10,2,15,13.3,,Matthew J Murphy Marvell Technology
2026-05-01,Lloyd Yates,NiSource,10,14,1,25,4.0,,Lloyd Yates NiSource
2026-05-01,William C Stone,SS&C Technologies,7,18,0,25,0.0,,William C Stone SS&C Technologies
2026-05-01,Mark Rourke,Schneider National,9,16,0,25,0.0,,Mark Rourke Schneider National
2026-05-01,Andrew Anagnost,Autodesk,8,13,4,25,16.0,,Andrew Anagnost Autodesk
2026-05-01,Dustin Semach,Sealed Air Corporation,6,18,1,25,4.0,,Dustin Semach Sealed Air Corporation
2026-05-01,William L Meaney,Iron Mountain,10,10,3,23,13.0,,William L Meaney Iron Mountain
2026-05-01,Andy P Power,Digital Realty Trust,10,8,2,20,10.0,,Andy P Power Digital Realty Trust
2026-05-01,Satish Dhanasekaran,Keysight Technologies,7,12,1,20,5.0,,Satish Dhanasekaran Keysight Technologies
2026-05-01,Frank M Svoboda,Globe Life,6,3,4,13,30.8,,Frank M Svoboda Globe Life
2026-05-01,Carey A Smith,Parsons Corporation,8,13,4,25,16.0,,Carey A Smith Parsons Corporation
2026-05-01,Ynon Kreiz,Mattel,7,16,2,25,8.0,,Ynon Kreiz Mattel
2026-05-01,Karen S Haller,Southwest Gas Holdings,3,10,0,13,0.0,,Karen S Haller Southwest Gas Holdings
2026-05-01,Terrance Williams,TruStage,3,8,1,12,8.3,,Terrance Williams TruStage
2026-05-01,Eric W Gerstenberg,Clean Harbors,7,1,1,9,11.1,,Eric W Gerstenberg Clean Harbors
2026-05-01,Gunner Smith,Cornerstone Building Brands,5,16,1,22,4.5,,Gunner Smith Cornerstone Building Brands
2026-05-01,Gerben W Bakker,Hubbell Incorporated,1,6,1,8,12.5,,Gerben W Bakker Hubbell Incorporated
2026-05-01,Dave Davis,Spirit Airlines,5,15,5,25,20.0,,Dave Davis Spirit Airlines
2026-05-01,Michael J Smith,Lamb Weston,0,16,9,25,36.0,,Michael J Smith Lamb Weston
2026-05-01,Strauss Zelnick,Take-Two Interactive Software,10,13,2,25,8.0,,Strauss Zelnick Take-Two Interactive Software
2026-05-01,John C Turner Jr,GMS,5,20,0,25,0.0,,John C Turner Jr GMS
2026-05-01,David M O'Malley,Penn Mutual Life Insurance,1,4,1,6,16.7,,David M O'Malley Penn Mutual Life Insurance
2026-05-01,Frank A Lonegro,Landstar System,4,13,3,20,15.0,,Frank A Lonegro Landstar System
2026-05-01,James F Risoleo,Host Hotels & Resorts,4,13,1,18,5.6,,James F Risoleo Host Hotels & Resorts
2026-05-01,Ken Xie,Fortinet,8,12,5,25,20.0,,Ken Xie Fortinet
2026-05-01,Doug Shulman,OneMain,0,9,0,9,0.0,,Doug Shulman OneMain
2026-05-01,Ryan Cohen,GameStop,6,16,3,25,12.0,,Ryan Cohen GameStop
2026-05-01,Mark W Begor,Equifax,3,22,0,25,0.0,,Mark W Begor Equifax
2026-05-01,Jay L Schottenstein,American Eagle Outfitters,11,12,2,25,8.0,,Jay L Schottenstein American Eagle Outfitters
2026-05-01,Ole Rosgaard,Greif,6,15,4,25,16.0,,Ole Rosgaard Greif
2026-05-01,Brian E Lane,Comfort Systems USA,23,1,1,25,4.0,,Brian E Lane Comfort Systems USA
2026-05-01,Robert M Buck,TopBuild,1,6,3,10,30.0,,Robert M Buck TopBuild
2026-05-01,Ralph Andretta,Bread Financial,7,14,0,21,0.0,,Ralph Andretta Bread Financial
2026-05-01,Jim Anderson,Coherent,4,20,1,25,4.0,,Jim Anderson Coherent
2026-05-01,Walter C. D. Carlson,Telephone & Data Systems,1,12,1,14,7.1,,Walter C. D. Carlson Telephone & Data Systems
2026-05-01,Ronald Kruszewski,Stifel Financial,8,14,3,25,12.0,,Ronald Kruszewski Stifel Financial
2026-05-01,Richard Hayne,Urban Outfitters,11,11,3,25,12.0,,Richard Hayne Urban Outfitters
2026-05-01,Simon Meester,Terex,5,20,0,25,0.0,,Simon Meester Terex
2026-05-01,Edward J Lehner,Ryerson Holding,1,3,0,4,0.0,,Edward J Lehner Ryerson Holding
2026-05-01,Nicholas T Pinchuk,Snap-on,8,9,1,18,5.6,,Nicholas T Pinchuk Snap-on
2026-05-01,Ryals McMullian,Flowers Foods,4,19,2,25,8.0,,Ryals McMullian Flowers Foods
2026-05-01,D Bryan Jordan,First Horizon,6,15,4,25,16.0,,D Bryan Jordan First Horizon
2026-05-01,John B Gibson,Paychex,1,18,0,19,0.0,,John B Gibson Paychex
2026-05-01,Chris Cocks,Hasbro,6,14,5,25,20.0,,Chris Cocks Hasbro
2026-05-01,Pete McPartland,Sentry Insurance Group,10,13,0,23,0.0,,Pete McPartland Sentry Insurance Group
2026-05-01,Michael Arougheti,Ares Management,8,12,5,25,20.0,,Michael Arougheti Ares Management
2026-05-01,Alok Maskara,Lennox International,10,14,1,25,4.0,,Alok Maskara Lennox International
2026-05-01,James C Grech,Peabody Energy,7,3,2,12,16.7,,James C Grech Peabody Energy
2026-05-01,C Thomas Evans Jr,Kemper Corporation,1,20,4,25,16.0,,C Thomas Evans Jr Kemper Corporation
2026-05-01,Perry A Sook,Nexstar Media Group,4,15,6,25,24.0,,Perry A Sook Nexstar Media Group
2026-05-01,Daniel Alegre,TelevisaUnivision,3,16,6,25,24.0,,Daniel Alegre TelevisaUnivision
2026-05-01,Scott L Thompson,Tempur Sealy International,2,6,0,8,0.0,,Scott L Thompson Tempur Sealy International
2026-05-01,Mike Simonds,TriNet Group,2,12,0,14,0.0,,Mike Simonds TriNet Group
2026-05-01,B Andrew Rose,Worthington Enterprises,2,11,0,13,0.0,,B Andrew Rose Worthington Enterprises
2026-05-01,Bruce L Caswell,Maximus,5,6,0,11,0.0,,Bruce L Caswell Maximus
2026-05-01,Robert L Reffkin,Compass Group,1,7,3,11,27.3,,Robert L Reffkin Compass Group
2026-05-01,Mark Eubanks,Brinks Company,6,16,3,25,12.0,,Mark Eubanks Brinks Company
2026-05-01,Peter Quigley,Kelly Services Inc,10,15,0,25,0.0,,Peter Quigley Kelly Services Inc
2026-05-01,David L Yowan,Navient,2,7,0,9,0.0,,David L Yowan Navient
2026-05-01,Mary E Kipp,Puget Sound Energy,5,4,1,10,10.0,,Mary E Kipp Puget Sound Energy
2026-05-01,Adam Aron,AMC Entertainment,12,8,5,25,20.0,,Adam Aron AMC Entertainment
2026-05-01,Mark J Tarr,Encompass Health,2,8,2,12,16.7,,Mark J Tarr Encompass Health
2026-05-01,Liam K Griffin,Skyworks Solutions,2,9,0,11,0.0,,Liam K Griffin Skyworks Solutions
2026-05-01,Richard G Kyle,Timken,5,14,1,20,5.0,,Richard G Kyle Timken
2026-05-01,Ron Gusek,Liberty Energy,23,1,1,25,4.0,,Ron Gusek Liberty Energy
2026-05-01,John E Geller Jr,Marriott Vacations Worldwide,3,12,1,16,6.2,,John E Geller Jr Marriott Vacations Worldwide
2026-05-01,Karl G. Glassman,Leggett & Platt,6,7,1,14,7.1,,Karl G. Glassman Leggett & Platt
2026-05-01,Jonathan H Weis,Weis Markets,5,19,1,25,4.0,,Jonathan H Weis Weis Markets
2026-05-01,Jeffrey B Guldner,Pinnacle West Capital,2,7,1,10,10.0,,Jeffrey B Guldner Pinnacle West Capital
2026-05-01,Arkadiy Dobkin,EPAM Systems,10,12,3,25,12.0,,Arkadiy Dobkin EPAM Systems
2026-05-01,Paul M Rady,Antero Resources,6,5,0,11,0.0,,Paul M Rady Antero Resources
2026-05-01,Michael Spanos,Bloomin Brands,6,16,3,25,12.0,,Michael Spanos Bloomin Brands
2026-05-01,Nicole A Kivisto,MDU Resources Group,6,6,0,12,0.0,,Nicole A Kivisto MDU Resources Group
2026-05-01,Gerald L Morgan,Texas Roadhouse,4,12,6,22,27.3,,Gerald L Morgan Texas Roadhouse
2026-05-01,Gabriel Tirador,Mercury General,2,8,0,10,0.0,,Gabriel Tirador Mercury General
2026-05-01,Nicholas I Fink,Fortune Brands Innovations,4,18,3,25,12.0,,Nicholas I Fink Fortune Brands Innovations
2026-05-01,Paul E Burdiss,Zions Bancorp,2,9,0,11,0.0,,Paul E Burdiss Zions Bancorp
2026-05-01,William J Christensen,JELD-WEN Holding,1,8,0,9,0.0,,William J Christensen JELD-WEN Holding
2026-05-01,Evan Spiegel,Snap Inc,6,8,11,25,44.0,,Evan Spiegel Snap Inc
2026-05-01,Bill Burns,Zebra Technologies,4,21,0,25,0.0,,Bill Burns Zebra Technologies
2026-05-01,Steven Sell,Agilon Health,1,10,3,14,21.4,,Steven Sell Agilon Health
2026-05-01,Richard M Olson,Toro Company,1,23,1,25,4.0,,Richard M Olson Toro Company
2026-05-01,Eric S Yuan,Zoom Video Communications,7,16,2,25,8.0,,Eric S Yuan Zoom Video Communications
2026-05-01,Dan L Batrack,Tetra Tech,4,7,0,11,0.0,,Dan L Batrack Tetra Tech
2026-05-01,Joseph D Russell Jr,Public Storage,0,15,2,17,11.8,,Joseph D Russell Jr Public Storage
2026-05-01,Jacob Thaysen,Illumina Inc,8,14,3,25,12.0,,Jacob Thaysen Illumina Inc
2026-05-01,Debra A Cafaro,Ventas Inc,12,12,1,25,4.0,,Debra A Cafaro Ventas Inc
2026-05-01,Pierre R Brondeau,FMC Corporation,2,11,2,15,13.3,,Pierre R Brondeau FMC Corporation
2026-05-01,Judy R McReynolds,ArcBest,5,19,1,25,4.0,,Judy R McReynolds ArcBest
2026-05-01,Russell J Weiner,Dominos Pizza Inc,8,11,6,25,24.0,,Russell J Weiner Dominos Pizza Inc
2026-05-01,Theodore S Hanson,ASGN,3,10,1,14,7.1,,Theodore S Hanson ASGN
2026-05-01,RJ Scaringe,Rivian Automotive,6,16,3,25,12.0,,RJ Scaringe Rivian Automotive
2026-05-01,Jeffrey N Simmons,Elanco Animal Health,15,6,4,25,16.0,,Jeffrey N Simmons Elanco Animal Health
2026-05-01,Tim O Shaughnessy,Graham Holdings Company,5,17,3,25,12.0,,Tim O Shaughnessy Graham Holdings Company
2026-05-01,Thomas V Taylor,Floor & Decor,2,9,3,14,21.4,,Thomas V Taylor Floor & Decor
2026-05-01,Neil A Schrimsher,Applied Industrial Technologies,4,21,0,25,0.0,,Neil A Schrimsher Applied Industrial Technologies
2026-05-01,Robert E Price,PriceSmart,6,6,0,12,0.0,,Robert E Price PriceSmart
2026-05-01,John David Risher,Lyft,7,16,2,25,8.0,,John David Risher Lyft
2026-05-01,Gary B Smith,Ciena,13,11,1,25,4.0,,Gary B Smith Ciena
2026-05-01,Barry Diller,IAC inc,1,18,6,25,24.0,,Barry Diller IAC inc
2026-05-01,Jim Jacobs,Country Financial,9,14,2,25,8.0,,Jim Jacobs Country Financial
2026-05-01,Devin B McGranahan,Western Union,4,21,0,25,0.0,,Devin B McGranahan Western Union
2026-05-01,R Scott Rowe,Flowserve,4,12,1,17,5.9,,R Scott Rowe Flowserve
2026-05-01,Kenneth A Vecchione,Western Alliance Bancorp,2,14,9,25,36.0,,Kenneth A Vecchione Western Alliance Bancorp
2026-05-01,John C Rademacher,Option Care Health,12,1,1,14,7.1,,John C Rademacher Option Care Health
2026-05-01,Doug Black,SiteOne Landscape Supply,6,18,1,25,4.0,,Doug Black SiteOne Landscape Supply
2026-05-01,Oliver G Brewer III,Topgolf Callaway Brands,0,4,0,4,0.0,,Oliver G Brewer III Topgolf Callaway Brands
2026-05-01,Glenn Sanford,eXp World,7,14,4,25,16.0,,Glenn Sanford eXp World
2026-05-01,Fran Horowitz,Abercrombie & Fitch,14,9,2,25,8.0,,Fran Horowitz Abercrombie & Fitch
2026-05-01,Kevin Akers,Atmos Energy,18,2,1,21,4.8,,Kevin Akers Atmos Energy
2026-05-01,Alessandro Maselli,Catalent,4,19,2,25,8.0,,Alessandro Maselli Catalent
2026-05-01,J Powell Brown,Brown & Brown,7,13,5,25,20.0,,J Powell Brown Brown & Brown
2026-05-01,Aman Bhutani,GoDaddy,9,14,2,25,8.0,,Aman Bhutani GoDaddy
2026-05-01,John C. Griffith,American Water Works,3,21,1,25,4.0,,John C. Griffith American Water Works
2026-05-01,John J Marchioni,Selective Insurance Group,4,15,3,22,13.6,,John J Marchioni Selective Insurance Group
2026-05-01,Lawson E Whiting,Brown-Forman,6,17,2,25,8.0,,Lawson E Whiting Brown-Forman
2026-05-01,Dave Peacock,Advantage Solutions,20,4,1,25,4.0,,Dave Peacock Advantage Solutions
2026-05-01,Mick Farrell,ResMed,9,15,1,25,4.0,,Mick Farrell ResMed
2026-05-01,Kamal Hathi,Splunk Inc,5,5,0,10,0.0,,Kamal Hathi Splunk Inc
2026-05-01,Todd Kelsey,Plexus Corp,6,7,2,15,13.3,,Todd Kelsey Plexus Corp
2026-05-01,Phillip D Yeager,Hub Group,3,9,0,12,0.0,,Phillip D Yeager Hub Group
2026-05-01,Steven B Hedlund,Lincoln Electric,5,16,1,22,4.5,,Steven B Hedlund Lincoln Electric
2026-05-01,Timothy C Oliver,NCR Atleos,1,6,0,7,0.0,,Timothy C Oliver NCR Atleos
2026-05-01,Bruce Fleming,Calumet Inc,2,6,1,9,11.1,,Bruce Fleming Calumet Inc
2026-05-01,Daniel S. Peyovich,Dycom Industries,2,6,1,9,11.1,,Daniel S. Peyovich Dycom Industries
2026-05-01,Avner M Applbaum,Valmont Industries,0,13,1,14,7.1,,Avner M Applbaum Valmont Industries
2026-05-01,Kimberly A Fields,ATI Inc,10,15,0,25,0.0,,Kimberly A Fields ATI Inc
2026-05-01,Khozema Z Shipchandler,Twilio,2,8,1,11,9.1,,Khozema Z Shipchandler Twilio
2026-05-01,Gary C Bhojwani,CNO Financial Group,2,10,0,12,0.0,,Gary C Bhojwani CNO Financial Group
2026-05-01,William Andrew Hendricks Jr,Patterson-UTI Energy,3,5,1,9,11.1,,William Andrew Hendricks Jr Patterson-UTI Energy
2026-05-01,Kevin D Hochman,Brinker International,12,12,1,25,4.0,,Kevin D Hochman Brinker International
2026-05-01,James C Foster,Charles River Laboratories International,5,19,1,25,4.0,,James C Foster Charles River Laboratories International
2026-05-01,Rajiv K Prasad,Hyster-Yale,0,3,0,3,0.0,,Rajiv K Prasad Hyster-Yale
2026-05-01,Eric T Steigerwalt,Brighthouse Financial,5,12,1,18,5.6,,Eric T Steigerwalt Brighthouse Financial
2026-05-01,Thomas L Ryan,Service Corp International,5,13,2,20,10.0,,Thomas L Ryan Service Corp International
2026-05-01,Charles M Nifong Jr,CrossAmerica Partners,0,4,0,4,0.0,,Charles M Nifong Jr CrossAmerica Partners
2026-05-01,Anirudh Devgan,Cadence,7,17,1,25,4.0,,Anirudh Devgan Cadence
2026-05-01,Andi Owen,MillerKnoll,7,11,7,25,28.0,,Andi Owen MillerKnoll
2026-05-01,Sumit Roy,Realty Income,7,18,0,25,0.0,,Sumit Roy Realty Income
2026-05-01,Timothy John Fitzgerald,Middleby,1,3,1,5,20.0,,Timothy John Fitzgerald Middleby
2026-05-01,Robert H Schottenstein,M/I Homes,6,18,1,25,4.0,,Robert H Schottenstein M/I Homes
2026-05-01,Stephen P MacMillan,Hologic,4,9,3,16,18.8,,Stephen P MacMillan Hologic
2026-05-01,Lisa M Barton,Alliant Energy,6,2,0,8,0.0,,Lisa M Barton Alliant Energy
2026-05-01,Aaron P Jagdfeld,Generac,4,11,1,16,6.2,,Aaron P Jagdfeld Generac
2026-05-01,Erik Gershwind,MSC Industrial Direct,9,12,4,25,16.0,,Erik Gershwind MSC Industrial Direct
2026-05-01,Varun Krishna,Rocket Companies,4,18,3,25,12.0,,Varun Krishna Rocket Companies
2026-05-01,Fahmi Karam,Upbound Group,4,7,0,11,0.0,,Fahmi Karam Upbound Group
2026-05-01,NADominic Ng,East West Bancorp,0,0,0,0,0.0,,NADominic Ng East West Bancorp
2026-05-01,Jason Potter,Grocery Outlet Holding,8,15,2,25,8.0,,Jason Potter Grocery Outlet Holding
2026-05-01,Simon D Campion,Dentsply Sirona,1,9,0,10,0.0,,Simon D Campion Dentsply Sirona
2026-05-01,Jeremy Wensinger,V2X,5,7,1,13,7.7,,Jeremy Wensinger V2X
2026-05-01,Andrew Rees,Crocs,9,13,3,25,12.0,,Andrew Rees Crocs
2026-05-01,David M Maura,Spectrum Brands,7,8,2,17,11.8,,David M Maura Spectrum Brands
2026-05-01,Sachin S Lawande,Visteon,11,11,3,25,12.0,,Sachin S Lawande Visteon
2026-05-01,Neil M Ashe,Acuity Inc,1,10,1,12,8.3,,Neil M Ashe Acuity Inc
2026-05-01,Lorie L Tekorius,The Greenbrier Companies,6,4,1,11,9.1,,Lorie L Tekorius The Greenbrier Companies
2026-05-01,John R Ciulla,Webster Financial,9,16,0,25,0.0,,John R Ciulla Webster Financial
2026-05-01,Sean D Keohane,Cabot Corporation,4,4,1,9,11.1,,Sean D Keohane Cabot Corporation
2026-05-01,Drew M Wilkerson,RXO Inc,3,4,1,8,12.5,,Drew M Wilkerson RXO Inc
2026-05-01,Daniel E Brown,Chord Energy,3,2,0,5,0.0,,Daniel E Brown Chord Energy
2026-05-01,Javier D Ferrer Fernandez,Popular Inc,3,3,0,6,0.0,,Javier D Ferrer Fernandez Popular Inc
2026-05-01,Olivier Rabiller,Garrett Motion Inc,5,15,1,21,4.8,,Olivier Rabiller Garrett Motion Inc
2026-05-01,Ronald N Tutor,Tutor Perini Corporation,4,15,3,22,13.6,,Ronald N Tutor Tutor Perini Corporation
2026-05-01,Jeff Liaw,Copart,7,14,4,25,16.0,,Jeff Liaw Copart
2026-05-01,Aman Narang,Toast Inc,5,18,1,24,4.2,,Aman Narang Toast Inc
2026-05-01,Joseph M Hogan,Align Technology,6,16,3,25,12.0,,Joseph M Hogan Align Technology
2026-05-01,Kevin J Wheeler,A O Smith,2,23,0,25,0.0,,Kevin J Wheeler A O Smith
2026-05-01,Christopher A Cartwright,TransUnion,8,15,2,25,8.0,,Christopher A Cartwright TransUnion
2026-05-01,James Kelly,NCR Voyix,2,13,0,15,0.0,,James Kelly NCR Voyix
2026-05-01,Tom Leighton,Akamai Technologies,11,12,2,25,8.0,,Tom Leighton Akamai Technologies
2026-05-01,Robert G Painter,Trimble Inc,6,4,0,10,0.0,,Robert G Painter Trimble Inc
2026-05-01,Tony Helton,Medical Mutual of Ohio,1,6,1,8,12.5,,Tony Helton Medical Mutual of Ohio
2026-05-01,Caroline S Grace,AMN Healthcare Services,2,2,1,5,20.0,,Caroline S Grace AMN Healthcare Services
2026-05-01,Patrick Kaltenbach,Mettler-Toledo International,2,8,0,10,0.0,,Patrick Kaltenbach Mettler-Toledo International
2026-05-01,Michael L Baur,ScanSource,1,7,1,9,11.1,,Michael L Baur ScanSource
2026-05-01,Jason Lippert,LCI Industries,7,17,1,25,4.0,,Jason Lippert LCI Industries
2026-05-01,Fredric J Tomczyk,Cboe Global Markets,0,11,5,16,31.2,,Fredric J Tomczyk Cboe Global Markets
2026-05-01,Octavio Marquez,Diebold Nixdorf,3,16,1,20,5.0,,Octavio Marquez Diebold Nixdorf
2026-05-01,Sivasankaran Somasundaram,ChampionX,7,6,0,13,0.0,,Sivasankaran Somasundaram ChampionX
2026-05-01,Ronald F Clarke,Corpay,2,7,1,10,10.0,,Ronald F Clarke Corpay
2026-05-01,Robert W Pittman,iHeartMedia,7,15,3,25,12.0,,Robert W Pittman iHeartMedia
2026-05-01,Patrick Zalupski,Dream Finders Homes,15,9,1,25,4.0,,Patrick Zalupski Dream Finders Homes
2026-05-01,Keith E Smith,Boyd Gaming,2,16,2,20,10.0,,Keith E Smith Boyd Gaming
2026-05-01,Mehran Assadi,NLV Financial,0,2,0,2,0.0,,Mehran Assadi NLV Financial
2026-05-01,Barry R Port,Ensign Group,2,8,3,13,23.1,,Barry R Port Ensign Group
2026-05-01,Denise A Paulonis,Sally Beauty,15,4,0,19,0.0,,Denise A Paulonis Sally Beauty
2026-05-01,Harsha V Agadi,Conduent,0,10,1,11,9.1,,Harsha V Agadi Conduent
2026-05-01,Jean-Michel Ribieras,Sylvamo,1,7,0,8,0.0,,Jean-Michel Ribieras Sylvamo
2026-05-01,Douglas F Bauer,Tri Pointe Homes,0,12,0,12,0.0,,Douglas F Bauer Tri Pointe Homes
2026-05-01,Shawn O'Connell,EnerSys,3,4,1,8,12.5,,Shawn O'Connell EnerSys
2026-05-01,Bill Meury,Incyte,5,14,2,21,9.5,,Bill Meury Incyte
2026-05-01,Dale Francescon,Century Communities,4,19,2,25,8.0,,Dale Francescon Century Communities
2026-05-01,Michael Nierenberg,Rithm Capital,5,18,2,25,8.0,,Michael Nierenberg Rithm Capital
2026-05-01,Michael J Brown,Euronet Worldwide,3,10,1,14,7.1,,Michael J Brown Euronet Worldwide
2026-05-01,Scott Seu,Hawaiian Electric Industries,4,17,4,25,16.0,,Scott Seu Hawaiian Electric Industries
2026-05-01,Jason D Robins,DraftKings,7,12,6,25,24.0,,Jason D Robins DraftKings
2026-05-01,Jonathan J Mazelsky,IDEXX Laboratories,2,4,5,11,45.5,,Jonathan J Mazelsky IDEXX Laboratories
2026-05-01,Richard S Swartz,MYR Group,1,4,1,6,16.7,,Richard S Swartz MYR Group
2026-05-01,Stefano Caroti,Deckers Outdoor,9,15,1,25,4.0,,Stefano Caroti Deckers Outdoor
2026-05-01,Jake Leach,DexCom,6,17,2,25,8.0,,Jake Leach DexCom
2026-05-01,John T C Lee,MKS Instruments,10,15,0,25,0.0,,John T C Lee MKS Instruments
2026-05-01,Edward B Pitoniak,VICI Properties,0,8,2,10,20.0,,Edward B Pitoniak VICI Properties
2026-05-01,Albert White III,Cooper Cos,6,14,5,25,20.0,,Albert White III Cooper Cos
2026-05-01,James Dempsey,Frontier Airlines,3,18,4,25,16.0,,James Dempsey Frontier Airlines
2026-05-01,Robert A Bruggeworth,Qorvo,1,7,2,10,20.0,,Robert A Bruggeworth Qorvo
2026-05-01,Winnie Park,Five Below,12,13,0,25,0.0,,Winnie Park Five Below
2026-05-01,Steven Oakland,TreeHouse Foods,9,13,3,25,12.0,,Steven Oakland TreeHouse Foods
2026-05-01,James S Hagedorn,Scotts Miracle-Gro,2,4,1,7,14.3,,James S Hagedorn Scotts Miracle-Gro
2026-05-01,Michael Cannon-Brookes,Atlassian,9,9,7,25,28.0,,Michael Cannon-Brookes Atlassian
2026-05-01,Bertrand Loy,Entegris,7,16,2,25,8.0,,Bertrand Loy Entegris
2026-05-01,William E Waltz,Atkore,2,6,1,9,11.1,,William E Waltz Atkore
2026-05-01,Celeste B Mastin,HB Fuller,1,13,0,14,0.0,,Celeste B Mastin HB Fuller
2026-05-01,Kyle T Larkin,Granite Construction,1,13,1,15,6.7,,Kyle T Larkin Granite Construction
2026-05-01,Michael J Happe,Winnebago Industries,1,4,2,7,28.6,,Michael J Happe Winnebago Industries
2026-05-01,Steven H Gunby,FTI Consulting,8,16,1,25,4.0,,Steven H Gunby FTI Consulting
2026-05-01,Stephan B Tanda,AptarGroup,4,13,2,19,10.5,,Stephan B Tanda AptarGroup
2026-05-01,Timothy P Boyle,Columbia Sportswear,3,12,5,20,25.0,,Timothy P Boyle Columbia Sportswear
2026-05-01,Anthony J Wood,Roku,8,15,2,25,8.0,,Anthony J Wood Roku
2026-05-01,M Christopher Doyle,Civitas Resources,0,1,0,1,0.0,,M Christopher Doyle Civitas Resources
2026-05-01,Andy Eidson,Alpha Metallurgical Resources,1,9,8,18,44.4,,Andy Eidson Alpha Metallurgical Resources
2026-05-01,Andy L Nemeth,Patrick Industries,1,6,0,7,0.0,,Andy L Nemeth Patrick Industries
2026-05-01,Roger W Jenkins,Murphy Oil,4,16,5,25,20.0,,Roger W Jenkins Murphy Oil
2026-05-01,Kevin S Blair,Synovus Financial,1,9,0,10,0.0,,Kevin S Blair Synovus Financial
2026-05-01,Julie Felss Masino,Cracker Barrel Old Country Store,2,9,14,25,56.0,,Julie Felss Masino Cracker Barrel Old Country Store
2026-05-01,David M Overton,Cheesecake Factory,10,14,1,25,4.0,,David M Overton Cheesecake Factory
2026-05-01,Nick DeIuliis,CNX Resources,14,11,0,25,0.0,,Nick DeIuliis CNX Resources
2026-05-01,Christopher Pappas,Chefs Warehouse,9,14,2,25,8.0,,Christopher Pappas Chefs Warehouse
2026-05-01,Tod Carpenter,Donaldson Company,5,15,5,25,20.0,,Tod Carpenter Donaldson Company
2026-05-01,Gregory L Christopher,Mueller Industries,6,17,2,25,8.0,,Gregory L Christopher Mueller Industries
2026-05-01,Rob Saltiel,MRC Global,2,12,1,15,6.7,,Rob Saltiel MRC Global
2026-05-01,Jillian C Evanko,Chart Industries,0,9,1,10,10.0,,Jillian C Evanko Chart Industries
2026-05-01,Dave Guilmette,Alight Solutions,3,11,0,14,0.0,,Dave Guilmette Alight Solutions
2026-05-01,Joel Smejkal,Vishay Intertechnology,3,11,0,14,0.0,,Joel Smejkal Vishay Intertechnology
2026-05-01,Dennis Degner,Range Resources,6,7,0,13,0.0,,Dennis Degner Range Resources
2026-05-01,Ira D Robbins,Valley National Bancorp,5,13,3,21,14.3,,Ira D Robbins Valley National Bancorp
2026-05-01,Bernard Kim,Match Group,3,20,2,25,8.0,,Bernard Kim Match Group
2026-05-01,Vincent Pilette,Gen Digital,5,13,3,21,14.3,,Vincent Pilette Gen Digital
2026-05-01,Timothy S Crane,Wintrust Financial,1,6,0,7,0.0,,Timothy S Crane Wintrust Financial
2026-05-01,Pat Roche,Moog Inc,7,15,3,25,12.0,,Pat Roche Moog Inc
2026-05-01,Mark R Widmar,First Solar,9,12,4,25,16.0,,Mark R Widmar First Solar
2026-05-01,Niko Lahanas,Central Garden & Pet,2,11,1,14,7.1,,Niko Lahanas Central Garden & Pet
2026-05-01,Chris Osowski,Green Plains Inc,9,15,1,25,4.0,,Chris Osowski Green Plains Inc
2026-05-01,Derek J Leathers,Werner Enterprises,1,10,2,13,15.4,,Derek J Leathers Werner Enterprises
2026-05-01,Adam Foroughi,AppLovin,6,12,7,25,28.0,,Adam Foroughi AppLovin
2026-05-01,Luca Savi,ITT,6,19,0,25,0.0,,Luca Savi ITT
2026-05-01,Lawrence H Silber,Herc Rentals,0,3,0,3,0.0,,Lawrence H Silber Herc Rentals
2026-05-01,Hilton H Howell Jr,Gray Television,5,17,3,25,12.0,,Hilton H Howell Jr Gray Television
2026-05-01,Eric D Ashleman,IDEX,2,11,0,13,0.0,,Eric D Ashleman IDEX
2026-05-01,Owen D Thomas,Boston Properties,4,20,1,25,4.0,,Owen D Thomas Boston Properties
2026-05-01,Kurt Wolf,Pitney Bowes,4,19,0,23,0.0,,Kurt Wolf Pitney Bowes
2026-05-01,Jeff Lorenger,Steelcase,4,5,0,9,0.0,,Jeff Lorenger Steelcase
2026-05-01,Charles D. Young,Sun Communities,6,11,3,20,15.0,,Charles D. Young Sun Communities
2026-05-01,Suzanne Foster,AdaptHealth,5,10,3,18,16.7,,Suzanne Foster AdaptHealth
2026-05-01,Grant E Sims,Genesis Energy,9,2,1,12,8.3,,Grant E Sims Genesis Energy
2026-05-01,Laura Prieskorn,Jackson Financial,8,14,3,25,12.0,,Laura Prieskorn Jackson Financial
2026-05-01,Rick L Wessel,FirstCash,1,7,1,9,11.1,,Rick L Wessel FirstCash
2026-05-01,Sherman Miller,Cal-Maine Foods,7,13,5,25,20.0,,Sherman Miller Cal-Maine Foods
2026-05-01,Paul A Lang,Arch Resources,17,8,0,25,0.0,,Paul A Lang Arch Resources
2026-05-01,Ashish K Khandpur,Avient,1,7,1,9,11.1,,Ashish K Khandpur Avient
2026-05-01,Shyam K Reddy,BlueLinx,1,8,0,9,0.0,,Shyam K Reddy BlueLinx
2026-05-01,Christopher S Ripley,Sinclair,7,12,6,25,24.0,,Christopher S Ripley Sinclair
2026-05-01,Stacy Kymes,BOK Financial,13,12,0,25,0.0,,Stacy Kymes BOK Financial
2026-05-01,James H Walter,Permian Resources,6,16,0,22,0.0,,James H Walter Permian Resources
2026-05-01,Jason Murray,PACS Group,12,10,3,25,12.0,,Jason Murray PACS Group
2026-05-01,Brian Armstrong,Coinbase Global,12,9,4,25,16.0,,Brian Armstrong Coinbase Global
2026-05-01,Oscar K Brown,Western Midstream Partners,6,11,3,20,15.0,,Oscar K Brown Western Midstream Partners
2026-05-01,Nicholas R Lower,Federated Mutual Insurance,1,2,2,5,40.0,,Nicholas R Lower Federated Mutual Insurance
2026-05-01,Morris Goldfarb,G-III Apparel Group,7,9,9,25,36.0,,Morris Goldfarb G-III Apparel Group
2026-05-01,Mark D Morelli,Vontier,1,8,1,10,10.0,,Mark D Morelli Vontier
2026-05-01,Matthew J Cox,Matson Inc,2,15,2,19,10.5,,Matthew J Cox Matson Inc
2026-05-01,David W Grzebinski,Kirby Corporation,6,5,1,12,8.3,,David W Grzebinski Kirby Corporation
2026-05-01,Keith A Harvey,Kaiser Aluminum,6,17,2,25,8.0,,Keith A Harvey Kaiser Aluminum
2026-05-01,Eric Nyman,Vista Outdoor,1,8,1,10,10.0,,Eric Nyman Vista Outdoor
2026-05-01,Doug Howe,Designer Brands Inc,6,19,0,25,0.0,,Doug Howe Designer Brands Inc
2026-05-01,Jerry E Gahlhoff Jr,Rollins Inc,1,3,2,6,33.3,,Jerry E Gahlhoff Jr Rollins Inc
2026-05-01,D Scott Barbour,Advanced Drainage Systems,7,4,0,11,0.0,,D Scott Barbour Advanced Drainage Systems
2026-05-01,Sean Gamble,Cinemark,12,5,8,25,32.0,,Sean Gamble Cinemark
2026-05-01,George Kurtz,CrowdStrike,10,13,2,25,8.0,,George Kurtz CrowdStrike
2026-05-01,Bill Ready,Pinterest,12,8,5,25,20.0,,Bill Ready Pinterest
2026-05-01,Fidji Simo,Instacart,4,17,4,25,16.0,,Fidji Simo Instacart
2026-05-01,Kimberly K Ryan,Hillenbrand,1,9,1,11,9.1,,Kimberly K Ryan Hillenbrand
2026-05-01,David S Graziosi,Allison Transmission,0,24,1,25,4.0,,David S Graziosi Allison Transmission
2026-05-01,Gary G Friedman,Restoration Hardware,4,17,3,24,12.5,,Gary G Friedman Restoration Hardware
2026-05-01,Lucinda M Baier,Brookdale Senior Living,3,7,4,14,28.6,,Lucinda M Baier Brookdale Senior Living
2026-05-01,Brian J Blaser,QuidelOrtho,1,6,1,8,12.5,,Brian J Blaser QuidelOrtho
2026-05-01,E Jean Savage,Trinity Industries,7,12,6,25,24.0,,E Jean Savage Trinity Industries
2026-05-01,Stuart Randle,Teleflex,1,5,3,9,33.3,,Stuart Randle Teleflex
2026-05-01,Laurans A Mendelson,HEICO,7,16,2,25,8.0,,Laurans A Mendelson HEICO
2026-05-01,Frank H Laukien,Bruker,2,11,0,13,0.0,,Frank H Laukien Bruker
2026-05-01,Harvey M Schwartz,Carlyle Group,7,17,1,25,4.0,,Harvey M Schwartz Carlyle Group
2026-05-01,Mark S LaVigne,Energizer Holdings,7,2,0,9,0.0,,Mark S LaVigne Energizer Holdings
2026-05-01,Amar Maletira,Rackspace Technology,7,14,4,25,16.0,,Amar Maletira Rackspace Technology
2026-05-01,Udit Batra,Waters Corporation,5,18,2,25,8.0,,Udit Batra Waters Corporation
2026-05-01,Eric M Green,West Pharmaceutical Services,5,19,1,25,4.0,,Eric M Green West Pharmaceutical Services
2026-05-01,Doug Palladini,Carters Inc,5,12,5,22,22.7,,Doug Palladini Carters Inc
2026-05-01,G Mike Mikan,NeueHealth,4,4,1,9,11.1,,G Mike Mikan NeueHealth
2026-05-01,Russell Chip Childs,SkyWest,0,6,3,9,33.3,,Russell Chip Childs SkyWest
2026-05-01,Debra Osteen,Acadia Healthcare,7,17,1,25,4.0,,Debra Osteen Acadia Healthcare
2026-05-01,Prahlad Singh,Revvity,5,9,2,16,12.5,,Prahlad Singh Revvity
2026-05-01,Maria M Pope,Portland General Electric,6,14,5,25,20.0,,Maria M Pope Portland General Electric
2026-05-01,Charles Chip Blankenship,Woodward Inc,1,9,1,11,9.1,,Charles Chip Blankenship Woodward Inc
2026-05-01,Mike Steib,TEGNA,11,13,1,25,4.0,,Mike Steib TEGNA
2026-05-01,Kurt J Ekert,Sabre Corporation,2,2,1,5,20.0,,Kurt J Ekert Sabre Corporation
2026-05-01,Matt Wilson,Light & Wonder,6,12,7,25,28.0,,Matt Wilson Light & Wonder
2026-05-01,Rob Katz,Vail Resorts,4,11,10,25,40.0,,Rob Katz Vail Resorts
2026-05-01,Marc Hathhorn,Radius Recycling,0,4,1,5,20.0,,Marc Hathhorn Radius Recycling
2026-05-01,David A Spector,PennyMac Financial Services,9,15,1,25,4.0,,David A Spector PennyMac Financial Services
2026-05-01,Frederick J Holzgrefe III,Saia Inc,2,6,1,9,11.1,,Frederick J Holzgrefe III Saia Inc
2026-05-01,Mark J Parrell,Equity Residential,4,10,2,16,12.5,,Mark J Parrell Equity Residential
2026-05-01,John W Lindsay,Helmerich & Payne,2,6,3,11,27.3,,John W Lindsay Helmerich & Payne
2026-05-01,Gary D Burnison,Korn Ferry,9,15,1,25,4.0,,Gary D Burnison Korn Ferry
2026-05-01,Timothy J McGrath,PC Connection Inc,1,5,1,7,14.3,,Timothy J McGrath PC Connection Inc
2026-05-01,Lynn M Bamford,Curtiss-Wright,8,15,2,25,8.0,,Lynn M Bamford Curtiss-Wright
2026-05-01,Jonathan W Witter,Sallie Mae,5,11,2,18,11.1,,Jonathan W Witter Sallie Mae
2026-05-01,Jeff Benck,Benchmark Electronics,4,14,0,18,0.0,,Jeff Benck Benchmark Electronics
2026-05-01,Charles H Giancarlo,Pure Storage,6,13,3,22,13.6,,Charles H Giancarlo Pure Storage
2026-05-01,Brian R Gray,Knife River Corporation,2,5,2,9,22.2,,Brian R Gray Knife River Corporation
2026-05-01,Jay Schmidt,Caleres Inc,4,10,3,17,17.6,,Jay Schmidt Caleres Inc
2026-05-01,Dale Asplund,BrightView Holdings,1,7,1,9,11.1,,Dale Asplund BrightView Holdings
2026-05-01,Jeffrey S Edwards,Cooper-Standard,2,12,1,15,6.7,,Jeffrey S Edwards Cooper-Standard
2026-05-01,Glenn J Williams,Primerica,4,5,2,11,18.2,,Glenn J Williams Primerica
2026-05-01,Francois Locoh-Donou,F5,9,13,3,25,12.0,,Francois Locoh-Donou F5
2026-05-01,Joseph Wm Foran,Matador Resources,6,10,0,16,0.0,,Joseph Wm Foran Matador Resources
2026-05-01,Sridhar Ramaswamy,Snowflake Inc,11,9,5,25,20.0,,Sridhar Ramaswamy Snowflake Inc
2026-05-01,Mark D Dankberg,Viasat,3,21,1,25,4.0,,Mark D Dankberg Viasat
2026-05-01,Francisco J Leon,California Resources,6,5,1,12,8.3,,Francisco J Leon California Resources
2026-05-01,Peter Stern,Peloton Interactive,9,10,6,25,24.0,,Peter Stern Peloton Interactive
2026-05-01,David Baszucki,Roblox,15,8,2,25,8.0,,David Baszucki Roblox
2026-05-01,Jeffrey W Edwards,Installed Building Products,1,11,2,14,14.3,,Jeffrey W Edwards Installed Building Products
2026-05-01,Clark Lauritzen,First National of Nebraska,1,9,0,10,0.0,,Clark Lauritzen First National of Nebraska
2026-05-01,Carlos Alberini,Guess Inc,3,19,3,25,12.0,,Carlos Alberini Guess Inc
2026-05-01,Shyam P Kambeyanda,ESAB,2,10,0,12,0.0,,Shyam P Kambeyanda ESAB
2026-05-01,Edmund Shallcross III,Amica Mutual Insurance,0,9,0,9,0.0,,Edmund Shallcross III Amica Mutual Insurance
2026-05-01,Benjamin W Schall,AvalonBay Communities,3,18,4,25,16.0,,Benjamin W Schall AvalonBay Communities
2026-05-01,Allan C Thygesen,DocuSign,6,7,4,17,23.5,,Allan C Thygesen DocuSign
2026-05-01,Bryan J Knutson,Titan Machinery,2,1,2,5,40.0,,Bryan J Knutson Titan Machinery
2026-05-01,Ara K Hovnanian,Hovnanian Enterprises,6,17,2,25,8.0,,Ara K Hovnanian Hovnanian Enterprises
2026-05-01,Kruti Patel Goyal,Etsy,9,13,3,25,12.0,,Kruti Patel Goyal Etsy
2026-05-01,Kevin Roycraft,Adams Resources & Energy,9,1,0,10,0.0,,Kevin Roycraft Adams Resources & Energy
2026-05-01,J Eric Evans,Surgery Partners,0,3,1,4,25.0,,J Eric Evans Surgery Partners
2026-05-01,Clint E Stein,Columbia Banking System,0,8,0,8,0.0,,Clint E Stein Columbia Banking System
2026-05-01,Lee M Shavel,Verisk Analytics,4,19,2,25,8.0,,Lee M Shavel Verisk Analytics
2026-05-01,Dave Banyard Jr,MasterBrand,0,2,1,3,33.3,,Dave Banyard Jr MasterBrand
2026-05-01,Diana Birkett Rakow,Hawaiian Airlines Inc,1,23,1,25,4.0,,Diana Birkett Rakow Hawaiian Airlines Inc
2026-05-01,Kristin A Dolan,AMC Networks,2,15,8,25,32.0,,Kristin A Dolan AMC Networks
2026-05-01,Brendan T Cavanagh,SBA Communications,3,10,0,13,0.0,,Brendan T Cavanagh SBA Communications
2026-05-01,George F Chappelle Jr,Americold Realty Trust,1,5,0,6,0.0,,George F Chappelle Jr Americold Realty Trust
2026-05-01,Thomas E Gottwald,NewMarket Corporation,2,11,1,14,7.1,,Thomas E Gottwald NewMarket Corporation
2026-05-01,Thomas J Baltimore Jr,Park Hotels & Resorts,4,17,4,25,16.0,,Thomas J Baltimore Jr Park Hotels & Resorts
2026-05-01,Peter M Moglia,Alexandria Real Estate Equities,3,8,2,13,15.4,,Peter M Moglia Alexandria Real Estate Equities
2026-05-01,Ronald J Kramer,Griffon Corporation,2,8,0,10,0.0,,Ronald J Kramer Griffon Corporation
2026-05-01,John L Plueger,Air Lease,4,11,0,15,0.0,,John L Plueger Air Lease
2026-05-01,Jennifer F Scanlon,UL Solutions,7,8,0,15,0.0,,Jennifer F Scanlon UL Solutions
2026-05-01,Greg Smith,Teradyne,6,14,5,25,20.0,,Greg Smith Teradyne
2026-05-01,Sean Trauschke,OGE Energy,19,4,2,25,8.0,,Sean Trauschke OGE Energy
2026-05-01,Norman D Schwartz,Bio-Rad Laboratories,2,4,3,9,33.3,,Norman D Schwartz Bio-Rad Laboratories
2026-05-01,Scott Doyle,Spire Inc,8,11,2,21,9.5,,Scott Doyle Spire Inc
2026-05-01,Michael E Reed,Gannett,0,6,1,7,14.3,,Michael E Reed Gannett
2026-05-01,Phillip D Green,Cullen Frost Bankers,3,17,5,25,20.0,,Phillip D Green Cullen Frost Bankers
2026-05-01,Joseph D Margolis,Extra Space Storage,4,11,1,16,6.2,,Joseph D Margolis Extra Space Storage
2026-05-01,Mark A Skonieczny,REV Group,0,9,3,12,25.0,,Mark A Skonieczny REV Group
2026-05-01,Ladd Wilks,ProFrac Holding,5,4,1,10,10.0,,Ladd Wilks ProFrac Holding
2026-05-01,Sundaram Nagarajan,Nordson,3,13,2,18,11.1,,Sundaram Nagarajan Nordson
2026-05-01,Anne P Noonan,Summit Materials,0,4,0,4,0.0,,Anne P Noonan Summit Materials
2026-05-01,Lori Flees,Valvoline Inc,3,11,7,21,33.3,,Lori Flees Valvoline Inc
2026-05-01,Scott H Baxter,Kontoor Brands,6,12,1,19,5.3,,Scott H Baxter Kontoor Brands
2026-05-01,Tim Larson,Skyline Champion,18,0,0,18,0.0,,Tim Larson Skyline Champion
2026-05-01,Chuck Divita,Teladoc Health,7,17,1,25,4.0,,Chuck Divita Teladoc Health
2026-05-01,W Bradley Southern,Louisiana-Pacific Corporation,1,5,1,7,14.3,,W Bradley Southern Louisiana-Pacific Corporation
2026-05-01,George C Freeman III,Universal Corporation,6,19,0,25,0.0,,George C Freeman III Universal Corporation
2026-05-01,James A Brock,Consol Energy,6,2,1,9,11.1,,James A Brock Consol Energy
2026-05-01,Robert Antokol,Playtika Holding,2,10,1,13,7.7,,Robert Antokol Playtika Holding
2026-05-01,Joe Craft,Alliance Resource Partners,9,14,2,25,8.0,,Joe Craft Alliance Resource Partners
2026-05-01,Paul Keel,Envista Holdings,2,8,1,11,9.1,,Paul Keel Envista Holdings
2026-05-01,Jared Isaacman,Shift4 Payments,8,15,2,25,8.0,,Jared Isaacman Shift4 Payments
2026-05-01,Mark Mac McFarland,Talen Energy,7,2,1,10,10.0,,Mark Mac McFarland Talen Energy
2026-05-01,Tony R Thene,Carpenter Technology,1,16,0,17,0.0,,Tony R Thene Carpenter Technology
2026-05-01,Melissa D Smith,WEX,3,12,3,18,16.7,,Melissa D Smith WEX
2026-05-01,James Jim C Ryan III,Old National Bancorp,0,4,0,4,0.0,,James Jim C Ryan III Old National Bancorp
2026-05-01,Peter J Federico,AGNC Investment,2,5,1,8,12.5,,Peter J Federico AGNC Investment
2026-05-01,Brent L Yeagy,Wabash National,0,4,1,5,20.0,,Brent L Yeagy Wabash National
2026-05-01,Henry A Fernandez,MSCI,7,12,6,25,24.0,,Henry A Fernandez MSCI
2026-05-01,Mark Penn,Stagwell,9,11,5,25,20.0,,Mark Penn Stagwell
2026-05-01,Julie Schertell,Mativ,0,7,0,7,0.0,,Julie Schertell Mativ
2026-05-01,Ashish Chand,Belden,4,7,1,12,8.3,,Ashish Chand Belden
2026-05-01,Greg Anderson,Allegiant Travel Company,9,14,0,23,0.0,,Greg Anderson Allegiant Travel Company
2026-05-01,Drew Houston,Dropbox,9,15,1,25,4.0,,Drew Houston Dropbox
2026-05-01,Kevin T Conroy,Exact Sciences,5,15,5,25,20.0,,Kevin T Conroy Exact Sciences
2026-05-01,Rex D Geveden,BWX Technologies,9,15,1,25,4.0,,Rex D Geveden BWX Technologies
2026-05-01,Scott R Wells,Clear Channel Outdoor Holdings,5,3,1,9,11.1,,Scott R Wells Clear Channel Outdoor Holdings
2026-05-01,Mac Cummings,Terakeet,2,6,0,8,0.0,,Mac Cummings Terakeet
2026-05-01,Casey Wasserman,Wasserman,9,8,8,25,32.0,,Casey Wasserman Wasserman
2026-05-01,Nancy Pierce,GEICO,7,12,3,22,13.6,,Nancy Pierce GEICO
2026-05-01,Richard Dickson,Gap Inc,17,7,1,25,4.0,,Richard Dickson Gap Inc
2026-05-01,Horacio Barbeito,Old Navy,2,12,2,16,12.5,,Horacio Barbeito Old Navy
2026-05-01,Marcus Lemonis,Bed Bath & Beyond,10,14,1,25,4.0,,Marcus Lemonis Bed Bath & Beyond
2026-05-01,Gregory A Adams,Kaiser Permanente,7,14,4,25,16.0,,Gregory A Adams Kaiser Permanente
2026-05-01,Andy MacMillan,Alteryx,4,18,3,25,12.0,,Andy MacMillan Alteryx
2026-05-01,Magda Chambriard,Petrobras,7,12,6,25,24.0,,Magda Chambriard Petrobras
2026-05-01,Mike Petrullo,Dynata,2,6,0,8,0.0,,Mike Petrullo Dynata
2026-05-01,James Fish Jr,WM,3,5,17,25,68.0,,James Fish Jr WM
2026-05-01,Jack Dorsey,Block Inc,2,4,19,25,76.0,,Jack Dorsey Block Inc
2026-05-01,Lachlan Murdoch,Fox Corporation,5,13,7,25,28.0,,Lachlan Murdoch Fox Corporation
2026-05-01,Jean-Marc Gilson,Westlake Corporation,3,15,2,20,10.0,,Jean-Marc Gilson Westlake Corporation
2026-05-01,Joe Earley,Hulu,8,16,1,25,4.0,,Joe Earley Hulu
2026-05-01,Brent Saunders,Bausch & Lomb,6,16,3,25,12.0,,Brent Saunders Bausch & Lomb
2026-05-01,Ayman Antoun,OpenText,1,16,0,17,0.0,,Ayman Antoun OpenText
2026-05-01,Paul Guyardo,Fetch Pet Insurance,2,15,1,18,5.6,,Paul Guyardo Fetch Pet Insurance
2026-05-01,James R Downing,St Jude Childrens Research Hospital,11,10,4,25,16.0,,James R Downing St Jude Childrens Research Hospital
2026-05-01,Stanley Middleman,Freedom Mortgage,16,8,1,25,4.0,,Stanley Middleman Freedom Mortgage
2026-05-01,Michael Rubin,Fanatics,9,14,2,25,8.0,,Michael Rubin Fanatics
2026-05-01,Shane Jacobson,American Cancer Society,4,3,18,25,72.0,,Shane Jacobson American Cancer Society
2026-05-01,Albert Crawford,BHG Financial,6,4,0,10,0.0,,Albert Crawford BHG Financial
2026-05-01,Robert F Smith,Vista Equity Partners,6,15,4,25,16.0,,Robert F Smith Vista Equity Partners
2026-05-01,Jonathan Lavine,Bain Capital,4,17,4,25,16.0,,Jonathan Lavine Bain Capital
2026-05-01,Joshua Bekenstein,Bain Capital,3,8,2,13,15.4,,Joshua Bekenstein Bain Capital
2026-05-01,Stephen Pagliuca,Bain Capital,3,20,2,25,8.0,,Stephen Pagliuca Bain Capital
2026-05-01,Baron Silverstein,Newrez,2,21,2,25,8.0,,Baron Silverstein Newrez
2026-05-01,Robert G Goldstein,Las Vegas Sands,5,17,3,25,12.0,,Robert G Goldstein Las Vegas Sands
2026-05-01,Jennifer L Mnookin,Columbia University,3,21,1,25,4.0,,Jennifer L Mnookin Columbia University
2026-05-01,Soren Toft,MSC Mediterranean Shipping Company,5,19,1,25,4.0,,Soren Toft MSC Mediterranean Shipping Company
2026-05-01,Joe Rice,Motley Rice,6,10,9,25,36.0,,Joe Rice Motley Rice
2026-05-01,Michael ByungJu Kim,MBK Partners,2,4,19,25,76.0,,Michael ByungJu Kim MBK Partners
2026-05-01,Michael Fisch,American Securities,12,6,4,22,18.2,,Michael Fisch American Securities
2026-05-01,Oliver Schusser,Beats Electronics LLC,1,2,0,3,0.0,,Oliver Schusser Beats Electronics LLC
2026-05-01,Andrew Dudum,Hims & Hers,5,16,4,25,16.0,,Andrew Dudum Hims & Hers
2026-05-01,Brian Sikes,Cargill,4,19,2,25,8.0,,Brian Sikes Cargill
2026-05-01,Dave Robertson,Koch Inc,6,14,5,25,20.0,,Dave Robertson Koch Inc
2026-05-01,Poul Weihrauch,Mars,3,22,0,25,0.0,,Poul Weihrauch Mars
2026-05-01,Charles Butt,H-E-B Grocery Company,7,16,2,25,8.0,,Charles Butt H-E-B Grocery Company
2026-05-01,Duke Reyes,Reyes Holdings,2,21,2,25,8.0,,Duke Reyes Reyes Holdings
2026-05-01,Chrissy Taylor,Enterprise Mobility,5,18,2,25,8.0,,Chrissy Taylor Enterprise Mobility
2026-05-01,Eric Winn,C&S Wholesale Grocers,7,18,0,25,0.0,,Eric Winn C&S Wholesale Grocers
2026-05-01,Abigail Johnson,Fidelity Investments,6,14,5,25,20.0,,Abigail Johnson Fidelity Investments
2026-05-01,Wayne Chaplin,Southern Glazer's Wine & Spirits,7,17,1,25,4.0,,Wayne Chaplin Southern Glazer's Wine & Spirits
2026-05-01,Greg Love,Love's Travel Stops & Country Stores,8,7,10,25,40.0,,Greg Love Love's Travel Stops & Country Stores
2026-05-01,Jim Boyle,Medline Industries,11,12,2,25,8.0,,Jim Boyle Medline Industries
2026-05-01,Alex Taylor,Cox Enterprises,10,15,0,25,0.0,,Alex Taylor Cox Enterprises
2026-05-01,Rick Keyes,Meijer,8,16,1,25,4.0,,Rick Keyes Meijer
2026-05-01,Rich Wolowski,Gordon Food Service,9,16,0,25,0.0,,Rich Wolowski Gordon Food Service
2026-05-01,Dan Chait,JM Family Enterprises,3,12,0,15,0.0,,Dan Chait JM Family Enterprises
2026-05-01,Brendan Bechtel,Bechtel,3,18,4,25,16.0,,Brendan Bechtel Bechtel
2026-05-01,Keith Rozolis,ABC Supply,5,17,0,22,0.0,,Keith Rozolis ABC Supply
2026-05-01,Jim Kavanaugh,World Wide Technology,7,18,0,25,0.0,,Jim Kavanaugh World Wide Technology
2026-05-01,Kevin Thornton,QuikTrip,4,5,0,9,0.0,,Kevin Thornton QuikTrip
2026-05-01,Jim Voss,Tenneco,3,7,0,10,0.0,,Jim Voss Tenneco
2026-05-01,Chris Gheysens,Wawa,9,14,2,25,8.0,,Chris Gheysens Wawa
2026-05-01,Natalie Morhous,RaceTrac,5,15,0,20,0.0,,Natalie Morhous RaceTrac
2026-05-01,Bob Sternfels,McKinsey & Company,8,16,1,25,4.0,,Bob Sternfels McKinsey & Company
2026-05-01,Craig Abod,Carahsoft,14,10,1,25,4.0,,Craig Abod Carahsoft
2026-05-01,Thai Lee,SHI International,6,18,1,25,4.0,,Thai Lee SHI International
2026-05-01,Jay Alvather,Allegis Group,2,7,1,10,10.0,,Jay Alvather Allegis Group
2026-05-01,John Tu,Kingston Technology,7,18,0,25,0.0,,John Tu Kingston Technology
2026-05-01,Travis R Sheetz,Sheetz,7,15,3,25,12.0,,Travis R Sheetz Sheetz
2026-05-01,Andrew Novotny,Calpine,5,7,0,12,0.0,,Andrew Novotny Calpine
2026-05-01,Dan Friedkin,The Friedkin Group,5,12,8,25,32.0,,Dan Friedkin The Friedkin Group
2026-05-01,Jeremy Gosch,Hy-Vee,9,15,1,25,4.0,,Jeremy Gosch Hy-Vee
2026-05-01,John Menard Jr,Menards,4,14,7,25,28.0,,John Menard Jr Menards
2026-05-01,Colleen Wegman,Wegmans Food Markets,16,8,1,25,4.0,,Colleen Wegman Wegmans Food Markets
2026-05-01,Christoph Schweizer,BCG (Boston Consulting Group),7,14,4,25,16.0,,Christoph Schweizer BCG (Boston Consulting Group)
2026-05-01,Steven R Swartz,Hearst,6,17,2,25,8.0,,Steven R Swartz Hearst
2026-05-01,Fisk Johnson,SC Johnson,10,11,4,25,16.0,,Fisk Johnson SC Johnson
2026-05-01,Tim Regan,Whiting-Turner Contracting,4,21,0,25,0.0,,Tim Regan Whiting-Turner Contracting
2026-05-01,Bill Artman,Giant Eagle,7,16,2,25,8.0,,Bill Artman Giant Eagle
2026-05-01,Robert Mullen,STO Building Group,2,8,0,10,0.0,,Robert Mullen STO Building Group
2026-05-01,Kathleen M Mazzarella,Graybar Electric,4,8,1,13,7.7,,Kathleen M Mazzarella Graybar Electric
2026-05-01,Todd Wanek,Ashley Furniture Industries,8,15,2,25,8.0,,Todd Wanek Ashley Furniture Industries
2026-05-01,Marc Sachs,Republic National Distributing Company,3,20,2,25,8.0,,Marc Sachs Republic National Distributing Company
2026-05-01,Garrett Lofto,JR Simplot,3,6,1,10,10.0,,Garrett Lofto JR Simplot
2026-05-01,David Winter,Standard Industries,8,17,0,25,0.0,,David Winter Standard Industries
2026-05-01,Dick Tracy,Dot Foods,5,12,2,19,10.5,,Dick Tracy Dot Foods
2026-05-01,David Jukes,Univar Solutions,2,13,0,15,0.0,,David Jukes Univar Solutions
2026-05-01,Kevin McAdams,Perdue Farms,5,19,1,25,4.0,,Kevin McAdams Perdue Farms
2026-05-01,Ken Hicks,Petsmart,1,15,1,17,5.9,,Ken Hicks Petsmart
2026-05-01,Grant Haag,WinCo Foods,7,2,0,9,0.0,,Grant Haag WinCo Foods
2026-05-01,George Pfeffer,DPR Construction,3,6,0,9,0.0,,George Pfeffer DPR Construction
2026-05-01,Dean Muglia,Discount Tire,1,24,0,25,0.0,,Dean Muglia Discount Tire
2026-05-01,Christopher Leitner,Tenaska,0,5,0,5,0.0,,Christopher Leitner Tenaska
2026-05-01,David Kohler,Kohler,4,17,4,25,16.0,,David Kohler Kohler
2026-05-01,Shahid Khan,Flex-N-Gate,6,16,3,25,12.0,,Shahid Khan Flex-N-Gate
2026-05-01,Doug Lawler,Continental Resources,8,16,1,25,4.0,,Doug Lawler Continental Resources
2026-05-01,Tom Bené,Breakthru Beverage Group,1,20,4,25,16.0,,Tom Bené Breakthru Beverage Group
2026-05-01,LT Gibson,US LBM Holdings,1,17,0,18,0.0,,LT Gibson US LBM Holdings
2026-05-01,Andrew Wallach,Central National-Gottesman,1,4,0,5,0.0,,Andrew Wallach Central National-Gottesman
2026-05-01,Steve Lavin,OSI Group,3,6,0,9,0.0,,Steve Lavin OSI Group
2026-05-01,Michael Mansfield,Mansfield Energy,8,15,2,25,8.0,,Michael Mansfield Mansfield Energy
2026-05-01,Mike Gitlin,Capital Group Companies,9,16,0,25,0.0,,Mike Gitlin Capital Group Companies
2026-05-01,John Morris,Great American Outdoors Group,14,11,0,25,0.0,,John Morris Great American Outdoors Group
2026-05-01,David Green,Hobby Lobby Stores,12,10,3,25,12.0,,David Green Hobby Lobby Stores
2026-05-01,Ganesh Ramaswamy,Southwire,3,5,0,8,0.0,,Ganesh Ramaswamy Southwire
2026-05-01,John Lederer,Staples Inc,1,16,0,17,0.0,,John Lederer Staples Inc
2026-05-01,Richard Uihlein,Uline,2,22,1,25,4.0,,Richard Uihlein Uline
2026-05-01,Andrew Truett Cathy,Chick-fil-A,8,16,1,25,4.0,,Andrew Truett Cathy Chick-fil-A
2026-05-01,John Catsimatidis,Red Apple Group,9,15,1,25,4.0,,John Catsimatidis Red Apple Group
2026-05-01,Paul Maass,Scoular,5,4,0,9,0.0,,Paul Maass Scoular
2026-05-01,Michael Nelson,Amway,8,17,0,25,0.0,,Michael Nelson Amway
2026-05-01,Christopher L Ayers,Arconic,0,1,0,1,0.0,,Christopher L Ayers Arconic
2026-05-01,Eric Smidt,Harbor Freight Tools,8,17,0,25,0.0,,Eric Smidt Harbor Freight Tools
2026-05-01,Deb Conklin,Kehe Distributors,5,8,0,13,0.0,,Deb Conklin Kehe Distributors
2026-05-01,Darron Ash,Sammons Enterprises,1,7,0,8,0.0,,Darron Ash Sammons Enterprises
2026-05-01,Leslie Duke,Burns & McDonnell,8,16,1,25,4.0,,Leslie Duke Burns & McDonnell
2026-05-01,Adam R Jelen,Gilbane,3,7,0,10,0.0,,Adam R Jelen Gilbane
2026-05-01,Donald T Mulligan,Demoulas Super Markets,0,15,10,25,40.0,,Donald T Mulligan Demoulas Super Markets
2026-05-01,John Howard Hallam,Ben E Keith,1,4,0,5,0.0,,John Howard Hallam Ben E Keith
2026-05-01,Jim Allen,Hard Rock International,4,4,17,25,68.0,,Jim Allen Hard Rock International
2026-05-01,Jon A Ballis,Kirkland & Ellis,3,20,2,25,8.0,,Jon A Ballis Kirkland & Ellis
2026-05-01,Brad Jeanneret,Hensel Phelps Construction,1,10,0,11,0.0,,Brad Jeanneret Hensel Phelps Construction
2026-05-01,Christophe de Vusser,Bain & Company,5,20,0,25,0.0,,Christophe de Vusser Bain & Company
2026-05-01,Crystal Maggelet,FJ Management,7,12,1,20,5.0,,Crystal Maggelet FJ Management
2026-05-01,John Persons,Northeast Grocery,13,12,0,25,0.0,,John Persons Northeast Grocery
2026-05-01,Ron Dunford,Schreiber Foods,2,11,0,13,0.0,,Ron Dunford Schreiber Foods
2026-05-01,Matthew Walsh,Walsh Group,7,14,4,25,16.0,,Matthew Walsh Walsh Group
2026-05-01,Ken Oaks,TQL - Total Quality Logistics,9,11,4,24,16.7,,Ken Oaks TQL - Total Quality Logistics
2026-05-01,Robert D Moser Jr,Clark Group,1,5,2,8,25.0,,Robert D Moser Jr Clark Group
2026-05-01,Jeff Cook,Arco Construction,1,8,0,9,0.0,,Jeff Cook Arco Construction
2026-05-01,Ryan Maibach,Barton Malow,1,11,1,13,7.7,,Ryan Maibach Barton Malow
2026-05-01,Gordon Lansford,JE Dunn Construction Group,3,15,0,18,0.0,,Gordon Lansford JE Dunn Construction Group
2026-05-01,Joe Preston,New Balance,3,20,2,25,8.0,,Joe Preston New Balance
2026-05-01,Ray Sedey,McCarthy Holdings,2,7,0,9,0.0,,Ray Sedey McCarthy Holdings
2026-05-01,Maggie Hardy,84 Lumber,20,5,0,25,0.0,,Maggie Hardy 84 Lumber
2026-05-01,Barry Zyskind,AmTrust Financial Services,5,17,3,25,12.0,,Barry Zyskind AmTrust Financial Services
2026-05-01,Keith Knopf,The Raleys Companies,3,22,0,25,0.0,,Keith Knopf The Raleys Companies
2026-05-01,Kent McClelland,Shamrock Foods Company,6,8,1,15,6.7,,Kent McClelland Shamrock Foods Company
2026-05-01,Stewart Resnick,The Wonderful Company,13,10,2,25,8.0,,Stewart Resnick The Wonderful Company
2026-05-01,Mike Haller,Walbridge,3,5,1,9,11.1,,Mike Haller Walbridge
2026-05-01,Dan Schwab,D&H Distributing,8,14,3,25,12.0,,Dan Schwab D&H Distributing
2026-05-01,Andrew Cherng,Panda Restaurant Group,7,16,2,25,8.0,,Andrew Cherng Panda Restaurant Group
2026-05-01,Rob Blalock,Brasfield & Gorrie,5,11,1,17,5.9,,Rob Blalock Brasfield & Gorrie
2026-05-01,Anthony Johnson,Clayco Inc,2,10,0,12,0.0,,Anthony Johnson Clayco Inc
2026-05-01,Richard Ferranti,Rich Products Corporation,20,2,0,22,0.0,,Richard Ferranti Rich Products Corporation
2026-05-01,Chris O’Brien,Armada Sunset Holdings,2,6,1,9,11.1,,Chris O’Brien Armada Sunset Holdings
2026-05-01,Ira B Silver,American Tire Distributors Holdings,1,5,0,6,0.0,,Ira B Silver American Tire Distributors Holdings
2026-05-01,Dave Drinkward,Hoffman Corporation,2,7,0,9,0.0,,Dave Drinkward Hoffman Corporation
2026-05-01,Richard Trobman,Latham & Watkins,6,15,4,25,16.0,,Richard Trobman Latham & Watkins
2026-05-01,Scott M Asplundh,Asplundh Tree Expert,3,7,0,10,0.0,,Scott M Asplundh Asplundh Tree Expert
2026-05-01,Kim Roy,HITT Contracting,2,12,0,14,0.0,,Kim Roy HITT Contracting
2026-05-01,John F Fish,Suffolk Construction Company,9,13,3,25,12.0,,John F Fish Suffolk Construction Company
2026-05-01,Derek Cunz,Mortenson,4,7,0,11,0.0,,Derek Cunz Mortenson
2026-05-01,Rex A Rock Sr,Arctic Slope Regional Corporation,9,14,2,25,8.0,,Rex A Rock Sr Arctic Slope Regional Corporation
2026-05-01,Joseph Grendys,Koch Foods,3,10,3,16,18.8,,Joseph Grendys Koch Foods
2026-05-01,Alan Gershenhorn,Transportation Insight,0,5,0,5,0.0,,Alan Gershenhorn Transportation Insight
2026-05-01,James F Dicke II,Crown Equipment Corporation,5,7,1,13,7.7,,James F Dicke II Crown Equipment Corporation
2026-05-01,Brian Dick,Golden State Foods,9,10,6,25,24.0,,Brian Dick Golden State Foods
2026-05-01,Christopher Ilitch,Ilitch Holdings,11,13,1,25,4.0,,Christopher Ilitch Ilitch Holdings
2026-05-01,William G Yates III,The Yates Companies,10,15,0,25,0.0,,William G Yates III The Yates Companies
2026-05-01,John B Zachry,Zachry Holdings,7,14,4,25,16.0,,John B Zachry Zachry Holdings
2026-05-01,Ken Sweder,BradyPLUS,4,5,0,9,0.0,,Ken Sweder BradyPLUS
2026-05-01,Christian Demere,Colonial Group,7,12,0,19,0.0,,Christian Demere Colonial Group
2026-05-01,Webb Estes,Estes Express Lines,5,17,3,25,12.0,,Webb Estes Estes Express Lines
2026-05-01,Joseph E Gallo,Gallo,6,15,4,25,16.0,,Joseph E Gallo Gallo
2026-05-01,Bret Snyder,W L Gore & Associates,2,10,1,13,7.7,,Bret Snyder W L Gore & Associates
2026-05-01,Beth Lowry,Holder Construction,4,5,0,9,0.0,,Beth Lowry Holder Construction
2026-05-01,Jefferson Hillman,JD Heiskell & Co,2,6,0,8,0.0,,Jefferson Hillman JD Heiskell & Co
2026-05-01,Robert Kraft,The Kraft Group,11,11,3,25,12.0,,Robert Kraft The Kraft Group
2026-05-01,David Boone,The Michaels Companies,12,13,0,25,0.0,,David Boone The Michaels Companies
2026-05-01,Ira Rennert,Renco Group,3,12,10,25,40.0,,Ira Rennert Renco Group
2026-05-01,Greg McNiff,Stater Bros Markets,9,16,0,25,0.0,,Greg McNiff Stater Bros Markets
2026-05-01,Gabe Newell,Valve Corporation,13,7,5,25,20.0,,Gabe Newell Valve Corporation
2026-05-01,Tilman Fertitta,Fertitta Entertainment,12,12,1,25,4.0,,Tilman Fertitta Fertitta Entertainment
2026-05-01,Judy Faulkner,Epic Systems,14,8,3,25,12.0,,Judy Faulkner Epic Systems
2026-05-01,Mario Azar,Black & Veatch,8,15,2,25,8.0,,Mario Azar Black & Veatch
2026-05-01,Stephen Smith,Amsted Industries,0,3,0,3,0.0,,Stephen Smith Amsted Industries
2026-05-01,Paul Novelly II,Apex Oil,1,3,4,8,50.0,,Paul Novelly II Apex Oil
2026-05-01,David Walls,Austin Industries,2,5,0,7,0.0,,David Walls Austin Industries
2026-05-01,Thomas J Quinlan III,RR Donnelley,1,8,1,10,10.0,,Thomas J Quinlan III RR Donnelley
2026-05-01,Pat Michels,Michels Corporation,9,15,1,25,4.0,,Pat Michels Michels Corporation
2026-05-01,Brian McPheely,Pratt Industries,4,5,1,10,10.0,,Brian McPheely Pratt Industries
2026-05-01,Frank Grande,Quirch Foods,1,11,0,12,0.0,,Frank Grande Quirch Foods
2026-05-01,Jerry LeClair,Brookshire Grocery Company,1,14,0,15,0.0,,Jerry LeClair Brookshire Grocery Company
2026-05-01,Jennifer Morgan,UKG,4,21,0,25,0.0,,Jennifer Morgan UKG
2026-05-01,Tom Krause,Cloud Software Group,2,20,3,25,12.0,,Tom Krause Cloud Software Group
2026-05-01,Lou M Jacobs,Delaware North,7,18,0,25,0.0,,Lou M Jacobs Delaware North
2026-05-01,Stanley Bikulege,Novolex,3,16,0,19,0.0,,Stanley Bikulege Novolex
2026-05-01,David Callis,Swinerton,4,7,0,11,0.0,,David Callis Swinerton
2026-05-01,Richard Jaggers,Alberici Corporation,1,5,0,6,0.0,,Richard Jaggers Alberici Corporation
2026-05-01,Dave Doherty,DigiKey,9,15,1,25,4.0,,Dave Doherty DigiKey
2026-05-01,Bob Sarver,Great Lakes Cheese,2,0,0,2,0.0,,Bob Sarver Great Lakes Cheese
2026-05-01,Bill Sansom,HT Hackney,2,7,0,9,0.0,,Bill Sansom HT Hackney
2026-05-01,Darlene Nicosia,Makers Pride LLC,5,0,1,6,16.7,,Darlene Nicosia Makers Pride LLC
2026-05-01,Dion Houchins,Houchens Industries,2,7,0,9,0.0,,Dion Houchins Houchens Industries
2026-05-01,Jeffrey Seaman,Rooms To Go,5,20,0,25,0.0,,Jeffrey Seaman Rooms To Go
2026-05-01,Boyden Moore,Orgill Warehouse,0,8,2,10,20.0,,Boyden Moore Orgill Warehouse
2026-05-01,Brian George,Alex Lee,4,21,0,25,0.0,,Brian George Alex Lee
2026-05-01,Chris Galvin,Andersen Corporation,10,15,0,25,0.0,,Chris Galvin Andersen Corporation
2026-05-01,Douglas R Waggoner,Echo Global Logistics,2,3,2,7,28.6,,Douglas R Waggoner Echo Global Logistics
2026-05-01,Chris Kleinert,Hunt Consolidated Inc,3,6,0,9,0.0,,Chris Kleinert Hunt Consolidated Inc
2026-05-01,Lance FitzSimmons,Leprino Foods,2,8,0,10,0.0,,Lance FitzSimmons Leprino Foods
2026-05-01,Ruffner Page,O'Neal Industries,1,8,0,9,0.0,,Ruffner Page O'Neal Industries
2026-05-01,Edward V Morgan,Plastipak Holdings,1,4,0,5,0.0,,Edward V Morgan Plastipak Holdings
2026-05-01,Todd Simmons,Simmons Foods,7,17,1,25,4.0,,Todd Simmons Simmons Foods
2026-05-01,L Gene Clark,"Clark Core Services, LLC",0,1,0,1,0.0,,"L Gene Clark Clark Core Services, LLC"
2026-05-01,Thomas B Crowley Jr,Crowley Maritime,13,10,2,25,8.0,,Thomas B Crowley Jr Crowley Maritime
2026-05-01,Stephen Gray,Gray Inc,15,8,2,25,8.0,,Stephen Gray Gray Inc
2026-05-01,Joseph R Lucot,Guttman Holdings,2,0,0,2,0.0,,Joseph R Lucot Guttman Holdings
2026-05-01,Mike Perry,Hallmark Cards Inc,2,19,4,25,16.0,,Mike Perry Hallmark Cards Inc
2026-05-01,Gary R Kaneb,HP Hood,1,4,1,6,16.7,,Gary R Kaneb HP Hood
2026-05-01,Sidney R Brown,NFI Industries,1,6,4,11,36.4,,Sidney R Brown NFI Industries
2026-05-01,James Goodnight,SAS Institute,5,16,4,25,16.0,,James Goodnight SAS Institute
2026-05-01,John Boynton,Southern Tire Mart,4,5,0,9,0.0,,John Boynton Southern Tire Mart
2026-05-01,Patrick Collison,Stripe,8,14,3,25,12.0,,Patrick Collison Stripe
2026-05-01,John Buckley,Wilbur-Ellis Company,7,13,0,20,0.0,,John Buckley Wilbur-Ellis Company
2026-05-01,Jeremy D London,Skadden,1,12,8,21,38.1,,Jeremy D London Skadden
2026-05-01,Mamadou Diallo,Piston Group,0,6,1,7,14.3,,Mamadou Diallo Piston Group
2026-05-01,Jonathan C Tauber,Tauber Oil Company,0,0,0,0,0.0,,Jonathan C Tauber Tauber Oil Company
2026-05-01,Glenn M Fish,JM Huber,1,3,0,4,0.0,,Glenn M Fish JM Huber
2026-05-01,Reinhold Schmieding,Arthrex,12,12,1,25,4.0,,Reinhold Schmieding Arthrex
2026-05-01,Neal Blue,General Atomics,11,12,2,25,8.0,,Neal Blue General Atomics
2026-05-01,Mark Hubler,Johnson Brothers Liquor Company,0,4,1,5,20.0,,Mark Hubler Johnson Brothers Liquor Company
2026-05-01,Tom Rosen,Rosens Diversified,0,2,0,2,0.0,,Tom Rosen Rosens Diversified
2026-05-01,Brian Murray,Ryan Companies,3,19,3,25,12.0,,Brian Murray Ryan Companies
2026-05-01,Yehia Maaty Omar,Zones LLC,3,5,0,8,0.0,,Yehia Maaty Omar Zones LLC
2026-05-01,Lila Snyder,Bose Corporation,3,19,3,25,12.0,,Lila Snyder Bose Corporation
2026-05-01,Anthony Consigli,Consigli Building Group,5,20,0,25,0.0,,Anthony Consigli Consigli Building Group
2026-05-01,Jay A Brown,David Weekley Homes,2,11,0,13,0.0,,Jay A Brown David Weekley Homes
2026-05-01,Annie Callanan,EBSCO Industries Inc,1,7,0,8,0.0,,Annie Callanan EBSCO Industries Inc
2026-05-01,Barbara L Becker,"Gibson, Dunn & Crutcher",2,10,1,13,7.7,,"Barbara L Becker Gibson, Dunn & Crutcher"
2026-05-01,Steven C Smith,Food City,3,22,0,25,0.0,,Steven C Smith Food City
2026-05-01,Aubrey Preston,Life Care Centers of America,22,2,1,25,4.0,,Aubrey Preston Life Care Centers of America
2026-05-01,Todd R Schnuck,Schnuck Markets,10,9,1,20,5.0,,Todd R Schnuck Schnuck Markets
2026-05-01,Yvette Ostolaza,Sidley Austin,10,15,0,25,0.0,,Yvette Ostolaza Sidley Austin
2026-05-01,Edward G Weiner,Trammo Inc,0,0,0,0,0.0,,Edward G Weiner Trammo Inc
2026-05-01,Bill Hayes,Berlin Packaging,0,17,0,17,0.0,,Bill Hayes Berlin Packaging
2026-05-01,John Alston,Brookshire Brothers,3,22,0,25,0.0,,John Alston Brookshire Brothers
2026-05-01,Keith Clark,Dart Container,1,5,3,9,33.3,,Keith Clark Dart Container
2026-05-01,Jayson Penn,Foster Farms,2,7,0,9,0.0,,Jayson Penn Foster Farms
2026-05-01,Eric A Mendelson,HEICO Corporation,7,16,2,25,8.0,,Eric A Mendelson HEICO Corporation
2026-05-01,Julie Jones,Ropes & Gray,9,14,2,25,8.0,,Julie Jones Ropes & Gray
2026-05-01,Jake Wenz,Sazerac Company,5,18,2,25,8.0,,Jake Wenz Sazerac Company
2026-05-01,Heather McDevitt,White & Case,2,23,0,25,0.0,,Heather McDevitt White & Case
2026-05-01,Don Hendricks,Belk,3,21,1,25,4.0,,Don Hendricks Belk
2026-05-01,Talbott Roche,Blackhawk Network,8,16,0,24,0.0,,Talbott Roche Blackhawk Network
2026-05-01,Jami Wintz McKeon,Morgan Lewis,4,16,1,21,4.8,,Jami Wintz McKeon Morgan Lewis
2026-05-01,Richard L Jackson,Jackson Healthcare,9,14,2,25,8.0,,Richard L Jackson Jackson Healthcare
2026-05-01,Michael P D'Amour,Big Y Foods,4,20,1,25,4.0,,Michael P D'Amour Big Y Foods
2026-05-01,Scott G Clawson,Culligan International,1,0,0,1,0.0,,Scott G Clawson Culligan International
2026-05-01,David Ahlem,Hilmar Cheese,8,10,1,19,5.3,,David Ahlem Hilmar Cheese
2026-05-01,Sheldon Yellen,Belfor,9,10,6,25,24.0,,Sheldon Yellen Belfor
2026-05-01,Libby Wadle,JCrew Group,6,16,3,25,12.0,,Libby Wadle JCrew Group
2026-05-01,Gregory M Shumaker,Jones Day,3,19,1,23,4.3,,Gregory M Shumaker Jones Day
2026-05-01,Brian Johnson,Newly Weds Foods,3,15,0,18,0.0,,Brian Johnson Newly Weds Foods
2026-05-01,Stephen Toups,Turner Industries,6,19,0,25,0.0,,Stephen Toups Turner Industries
2026-05-01,Miguel A Zaldivar Jr,Hogan Lovells,1,6,0,7,0.0,,Miguel A Zaldivar Jr Hogan Lovells
2026-05-01,Toby Bozzuto,Bozzuto Group,4,20,1,25,4.0,,Toby Bozzuto Bozzuto Group
2026-05-01,Amanda Irwin,Mountaire Farms,3,6,1,10,10.0,,Amanda Irwin Mountaire Farms
2026-05-01,Franco Bianchi,Haworth International,3,6,0,9,0.0,,Franco Bianchi Haworth International
2026-05-01,Ryan Rogers,Mary Kay Cosmetics,7,15,3,25,12.0,,Ryan Rogers Mary Kay Cosmetics
2026-05-01,Mark Teo,Sigma Plastics Group,2,7,1,10,10.0,,Mark Teo Sigma Plastics Group
2026-05-01,Joel L Hawthorne,TMS International,0,1,0,1,0.0,,Joel L Hawthorne TMS International
2026-05-01,Joe Bundrant,Trident Seafoods,4,18,3,25,12.0,,Joe Bundrant Trident Seafoods
2026-05-01,Ann Fandozzi,Convergint,5,1,0,6,0.0,,Ann Fandozzi Convergint
2026-05-01,Carl Cook,Cook Group,11,12,2,25,8.0,,Carl Cook Cook Group
2026-05-01,Harold L Yoh III,Day & Zimmermann,1,7,2,10,20.0,,Harold L Yoh III Day & Zimmermann
2026-05-01,Gabe Dalporto,Guitar Center,9,14,2,25,8.0,,Gabe Dalporto Guitar Center
2026-05-01,Will McWane,McWane,9,16,0,25,0.0,,Will McWane McWane
2026-05-01,Giuseppe B Commisso,Mediacom Communications,7,17,1,25,4.0,,Giuseppe B Commisso Mediacom Communications
2026-05-01,Todd Chachere,Perry Homes,3,12,0,15,0.0,,Todd Chachere Perry Homes
2026-05-01,Paula Harper Bethea,J M Smith Corporation,0,6,1,7,14.3,,Paula Harper Bethea J M Smith Corporation
2026-05-01,Charlie Whitaker,Taylor Corporation,9,11,0,20,0.0,,Charlie Whitaker Taylor Corporation
2026-05-01,Bill Geary,Parts Town Unlimited,3,11,0,14,0.0,,Bill Geary Parts Town Unlimited
2026-05-01,Brian L Duffy,Greenberg Traurig,1,8,1,10,10.0,,Brian L Duffy Greenberg Traurig
2026-05-01,Walter Wang,JM Eagle,13,10,2,25,8.0,,Walter Wang JM Eagle
2026-05-01,Bryce Burgett,Kokosing Construction,2,8,0,10,0.0,,Bryce Burgett Kokosing Construction
2026-05-01,Lance Malesh,Mode Global,5,13,3,21,14.3,,Lance Malesh Mode Global
2026-05-01,Alden Millard,Simpson Thacher & Bartlett,3,22,0,25,0.0,,Alden Millard Simpson Thacher & Bartlett
2026-05-01,Cade Rowley,Sundt Construction,5,8,0,13,0.0,,Cade Rowley Sundt Construction
2026-05-01,Terry O'Brien,TriMark USA,3,5,0,8,0.0,,Terry O'Brien TriMark USA
2026-05-01,Jeff Pope,FW Webb Company,3,21,1,25,4.0,,Jeff Pope FW Webb Company
2026-05-01,Matt Brewer,Choate Construction Company,6,2,1,9,11.1,,Matt Brewer Choate Construction Company
2026-05-01,Peter LeSaffre,Fusion Worldwide,2,4,0,6,0.0,,Peter LeSaffre Fusion Worldwide
2026-05-01,Joshua Klatzkin,Goodwin Procter,3,2,1,6,16.7,,Joshua Klatzkin Goodwin Procter
2026-05-01,Steve Wang,MAT Holdings,0,10,0,10,0.0,,Steve Wang MAT Holdings
2026-05-01,Richard M Mershad,Micro Electronics Inc,0,6,0,6,0.0,,Richard M Mershad Micro Electronics Inc
2026-05-01,Dave Hall,Clune Construction,5,5,0,10,0.0,,Dave Hall Clune Construction
2026-05-01,Robert D Hays Jr,King & Spalding,9,8,3,20,15.0,,Robert D Hays Jr King & Spalding
2026-05-01,Bill Koch,Oxbow Carbon,8,12,5,25,20.0,,Bill Koch Oxbow Carbon
2026-05-01,John B Quinn,Quinn Emanuel Urquhart & Sullivan,7,14,4,25,16.0,,John B Quinn Quinn Emanuel Urquhart & Sullivan
2026-05-01,Don Vultaggio,Arizona Beverage,5,14,6,25,24.0,,Don Vultaggio Arizona Beverage
2026-05-01,Ayman Sayed,BMC Software,5,20,0,25,0.0,,Ayman Sayed BMC Software
2026-05-01,Matthew J Boler,Boler,0,4,0,4,0.0,,Matthew J Boler Boler
2026-05-01,Hamdi Ulukaya,Chobani,12,13,0,25,0.0,,Hamdi Ulukaya Chobani
2026-05-01,Joe Conroy,Cooley,2,20,3,25,12.0,,Joe Conroy Cooley
2026-05-01,Neil Barr,Davis Polk,3,18,4,25,16.0,,Neil Barr Davis Polk
2026-05-01,Scott Barshay,Paul Weiss,2,16,7,25,28.0,,Scott Barshay Paul Weiss
2026-05-01,Ming Bin Kou,Red Chamber Group,0,1,0,1,0.0,,Ming Bin Kou Red Chamber Group
2026-05-01,Damola Adamolekun,Red Lobster,6,12,7,25,28.0,,Damola Adamolekun Red Lobster
2026-05-01,Ken Grossman,Sierra Nevada Brewing Co,10,15,0,25,0.0,,Ken Grossman Sierra Nevada Brewing Co
2026-05-01,Thomas F Lozick,Swagelok,4,2,1,7,14.3,,Thomas F Lozick Swagelok
2026-05-01,Jason Owen,Envision Healthcare,5,19,1,25,4.0,,Jason Owen Envision Healthcare
