date,ceo,company,positive,neutral,negative,total,neg_pct,theme,alias
2026-07-06,John Furner,Walmart,6,16,3,25,12.0,,John Furner Walmart
2026-07-06,Andy Jassy,Amazon,12,11,2,25,8.0,,Andy Jassy Amazon
2026-07-06,Stephen Hemsley,UnitedHealth,10,14,1,25,4.0,,Stephen Hemsley UnitedHealth
2026-07-06,Tim Cook,Apple,3,16,6,25,24.0,,Tim Cook Apple
2026-07-06,David Joyner,CVS Health,8,8,9,25,36.0,,David Joyner CVS Health
2026-07-06,Warren Buffett,Berkshire Hathaway,5,12,8,25,32.0,,Warren Buffett Berkshire Hathaway
2026-07-06,Sundar Pichai,Alphabet Inc,8,15,2,25,8.0,,Sundar Pichai Alphabet Inc
2026-07-06,Darren Woods,Exxon Mobil,2,12,11,25,44.0,,Darren Woods Exxon Mobil
2026-07-06,Brian Tyler,McKesson,8,14,3,25,12.0,,Brian Tyler McKesson
2026-07-06,Robert Mauch,Cencora,6,7,0,13,0.0,,Robert Mauch Cencora
2026-07-06,Jamie Dimon,JPMorgan Chase,4,12,9,25,36.0,,Jamie Dimon JPMorgan Chase
2026-07-06,Ron Vachris,Costco,13,11,1,25,4.0,,Ron Vachris Costco
2026-07-06,David Cordani,Cigna,14,11,0,25,0.0,,David Cordani Cigna
2026-07-06,Satya Nadella,Microsoft,4,13,8,25,32.0,,Satya Nadella Microsoft
2026-07-06,Jason Hollar,Cardinal Health,11,12,2,25,8.0,,Jason Hollar Cardinal Health
2026-07-06,Mike Wirth,Chevron,7,10,8,25,32.0,,Mike Wirth Chevron
2026-07-06,Brian Moynihan,Bank of America,8,13,4,25,16.0,,Brian Moynihan Bank of America
2026-07-06,Mary Barra,General Motors,8,14,3,25,12.0,,Mary Barra General Motors
2026-07-06,Jim Farley,Ford Motor,9,12,4,25,16.0,,Jim Farley Ford Motor
2026-07-06,Gail Boudreaux,Elevance Health,6,15,4,25,16.0,,Gail Boudreaux Elevance Health
2026-07-06,Jane Fraser,Citigroup,7,15,3,25,12.0,,Jane Fraser Citigroup
2026-07-06,Mark Zuckerberg,Meta Platforms,7,13,5,25,20.0,,Mark Zuckerberg Meta Platforms
2026-07-06,Sarah London,Centene,6,15,4,25,16.0,,Sarah London Centene
2026-07-06,Ted Decker,The Home Depot Inc,2,20,3,25,12.0,,Ted Decker The Home Depot Inc
2026-07-06,Priscilla Almodovar,Fannie Mae,3,19,3,25,12.0,,Priscilla Almodovar Fannie Mae
2026-07-06,Ron Sargent,Kroger,0,22,3,25,12.0,,Ron Sargent Kroger
2026-07-06,Mark Lashier,Phillips 66,5,8,12,25,48.0,,Mark Lashier Phillips 66
2026-07-06,Maryann Mannen,Marathon Petroleum,2,20,3,25,12.0,,Maryann Mannen Marathon Petroleum
2026-07-06,Dan Schulman,Verizon,8,12,5,25,20.0,,Dan Schulman Verizon
2026-07-06,Jensen Huang,Nvidia,6,15,4,25,16.0,,Jensen Huang Nvidia
2026-07-06,David Solomon,Goldman Sachs,6,10,9,25,36.0,,David Solomon Goldman Sachs
2026-07-06,Charles Scharf,Wells Fargo,17,4,4,25,16.0,,Charles Scharf Wells Fargo
2026-07-06,Lane Riggs,Valero Energy,19,4,2,25,8.0,,Lane Riggs Valero Energy
2026-07-06,Brian Roberts,Comcast,3,15,7,25,28.0,,Brian Roberts Comcast
2026-07-06,Jon Farney,State Farm Insurance,9,14,2,25,8.0,,Jon Farney State Farm Insurance
2026-07-06,John Stankey,AT&T,9,12,4,25,16.0,,John Stankey AT&T
2026-07-06,Michael Hutchins,Freddie Mac,1,19,4,24,16.7,,Michael Hutchins Freddie Mac
2026-07-06,Jim Rechtin,Humana,12,10,3,25,12.0,,Jim Rechtin Humana
2026-07-06,Ted Pick,Morgan Stanley,15,8,2,25,8.0,,Ted Pick Morgan Stanley
2026-07-06,Michael Fiddelke,Target Corporation,5,12,8,25,32.0,,Michael Fiddelke Target Corporation
2026-07-06,Philip Smith,StoneX Group,4,9,1,14,7.1,,Philip Smith StoneX Group
2026-07-06,Elon Musk,Tesla,4,16,5,25,20.0,,Elon Musk Tesla
2026-07-06,Michael Dell,Dell Technologies,12,12,1,25,4.0,,Michael Dell Dell Technologies
2026-07-06,Ramon Laguarta,PepsiCo,9,13,3,25,12.0,,Ramon Laguarta PepsiCo
2026-07-06,Josh D'Amaro,The Walt Disney Company,8,15,2,25,8.0,,Josh D'Amaro The Walt Disney Company
2026-07-06,Carol Tome,UPS,4,13,8,25,32.0,,Carol Tome UPS
2026-07-06,Joaquin Duato,Johnson & Johnson,12,10,3,25,12.0,,Joaquin Duato Johnson & Johnson
2026-07-06,Rajesh Subramaniam,FedEx,2,17,6,25,24.0,,Rajesh Subramaniam FedEx
2026-07-06,Juan Luciano,Archer Daniels Midland,2,14,9,25,36.0,,Juan Luciano Archer Daniels Midland
2026-07-06,Jon Moeller,Procter & Gamble,2,20,3,25,12.0,,Jon Moeller Procter & Gamble
2026-07-06,Marvin Ellison,Lowe's Companies,4,18,3,25,12.0,,Marvin Ellison Lowe's Companies
2026-07-06,Thomas Long,Energy Transfer,20,0,5,25,20.0,,Thomas Long Energy Transfer
2026-07-06,Christopher Calio,RTX,9,15,1,25,4.0,,Christopher Calio RTX
2026-07-06,Susan Morris,Albertsons,7,17,1,25,4.0,,Susan Morris Albertsons
2026-07-06,Kevin Hourican,Sysco,11,11,3,25,12.0,,Kevin Hourican Sysco
2026-07-06,Tricia Griffith,Progressive Insurance,12,11,2,25,8.0,,Tricia Griffith Progressive Insurance
2026-07-06,Stephen Squeri,American Express,7,14,4,25,16.0,,Stephen Squeri American Express
2026-07-06,James Taiclet,Lockheed Martin,9,11,5,25,20.0,,James Taiclet Lockheed Martin
2026-07-06,Michel Khalaf,MetLife Inc,12,12,1,25,4.0,,Michel Khalaf MetLife Inc
2026-07-06,Samuel Hazen,HCA Healthcare,9,11,5,25,20.0,,Samuel Hazen HCA Healthcare
2026-07-06,Andrew Sullivan,Prudential Financial,6,18,1,25,4.0,,Andrew Sullivan Prudential Financial
2026-07-06,Kelly Ortberg,Boeing,4,20,1,25,4.0,,Kelly Ortberg Boeing
2026-07-06,Joe Creed,Caterpillar,2,23,0,25,0.0,,Joe Creed Caterpillar
2026-07-06,Robert M Davis,Merck,3,15,7,25,28.0,,Robert M Davis Merck
2026-07-06,Thomas J Wilson,Allstate,3,17,5,25,20.0,,Thomas J Wilson Allstate
2026-07-06,Albert Bourla,Pfizer,8,11,6,25,24.0,,Albert Bourla Pfizer
2026-07-06,Arvind Krishna,IBM,7,17,1,25,4.0,,Arvind Krishna IBM
2026-07-06,Craig DeSanto,New York Life Insurance,6,19,0,25,0.0,,Craig DeSanto New York Life Insurance
2026-07-06,Ed Bastian,Delta Air Lines,6,10,9,25,36.0,,Ed Bastian Delta Air Lines
2026-07-06,Kevin Murphy,Publix Super Markets,14,33,3,50,6.0,,Kevin Murphy Publix Super Markets
2026-07-06,Kirt Walker,Nationwide Mutual Insurance Company,7,16,2,25,8.0,,Kirt Walker Nationwide Mutual Insurance Company
2026-07-06,Patrick Zammit,TD Synnex,7,14,4,25,16.0,,Patrick Zammit TD Synnex
2026-07-06,Scott Kirby,United Airlines,22,3,0,25,0.0,,Scott Kirby United Airlines
2026-07-06,Ryan Lance,ConocoPhillips,9,12,4,25,16.0,,Ryan Lance ConocoPhillips
2026-07-06,Ernie Herrman,TJX,10,13,2,25,8.0,,Ernie Herrman TJX
2026-07-06,Bob Michael,AbbVie,5,15,5,25,20.0,,Bob Michael AbbVie
2026-07-06,AJ Jim Teague,Enterprise Products Partners,6,19,0,25,0.0,,AJ Jim Teague Enterprise Products Partners
2026-07-06,Christopher Winfrey,Charter Communications,6,13,6,25,24.0,,Christopher Winfrey Charter Communications
2026-07-06,George Holm,Performance Food,7,18,0,25,0.0,,George Holm Performance Food
2026-07-06,Robert Isom,American Airlines,7,14,4,25,16.0,,Robert Isom American Airlines
2026-07-06,Richard Fairbank,Capital One,7,16,2,25,8.0,,Richard Fairbank Capital One
2026-07-06,Chuck Robbins,Cisco Systems,10,10,5,25,20.0,,Chuck Robbins Cisco Systems
2026-07-06,Bruce Broussard,HP,2,21,2,25,8.0,,Bruce Broussard HP
2026-07-06,Donnie King,Tyson Foods,8,15,2,25,8.0,,Donnie King Tyson Foods
2026-07-06,Lip-Bu Tan,Intel,9,10,6,25,24.0,,Lip-Bu Tan Intel
2026-07-06,Clay Magouyrk,Oracle,5,16,4,25,16.0,,Clay Magouyrk Oracle
2026-07-06,Mike Sicilia,Oracle,3,14,8,25,32.0,,Mike Sicilia Oracle
2026-07-06,Hock Tan,Broadcom,5,16,4,25,16.0,,Hock Tan Broadcom
2026-07-06,John May,John Deere & Company,3,18,4,25,16.0,,John May John Deere & Company
2026-07-06,Elliott Hill,Nike,7,14,4,25,16.0,,Elliott Hill Nike
2026-07-06,Timothy M Sweeney,Liberty Mutual Insurance,21,4,0,25,0.0,,Timothy M Sweeney Liberty Mutual Insurance
2026-07-06,Willie Chiang,Plains GP,0,11,4,15,26.7,,Willie Chiang Plains GP
2026-07-06,Juan Andrade,USAA,10,12,3,25,12.0,,Juan Andrade USAA
2026-07-06,Chris Boerner,Bristol-Myers Squibb,7,11,7,25,28.0,,Chris Boerner Bristol-Myers Squibb
2026-07-06,Paul Bay,Ingram Micro,6,15,4,25,16.0,,Paul Bay Ingram Micro
2026-07-06,Phebe Novakovic,General Dynamics,19,4,2,25,8.0,,Phebe Novakovic General Dynamics
2026-07-06,James Quincey,The Coca-Cola Company,10,15,0,25,0.0,,James Quincey The Coca-Cola Company
2026-07-06,Thasunda Brown Duckett,TIAA,6,13,6,25,24.0,,Thasunda Brown Duckett TIAA
2026-07-06,Alan Schnitzer,The Travelers Indemnity Company,11,14,0,25,0.0,,Alan Schnitzer The Travelers Indemnity Company
2026-07-06,David Ricks,Eli Lilly,5,14,6,25,24.0,,David Ricks Eli Lilly
2026-07-06,Dara Khosrowshahi,Uber Technologies,8,14,3,25,12.0,,Dara Khosrowshahi Uber Technologies
2026-07-06,Roger Crandall,Mass Mutual,6,15,4,25,16.0,,Roger Crandall Mass Mutual
2026-07-06,Marc Casper,Thermo Fisher Scientific,8,16,1,25,4.0,,Marc Casper Thermo Fisher Scientific
2026-07-06,Gunjan Kedia,US Bancorp,7,17,1,25,4.0,,Gunjan Kedia US Bancorp
2026-07-06,Ira M Birns,World Kinect,2,7,0,9,0.0,,Ira M Birns World Kinect
2026-07-06,Robert Ford,Abbott Laboratories,6,12,7,25,28.0,,Robert Ford Abbott Laboratories
2026-07-06,Corie Barry,Best Buy,25,0,0,25,0.0,,Corie Barry Best Buy
2026-07-06,Tim Gerend,Northwestern Mutual,6,17,2,25,8.0,,Tim Gerend Northwestern Mutual
2026-07-06,Kathy Warden,Northrop Grumman,10,14,1,25,4.0,,Kathy Warden Northrop Grumman
2026-07-06,Joe Zubretsky,Molina Healthcare,7,13,4,24,16.7,,Joe Zubretsky Molina Healthcare
2026-07-06,Todd Vasos,Dollar General Corporation,8,15,2,25,8.0,,Todd Vasos Dollar General Corporation
2026-07-06,Robin Vince,Bank of New York Mellon,5,18,2,25,8.0,,Robin Vince Bank of New York Mellon
2026-07-06,David Zaslav,Warner Bros Discovery,6,13,6,25,24.0,,David Zaslav Warner Bros Discovery
2026-07-06,Jay Debertin,CHS,5,19,1,25,4.0,,Jay Debertin CHS
2026-07-06,Ted Sarandos,Netflix,7,12,6,25,24.0,,Ted Sarandos Netflix
2026-07-06,Cristiano Amon,Qualcomm,4,20,1,25,4.0,,Cristiano Amon Qualcomm
2026-07-06,Vimal Kapur,Honeywell,5,16,4,25,16.0,,Vimal Kapur Honeywell
2026-07-06,Marc Benioff,Salesforce,4,12,9,25,36.0,,Marc Benioff Salesforce
2026-07-06,Jacek Olczak,Philip Morris International,4,21,0,25,0.0,,Jacek Olczak Philip Morris International
2026-07-06,David Flitman,US Foods,7,14,4,25,16.0,,David Flitman US Foods
2026-07-06,Paul Romanowski,DR Horton Inc,3,15,1,19,5.3,,Paul Romanowski DR Horton Inc
2026-07-06,Bryan DeBoer,Lithia Motors,8,14,3,25,12.0,,Bryan DeBoer Lithia Motors
2026-07-06,Dirk Van de Put,Mondelez,4,14,7,25,28.0,,Dirk Van de Put Mondelez
2026-07-06,Brian Niccol,Starbucks,13,11,1,25,4.0,,Brian Niccol Starbucks
2026-07-06,Ryan McInerney,Visa Inc,11,12,2,25,8.0,,Ryan McInerney Visa Inc
2026-07-06,Robert Sulentic,CBRE Group,8,14,3,25,12.0,,Robert Sulentic CBRE Group
2026-07-06,Jonathan Jaffe,Lennar,0,8,2,10,20.0,,Jonathan Jaffe Lennar
2026-07-06,Scott Strazik,GE Vernova,5,18,2,25,8.0,,Scott Strazik GE Vernova
2026-07-06,William Demchak,PNC Financial Services,6,15,4,25,16.0,,William Demchak PNC Financial Services
2026-07-06,Jennifer Rumsey,Cummins Inc,7,15,3,25,12.0,,Jennifer Rumsey Cummins Inc
2026-07-06,Preston Feight,Paccar,9,13,3,25,12.0,,Preston Feight Paccar
2026-07-06,Robert Bradway,Amgen,5,16,4,25,16.0,,Robert Bradway Amgen
2026-07-06,Matthew Lucey,PBF Energy,11,3,0,14,0.0,,Matthew Lucey PBF Energy
2026-07-06,Brian D Pieninck,GuideWell Mutual,1,9,0,10,0.0,,Brian D Pieninck GuideWell Mutual
2026-07-06,Enrique Lores,PayPal,4,20,1,25,4.0,,Enrique Lores PayPal
2026-07-06,Sandy Douglas,United Natural Foods,15,10,0,25,0.0,,Sandy Douglas United Natural Foods
2026-07-06,Michael Creedon,Dollar Tree,9,15,1,25,4.0,,Michael Creedon Dollar Tree
2026-07-06,Leon Topalian,Nucor,11,12,2,25,8.0,,Leon Topalian Nucor
2026-07-06,Roger Penske,Penske Automotive,6,13,6,25,24.0,,Roger Penske Penske Automotive
2026-07-06,Bom Kim,Coupang,1,11,13,25,52.0,,Bom Kim Coupang
2026-07-06,Antonio Neri,Hewlett Packard Enterprise,7,13,5,25,20.0,,Antonio Neri Hewlett Packard Enterprise
2026-07-06,Harry Sideris,Duke Energy Corporation,18,3,4,25,16.0,,Harry Sideris Duke Energy Corporation
2026-07-06,Joseph Bae,KKR & Co,4,20,1,25,4.0,,Joseph Bae KKR & Co
2026-07-06,David Ellison,Paramount Global,8,13,4,25,16.0,,David Ellison Paramount Global
2026-07-06,Michael Dastoor,Jabil,6,14,5,25,20.0,,Michael Dastoor Jabil
2026-07-06,Daniel O'Day,Gilead Sciences,15,7,3,25,12.0,,Daniel O'Day Gilead Sciences
2026-07-06,Tim Go,HF Sinclair,5,7,13,25,52.0,,Tim Go HF Sinclair
2026-07-06,David McCreight,CarMax,3,7,7,17,41.2,,David McCreight CarMax
2026-07-06,Michael Miebach,Mastercard,6,17,2,25,8.0,,Michael Miebach Mastercard
2026-07-06,Lawrence Coben,NRG Energy,10,6,2,18,11.1,,Lawrence Coben NRG Energy
2026-07-06,William F Austen,Arrow Electronics,1,6,1,8,12.5,,William F Austen Arrow Electronics
2026-07-06,Lorenzo Simonelli,Baker Hughes,12,13,0,25,0.0,,Lorenzo Simonelli Baker Hughes
2026-07-06,Bob Jordan,Southwest Airlines,5,15,5,25,20.0,,Bob Jordan Southwest Airlines
2026-07-06,Eric Andersen,AIG,7,17,1,25,4.0,,Eric Andersen AIG
2026-07-06,Gary Dickerson,Applied Materials,11,10,4,25,16.0,,Gary Dickerson Applied Materials
2026-07-06,Vicki Hollub,Occidental Petroleum,6,16,3,25,12.0,,Vicki Hollub Occidental Petroleum
2026-07-06,Michael Manley,AutoNation,5,18,2,25,8.0,,Michael Manley AutoNation
2026-07-06,Christopher Womack,Southern Company,9,12,4,25,16.0,,Christopher Womack Southern Company
2026-07-06,Christopher Swift,The Hartford Insurance,9,15,1,25,4.0,,Christopher Swift The Hartford Insurance
2026-07-06,Marc Rowan,Apollo Global Management,2,16,7,25,28.0,,Marc Rowan Apollo Global Management
2026-07-06,Rick Wurster,Charles Schwab,9,11,5,25,20.0,,Rick Wurster Charles Schwab
2026-07-06,Chris Kempczinski,McDonalds,3,10,12,25,48.0,,Chris Kempczinski McDonalds
2026-07-06,Carlos Abrams-Rivera,Kraft Heinz,2,21,2,25,8.0,,Carlos Abrams-Rivera Kraft Heinz
2026-07-06,Lisa Su,Advanced Micro Devices,11,12,2,25,8.0,,Lisa Su Advanced Micro Devices
2026-07-06,William H Rogers Jr,Truist Financial,6,13,3,22,13.6,,William H Rogers Jr Truist Financial
2026-07-06,Kathleen Quirk,Freeport-McMoRan,10,12,3,25,12.0,,Kathleen Quirk Freeport-McMoRan
2026-07-06,Sanjay Mehrotra,Micron Technology,5,17,3,25,12.0,,Sanjay Mehrotra Micron Technology
2026-07-06,Anthony Capuano,Marriott International,7,16,2,25,8.0,,Anthony Capuano Marriott International
2026-07-06,David Gitlin,Carrier Global,7,15,3,25,12.0,,David Gitlin Carrier Global
2026-07-06,John Ketchum,NextEra Energy,17,8,0,25,0.0,,John Ketchum NextEra Energy
2026-07-06,William M Brown,3M Company,2,20,3,25,12.0,,William M Brown 3M Company
2026-07-06,John Doyle,Marsh,7,10,8,25,32.0,,John Doyle Marsh
2026-07-06,Patricia Poppe,Pacific Gas and Electric Company,6,8,11,25,44.0,,Patricia Poppe Pacific Gas and Electric Company
2026-07-06,Jim Vena,Union Pacific,6,13,6,25,24.0,,Jim Vena Union Pacific
2026-07-06,Brian Doubles,Synchrony Financial,8,14,3,25,12.0,,Brian Doubles Synchrony Financial
2026-07-06,Rainer Blair,Danaher,7,15,3,25,12.0,,Rainer Blair Danaher
2026-07-06,Philip Gallagher,Avnet,5,14,1,20,5.0,,Philip Gallagher Avnet
2026-07-06,Glenn Fogel,Booking Holdings,7,11,7,25,28.0,,Glenn Fogel Booking Holdings
2026-07-06,Ezra Yacob,EOG Resources,11,13,1,25,4.0,,Ezra Yacob EOG Resources
2026-07-06,Earl Austin,Quanta Services,8,10,0,18,0.0,,Earl Austin Quanta Services
2026-07-06,Michael Shepherd,Discover Financial,6,16,3,25,12.0,,Michael Shepherd Discover Financial
2026-07-06,Joseph Dominguez,Constellation Energy,15,9,1,25,4.0,,Joseph Dominguez Constellation Energy
2026-07-06,William Stengel II,Genuine Parts Company,3,20,1,24,4.2,,William Stengel II Genuine Parts Company
2026-07-06,Christian Ulbrich,Jones Lang LaSalle,7,16,2,25,8.0,,Christian Ulbrich Jones Lang LaSalle
2026-07-06,Raymond E Scott,Lear Corporation,4,17,3,24,12.5,,Raymond E Scott Lear Corporation
2026-07-06,Michael Rapino,Live Nation Entertainment,8,11,6,25,24.0,,Michael Rapino Live Nation Entertainment
2026-07-06,Heidi Petz,Sherwin-Williams,7,13,5,25,20.0,,Heidi Petz Sherwin-Williams
2026-07-06,Calvin G Butler Jr,Exelon,7,12,3,22,13.6,,Calvin G Butler Jr Exelon
2026-07-06,Tony Spring,Macys,12,12,1,25,4.0,,Tony Spring Macys
2026-07-06,Jeff Miller,Halliburton,11,12,2,25,8.0,,Jeff Miller Halliburton
2026-07-06,Kevin Lobo,Stryker,3,15,7,25,28.0,,Kevin Lobo Stryker
2026-07-06,Tony Cheng,Reinsurance Group of America,4,10,1,15,6.7,,Tony Cheng Reinsurance Group of America
2026-07-06,Ronald P O'Hanley,State Street,4,18,3,25,12.0,,Ronald P O'Hanley State Street
2026-07-06,John Engel,WESCO International,2,22,1,25,4.0,,John Engel WESCO International
2026-07-06,Pierce Norton II,Oneok,12,12,1,25,4.0,,Pierce Norton II Oneok
2026-07-06,Shantanu Narayen,Adobe,4,18,3,25,12.0,,Shantanu Narayen Adobe
2026-07-06,Bill Westrate,American Family Insurance,7,16,2,25,8.0,,Bill Westrate American Family Insurance
2026-07-06,Chris Kubasik,L3Harris Technologies,5,18,2,25,8.0,,Chris Kubasik L3Harris Technologies
2026-07-06,James Conroy,Ross Stores,5,19,1,25,4.0,,James Conroy Ross Stores
2026-07-06,Christine Leahy,CDW,4,19,2,25,8.0,,Christine Leahy CDW
2026-07-06,Saumya Sutaria,Tenet Healthcare,3,3,4,10,40.0,,Saumya Sutaria Tenet Healthcare
2026-07-06,Bob Eddy,BJ's Wholesale Club,6,18,1,25,4.0,,Bob Eddy BJ's Wholesale Club
2026-07-06,Mike Lyons,Fiserv,5,18,2,25,8.0,,Mike Lyons Fiserv
2026-07-06,William Gifford,Altria,2,22,1,25,4.0,,William Gifford Altria
2026-07-06,Larry Fink,BlackRock,9,10,6,25,24.0,,Larry Fink BlackRock
2026-07-06,Thomas Polen,Becton Dickinson,4,14,7,25,28.0,,Thomas Polen Becton Dickinson
2026-07-06,Noel Wallace,Colgate-Palmolive,7,16,2,25,8.0,,Noel Wallace Colgate-Palmolive
2026-07-06,Michael Hsu,Kimberly-Clark,9,13,3,25,12.0,,Michael Hsu Kimberly-Clark
2026-07-06,Daryl Kenningham,Group 1 Automotive,4,15,6,25,24.0,,Daryl Kenningham Group 1 Automotive
2026-07-06,Jennifer Parmentier,Parker-Hannifin,3,12,0,15,0.0,,Jennifer Parmentier Parker-Hannifin
2026-07-06,Jeffrey Harmening,General Mills,7,10,8,25,32.0,,Jeffrey Harmening General Mills
2026-07-06,Ravi Kumar S,Cognizant Technology Solutions,8,12,5,25,20.0,,Ravi Kumar S Cognizant Technology Solutions
2026-07-06,William Fehrman,American Electric Power,5,19,1,25,4.0,,William Fehrman American Electric Power
2026-07-06,Peter Arduini,GE HealthCare Technologies,5,15,5,25,20.0,,Peter Arduini GE HealthCare Technologies
2026-07-06,Maria Black,Automatic Data Processing,7,13,5,25,20.0,,Maria Black Automatic Data Processing
2026-07-06,Lourenco Goncalves,Cleveland-Cliffs,6,13,6,25,24.0,,Lourenco Goncalves Cleveland-Cliffs
2026-07-06,Dan Amos,Aflac,3,18,4,25,16.0,,Dan Amos Aflac
2026-07-06,Mark Stewart,Goodyear Tire & Rubber,5,18,2,25,8.0,,Mark Stewart Goodyear Tire & Rubber
2026-07-06,Kevin Hogan,Corebridge Financial,7,6,2,15,13.3,,Kevin Hogan Corebridge Financial
2026-07-06,Natascha Viljoen,Newmont,6,18,1,25,4.0,,Natascha Viljoen Newmont
2026-07-06,Andrew Silvernail,International Paper,5,16,4,25,16.0,,Andrew Silvernail International Paper
2026-07-06,Philip Daniele III,AutoZone,3,16,6,25,24.0,,Philip Daniele III AutoZone
2026-07-06,Ellen Cooper,Lincoln National,4,18,3,25,12.0,,Ellen Cooper Lincoln National
2026-07-06,Ryan Marshall,PulteGroup,8,12,5,25,20.0,,Ryan Marshall PulteGroup
2026-07-06,James Cracchiolo,Ameriprise Financial,2,18,5,25,20.0,,James Cracchiolo Ameriprise Financial
2026-07-06,Andrew Clyde,Murphy USA,8,16,1,25,4.0,,Andrew Clyde Murphy USA
2026-07-06,Jonas Prising,ManpowerGroup,9,13,3,25,12.0,,Jonas Prising ManpowerGroup
2026-07-06,David Bozeman,CH Robinson Worldwide,3,19,3,25,12.0,,David Bozeman CH Robinson Worldwide
2026-07-06,Timothy Knavish,PPG Industries,5,10,0,15,0.0,,Timothy Knavish PPG Industries
2026-07-06,Pedro Pizarro,Edison International,6,10,9,25,36.0,,Pedro Pizarro Edison International
2026-07-06,Mark Millett,Steel Dynamics,22,2,1,25,4.0,,Mark Millett Steel Dynamics
2026-07-06,Benjamin Tisch,Loews,2,18,5,25,20.0,,Benjamin Tisch Loews
2026-07-06,Karsanbhai,Emerson Electric,5,15,5,25,20.0,,Karsanbhai Emerson Electric
2026-07-06,John Zillmer,Aramark,6,16,2,24,8.3,,John Zillmer Aramark
2026-07-06,William Hornbuckle,MGM Resorts International,7,12,6,25,24.0,,William Hornbuckle MGM Resorts International
2026-07-06,James Burke,Vistra,4,8,1,13,7.7,,James Burke Vistra
2026-07-06,David Hult,Asbury Automotive Group,4,21,0,25,0.0,,David Hult Asbury Automotive Group
2026-07-06,DG Macpherson,WW Grainger,0,18,3,21,14.3,,DG Macpherson WW Grainger
2026-07-06,Eric Slifka,Global Partners,5,14,6,25,24.0,,Eric Slifka Global Partners
2026-07-06,Bob Pragada,Jacobs Solutions,6,17,2,25,8.0,,Bob Pragada Jacobs Solutions
2026-07-06,Charles Magro,Corteva,0,7,3,10,30.0,,Charles Magro Corteva
2026-07-06,Rick Lanoha,Kiewit Corporation,1,15,1,17,5.9,,Rick Lanoha Kiewit Corporation
2026-07-06,Michael Mahoney,Boston Scientific,4,11,10,25,40.0,,Michael Mahoney Boston Scientific
2026-07-06,Brad Beckham,O'Reilly Automotive,9,15,1,25,4.0,,Brad Beckham O'Reilly Automotive
2026-07-06,Thomas Bell,Leidos,6,18,1,25,4.0,,Thomas Bell Leidos
2026-07-06,Thomas Gayner,Markel Group,8,15,2,25,8.0,,Thomas Gayner Markel Group
2026-07-06,Marc Bitzer,Whirlpool Corporation,4,10,11,25,44.0,,Marc Bitzer Whirlpool Corporation
2026-07-06,Andrew McMahon,Guardian Life insurance,8,16,1,25,4.0,,Andrew McMahon Guardian Life insurance
2026-07-06,Peter Jackson,Builders FirstSource,3,18,1,22,4.5,,Peter Jackson Builders FirstSource
2026-07-06,Michael Rhodes,Ally Financial,1,23,1,25,4.0,,Michael Rhodes Ally Financial
2026-07-06,Matthew Meloy,Targa Resources,5,13,1,19,5.3,,Matthew Meloy Targa Resources
2026-07-06,James Breuer,Fluor,2,5,2,9,22.2,,James Breuer Fluor
2026-07-06,Sasan Goodarzi,Intuit,2,18,5,25,20.0,,Sasan Goodarzi Intuit
2026-07-06,Troy Rudd,AECOM,8,14,3,25,12.0,,Troy Rudd AECOM
2026-07-06,Penny Pennington,Edward Jones,9,14,2,25,8.0,,Penny Pennington Edward Jones
2026-07-06,Michael Bender,Kohl's,2,19,4,25,16.0,,Michael Bender Kohl's
2026-07-06,Beth Ford,Land O'Lakes,6,13,6,25,24.0,,Beth Ford Land O'Lakes
2026-07-06,Deanna Strable-Soethout,PrIncipal Financial,5,6,0,11,0.0,,Deanna Strable-Soethout PrIncipal Financial
2026-07-06,Robert Blue,Dominion Energy,20,4,1,25,4.0,,Robert Blue Dominion Energy
2026-07-06,Martin Schroeter,Kyndryl,7,14,4,25,16.0,,Martin Schroeter Kyndryl
2026-07-06,Jon Vander Ark,Republic Services,6,6,13,25,52.0,,Jon Vander Ark Republic Services
2026-07-06,Clay Gaspar,Devon Energy,23,2,0,25,0.0,,Clay Gaspar Devon Energy
2026-07-06,Christopher O'Herlihy,Illinois Tool Works,1,11,1,13,7.7,,Christopher O'Herlihy Illinois Tool Works
2026-07-06,Michael O'Grady,Northern Trust,17,7,1,25,4.0,,Michael O'Grady Northern Trust
2026-07-06,Jamie Whisnant,Auto-Owners Insurance,2,2,0,4,0.0,,Jamie Whisnant Auto-Owners Insurance
2026-07-06,Marc Miller,Universal Health Services,6,17,2,25,8.0,,Marc Miller Universal Health Services
2026-07-06,Darryl Button,Pacific Life,3,21,1,25,4.0,,Darryl Button Pacific Life
2026-07-06,Hamid Akhavan,EchoStar,8,13,4,25,16.0,,Hamid Akhavan EchoStar
2026-07-06,Christophe Beck,Ecolab,7,15,3,25,12.0,,Christophe Beck Ecolab
2026-07-06,Jack Fusco,Cheniere Energy,15,7,3,25,12.0,,Jack Fusco Cheniere Energy
2026-07-06,John Wren,Omnicom Group,8,12,5,25,20.0,,John Wren Omnicom Group
2026-07-06,Haviv Ilan,Texas Instruments,5,18,2,25,8.0,,Haviv Ilan Texas Instruments
2026-07-06,David Burritt,United States Steel,4,21,0,25,0.0,,David Burritt United States Steel
2026-07-06,Stéphane de La Faverie,The Estee Lauder Companies,4,16,5,25,20.0,,Stéphane de La Faverie The Estee Lauder Companies
2026-07-06,Raul Nicholas Vargas Ochoa,Farmers Insurance Group,0,0,0,0,0.0,,Raul Nicholas Vargas Ochoa Farmers Insurance Group
2026-07-06,Kirk Perry,Kenvue,2,20,3,25,12.0,,Kirk Perry Kenvue
2026-07-06,Ari Bousbib,IQVIA,6,19,0,25,0.0,,Ari Bousbib IQVIA
2026-07-06,Donald Allan,Stanley Black & Decker,5,18,2,25,8.0,,Donald Allan Stanley Black & Decker
2026-07-06,Timothy Cofer,Keurig Dr Pepper,5,7,0,12,0.0,,Timothy Cofer Keurig Dr Pepper
2026-07-06,Matthew Flannery,United Rentals,22,3,0,25,0.0,,Matthew Flannery United Rentals
2026-07-06,Timothy Cawley,Consolidated Edison,7,9,5,21,23.8,,Timothy Cawley Consolidated Edison
2026-07-06,Adam Norwitt,Amphenol,5,18,2,25,8.0,,Adam Norwitt Amphenol
2026-07-06,Brent Shafer,Baxter International,1,13,2,16,12.5,,Brent Shafer Baxter International
2026-07-06,Kimberly Dang,Kinder Morgan,12,2,0,14,0.0,,Kimberly Dang Kinder Morgan
2026-07-06,Erik Nordstrom,Nordstrom,7,16,2,25,8.0,,Erik Nordstrom Nordstrom
2026-07-06,Frank Holding,First Citizens BancShares,9,15,1,25,4.0,,Frank Holding First Citizens BancShares
2026-07-06,Paul Shoukry,Raymond James Financial,9,13,3,25,12.0,,Paul Shoukry Raymond James Financial
2026-07-06,Timothy Archer,Lam Research,8,11,6,25,24.0,,Timothy Archer Lam Research
2026-07-06,Harry Lawton III,Tractor Supply Company,2,9,1,12,8.3,,Harry Lawton III Tractor Supply Company
2026-07-06,Darren Rebelez,Caseys General Stores,5,20,0,25,0.0,,Darren Rebelez Caseys General Stores
2026-07-06,Scott Smith,Viatris,7,13,3,23,13.0,,Scott Smith Viatris
2026-07-06,James Blackledge,Mutual of Omaha,2,22,1,25,4.0,,James Blackledge Mutual of Omaha
2026-07-06,Anthony Guzzi,EMCOR Group,1,7,4,12,33.3,,Anthony Guzzi EMCOR Group
2026-07-06,Joseph Hinrichs,CSX,3,17,5,25,20.0,,Joseph Hinrichs CSX
2026-07-06,Justin Jude,LKQ,6,11,6,23,26.1,,Justin Jude LKQ
2026-07-06,Judith Marks,Otis Worldwide,6,17,2,25,8.0,,Judith Marks Otis Worldwide
2026-07-06,David Bruton Smith,Sonic Automotive,5,11,9,25,36.0,,David Bruton Smith Sonic Automotive
2026-07-06,Martina Cheung,S&P Global,8,15,2,25,8.0,,Martina Cheung S&P Global
2026-07-06,Leonard Schleifer,Regeneron Pharmaceuticals,6,14,5,25,20.0,,Leonard Schleifer Regeneron Pharmaceuticals
2026-07-06,Joseph Fadool,BorgWarner,2,13,0,15,0.0,,Joseph Fadool BorgWarner
2026-07-06,Karla Lewis,Reliance Inc,4,10,1,15,6.7,,Karla Lewis Reliance Inc
2026-07-06,John Barrett,Western & Southern Financial,3,21,1,25,4.0,,John Barrett Western & Southern Financial
2026-07-06,Scott Donnelly,Textron,5,20,0,25,0.0,,Scott Donnelly Textron
2026-07-06,Ariane Gorin,Expedia,7,15,3,25,12.0,,Ariane Gorin Expedia
2026-07-06,Michael Nolan,Fidelity National Financial,2,18,4,24,16.7,,Michael Nolan Fidelity National Financial
2026-07-06,Ernest Garcia III,Carvana,12,10,3,25,12.0,,Ernest Garcia III Carvana
2026-07-06,Raul Fernandez,DXC Technology,5,17,3,25,12.0,,Raul Fernandez DXC Technology
2026-07-06,Robert Berkley,WR Berkley,5,18,2,25,8.0,,Robert Berkley WR Berkley
2026-07-06,René Jones,M&T Bank,9,14,2,25,8.0,,René Jones M&T Bank
2026-07-06,Lauren Hobart,Dicks Sporting Goods,7,14,4,25,16.0,,Lauren Hobart Dicks Sporting Goods
2026-07-06,Robert Frenzel,Xcel Energy,8,10,6,24,25.0,,Robert Frenzel Xcel Energy
2026-07-06,Timothy Spence,Fifth Third Bancorp,9,9,7,25,28.0,,Timothy Spence Fifth Third Bancorp
2026-07-06,Stephen Schwarzman,Blackstone,9,10,6,25,24.0,,Stephen Schwarzman Blackstone
2026-07-06,Walker Martin,Sempra,0,3,1,4,25.0,,Walker Martin Sempra
2026-07-06,Timothy NeCastro,Erie Insurance,3,12,1,16,6.2,,Timothy NeCastro Erie Insurance
2026-07-06,Wendell Weeks,Corning,7,13,5,25,20.0,,Wendell Weeks Corning
2026-07-06,Kathleen Johnson,Lumen Technologies,9,16,0,25,0.0,,Kathleen Johnson Lumen Technologies
2026-07-06,Brian Tierney,FirstEnergy Corp,8,15,2,25,8.0,,Brian Tierney FirstEnergy Corp
2026-07-06,Adam Schechter,Labcorp Holdings,8,6,2,16,12.5,,Adam Schechter Labcorp Holdings
2026-07-06,Tiang Yew Tan,Western Digital,2,4,3,9,33.3,,Tiang Yew Tan Western Digital
2026-07-06,Rick McKenney,Unum Group,14,8,0,22,0.0,,Rick McKenney Unum Group
2026-07-06,Javier Rodriguez,DaVita,12,13,0,25,0.0,,Javier Rodriguez DaVita
2026-07-06,Steven Cahillane,Kellanova,0,24,1,25,4.0,,Steven Cahillane Kellanova
2026-07-06,Stanley Bergman,Henry Schein,2,19,4,25,16.0,,Stanley Bergman Henry Schein
2026-07-06,Robert Sanchez,Ryder System,3,19,3,25,12.0,,Robert Sanchez Ryder System
2026-07-06,Tim Hingtgen,Community Health Systems,5,16,4,25,16.0,,Tim Hingtgen Community Health Systems
2026-07-06,Avigal Soreq,Delek US,1,15,5,21,23.8,,Avigal Soreq Delek US
2026-07-06,Gerardo Norcia,DTE Energy,6,4,0,10,0.0,,Gerardo Norcia DTE Energy
2026-07-06,Mark Pearson,Equitable Holdings,10,15,0,25,0.0,,Mark Pearson Equitable Holdings
2026-07-06,Lori Koch,DuPont de Nemours,6,15,2,23,8.7,,Lori Koch DuPont de Nemours
2026-07-06,Rich Steinmeier,LPL Financial,11,12,2,25,8.0,,Rich Steinmeier LPL Financial
2026-07-06,Bruce Van Saun,Citizens Financial Group,13,10,2,25,8.0,,Bruce Van Saun Citizens Financial Group
2026-07-06,José Mas,MasTec,3,22,0,25,0.0,,José Mas MasTec
2026-07-06,Andrés Gluski,AES,6,17,2,25,8.0,,Andrés Gluski AES
2026-07-06,Kevin Kwilinski,Berry Global,3,14,0,17,0.0,,Kevin Kwilinski Berry Global
2026-07-06,Mark George,Norfolk Southern,6,18,1,25,4.0,,Mark George Norfolk Southern
2026-07-06,Eduardo Menezes,Air Products & Chemicals,5,13,7,25,28.0,,Eduardo Menezes Air Products & Chemicals
2026-07-06,Shelley Simpson,JB Hunt Transport Services,8,15,2,25,8.0,,Shelley Simpson JB Hunt Transport Services
2026-07-06,Ronald J Lewis,Ball Corporation,1,14,2,17,11.8,,Ronald J Lewis Ball Corporation
2026-07-06,Sean Connolly,Conagra Brands,1,23,1,25,4.0,,Sean Connolly Conagra Brands
2026-07-06,Stephen Steinour,Huntington Bancshares,5,12,8,25,32.0,,Stephen Steinour Huntington Bancshares
2026-07-06,James Snee,Hormel Foods,3,21,1,25,4.0,,James Snee Hormel Foods
2026-07-06,Joseph Nolan,Eversource Energy,7,14,4,25,16.0,,Joseph Nolan Eversource Energy
2026-07-06,William Oplinger,Alcoa Corporation,4,18,3,25,12.0,,William Oplinger Alcoa Corporation
2026-07-06,Drew Marsh,Entergy,13,9,3,25,12.0,,Drew Marsh Entergy
2026-07-06,Keith Demmings,Assurant,2,18,1,21,4.8,,Keith Demmings Assurant
2026-07-06,Sumit Singh,Chewy,7,12,6,25,24.0,,Sumit Singh Chewy
2026-07-06,Niraj Shah,Wayfair,9,14,2,25,8.0,,Niraj Shah Wayfair
2026-07-06,Brian Choi,Avis Budget,4,13,8,25,32.0,,Brian Choi Avis Budget
2026-07-06,Jeffrey Sprecher,Intercontinental Exchange,7,16,2,25,8.0,,Jeffrey Sprecher Intercontinental Exchange
2026-07-06,Benito Minicucci,Alaska Airlines,1,6,2,9,22.2,,Benito Minicucci Alaska Airlines
2026-07-06,Patrick Kelleher,GXO Logistics,8,13,4,25,16.0,,Patrick Kelleher GXO Logistics
2026-07-06,Eric Hansotia,AGCO,9,12,4,25,16.0,,Eric Hansotia AGCO
2026-07-06,Kathleen Mazzarella,Graybar Electric,9,16,0,25,0.0,,Kathleen Mazzarella Graybar Electric
2026-07-06,Rahul Goyal,Molson Coors Beverage,4,20,1,25,4.0,,Rahul Goyal Molson Coors Beverage
2026-07-06,Patrick Gallagher,Arthur J Gallagher & Co,9,12,4,25,16.0,,Patrick Gallagher Arthur J Gallagher & Co
2026-07-06,Christopher Kastner,Huntington Ingalls Industries,2,19,4,25,16.0,,Christopher Kastner Huntington Ingalls Industries
2026-07-06,Erik Fyrwald,International Flavors & Fragrances,8,11,3,22,13.6,,Erik Fyrwald International Flavors & Fragrances
2026-07-06,Ricardo Cardenas,Darden Restaurants,11,13,1,25,4.0,,Ricardo Cardenas Darden Restaurants
2026-07-06,Stephen Spray,CIncinnati Financial,2,17,6,25,24.0,,Stephen Spray CIncinnati Financial
2026-07-06,Scott Boatwright,Chipotle Mexican Grill,8,13,4,25,16.0,,Scott Boatwright Chipotle Mexican Grill
2026-07-06,Joey Wat,Yum China,10,12,3,25,12.0,,Joey Wat Yum China
2026-07-06,Patrick Dumont,Las Vegas Sands,3,21,1,25,4.0,,Patrick Dumont Las Vegas Sands
2026-07-06,Kecia Steelman,Ulta Beauty,19,6,0,25,0.0,,Kecia Steelman Ulta Beauty
2026-07-06,Thomas Reeg,Caesars Entertainment,8,14,3,25,12.0,,Thomas Reeg Caesars Entertainment
2026-07-06,Jon Rousseau,BrightSpring Health Services,9,15,1,25,4.0,,Jon Rousseau BrightSpring Health Services
2026-07-06,William Krueger,The Andersons Inc,3,12,0,15,0.0,,William Krueger The Andersons Inc
2026-07-06,Kirk Tanner,The Hershey Company,5,17,3,25,12.0,,Kirk Tanner The Hershey Company
2026-07-06,Christopher Nassetta,Hilton Worldwide,10,13,2,25,8.0,,Christopher Nassetta Hilton Worldwide
2026-07-06,Mark Wang,Hilton Grand Vacations,24,1,0,25,0.0,,Mark Wang Hilton Grand Vacations
2026-07-06,Bruce Bodine,The Mosaic Company,4,11,5,20,25.0,,Bruce Bodine The Mosaic Company
2026-07-06,Brian Chesky,Airbnb,3,18,4,25,16.0,,Brian Chesky Airbnb
2026-07-06,Kaes Van’t Hof,Diamondback Energy,11,9,5,25,20.0,,Kaes Van’t Hof Diamondback Energy
2026-07-06,Steven Vondran,American Tower,5,9,4,18,22.2,,Steven Vondran American Tower
2026-07-06,Reshma Kewalramani,Vertex Pharmaceuticals,6,16,3,25,12.0,,Reshma Kewalramani Vertex Pharmaceuticals
2026-07-06,William McDermott,ServiceNow,9,12,4,25,16.0,,William McDermott ServiceNow
2026-07-06,Brian Chambers,Owens Corning,4,19,2,25,8.0,,Brian Chambers Owens Corning
2026-07-06,Teresa Rasmussen,Thrivent Financial for Lutherans,2,8,0,10,0.0,,Teresa Rasmussen Thrivent Financial for Lutherans
2026-07-06,Shane O'Kelly,Advance Auto Parts,5,18,2,25,8.0,,Shane O'Kelly Advance Auto Parts
2026-07-06,Douglas Yearley,Toll Brothers,4,19,2,25,8.0,,Douglas Yearley Toll Brothers
2026-07-06,Jeffrey Lorberbaum,Mohawk Industries,6,17,2,25,8.0,,Jeffrey Lorberbaum Mohawk Industries
2026-07-06,Gregory Brown,Motorola Solutions,2,22,1,25,4.0,,Gregory Brown Motorola Solutions
2026-07-06,John Pfeifer,Oshkosh Corporation,5,19,1,25,4.0,,John Pfeifer Oshkosh Corporation
2026-07-06,Tony Xu,DoorDash,7,15,3,25,12.0,,Tony Xu DoorDash
2026-07-06,Edward Pesicka,Owens & Minor,5,15,5,25,20.0,,Edward Pesicka Owens & Minor
2026-07-06,Eugene Bredow,NVR Inc,0,9,1,10,10.0,,Eugene Bredow NVR Inc
2026-07-06,Philippe Krakowsky,Interpublic Group,5,18,2,25,8.0,,Philippe Krakowsky Interpublic Group
2026-07-06,Horacio Rozanski,Booz Allen Hamilton,5,11,9,25,36.0,,Horacio Rozanski Booz Allen Hamilton
2026-07-06,Michael O’Sullivan,Burlington Stores,13,12,0,25,0.0,,Michael O’Sullivan Burlington Stores
2026-07-06,Daniel Wall,Expeditors International of Washington,1,7,2,10,20.0,,Daniel Wall Expeditors International of Washington
2026-07-06,Calvin McDonald,Lululemon athletica,7,33,2,42,4.8,,Calvin McDonald Lululemon athletica
2026-07-06,Stephanie Ferris,Fidelity National Information Services,4,19,2,25,8.0,,Stephanie Ferris Fidelity National Information Services
2026-07-06,Rich Handler,Jefferies Financial,8,7,10,25,40.0,,Rich Handler Jefferies Financial
2026-07-06,Chad Zamarin,Williams Companies,15,9,1,25,4.0,,Chad Zamarin Williams Companies
2026-07-06,Bracken Darrell,VF Corporation,11,12,2,25,8.0,,Bracken Darrell VF Corporation
2026-07-06,Mikael Bratt,Autoliv,4,7,2,13,15.4,,Mikael Bratt Autoliv
2026-07-06,Rafael Santana,Westinghouse Air Brake Technologies,13,11,1,25,4.0,,Rafael Santana Westinghouse Air Brake Technologies
2026-07-06,Ralph LaRossa,Public Service Enterprise Group,11,13,1,25,4.0,,Ralph LaRossa Public Service Enterprise Group
2026-07-06,Jamie Iannone,Ebay,11,14,0,25,0.0,,Jamie Iannone Ebay
2026-07-06,Scott Richardson,Celanese,6,6,1,13,7.7,,Scott Richardson Celanese
2026-07-06,Cameron Bready,Global Payments,5,17,3,25,12.0,,Cameron Bready Global Payments
2026-07-06,Robert Thomson,News Corp,5,15,5,25,20.0,,Robert Thomson News Corp
2026-07-06,Robert Martin,THOR Industries,7,12,3,22,13.6,,Robert Martin THOR Industries
2026-07-06,David Rawlinson II,QVC Group,5,14,6,25,24.0,,David Rawlinson II QVC Group
2026-07-06,Andrew Teno,Icahn Enterprises,4,5,2,11,18.2,,Andrew Teno Icahn Enterprises
2026-07-06,William Newlands,Constellation Brands,3,15,2,20,10.0,,William Newlands Constellation Brands
2026-07-06,James Davis,Quest Diagnostics,7,16,2,25,8.0,,James Davis Quest Diagnostics
2026-07-06,Richard Wallace,KLA,8,13,1,22,4.5,,Richard Wallace KLA
2026-07-06,Brad Jacobs,QXO Building Products,1,21,3,25,12.0,,Brad Jacobs QXO Building Products
2026-07-06,John Christmann IV,APA,4,6,0,10,0.0,,John Christmann IV APA
2026-07-06,Gregory Roberts,A-Mark Precious Metals,15,10,0,25,0.0,,Gregory Roberts A-Mark Precious Metals
2026-07-06,Christopher Viehbacher,Biogen,6,18,1,25,4.0,,Christopher Viehbacher Biogen
2026-07-06,Mick Beekhuizen,The Campbells Company,5,16,4,25,16.0,,Mick Beekhuizen The Campbells Company
2026-07-06,Christopher Caldwell,Concentrix,14,8,3,25,12.0,,Christopher Caldwell Concentrix
2026-07-06,Todd Schneider,Cintas,6,15,4,25,16.0,,Todd Schneider Cintas
2026-07-06,Tony Sarsam,SpartanNash,11,12,2,25,8.0,,Tony Sarsam SpartanNash
2026-07-06,John Venhuizen,Ace Hardware,6,18,1,25,4.0,,John Venhuizen Ace Hardware
2026-07-06,Vincent Roche,Analog Devices,13,9,3,25,12.0,,Vincent Roche Analog Devices
2026-07-06,Mark Costa,Eastman Chemical,5,14,6,25,24.0,,Mark Costa Eastman Chemical
2026-07-06,Milan Galik,Interactive Brokers,8,13,4,25,16.0,,Milan Galik Interactive Brokers
2026-07-06,John Turner,Regions Financial,5,19,1,25,4.0,,John Turner Regions Financial
2026-07-06,Joanna Geraghty,JetBlue Airways,6,14,5,25,20.0,,Joanna Geraghty JetBlue Airways
2026-07-06,Kristin Peck,Zoetis,8,13,4,25,16.0,,Kristin Peck Zoetis
2026-07-06,Christopher Gorman,KeyCorp,7,14,4,25,16.0,,Christopher Gorman KeyCorp
2026-07-06,Mark Bertolini,Oscar Health,15,9,1,25,4.0,,Mark Bertolini Oscar Health
2026-07-06,Brendan McCracken,Ovintiv,10,7,1,18,5.6,,Brendan McCracken Ovintiv
2026-07-06,Robert Steer,Seaboard,1,9,0,10,0.0,,Robert Steer Seaboard
2026-07-06,Gil West,Hertz,8,15,2,25,8.0,,Gil West Hertz
2026-07-06,Robert Greenberg,Skechers USA,5,17,3,25,12.0,,Robert Greenberg Skechers USA
2026-07-06,Dennis Mathew,Optimum Communications Inc,7,16,2,25,8.0,,Dennis Mathew Optimum Communications Inc
2026-07-06,Clay Williams,NOV,9,11,5,25,20.0,,Clay Williams NOV
2026-07-06,Michael Doss,Graphic Packaging,4,17,4,25,16.0,,Michael Doss Graphic Packaging
2026-07-06,Deon Stander,Avery Dennison,0,11,0,11,0.0,,Deon Stander Avery Dennison
2026-07-06,Adaire Fox-Martin,Equinix,7,16,2,25,8.0,,Adaire Fox-Martin Equinix
2026-07-06,Joyce Mullen,Insight Enterprises,6,16,3,25,12.0,,Joyce Mullen Insight Enterprises
2026-07-06,Jennifer Witz,Sirius XM,9,15,1,25,4.0,,Jennifer Witz Sirius XM
2026-07-06,Stefan Larsson,PVH,7,13,5,25,20.0,,Stefan Larsson PVH
2026-07-06,Jason P Wells,CenterPoint Energy,13,5,2,20,10.0,,Jason P Wells CenterPoint Energy
2026-07-06,Scott Lauber,WEC Energy,10,14,1,25,4.0,,Scott Lauber WEC Energy
2026-07-06,Matthew Pine,Xylem Inc,4,15,1,20,5.0,,Matthew Pine Xylem Inc
2026-07-06,Jennifer Johnson,Franklin Resources,7,14,4,25,16.0,,Jennifer Johnson Franklin Resources
2026-07-06,Vincent Sorgi,PPL Corporation,6,15,4,25,16.0,,Vincent Sorgi PPL Corporation
2026-07-06,Carl Eschenbach,Workday,5,17,3,25,12.0,,Carl Eschenbach Workday
2026-07-06,Richard Tobin,Dover Corporation,7,16,2,25,8.0,,Richard Tobin Dover Corporation
2026-07-06,Mark Kowlzan,Packaging Corp of America,8,13,4,25,16.0,,Mark Kowlzan Packaging Corp of America
2026-07-06,Scott Salmirs,ABM Industries,8,14,3,25,12.0,,Scott Salmirs ABM Industries
2026-07-06,Dave Rosa,Intuitive Surgical,8,14,3,25,12.0,,Dave Rosa Intuitive Surgical
2026-07-06,Carl Lindner lll,American Financial Group,6,8,11,25,44.0,,Carl Lindner lll American Financial Group
2026-07-06,Blake Moret,Rockwell Automation,8,15,2,25,8.0,,Blake Moret Rockwell Automation
2026-07-06,Bryan Hanson,Solventum,5,17,3,25,12.0,,Bryan Hanson Solventum
2026-07-06,Craig Smiddy,Old Republic International,1,9,0,10,0.0,,Craig Smiddy Old Republic International
2026-07-06,Christopher Hilger,Securian Financial,5,10,0,15,0.0,,Christopher Hilger Securian Financial
2026-07-06,Hamid Moghadam,Prologis,0,21,4,25,16.0,,Hamid Moghadam Prologis
2026-07-06,Mark Smucker,JM Smucker,4,19,2,25,8.0,,Mark Smucker JM Smucker
2026-07-06,Sheryl Palmer,Taylor Morrison Home,5,20,0,25,0.0,,Sheryl Palmer Taylor Morrison Home
2026-07-06,Mario Harik,XPO,3,20,2,25,8.0,,Mario Harik XPO
2026-07-06,Heather Lavallee,Voya Financial,6,11,0,17,0.0,,Heather Lavallee Voya Financial
2026-07-06,Nikesh Arora,Palo Alto Networks,8,8,9,25,36.0,,Nikesh Arora Palo Alto Networks
2026-07-06,Giordano Albertazzi,Vertiv,10,12,3,25,12.0,,Giordano Albertazzi Vertiv
2026-07-06,Shankh Mitra,Welltower,5,11,9,25,36.0,,Shankh Mitra Welltower
2026-07-06,Ann Freeman,Foot Locker Inc,3,18,4,25,16.0,,Ann Freeman Foot Locker Inc
2026-07-06,William Monteleone,Par Pacific,2,6,0,8,0.0,,William Monteleone Par Pacific
2026-07-06,Kevin Stein,TransDigm,5,8,4,17,23.5,,Kevin Stein TransDigm
2026-07-06,Peter Matt,Commercial Metals,9,14,2,25,8.0,,Peter Matt Commercial Metals
2026-07-06,Rob Vitale,Post Holdings,0,19,6,25,24.0,,Rob Vitale Post Holdings
2026-07-06,Keith Allman,Masco,2,16,0,18,0.0,,Keith Allman Masco
2026-07-06,Rusty Rush,Rush Enterprises,6,17,2,25,8.0,,Rusty Rush Rush Enterprises
2026-07-06,Stuart Bradie,KBR,9,13,3,25,12.0,,Stuart Bradie KBR
2026-07-06,Jack Sinclair,Sprouts Farmers Market,11,11,3,25,12.0,,Jack Sinclair Sprouts Farmers Market
2026-07-06,Laura Alber,Williams-Sonoma,6,17,2,25,8.0,,Laura Alber Williams-Sonoma
2026-07-06,Ivan Tornos,Zimmer Biomet,3,16,6,25,24.0,,Ivan Tornos Zimmer Biomet
2026-07-06,John Mengucci,CACI International,6,16,3,25,12.0,,John Mengucci CACI International
2026-07-06,Steve Sanghi,Microchip Technology,9,16,0,25,0.0,,Steve Sanghi Microchip Technology
2026-07-06,Albert Nahmad,Watsco,3,18,4,25,16.0,,Albert Nahmad Watsco
2026-07-06,Christopher Peterson,Newell Brands,6,16,3,25,12.0,,Christopher Peterson Newell Brands
2026-07-06,Arie Kotler,ARKO,4,19,2,25,8.0,,Arie Kotler ARKO
2026-07-06,Jure Sola,Sanmina,1,23,1,25,4.0,,Jure Sola Sanmina
2026-07-06,Andrew Wilson,Electronic Arts,7,16,2,25,8.0,,Andrew Wilson Electronic Arts
2026-07-06,David Gibbs,Yum Brands,4,20,1,25,4.0,,David Gibbs Yum Brands
2026-07-06,Daniel Florness,Fastenal,4,15,4,23,17.4,,Daniel Florness Fastenal
2026-07-06,Garrick Rochow,CMS Energy,22,1,0,23,0.0,,Garrick Rochow CMS Energy
2026-07-06,Hilton Schlosberg,Monster Beverage,14,11,0,25,0.0,,Hilton Schlosberg Monster Beverage
2026-07-06,Toni Townes-Whitley,Science Applications International,4,18,3,25,12.0,,Toni Townes-Whitley Science Applications International
2026-07-06,Mark Witkowski,Core & Main,2,18,3,23,13.0,,Mark Witkowski Core & Main
2026-07-06,John Plant,Howmet Aerospace,0,24,1,25,4.0,,John Plant Howmet Aerospace
2026-07-06,James Zallie,Ingredion,8,14,3,25,12.0,,James Zallie Ingredion
2026-07-06,Thomas Hill,Vulcan Materials,8,14,3,25,12.0,,Thomas Hill Vulcan Materials
2026-07-06,Donald Zurbay,Patterson Companies Inc,1,4,1,6,16.7,,Donald Zurbay Patterson Companies Inc
2026-07-06,Anthony Smurfit,Smurfit Westrock,5,15,5,25,20.0,,Anthony Smurfit Smurfit Westrock
2026-07-06,Richard P Dealy,Pioneer Natural Resources,6,3,0,9,0.0,,Richard P Dealy Pioneer Natural Resources
2026-07-06,Derek Chang,Liberty Media,21,4,0,25,0.0,,Derek Chang Liberty Media
2026-07-06,Timothy J Donahue,Crown Holdings,9,14,2,25,8.0,,Timothy J Donahue Crown Holdings
2026-07-06,R Bruce McDonald,Dana Incorporated,9,12,4,25,16.0,,R Bruce McDonald Dana Incorporated
2026-07-06,J Kent Masters,Albemarle Corporation,0,11,3,14,21.4,,J Kent Masters Albemarle Corporation
2026-07-06,Malcolm C Roberts,FM Global,6,12,2,20,10.0,,Malcolm C Roberts FM Global
2026-07-06,Mike Speetzen,Polaris Inc,3,16,6,25,24.0,,Mike Speetzen Polaris Inc
2026-07-06,Bob Flexon,UGI Utilities Inc,2,7,1,10,10.0,,Bob Flexon UGI Utilities Inc
2026-07-06,Robert D Lawler,Continental Resources,2,3,0,5,0.0,,Robert D Lawler Continental Resources
2026-07-06,Domenic Dell’Osso Jr,Expand Energy Corporation,23,0,0,23,0.0,,Domenic Dell’Osso Jr Expand Energy Corporation
2026-07-06,H Michael Krimbill,NGL Energy Partners,7,3,0,10,0.0,,H Michael Krimbill NGL Energy Partners
2026-07-06,Hassane El-Khoury,ON Semiconductor,4,17,4,25,16.0,,Hassane El-Khoury ON Semiconductor
2026-07-06,Joseph M Otting,Flagstar Financial,10,12,3,25,12.0,,Joseph M Otting Flagstar Financial
2026-07-06,Gerry P Smith,ODP Business Solutions,2,8,1,11,9.1,,Gerry P Smith ODP Business Solutions
2026-07-06,Devin Stockfish,Weyerhaeuser,6,19,0,25,0.0,,Devin Stockfish Weyerhaeuser
2026-07-06,Thomas J McInerney,Genworth Financial,2,8,1,11,9.1,,Thomas J McInerney Genworth Financial
2026-07-06,Daniel Heaf,Bath & Body Works,8,14,3,25,12.0,,Daniel Heaf Bath & Body Works
2026-07-06,Linda Rendle,Clorox,2,20,3,25,12.0,,Linda Rendle Clorox
2026-07-06,Frank C Sullivan,RPM International,5,18,2,25,8.0,,Frank C Sullivan RPM International
2026-07-06,Matthew Missad,UFP Industries,4,7,1,12,8.3,,Matthew Missad UFP Industries
2026-07-06,Martin J Lyons,Ameren,1,8,1,10,10.0,,Martin J Lyons Ameren
2026-07-06,Adam W Miller,Knight Swift Transportation,3,11,3,17,17.6,,Adam W Miller Knight Swift Transportation
2026-07-06,Charles Liang,Super Micro Computer,12,10,3,25,12.0,,Charles Liang Super Micro Computer
2026-07-06,Gordon J Hardie,O-I Glass,0,4,1,5,20.0,,Gordon J Hardie O-I Glass
2026-07-06,Steve Henry,Domtar,1,8,0,9,0.0,,Steve Henry Domtar
2026-07-06,Chuck Treadway,CommScope,5,15,1,21,4.8,,Chuck Treadway CommScope
2026-07-06,Steven J Moskowitz,Crown Castle,3,8,2,13,15.4,,Steven J Moskowitz Crown Castle
2026-07-06,Emmanuel Ligner,Avantor,0,12,2,14,14.3,,Emmanuel Ligner Avantor
2026-07-06,Kaz Nejatian,Opendoor Technologies,6,14,5,25,20.0,,Kaz Nejatian Opendoor Technologies
2026-07-06,Russell Becker,APi Group,4,18,3,25,12.0,,Russell Becker APi Group
2026-07-06,Toby Rice,EQT,17,3,5,25,20.0,,Toby Rice EQT
2026-07-06,Jesse Arenivas,EnLink Midstream,3,8,0,11,0.0,,Jesse Arenivas EnLink Midstream
2026-07-06,Steven Bandrowczak,Xerox,4,19,2,25,8.0,,Steven Bandrowczak Xerox
2026-07-06,Vicente Reynal,Ingersoll Rand,4,19,2,25,8.0,,Vicente Reynal Ingersoll Rand
2026-07-06,William T Dillard II,Dillards,12,11,2,25,8.0,,William T Dillard II Dillards
2026-07-06,C Howard Nye,Martin Marietta Materials,4,3,3,10,30.0,,C Howard Nye Martin Marietta Materials
2026-07-06,Stephane Bancel,Moderna,5,14,6,25,24.0,,Stephane Bancel Moderna
2026-07-06,Nate R Jorgensen,Boise Cascade,0,0,0,0,0.0,,Nate R Jorgensen Boise Cascade
2026-07-06,Padraig McDonnell,Agilent Technologies,8,17,0,25,0.0,,Padraig McDonnell Agilent Technologies
2026-07-06,Kenneth T Lane,Olin Corporation,1,6,4,11,36.4,,Kenneth T Lane Olin Corporation
2026-07-06,Randall C Stuewe,Darling Ingredients,23,1,0,24,0.0,,Randall C Stuewe Darling Ingredients
2026-07-06,R Howard Coker,Sonoco Products,4,10,0,14,0.0,,R Howard Coker Sonoco Products
2026-07-06,Lee M Tillman,Marathon Oil,5,10,1,16,6.2,,Lee M Tillman Marathon Oil
2026-07-06,Mark Hoplamazian,Hyatt Hotels,9,14,2,25,8.0,,Mark Hoplamazian Hyatt Hotels
2026-07-06,David S Chernow,Select Medical Holdings,0,9,0,9,0.0,,David S Chernow Select Medical Holdings
2026-07-06,Brendan M Foley,McCormick & Company,7,16,2,25,8.0,,Brendan M Foley McCormick & Company
2026-07-06,Joanne Crevoiserat,Tapestry,11,14,0,25,0.0,,Joanne Crevoiserat Tapestry
2026-07-06,W Anthony Will,CF Industries,4,17,4,25,16.0,,W Anthony Will CF Industries
2026-07-06,David A Zapico,Ametek,3,21,1,25,4.0,,David A Zapico Ametek
2026-07-06,Craig Billings,Wynn Resorts,9,14,2,25,8.0,,Craig Billings Wynn Resorts
2026-07-06,Giel Rutten,Amkor Technology,5,19,1,25,4.0,,Giel Rutten Amkor Technology
2026-07-06,Paul Sarvadi,Insperity,9,14,2,25,8.0,,Paul Sarvadi Insperity
2026-07-06,Rob Sharps,T Rowe Price,8,11,6,25,24.0,,Rob Sharps T Rowe Price
2026-07-06,Patrice Louvet,Ralph Lauren,9,15,1,25,4.0,,Patrice Louvet Ralph Lauren
2026-07-06,Jeffrey Mezger,KB Home,2,16,7,25,28.0,,Jeffrey Mezger KB Home
2026-07-06,David M Foulkes,Brunswick Corporation,4,14,0,18,0.0,,David M Foulkes Brunswick Corporation
2026-07-06,M Keith Waddell,Robert Half,12,13,0,25,0.0,,M Keith Waddell Robert Half
2026-07-06,Jay Snowden,PENN Entertainment,16,5,4,25,16.0,,Jay Snowden PENN Entertainment
2026-07-06,George Kurian,NetApp,7,17,1,25,4.0,,George Kurian NetApp
2026-07-06,Joseph Morrissey,Organon,2,3,4,9,44.4,,Joseph Morrissey Organon
2026-07-06,Joel D Anderson,Petco Health and Wellness,4,13,0,17,0.0,,Joel D Anderson Petco Health and Wellness
2026-07-06,Louis V Pinkham,Regal Rexnord,0,10,1,11,9.1,,Louis V Pinkham Regal Rexnord
2026-07-06,Jay Geldmacher,Resideo Technologies,9,10,1,20,5.0,,Jay Geldmacher Resideo Technologies
2026-07-06,Matthew Wagner,Camping World,5,19,1,25,4.0,,Matthew Wagner Camping World
2026-07-06,Peter R Huntsman,Huntsman Corporation,3,17,5,25,20.0,,Peter R Huntsman Huntsman Corporation
2026-07-06,Hillary Super,Victorias Secret,13,10,2,25,8.0,,Hillary Super Victorias Secret
2026-07-06,Michelle Gass,Levi Strauss,9,14,2,25,8.0,,Michelle Gass Levi Strauss
2026-07-06,Neil Hunn,Roper Technologies,4,21,0,25,0.0,,Neil Hunn Roper Technologies
2026-07-06,Steven P Lawrence,Academy Sports and Outdoors,2,2,1,5,20.0,,Steven P Lawrence Academy Sports and Outdoors
2026-07-06,Phillippe Lord,Meritage Homes,7,15,3,25,12.0,,Phillippe Lord Meritage Homes
2026-07-06,David C Dauch,American Axle & Manufacturing,5,20,0,25,0.0,,David C Dauch American Axle & Manufacturing
2026-07-06,Olumide Soroye,Fortive,4,18,3,25,12.0,,Olumide Soroye Fortive
2026-07-06,Adena Friedman,Nasdaq Inc,8,13,4,25,16.0,,Adena Friedman Nasdaq Inc
2026-07-06,Tim Gokey,Broadridge Financial Solutions,3,22,0,25,0.0,,Tim Gokey Broadridge Financial Solutions
2026-07-06,Patrick M Shanahan,Spirit AeroSystems,1,13,2,16,12.5,,Patrick M Shanahan Spirit AeroSystems
2026-07-06,Robert Kyncl,Warner Music Group,13,10,2,25,8.0,,Robert Kyncl Warner Music Group
2026-07-06,Denise Dignam,Chemours,4,16,5,25,20.0,,Denise Dignam Chemours
2026-07-06,Jim DeVries,ADT Inc,4,8,2,14,14.3,,Jim DeVries ADT Inc
2026-07-06,Bernard Zovighian,Edwards Lifesciences,7,12,3,22,13.6,,Bernard Zovighian Edwards Lifesciences
2026-07-06,Mark E Seaton,First American Financial,2,14,2,18,11.1,,Mark E Seaton First American Financial
2026-07-06,John C Roche,Hanover Insurance Group,5,13,3,21,14.3,,John C Roche Hanover Insurance Group
2026-07-06,Adam J Greenlee,Silgan,0,4,1,5,20.0,,Adam J Greenlee Silgan
2026-07-06,Ari Emanuel,WME Group,6,17,2,25,8.0,,Ari Emanuel WME Group
2026-07-06,Robert Fauber,Moodys Corporation,5,15,5,25,20.0,,Robert Fauber Moodys Corporation
2026-07-06,Thomas E Jorden,Coterra Energy,16,2,0,18,0.0,,Thomas E Jorden Coterra Energy
2026-07-06,Eugene A Hall,Gartner,1,23,1,25,4.0,,Eugene A Hall Gartner
2026-07-06,Kevin Plank,Under Armour,2,19,4,25,16.0,,Kevin Plank Under Armour
2026-07-06,James W Lanning,Ingles Markets,3,12,2,17,11.8,,James W Lanning Ingles Markets
2026-07-06,Matthew T Farrell,Church & Dwight,14,9,2,25,8.0,,Matthew T Farrell Church & Dwight
2026-07-06,Kevin M Freeman,Old Dominion Freight Line,1,7,0,8,0.0,,Kevin M Freeman Old Dominion Freight Line
2026-07-06,Joe Shoen,U-Haul,7,13,5,25,20.0,,Joe Shoen U-Haul
2026-07-06,Jayshree Ullal,Arista Networks,12,13,0,25,0.0,,Jayshree Ullal Arista Networks
2026-07-06,Sassine Ghazi,Synopsys,4,16,5,25,20.0,,Sassine Ghazi Synopsys
2026-07-06,Jochen Zeitz,Harley-Davidson,3,20,2,25,8.0,,Jochen Zeitz Harley-Davidson
2026-07-06,Nick Jeffery,Frontier Communications,3,21,1,25,4.0,,Nick Jeffery Frontier Communications
2026-07-06,Thomas Edward McCormick,Primoris Services,1,5,0,6,0.0,,Thomas Edward McCormick Primoris Services
2026-07-06,D Christian Koch,Carlisle Companies,2,13,4,19,21.1,,D Christian Koch Carlisle Companies
2026-07-06,David E Simon,Simon Property Group,2,18,5,25,20.0,,David E Simon Simon Property Group
2026-07-06,Stephen Bratspies,Hanesbrands,5,19,1,25,4.0,,Stephen Bratspies Hanesbrands
2026-07-06,George Bobb III,Teledyne Technologies,1,6,1,8,12.5,,George Bobb III Teledyne Technologies
2026-07-06,Terrence A Duffy,CME Group,4,20,1,25,4.0,,Terrence A Duffy CME Group
2026-07-06,Rami Rahim,Juniper Networks,5,19,1,25,4.0,,Rami Rahim Juniper Networks
2026-07-06,Markus Strobel,Coty,5,17,3,25,12.0,,Markus Strobel Coty
2026-07-06,Peter D Arvan,Pool Corporation,4,15,6,25,24.0,,Peter D Arvan Pool Corporation
2026-07-06,David Campbell,Evergy,13,10,0,23,0.0,,David Campbell Evergy
2026-07-06,Matthew J Murphy,Marvell Technology,6,14,4,24,16.7,,Matthew J Murphy Marvell Technology
2026-07-06,Lloyd Yates,NiSource,11,13,1,25,4.0,,Lloyd Yates NiSource
2026-07-06,William C Stone,SS&C Technologies,8,16,1,25,4.0,,William C Stone SS&C Technologies
2026-07-06,Mark Rourke,Schneider National,7,18,0,25,0.0,,Mark Rourke Schneider National
2026-07-06,Andrew Anagnost,Autodesk,13,9,3,25,12.0,,Andrew Anagnost Autodesk
2026-07-06,Dustin Semach,Sealed Air Corporation,5,20,0,25,0.0,,Dustin Semach Sealed Air Corporation
2026-07-06,William L Meaney,Iron Mountain,8,13,3,24,12.5,,William L Meaney Iron Mountain
2026-07-06,Andy P Power,Digital Realty Trust,6,6,1,13,7.7,,Andy P Power Digital Realty Trust
2026-07-06,Satish Dhanasekaran,Keysight Technologies,7,10,2,19,10.5,,Satish Dhanasekaran Keysight Technologies
2026-07-06,Frank M Svoboda,Globe Life,5,4,3,12,25.0,,Frank M Svoboda Globe Life
2026-07-06,Carey A Smith,Parsons Corporation,10,12,3,25,12.0,,Carey A Smith Parsons Corporation
2026-07-06,Ynon Kreiz,Mattel,8,13,4,25,16.0,,Ynon Kreiz Mattel
2026-07-06,Karen S Haller,Southwest Gas Holdings,5,5,0,10,0.0,,Karen S Haller Southwest Gas Holdings
2026-07-06,Terrance Williams,TruStage,2,6,1,9,11.1,,Terrance Williams TruStage
2026-07-06,Eric W Gerstenberg,Clean Harbors,5,2,2,9,22.2,,Eric W Gerstenberg Clean Harbors
2026-07-06,Gunner Smith,Cornerstone Building Brands,3,11,0,14,0.0,,Gunner Smith Cornerstone Building Brands
2026-07-06,Gerben W Bakker,Hubbell Incorporated,1,5,1,7,14.3,,Gerben W Bakker Hubbell Incorporated
2026-07-06,Dave Davis,Spirit Airlines,4,11,10,25,40.0,,Dave Davis Spirit Airlines
2026-07-06,Michael J Smith,Lamb Weston,0,12,6,18,33.3,,Michael J Smith Lamb Weston
2026-07-06,Strauss Zelnick,Take-Two Interactive Software,7,17,1,25,4.0,,Strauss Zelnick Take-Two Interactive Software
2026-07-06,John C Turner Jr,GMS,5,20,0,25,0.0,,John C Turner Jr GMS
2026-07-06,David M O'Malley,Penn Mutual Life Insurance,1,3,1,5,20.0,,David M O'Malley Penn Mutual Life Insurance
2026-07-06,Frank A Lonegro,Landstar System,3,7,2,12,16.7,,Frank A Lonegro Landstar System
2026-07-06,James F Risoleo,Host Hotels & Resorts,5,12,1,18,5.6,,James F Risoleo Host Hotels & Resorts
2026-07-06,Ken Xie,Fortinet,7,15,3,25,12.0,,Ken Xie Fortinet
2026-07-06,Doug Shulman,OneMain,1,8,1,10,10.0,,Doug Shulman OneMain
2026-07-06,Ryan Cohen,GameStop,4,8,13,25,52.0,,Ryan Cohen GameStop
2026-07-06,Mark W Begor,Equifax,4,21,0,25,0.0,,Mark W Begor Equifax
2026-07-06,Jay L Schottenstein,American Eagle Outfitters,9,13,3,25,12.0,,Jay L Schottenstein American Eagle Outfitters
2026-07-06,Ole Rosgaard,Greif,6,16,3,25,12.0,,Ole Rosgaard Greif
2026-07-06,Brian E Lane,Comfort Systems USA,21,2,2,25,8.0,,Brian E Lane Comfort Systems USA
2026-07-06,Robert M Buck,TopBuild,2,6,1,9,11.1,,Robert M Buck TopBuild
2026-07-06,Ralph Andretta,Bread Financial,4,11,0,15,0.0,,Ralph Andretta Bread Financial
2026-07-06,Jim Anderson,Coherent,7,14,4,25,16.0,,Jim Anderson Coherent
2026-07-06,Walter C. D. Carlson,Telephone & Data Systems,1,7,1,9,11.1,,Walter C. D. Carlson Telephone & Data Systems
2026-07-06,Ronald Kruszewski,Stifel Financial,8,15,2,25,8.0,,Ronald Kruszewski Stifel Financial
2026-07-06,Richard Hayne,Urban Outfitters,5,16,4,25,16.0,,Richard Hayne Urban Outfitters
2026-07-06,Simon Meester,Terex,4,19,2,25,8.0,,Simon Meester Terex
2026-07-06,Edward J Lehner,Ryerson Holding,2,2,1,5,20.0,,Edward J Lehner Ryerson Holding
2026-07-06,Nicholas T Pinchuk,Snap-on,4,8,2,14,14.3,,Nicholas T Pinchuk Snap-on
2026-07-06,Ryals McMullian,Flowers Foods,4,19,2,25,8.0,,Ryals McMullian Flowers Foods
2026-07-06,D Bryan Jordan,First Horizon,9,13,3,25,12.0,,D Bryan Jordan First Horizon
2026-07-06,John B Gibson,Paychex,0,11,1,12,8.3,,John B Gibson Paychex
2026-07-06,Chris Cocks,Hasbro,5,14,6,25,24.0,,Chris Cocks Hasbro
2026-07-06,Pete McPartland,Sentry Insurance Group,7,14,0,21,0.0,,Pete McPartland Sentry Insurance Group
2026-07-06,Michael Arougheti,Ares Management,6,13,6,25,24.0,,Michael Arougheti Ares Management
2026-07-06,Alok Maskara,Lennox International,10,5,1,16,6.2,,Alok Maskara Lennox International
2026-07-06,James C Grech,Peabody Energy,4,3,2,9,22.2,,James C Grech Peabody Energy
2026-07-06,C Thomas Evans Jr,Kemper Corporation,2,19,4,25,16.0,,C Thomas Evans Jr Kemper Corporation
2026-07-06,Perry A Sook,Nexstar Media Group,4,12,9,25,36.0,,Perry A Sook Nexstar Media Group
2026-07-06,Daniel Alegre,TelevisaUnivision,3,15,7,25,28.0,,Daniel Alegre TelevisaUnivision
2026-07-06,Scott L Thompson,Tempur Sealy International,3,5,1,9,11.1,,Scott L Thompson Tempur Sealy International
2026-07-06,Mike Simonds,TriNet Group,2,8,1,11,9.1,,Mike Simonds TriNet Group
2026-07-06,B Andrew Rose,Worthington Enterprises,0,5,0,5,0.0,,B Andrew Rose Worthington Enterprises
2026-07-06,Bruce L Caswell,Maximus,4,8,0,12,0.0,,Bruce L Caswell Maximus
2026-07-06,Robert L Reffkin,Compass Group,3,5,2,10,20.0,,Robert L Reffkin Compass Group
2026-07-06,Mark Eubanks,Brinks Company,3,17,5,25,20.0,,Mark Eubanks Brinks Company
2026-07-06,Peter Quigley,Kelly Services Inc,7,18,0,25,0.0,,Peter Quigley Kelly Services Inc
2026-07-06,David L Yowan,Navient,2,4,3,9,33.3,,David L Yowan Navient
2026-07-06,Mary E Kipp,Puget Sound Energy,5,4,1,10,10.0,,Mary E Kipp Puget Sound Energy
2026-07-06,Adam Aron,AMC Entertainment,12,8,5,25,20.0,,Adam Aron AMC Entertainment
2026-07-06,Mark J Tarr,Encompass Health,3,8,2,13,15.4,,Mark J Tarr Encompass Health
2026-07-06,Liam K Griffin,Skyworks Solutions,1,9,0,10,0.0,,Liam K Griffin Skyworks Solutions
2026-07-06,Richard G Kyle,Timken,9,15,1,25,4.0,,Richard G Kyle Timken
2026-07-06,Ron Gusek,Liberty Energy,23,2,0,25,0.0,,Ron Gusek Liberty Energy
2026-07-06,John E Geller Jr,Marriott Vacations Worldwide,3,10,0,13,0.0,,John E Geller Jr Marriott Vacations Worldwide
2026-07-06,Karl G. Glassman,Leggett & Platt,4,7,1,12,8.3,,Karl G. Glassman Leggett & Platt
2026-07-06,Jonathan H Weis,Weis Markets,7,18,0,25,0.0,,Jonathan H Weis Weis Markets
2026-07-06,Jeffrey B Guldner,Pinnacle West Capital,1,7,0,8,0.0,,Jeffrey B Guldner Pinnacle West Capital
2026-07-06,Arkadiy Dobkin,EPAM Systems,11,11,3,25,12.0,,Arkadiy Dobkin EPAM Systems
2026-07-06,Paul M Rady,Antero Resources,7,4,0,11,0.0,,Paul M Rady Antero Resources
2026-07-06,Michael Spanos,Bloomin Brands,4,19,2,25,8.0,,Michael Spanos Bloomin Brands
2026-07-06,Nicole A Kivisto,MDU Resources Group,7,9,0,16,0.0,,Nicole A Kivisto MDU Resources Group
2026-07-06,Gerald L Morgan,Texas Roadhouse,4,16,5,25,20.0,,Gerald L Morgan Texas Roadhouse
2026-07-06,Gabriel Tirador,Mercury General,4,8,0,12,0.0,,Gabriel Tirador Mercury General
2026-07-06,Nicholas I Fink,Fortune Brands Innovations,3,18,4,25,16.0,,Nicholas I Fink Fortune Brands Innovations
2026-07-06,Paul E Burdiss,Zions Bancorp,1,4,0,5,0.0,,Paul E Burdiss Zions Bancorp
2026-07-06,William J Christensen,JELD-WEN Holding,0,9,0,9,0.0,,William J Christensen JELD-WEN Holding
2026-07-06,Evan Spiegel,Snap Inc,6,11,8,25,32.0,,Evan Spiegel Snap Inc
2026-07-06,Bill Burns,Zebra Technologies,5,18,2,25,8.0,,Bill Burns Zebra Technologies
2026-07-06,Steven Sell,Agilon Health,2,6,1,9,11.1,,Steven Sell Agilon Health
2026-07-06,Richard M Olson,Toro Company,3,20,2,25,8.0,,Richard M Olson Toro Company
2026-07-06,Eric S Yuan,Zoom Video Communications,9,14,2,25,8.0,,Eric S Yuan Zoom Video Communications
2026-07-06,Dan L Batrack,Tetra Tech,4,6,0,10,0.0,,Dan L Batrack Tetra Tech
2026-07-06,Joseph D Russell Jr,Public Storage,0,13,1,14,7.1,,Joseph D Russell Jr Public Storage
2026-07-06,Jacob Thaysen,Illumina Inc,7,14,4,25,16.0,,Jacob Thaysen Illumina Inc
2026-07-06,Debra A Cafaro,Ventas Inc,13,11,1,25,4.0,,Debra A Cafaro Ventas Inc
2026-07-06,Pierre R Brondeau,FMC Corporation,1,12,1,14,7.1,,Pierre R Brondeau FMC Corporation
2026-07-06,Judy R McReynolds,ArcBest,4,17,0,21,0.0,,Judy R McReynolds ArcBest
2026-07-06,Russell J Weiner,Dominos Pizza Inc,5,16,4,25,16.0,,Russell J Weiner Dominos Pizza Inc
2026-07-06,Theodore S Hanson,ASGN,1,3,0,4,0.0,,Theodore S Hanson ASGN
2026-07-06,RJ Scaringe,Rivian Automotive,2,15,8,25,32.0,,RJ Scaringe Rivian Automotive
2026-07-06,Jeffrey N Simmons,Elanco Animal Health,16,7,2,25,8.0,,Jeffrey N Simmons Elanco Animal Health
2026-07-06,Tim O Shaughnessy,Graham Holdings Company,4,19,2,25,8.0,,Tim O Shaughnessy Graham Holdings Company
2026-07-06,Thomas V Taylor,Floor & Decor,2,5,2,9,22.2,,Thomas V Taylor Floor & Decor
2026-07-06,Neil A Schrimsher,Applied Industrial Technologies,0,17,1,18,5.6,,Neil A Schrimsher Applied Industrial Technologies
2026-07-06,Robert E Price,PriceSmart,0,12,1,13,7.7,,Robert E Price PriceSmart
2026-07-06,John David Risher,Lyft,4,18,3,25,12.0,,John David Risher Lyft
2026-07-06,Gary B Smith,Ciena,12,12,1,25,4.0,,Gary B Smith Ciena
2026-07-06,Barry Diller,IAC inc,6,16,3,25,12.0,,Barry Diller IAC inc
2026-07-06,Jim Jacobs,Country Financial,6,16,3,25,12.0,,Jim Jacobs Country Financial
2026-07-06,Devin B McGranahan,Western Union,4,14,1,19,5.3,,Devin B McGranahan Western Union
2026-07-06,R Scott Rowe,Flowserve,2,8,1,11,9.1,,R Scott Rowe Flowserve
2026-07-06,Kenneth A Vecchione,Western Alliance Bancorp,8,15,2,25,8.0,,Kenneth A Vecchione Western Alliance Bancorp
2026-07-06,John C Rademacher,Option Care Health,14,2,0,16,0.0,,John C Rademacher Option Care Health
2026-07-06,Doug Black,SiteOne Landscape Supply,2,22,0,24,0.0,,Doug Black SiteOne Landscape Supply
2026-07-06,Oliver G Brewer III,Topgolf Callaway Brands,0,2,0,2,0.0,,Oliver G Brewer III Topgolf Callaway Brands
2026-07-06,Glenn Sanford,eXp World,6,13,6,25,24.0,,Glenn Sanford eXp World
2026-07-06,Fran Horowitz,Abercrombie & Fitch,10,12,3,25,12.0,,Fran Horowitz Abercrombie & Fitch
2026-07-06,Kevin Akers,Atmos Energy,18,2,0,20,0.0,,Kevin Akers Atmos Energy
2026-07-06,Alessandro Maselli,Catalent,3,21,1,25,4.0,,Alessandro Maselli Catalent
2026-07-06,J Powell Brown,Brown & Brown,6,14,5,25,20.0,,J Powell Brown Brown & Brown
2026-07-06,Aman Bhutani,GoDaddy,9,14,2,25,8.0,,Aman Bhutani GoDaddy
2026-07-06,John C. Griffith,American Water Works,5,19,1,25,4.0,,John C. Griffith American Water Works
2026-07-06,John J Marchioni,Selective Insurance Group,2,10,0,12,0.0,,John J Marchioni Selective Insurance Group
2026-07-06,Lawson E Whiting,Brown-Forman,4,21,0,25,0.0,,Lawson E Whiting Brown-Forman
2026-07-06,Dave Peacock,Advantage Solutions,21,4,0,25,0.0,,Dave Peacock Advantage Solutions
2026-07-06,Mick Farrell,ResMed,7,16,2,25,8.0,,Mick Farrell ResMed
2026-07-06,Kamal Hathi,Splunk Inc,10,12,3,25,12.0,,Kamal Hathi Splunk Inc
2026-07-06,Todd Kelsey,Plexus Corp,4,7,1,12,8.3,,Todd Kelsey Plexus Corp
2026-07-06,Phillip D Yeager,Hub Group,3,6,2,11,18.2,,Phillip D Yeager Hub Group
2026-07-06,Steven B Hedlund,Lincoln Electric,3,20,1,24,4.2,,Steven B Hedlund Lincoln Electric
2026-07-06,Timothy C Oliver,NCR Atleos,2,4,0,6,0.0,,Timothy C Oliver NCR Atleos
2026-07-06,Bruce Fleming,Calumet Inc,3,6,0,9,0.0,,Bruce Fleming Calumet Inc
2026-07-06,Daniel S. Peyovich,Dycom Industries,0,6,1,7,14.3,,Daniel S. Peyovich Dycom Industries
2026-07-06,Avner M Applbaum,Valmont Industries,0,10,1,11,9.1,,Avner M Applbaum Valmont Industries
2026-07-06,Kimberly A Fields,ATI Inc,9,16,0,25,0.0,,Kimberly A Fields ATI Inc
2026-07-06,Khozema Z Shipchandler,Twilio,0,8,3,11,27.3,,Khozema Z Shipchandler Twilio
2026-07-06,Gary C Bhojwani,CNO Financial Group,1,7,0,8,0.0,,Gary C Bhojwani CNO Financial Group
2026-07-06,William Andrew Hendricks Jr,Patterson-UTI Energy,6,3,1,10,10.0,,William Andrew Hendricks Jr Patterson-UTI Energy
2026-07-06,Kevin D Hochman,Brinker International,8,10,2,20,10.0,,Kevin D Hochman Brinker International
2026-07-06,James C Foster,Charles River Laboratories International,4,20,1,25,4.0,,James C Foster Charles River Laboratories International
2026-07-06,Rajiv K Prasad,Hyster-Yale,0,6,0,6,0.0,,Rajiv K Prasad Hyster-Yale
2026-07-06,Eric T Steigerwalt,Brighthouse Financial,4,6,2,12,16.7,,Eric T Steigerwalt Brighthouse Financial
2026-07-06,Thomas L Ryan,Service Corp International,8,13,2,23,8.7,,Thomas L Ryan Service Corp International
2026-07-06,Charles M Nifong Jr,CrossAmerica Partners,1,1,0,2,0.0,,Charles M Nifong Jr CrossAmerica Partners
2026-07-06,Anirudh Devgan,Cadence,6,17,2,25,8.0,,Anirudh Devgan Cadence
2026-07-06,Andi Owen,MillerKnoll,2,15,8,25,32.0,,Andi Owen MillerKnoll
2026-07-06,Sumit Roy,Realty Income,8,15,2,25,8.0,,Sumit Roy Realty Income
2026-07-06,Timothy John Fitzgerald,Middleby,1,3,1,5,20.0,,Timothy John Fitzgerald Middleby
2026-07-06,Robert H Schottenstein,M/I Homes,3,20,1,24,4.2,,Robert H Schottenstein M/I Homes
2026-07-06,Stephen P MacMillan,Hologic,2,9,1,12,8.3,,Stephen P MacMillan Hologic
2026-07-06,Lisa M Barton,Alliant Energy,7,1,1,9,11.1,,Lisa M Barton Alliant Energy
2026-07-06,Aaron P Jagdfeld,Generac,4,7,2,13,15.4,,Aaron P Jagdfeld Generac
2026-07-06,Erik Gershwind,MSC Industrial Direct,8,12,5,25,20.0,,Erik Gershwind MSC Industrial Direct
2026-07-06,Varun Krishna,Rocket Companies,9,14,2,25,8.0,,Varun Krishna Rocket Companies
2026-07-06,Fahmi Karam,Upbound Group,4,6,0,10,0.0,,Fahmi Karam Upbound Group
2026-07-06,NADominic Ng,East West Bancorp,0,0,0,0,0.0,,NADominic Ng East West Bancorp
2026-07-06,Jason Potter,Grocery Outlet Holding,5,19,1,25,4.0,,Jason Potter Grocery Outlet Holding
2026-07-06,Simon D Campion,Dentsply Sirona,1,13,0,14,0.0,,Simon D Campion Dentsply Sirona
2026-07-06,Jeremy Wensinger,V2X,2,8,1,11,9.1,,Jeremy Wensinger V2X
2026-07-06,Andrew Rees,Crocs,9,12,4,25,16.0,,Andrew Rees Crocs
2026-07-06,David M Maura,Spectrum Brands,7,9,2,18,11.1,,David M Maura Spectrum Brands
2026-07-06,Sachin S Lawande,Visteon,7,13,4,24,16.7,,Sachin S Lawande Visteon
2026-07-06,Neil M Ashe,Acuity Inc,1,7,2,10,20.0,,Neil M Ashe Acuity Inc
2026-07-06,Lorie L Tekorius,The Greenbrier Companies,9,15,1,25,4.0,,Lorie L Tekorius The Greenbrier Companies
2026-07-06,John R Ciulla,Webster Financial,6,19,0,25,0.0,,John R Ciulla Webster Financial
2026-07-06,Sean D Keohane,Cabot Corporation,3,6,2,11,18.2,,Sean D Keohane Cabot Corporation
2026-07-06,Drew M Wilkerson,RXO Inc,4,4,0,8,0.0,,Drew M Wilkerson RXO Inc
2026-07-06,Daniel E Brown,Chord Energy,4,0,0,4,0.0,,Daniel E Brown Chord Energy
2026-07-06,Javier D Ferrer Fernandez,Popular Inc,2,3,0,5,0.0,,Javier D Ferrer Fernandez Popular Inc
2026-07-06,Olivier Rabiller,Garrett Motion Inc,4,12,1,17,5.9,,Olivier Rabiller Garrett Motion Inc
2026-07-06,Ronald N Tutor,Tutor Perini Corporation,3,10,3,16,18.8,,Ronald N Tutor Tutor Perini Corporation
2026-07-06,Jeff Liaw,Copart,6,18,1,25,4.0,,Jeff Liaw Copart
2026-07-06,Aman Narang,Toast Inc,5,19,1,25,4.0,,Aman Narang Toast Inc
2026-07-06,Joseph M Hogan,Align Technology,6,16,3,25,12.0,,Joseph M Hogan Align Technology
2026-07-06,Kevin J Wheeler,A O Smith,3,22,0,25,0.0,,Kevin J Wheeler A O Smith
2026-07-06,Christopher A Cartwright,TransUnion,6,14,0,20,0.0,,Christopher A Cartwright TransUnion
2026-07-06,James Kelly,NCR Voyix,1,12,0,13,0.0,,James Kelly NCR Voyix
2026-07-06,Tom Leighton,Akamai Technologies,12,12,1,25,4.0,,Tom Leighton Akamai Technologies
2026-07-06,Robert G Painter,Trimble Inc,3,6,0,9,0.0,,Robert G Painter Trimble Inc
2026-07-06,Tony Helton,Medical Mutual of Ohio,1,5,0,6,0.0,,Tony Helton Medical Mutual of Ohio
2026-07-06,Caroline S Grace,AMN Healthcare Services,0,1,1,2,50.0,,Caroline S Grace AMN Healthcare Services
2026-07-06,Patrick Kaltenbach,Mettler-Toledo International,1,6,1,8,12.5,,Patrick Kaltenbach Mettler-Toledo International
2026-07-06,Michael L Baur,ScanSource,0,5,2,7,28.6,,Michael L Baur ScanSource
2026-07-06,Jason Lippert,LCI Industries,4,21,0,25,0.0,,Jason Lippert LCI Industries
2026-07-06,Fredric J Tomczyk,Cboe Global Markets,1,10,2,13,15.4,,Fredric J Tomczyk Cboe Global Markets
2026-07-06,Octavio Marquez,Diebold Nixdorf,8,17,0,25,0.0,,Octavio Marquez Diebold Nixdorf
2026-07-06,Sivasankaran Somasundaram,ChampionX,6,4,0,10,0.0,,Sivasankaran Somasundaram ChampionX
2026-07-06,Ronald F Clarke,Corpay,1,8,3,12,25.0,,Ronald F Clarke Corpay
2026-07-06,Robert W Pittman,iHeartMedia,7,11,2,20,10.0,,Robert W Pittman iHeartMedia
2026-07-06,Patrick Zalupski,Dream Finders Homes,19,4,2,25,8.0,,Patrick Zalupski Dream Finders Homes
2026-07-06,Keith E Smith,Boyd Gaming,3,16,1,20,5.0,,Keith E Smith Boyd Gaming
2026-07-06,Mehran Assadi,NLV Financial,0,3,0,3,0.0,,Mehran Assadi NLV Financial
2026-07-06,Barry R Port,Ensign Group,2,7,3,12,25.0,,Barry R Port Ensign Group
2026-07-06,Denise A Paulonis,Sally Beauty,17,1,0,18,0.0,,Denise A Paulonis Sally Beauty
2026-07-06,Harsha V Agadi,Conduent,1,7,0,8,0.0,,Harsha V Agadi Conduent
2026-07-06,Jean-Michel Ribieras,Sylvamo,2,8,0,10,0.0,,Jean-Michel Ribieras Sylvamo
2026-07-06,Douglas F Bauer,Tri Pointe Homes,1,11,0,12,0.0,,Douglas F Bauer Tri Pointe Homes
2026-07-06,Shawn O'Connell,EnerSys,2,5,0,7,0.0,,Shawn O'Connell EnerSys
2026-07-06,Bill Meury,Incyte,5,16,4,25,16.0,,Bill Meury Incyte
2026-07-06,Dale Francescon,Century Communities,7,15,3,25,12.0,,Dale Francescon Century Communities
2026-07-06,Michael Nierenberg,Rithm Capital,5,19,1,25,4.0,,Michael Nierenberg Rithm Capital
2026-07-06,Michael J Brown,Euronet Worldwide,4,6,1,11,9.1,,Michael J Brown Euronet Worldwide
2026-07-06,Scott Seu,Hawaiian Electric Industries,5,15,5,25,20.0,,Scott Seu Hawaiian Electric Industries
2026-07-06,Jason D Robins,DraftKings,5,14,6,25,24.0,,Jason D Robins DraftKings
2026-07-06,Jonathan J Mazelsky,IDEXX Laboratories,1,6,3,10,30.0,,Jonathan J Mazelsky IDEXX Laboratories
2026-07-06,Richard S Swartz,MYR Group,0,1,0,1,0.0,,Richard S Swartz MYR Group
2026-07-06,Stefano Caroti,Deckers Outdoor,10,13,2,25,8.0,,Stefano Caroti Deckers Outdoor
2026-07-06,Jake Leach,DexCom,5,17,3,25,12.0,,Jake Leach DexCom
2026-07-06,John T C Lee,MKS Instruments,9,16,0,25,0.0,,John T C Lee MKS Instruments
2026-07-06,Edward B Pitoniak,VICI Properties,1,7,3,11,27.3,,Edward B Pitoniak VICI Properties
2026-07-06,Albert White III,Cooper Cos,5,15,5,25,20.0,,Albert White III Cooper Cos
2026-07-06,James Dempsey,Frontier Airlines,3,19,3,25,12.0,,James Dempsey Frontier Airlines
2026-07-06,Robert A Bruggeworth,Qorvo,4,6,2,12,16.7,,Robert A Bruggeworth Qorvo
2026-07-06,Winnie Park,Five Below,10,14,1,25,4.0,,Winnie Park Five Below
2026-07-06,Steven Oakland,TreeHouse Foods,8,16,1,25,4.0,,Steven Oakland TreeHouse Foods
2026-07-06,James S Hagedorn,Scotts Miracle-Gro,7,2,1,10,10.0,,James S Hagedorn Scotts Miracle-Gro
2026-07-06,Michael Cannon-Brookes,Atlassian,5,11,9,25,36.0,,Michael Cannon-Brookes Atlassian
2026-07-06,Bertrand Loy,Entegris,3,19,2,24,8.3,,Bertrand Loy Entegris
2026-07-06,William E Waltz,Atkore,1,6,1,8,12.5,,William E Waltz Atkore
2026-07-06,Celeste B Mastin,HB Fuller,2,8,2,12,16.7,,Celeste B Mastin HB Fuller
2026-07-06,Kyle T Larkin,Granite Construction,2,12,4,18,22.2,,Kyle T Larkin Granite Construction
2026-07-06,Michael J Happe,Winnebago Industries,4,4,2,10,20.0,,Michael J Happe Winnebago Industries
2026-07-06,Steven H Gunby,FTI Consulting,6,6,1,13,7.7,,Steven H Gunby FTI Consulting
2026-07-06,Stephan B Tanda,AptarGroup,1,9,2,12,16.7,,Stephan B Tanda AptarGroup
2026-07-06,Timothy P Boyle,Columbia Sportswear,3,11,5,19,26.3,,Timothy P Boyle Columbia Sportswear
2026-07-06,Anthony J Wood,Roku,11,12,2,25,8.0,,Anthony J Wood Roku
2026-07-06,M Christopher Doyle,Civitas Resources,0,1,0,1,0.0,,M Christopher Doyle Civitas Resources
2026-07-06,Andy Eidson,Alpha Metallurgical Resources,2,5,3,10,30.0,,Andy Eidson Alpha Metallurgical Resources
2026-07-06,Andy L Nemeth,Patrick Industries,2,6,1,9,11.1,,Andy L Nemeth Patrick Industries
2026-07-06,Roger W Jenkins,Murphy Oil,5,14,6,25,24.0,,Roger W Jenkins Murphy Oil
2026-07-06,Kevin S Blair,Synovus Financial,2,6,0,8,0.0,,Kevin S Blair Synovus Financial
2026-07-06,Julie Felss Masino,Cracker Barrel Old Country Store,4,13,8,25,32.0,,Julie Felss Masino Cracker Barrel Old Country Store
2026-07-06,David M Overton,Cheesecake Factory,8,14,3,25,12.0,,David M Overton Cheesecake Factory
2026-07-06,Nick DeIuliis,CNX Resources,12,8,0,20,0.0,,Nick DeIuliis CNX Resources
2026-07-06,Christopher Pappas,Chefs Warehouse,3,13,2,18,11.1,,Christopher Pappas Chefs Warehouse
2026-07-06,Tod Carpenter,Donaldson Company,3,15,3,21,14.3,,Tod Carpenter Donaldson Company
2026-07-06,Gregory L Christopher,Mueller Industries,3,17,1,21,4.8,,Gregory L Christopher Mueller Industries
2026-07-06,Rob Saltiel,MRC Global,1,6,2,9,22.2,,Rob Saltiel MRC Global
2026-07-06,Jillian C Evanko,Chart Industries,0,8,1,9,11.1,,Jillian C Evanko Chart Industries
2026-07-06,Dave Guilmette,Alight Solutions,3,9,0,12,0.0,,Dave Guilmette Alight Solutions
2026-07-06,Joel Smejkal,Vishay Intertechnology,3,10,0,13,0.0,,Joel Smejkal Vishay Intertechnology
2026-07-06,Dennis Degner,Range Resources,8,10,1,19,5.3,,Dennis Degner Range Resources
2026-07-06,Ira D Robbins,Valley National Bancorp,3,9,4,16,25.0,,Ira D Robbins Valley National Bancorp
2026-07-06,Bernard Kim,Match Group,3,18,4,25,16.0,,Bernard Kim Match Group
2026-07-06,Vincent Pilette,Gen Digital,4,11,3,18,16.7,,Vincent Pilette Gen Digital
2026-07-06,Timothy S Crane,Wintrust Financial,1,7,2,10,20.0,,Timothy S Crane Wintrust Financial
2026-07-06,Pat Roche,Moog Inc,4,18,2,24,8.3,,Pat Roche Moog Inc
2026-07-06,Mark R Widmar,First Solar,13,7,5,25,20.0,,Mark R Widmar First Solar
2026-07-06,Niko Lahanas,Central Garden & Pet,1,9,0,10,0.0,,Niko Lahanas Central Garden & Pet
2026-07-06,Chris Osowski,Green Plains Inc,6,8,1,15,6.7,,Chris Osowski Green Plains Inc
2026-07-06,Derek J Leathers,Werner Enterprises,2,9,1,12,8.3,,Derek J Leathers Werner Enterprises
2026-07-06,Adam Foroughi,AppLovin,3,18,4,25,16.0,,Adam Foroughi AppLovin
2026-07-06,Luca Savi,ITT,3,7,0,10,0.0,,Luca Savi ITT
2026-07-06,Lawrence H Silber,Herc Rentals,0,2,1,3,33.3,,Lawrence H Silber Herc Rentals
2026-07-06,Hilton H Howell Jr,Gray Television,6,18,1,25,4.0,,Hilton H Howell Jr Gray Television
2026-07-06,Eric D Ashleman,IDEX,0,10,0,10,0.0,,Eric D Ashleman IDEX
2026-07-06,Owen D Thomas,Boston Properties,1,18,1,20,5.0,,Owen D Thomas Boston Properties
2026-07-06,Kurt Wolf,Pitney Bowes,8,17,0,25,0.0,,Kurt Wolf Pitney Bowes
2026-07-06,Jeff Lorenger,Steelcase,3,9,1,13,7.7,,Jeff Lorenger Steelcase
2026-07-06,Charles D. Young,Sun Communities,2,11,1,14,7.1,,Charles D. Young Sun Communities
2026-07-06,Suzanne Foster,AdaptHealth,3,16,2,21,9.5,,Suzanne Foster AdaptHealth
2026-07-06,Grant E Sims,Genesis Energy,6,2,0,8,0.0,,Grant E Sims Genesis Energy
2026-07-06,Laura Prieskorn,Jackson Financial,4,13,1,18,5.6,,Laura Prieskorn Jackson Financial
2026-07-06,Rick L Wessel,FirstCash,1,8,1,10,10.0,,Rick L Wessel FirstCash
2026-07-06,Sherman Miller,Cal-Maine Foods,4,20,1,25,4.0,,Sherman Miller Cal-Maine Foods
2026-07-06,Paul A Lang,Arch Resources,12,12,1,25,4.0,,Paul A Lang Arch Resources
2026-07-06,Ashish K Khandpur,Avient,3,5,0,8,0.0,,Ashish K Khandpur Avient
2026-07-06,Shyam K Reddy,BlueLinx,1,5,0,6,0.0,,Shyam K Reddy BlueLinx
2026-07-06,Christopher S Ripley,Sinclair,6,12,7,25,28.0,,Christopher S Ripley Sinclair
2026-07-06,Stacy Kymes,BOK Financial,11,14,0,25,0.0,,Stacy Kymes BOK Financial
2026-07-06,James H Walter,Permian Resources,3,10,0,13,0.0,,James H Walter Permian Resources
2026-07-06,Jason Murray,PACS Group,14,7,4,25,16.0,,Jason Murray PACS Group
2026-07-06,Brian Armstrong,Coinbase Global,6,11,8,25,32.0,,Brian Armstrong Coinbase Global
2026-07-06,Oscar K Brown,Western Midstream Partners,3,19,3,25,12.0,,Oscar K Brown Western Midstream Partners
2026-07-06,Nicholas R Lower,Federated Mutual Insurance,1,1,3,5,60.0,,Nicholas R Lower Federated Mutual Insurance
2026-07-06,Morris Goldfarb,G-III Apparel Group,5,16,4,25,16.0,,Morris Goldfarb G-III Apparel Group
2026-07-06,Mark D Morelli,Vontier,1,5,0,6,0.0,,Mark D Morelli Vontier
2026-07-06,Matthew J Cox,Matson Inc,6,12,3,21,14.3,,Matthew J Cox Matson Inc
2026-07-06,David W Grzebinski,Kirby Corporation,3,5,2,10,20.0,,David W Grzebinski Kirby Corporation
2026-07-06,Keith A Harvey,Kaiser Aluminum,1,7,2,10,20.0,,Keith A Harvey Kaiser Aluminum
2026-07-06,Eric Nyman,Vista Outdoor,1,18,3,22,13.6,,Eric Nyman Vista Outdoor
2026-07-06,Doug Howe,Designer Brands Inc,6,17,2,25,8.0,,Doug Howe Designer Brands Inc
2026-07-06,Jerry E Gahlhoff Jr,Rollins Inc,0,5,2,7,28.6,,Jerry E Gahlhoff Jr Rollins Inc
2026-07-06,D Scott Barbour,Advanced Drainage Systems,7,2,0,9,0.0,,D Scott Barbour Advanced Drainage Systems
2026-07-06,Sean Gamble,Cinemark,9,6,10,25,40.0,,Sean Gamble Cinemark
2026-07-06,George Kurtz,CrowdStrike,7,17,1,25,4.0,,George Kurtz CrowdStrike
2026-07-06,Bill Ready,Pinterest,12,9,4,25,16.0,,Bill Ready Pinterest
2026-07-06,Fidji Simo,Instacart,6,15,4,25,16.0,,Fidji Simo Instacart
2026-07-06,Kimberly K Ryan,Hillenbrand,1,9,1,11,9.1,,Kimberly K Ryan Hillenbrand
2026-07-06,David S Graziosi,Allison Transmission,2,19,0,21,0.0,,David S Graziosi Allison Transmission
2026-07-06,Gary G Friedman,Restoration Hardware,3,14,2,19,10.5,,Gary G Friedman Restoration Hardware
2026-07-06,Lucinda M Baier,Brookdale Senior Living,3,8,5,16,31.2,,Lucinda M Baier Brookdale Senior Living
2026-07-06,Brian J Blaser,QuidelOrtho,1,12,1,14,7.1,,Brian J Blaser QuidelOrtho
2026-07-06,E Jean Savage,Trinity Industries,4,16,5,25,20.0,,E Jean Savage Trinity Industries
2026-07-06,Stuart Randle,Teleflex,0,6,2,8,25.0,,Stuart Randle Teleflex
2026-07-06,Laurans A Mendelson,HEICO,8,16,1,25,4.0,,Laurans A Mendelson HEICO
2026-07-06,Frank H Laukien,Bruker,1,9,1,11,9.1,,Frank H Laukien Bruker
2026-07-06,Harvey M Schwartz,Carlyle Group,9,16,0,25,0.0,,Harvey M Schwartz Carlyle Group
2026-07-06,Mark S LaVigne,Energizer Holdings,6,2,0,8,0.0,,Mark S LaVigne Energizer Holdings
2026-07-06,Amar Maletira,Rackspace Technology,5,10,4,19,21.1,,Amar Maletira Rackspace Technology
2026-07-06,Udit Batra,Waters Corporation,7,17,1,25,4.0,,Udit Batra Waters Corporation
2026-07-06,Eric M Green,West Pharmaceutical Services,5,19,1,25,4.0,,Eric M Green West Pharmaceutical Services
2026-07-06,Doug Palladini,Carters Inc,1,17,2,20,10.0,,Doug Palladini Carters Inc
2026-07-06,G Mike Mikan,NeueHealth,2,4,0,6,0.0,,G Mike Mikan NeueHealth
2026-07-06,Russell Chip Childs,SkyWest,0,7,2,9,22.2,,Russell Chip Childs SkyWest
2026-07-06,Debra Osteen,Acadia Healthcare,5,17,3,25,12.0,,Debra Osteen Acadia Healthcare
2026-07-06,Prahlad Singh,Revvity,5,4,1,10,10.0,,Prahlad Singh Revvity
2026-07-06,Maria M Pope,Portland General Electric,6,8,2,16,12.5,,Maria M Pope Portland General Electric
2026-07-06,Charles Chip Blankenship,Woodward Inc,2,5,1,8,12.5,,Charles Chip Blankenship Woodward Inc
2026-07-06,Mike Steib,TEGNA,6,12,7,25,28.0,,Mike Steib TEGNA
2026-07-06,Kurt J Ekert,Sabre Corporation,0,3,0,3,0.0,,Kurt J Ekert Sabre Corporation
2026-07-06,Matt Wilson,Light & Wonder,7,14,4,25,16.0,,Matt Wilson Light & Wonder
2026-07-06,Rob Katz,Vail Resorts,4,11,10,25,40.0,,Rob Katz Vail Resorts
2026-07-06,Marc Hathhorn,Radius Recycling,0,3,1,4,25.0,,Marc Hathhorn Radius Recycling
2026-07-06,David A Spector,PennyMac Financial Services,4,20,1,25,4.0,,David A Spector PennyMac Financial Services
2026-07-06,Frederick J Holzgrefe III,Saia Inc,3,6,1,10,10.0,,Frederick J Holzgrefe III Saia Inc
2026-07-06,Mark J Parrell,Equity Residential,8,7,1,16,6.2,,Mark J Parrell Equity Residential
2026-07-06,John W Lindsay,Helmerich & Payne,5,3,2,10,20.0,,John W Lindsay Helmerich & Payne
2026-07-06,Gary D Burnison,Korn Ferry,11,12,2,25,8.0,,Gary D Burnison Korn Ferry
2026-07-06,Timothy J McGrath,PC Connection Inc,0,2,1,3,33.3,,Timothy J McGrath PC Connection Inc
2026-07-06,Lynn M Bamford,Curtiss-Wright,11,14,0,25,0.0,,Lynn M Bamford Curtiss-Wright
2026-07-06,Jonathan W Witter,Sallie Mae,3,9,0,12,0.0,,Jonathan W Witter Sallie Mae
2026-07-06,Jeff Benck,Benchmark Electronics,1,15,0,16,0.0,,Jeff Benck Benchmark Electronics
2026-07-06,Charles H Giancarlo,Pure Storage,5,13,2,20,10.0,,Charles H Giancarlo Pure Storage
2026-07-06,Brian R Gray,Knife River Corporation,2,5,1,8,12.5,,Brian R Gray Knife River Corporation
2026-07-06,Jay Schmidt,Caleres Inc,3,12,2,17,11.8,,Jay Schmidt Caleres Inc
2026-07-06,Dale Asplund,BrightView Holdings,2,7,1,10,10.0,,Dale Asplund BrightView Holdings
2026-07-06,Jeffrey S Edwards,Cooper-Standard,1,7,1,9,11.1,,Jeffrey S Edwards Cooper-Standard
2026-07-06,Glenn J Williams,Primerica,4,3,2,9,22.2,,Glenn J Williams Primerica
2026-07-06,Francois Locoh-Donou,F5,8,14,3,25,12.0,,Francois Locoh-Donou F5
2026-07-06,Joseph Wm Foran,Matador Resources,13,12,0,25,0.0,,Joseph Wm Foran Matador Resources
2026-07-06,Sridhar Ramaswamy,Snowflake Inc,10,9,6,25,24.0,,Sridhar Ramaswamy Snowflake Inc
2026-07-06,Mark D Dankberg,Viasat,5,8,3,16,18.8,,Mark D Dankberg Viasat
2026-07-06,Francisco J Leon,California Resources,5,8,1,14,7.1,,Francisco J Leon California Resources
2026-07-06,Peter Stern,Peloton Interactive,8,14,3,25,12.0,,Peter Stern Peloton Interactive
2026-07-06,David Baszucki,Roblox,13,9,3,25,12.0,,David Baszucki Roblox
2026-07-06,Jeffrey W Edwards,Installed Building Products,1,4,2,7,28.6,,Jeffrey W Edwards Installed Building Products
2026-07-06,Clark Lauritzen,First National of Nebraska,1,10,0,11,0.0,,Clark Lauritzen First National of Nebraska
2026-07-06,Carlos Alberini,Guess Inc,2,21,2,25,8.0,,Carlos Alberini Guess Inc
2026-07-06,Shyam P Kambeyanda,ESAB,2,10,0,12,0.0,,Shyam P Kambeyanda ESAB
2026-07-06,Edmund Shallcross III,Amica Mutual Insurance,0,10,0,10,0.0,,Edmund Shallcross III Amica Mutual Insurance
2026-07-06,Benjamin W Schall,AvalonBay Communities,7,16,2,25,8.0,,Benjamin W Schall AvalonBay Communities
2026-07-06,Allan C Thygesen,DocuSign,3,10,1,14,7.1,,Allan C Thygesen DocuSign
2026-07-06,Bryan J Knutson,Titan Machinery,1,0,1,2,50.0,,Bryan J Knutson Titan Machinery
2026-07-06,Ara K Hovnanian,Hovnanian Enterprises,6,14,5,25,20.0,,Ara K Hovnanian Hovnanian Enterprises
2026-07-06,Kruti Patel Goyal,Etsy,8,13,4,25,16.0,,Kruti Patel Goyal Etsy
2026-07-06,Kevin Roycraft,Adams Resources & Energy,5,1,0,6,0.0,,Kevin Roycraft Adams Resources & Energy
2026-07-06,J Eric Evans,Surgery Partners,0,1,0,1,0.0,,J Eric Evans Surgery Partners
2026-07-06,Clint E Stein,Columbia Banking System,1,10,1,12,8.3,,Clint E Stein Columbia Banking System
2026-07-06,Lee M Shavel,Verisk Analytics,2,13,1,16,6.2,,Lee M Shavel Verisk Analytics
2026-07-06,Dave Banyard Jr,MasterBrand,0,4,0,4,0.0,,Dave Banyard Jr MasterBrand
2026-07-06,Diana Birkett Rakow,Hawaiian Airlines Inc,1,23,1,25,4.0,,Diana Birkett Rakow Hawaiian Airlines Inc
2026-07-06,Kristin A Dolan,AMC Networks,2,14,9,25,36.0,,Kristin A Dolan AMC Networks
2026-07-06,Brendan T Cavanagh,SBA Communications,0,9,1,10,10.0,,Brendan T Cavanagh SBA Communications
2026-07-06,George F Chappelle Jr,Americold Realty Trust,3,4,0,7,0.0,,George F Chappelle Jr Americold Realty Trust
2026-07-06,Thomas E Gottwald,NewMarket Corporation,2,9,0,11,0.0,,Thomas E Gottwald NewMarket Corporation
2026-07-06,Thomas J Baltimore Jr,Park Hotels & Resorts,2,20,3,25,12.0,,Thomas J Baltimore Jr Park Hotels & Resorts
2026-07-06,Peter M Moglia,Alexandria Real Estate Equities,2,8,4,14,28.6,,Peter M Moglia Alexandria Real Estate Equities
2026-07-06,Ronald J Kramer,Griffon Corporation,3,6,0,9,0.0,,Ronald J Kramer Griffon Corporation
2026-07-06,John L Plueger,Air Lease,3,10,0,13,0.0,,John L Plueger Air Lease
2026-07-06,Jennifer F Scanlon,UL Solutions,3,5,0,8,0.0,,Jennifer F Scanlon UL Solutions
2026-07-06,Greg Smith,Teradyne,6,17,2,25,8.0,,Greg Smith Teradyne
2026-07-06,Sean Trauschke,OGE Energy,17,4,4,25,16.0,,Sean Trauschke OGE Energy
2026-07-06,Norman D Schwartz,Bio-Rad Laboratories,2,7,2,11,18.2,,Norman D Schwartz Bio-Rad Laboratories
2026-07-06,Scott Doyle,Spire Inc,7,8,1,16,6.2,,Scott Doyle Spire Inc
2026-07-06,Michael E Reed,Gannett,2,3,2,7,28.6,,Michael E Reed Gannett
2026-07-06,Phillip D Green,Cullen Frost Bankers,1,10,4,15,26.7,,Phillip D Green Cullen Frost Bankers
2026-07-06,Joseph D Margolis,Extra Space Storage,2,13,2,17,11.8,,Joseph D Margolis Extra Space Storage
2026-07-06,Mark A Skonieczny,REV Group,0,7,3,10,30.0,,Mark A Skonieczny REV Group
2026-07-06,Ladd Wilks,ProFrac Holding,4,4,0,8,0.0,,Ladd Wilks ProFrac Holding
2026-07-06,Sundaram Nagarajan,Nordson,2,11,3,16,18.8,,Sundaram Nagarajan Nordson
2026-07-06,Anne P Noonan,Summit Materials,4,5,0,9,0.0,,Anne P Noonan Summit Materials
2026-07-06,Lori Flees,Valvoline Inc,4,8,6,18,33.3,,Lori Flees Valvoline Inc
2026-07-06,Scott H Baxter,Kontoor Brands,6,9,2,17,11.8,,Scott H Baxter Kontoor Brands
2026-07-06,Tim Larson,Skyline Champion,17,0,0,17,0.0,,Tim Larson Skyline Champion
2026-07-06,Chuck Divita,Teladoc Health,8,16,1,25,4.0,,Chuck Divita Teladoc Health
2026-07-06,W Bradley Southern,Louisiana-Pacific Corporation,2,3,1,6,16.7,,W Bradley Southern Louisiana-Pacific Corporation
2026-07-06,George C Freeman III,Universal Corporation,7,16,2,25,8.0,,George C Freeman III Universal Corporation
2026-07-06,James A Brock,Consol Energy,8,4,0,12,0.0,,James A Brock Consol Energy
2026-07-06,Robert Antokol,Playtika Holding,1,8,0,9,0.0,,Robert Antokol Playtika Holding
2026-07-06,Joe Craft,Alliance Resource Partners,8,14,3,25,12.0,,Joe Craft Alliance Resource Partners
2026-07-06,Paul Keel,Envista Holdings,1,9,0,10,0.0,,Paul Keel Envista Holdings
2026-07-06,Jared Isaacman,Shift4 Payments,7,15,3,25,12.0,,Jared Isaacman Shift4 Payments
2026-07-06,Mark Mac McFarland,Talen Energy,7,2,0,9,0.0,,Mark Mac McFarland Talen Energy
2026-07-06,Tony R Thene,Carpenter Technology,1,14,0,15,0.0,,Tony R Thene Carpenter Technology
2026-07-06,Melissa D Smith,WEX,4,11,2,17,11.8,,Melissa D Smith WEX
2026-07-06,James Jim C Ryan III,Old National Bancorp,0,1,1,2,50.0,,James Jim C Ryan III Old National Bancorp
2026-07-06,Peter J Federico,AGNC Investment,3,6,2,11,18.2,,Peter J Federico AGNC Investment
2026-07-06,Brent L Yeagy,Wabash National,0,1,2,3,66.7,,Brent L Yeagy Wabash National
2026-07-06,Henry A Fernandez,MSCI,10,11,4,25,16.0,,Henry A Fernandez MSCI
2026-07-06,Mark Penn,Stagwell,9,11,5,25,20.0,,Mark Penn Stagwell
2026-07-06,Julie Schertell,Mativ,0,9,0,9,0.0,,Julie Schertell Mativ
2026-07-06,Ashish Chand,Belden,1,8,1,10,10.0,,Ashish Chand Belden
2026-07-06,Greg Anderson,Allegiant Travel Company,10,15,0,25,0.0,,Greg Anderson Allegiant Travel Company
2026-07-06,Drew Houston,Dropbox,1,24,0,25,0.0,,Drew Houston Dropbox
2026-07-06,Kevin T Conroy,Exact Sciences,5,14,6,25,24.0,,Kevin T Conroy Exact Sciences
2026-07-06,Rex D Geveden,BWX Technologies,9,12,4,25,16.0,,Rex D Geveden BWX Technologies
2026-07-06,Scott R Wells,Clear Channel Outdoor Holdings,3,1,1,5,20.0,,Scott R Wells Clear Channel Outdoor Holdings
2026-07-06,Mac Cummings,Terakeet,3,7,2,12,16.7,,Mac Cummings Terakeet
2026-07-06,Casey Wasserman,Wasserman,7,7,11,25,44.0,,Casey Wasserman Wasserman
2026-07-06,Nancy Pierce,GEICO,7,12,2,21,9.5,,Nancy Pierce GEICO
2026-07-06,Richard Dickson,Gap Inc,13,9,3,25,12.0,,Richard Dickson Gap Inc
2026-07-06,Horacio Barbeito,Old Navy,1,7,4,12,33.3,,Horacio Barbeito Old Navy
2026-07-06,Marcus Lemonis,Bed Bath & Beyond,7,18,0,25,0.0,,Marcus Lemonis Bed Bath & Beyond
2026-07-06,Gregory A Adams,Kaiser Permanente,6,16,3,25,12.0,,Gregory A Adams Kaiser Permanente
2026-07-06,Andy MacMillan,Alteryx,3,12,2,17,11.8,,Andy MacMillan Alteryx
2026-07-06,Magda Chambriard,Petrobras,8,12,5,25,20.0,,Magda Chambriard Petrobras
2026-07-06,Mike Petrullo,Dynata,1,8,0,9,0.0,,Mike Petrullo Dynata
2026-07-06,James Fish Jr,WM,2,5,18,25,72.0,,James Fish Jr WM
2026-07-06,Jack Dorsey,Block Inc,2,5,18,25,72.0,,Jack Dorsey Block Inc
2026-07-06,Lachlan Murdoch,Fox Corporation,5,16,4,25,16.0,,Lachlan Murdoch Fox Corporation
2026-07-06,Jean-Marc Gilson,Westlake Corporation,4,17,4,25,16.0,,Jean-Marc Gilson Westlake Corporation
2026-07-06,Joe Earley,Hulu,6,18,1,25,4.0,,Joe Earley Hulu
2026-07-06,Brent Saunders,Bausch & Lomb,5,17,3,25,12.0,,Brent Saunders Bausch & Lomb
2026-07-06,Ayman Antoun,OpenText,3,21,1,25,4.0,,Ayman Antoun OpenText
2026-07-06,Paul Guyardo,Fetch Pet Insurance,5,7,0,12,0.0,,Paul Guyardo Fetch Pet Insurance
2026-07-06,James R Downing,St Jude Childrens Research Hospital,8,14,3,25,12.0,,James R Downing St Jude Childrens Research Hospital
2026-07-06,Stanley Middleman,Freedom Mortgage,13,11,1,25,4.0,,Stanley Middleman Freedom Mortgage
2026-07-06,Michael Rubin,Fanatics,19,4,2,25,8.0,,Michael Rubin Fanatics
2026-07-06,Shane Jacobson,American Cancer Society,3,4,18,25,72.0,,Shane Jacobson American Cancer Society
2026-07-06,Albert Crawford,BHG Financial,10,9,0,19,0.0,,Albert Crawford BHG Financial
2026-07-06,Robert F Smith,Vista Equity Partners,8,13,4,25,16.0,,Robert F Smith Vista Equity Partners
2026-07-06,Jonathan Lavine,Bain Capital,3,17,4,24,16.7,,Jonathan Lavine Bain Capital
2026-07-06,Joshua Bekenstein,Bain Capital,1,8,1,10,10.0,,Joshua Bekenstein Bain Capital
2026-07-06,Stephen Pagliuca,Bain Capital,5,17,3,25,12.0,,Stephen Pagliuca Bain Capital
2026-07-06,Baron Silverstein,Newrez,3,19,3,25,12.0,,Baron Silverstein Newrez
2026-07-06,Robert G Goldstein,Las Vegas Sands,3,20,2,25,8.0,,Robert G Goldstein Las Vegas Sands
2026-07-06,Jennifer L Mnookin,Columbia University,2,23,0,25,0.0,,Jennifer L Mnookin Columbia University
2026-07-06,Soren Toft,MSC Mediterranean Shipping Company,4,20,1,25,4.0,,Soren Toft MSC Mediterranean Shipping Company
2026-07-06,Joe Rice,Motley Rice,5,9,11,25,44.0,,Joe Rice Motley Rice
2026-07-06,Michael ByungJu Kim,MBK Partners,1,3,21,25,84.0,,Michael ByungJu Kim MBK Partners
2026-07-06,Michael Fisch,American Securities,13,5,5,23,21.7,,Michael Fisch American Securities
2026-07-06,Oliver Schusser,Beats Electronics LLC,1,2,0,3,0.0,,Oliver Schusser Beats Electronics LLC
2026-07-06,Andrew Dudum,Hims & Hers,4,16,5,25,20.0,,Andrew Dudum Hims & Hers
2026-07-06,Brian Sikes,Cargill,6,17,2,25,8.0,,Brian Sikes Cargill
2026-07-06,Dave Robertson,Koch Inc,6,15,4,25,16.0,,Dave Robertson Koch Inc
2026-07-06,Poul Weihrauch,Mars,2,22,1,25,4.0,,Poul Weihrauch Mars
2026-07-06,Charles Butt,H-E-B Grocery Company,6,14,5,25,20.0,,Charles Butt H-E-B Grocery Company
2026-07-06,Duke Reyes,Reyes Holdings,2,21,2,25,8.0,,Duke Reyes Reyes Holdings
2026-07-06,Chrissy Taylor,Enterprise Mobility,4,21,0,25,0.0,,Chrissy Taylor Enterprise Mobility
2026-07-06,Eric Winn,C&S Wholesale Grocers,8,17,0,25,0.0,,Eric Winn C&S Wholesale Grocers
2026-07-06,Abigail Johnson,Fidelity Investments,4,16,5,25,20.0,,Abigail Johnson Fidelity Investments
2026-07-06,Wayne Chaplin,Southern Glazer's Wine & Spirits,6,19,0,25,0.0,,Wayne Chaplin Southern Glazer's Wine & Spirits
2026-07-06,Greg Love,Love's Travel Stops & Country Stores,10,6,9,25,36.0,,Greg Love Love's Travel Stops & Country Stores
2026-07-06,Jim Boyle,Medline Industries,9,11,1,21,4.8,,Jim Boyle Medline Industries
2026-07-06,Alex Taylor,Cox Enterprises,9,16,0,25,0.0,,Alex Taylor Cox Enterprises
2026-07-06,Rick Keyes,Meijer,8,15,2,25,8.0,,Rick Keyes Meijer
2026-07-06,Rich Wolowski,Gordon Food Service,9,12,0,21,0.0,,Rich Wolowski Gordon Food Service
2026-07-06,Dan Chait,JM Family Enterprises,3,7,0,10,0.0,,Dan Chait JM Family Enterprises
2026-07-06,Brendan Bechtel,Bechtel,4,17,4,25,16.0,,Brendan Bechtel Bechtel
2026-07-06,Keith Rozolis,ABC Supply,3,8,0,11,0.0,,Keith Rozolis ABC Supply
2026-07-06,Jim Kavanaugh,World Wide Technology,8,16,1,25,4.0,,Jim Kavanaugh World Wide Technology
2026-07-06,Kevin Thornton,QuikTrip,5,4,0,9,0.0,,Kevin Thornton QuikTrip
2026-07-06,Jim Voss,Tenneco,5,6,0,11,0.0,,Jim Voss Tenneco
2026-07-06,Chris Gheysens,Wawa,5,17,3,25,12.0,,Chris Gheysens Wawa
2026-07-06,Natalie Morhous,RaceTrac,5,16,0,21,0.0,,Natalie Morhous RaceTrac
2026-07-06,Bob Sternfels,McKinsey & Company,6,17,2,25,8.0,,Bob Sternfels McKinsey & Company
2026-07-06,Craig Abod,Carahsoft,10,15,0,25,0.0,,Craig Abod Carahsoft
2026-07-06,Thai Lee,SHI International,8,16,1,25,4.0,,Thai Lee SHI International
2026-07-06,Jay Alvather,Allegis Group,3,7,0,10,0.0,,Jay Alvather Allegis Group
2026-07-06,John Tu,Kingston Technology,7,18,0,25,0.0,,John Tu Kingston Technology
2026-07-06,Travis R Sheetz,Sheetz,7,15,3,25,12.0,,Travis R Sheetz Sheetz
2026-07-06,Andrew Novotny,Calpine,8,10,0,18,0.0,,Andrew Novotny Calpine
2026-07-06,Dan Friedkin,The Friedkin Group,4,17,4,25,16.0,,Dan Friedkin The Friedkin Group
2026-07-06,Jeremy Gosch,Hy-Vee,10,14,1,25,4.0,,Jeremy Gosch Hy-Vee
2026-07-06,John Menard Jr,Menards,4,16,5,25,20.0,,John Menard Jr Menards
2026-07-06,Colleen Wegman,Wegmans Food Markets,11,14,0,25,0.0,,Colleen Wegman Wegmans Food Markets
2026-07-06,Christoph Schweizer,BCG (Boston Consulting Group),5,18,2,25,8.0,,Christoph Schweizer BCG (Boston Consulting Group)
2026-07-06,Steven R Swartz,Hearst,2,23,0,25,0.0,,Steven R Swartz Hearst
2026-07-06,Fisk Johnson,SC Johnson,12,10,3,25,12.0,,Fisk Johnson SC Johnson
2026-07-06,Tim Regan,Whiting-Turner Contracting,5,19,1,25,4.0,,Tim Regan Whiting-Turner Contracting
2026-07-06,Bill Artman,Giant Eagle,5,20,0,25,0.0,,Bill Artman Giant Eagle
2026-07-06,Robert Mullen,STO Building Group,3,7,0,10,0.0,,Robert Mullen STO Building Group
2026-07-06,Kathleen M Mazzarella,Graybar Electric,4,10,1,15,6.7,,Kathleen M Mazzarella Graybar Electric
2026-07-06,Todd Wanek,Ashley Furniture Industries,9,16,0,25,0.0,,Todd Wanek Ashley Furniture Industries
2026-07-06,Marc Sachs,Republic National Distributing Company,3,20,2,25,8.0,,Marc Sachs Republic National Distributing Company
2026-07-06,Garrett Lofto,JR Simplot,2,7,1,10,10.0,,Garrett Lofto JR Simplot
2026-07-06,David Winter,Standard Industries,7,18,0,25,0.0,,David Winter Standard Industries
2026-07-06,Dick Tracy,Dot Foods,7,15,3,25,12.0,,Dick Tracy Dot Foods
2026-07-06,David Jukes,Univar Solutions,4,10,0,14,0.0,,David Jukes Univar Solutions
2026-07-06,Kevin McAdams,Perdue Farms,2,21,2,25,8.0,,Kevin McAdams Perdue Farms
2026-07-06,Ken Hicks,Petsmart,1,17,1,19,5.3,,Ken Hicks Petsmart
2026-07-06,Grant Haag,WinCo Foods,5,4,0,9,0.0,,Grant Haag WinCo Foods
2026-07-06,George Pfeffer,DPR Construction,1,13,1,15,6.7,,George Pfeffer DPR Construction
2026-07-06,Dean Muglia,Discount Tire,3,22,0,25,0.0,,Dean Muglia Discount Tire
2026-07-06,Christopher Leitner,Tenaska,2,3,0,5,0.0,,Christopher Leitner Tenaska
2026-07-06,David Kohler,Kohler,5,15,5,25,20.0,,David Kohler Kohler
2026-07-06,Shahid Khan,Flex-N-Gate,7,16,2,25,8.0,,Shahid Khan Flex-N-Gate
2026-07-06,Doug Lawler,Continental Resources,11,12,2,25,8.0,,Doug Lawler Continental Resources
2026-07-06,Tom Bené,Breakthru Beverage Group,1,20,4,25,16.0,,Tom Bené Breakthru Beverage Group
2026-07-06,LT Gibson,US LBM Holdings,1,11,0,12,0.0,,LT Gibson US LBM Holdings
2026-07-06,Andrew Wallach,Central National-Gottesman,1,3,0,4,0.0,,Andrew Wallach Central National-Gottesman
2026-07-06,Steve Lavin,OSI Group,5,5,0,10,0.0,,Steve Lavin OSI Group
2026-07-06,Michael Mansfield,Mansfield Energy,8,14,3,25,12.0,,Michael Mansfield Mansfield Energy
2026-07-06,Mike Gitlin,Capital Group Companies,4,16,5,25,20.0,,Mike Gitlin Capital Group Companies
2026-07-06,John Morris,Great American Outdoors Group,11,12,0,23,0.0,,John Morris Great American Outdoors Group
2026-07-06,David Green,Hobby Lobby Stores,12,9,4,25,16.0,,David Green Hobby Lobby Stores
2026-07-06,Ganesh Ramaswamy,Southwire,3,5,0,8,0.0,,Ganesh Ramaswamy Southwire
2026-07-06,John Lederer,Staples Inc,1,16,0,17,0.0,,John Lederer Staples Inc
2026-07-06,Richard Uihlein,Uline,2,22,1,25,4.0,,Richard Uihlein Uline
2026-07-06,Andrew Truett Cathy,Chick-fil-A,8,16,1,25,4.0,,Andrew Truett Cathy Chick-fil-A
2026-07-06,John Catsimatidis,Red Apple Group,11,12,2,25,8.0,,John Catsimatidis Red Apple Group
2026-07-06,Paul Maass,Scoular,3,11,1,15,6.7,,Paul Maass Scoular
2026-07-06,Michael Nelson,Amway,6,17,2,25,8.0,,Michael Nelson Amway
2026-07-06,Christopher L Ayers,Arconic,0,0,0,0,0.0,,Christopher L Ayers Arconic
2026-07-06,Eric Smidt,Harbor Freight Tools,6,18,1,25,4.0,,Eric Smidt Harbor Freight Tools
2026-07-06,Deb Conklin,Kehe Distributors,6,6,0,12,0.0,,Deb Conklin Kehe Distributors
2026-07-06,Darron Ash,Sammons Enterprises,2,6,0,8,0.0,,Darron Ash Sammons Enterprises
2026-07-06,Leslie Duke,Burns & McDonnell,9,15,1,25,4.0,,Leslie Duke Burns & McDonnell
2026-07-06,Adam R Jelen,Gilbane,2,7,1,10,10.0,,Adam R Jelen Gilbane
2026-07-06,Donald T Mulligan,Demoulas Super Markets,1,16,8,25,32.0,,Donald T Mulligan Demoulas Super Markets
2026-07-06,John Howard Hallam,Ben E Keith,1,2,0,3,0.0,,John Howard Hallam Ben E Keith
2026-07-06,Jim Allen,Hard Rock International,2,7,16,25,64.0,,Jim Allen Hard Rock International
2026-07-06,Jon A Ballis,Kirkland & Ellis,6,18,1,25,4.0,,Jon A Ballis Kirkland & Ellis
2026-07-06,Brad Jeanneret,Hensel Phelps Construction,1,8,0,9,0.0,,Brad Jeanneret Hensel Phelps Construction
2026-07-06,Christophe de Vusser,Bain & Company,1,24,0,25,0.0,,Christophe de Vusser Bain & Company
2026-07-06,Crystal Maggelet,FJ Management,7,12,1,20,5.0,,Crystal Maggelet FJ Management
2026-07-06,John Persons,Northeast Grocery,13,12,0,25,0.0,,John Persons Northeast Grocery
2026-07-06,Ron Dunford,Schreiber Foods,1,9,0,10,0.0,,Ron Dunford Schreiber Foods
2026-07-06,Matthew Walsh,Walsh Group,11,14,0,25,0.0,,Matthew Walsh Walsh Group
2026-07-06,Ken Oaks,TQL - Total Quality Logistics,9,12,4,25,16.0,,Ken Oaks TQL - Total Quality Logistics
2026-07-06,Robert D Moser Jr,Clark Group,1,4,2,7,28.6,,Robert D Moser Jr Clark Group
2026-07-06,Jeff Cook,Arco Construction,0,9,1,10,10.0,,Jeff Cook Arco Construction
2026-07-06,Ryan Maibach,Barton Malow,0,7,2,9,22.2,,Ryan Maibach Barton Malow
2026-07-06,Gordon Lansford,JE Dunn Construction Group,3,16,1,20,5.0,,Gordon Lansford JE Dunn Construction Group
2026-07-06,Joe Preston,New Balance,5,19,1,25,4.0,,Joe Preston New Balance
2026-07-06,Ray Sedey,McCarthy Holdings,2,8,0,10,0.0,,Ray Sedey McCarthy Holdings
2026-07-06,Maggie Hardy,84 Lumber,19,6,0,25,0.0,,Maggie Hardy 84 Lumber
2026-07-06,Barry Zyskind,AmTrust Financial Services,2,19,4,25,16.0,,Barry Zyskind AmTrust Financial Services
2026-07-06,Keith Knopf,The Raleys Companies,5,20,0,25,0.0,,Keith Knopf The Raleys Companies
2026-07-06,Kent McClelland,Shamrock Foods Company,4,8,0,12,0.0,,Kent McClelland Shamrock Foods Company
2026-07-06,Stewart Resnick,The Wonderful Company,17,6,2,25,8.0,,Stewart Resnick The Wonderful Company
2026-07-06,Mike Haller,Walbridge,3,5,2,10,20.0,,Mike Haller Walbridge
2026-07-06,Dan Schwab,D&H Distributing,4,13,4,21,19.0,,Dan Schwab D&H Distributing
2026-07-06,Andrew Cherng,Panda Restaurant Group,6,17,2,25,8.0,,Andrew Cherng Panda Restaurant Group
2026-07-06,Rob Blalock,Brasfield & Gorrie,5,10,1,16,6.2,,Rob Blalock Brasfield & Gorrie
2026-07-06,Anthony Johnson,Clayco Inc,3,7,0,10,0.0,,Anthony Johnson Clayco Inc
2026-07-06,Richard Ferranti,Rich Products Corporation,14,2,0,16,0.0,,Richard Ferranti Rich Products Corporation
2026-07-06,Chris O’Brien,Armada Sunset Holdings,1,8,0,9,0.0,,Chris O’Brien Armada Sunset Holdings
2026-07-06,Ira B Silver,American Tire Distributors Holdings,2,3,0,5,0.0,,Ira B Silver American Tire Distributors Holdings
2026-07-06,Dave Drinkward,Hoffman Corporation,4,6,0,10,0.0,,Dave Drinkward Hoffman Corporation
2026-07-06,Richard Trobman,Latham & Watkins,9,15,1,25,4.0,,Richard Trobman Latham & Watkins
2026-07-06,Scott M Asplundh,Asplundh Tree Expert,2,9,0,11,0.0,,Scott M Asplundh Asplundh Tree Expert
2026-07-06,Kim Roy,HITT Contracting,2,12,0,14,0.0,,Kim Roy HITT Contracting
2026-07-06,John F Fish,Suffolk Construction Company,9,15,1,25,4.0,,John F Fish Suffolk Construction Company
2026-07-06,Derek Cunz,Mortenson,4,7,0,11,0.0,,Derek Cunz Mortenson
2026-07-06,Rex A Rock Sr,Arctic Slope Regional Corporation,6,16,3,25,12.0,,Rex A Rock Sr Arctic Slope Regional Corporation
2026-07-06,Joseph Grendys,Koch Foods,3,8,2,13,15.4,,Joseph Grendys Koch Foods
2026-07-06,Alan Gershenhorn,Transportation Insight,0,4,0,4,0.0,,Alan Gershenhorn Transportation Insight
2026-07-06,James F Dicke II,Crown Equipment Corporation,4,7,1,12,8.3,,James F Dicke II Crown Equipment Corporation
2026-07-06,Brian Dick,Golden State Foods,7,13,5,25,20.0,,Brian Dick Golden State Foods
2026-07-06,Christopher Ilitch,Ilitch Holdings,6,19,0,25,0.0,,Christopher Ilitch Ilitch Holdings
2026-07-06,William G Yates III,The Yates Companies,6,9,0,15,0.0,,William G Yates III The Yates Companies
2026-07-06,John B Zachry,Zachry Holdings,7,14,4,25,16.0,,John B Zachry Zachry Holdings
2026-07-06,Ken Sweder,BradyPLUS,3,5,0,8,0.0,,Ken Sweder BradyPLUS
2026-07-06,Christian Demere,Colonial Group,9,13,0,22,0.0,,Christian Demere Colonial Group
2026-07-06,Webb Estes,Estes Express Lines,5,16,4,25,16.0,,Webb Estes Estes Express Lines
2026-07-06,Joseph E Gallo,Gallo,4,19,2,25,8.0,,Joseph E Gallo Gallo
2026-07-06,Bret Snyder,W L Gore & Associates,1,9,1,11,9.1,,Bret Snyder W L Gore & Associates
2026-07-06,Beth Lowry,Holder Construction,3,8,0,11,0.0,,Beth Lowry Holder Construction
2026-07-06,Jefferson Hillman,JD Heiskell & Co,2,5,0,7,0.0,,Jefferson Hillman JD Heiskell & Co
2026-07-06,Robert Kraft,The Kraft Group,6,13,6,25,24.0,,Robert Kraft The Kraft Group
2026-07-06,David Boone,The Michaels Companies,14,11,0,25,0.0,,David Boone The Michaels Companies
2026-07-06,Ira Rennert,Renco Group,3,14,8,25,32.0,,Ira Rennert Renco Group
2026-07-06,Greg McNiff,Stater Bros Markets,9,16,0,25,0.0,,Greg McNiff Stater Bros Markets
2026-07-06,Gabe Newell,Valve Corporation,7,8,10,25,40.0,,Gabe Newell Valve Corporation
2026-07-06,Tilman Fertitta,Fertitta Entertainment,17,7,1,25,4.0,,Tilman Fertitta Fertitta Entertainment
2026-07-06,Judy Faulkner,Epic Systems,13,10,2,25,8.0,,Judy Faulkner Epic Systems
2026-07-06,Mario Azar,Black & Veatch,8,16,1,25,4.0,,Mario Azar Black & Veatch
2026-07-06,Stephen Smith,Amsted Industries,0,6,0,6,0.0,,Stephen Smith Amsted Industries
2026-07-06,Paul Novelly II,Apex Oil,2,4,3,9,33.3,,Paul Novelly II Apex Oil
2026-07-06,David Walls,Austin Industries,3,10,0,13,0.0,,David Walls Austin Industries
2026-07-06,Thomas J Quinlan III,RR Donnelley,1,8,1,10,10.0,,Thomas J Quinlan III RR Donnelley
2026-07-06,Pat Michels,Michels Corporation,7,16,2,25,8.0,,Pat Michels Michels Corporation
2026-07-06,Brian McPheely,Pratt Industries,3,6,1,10,10.0,,Brian McPheely Pratt Industries
2026-07-06,Frank Grande,Quirch Foods,1,10,1,12,8.3,,Frank Grande Quirch Foods
2026-07-06,Jerry LeClair,Brookshire Grocery Company,0,12,0,12,0.0,,Jerry LeClair Brookshire Grocery Company
2026-07-06,Jennifer Morgan,UKG,3,15,0,18,0.0,,Jennifer Morgan UKG
2026-07-06,Tom Krause,Cloud Software Group,4,19,2,25,8.0,,Tom Krause Cloud Software Group
2026-07-06,Lou M Jacobs,Delaware North,7,18,0,25,0.0,,Lou M Jacobs Delaware North
2026-07-06,Stanley Bikulege,Novolex,1,11,0,12,0.0,,Stanley Bikulege Novolex
2026-07-06,David Callis,Swinerton,5,6,0,11,0.0,,David Callis Swinerton
2026-07-06,Richard Jaggers,Alberici Corporation,1,5,0,6,0.0,,Richard Jaggers Alberici Corporation
2026-07-06,Dave Doherty,DigiKey,14,10,1,25,4.0,,Dave Doherty DigiKey
2026-07-06,Bob Sarver,Great Lakes Cheese,0,0,0,0,0.0,,Bob Sarver Great Lakes Cheese
2026-07-06,Bill Sansom,HT Hackney,3,7,0,10,0.0,,Bill Sansom HT Hackney
2026-07-06,Darlene Nicosia,Makers Pride LLC,5,0,1,6,16.7,,Darlene Nicosia Makers Pride LLC
2026-07-06,Dion Houchins,Houchens Industries,2,8,0,10,0.0,,Dion Houchins Houchens Industries
2026-07-06,Jeffrey Seaman,Rooms To Go,4,21,0,25,0.0,,Jeffrey Seaman Rooms To Go
2026-07-06,Boyden Moore,Orgill Warehouse,1,8,1,10,10.0,,Boyden Moore Orgill Warehouse
2026-07-06,Brian George,Alex Lee,4,21,0,25,0.0,,Brian George Alex Lee
2026-07-06,Chris Galvin,Andersen Corporation,10,15,0,25,0.0,,Chris Galvin Andersen Corporation
2026-07-06,Douglas R Waggoner,Echo Global Logistics,0,6,1,7,14.3,,Douglas R Waggoner Echo Global Logistics
2026-07-06,Chris Kleinert,Hunt Consolidated Inc,3,6,0,9,0.0,,Chris Kleinert Hunt Consolidated Inc
2026-07-06,Lance FitzSimmons,Leprino Foods,1,8,0,9,0.0,,Lance FitzSimmons Leprino Foods
2026-07-06,Ruffner Page,O'Neal Industries,2,5,0,7,0.0,,Ruffner Page O'Neal Industries
2026-07-06,Edward V Morgan,Plastipak Holdings,1,4,0,5,0.0,,Edward V Morgan Plastipak Holdings
2026-07-06,Todd Simmons,Simmons Foods,6,18,1,25,4.0,,Todd Simmons Simmons Foods
2026-07-06,L Gene Clark,"Clark Core Services, LLC",0,0,0,0,0.0,,"L Gene Clark Clark Core Services, LLC"
2026-07-06,Thomas B Crowley Jr,Crowley Maritime,14,6,5,25,20.0,,Thomas B Crowley Jr Crowley Maritime
2026-07-06,Stephen Gray,Gray Inc,11,11,3,25,12.0,,Stephen Gray Gray Inc
2026-07-06,Joseph R Lucot,Guttman Holdings,0,0,0,0,0.0,,Joseph R Lucot Guttman Holdings
2026-07-06,Mike Perry,Hallmark Cards Inc,2,16,7,25,28.0,,Mike Perry Hallmark Cards Inc
2026-07-06,Gary R Kaneb,HP Hood,1,0,1,2,50.0,,Gary R Kaneb HP Hood
2026-07-06,Sidney R Brown,NFI Industries,1,6,4,11,36.4,,Sidney R Brown NFI Industries
2026-07-06,James Goodnight,SAS Institute,8,13,4,25,16.0,,James Goodnight SAS Institute
2026-07-06,John Boynton,Southern Tire Mart,4,5,0,9,0.0,,John Boynton Southern Tire Mart
2026-07-06,Patrick Collison,Stripe,8,15,2,25,8.0,,Patrick Collison Stripe
2026-07-06,John Buckley,Wilbur-Ellis Company,5,16,0,21,0.0,,John Buckley Wilbur-Ellis Company
2026-07-06,Jeremy D London,Skadden,0,13,7,20,35.0,,Jeremy D London Skadden
2026-07-06,Mamadou Diallo,Piston Group,0,8,0,8,0.0,,Mamadou Diallo Piston Group
2026-07-06,Jonathan C Tauber,Tauber Oil Company,0,0,0,0,0.0,,Jonathan C Tauber Tauber Oil Company
2026-07-06,Glenn M Fish,JM Huber,1,3,0,4,0.0,,Glenn M Fish JM Huber
2026-07-06,Reinhold Schmieding,Arthrex,11,12,2,25,8.0,,Reinhold Schmieding Arthrex
2026-07-06,Neal Blue,General Atomics,6,15,4,25,16.0,,Neal Blue General Atomics
2026-07-06,Mark Hubler,Johnson Brothers Liquor Company,0,5,0,5,0.0,,Mark Hubler Johnson Brothers Liquor Company
2026-07-06,Tom Rosen,Rosens Diversified,0,2,0,2,0.0,,Tom Rosen Rosens Diversified
2026-07-06,Brian Murray,Ryan Companies,2,21,2,25,8.0,,Brian Murray Ryan Companies
2026-07-06,Yehia Maaty Omar,Zones LLC,3,4,0,7,0.0,,Yehia Maaty Omar Zones LLC
2026-07-06,Lila Snyder,Bose Corporation,2,11,2,15,13.3,,Lila Snyder Bose Corporation
2026-07-06,Anthony Consigli,Consigli Building Group,7,18,0,25,0.0,,Anthony Consigli Consigli Building Group
2026-07-06,Jay A Brown,David Weekley Homes,5,14,0,19,0.0,,Jay A Brown David Weekley Homes
2026-07-06,Annie Callanan,EBSCO Industries Inc,1,8,0,9,0.0,,Annie Callanan EBSCO Industries Inc
2026-07-06,Barbara L Becker,"Gibson, Dunn & Crutcher",2,9,0,11,0.0,,"Barbara L Becker Gibson, Dunn & Crutcher"
2026-07-06,Steven C Smith,Food City,2,23,0,25,0.0,,Steven C Smith Food City
2026-07-06,Aubrey Preston,Life Care Centers of America,22,2,1,25,4.0,,Aubrey Preston Life Care Centers of America
2026-07-06,Todd R Schnuck,Schnuck Markets,6,9,1,16,6.2,,Todd R Schnuck Schnuck Markets
2026-07-06,Yvette Ostolaza,Sidley Austin,10,15,0,25,0.0,,Yvette Ostolaza Sidley Austin
2026-07-06,Edward G Weiner,Trammo Inc,0,0,0,0,0.0,,Edward G Weiner Trammo Inc
2026-07-06,Bill Hayes,Berlin Packaging,2,11,0,13,0.0,,Bill Hayes Berlin Packaging
2026-07-06,John Alston,Brookshire Brothers,4,20,1,25,4.0,,John Alston Brookshire Brothers
2026-07-06,Keith Clark,Dart Container,2,5,2,9,22.2,,Keith Clark Dart Container
2026-07-06,Jayson Penn,Foster Farms,1,7,0,8,0.0,,Jayson Penn Foster Farms
2026-07-06,Eric A Mendelson,HEICO Corporation,7,17,1,25,4.0,,Eric A Mendelson HEICO Corporation
2026-07-06,Julie Jones,Ropes & Gray,11,12,2,25,8.0,,Julie Jones Ropes & Gray
2026-07-06,Jake Wenz,Sazerac Company,3,20,2,25,8.0,,Jake Wenz Sazerac Company
2026-07-06,Heather McDevitt,White & Case,2,23,0,25,0.0,,Heather McDevitt White & Case
2026-07-06,Don Hendricks,Belk,3,19,3,25,12.0,,Don Hendricks Belk
2026-07-06,Talbott Roche,Blackhawk Network,8,14,0,22,0.0,,Talbott Roche Blackhawk Network
2026-07-06,Jami Wintz McKeon,Morgan Lewis,4,13,2,19,10.5,,Jami Wintz McKeon Morgan Lewis
2026-07-06,Richard L Jackson,Jackson Healthcare,8,13,4,25,16.0,,Richard L Jackson Jackson Healthcare
2026-07-06,Michael P D'Amour,Big Y Foods,4,20,1,25,4.0,,Michael P D'Amour Big Y Foods
2026-07-06,Scott G Clawson,Culligan International,1,0,0,1,0.0,,Scott G Clawson Culligan International
2026-07-06,David Ahlem,Hilmar Cheese,6,11,0,17,0.0,,David Ahlem Hilmar Cheese
2026-07-06,Sheldon Yellen,Belfor,9,10,6,25,24.0,,Sheldon Yellen Belfor
2026-07-06,Libby Wadle,JCrew Group,5,15,5,25,20.0,,Libby Wadle JCrew Group
2026-07-06,Gregory M Shumaker,Jones Day,4,19,0,23,0.0,,Gregory M Shumaker Jones Day
2026-07-06,Brian Johnson,Newly Weds Foods,1,13,0,14,0.0,,Brian Johnson Newly Weds Foods
2026-07-06,Stephen Toups,Turner Industries,6,10,0,16,0.0,,Stephen Toups Turner Industries
2026-07-06,Miguel A Zaldivar Jr,Hogan Lovells,1,7,0,8,0.0,,Miguel A Zaldivar Jr Hogan Lovells
2026-07-06,Toby Bozzuto,Bozzuto Group,7,18,0,25,0.0,,Toby Bozzuto Bozzuto Group
2026-07-06,Amanda Irwin,Mountaire Farms,4,6,0,10,0.0,,Amanda Irwin Mountaire Farms
2026-07-06,Franco Bianchi,Haworth International,3,7,0,10,0.0,,Franco Bianchi Haworth International
2026-07-06,Ryan Rogers,Mary Kay Cosmetics,7,15,3,25,12.0,,Ryan Rogers Mary Kay Cosmetics
2026-07-06,Mark Teo,Sigma Plastics Group,1,8,1,10,10.0,,Mark Teo Sigma Plastics Group
2026-07-06,Joel L Hawthorne,TMS International,0,0,0,0,0.0,,Joel L Hawthorne TMS International
2026-07-06,Joe Bundrant,Trident Seafoods,4,19,2,25,8.0,,Joe Bundrant Trident Seafoods
2026-07-06,Ann Fandozzi,Convergint,6,2,0,8,0.0,,Ann Fandozzi Convergint
2026-07-06,Carl Cook,Cook Group,12,11,2,25,8.0,,Carl Cook Cook Group
2026-07-06,Harold L Yoh III,Day & Zimmermann,1,6,2,9,22.2,,Harold L Yoh III Day & Zimmermann
2026-07-06,Gabe Dalporto,Guitar Center,11,11,3,25,12.0,,Gabe Dalporto Guitar Center
2026-07-06,Will McWane,McWane,7,18,0,25,0.0,,Will McWane McWane
2026-07-06,Giuseppe B Commisso,Mediacom Communications,2,12,1,15,6.7,,Giuseppe B Commisso Mediacom Communications
2026-07-06,Todd Chachere,Perry Homes,3,12,0,15,0.0,,Todd Chachere Perry Homes
2026-07-06,Paula Harper Bethea,J M Smith Corporation,0,4,0,4,0.0,,Paula Harper Bethea J M Smith Corporation
2026-07-06,Charlie Whitaker,Taylor Corporation,11,14,0,25,0.0,,Charlie Whitaker Taylor Corporation
2026-07-06,Bill Geary,Parts Town Unlimited,4,8,0,12,0.0,,Bill Geary Parts Town Unlimited
2026-07-06,Brian L Duffy,Greenberg Traurig,2,7,0,9,0.0,,Brian L Duffy Greenberg Traurig
2026-07-06,Walter Wang,JM Eagle,13,9,3,25,12.0,,Walter Wang JM Eagle
2026-07-06,Bryce Burgett,Kokosing Construction,1,9,0,10,0.0,,Bryce Burgett Kokosing Construction
2026-07-06,Lance Malesh,Mode Global,5,7,2,14,14.3,,Lance Malesh Mode Global
2026-07-06,Alden Millard,Simpson Thacher & Bartlett,3,20,0,23,0.0,,Alden Millard Simpson Thacher & Bartlett
2026-07-06,Cade Rowley,Sundt Construction,5,6,0,11,0.0,,Cade Rowley Sundt Construction
2026-07-06,Terry O'Brien,TriMark USA,4,4,0,8,0.0,,Terry O'Brien TriMark USA
2026-07-06,Jeff Pope,FW Webb Company,6,14,1,21,4.8,,Jeff Pope FW Webb Company
2026-07-06,Matt Brewer,Choate Construction Company,5,3,1,9,11.1,,Matt Brewer Choate Construction Company
2026-07-06,Peter LeSaffre,Fusion Worldwide,1,5,1,7,14.3,,Peter LeSaffre Fusion Worldwide
2026-07-06,Joshua Klatzkin,Goodwin Procter,3,1,1,5,20.0,,Joshua Klatzkin Goodwin Procter
2026-07-06,Steve Wang,MAT Holdings,0,10,0,10,0.0,,Steve Wang MAT Holdings
2026-07-06,Richard M Mershad,Micro Electronics Inc,1,3,0,4,0.0,,Richard M Mershad Micro Electronics Inc
2026-07-06,Dave Hall,Clune Construction,5,3,1,9,11.1,,Dave Hall Clune Construction
2026-07-06,Robert D Hays Jr,King & Spalding,10,9,0,19,0.0,,Robert D Hays Jr King & Spalding
2026-07-06,Bill Koch,Oxbow Carbon,6,14,3,23,13.0,,Bill Koch Oxbow Carbon
2026-07-06,John B Quinn,Quinn Emanuel Urquhart & Sullivan,5,15,5,25,20.0,,John B Quinn Quinn Emanuel Urquhart & Sullivan
2026-07-06,Don Vultaggio,Arizona Beverage,3,14,8,25,32.0,,Don Vultaggio Arizona Beverage
2026-07-06,Ayman Sayed,BMC Software,6,14,0,20,0.0,,Ayman Sayed BMC Software
2026-07-06,Matthew J Boler,Boler,0,2,0,2,0.0,,Matthew J Boler Boler
2026-07-06,Hamdi Ulukaya,Chobani,10,15,0,25,0.0,,Hamdi Ulukaya Chobani
2026-07-06,Joe Conroy,Cooley,1,20,4,25,16.0,,Joe Conroy Cooley
2026-07-06,Neil Barr,Davis Polk,9,13,3,25,12.0,,Neil Barr Davis Polk
2026-07-06,Scott Barshay,Paul Weiss,5,16,4,25,16.0,,Scott Barshay Paul Weiss
2026-07-06,Ming Bin Kou,Red Chamber Group,0,1,0,1,0.0,,Ming Bin Kou Red Chamber Group
2026-07-06,Damola Adamolekun,Red Lobster,4,13,8,25,32.0,,Damola Adamolekun Red Lobster
2026-07-06,Ken Grossman,Sierra Nevada Brewing Co,9,16,0,25,0.0,,Ken Grossman Sierra Nevada Brewing Co
2026-07-06,Thomas F Lozick,Swagelok,2,4,1,7,14.3,,Thomas F Lozick Swagelok
2026-07-06,Jason Owen,Envision Healthcare,4,20,1,25,4.0,,Jason Owen Envision Healthcare
