date,ceo,company,positive,neutral,negative,total,neg_pct,theme,alias
2026-07-07,John Furner,Walmart,4,17,4,25,16.0,,John Furner Walmart
2026-07-07,Andy Jassy,Amazon,13,11,1,25,4.0,,Andy Jassy Amazon
2026-07-07,Stephen Hemsley,UnitedHealth,10,14,1,25,4.0,,Stephen Hemsley UnitedHealth
2026-07-07,Tim Cook,Apple,3,16,6,25,24.0,,Tim Cook Apple
2026-07-07,David Joyner,CVS Health,8,8,9,25,36.0,,David Joyner CVS Health
2026-07-07,Warren Buffett,Berkshire Hathaway,6,11,8,25,32.0,,Warren Buffett Berkshire Hathaway
2026-07-07,Sundar Pichai,Alphabet Inc,7,15,3,25,12.0,,Sundar Pichai Alphabet Inc
2026-07-07,Darren Woods,Exxon Mobil,1,12,12,25,48.0,,Darren Woods Exxon Mobil
2026-07-07,Brian Tyler,McKesson,8,14,3,25,12.0,,Brian Tyler McKesson
2026-07-07,Robert Mauch,Cencora,5,7,0,12,0.0,,Robert Mauch Cencora
2026-07-07,Jamie Dimon,JPMorgan Chase,4,12,9,25,36.0,,Jamie Dimon JPMorgan Chase
2026-07-07,Ron Vachris,Costco,11,12,2,25,8.0,,Ron Vachris Costco
2026-07-07,David Cordani,Cigna,14,11,0,25,0.0,,David Cordani Cigna
2026-07-07,Satya Nadella,Microsoft,2,15,8,25,32.0,,Satya Nadella Microsoft
2026-07-07,Jason Hollar,Cardinal Health,11,12,2,25,8.0,,Jason Hollar Cardinal Health
2026-07-07,Mike Wirth,Chevron,9,9,7,25,28.0,,Mike Wirth Chevron
2026-07-07,Brian Moynihan,Bank of America,7,14,4,25,16.0,,Brian Moynihan Bank of America
2026-07-07,Mary Barra,General Motors,8,14,3,25,12.0,,Mary Barra General Motors
2026-07-07,Jim Farley,Ford Motor,9,12,4,25,16.0,,Jim Farley Ford Motor
2026-07-07,Gail Boudreaux,Elevance Health,7,15,3,25,12.0,,Gail Boudreaux Elevance Health
2026-07-07,Jane Fraser,Citigroup,8,14,3,25,12.0,,Jane Fraser Citigroup
2026-07-07,Mark Zuckerberg,Meta Platforms,6,11,8,25,32.0,,Mark Zuckerberg Meta Platforms
2026-07-07,Sarah London,Centene,6,15,4,25,16.0,,Sarah London Centene
2026-07-07,Ted Decker,The Home Depot Inc,3,19,3,25,12.0,,Ted Decker The Home Depot Inc
2026-07-07,Priscilla Almodovar,Fannie Mae,4,18,3,25,12.0,,Priscilla Almodovar Fannie Mae
2026-07-07,Ron Sargent,Kroger,0,21,4,25,16.0,,Ron Sargent Kroger
2026-07-07,Mark Lashier,Phillips 66,6,7,12,25,48.0,,Mark Lashier Phillips 66
2026-07-07,Maryann Mannen,Marathon Petroleum,2,20,3,25,12.0,,Maryann Mannen Marathon Petroleum
2026-07-07,Dan Schulman,Verizon,7,13,5,25,20.0,,Dan Schulman Verizon
2026-07-07,Jensen Huang,Nvidia,8,13,4,25,16.0,,Jensen Huang Nvidia
2026-07-07,David Solomon,Goldman Sachs,6,10,9,25,36.0,,David Solomon Goldman Sachs
2026-07-07,Charles Scharf,Wells Fargo,17,4,4,25,16.0,,Charles Scharf Wells Fargo
2026-07-07,Lane Riggs,Valero Energy,18,5,2,25,8.0,,Lane Riggs Valero Energy
2026-07-07,Brian Roberts,Comcast,3,15,7,25,28.0,,Brian Roberts Comcast
2026-07-07,Jon Farney,State Farm Insurance,9,14,2,25,8.0,,Jon Farney State Farm Insurance
2026-07-07,John Stankey,AT&T,9,12,4,25,16.0,,John Stankey AT&T
2026-07-07,Michael Hutchins,Freddie Mac,1,20,4,25,16.0,,Michael Hutchins Freddie Mac
2026-07-07,Jim Rechtin,Humana,12,10,3,25,12.0,,Jim Rechtin Humana
2026-07-07,Ted Pick,Morgan Stanley,14,9,2,25,8.0,,Ted Pick Morgan Stanley
2026-07-07,Michael Fiddelke,Target Corporation,5,12,8,25,32.0,,Michael Fiddelke Target Corporation
2026-07-07,Philip Smith,StoneX Group,4,8,1,13,7.7,,Philip Smith StoneX Group
2026-07-07,Elon Musk,Tesla,4,15,6,25,24.0,,Elon Musk Tesla
2026-07-07,Michael Dell,Dell Technologies,14,11,0,25,0.0,,Michael Dell Dell Technologies
2026-07-07,Ramon Laguarta,PepsiCo,9,13,3,25,12.0,,Ramon Laguarta PepsiCo
2026-07-07,Josh D'Amaro,The Walt Disney Company,7,18,0,25,0.0,,Josh D'Amaro The Walt Disney Company
2026-07-07,Carol Tome,UPS,3,13,9,25,36.0,,Carol Tome UPS
2026-07-07,Joaquin Duato,Johnson & Johnson,12,10,3,25,12.0,,Joaquin Duato Johnson & Johnson
2026-07-07,Rajesh Subramaniam,FedEx,3,16,6,25,24.0,,Rajesh Subramaniam FedEx
2026-07-07,Juan Luciano,Archer Daniels Midland,1,15,9,25,36.0,,Juan Luciano Archer Daniels Midland
2026-07-07,Jon Moeller,Procter & Gamble,2,20,3,25,12.0,,Jon Moeller Procter & Gamble
2026-07-07,Marvin Ellison,Lowe's Companies,4,18,3,25,12.0,,Marvin Ellison Lowe's Companies
2026-07-07,Thomas Long,Energy Transfer,21,0,4,25,16.0,,Thomas Long Energy Transfer
2026-07-07,Christopher Calio,RTX,9,13,3,25,12.0,,Christopher Calio RTX
2026-07-07,Susan Morris,Albertsons,7,17,1,25,4.0,,Susan Morris Albertsons
2026-07-07,Kevin Hourican,Sysco,11,10,4,25,16.0,,Kevin Hourican Sysco
2026-07-07,Tricia Griffith,Progressive Insurance,12,12,1,25,4.0,,Tricia Griffith Progressive Insurance
2026-07-07,Stephen Squeri,American Express,8,14,3,25,12.0,,Stephen Squeri American Express
2026-07-07,James Taiclet,Lockheed Martin,10,10,5,25,20.0,,James Taiclet Lockheed Martin
2026-07-07,Michel Khalaf,MetLife Inc,12,12,1,25,4.0,,Michel Khalaf MetLife Inc
2026-07-07,Samuel Hazen,HCA Healthcare,9,11,5,25,20.0,,Samuel Hazen HCA Healthcare
2026-07-07,Andrew Sullivan,Prudential Financial,7,18,0,25,0.0,,Andrew Sullivan Prudential Financial
2026-07-07,Kelly Ortberg,Boeing,5,19,1,25,4.0,,Kelly Ortberg Boeing
2026-07-07,Joe Creed,Caterpillar,3,22,0,25,0.0,,Joe Creed Caterpillar
2026-07-07,Robert M Davis,Merck,3,15,7,25,28.0,,Robert M Davis Merck
2026-07-07,Thomas J Wilson,Allstate,5,14,6,25,24.0,,Thomas J Wilson Allstate
2026-07-07,Albert Bourla,Pfizer,8,11,6,25,24.0,,Albert Bourla Pfizer
2026-07-07,Arvind Krishna,IBM,5,17,3,25,12.0,,Arvind Krishna IBM
2026-07-07,Craig DeSanto,New York Life Insurance,6,19,0,25,0.0,,Craig DeSanto New York Life Insurance
2026-07-07,Ed Bastian,Delta Air Lines,7,9,9,25,36.0,,Ed Bastian Delta Air Lines
2026-07-07,Kevin Murphy,Publix Super Markets,14,33,3,50,6.0,,Kevin Murphy Publix Super Markets
2026-07-07,Kirt Walker,Nationwide Mutual Insurance Company,6,17,2,25,8.0,,Kirt Walker Nationwide Mutual Insurance Company
2026-07-07,Patrick Zammit,TD Synnex,8,13,4,25,16.0,,Patrick Zammit TD Synnex
2026-07-07,Scott Kirby,United Airlines,21,3,1,25,4.0,,Scott Kirby United Airlines
2026-07-07,Ryan Lance,ConocoPhillips,9,12,4,25,16.0,,Ryan Lance ConocoPhillips
2026-07-07,Ernie Herrman,TJX,11,13,1,25,4.0,,Ernie Herrman TJX
2026-07-07,Bob Michael,AbbVie,5,15,5,25,20.0,,Bob Michael AbbVie
2026-07-07,AJ Jim Teague,Enterprise Products Partners,6,19,0,25,0.0,,AJ Jim Teague Enterprise Products Partners
2026-07-07,Christopher Winfrey,Charter Communications,7,13,5,25,20.0,,Christopher Winfrey Charter Communications
2026-07-07,George Holm,Performance Food,7,18,0,25,0.0,,George Holm Performance Food
2026-07-07,Robert Isom,American Airlines,6,15,4,25,16.0,,Robert Isom American Airlines
2026-07-07,Richard Fairbank,Capital One,5,18,2,25,8.0,,Richard Fairbank Capital One
2026-07-07,Chuck Robbins,Cisco Systems,9,9,7,25,28.0,,Chuck Robbins Cisco Systems
2026-07-07,Bruce Broussard,HP,2,22,1,25,4.0,,Bruce Broussard HP
2026-07-07,Donnie King,Tyson Foods,9,14,2,25,8.0,,Donnie King Tyson Foods
2026-07-07,Lip-Bu Tan,Intel,8,10,7,25,28.0,,Lip-Bu Tan Intel
2026-07-07,Clay Magouyrk,Oracle,6,14,5,25,20.0,,Clay Magouyrk Oracle
2026-07-07,Mike Sicilia,Oracle,4,13,8,25,32.0,,Mike Sicilia Oracle
2026-07-07,Hock Tan,Broadcom,5,16,4,25,16.0,,Hock Tan Broadcom
2026-07-07,John May,John Deere & Company,4,18,3,25,12.0,,John May John Deere & Company
2026-07-07,Elliott Hill,Nike,7,15,3,25,12.0,,Elliott Hill Nike
2026-07-07,Timothy M Sweeney,Liberty Mutual Insurance,21,3,0,24,0.0,,Timothy M Sweeney Liberty Mutual Insurance
2026-07-07,Willie Chiang,Plains GP,1,11,3,15,20.0,,Willie Chiang Plains GP
2026-07-07,Juan Andrade,USAA,10,12,3,25,12.0,,Juan Andrade USAA
2026-07-07,Chris Boerner,Bristol-Myers Squibb,7,11,7,25,28.0,,Chris Boerner Bristol-Myers Squibb
2026-07-07,Paul Bay,Ingram Micro,6,15,4,25,16.0,,Paul Bay Ingram Micro
2026-07-07,Phebe Novakovic,General Dynamics,18,5,2,25,8.0,,Phebe Novakovic General Dynamics
2026-07-07,James Quincey,The Coca-Cola Company,15,9,1,25,4.0,,James Quincey The Coca-Cola Company
2026-07-07,Thasunda Brown Duckett,TIAA,6,13,6,25,24.0,,Thasunda Brown Duckett TIAA
2026-07-07,Alan Schnitzer,The Travelers Indemnity Company,12,13,0,25,0.0,,Alan Schnitzer The Travelers Indemnity Company
2026-07-07,David Ricks,Eli Lilly,5,14,6,25,24.0,,David Ricks Eli Lilly
2026-07-07,Dara Khosrowshahi,Uber Technologies,6,15,4,25,16.0,,Dara Khosrowshahi Uber Technologies
2026-07-07,Roger Crandall,Mass Mutual,5,16,4,25,16.0,,Roger Crandall Mass Mutual
2026-07-07,Marc Casper,Thermo Fisher Scientific,8,16,1,25,4.0,,Marc Casper Thermo Fisher Scientific
2026-07-07,Gunjan Kedia,US Bancorp,7,17,1,25,4.0,,Gunjan Kedia US Bancorp
2026-07-07,Ira M Birns,World Kinect,3,6,0,9,0.0,,Ira M Birns World Kinect
2026-07-07,Robert Ford,Abbott Laboratories,5,13,7,25,28.0,,Robert Ford Abbott Laboratories
2026-07-07,Corie Barry,Best Buy,25,0,0,25,0.0,,Corie Barry Best Buy
2026-07-07,Tim Gerend,Northwestern Mutual,6,17,2,25,8.0,,Tim Gerend Northwestern Mutual
2026-07-07,Kathy Warden,Northrop Grumman,10,14,1,25,4.0,,Kathy Warden Northrop Grumman
2026-07-07,Joe Zubretsky,Molina Healthcare,7,14,4,25,16.0,,Joe Zubretsky Molina Healthcare
2026-07-07,Todd Vasos,Dollar General Corporation,8,15,2,25,8.0,,Todd Vasos Dollar General Corporation
2026-07-07,Robin Vince,Bank of New York Mellon,7,17,1,25,4.0,,Robin Vince Bank of New York Mellon
2026-07-07,David Zaslav,Warner Bros Discovery,6,13,6,25,24.0,,David Zaslav Warner Bros Discovery
2026-07-07,Jay Debertin,CHS,6,18,1,25,4.0,,Jay Debertin CHS
2026-07-07,Ted Sarandos,Netflix,7,12,6,25,24.0,,Ted Sarandos Netflix
2026-07-07,Cristiano Amon,Qualcomm,4,20,1,25,4.0,,Cristiano Amon Qualcomm
2026-07-07,Vimal Kapur,Honeywell,5,16,4,25,16.0,,Vimal Kapur Honeywell
2026-07-07,Marc Benioff,Salesforce,4,12,9,25,36.0,,Marc Benioff Salesforce
2026-07-07,Jacek Olczak,Philip Morris International,4,21,0,25,0.0,,Jacek Olczak Philip Morris International
2026-07-07,David Flitman,US Foods,7,14,4,25,16.0,,David Flitman US Foods
2026-07-07,Paul Romanowski,DR Horton Inc,3,15,1,19,5.3,,Paul Romanowski DR Horton Inc
2026-07-07,Bryan DeBoer,Lithia Motors,8,14,3,25,12.0,,Bryan DeBoer Lithia Motors
2026-07-07,Dirk Van de Put,Mondelez,5,12,8,25,32.0,,Dirk Van de Put Mondelez
2026-07-07,Brian Niccol,Starbucks,13,11,1,25,4.0,,Brian Niccol Starbucks
2026-07-07,Ryan McInerney,Visa Inc,11,13,1,25,4.0,,Ryan McInerney Visa Inc
2026-07-07,Robert Sulentic,CBRE Group,8,14,3,25,12.0,,Robert Sulentic CBRE Group
2026-07-07,Jonathan Jaffe,Lennar,0,7,2,9,22.2,,Jonathan Jaffe Lennar
2026-07-07,Scott Strazik,GE Vernova,6,17,2,25,8.0,,Scott Strazik GE Vernova
2026-07-07,William Demchak,PNC Financial Services,5,16,4,25,16.0,,William Demchak PNC Financial Services
2026-07-07,Jennifer Rumsey,Cummins Inc,7,15,3,25,12.0,,Jennifer Rumsey Cummins Inc
2026-07-07,Preston Feight,Paccar,9,14,2,25,8.0,,Preston Feight Paccar
2026-07-07,Robert Bradway,Amgen,4,17,4,25,16.0,,Robert Bradway Amgen
2026-07-07,Matthew Lucey,PBF Energy,12,5,0,17,0.0,,Matthew Lucey PBF Energy
2026-07-07,Brian D Pieninck,GuideWell Mutual,1,9,0,10,0.0,,Brian D Pieninck GuideWell Mutual
2026-07-07,Enrique Lores,PayPal,4,20,1,25,4.0,,Enrique Lores PayPal
2026-07-07,Sandy Douglas,United Natural Foods,15,10,0,25,0.0,,Sandy Douglas United Natural Foods
2026-07-07,Michael Creedon,Dollar Tree,7,17,1,25,4.0,,Michael Creedon Dollar Tree
2026-07-07,Leon Topalian,Nucor,10,13,2,25,8.0,,Leon Topalian Nucor
2026-07-07,Roger Penske,Penske Automotive,6,14,5,25,20.0,,Roger Penske Penske Automotive
2026-07-07,Bom Kim,Coupang,1,12,12,25,48.0,,Bom Kim Coupang
2026-07-07,Antonio Neri,Hewlett Packard Enterprise,6,13,6,25,24.0,,Antonio Neri Hewlett Packard Enterprise
2026-07-07,Harry Sideris,Duke Energy Corporation,17,3,5,25,20.0,,Harry Sideris Duke Energy Corporation
2026-07-07,Joseph Bae,KKR & Co,5,18,2,25,8.0,,Joseph Bae KKR & Co
2026-07-07,David Ellison,Paramount Global,9,13,3,25,12.0,,David Ellison Paramount Global
2026-07-07,Michael Dastoor,Jabil,6,15,4,25,16.0,,Michael Dastoor Jabil
2026-07-07,Daniel O'Day,Gilead Sciences,16,6,3,25,12.0,,Daniel O'Day Gilead Sciences
2026-07-07,Tim Go,HF Sinclair,5,7,13,25,52.0,,Tim Go HF Sinclair
2026-07-07,David McCreight,CarMax,3,7,7,17,41.2,,David McCreight CarMax
2026-07-07,Michael Miebach,Mastercard,6,17,2,25,8.0,,Michael Miebach Mastercard
2026-07-07,Lawrence Coben,NRG Energy,10,6,2,18,11.1,,Lawrence Coben NRG Energy
2026-07-07,William F Austen,Arrow Electronics,1,6,1,8,12.5,,William F Austen Arrow Electronics
2026-07-07,Lorenzo Simonelli,Baker Hughes,13,12,0,25,0.0,,Lorenzo Simonelli Baker Hughes
2026-07-07,Bob Jordan,Southwest Airlines,4,16,5,25,20.0,,Bob Jordan Southwest Airlines
2026-07-07,Eric Andersen,AIG,7,17,1,25,4.0,,Eric Andersen AIG
2026-07-07,Gary Dickerson,Applied Materials,13,9,3,25,12.0,,Gary Dickerson Applied Materials
2026-07-07,Vicki Hollub,Occidental Petroleum,7,15,3,25,12.0,,Vicki Hollub Occidental Petroleum
2026-07-07,Michael Manley,AutoNation,5,18,2,25,8.0,,Michael Manley AutoNation
2026-07-07,Christopher Womack,Southern Company,9,12,4,25,16.0,,Christopher Womack Southern Company
2026-07-07,Christopher Swift,The Hartford Insurance,8,15,2,25,8.0,,Christopher Swift The Hartford Insurance
2026-07-07,Marc Rowan,Apollo Global Management,3,15,7,25,28.0,,Marc Rowan Apollo Global Management
2026-07-07,Rick Wurster,Charles Schwab,11,10,4,25,16.0,,Rick Wurster Charles Schwab
2026-07-07,Chris Kempczinski,McDonalds,3,10,12,25,48.0,,Chris Kempczinski McDonalds
2026-07-07,Carlos Abrams-Rivera,Kraft Heinz,2,21,2,25,8.0,,Carlos Abrams-Rivera Kraft Heinz
2026-07-07,Lisa Su,Advanced Micro Devices,11,11,3,25,12.0,,Lisa Su Advanced Micro Devices
2026-07-07,William H Rogers Jr,Truist Financial,6,13,3,22,13.6,,William H Rogers Jr Truist Financial
2026-07-07,Kathleen Quirk,Freeport-McMoRan,10,12,3,25,12.0,,Kathleen Quirk Freeport-McMoRan
2026-07-07,Sanjay Mehrotra,Micron Technology,4,17,4,25,16.0,,Sanjay Mehrotra Micron Technology
2026-07-07,Anthony Capuano,Marriott International,7,16,2,25,8.0,,Anthony Capuano Marriott International
2026-07-07,David Gitlin,Carrier Global,7,15,3,25,12.0,,David Gitlin Carrier Global
2026-07-07,John Ketchum,NextEra Energy,18,7,0,25,0.0,,John Ketchum NextEra Energy
2026-07-07,William M Brown,3M Company,3,19,3,25,12.0,,William M Brown 3M Company
2026-07-07,John Doyle,Marsh,7,10,8,25,32.0,,John Doyle Marsh
2026-07-07,Patricia Poppe,Pacific Gas and Electric Company,6,8,11,25,44.0,,Patricia Poppe Pacific Gas and Electric Company
2026-07-07,Jim Vena,Union Pacific,7,13,5,25,20.0,,Jim Vena Union Pacific
2026-07-07,Brian Doubles,Synchrony Financial,7,15,3,25,12.0,,Brian Doubles Synchrony Financial
2026-07-07,Rainer Blair,Danaher,6,16,3,25,12.0,,Rainer Blair Danaher
2026-07-07,Philip Gallagher,Avnet,5,14,1,20,5.0,,Philip Gallagher Avnet
2026-07-07,Glenn Fogel,Booking Holdings,7,11,7,25,28.0,,Glenn Fogel Booking Holdings
2026-07-07,Ezra Yacob,EOG Resources,14,10,1,25,4.0,,Ezra Yacob EOG Resources
2026-07-07,Earl Austin,Quanta Services,8,9,2,19,10.5,,Earl Austin Quanta Services
2026-07-07,Michael Shepherd,Discover Financial,5,16,4,25,16.0,,Michael Shepherd Discover Financial
2026-07-07,Joseph Dominguez,Constellation Energy,14,10,1,25,4.0,,Joseph Dominguez Constellation Energy
2026-07-07,William Stengel II,Genuine Parts Company,3,19,1,23,4.3,,William Stengel II Genuine Parts Company
2026-07-07,Christian Ulbrich,Jones Lang LaSalle,7,14,4,25,16.0,,Christian Ulbrich Jones Lang LaSalle
2026-07-07,Raymond E Scott,Lear Corporation,3,17,4,24,16.7,,Raymond E Scott Lear Corporation
2026-07-07,Michael Rapino,Live Nation Entertainment,9,10,6,25,24.0,,Michael Rapino Live Nation Entertainment
2026-07-07,Heidi Petz,Sherwin-Williams,6,14,5,25,20.0,,Heidi Petz Sherwin-Williams
2026-07-07,Calvin G Butler Jr,Exelon,7,12,3,22,13.6,,Calvin G Butler Jr Exelon
2026-07-07,Tony Spring,Macys,11,13,1,25,4.0,,Tony Spring Macys
2026-07-07,Jeff Miller,Halliburton,11,12,2,25,8.0,,Jeff Miller Halliburton
2026-07-07,Kevin Lobo,Stryker,3,16,6,25,24.0,,Kevin Lobo Stryker
2026-07-07,Tony Cheng,Reinsurance Group of America,4,11,1,16,6.2,,Tony Cheng Reinsurance Group of America
2026-07-07,Ronald P O'Hanley,State Street,5,18,2,25,8.0,,Ronald P O'Hanley State Street
2026-07-07,John Engel,WESCO International,2,22,1,25,4.0,,John Engel WESCO International
2026-07-07,Pierce Norton II,Oneok,11,14,0,25,0.0,,Pierce Norton II Oneok
2026-07-07,Shantanu Narayen,Adobe,3,19,3,25,12.0,,Shantanu Narayen Adobe
2026-07-07,Bill Westrate,American Family Insurance,7,16,2,25,8.0,,Bill Westrate American Family Insurance
2026-07-07,Chris Kubasik,L3Harris Technologies,5,19,1,25,4.0,,Chris Kubasik L3Harris Technologies
2026-07-07,James Conroy,Ross Stores,5,19,1,25,4.0,,James Conroy Ross Stores
2026-07-07,Christine Leahy,CDW,4,18,3,25,12.0,,Christine Leahy CDW
2026-07-07,Saumya Sutaria,Tenet Healthcare,2,4,4,10,40.0,,Saumya Sutaria Tenet Healthcare
2026-07-07,Bob Eddy,BJ's Wholesale Club,7,17,1,25,4.0,,Bob Eddy BJ's Wholesale Club
2026-07-07,Mike Lyons,Fiserv,5,18,2,25,8.0,,Mike Lyons Fiserv
2026-07-07,William Gifford,Altria,3,21,1,25,4.0,,William Gifford Altria
2026-07-07,Larry Fink,BlackRock,8,12,5,25,20.0,,Larry Fink BlackRock
2026-07-07,Thomas Polen,Becton Dickinson,4,14,7,25,28.0,,Thomas Polen Becton Dickinson
2026-07-07,Noel Wallace,Colgate-Palmolive,7,16,2,25,8.0,,Noel Wallace Colgate-Palmolive
2026-07-07,Michael Hsu,Kimberly-Clark,8,14,3,25,12.0,,Michael Hsu Kimberly-Clark
2026-07-07,Daryl Kenningham,Group 1 Automotive,3,17,5,25,20.0,,Daryl Kenningham Group 1 Automotive
2026-07-07,Jennifer Parmentier,Parker-Hannifin,3,10,0,13,0.0,,Jennifer Parmentier Parker-Hannifin
2026-07-07,Jeffrey Harmening,General Mills,8,10,7,25,28.0,,Jeffrey Harmening General Mills
2026-07-07,Ravi Kumar S,Cognizant Technology Solutions,8,12,5,25,20.0,,Ravi Kumar S Cognizant Technology Solutions
2026-07-07,William Fehrman,American Electric Power,5,19,1,25,4.0,,William Fehrman American Electric Power
2026-07-07,Peter Arduini,GE HealthCare Technologies,5,15,5,25,20.0,,Peter Arduini GE HealthCare Technologies
2026-07-07,Maria Black,Automatic Data Processing,8,12,5,25,20.0,,Maria Black Automatic Data Processing
2026-07-07,Lourenco Goncalves,Cleveland-Cliffs,5,15,5,25,20.0,,Lourenco Goncalves Cleveland-Cliffs
2026-07-07,Dan Amos,Aflac,3,18,4,25,16.0,,Dan Amos Aflac
2026-07-07,Mark Stewart,Goodyear Tire & Rubber,5,18,2,25,8.0,,Mark Stewart Goodyear Tire & Rubber
2026-07-07,Kevin Hogan,Corebridge Financial,7,6,2,15,13.3,,Kevin Hogan Corebridge Financial
2026-07-07,Natascha Viljoen,Newmont,6,18,1,25,4.0,,Natascha Viljoen Newmont
2026-07-07,Andrew Silvernail,International Paper,6,15,4,25,16.0,,Andrew Silvernail International Paper
2026-07-07,Philip Daniele III,AutoZone,3,17,5,25,20.0,,Philip Daniele III AutoZone
2026-07-07,Ellen Cooper,Lincoln National,4,18,3,25,12.0,,Ellen Cooper Lincoln National
2026-07-07,Ryan Marshall,PulteGroup,8,11,6,25,24.0,,Ryan Marshall PulteGroup
2026-07-07,James Cracchiolo,Ameriprise Financial,1,18,6,25,24.0,,James Cracchiolo Ameriprise Financial
2026-07-07,Andrew Clyde,Murphy USA,8,16,1,25,4.0,,Andrew Clyde Murphy USA
2026-07-07,Jonas Prising,ManpowerGroup,9,12,4,25,16.0,,Jonas Prising ManpowerGroup
2026-07-07,David Bozeman,CH Robinson Worldwide,3,19,3,25,12.0,,David Bozeman CH Robinson Worldwide
2026-07-07,Timothy Knavish,PPG Industries,4,10,0,14,0.0,,Timothy Knavish PPG Industries
2026-07-07,Pedro Pizarro,Edison International,6,10,9,25,36.0,,Pedro Pizarro Edison International
2026-07-07,Mark Millett,Steel Dynamics,22,2,1,25,4.0,,Mark Millett Steel Dynamics
2026-07-07,Benjamin Tisch,Loews,2,17,6,25,24.0,,Benjamin Tisch Loews
2026-07-07,Karsanbhai,Emerson Electric,5,15,5,25,20.0,,Karsanbhai Emerson Electric
2026-07-07,John Zillmer,Aramark,6,17,2,25,8.0,,John Zillmer Aramark
2026-07-07,William Hornbuckle,MGM Resorts International,9,10,6,25,24.0,,William Hornbuckle MGM Resorts International
2026-07-07,James Burke,Vistra,4,8,1,13,7.7,,James Burke Vistra
2026-07-07,David Hult,Asbury Automotive Group,4,20,1,25,4.0,,David Hult Asbury Automotive Group
2026-07-07,DG Macpherson,WW Grainger,0,18,3,21,14.3,,DG Macpherson WW Grainger
2026-07-07,Eric Slifka,Global Partners,3,16,6,25,24.0,,Eric Slifka Global Partners
2026-07-07,Bob Pragada,Jacobs Solutions,6,17,2,25,8.0,,Bob Pragada Jacobs Solutions
2026-07-07,Charles Magro,Corteva,0,6,3,9,33.3,,Charles Magro Corteva
2026-07-07,Rick Lanoha,Kiewit Corporation,1,15,1,17,5.9,,Rick Lanoha Kiewit Corporation
2026-07-07,Michael Mahoney,Boston Scientific,4,12,9,25,36.0,,Michael Mahoney Boston Scientific
2026-07-07,Brad Beckham,O'Reilly Automotive,8,16,1,25,4.0,,Brad Beckham O'Reilly Automotive
2026-07-07,Thomas Bell,Leidos,6,18,1,25,4.0,,Thomas Bell Leidos
2026-07-07,Thomas Gayner,Markel Group,6,16,3,25,12.0,,Thomas Gayner Markel Group
2026-07-07,Marc Bitzer,Whirlpool Corporation,4,10,11,25,44.0,,Marc Bitzer Whirlpool Corporation
2026-07-07,Andrew McMahon,Guardian Life insurance,7,16,2,25,8.0,,Andrew McMahon Guardian Life insurance
2026-07-07,Peter Jackson,Builders FirstSource,4,18,1,23,4.3,,Peter Jackson Builders FirstSource
2026-07-07,Michael Rhodes,Ally Financial,1,22,2,25,8.0,,Michael Rhodes Ally Financial
2026-07-07,Matthew Meloy,Targa Resources,5,14,1,20,5.0,,Matthew Meloy Targa Resources
2026-07-07,James Breuer,Fluor,2,5,2,9,22.2,,James Breuer Fluor
2026-07-07,Sasan Goodarzi,Intuit,2,19,4,25,16.0,,Sasan Goodarzi Intuit
2026-07-07,Troy Rudd,AECOM,8,14,3,25,12.0,,Troy Rudd AECOM
2026-07-07,Penny Pennington,Edward Jones,9,14,2,25,8.0,,Penny Pennington Edward Jones
2026-07-07,Michael Bender,Kohl's,1,20,4,25,16.0,,Michael Bender Kohl's
2026-07-07,Beth Ford,Land O'Lakes,6,13,6,25,24.0,,Beth Ford Land O'Lakes
2026-07-07,Deanna Strable-Soethout,PrIncipal Financial,4,6,0,10,0.0,,Deanna Strable-Soethout PrIncipal Financial
2026-07-07,Robert Blue,Dominion Energy,19,5,1,25,4.0,,Robert Blue Dominion Energy
2026-07-07,Martin Schroeter,Kyndryl,7,14,4,25,16.0,,Martin Schroeter Kyndryl
2026-07-07,Jon Vander Ark,Republic Services,5,6,14,25,56.0,,Jon Vander Ark Republic Services
2026-07-07,Clay Gaspar,Devon Energy,22,3,0,25,0.0,,Clay Gaspar Devon Energy
2026-07-07,Christopher O'Herlihy,Illinois Tool Works,0,12,2,14,14.3,,Christopher O'Herlihy Illinois Tool Works
2026-07-07,Michael O'Grady,Northern Trust,15,9,1,25,4.0,,Michael O'Grady Northern Trust
2026-07-07,Jamie Whisnant,Auto-Owners Insurance,2,2,0,4,0.0,,Jamie Whisnant Auto-Owners Insurance
2026-07-07,Marc Miller,Universal Health Services,6,17,2,25,8.0,,Marc Miller Universal Health Services
2026-07-07,Darryl Button,Pacific Life,2,22,1,25,4.0,,Darryl Button Pacific Life
2026-07-07,Hamid Akhavan,EchoStar,8,13,4,25,16.0,,Hamid Akhavan EchoStar
2026-07-07,Christophe Beck,Ecolab,8,14,3,25,12.0,,Christophe Beck Ecolab
2026-07-07,Jack Fusco,Cheniere Energy,15,7,3,25,12.0,,Jack Fusco Cheniere Energy
2026-07-07,John Wren,Omnicom Group,8,13,4,25,16.0,,John Wren Omnicom Group
2026-07-07,Haviv Ilan,Texas Instruments,5,18,2,25,8.0,,Haviv Ilan Texas Instruments
2026-07-07,David Burritt,United States Steel,4,21,0,25,0.0,,David Burritt United States Steel
2026-07-07,Stéphane de La Faverie,The Estee Lauder Companies,4,16,5,25,20.0,,Stéphane de La Faverie The Estee Lauder Companies
2026-07-07,Raul Nicholas Vargas Ochoa,Farmers Insurance Group,0,0,0,0,0.0,,Raul Nicholas Vargas Ochoa Farmers Insurance Group
2026-07-07,Kirk Perry,Kenvue,2,20,3,25,12.0,,Kirk Perry Kenvue
2026-07-07,Ari Bousbib,IQVIA,5,20,0,25,0.0,,Ari Bousbib IQVIA
2026-07-07,Donald Allan,Stanley Black & Decker,7,16,2,25,8.0,,Donald Allan Stanley Black & Decker
2026-07-07,Timothy Cofer,Keurig Dr Pepper,5,7,0,12,0.0,,Timothy Cofer Keurig Dr Pepper
2026-07-07,Matthew Flannery,United Rentals,23,2,0,25,0.0,,Matthew Flannery United Rentals
2026-07-07,Timothy Cawley,Consolidated Edison,6,9,5,20,25.0,,Timothy Cawley Consolidated Edison
2026-07-07,Adam Norwitt,Amphenol,5,18,2,25,8.0,,Adam Norwitt Amphenol
2026-07-07,Brent Shafer,Baxter International,1,13,2,16,12.5,,Brent Shafer Baxter International
2026-07-07,Kimberly Dang,Kinder Morgan,12,2,0,14,0.0,,Kimberly Dang Kinder Morgan
2026-07-07,Erik Nordstrom,Nordstrom,6,15,4,25,16.0,,Erik Nordstrom Nordstrom
2026-07-07,Frank Holding,First Citizens BancShares,9,14,2,25,8.0,,Frank Holding First Citizens BancShares
2026-07-07,Paul Shoukry,Raymond James Financial,9,13,3,25,12.0,,Paul Shoukry Raymond James Financial
2026-07-07,Timothy Archer,Lam Research,7,14,4,25,16.0,,Timothy Archer Lam Research
2026-07-07,Harry Lawton III,Tractor Supply Company,1,10,1,12,8.3,,Harry Lawton III Tractor Supply Company
2026-07-07,Darren Rebelez,Caseys General Stores,6,19,0,25,0.0,,Darren Rebelez Caseys General Stores
2026-07-07,Scott Smith,Viatris,6,13,3,22,13.6,,Scott Smith Viatris
2026-07-07,James Blackledge,Mutual of Omaha,2,22,1,25,4.0,,James Blackledge Mutual of Omaha
2026-07-07,Anthony Guzzi,EMCOR Group,1,7,4,12,33.3,,Anthony Guzzi EMCOR Group
2026-07-07,Joseph Hinrichs,CSX,2,17,6,25,24.0,,Joseph Hinrichs CSX
2026-07-07,Justin Jude,LKQ,5,10,5,20,25.0,,Justin Jude LKQ
2026-07-07,Judith Marks,Otis Worldwide,6,17,2,25,8.0,,Judith Marks Otis Worldwide
2026-07-07,David Bruton Smith,Sonic Automotive,5,11,9,25,36.0,,David Bruton Smith Sonic Automotive
2026-07-07,Martina Cheung,S&P Global,10,12,3,25,12.0,,Martina Cheung S&P Global
2026-07-07,Leonard Schleifer,Regeneron Pharmaceuticals,6,14,5,25,20.0,,Leonard Schleifer Regeneron Pharmaceuticals
2026-07-07,Joseph Fadool,BorgWarner,3,13,0,16,0.0,,Joseph Fadool BorgWarner
2026-07-07,Karla Lewis,Reliance Inc,3,11,1,15,6.7,,Karla Lewis Reliance Inc
2026-07-07,John Barrett,Western & Southern Financial,2,22,1,25,4.0,,John Barrett Western & Southern Financial
2026-07-07,Scott Donnelly,Textron,5,19,1,25,4.0,,Scott Donnelly Textron
2026-07-07,Ariane Gorin,Expedia,8,14,3,25,12.0,,Ariane Gorin Expedia
2026-07-07,Michael Nolan,Fidelity National Financial,1,15,3,19,15.8,,Michael Nolan Fidelity National Financial
2026-07-07,Ernest Garcia III,Carvana,11,11,3,25,12.0,,Ernest Garcia III Carvana
2026-07-07,Raul Fernandez,DXC Technology,4,18,3,25,12.0,,Raul Fernandez DXC Technology
2026-07-07,Robert Berkley,WR Berkley,5,18,2,25,8.0,,Robert Berkley WR Berkley
2026-07-07,René Jones,M&T Bank,9,14,2,25,8.0,,René Jones M&T Bank
2026-07-07,Lauren Hobart,Dicks Sporting Goods,6,15,4,25,16.0,,Lauren Hobart Dicks Sporting Goods
2026-07-07,Robert Frenzel,Xcel Energy,7,10,6,23,26.1,,Robert Frenzel Xcel Energy
2026-07-07,Timothy Spence,Fifth Third Bancorp,9,10,6,25,24.0,,Timothy Spence Fifth Third Bancorp
2026-07-07,Stephen Schwarzman,Blackstone,7,13,5,25,20.0,,Stephen Schwarzman Blackstone
2026-07-07,Walker Martin,Sempra,0,3,1,4,25.0,,Walker Martin Sempra
2026-07-07,Timothy NeCastro,Erie Insurance,3,11,1,15,6.7,,Timothy NeCastro Erie Insurance
2026-07-07,Wendell Weeks,Corning,8,12,5,25,20.0,,Wendell Weeks Corning
2026-07-07,Kathleen Johnson,Lumen Technologies,11,14,0,25,0.0,,Kathleen Johnson Lumen Technologies
2026-07-07,Brian Tierney,FirstEnergy Corp,7,16,2,25,8.0,,Brian Tierney FirstEnergy Corp
2026-07-07,Adam Schechter,Labcorp Holdings,8,6,2,16,12.5,,Adam Schechter Labcorp Holdings
2026-07-07,Tiang Yew Tan,Western Digital,2,4,3,9,33.3,,Tiang Yew Tan Western Digital
2026-07-07,Rick McKenney,Unum Group,14,7,1,22,4.5,,Rick McKenney Unum Group
2026-07-07,Javier Rodriguez,DaVita,13,12,0,25,0.0,,Javier Rodriguez DaVita
2026-07-07,Steven Cahillane,Kellanova,0,24,1,25,4.0,,Steven Cahillane Kellanova
2026-07-07,Stanley Bergman,Henry Schein,2,18,5,25,20.0,,Stanley Bergman Henry Schein
2026-07-07,Robert Sanchez,Ryder System,2,20,3,25,12.0,,Robert Sanchez Ryder System
2026-07-07,Tim Hingtgen,Community Health Systems,5,16,4,25,16.0,,Tim Hingtgen Community Health Systems
2026-07-07,Avigal Soreq,Delek US,2,17,5,24,20.8,,Avigal Soreq Delek US
2026-07-07,Gerardo Norcia,DTE Energy,6,5,0,11,0.0,,Gerardo Norcia DTE Energy
2026-07-07,Mark Pearson,Equitable Holdings,9,16,0,25,0.0,,Mark Pearson Equitable Holdings
2026-07-07,Lori Koch,DuPont de Nemours,6,16,2,24,8.3,,Lori Koch DuPont de Nemours
2026-07-07,Rich Steinmeier,LPL Financial,11,12,2,25,8.0,,Rich Steinmeier LPL Financial
2026-07-07,Bruce Van Saun,Citizens Financial Group,13,11,1,25,4.0,,Bruce Van Saun Citizens Financial Group
2026-07-07,José Mas,MasTec,3,22,0,25,0.0,,José Mas MasTec
2026-07-07,Andrés Gluski,AES,6,17,2,25,8.0,,Andrés Gluski AES
2026-07-07,Kevin Kwilinski,Berry Global,3,15,0,18,0.0,,Kevin Kwilinski Berry Global
2026-07-07,Mark George,Norfolk Southern,6,18,1,25,4.0,,Mark George Norfolk Southern
2026-07-07,Eduardo Menezes,Air Products & Chemicals,5,14,6,25,24.0,,Eduardo Menezes Air Products & Chemicals
2026-07-07,Shelley Simpson,JB Hunt Transport Services,7,16,2,25,8.0,,Shelley Simpson JB Hunt Transport Services
2026-07-07,Ronald J Lewis,Ball Corporation,1,14,2,17,11.8,,Ronald J Lewis Ball Corporation
2026-07-07,Sean Connolly,Conagra Brands,1,23,1,25,4.0,,Sean Connolly Conagra Brands
2026-07-07,Stephen Steinour,Huntington Bancshares,6,11,8,25,32.0,,Stephen Steinour Huntington Bancshares
2026-07-07,James Snee,Hormel Foods,3,21,1,25,4.0,,James Snee Hormel Foods
2026-07-07,Joseph Nolan,Eversource Energy,7,14,4,25,16.0,,Joseph Nolan Eversource Energy
2026-07-07,William Oplinger,Alcoa Corporation,4,18,3,25,12.0,,William Oplinger Alcoa Corporation
2026-07-07,Drew Marsh,Entergy,13,9,3,25,12.0,,Drew Marsh Entergy
2026-07-07,Keith Demmings,Assurant,3,20,1,24,4.2,,Keith Demmings Assurant
2026-07-07,Sumit Singh,Chewy,6,12,7,25,28.0,,Sumit Singh Chewy
2026-07-07,Niraj Shah,Wayfair,9,14,2,25,8.0,,Niraj Shah Wayfair
2026-07-07,Brian Choi,Avis Budget,4,13,8,25,32.0,,Brian Choi Avis Budget
2026-07-07,Jeffrey Sprecher,Intercontinental Exchange,4,18,3,25,12.0,,Jeffrey Sprecher Intercontinental Exchange
2026-07-07,Benito Minicucci,Alaska Airlines,1,6,2,9,22.2,,Benito Minicucci Alaska Airlines
2026-07-07,Patrick Kelleher,GXO Logistics,8,13,4,25,16.0,,Patrick Kelleher GXO Logistics
2026-07-07,Eric Hansotia,AGCO,9,13,3,25,12.0,,Eric Hansotia AGCO
2026-07-07,Kathleen Mazzarella,Graybar Electric,9,16,0,25,0.0,,Kathleen Mazzarella Graybar Electric
2026-07-07,Rahul Goyal,Molson Coors Beverage,3,21,1,25,4.0,,Rahul Goyal Molson Coors Beverage
2026-07-07,Patrick Gallagher,Arthur J Gallagher & Co,8,13,4,25,16.0,,Patrick Gallagher Arthur J Gallagher & Co
2026-07-07,Christopher Kastner,Huntington Ingalls Industries,3,18,4,25,16.0,,Christopher Kastner Huntington Ingalls Industries
2026-07-07,Erik Fyrwald,International Flavors & Fragrances,7,12,3,22,13.6,,Erik Fyrwald International Flavors & Fragrances
2026-07-07,Ricardo Cardenas,Darden Restaurants,12,12,1,25,4.0,,Ricardo Cardenas Darden Restaurants
2026-07-07,Stephen Spray,CIncinnati Financial,4,16,5,25,20.0,,Stephen Spray CIncinnati Financial
2026-07-07,Scott Boatwright,Chipotle Mexican Grill,7,14,4,25,16.0,,Scott Boatwright Chipotle Mexican Grill
2026-07-07,Joey Wat,Yum China,11,12,2,25,8.0,,Joey Wat Yum China
2026-07-07,Patrick Dumont,Las Vegas Sands,4,21,0,25,0.0,,Patrick Dumont Las Vegas Sands
2026-07-07,Kecia Steelman,Ulta Beauty,19,6,0,25,0.0,,Kecia Steelman Ulta Beauty
2026-07-07,Thomas Reeg,Caesars Entertainment,8,13,4,25,16.0,,Thomas Reeg Caesars Entertainment
2026-07-07,Jon Rousseau,BrightSpring Health Services,8,16,1,25,4.0,,Jon Rousseau BrightSpring Health Services
2026-07-07,William Krueger,The Andersons Inc,4,13,0,17,0.0,,William Krueger The Andersons Inc
2026-07-07,Kirk Tanner,The Hershey Company,5,17,3,25,12.0,,Kirk Tanner The Hershey Company
2026-07-07,Christopher Nassetta,Hilton Worldwide,11,12,2,25,8.0,,Christopher Nassetta Hilton Worldwide
2026-07-07,Mark Wang,Hilton Grand Vacations,24,1,0,25,0.0,,Mark Wang Hilton Grand Vacations
2026-07-07,Bruce Bodine,The Mosaic Company,4,12,5,21,23.8,,Bruce Bodine The Mosaic Company
2026-07-07,Brian Chesky,Airbnb,4,16,5,25,20.0,,Brian Chesky Airbnb
2026-07-07,Kaes Van’t Hof,Diamondback Energy,11,9,5,25,20.0,,Kaes Van’t Hof Diamondback Energy
2026-07-07,Steven Vondran,American Tower,4,10,4,18,22.2,,Steven Vondran American Tower
2026-07-07,Reshma Kewalramani,Vertex Pharmaceuticals,5,18,2,25,8.0,,Reshma Kewalramani Vertex Pharmaceuticals
2026-07-07,William McDermott,ServiceNow,9,11,5,25,20.0,,William McDermott ServiceNow
2026-07-07,Brian Chambers,Owens Corning,4,20,1,25,4.0,,Brian Chambers Owens Corning
2026-07-07,Teresa Rasmussen,Thrivent Financial for Lutherans,2,8,0,10,0.0,,Teresa Rasmussen Thrivent Financial for Lutherans
2026-07-07,Shane O'Kelly,Advance Auto Parts,5,19,1,25,4.0,,Shane O'Kelly Advance Auto Parts
2026-07-07,Douglas Yearley,Toll Brothers,4,19,2,25,8.0,,Douglas Yearley Toll Brothers
2026-07-07,Jeffrey Lorberbaum,Mohawk Industries,9,14,2,25,8.0,,Jeffrey Lorberbaum Mohawk Industries
2026-07-07,Gregory Brown,Motorola Solutions,2,23,0,25,0.0,,Gregory Brown Motorola Solutions
2026-07-07,John Pfeifer,Oshkosh Corporation,4,20,1,25,4.0,,John Pfeifer Oshkosh Corporation
2026-07-07,Tony Xu,DoorDash,6,16,3,25,12.0,,Tony Xu DoorDash
2026-07-07,Edward Pesicka,Owens & Minor,5,15,5,25,20.0,,Edward Pesicka Owens & Minor
2026-07-07,Eugene Bredow,NVR Inc,0,9,1,10,10.0,,Eugene Bredow NVR Inc
2026-07-07,Philippe Krakowsky,Interpublic Group,6,17,2,25,8.0,,Philippe Krakowsky Interpublic Group
2026-07-07,Horacio Rozanski,Booz Allen Hamilton,5,11,9,25,36.0,,Horacio Rozanski Booz Allen Hamilton
2026-07-07,Michael O’Sullivan,Burlington Stores,14,11,0,25,0.0,,Michael O’Sullivan Burlington Stores
2026-07-07,Daniel Wall,Expeditors International of Washington,1,7,2,10,20.0,,Daniel Wall Expeditors International of Washington
2026-07-07,Calvin McDonald,Lululemon athletica,7,34,2,43,4.7,,Calvin McDonald Lululemon athletica
2026-07-07,Stephanie Ferris,Fidelity National Information Services,4,19,2,25,8.0,,Stephanie Ferris Fidelity National Information Services
2026-07-07,Rich Handler,Jefferies Financial,8,7,10,25,40.0,,Rich Handler Jefferies Financial
2026-07-07,Chad Zamarin,Williams Companies,15,9,1,25,4.0,,Chad Zamarin Williams Companies
2026-07-07,Bracken Darrell,VF Corporation,11,12,2,25,8.0,,Bracken Darrell VF Corporation
2026-07-07,Mikael Bratt,Autoliv,3,8,2,13,15.4,,Mikael Bratt Autoliv
2026-07-07,Rafael Santana,Westinghouse Air Brake Technologies,12,12,1,25,4.0,,Rafael Santana Westinghouse Air Brake Technologies
2026-07-07,Ralph LaRossa,Public Service Enterprise Group,11,13,1,25,4.0,,Ralph LaRossa Public Service Enterprise Group
2026-07-07,Jamie Iannone,Ebay,10,14,1,25,4.0,,Jamie Iannone Ebay
2026-07-07,Scott Richardson,Celanese,5,7,0,12,0.0,,Scott Richardson Celanese
2026-07-07,Cameron Bready,Global Payments,5,17,3,25,12.0,,Cameron Bready Global Payments
2026-07-07,Robert Thomson,News Corp,7,13,5,25,20.0,,Robert Thomson News Corp
2026-07-07,Robert Martin,THOR Industries,8,14,3,25,12.0,,Robert Martin THOR Industries
2026-07-07,David Rawlinson II,QVC Group,5,16,4,25,16.0,,David Rawlinson II QVC Group
2026-07-07,Andrew Teno,Icahn Enterprises,4,5,2,11,18.2,,Andrew Teno Icahn Enterprises
2026-07-07,William Newlands,Constellation Brands,3,15,2,20,10.0,,William Newlands Constellation Brands
2026-07-07,James Davis,Quest Diagnostics,6,17,2,25,8.0,,James Davis Quest Diagnostics
2026-07-07,Richard Wallace,KLA,8,13,1,22,4.5,,Richard Wallace KLA
2026-07-07,Brad Jacobs,QXO Building Products,1,22,2,25,8.0,,Brad Jacobs QXO Building Products
2026-07-07,John Christmann IV,APA,3,7,0,10,0.0,,John Christmann IV APA
2026-07-07,Gregory Roberts,A-Mark Precious Metals,14,11,0,25,0.0,,Gregory Roberts A-Mark Precious Metals
2026-07-07,Christopher Viehbacher,Biogen,6,18,1,25,4.0,,Christopher Viehbacher Biogen
2026-07-07,Mick Beekhuizen,The Campbells Company,4,17,4,25,16.0,,Mick Beekhuizen The Campbells Company
2026-07-07,Christopher Caldwell,Concentrix,14,8,3,25,12.0,,Christopher Caldwell Concentrix
2026-07-07,Todd Schneider,Cintas,5,16,4,25,16.0,,Todd Schneider Cintas
2026-07-07,Tony Sarsam,SpartanNash,11,12,2,25,8.0,,Tony Sarsam SpartanNash
2026-07-07,John Venhuizen,Ace Hardware,5,19,1,25,4.0,,John Venhuizen Ace Hardware
2026-07-07,Vincent Roche,Analog Devices,14,8,3,25,12.0,,Vincent Roche Analog Devices
2026-07-07,Mark Costa,Eastman Chemical,6,14,5,25,20.0,,Mark Costa Eastman Chemical
2026-07-07,Milan Galik,Interactive Brokers,6,15,4,25,16.0,,Milan Galik Interactive Brokers
2026-07-07,John Turner,Regions Financial,5,19,1,25,4.0,,John Turner Regions Financial
2026-07-07,Joanna Geraghty,JetBlue Airways,6,14,5,25,20.0,,Joanna Geraghty JetBlue Airways
2026-07-07,Kristin Peck,Zoetis,8,13,4,25,16.0,,Kristin Peck Zoetis
2026-07-07,Christopher Gorman,KeyCorp,7,13,5,25,20.0,,Christopher Gorman KeyCorp
2026-07-07,Mark Bertolini,Oscar Health,14,9,2,25,8.0,,Mark Bertolini Oscar Health
2026-07-07,Brendan McCracken,Ovintiv,10,8,0,18,0.0,,Brendan McCracken Ovintiv
2026-07-07,Robert Steer,Seaboard,1,7,0,8,0.0,,Robert Steer Seaboard
2026-07-07,Gil West,Hertz,8,15,2,25,8.0,,Gil West Hertz
2026-07-07,Robert Greenberg,Skechers USA,6,17,2,25,8.0,,Robert Greenberg Skechers USA
2026-07-07,Dennis Mathew,Optimum Communications Inc,7,16,2,25,8.0,,Dennis Mathew Optimum Communications Inc
2026-07-07,Clay Williams,NOV,7,17,1,25,4.0,,Clay Williams NOV
2026-07-07,Michael Doss,Graphic Packaging,5,15,5,25,20.0,,Michael Doss Graphic Packaging
2026-07-07,Deon Stander,Avery Dennison,0,11,0,11,0.0,,Deon Stander Avery Dennison
2026-07-07,Adaire Fox-Martin,Equinix,7,16,2,25,8.0,,Adaire Fox-Martin Equinix
2026-07-07,Joyce Mullen,Insight Enterprises,6,16,3,25,12.0,,Joyce Mullen Insight Enterprises
2026-07-07,Jennifer Witz,Sirius XM,9,15,1,25,4.0,,Jennifer Witz Sirius XM
2026-07-07,Stefan Larsson,PVH,7,13,5,25,20.0,,Stefan Larsson PVH
2026-07-07,Jason P Wells,CenterPoint Energy,13,5,2,20,10.0,,Jason P Wells CenterPoint Energy
2026-07-07,Scott Lauber,WEC Energy,10,14,1,25,4.0,,Scott Lauber WEC Energy
2026-07-07,Matthew Pine,Xylem Inc,3,17,1,21,4.8,,Matthew Pine Xylem Inc
2026-07-07,Jennifer Johnson,Franklin Resources,7,14,4,25,16.0,,Jennifer Johnson Franklin Resources
2026-07-07,Vincent Sorgi,PPL Corporation,8,14,3,25,12.0,,Vincent Sorgi PPL Corporation
2026-07-07,Carl Eschenbach,Workday,5,17,3,25,12.0,,Carl Eschenbach Workday
2026-07-07,Richard Tobin,Dover Corporation,7,16,2,25,8.0,,Richard Tobin Dover Corporation
2026-07-07,Mark Kowlzan,Packaging Corp of America,8,13,4,25,16.0,,Mark Kowlzan Packaging Corp of America
2026-07-07,Scott Salmirs,ABM Industries,8,13,3,24,12.5,,Scott Salmirs ABM Industries
2026-07-07,Dave Rosa,Intuitive Surgical,7,13,5,25,20.0,,Dave Rosa Intuitive Surgical
2026-07-07,Carl Lindner lll,American Financial Group,6,7,12,25,48.0,,Carl Lindner lll American Financial Group
2026-07-07,Blake Moret,Rockwell Automation,8,15,2,25,8.0,,Blake Moret Rockwell Automation
2026-07-07,Bryan Hanson,Solventum,6,16,3,25,12.0,,Bryan Hanson Solventum
2026-07-07,Craig Smiddy,Old Republic International,1,7,1,9,11.1,,Craig Smiddy Old Republic International
2026-07-07,Christopher Hilger,Securian Financial,5,9,0,14,0.0,,Christopher Hilger Securian Financial
2026-07-07,Hamid Moghadam,Prologis,0,21,4,25,16.0,,Hamid Moghadam Prologis
2026-07-07,Mark Smucker,JM Smucker,5,18,2,25,8.0,,Mark Smucker JM Smucker
2026-07-07,Sheryl Palmer,Taylor Morrison Home,4,21,0,25,0.0,,Sheryl Palmer Taylor Morrison Home
2026-07-07,Mario Harik,XPO,2,20,3,25,12.0,,Mario Harik XPO
2026-07-07,Heather Lavallee,Voya Financial,6,11,0,17,0.0,,Heather Lavallee Voya Financial
2026-07-07,Nikesh Arora,Palo Alto Networks,7,9,9,25,36.0,,Nikesh Arora Palo Alto Networks
2026-07-07,Giordano Albertazzi,Vertiv,11,11,3,25,12.0,,Giordano Albertazzi Vertiv
2026-07-07,Shankh Mitra,Welltower,4,14,7,25,28.0,,Shankh Mitra Welltower
2026-07-07,Ann Freeman,Foot Locker Inc,3,18,4,25,16.0,,Ann Freeman Foot Locker Inc
2026-07-07,William Monteleone,Par Pacific,2,6,0,8,0.0,,William Monteleone Par Pacific
2026-07-07,Kevin Stein,TransDigm,5,9,4,18,22.2,,Kevin Stein TransDigm
2026-07-07,Peter Matt,Commercial Metals,8,15,2,25,8.0,,Peter Matt Commercial Metals
2026-07-07,Rob Vitale,Post Holdings,0,19,6,25,24.0,,Rob Vitale Post Holdings
2026-07-07,Keith Allman,Masco,2,16,0,18,0.0,,Keith Allman Masco
2026-07-07,Rusty Rush,Rush Enterprises,6,17,2,25,8.0,,Rusty Rush Rush Enterprises
2026-07-07,Stuart Bradie,KBR,9,13,3,25,12.0,,Stuart Bradie KBR
2026-07-07,Jack Sinclair,Sprouts Farmers Market,11,12,2,25,8.0,,Jack Sinclair Sprouts Farmers Market
2026-07-07,Laura Alber,Williams-Sonoma,6,17,2,25,8.0,,Laura Alber Williams-Sonoma
2026-07-07,Ivan Tornos,Zimmer Biomet,4,14,7,25,28.0,,Ivan Tornos Zimmer Biomet
2026-07-07,John Mengucci,CACI International,6,16,3,25,12.0,,John Mengucci CACI International
2026-07-07,Steve Sanghi,Microchip Technology,10,14,1,25,4.0,,Steve Sanghi Microchip Technology
2026-07-07,Albert Nahmad,Watsco,3,18,4,25,16.0,,Albert Nahmad Watsco
2026-07-07,Christopher Peterson,Newell Brands,5,17,3,25,12.0,,Christopher Peterson Newell Brands
2026-07-07,Arie Kotler,ARKO,5,18,2,25,8.0,,Arie Kotler ARKO
2026-07-07,Jure Sola,Sanmina,1,23,1,25,4.0,,Jure Sola Sanmina
2026-07-07,Andrew Wilson,Electronic Arts,8,15,2,25,8.0,,Andrew Wilson Electronic Arts
2026-07-07,David Gibbs,Yum Brands,4,20,1,25,4.0,,David Gibbs Yum Brands
2026-07-07,Daniel Florness,Fastenal,2,15,4,21,19.0,,Daniel Florness Fastenal
2026-07-07,Garrick Rochow,CMS Energy,24,1,0,25,0.0,,Garrick Rochow CMS Energy
2026-07-07,Hilton Schlosberg,Monster Beverage,14,11,0,25,0.0,,Hilton Schlosberg Monster Beverage
2026-07-07,Toni Townes-Whitley,Science Applications International,5,18,2,25,8.0,,Toni Townes-Whitley Science Applications International
2026-07-07,Mark Witkowski,Core & Main,2,16,3,21,14.3,,Mark Witkowski Core & Main
2026-07-07,John Plant,Howmet Aerospace,0,24,1,25,4.0,,John Plant Howmet Aerospace
2026-07-07,James Zallie,Ingredion,8,14,3,25,12.0,,James Zallie Ingredion
2026-07-07,Thomas Hill,Vulcan Materials,9,14,2,25,8.0,,Thomas Hill Vulcan Materials
2026-07-07,Donald Zurbay,Patterson Companies Inc,1,3,1,5,20.0,,Donald Zurbay Patterson Companies Inc
2026-07-07,Anthony Smurfit,Smurfit Westrock,5,15,5,25,20.0,,Anthony Smurfit Smurfit Westrock
2026-07-07,Richard P Dealy,Pioneer Natural Resources,6,3,0,9,0.0,,Richard P Dealy Pioneer Natural Resources
2026-07-07,Derek Chang,Liberty Media,21,4,0,25,0.0,,Derek Chang Liberty Media
2026-07-07,Timothy J Donahue,Crown Holdings,9,14,2,25,8.0,,Timothy J Donahue Crown Holdings
2026-07-07,R Bruce McDonald,Dana Incorporated,8,12,5,25,20.0,,R Bruce McDonald Dana Incorporated
2026-07-07,J Kent Masters,Albemarle Corporation,3,17,5,25,20.0,,J Kent Masters Albemarle Corporation
2026-07-07,Malcolm C Roberts,FM Global,6,12,2,20,10.0,,Malcolm C Roberts FM Global
2026-07-07,Mike Speetzen,Polaris Inc,3,16,6,25,24.0,,Mike Speetzen Polaris Inc
2026-07-07,Bob Flexon,UGI Utilities Inc,2,7,1,10,10.0,,Bob Flexon UGI Utilities Inc
2026-07-07,Robert D Lawler,Continental Resources,2,3,0,5,0.0,,Robert D Lawler Continental Resources
2026-07-07,Domenic Dell’Osso Jr,Expand Energy Corporation,23,0,0,23,0.0,,Domenic Dell’Osso Jr Expand Energy Corporation
2026-07-07,H Michael Krimbill,NGL Energy Partners,7,3,0,10,0.0,,H Michael Krimbill NGL Energy Partners
2026-07-07,Hassane El-Khoury,ON Semiconductor,4,17,4,25,16.0,,Hassane El-Khoury ON Semiconductor
2026-07-07,Joseph M Otting,Flagstar Financial,9,12,4,25,16.0,,Joseph M Otting Flagstar Financial
2026-07-07,Gerry P Smith,ODP Business Solutions,2,8,1,11,9.1,,Gerry P Smith ODP Business Solutions
2026-07-07,Devin Stockfish,Weyerhaeuser,6,19,0,25,0.0,,Devin Stockfish Weyerhaeuser
2026-07-07,Thomas J McInerney,Genworth Financial,2,8,1,11,9.1,,Thomas J McInerney Genworth Financial
2026-07-07,Daniel Heaf,Bath & Body Works,8,15,2,25,8.0,,Daniel Heaf Bath & Body Works
2026-07-07,Linda Rendle,Clorox,2,20,3,25,12.0,,Linda Rendle Clorox
2026-07-07,Frank C Sullivan,RPM International,6,17,2,25,8.0,,Frank C Sullivan RPM International
2026-07-07,Matthew Missad,UFP Industries,6,6,1,13,7.7,,Matthew Missad UFP Industries
2026-07-07,Martin J Lyons,Ameren,2,7,1,10,10.0,,Martin J Lyons Ameren
2026-07-07,Adam W Miller,Knight Swift Transportation,3,10,3,16,18.8,,Adam W Miller Knight Swift Transportation
2026-07-07,Charles Liang,Super Micro Computer,11,10,4,25,16.0,,Charles Liang Super Micro Computer
2026-07-07,Gordon J Hardie,O-I Glass,0,3,1,4,25.0,,Gordon J Hardie O-I Glass
2026-07-07,Steve Henry,Domtar,1,8,0,9,0.0,,Steve Henry Domtar
2026-07-07,Chuck Treadway,CommScope,5,15,1,21,4.8,,Chuck Treadway CommScope
2026-07-07,Steven J Moskowitz,Crown Castle,2,8,2,12,16.7,,Steven J Moskowitz Crown Castle
2026-07-07,Emmanuel Ligner,Avantor,0,12,2,14,14.3,,Emmanuel Ligner Avantor
2026-07-07,Kaz Nejatian,Opendoor Technologies,6,13,6,25,24.0,,Kaz Nejatian Opendoor Technologies
2026-07-07,Russell Becker,APi Group,5,16,4,25,16.0,,Russell Becker APi Group
2026-07-07,Toby Rice,EQT,17,3,5,25,20.0,,Toby Rice EQT
2026-07-07,Jesse Arenivas,EnLink Midstream,3,9,0,12,0.0,,Jesse Arenivas EnLink Midstream
2026-07-07,Steven Bandrowczak,Xerox,5,18,2,25,8.0,,Steven Bandrowczak Xerox
2026-07-07,Vicente Reynal,Ingersoll Rand,5,18,2,25,8.0,,Vicente Reynal Ingersoll Rand
2026-07-07,William T Dillard II,Dillards,12,11,2,25,8.0,,William T Dillard II Dillards
2026-07-07,C Howard Nye,Martin Marietta Materials,5,3,2,10,20.0,,C Howard Nye Martin Marietta Materials
2026-07-07,Stephane Bancel,Moderna,5,13,7,25,28.0,,Stephane Bancel Moderna
2026-07-07,Nate R Jorgensen,Boise Cascade,0,0,0,0,0.0,,Nate R Jorgensen Boise Cascade
2026-07-07,Padraig McDonnell,Agilent Technologies,8,17,0,25,0.0,,Padraig McDonnell Agilent Technologies
2026-07-07,Kenneth T Lane,Olin Corporation,1,6,4,11,36.4,,Kenneth T Lane Olin Corporation
2026-07-07,Randall C Stuewe,Darling Ingredients,21,1,0,22,0.0,,Randall C Stuewe Darling Ingredients
2026-07-07,R Howard Coker,Sonoco Products,5,10,0,15,0.0,,R Howard Coker Sonoco Products
2026-07-07,Lee M Tillman,Marathon Oil,5,10,1,16,6.2,,Lee M Tillman Marathon Oil
2026-07-07,Mark Hoplamazian,Hyatt Hotels,9,14,2,25,8.0,,Mark Hoplamazian Hyatt Hotels
2026-07-07,David S Chernow,Select Medical Holdings,0,10,0,10,0.0,,David S Chernow Select Medical Holdings
2026-07-07,Brendan M Foley,McCormick & Company,7,16,2,25,8.0,,Brendan M Foley McCormick & Company
2026-07-07,Joanne Crevoiserat,Tapestry,11,14,0,25,0.0,,Joanne Crevoiserat Tapestry
2026-07-07,W Anthony Will,CF Industries,2,18,5,25,20.0,,W Anthony Will CF Industries
2026-07-07,David A Zapico,Ametek,3,20,1,24,4.2,,David A Zapico Ametek
2026-07-07,Craig Billings,Wynn Resorts,11,12,2,25,8.0,,Craig Billings Wynn Resorts
2026-07-07,Giel Rutten,Amkor Technology,4,20,1,25,4.0,,Giel Rutten Amkor Technology
2026-07-07,Paul Sarvadi,Insperity,10,13,2,25,8.0,,Paul Sarvadi Insperity
2026-07-07,Rob Sharps,T Rowe Price,8,11,6,25,24.0,,Rob Sharps T Rowe Price
2026-07-07,Patrice Louvet,Ralph Lauren,10,14,1,25,4.0,,Patrice Louvet Ralph Lauren
2026-07-07,Jeffrey Mezger,KB Home,2,16,7,25,28.0,,Jeffrey Mezger KB Home
2026-07-07,David M Foulkes,Brunswick Corporation,5,13,0,18,0.0,,David M Foulkes Brunswick Corporation
2026-07-07,M Keith Waddell,Robert Half,13,12,0,25,0.0,,M Keith Waddell Robert Half
2026-07-07,Jay Snowden,PENN Entertainment,15,5,5,25,20.0,,Jay Snowden PENN Entertainment
2026-07-07,George Kurian,NetApp,9,15,1,25,4.0,,George Kurian NetApp
2026-07-07,Joseph Morrissey,Organon,2,3,4,9,44.4,,Joseph Morrissey Organon
2026-07-07,Joel D Anderson,Petco Health and Wellness,4,13,0,17,0.0,,Joel D Anderson Petco Health and Wellness
2026-07-07,Louis V Pinkham,Regal Rexnord,0,9,1,10,10.0,,Louis V Pinkham Regal Rexnord
2026-07-07,Jay Geldmacher,Resideo Technologies,9,9,1,19,5.3,,Jay Geldmacher Resideo Technologies
2026-07-07,Matthew Wagner,Camping World,5,18,2,25,8.0,,Matthew Wagner Camping World
2026-07-07,Peter R Huntsman,Huntsman Corporation,3,18,4,25,16.0,,Peter R Huntsman Huntsman Corporation
2026-07-07,Hillary Super,Victorias Secret,13,10,2,25,8.0,,Hillary Super Victorias Secret
2026-07-07,Michelle Gass,Levi Strauss,9,14,2,25,8.0,,Michelle Gass Levi Strauss
2026-07-07,Neil Hunn,Roper Technologies,4,21,0,25,0.0,,Neil Hunn Roper Technologies
2026-07-07,Steven P Lawrence,Academy Sports and Outdoors,2,2,1,5,20.0,,Steven P Lawrence Academy Sports and Outdoors
2026-07-07,Phillippe Lord,Meritage Homes,7,15,3,25,12.0,,Phillippe Lord Meritage Homes
2026-07-07,David C Dauch,American Axle & Manufacturing,5,20,0,25,0.0,,David C Dauch American Axle & Manufacturing
2026-07-07,Olumide Soroye,Fortive,4,18,2,24,8.3,,Olumide Soroye Fortive
2026-07-07,Adena Friedman,Nasdaq Inc,8,14,3,25,12.0,,Adena Friedman Nasdaq Inc
2026-07-07,Tim Gokey,Broadridge Financial Solutions,3,22,0,25,0.0,,Tim Gokey Broadridge Financial Solutions
2026-07-07,Patrick M Shanahan,Spirit AeroSystems,1,13,2,16,12.5,,Patrick M Shanahan Spirit AeroSystems
2026-07-07,Robert Kyncl,Warner Music Group,13,11,1,25,4.0,,Robert Kyncl Warner Music Group
2026-07-07,Denise Dignam,Chemours,5,15,5,25,20.0,,Denise Dignam Chemours
2026-07-07,Jim DeVries,ADT Inc,4,9,2,15,13.3,,Jim DeVries ADT Inc
2026-07-07,Bernard Zovighian,Edwards Lifesciences,6,13,3,22,13.6,,Bernard Zovighian Edwards Lifesciences
2026-07-07,Mark E Seaton,First American Financial,2,15,2,19,10.5,,Mark E Seaton First American Financial
2026-07-07,John C Roche,Hanover Insurance Group,6,14,3,23,13.0,,John C Roche Hanover Insurance Group
2026-07-07,Adam J Greenlee,Silgan,0,4,1,5,20.0,,Adam J Greenlee Silgan
2026-07-07,Ari Emanuel,WME Group,6,17,2,25,8.0,,Ari Emanuel WME Group
2026-07-07,Robert Fauber,Moodys Corporation,4,17,4,25,16.0,,Robert Fauber Moodys Corporation
2026-07-07,Thomas E Jorden,Coterra Energy,16,2,0,18,0.0,,Thomas E Jorden Coterra Energy
2026-07-07,Eugene A Hall,Gartner,1,23,1,25,4.0,,Eugene A Hall Gartner
2026-07-07,Kevin Plank,Under Armour,2,19,4,25,16.0,,Kevin Plank Under Armour
2026-07-07,James W Lanning,Ingles Markets,4,12,2,18,11.1,,James W Lanning Ingles Markets
2026-07-07,Matthew T Farrell,Church & Dwight,13,10,2,25,8.0,,Matthew T Farrell Church & Dwight
2026-07-07,Kevin M Freeman,Old Dominion Freight Line,1,6,0,7,0.0,,Kevin M Freeman Old Dominion Freight Line
2026-07-07,Joe Shoen,U-Haul,7,13,5,25,20.0,,Joe Shoen U-Haul
2026-07-07,Jayshree Ullal,Arista Networks,13,12,0,25,0.0,,Jayshree Ullal Arista Networks
2026-07-07,Sassine Ghazi,Synopsys,4,16,5,25,20.0,,Sassine Ghazi Synopsys
2026-07-07,Jochen Zeitz,Harley-Davidson,2,21,2,25,8.0,,Jochen Zeitz Harley-Davidson
2026-07-07,Nick Jeffery,Frontier Communications,3,21,1,25,4.0,,Nick Jeffery Frontier Communications
2026-07-07,Thomas Edward McCormick,Primoris Services,1,5,0,6,0.0,,Thomas Edward McCormick Primoris Services
2026-07-07,D Christian Koch,Carlisle Companies,2,12,4,18,22.2,,D Christian Koch Carlisle Companies
2026-07-07,David E Simon,Simon Property Group,2,19,4,25,16.0,,David E Simon Simon Property Group
2026-07-07,Stephen Bratspies,Hanesbrands,6,18,1,25,4.0,,Stephen Bratspies Hanesbrands
2026-07-07,George Bobb III,Teledyne Technologies,1,5,1,7,14.3,,George Bobb III Teledyne Technologies
2026-07-07,Terrence A Duffy,CME Group,4,20,1,25,4.0,,Terrence A Duffy CME Group
2026-07-07,Rami Rahim,Juniper Networks,6,18,1,25,4.0,,Rami Rahim Juniper Networks
2026-07-07,Markus Strobel,Coty,4,18,3,25,12.0,,Markus Strobel Coty
2026-07-07,Peter D Arvan,Pool Corporation,3,17,5,25,20.0,,Peter D Arvan Pool Corporation
2026-07-07,David Campbell,Evergy,13,10,0,23,0.0,,David Campbell Evergy
2026-07-07,Matthew J Murphy,Marvell Technology,5,15,3,23,13.0,,Matthew J Murphy Marvell Technology
2026-07-07,Lloyd Yates,NiSource,11,12,2,25,8.0,,Lloyd Yates NiSource
2026-07-07,William C Stone,SS&C Technologies,8,16,1,25,4.0,,William C Stone SS&C Technologies
2026-07-07,Mark Rourke,Schneider National,9,16,0,25,0.0,,Mark Rourke Schneider National
2026-07-07,Andrew Anagnost,Autodesk,13,9,3,25,12.0,,Andrew Anagnost Autodesk
2026-07-07,Dustin Semach,Sealed Air Corporation,5,20,0,25,0.0,,Dustin Semach Sealed Air Corporation
2026-07-07,William L Meaney,Iron Mountain,7,13,3,23,13.0,,William L Meaney Iron Mountain
2026-07-07,Andy P Power,Digital Realty Trust,6,6,1,13,7.7,,Andy P Power Digital Realty Trust
2026-07-07,Satish Dhanasekaran,Keysight Technologies,6,11,2,19,10.5,,Satish Dhanasekaran Keysight Technologies
2026-07-07,Frank M Svoboda,Globe Life,4,3,4,11,36.4,,Frank M Svoboda Globe Life
2026-07-07,Carey A Smith,Parsons Corporation,8,14,3,25,12.0,,Carey A Smith Parsons Corporation
2026-07-07,Ynon Kreiz,Mattel,8,13,4,25,16.0,,Ynon Kreiz Mattel
2026-07-07,Karen S Haller,Southwest Gas Holdings,3,7,0,10,0.0,,Karen S Haller Southwest Gas Holdings
2026-07-07,Terrance Williams,TruStage,2,5,1,8,12.5,,Terrance Williams TruStage
2026-07-07,Eric W Gerstenberg,Clean Harbors,5,2,2,9,22.2,,Eric W Gerstenberg Clean Harbors
2026-07-07,Gunner Smith,Cornerstone Building Brands,4,11,0,15,0.0,,Gunner Smith Cornerstone Building Brands
2026-07-07,Gerben W Bakker,Hubbell Incorporated,1,5,1,7,14.3,,Gerben W Bakker Hubbell Incorporated
2026-07-07,Dave Davis,Spirit Airlines,3,13,9,25,36.0,,Dave Davis Spirit Airlines
2026-07-07,Michael J Smith,Lamb Weston,0,14,7,21,33.3,,Michael J Smith Lamb Weston
2026-07-07,Strauss Zelnick,Take-Two Interactive Software,6,17,2,25,8.0,,Strauss Zelnick Take-Two Interactive Software
2026-07-07,John C Turner Jr,GMS,5,20,0,25,0.0,,John C Turner Jr GMS
2026-07-07,David M O'Malley,Penn Mutual Life Insurance,1,3,1,5,20.0,,David M O'Malley Penn Mutual Life Insurance
2026-07-07,Frank A Lonegro,Landstar System,3,7,2,12,16.7,,Frank A Lonegro Landstar System
2026-07-07,James F Risoleo,Host Hotels & Resorts,5,12,1,18,5.6,,James F Risoleo Host Hotels & Resorts
2026-07-07,Ken Xie,Fortinet,8,14,3,25,12.0,,Ken Xie Fortinet
2026-07-07,Doug Shulman,OneMain,1,8,1,10,10.0,,Doug Shulman OneMain
2026-07-07,Ryan Cohen,GameStop,4,9,12,25,48.0,,Ryan Cohen GameStop
2026-07-07,Mark W Begor,Equifax,4,21,0,25,0.0,,Mark W Begor Equifax
2026-07-07,Jay L Schottenstein,American Eagle Outfitters,9,13,3,25,12.0,,Jay L Schottenstein American Eagle Outfitters
2026-07-07,Ole Rosgaard,Greif,6,16,3,25,12.0,,Ole Rosgaard Greif
2026-07-07,Brian E Lane,Comfort Systems USA,21,2,2,25,8.0,,Brian E Lane Comfort Systems USA
2026-07-07,Robert M Buck,TopBuild,2,7,1,10,10.0,,Robert M Buck TopBuild
2026-07-07,Ralph Andretta,Bread Financial,4,11,0,15,0.0,,Ralph Andretta Bread Financial
2026-07-07,Jim Anderson,Coherent,6,15,4,25,16.0,,Jim Anderson Coherent
2026-07-07,Walter C. D. Carlson,Telephone & Data Systems,1,8,1,10,10.0,,Walter C. D. Carlson Telephone & Data Systems
2026-07-07,Ronald Kruszewski,Stifel Financial,7,16,2,25,8.0,,Ronald Kruszewski Stifel Financial
2026-07-07,Richard Hayne,Urban Outfitters,4,17,4,25,16.0,,Richard Hayne Urban Outfitters
2026-07-07,Simon Meester,Terex,3,20,2,25,8.0,,Simon Meester Terex
2026-07-07,Edward J Lehner,Ryerson Holding,2,2,1,5,20.0,,Edward J Lehner Ryerson Holding
2026-07-07,Nicholas T Pinchuk,Snap-on,4,7,2,13,15.4,,Nicholas T Pinchuk Snap-on
2026-07-07,Ryals McMullian,Flowers Foods,4,19,2,25,8.0,,Ryals McMullian Flowers Foods
2026-07-07,D Bryan Jordan,First Horizon,9,13,3,25,12.0,,D Bryan Jordan First Horizon
2026-07-07,John B Gibson,Paychex,0,11,1,12,8.3,,John B Gibson Paychex
2026-07-07,Chris Cocks,Hasbro,5,13,7,25,28.0,,Chris Cocks Hasbro
2026-07-07,Pete McPartland,Sentry Insurance Group,7,15,0,22,0.0,,Pete McPartland Sentry Insurance Group
2026-07-07,Michael Arougheti,Ares Management,6,13,6,25,24.0,,Michael Arougheti Ares Management
2026-07-07,Alok Maskara,Lennox International,9,5,1,15,6.7,,Alok Maskara Lennox International
2026-07-07,James C Grech,Peabody Energy,4,2,2,8,25.0,,James C Grech Peabody Energy
2026-07-07,C Thomas Evans Jr,Kemper Corporation,2,19,4,25,16.0,,C Thomas Evans Jr Kemper Corporation
2026-07-07,Perry A Sook,Nexstar Media Group,4,12,9,25,36.0,,Perry A Sook Nexstar Media Group
2026-07-07,Daniel Alegre,TelevisaUnivision,2,16,7,25,28.0,,Daniel Alegre TelevisaUnivision
2026-07-07,Scott L Thompson,Tempur Sealy International,3,5,1,9,11.1,,Scott L Thompson Tempur Sealy International
2026-07-07,Mike Simonds,TriNet Group,3,8,1,12,8.3,,Mike Simonds TriNet Group
2026-07-07,B Andrew Rose,Worthington Enterprises,1,7,0,8,0.0,,B Andrew Rose Worthington Enterprises
2026-07-07,Bruce L Caswell,Maximus,4,8,0,12,0.0,,Bruce L Caswell Maximus
2026-07-07,Robert L Reffkin,Compass Group,4,4,2,10,20.0,,Robert L Reffkin Compass Group
2026-07-07,Mark Eubanks,Brinks Company,2,18,5,25,20.0,,Mark Eubanks Brinks Company
2026-07-07,Peter Quigley,Kelly Services Inc,7,18,0,25,0.0,,Peter Quigley Kelly Services Inc
2026-07-07,David L Yowan,Navient,2,4,3,9,33.3,,David L Yowan Navient
2026-07-07,Mary E Kipp,Puget Sound Energy,5,4,1,10,10.0,,Mary E Kipp Puget Sound Energy
2026-07-07,Adam Aron,AMC Entertainment,13,8,4,25,16.0,,Adam Aron AMC Entertainment
2026-07-07,Mark J Tarr,Encompass Health,3,7,2,12,16.7,,Mark J Tarr Encompass Health
2026-07-07,Liam K Griffin,Skyworks Solutions,1,10,0,11,0.0,,Liam K Griffin Skyworks Solutions
2026-07-07,Richard G Kyle,Timken,10,14,1,25,4.0,,Richard G Kyle Timken
2026-07-07,Ron Gusek,Liberty Energy,22,3,0,25,0.0,,Ron Gusek Liberty Energy
2026-07-07,John E Geller Jr,Marriott Vacations Worldwide,3,10,0,13,0.0,,John E Geller Jr Marriott Vacations Worldwide
2026-07-07,Karl G. Glassman,Leggett & Platt,4,7,1,12,8.3,,Karl G. Glassman Leggett & Platt
2026-07-07,Jonathan H Weis,Weis Markets,6,19,0,25,0.0,,Jonathan H Weis Weis Markets
2026-07-07,Jeffrey B Guldner,Pinnacle West Capital,1,7,0,8,0.0,,Jeffrey B Guldner Pinnacle West Capital
2026-07-07,Arkadiy Dobkin,EPAM Systems,11,11,3,25,12.0,,Arkadiy Dobkin EPAM Systems
2026-07-07,Paul M Rady,Antero Resources,7,3,0,10,0.0,,Paul M Rady Antero Resources
2026-07-07,Michael Spanos,Bloomin Brands,5,18,2,25,8.0,,Michael Spanos Bloomin Brands
2026-07-07,Nicole A Kivisto,MDU Resources Group,5,9,0,14,0.0,,Nicole A Kivisto MDU Resources Group
2026-07-07,Gerald L Morgan,Texas Roadhouse,4,16,5,25,20.0,,Gerald L Morgan Texas Roadhouse
2026-07-07,Gabriel Tirador,Mercury General,2,9,0,11,0.0,,Gabriel Tirador Mercury General
2026-07-07,Nicholas I Fink,Fortune Brands Innovations,3,17,5,25,20.0,,Nicholas I Fink Fortune Brands Innovations
2026-07-07,Paul E Burdiss,Zions Bancorp,0,4,0,4,0.0,,Paul E Burdiss Zions Bancorp
2026-07-07,William J Christensen,JELD-WEN Holding,0,10,0,10,0.0,,William J Christensen JELD-WEN Holding
2026-07-07,Evan Spiegel,Snap Inc,5,12,8,25,32.0,,Evan Spiegel Snap Inc
2026-07-07,Bill Burns,Zebra Technologies,4,19,2,25,8.0,,Bill Burns Zebra Technologies
2026-07-07,Steven Sell,Agilon Health,0,7,1,8,12.5,,Steven Sell Agilon Health
2026-07-07,Richard M Olson,Toro Company,2,21,2,25,8.0,,Richard M Olson Toro Company
2026-07-07,Eric S Yuan,Zoom Video Communications,9,14,2,25,8.0,,Eric S Yuan Zoom Video Communications
2026-07-07,Dan L Batrack,Tetra Tech,4,4,0,8,0.0,,Dan L Batrack Tetra Tech
2026-07-07,Joseph D Russell Jr,Public Storage,0,11,1,12,8.3,,Joseph D Russell Jr Public Storage
2026-07-07,Jacob Thaysen,Illumina Inc,7,15,3,25,12.0,,Jacob Thaysen Illumina Inc
2026-07-07,Debra A Cafaro,Ventas Inc,15,9,1,25,4.0,,Debra A Cafaro Ventas Inc
2026-07-07,Pierre R Brondeau,FMC Corporation,1,14,1,16,6.2,,Pierre R Brondeau FMC Corporation
2026-07-07,Judy R McReynolds,ArcBest,3,16,0,19,0.0,,Judy R McReynolds ArcBest
2026-07-07,Russell J Weiner,Dominos Pizza Inc,5,16,4,25,16.0,,Russell J Weiner Dominos Pizza Inc
2026-07-07,Theodore S Hanson,ASGN,2,2,0,4,0.0,,Theodore S Hanson ASGN
2026-07-07,RJ Scaringe,Rivian Automotive,1,15,9,25,36.0,,RJ Scaringe Rivian Automotive
2026-07-07,Jeffrey N Simmons,Elanco Animal Health,14,8,3,25,12.0,,Jeffrey N Simmons Elanco Animal Health
2026-07-07,Tim O Shaughnessy,Graham Holdings Company,4,19,2,25,8.0,,Tim O Shaughnessy Graham Holdings Company
2026-07-07,Thomas V Taylor,Floor & Decor,2,4,2,8,25.0,,Thomas V Taylor Floor & Decor
2026-07-07,Neil A Schrimsher,Applied Industrial Technologies,0,20,1,21,4.8,,Neil A Schrimsher Applied Industrial Technologies
2026-07-07,Robert E Price,PriceSmart,0,12,1,13,7.7,,Robert E Price PriceSmart
2026-07-07,John David Risher,Lyft,4,18,3,25,12.0,,John David Risher Lyft
2026-07-07,Gary B Smith,Ciena,12,12,1,25,4.0,,Gary B Smith Ciena
2026-07-07,Barry Diller,IAC inc,6,14,5,25,20.0,,Barry Diller IAC inc
2026-07-07,Jim Jacobs,Country Financial,6,16,3,25,12.0,,Jim Jacobs Country Financial
2026-07-07,Devin B McGranahan,Western Union,4,14,1,19,5.3,,Devin B McGranahan Western Union
2026-07-07,R Scott Rowe,Flowserve,3,8,1,12,8.3,,R Scott Rowe Flowserve
2026-07-07,Kenneth A Vecchione,Western Alliance Bancorp,9,15,1,25,4.0,,Kenneth A Vecchione Western Alliance Bancorp
2026-07-07,John C Rademacher,Option Care Health,15,1,0,16,0.0,,John C Rademacher Option Care Health
2026-07-07,Doug Black,SiteOne Landscape Supply,2,23,0,25,0.0,,Doug Black SiteOne Landscape Supply
2026-07-07,Oliver G Brewer III,Topgolf Callaway Brands,0,2,0,2,0.0,,Oliver G Brewer III Topgolf Callaway Brands
2026-07-07,Glenn Sanford,eXp World,6,13,6,25,24.0,,Glenn Sanford eXp World
2026-07-07,Fran Horowitz,Abercrombie & Fitch,11,11,3,25,12.0,,Fran Horowitz Abercrombie & Fitch
2026-07-07,Kevin Akers,Atmos Energy,18,1,0,19,0.0,,Kevin Akers Atmos Energy
2026-07-07,Alessandro Maselli,Catalent,2,21,2,25,8.0,,Alessandro Maselli Catalent
2026-07-07,J Powell Brown,Brown & Brown,4,16,5,25,20.0,,J Powell Brown Brown & Brown
2026-07-07,Aman Bhutani,GoDaddy,8,15,2,25,8.0,,Aman Bhutani GoDaddy
2026-07-07,John C. Griffith,American Water Works,5,19,1,25,4.0,,John C. Griffith American Water Works
2026-07-07,John J Marchioni,Selective Insurance Group,2,11,0,13,0.0,,John J Marchioni Selective Insurance Group
2026-07-07,Lawson E Whiting,Brown-Forman,4,21,0,25,0.0,,Lawson E Whiting Brown-Forman
2026-07-07,Dave Peacock,Advantage Solutions,21,4,0,25,0.0,,Dave Peacock Advantage Solutions
2026-07-07,Mick Farrell,ResMed,7,17,1,25,4.0,,Mick Farrell ResMed
2026-07-07,Kamal Hathi,Splunk Inc,10,12,3,25,12.0,,Kamal Hathi Splunk Inc
2026-07-07,Todd Kelsey,Plexus Corp,4,7,1,12,8.3,,Todd Kelsey Plexus Corp
2026-07-07,Phillip D Yeager,Hub Group,3,5,2,10,20.0,,Phillip D Yeager Hub Group
2026-07-07,Steven B Hedlund,Lincoln Electric,4,20,1,25,4.0,,Steven B Hedlund Lincoln Electric
2026-07-07,Timothy C Oliver,NCR Atleos,2,3,0,5,0.0,,Timothy C Oliver NCR Atleos
2026-07-07,Bruce Fleming,Calumet Inc,4,5,1,10,10.0,,Bruce Fleming Calumet Inc
2026-07-07,Daniel S. Peyovich,Dycom Industries,0,5,1,6,16.7,,Daniel S. Peyovich Dycom Industries
2026-07-07,Avner M Applbaum,Valmont Industries,0,9,1,10,10.0,,Avner M Applbaum Valmont Industries
2026-07-07,Kimberly A Fields,ATI Inc,8,17,0,25,0.0,,Kimberly A Fields ATI Inc
2026-07-07,Khozema Z Shipchandler,Twilio,0,8,2,10,20.0,,Khozema Z Shipchandler Twilio
2026-07-07,Gary C Bhojwani,CNO Financial Group,1,7,0,8,0.0,,Gary C Bhojwani CNO Financial Group
2026-07-07,William Andrew Hendricks Jr,Patterson-UTI Energy,6,3,1,10,10.0,,William Andrew Hendricks Jr Patterson-UTI Energy
2026-07-07,Kevin D Hochman,Brinker International,7,10,2,19,10.5,,Kevin D Hochman Brinker International
2026-07-07,James C Foster,Charles River Laboratories International,2,22,1,25,4.0,,James C Foster Charles River Laboratories International
2026-07-07,Rajiv K Prasad,Hyster-Yale,0,6,0,6,0.0,,Rajiv K Prasad Hyster-Yale
2026-07-07,Eric T Steigerwalt,Brighthouse Financial,4,6,2,12,16.7,,Eric T Steigerwalt Brighthouse Financial
2026-07-07,Thomas L Ryan,Service Corp International,9,12,2,23,8.7,,Thomas L Ryan Service Corp International
2026-07-07,Charles M Nifong Jr,CrossAmerica Partners,1,1,0,2,0.0,,Charles M Nifong Jr CrossAmerica Partners
2026-07-07,Anirudh Devgan,Cadence,6,17,2,25,8.0,,Anirudh Devgan Cadence
2026-07-07,Andi Owen,MillerKnoll,3,15,7,25,28.0,,Andi Owen MillerKnoll
2026-07-07,Sumit Roy,Realty Income,9,15,1,25,4.0,,Sumit Roy Realty Income
2026-07-07,Timothy John Fitzgerald,Middleby,1,5,1,7,14.3,,Timothy John Fitzgerald Middleby
2026-07-07,Robert H Schottenstein,M/I Homes,3,21,1,25,4.0,,Robert H Schottenstein M/I Homes
2026-07-07,Stephen P MacMillan,Hologic,3,8,1,12,8.3,,Stephen P MacMillan Hologic
2026-07-07,Lisa M Barton,Alliant Energy,7,1,1,9,11.1,,Lisa M Barton Alliant Energy
2026-07-07,Aaron P Jagdfeld,Generac,2,9,2,13,15.4,,Aaron P Jagdfeld Generac
2026-07-07,Erik Gershwind,MSC Industrial Direct,7,13,5,25,20.0,,Erik Gershwind MSC Industrial Direct
2026-07-07,Varun Krishna,Rocket Companies,9,14,2,25,8.0,,Varun Krishna Rocket Companies
2026-07-07,Fahmi Karam,Upbound Group,4,6,0,10,0.0,,Fahmi Karam Upbound Group
2026-07-07,NADominic Ng,East West Bancorp,0,0,0,0,0.0,,NADominic Ng East West Bancorp
2026-07-07,Jason Potter,Grocery Outlet Holding,5,19,1,25,4.0,,Jason Potter Grocery Outlet Holding
2026-07-07,Simon D Campion,Dentsply Sirona,1,13,0,14,0.0,,Simon D Campion Dentsply Sirona
2026-07-07,Jeremy Wensinger,V2X,2,8,1,11,9.1,,Jeremy Wensinger V2X
2026-07-07,Andrew Rees,Crocs,10,11,4,25,16.0,,Andrew Rees Crocs
2026-07-07,David M Maura,Spectrum Brands,7,9,2,18,11.1,,David M Maura Spectrum Brands
2026-07-07,Sachin S Lawande,Visteon,7,14,4,25,16.0,,Sachin S Lawande Visteon
2026-07-07,Neil M Ashe,Acuity Inc,2,7,1,10,10.0,,Neil M Ashe Acuity Inc
2026-07-07,Lorie L Tekorius,The Greenbrier Companies,8,16,1,25,4.0,,Lorie L Tekorius The Greenbrier Companies
2026-07-07,John R Ciulla,Webster Financial,5,20,0,25,0.0,,John R Ciulla Webster Financial
2026-07-07,Sean D Keohane,Cabot Corporation,3,4,3,10,30.0,,Sean D Keohane Cabot Corporation
2026-07-07,Drew M Wilkerson,RXO Inc,5,3,0,8,0.0,,Drew M Wilkerson RXO Inc
2026-07-07,Daniel E Brown,Chord Energy,3,0,0,3,0.0,,Daniel E Brown Chord Energy
2026-07-07,Javier D Ferrer Fernandez,Popular Inc,1,3,0,4,0.0,,Javier D Ferrer Fernandez Popular Inc
2026-07-07,Olivier Rabiller,Garrett Motion Inc,4,12,1,17,5.9,,Olivier Rabiller Garrett Motion Inc
2026-07-07,Ronald N Tutor,Tutor Perini Corporation,3,9,3,15,20.0,,Ronald N Tutor Tutor Perini Corporation
2026-07-07,Jeff Liaw,Copart,6,18,1,25,4.0,,Jeff Liaw Copart
2026-07-07,Aman Narang,Toast Inc,6,18,1,25,4.0,,Aman Narang Toast Inc
2026-07-07,Joseph M Hogan,Align Technology,6,16,3,25,12.0,,Joseph M Hogan Align Technology
2026-07-07,Kevin J Wheeler,A O Smith,4,21,0,25,0.0,,Kevin J Wheeler A O Smith
2026-07-07,Christopher A Cartwright,TransUnion,6,14,0,20,0.0,,Christopher A Cartwright TransUnion
2026-07-07,James Kelly,NCR Voyix,2,11,0,13,0.0,,James Kelly NCR Voyix
2026-07-07,Tom Leighton,Akamai Technologies,12,12,1,25,4.0,,Tom Leighton Akamai Technologies
2026-07-07,Robert G Painter,Trimble Inc,4,6,0,10,0.0,,Robert G Painter Trimble Inc
2026-07-07,Tony Helton,Medical Mutual of Ohio,1,4,0,5,0.0,,Tony Helton Medical Mutual of Ohio
2026-07-07,Caroline S Grace,AMN Healthcare Services,0,1,1,2,50.0,,Caroline S Grace AMN Healthcare Services
2026-07-07,Patrick Kaltenbach,Mettler-Toledo International,2,5,1,8,12.5,,Patrick Kaltenbach Mettler-Toledo International
2026-07-07,Michael L Baur,ScanSource,0,4,2,6,33.3,,Michael L Baur ScanSource
2026-07-07,Jason Lippert,LCI Industries,4,20,1,25,4.0,,Jason Lippert LCI Industries
2026-07-07,Fredric J Tomczyk,Cboe Global Markets,1,11,2,14,14.3,,Fredric J Tomczyk Cboe Global Markets
2026-07-07,Octavio Marquez,Diebold Nixdorf,8,15,0,23,0.0,,Octavio Marquez Diebold Nixdorf
2026-07-07,Sivasankaran Somasundaram,ChampionX,6,4,0,10,0.0,,Sivasankaran Somasundaram ChampionX
2026-07-07,Ronald F Clarke,Corpay,1,9,3,13,23.1,,Ronald F Clarke Corpay
2026-07-07,Robert W Pittman,iHeartMedia,7,10,2,19,10.5,,Robert W Pittman iHeartMedia
2026-07-07,Patrick Zalupski,Dream Finders Homes,20,3,2,25,8.0,,Patrick Zalupski Dream Finders Homes
2026-07-07,Keith E Smith,Boyd Gaming,3,14,1,18,5.6,,Keith E Smith Boyd Gaming
2026-07-07,Mehran Assadi,NLV Financial,0,3,0,3,0.0,,Mehran Assadi NLV Financial
2026-07-07,Barry R Port,Ensign Group,3,7,3,13,23.1,,Barry R Port Ensign Group
2026-07-07,Denise A Paulonis,Sally Beauty,17,1,0,18,0.0,,Denise A Paulonis Sally Beauty
2026-07-07,Harsha V Agadi,Conduent,0,7,0,7,0.0,,Harsha V Agadi Conduent
2026-07-07,Jean-Michel Ribieras,Sylvamo,2,8,0,10,0.0,,Jean-Michel Ribieras Sylvamo
2026-07-07,Douglas F Bauer,Tri Pointe Homes,0,11,0,11,0.0,,Douglas F Bauer Tri Pointe Homes
2026-07-07,Shawn O'Connell,EnerSys,2,7,0,9,0.0,,Shawn O'Connell EnerSys
2026-07-07,Bill Meury,Incyte,5,16,4,25,16.0,,Bill Meury Incyte
2026-07-07,Dale Francescon,Century Communities,8,15,2,25,8.0,,Dale Francescon Century Communities
2026-07-07,Michael Nierenberg,Rithm Capital,4,20,1,25,4.0,,Michael Nierenberg Rithm Capital
2026-07-07,Michael J Brown,Euronet Worldwide,4,6,1,11,9.1,,Michael J Brown Euronet Worldwide
2026-07-07,Scott Seu,Hawaiian Electric Industries,5,15,5,25,20.0,,Scott Seu Hawaiian Electric Industries
2026-07-07,Jason D Robins,DraftKings,6,12,7,25,28.0,,Jason D Robins DraftKings
2026-07-07,Jonathan J Mazelsky,IDEXX Laboratories,2,6,3,11,27.3,,Jonathan J Mazelsky IDEXX Laboratories
2026-07-07,Richard S Swartz,MYR Group,0,1,0,1,0.0,,Richard S Swartz MYR Group
2026-07-07,Stefano Caroti,Deckers Outdoor,10,13,2,25,8.0,,Stefano Caroti Deckers Outdoor
2026-07-07,Jake Leach,DexCom,5,17,3,25,12.0,,Jake Leach DexCom
2026-07-07,John T C Lee,MKS Instruments,9,16,0,25,0.0,,John T C Lee MKS Instruments
2026-07-07,Edward B Pitoniak,VICI Properties,1,6,2,9,22.2,,Edward B Pitoniak VICI Properties
2026-07-07,Albert White III,Cooper Cos,5,14,6,25,24.0,,Albert White III Cooper Cos
2026-07-07,James Dempsey,Frontier Airlines,3,19,3,25,12.0,,James Dempsey Frontier Airlines
2026-07-07,Robert A Bruggeworth,Qorvo,3,6,2,11,18.2,,Robert A Bruggeworth Qorvo
2026-07-07,Winnie Park,Five Below,9,15,1,25,4.0,,Winnie Park Five Below
2026-07-07,Steven Oakland,TreeHouse Foods,9,15,1,25,4.0,,Steven Oakland TreeHouse Foods
2026-07-07,James S Hagedorn,Scotts Miracle-Gro,7,2,1,10,10.0,,James S Hagedorn Scotts Miracle-Gro
2026-07-07,Michael Cannon-Brookes,Atlassian,6,11,8,25,32.0,,Michael Cannon-Brookes Atlassian
2026-07-07,Bertrand Loy,Entegris,3,18,2,23,8.7,,Bertrand Loy Entegris
2026-07-07,William E Waltz,Atkore,2,4,1,7,14.3,,William E Waltz Atkore
2026-07-07,Celeste B Mastin,HB Fuller,2,9,2,13,15.4,,Celeste B Mastin HB Fuller
2026-07-07,Kyle T Larkin,Granite Construction,3,12,3,18,16.7,,Kyle T Larkin Granite Construction
2026-07-07,Michael J Happe,Winnebago Industries,4,5,1,10,10.0,,Michael J Happe Winnebago Industries
2026-07-07,Steven H Gunby,FTI Consulting,6,6,1,13,7.7,,Steven H Gunby FTI Consulting
2026-07-07,Stephan B Tanda,AptarGroup,1,8,2,11,18.2,,Stephan B Tanda AptarGroup
2026-07-07,Timothy P Boyle,Columbia Sportswear,3,11,4,18,22.2,,Timothy P Boyle Columbia Sportswear
2026-07-07,Anthony J Wood,Roku,10,14,1,25,4.0,,Anthony J Wood Roku
2026-07-07,M Christopher Doyle,Civitas Resources,0,1,0,1,0.0,,M Christopher Doyle Civitas Resources
2026-07-07,Andy Eidson,Alpha Metallurgical Resources,2,3,5,10,50.0,,Andy Eidson Alpha Metallurgical Resources
2026-07-07,Andy L Nemeth,Patrick Industries,2,7,1,10,10.0,,Andy L Nemeth Patrick Industries
2026-07-07,Roger W Jenkins,Murphy Oil,7,12,6,25,24.0,,Roger W Jenkins Murphy Oil
2026-07-07,Kevin S Blair,Synovus Financial,2,6,0,8,0.0,,Kevin S Blair Synovus Financial
2026-07-07,Julie Felss Masino,Cracker Barrel Old Country Store,5,12,8,25,32.0,,Julie Felss Masino Cracker Barrel Old Country Store
2026-07-07,David M Overton,Cheesecake Factory,9,13,3,25,12.0,,David M Overton Cheesecake Factory
2026-07-07,Nick DeIuliis,CNX Resources,14,9,0,23,0.0,,Nick DeIuliis CNX Resources
2026-07-07,Christopher Pappas,Chefs Warehouse,3,12,2,17,11.8,,Christopher Pappas Chefs Warehouse
2026-07-07,Tod Carpenter,Donaldson Company,3,15,3,21,14.3,,Tod Carpenter Donaldson Company
2026-07-07,Gregory L Christopher,Mueller Industries,3,15,1,19,5.3,,Gregory L Christopher Mueller Industries
2026-07-07,Rob Saltiel,MRC Global,1,7,2,10,20.0,,Rob Saltiel MRC Global
2026-07-07,Jillian C Evanko,Chart Industries,0,8,1,9,11.1,,Jillian C Evanko Chart Industries
2026-07-07,Dave Guilmette,Alight Solutions,4,9,1,14,7.1,,Dave Guilmette Alight Solutions
2026-07-07,Joel Smejkal,Vishay Intertechnology,3,10,0,13,0.0,,Joel Smejkal Vishay Intertechnology
2026-07-07,Dennis Degner,Range Resources,9,10,0,19,0.0,,Dennis Degner Range Resources
2026-07-07,Ira D Robbins,Valley National Bancorp,4,9,4,17,23.5,,Ira D Robbins Valley National Bancorp
2026-07-07,Bernard Kim,Match Group,3,17,5,25,20.0,,Bernard Kim Match Group
2026-07-07,Vincent Pilette,Gen Digital,5,10,3,18,16.7,,Vincent Pilette Gen Digital
2026-07-07,Timothy S Crane,Wintrust Financial,1,7,2,10,20.0,,Timothy S Crane Wintrust Financial
2026-07-07,Pat Roche,Moog Inc,4,18,2,24,8.3,,Pat Roche Moog Inc
2026-07-07,Mark R Widmar,First Solar,12,7,6,25,24.0,,Mark R Widmar First Solar
2026-07-07,Niko Lahanas,Central Garden & Pet,1,9,0,10,0.0,,Niko Lahanas Central Garden & Pet
2026-07-07,Chris Osowski,Green Plains Inc,6,7,1,14,7.1,,Chris Osowski Green Plains Inc
2026-07-07,Derek J Leathers,Werner Enterprises,2,9,1,12,8.3,,Derek J Leathers Werner Enterprises
2026-07-07,Adam Foroughi,AppLovin,3,17,5,25,20.0,,Adam Foroughi AppLovin
2026-07-07,Luca Savi,ITT,3,7,0,10,0.0,,Luca Savi ITT
2026-07-07,Lawrence H Silber,Herc Rentals,0,1,1,2,50.0,,Lawrence H Silber Herc Rentals
2026-07-07,Hilton H Howell Jr,Gray Television,5,19,1,25,4.0,,Hilton H Howell Jr Gray Television
2026-07-07,Eric D Ashleman,IDEX,0,10,0,10,0.0,,Eric D Ashleman IDEX
2026-07-07,Owen D Thomas,Boston Properties,1,18,1,20,5.0,,Owen D Thomas Boston Properties
2026-07-07,Kurt Wolf,Pitney Bowes,8,17,0,25,0.0,,Kurt Wolf Pitney Bowes
2026-07-07,Jeff Lorenger,Steelcase,4,8,1,13,7.7,,Jeff Lorenger Steelcase
2026-07-07,Charles D. Young,Sun Communities,1,10,0,11,0.0,,Charles D. Young Sun Communities
2026-07-07,Suzanne Foster,AdaptHealth,4,16,2,22,9.1,,Suzanne Foster AdaptHealth
2026-07-07,Grant E Sims,Genesis Energy,6,2,0,8,0.0,,Grant E Sims Genesis Energy
2026-07-07,Laura Prieskorn,Jackson Financial,4,12,1,17,5.9,,Laura Prieskorn Jackson Financial
2026-07-07,Rick L Wessel,FirstCash,1,8,1,10,10.0,,Rick L Wessel FirstCash
2026-07-07,Sherman Miller,Cal-Maine Foods,4,19,2,25,8.0,,Sherman Miller Cal-Maine Foods
2026-07-07,Paul A Lang,Arch Resources,13,12,0,25,0.0,,Paul A Lang Arch Resources
2026-07-07,Ashish K Khandpur,Avient,2,6,0,8,0.0,,Ashish K Khandpur Avient
2026-07-07,Shyam K Reddy,BlueLinx,1,4,0,5,0.0,,Shyam K Reddy BlueLinx
2026-07-07,Christopher S Ripley,Sinclair,7,11,7,25,28.0,,Christopher S Ripley Sinclair
2026-07-07,Stacy Kymes,BOK Financial,11,14,0,25,0.0,,Stacy Kymes BOK Financial
2026-07-07,James H Walter,Permian Resources,4,11,0,15,0.0,,James H Walter Permian Resources
2026-07-07,Jason Murray,PACS Group,13,8,3,24,12.5,,Jason Murray PACS Group
2026-07-07,Brian Armstrong,Coinbase Global,5,11,9,25,36.0,,Brian Armstrong Coinbase Global
2026-07-07,Oscar K Brown,Western Midstream Partners,3,19,3,25,12.0,,Oscar K Brown Western Midstream Partners
2026-07-07,Nicholas R Lower,Federated Mutual Insurance,1,1,3,5,60.0,,Nicholas R Lower Federated Mutual Insurance
2026-07-07,Morris Goldfarb,G-III Apparel Group,4,17,4,25,16.0,,Morris Goldfarb G-III Apparel Group
2026-07-07,Mark D Morelli,Vontier,1,6,0,7,0.0,,Mark D Morelli Vontier
2026-07-07,Matthew J Cox,Matson Inc,6,13,3,22,13.6,,Matthew J Cox Matson Inc
2026-07-07,David W Grzebinski,Kirby Corporation,2,6,2,10,20.0,,David W Grzebinski Kirby Corporation
2026-07-07,Keith A Harvey,Kaiser Aluminum,2,6,2,10,20.0,,Keith A Harvey Kaiser Aluminum
2026-07-07,Eric Nyman,Vista Outdoor,2,17,2,21,9.5,,Eric Nyman Vista Outdoor
2026-07-07,Doug Howe,Designer Brands Inc,6,17,2,25,8.0,,Doug Howe Designer Brands Inc
2026-07-07,Jerry E Gahlhoff Jr,Rollins Inc,0,2,2,4,50.0,,Jerry E Gahlhoff Jr Rollins Inc
2026-07-07,D Scott Barbour,Advanced Drainage Systems,6,4,0,10,0.0,,D Scott Barbour Advanced Drainage Systems
2026-07-07,Sean Gamble,Cinemark,10,5,10,25,40.0,,Sean Gamble Cinemark
2026-07-07,George Kurtz,CrowdStrike,8,16,1,25,4.0,,George Kurtz CrowdStrike
2026-07-07,Bill Ready,Pinterest,13,8,4,25,16.0,,Bill Ready Pinterest
2026-07-07,Fidji Simo,Instacart,6,15,4,25,16.0,,Fidji Simo Instacart
2026-07-07,Kimberly K Ryan,Hillenbrand,1,9,1,11,9.1,,Kimberly K Ryan Hillenbrand
2026-07-07,David S Graziosi,Allison Transmission,2,19,0,21,0.0,,David S Graziosi Allison Transmission
2026-07-07,Gary G Friedman,Restoration Hardware,3,13,2,18,11.1,,Gary G Friedman Restoration Hardware
2026-07-07,Lucinda M Baier,Brookdale Senior Living,3,7,6,16,37.5,,Lucinda M Baier Brookdale Senior Living
2026-07-07,Brian J Blaser,QuidelOrtho,1,14,1,16,6.2,,Brian J Blaser QuidelOrtho
2026-07-07,E Jean Savage,Trinity Industries,4,17,4,25,16.0,,E Jean Savage Trinity Industries
2026-07-07,Stuart Randle,Teleflex,0,6,2,8,25.0,,Stuart Randle Teleflex
2026-07-07,Laurans A Mendelson,HEICO,8,16,1,25,4.0,,Laurans A Mendelson HEICO
2026-07-07,Frank H Laukien,Bruker,1,9,1,11,9.1,,Frank H Laukien Bruker
2026-07-07,Harvey M Schwartz,Carlyle Group,10,14,1,25,4.0,,Harvey M Schwartz Carlyle Group
2026-07-07,Mark S LaVigne,Energizer Holdings,7,2,0,9,0.0,,Mark S LaVigne Energizer Holdings
2026-07-07,Amar Maletira,Rackspace Technology,4,9,4,17,23.5,,Amar Maletira Rackspace Technology
2026-07-07,Udit Batra,Waters Corporation,6,18,1,25,4.0,,Udit Batra Waters Corporation
2026-07-07,Eric M Green,West Pharmaceutical Services,5,19,1,25,4.0,,Eric M Green West Pharmaceutical Services
2026-07-07,Doug Palladini,Carters Inc,1,16,4,21,19.0,,Doug Palladini Carters Inc
2026-07-07,G Mike Mikan,NeueHealth,2,4,0,6,0.0,,G Mike Mikan NeueHealth
2026-07-07,Russell Chip Childs,SkyWest,0,6,2,8,25.0,,Russell Chip Childs SkyWest
2026-07-07,Debra Osteen,Acadia Healthcare,6,18,1,25,4.0,,Debra Osteen Acadia Healthcare
2026-07-07,Prahlad Singh,Revvity,5,4,1,10,10.0,,Prahlad Singh Revvity
2026-07-07,Maria M Pope,Portland General Electric,6,9,2,17,11.8,,Maria M Pope Portland General Electric
2026-07-07,Charles Chip Blankenship,Woodward Inc,1,5,1,7,14.3,,Charles Chip Blankenship Woodward Inc
2026-07-07,Mike Steib,TEGNA,7,11,7,25,28.0,,Mike Steib TEGNA
2026-07-07,Kurt J Ekert,Sabre Corporation,0,3,0,3,0.0,,Kurt J Ekert Sabre Corporation
2026-07-07,Matt Wilson,Light & Wonder,7,12,6,25,24.0,,Matt Wilson Light & Wonder
2026-07-07,Rob Katz,Vail Resorts,5,10,10,25,40.0,,Rob Katz Vail Resorts
2026-07-07,Marc Hathhorn,Radius Recycling,0,3,1,4,25.0,,Marc Hathhorn Radius Recycling
2026-07-07,David A Spector,PennyMac Financial Services,4,20,1,25,4.0,,David A Spector PennyMac Financial Services
2026-07-07,Frederick J Holzgrefe III,Saia Inc,3,6,1,10,10.0,,Frederick J Holzgrefe III Saia Inc
2026-07-07,Mark J Parrell,Equity Residential,8,7,1,16,6.2,,Mark J Parrell Equity Residential
2026-07-07,John W Lindsay,Helmerich & Payne,5,4,1,10,10.0,,John W Lindsay Helmerich & Payne
2026-07-07,Gary D Burnison,Korn Ferry,12,12,1,25,4.0,,Gary D Burnison Korn Ferry
2026-07-07,Timothy J McGrath,PC Connection Inc,0,3,1,4,25.0,,Timothy J McGrath PC Connection Inc
2026-07-07,Lynn M Bamford,Curtiss-Wright,9,16,0,25,0.0,,Lynn M Bamford Curtiss-Wright
2026-07-07,Jonathan W Witter,Sallie Mae,3,9,0,12,0.0,,Jonathan W Witter Sallie Mae
2026-07-07,Jeff Benck,Benchmark Electronics,0,16,0,16,0.0,,Jeff Benck Benchmark Electronics
2026-07-07,Charles H Giancarlo,Pure Storage,6,12,2,20,10.0,,Charles H Giancarlo Pure Storage
2026-07-07,Brian R Gray,Knife River Corporation,2,5,1,8,12.5,,Brian R Gray Knife River Corporation
2026-07-07,Jay Schmidt,Caleres Inc,3,12,2,17,11.8,,Jay Schmidt Caleres Inc
2026-07-07,Dale Asplund,BrightView Holdings,2,7,1,10,10.0,,Dale Asplund BrightView Holdings
2026-07-07,Jeffrey S Edwards,Cooper-Standard,0,4,0,4,0.0,,Jeffrey S Edwards Cooper-Standard
2026-07-07,Glenn J Williams,Primerica,4,3,2,9,22.2,,Glenn J Williams Primerica
2026-07-07,Francois Locoh-Donou,F5,8,14,3,25,12.0,,Francois Locoh-Donou F5
2026-07-07,Joseph Wm Foran,Matador Resources,13,11,1,25,4.0,,Joseph Wm Foran Matador Resources
2026-07-07,Sridhar Ramaswamy,Snowflake Inc,9,11,5,25,20.0,,Sridhar Ramaswamy Snowflake Inc
2026-07-07,Mark D Dankberg,Viasat,4,9,3,16,18.8,,Mark D Dankberg Viasat
2026-07-07,Francisco J Leon,California Resources,5,8,1,14,7.1,,Francisco J Leon California Resources
2026-07-07,Peter Stern,Peloton Interactive,9,14,2,25,8.0,,Peter Stern Peloton Interactive
2026-07-07,David Baszucki,Roblox,12,10,3,25,12.0,,David Baszucki Roblox
2026-07-07,Jeffrey W Edwards,Installed Building Products,1,4,2,7,28.6,,Jeffrey W Edwards Installed Building Products
2026-07-07,Clark Lauritzen,First National of Nebraska,1,11,0,12,0.0,,Clark Lauritzen First National of Nebraska
2026-07-07,Carlos Alberini,Guess Inc,2,21,2,25,8.0,,Carlos Alberini Guess Inc
2026-07-07,Shyam P Kambeyanda,ESAB,2,10,0,12,0.0,,Shyam P Kambeyanda ESAB
2026-07-07,Edmund Shallcross III,Amica Mutual Insurance,0,10,0,10,0.0,,Edmund Shallcross III Amica Mutual Insurance
2026-07-07,Benjamin W Schall,AvalonBay Communities,7,16,2,25,8.0,,Benjamin W Schall AvalonBay Communities
2026-07-07,Allan C Thygesen,DocuSign,4,7,1,12,8.3,,Allan C Thygesen DocuSign
2026-07-07,Bryan J Knutson,Titan Machinery,1,0,1,2,50.0,,Bryan J Knutson Titan Machinery
2026-07-07,Ara K Hovnanian,Hovnanian Enterprises,6,16,3,25,12.0,,Ara K Hovnanian Hovnanian Enterprises
2026-07-07,Kruti Patel Goyal,Etsy,9,12,4,25,16.0,,Kruti Patel Goyal Etsy
2026-07-07,Kevin Roycraft,Adams Resources & Energy,5,1,0,6,0.0,,Kevin Roycraft Adams Resources & Energy
2026-07-07,J Eric Evans,Surgery Partners,0,1,0,1,0.0,,J Eric Evans Surgery Partners
2026-07-07,Clint E Stein,Columbia Banking System,1,10,1,12,8.3,,Clint E Stein Columbia Banking System
2026-07-07,Lee M Shavel,Verisk Analytics,2,13,1,16,6.2,,Lee M Shavel Verisk Analytics
2026-07-07,Dave Banyard Jr,MasterBrand,0,4,0,4,0.0,,Dave Banyard Jr MasterBrand
2026-07-07,Diana Birkett Rakow,Hawaiian Airlines Inc,1,23,1,25,4.0,,Diana Birkett Rakow Hawaiian Airlines Inc
2026-07-07,Kristin A Dolan,AMC Networks,2,14,9,25,36.0,,Kristin A Dolan AMC Networks
2026-07-07,Brendan T Cavanagh,SBA Communications,0,10,0,10,0.0,,Brendan T Cavanagh SBA Communications
2026-07-07,George F Chappelle Jr,Americold Realty Trust,4,4,0,8,0.0,,George F Chappelle Jr Americold Realty Trust
2026-07-07,Thomas E Gottwald,NewMarket Corporation,2,8,0,10,0.0,,Thomas E Gottwald NewMarket Corporation
2026-07-07,Thomas J Baltimore Jr,Park Hotels & Resorts,2,20,3,25,12.0,,Thomas J Baltimore Jr Park Hotels & Resorts
2026-07-07,Peter M Moglia,Alexandria Real Estate Equities,2,8,3,13,23.1,,Peter M Moglia Alexandria Real Estate Equities
2026-07-07,Ronald J Kramer,Griffon Corporation,3,6,0,9,0.0,,Ronald J Kramer Griffon Corporation
2026-07-07,John L Plueger,Air Lease,3,11,0,14,0.0,,John L Plueger Air Lease
2026-07-07,Jennifer F Scanlon,UL Solutions,3,5,0,8,0.0,,Jennifer F Scanlon UL Solutions
2026-07-07,Greg Smith,Teradyne,4,19,2,25,8.0,,Greg Smith Teradyne
2026-07-07,Sean Trauschke,OGE Energy,18,4,3,25,12.0,,Sean Trauschke OGE Energy
2026-07-07,Norman D Schwartz,Bio-Rad Laboratories,2,7,2,11,18.2,,Norman D Schwartz Bio-Rad Laboratories
2026-07-07,Scott Doyle,Spire Inc,7,8,1,16,6.2,,Scott Doyle Spire Inc
2026-07-07,Michael E Reed,Gannett,2,2,1,5,20.0,,Michael E Reed Gannett
2026-07-07,Phillip D Green,Cullen Frost Bankers,1,10,4,15,26.7,,Phillip D Green Cullen Frost Bankers
2026-07-07,Joseph D Margolis,Extra Space Storage,2,13,2,17,11.8,,Joseph D Margolis Extra Space Storage
2026-07-07,Mark A Skonieczny,REV Group,0,7,3,10,30.0,,Mark A Skonieczny REV Group
2026-07-07,Ladd Wilks,ProFrac Holding,4,3,0,7,0.0,,Ladd Wilks ProFrac Holding
2026-07-07,Sundaram Nagarajan,Nordson,2,11,3,16,18.8,,Sundaram Nagarajan Nordson
2026-07-07,Anne P Noonan,Summit Materials,4,6,0,10,0.0,,Anne P Noonan Summit Materials
2026-07-07,Lori Flees,Valvoline Inc,4,7,6,17,35.3,,Lori Flees Valvoline Inc
2026-07-07,Scott H Baxter,Kontoor Brands,5,9,2,16,12.5,,Scott H Baxter Kontoor Brands
2026-07-07,Tim Larson,Skyline Champion,16,0,0,16,0.0,,Tim Larson Skyline Champion
2026-07-07,Chuck Divita,Teladoc Health,8,16,1,25,4.0,,Chuck Divita Teladoc Health
2026-07-07,W Bradley Southern,Louisiana-Pacific Corporation,2,4,1,7,14.3,,W Bradley Southern Louisiana-Pacific Corporation
2026-07-07,George C Freeman III,Universal Corporation,7,15,3,25,12.0,,George C Freeman III Universal Corporation
2026-07-07,James A Brock,Consol Energy,8,4,0,12,0.0,,James A Brock Consol Energy
2026-07-07,Robert Antokol,Playtika Holding,1,7,0,8,0.0,,Robert Antokol Playtika Holding
2026-07-07,Joe Craft,Alliance Resource Partners,8,14,3,25,12.0,,Joe Craft Alliance Resource Partners
2026-07-07,Paul Keel,Envista Holdings,1,9,0,10,0.0,,Paul Keel Envista Holdings
2026-07-07,Jared Isaacman,Shift4 Payments,6,16,3,25,12.0,,Jared Isaacman Shift4 Payments
2026-07-07,Mark Mac McFarland,Talen Energy,8,2,0,10,0.0,,Mark Mac McFarland Talen Energy
2026-07-07,Tony R Thene,Carpenter Technology,1,14,0,15,0.0,,Tony R Thene Carpenter Technology
2026-07-07,Melissa D Smith,WEX,4,11,2,17,11.8,,Melissa D Smith WEX
2026-07-07,James Jim C Ryan III,Old National Bancorp,0,3,1,4,25.0,,James Jim C Ryan III Old National Bancorp
2026-07-07,Peter J Federico,AGNC Investment,3,6,2,11,18.2,,Peter J Federico AGNC Investment
2026-07-07,Brent L Yeagy,Wabash National,0,1,2,3,66.7,,Brent L Yeagy Wabash National
2026-07-07,Henry A Fernandez,MSCI,8,14,3,25,12.0,,Henry A Fernandez MSCI
2026-07-07,Mark Penn,Stagwell,5,14,6,25,24.0,,Mark Penn Stagwell
2026-07-07,Julie Schertell,Mativ,0,9,0,9,0.0,,Julie Schertell Mativ
2026-07-07,Ashish Chand,Belden,1,8,1,10,10.0,,Ashish Chand Belden
2026-07-07,Greg Anderson,Allegiant Travel Company,10,15,0,25,0.0,,Greg Anderson Allegiant Travel Company
2026-07-07,Drew Houston,Dropbox,0,24,1,25,4.0,,Drew Houston Dropbox
2026-07-07,Kevin T Conroy,Exact Sciences,6,13,6,25,24.0,,Kevin T Conroy Exact Sciences
2026-07-07,Rex D Geveden,BWX Technologies,10,11,4,25,16.0,,Rex D Geveden BWX Technologies
2026-07-07,Scott R Wells,Clear Channel Outdoor Holdings,3,2,1,6,16.7,,Scott R Wells Clear Channel Outdoor Holdings
2026-07-07,Mac Cummings,Terakeet,3,7,2,12,16.7,,Mac Cummings Terakeet
2026-07-07,Casey Wasserman,Wasserman,7,8,10,25,40.0,,Casey Wasserman Wasserman
2026-07-07,Nancy Pierce,GEICO,7,12,2,21,9.5,,Nancy Pierce GEICO
2026-07-07,Richard Dickson,Gap Inc,13,9,3,25,12.0,,Richard Dickson Gap Inc
2026-07-07,Horacio Barbeito,Old Navy,0,9,3,12,25.0,,Horacio Barbeito Old Navy
2026-07-07,Marcus Lemonis,Bed Bath & Beyond,7,17,1,25,4.0,,Marcus Lemonis Bed Bath & Beyond
2026-07-07,Gregory A Adams,Kaiser Permanente,7,16,2,25,8.0,,Gregory A Adams Kaiser Permanente
2026-07-07,Andy MacMillan,Alteryx,3,12,2,17,11.8,,Andy MacMillan Alteryx
2026-07-07,Magda Chambriard,Petrobras,8,13,4,25,16.0,,Magda Chambriard Petrobras
2026-07-07,Mike Petrullo,Dynata,2,7,0,9,0.0,,Mike Petrullo Dynata
2026-07-07,James Fish Jr,WM,3,5,17,25,68.0,,James Fish Jr WM
2026-07-07,Jack Dorsey,Block Inc,2,4,19,25,76.0,,Jack Dorsey Block Inc
2026-07-07,Lachlan Murdoch,Fox Corporation,5,16,4,25,16.0,,Lachlan Murdoch Fox Corporation
2026-07-07,Jean-Marc Gilson,Westlake Corporation,4,17,4,25,16.0,,Jean-Marc Gilson Westlake Corporation
2026-07-07,Joe Earley,Hulu,6,18,1,25,4.0,,Joe Earley Hulu
2026-07-07,Brent Saunders,Bausch & Lomb,5,17,3,25,12.0,,Brent Saunders Bausch & Lomb
2026-07-07,Ayman Antoun,OpenText,3,20,2,25,8.0,,Ayman Antoun OpenText
2026-07-07,Paul Guyardo,Fetch Pet Insurance,4,8,0,12,0.0,,Paul Guyardo Fetch Pet Insurance
2026-07-07,James R Downing,St Jude Childrens Research Hospital,9,14,2,25,8.0,,James R Downing St Jude Childrens Research Hospital
2026-07-07,Stanley Middleman,Freedom Mortgage,13,11,1,25,4.0,,Stanley Middleman Freedom Mortgage
2026-07-07,Michael Rubin,Fanatics,18,5,2,25,8.0,,Michael Rubin Fanatics
2026-07-07,Shane Jacobson,American Cancer Society,4,4,17,25,68.0,,Shane Jacobson American Cancer Society
2026-07-07,Albert Crawford,BHG Financial,10,9,0,19,0.0,,Albert Crawford BHG Financial
2026-07-07,Robert F Smith,Vista Equity Partners,8,12,5,25,20.0,,Robert F Smith Vista Equity Partners
2026-07-07,Jonathan Lavine,Bain Capital,3,17,4,24,16.7,,Jonathan Lavine Bain Capital
2026-07-07,Joshua Bekenstein,Bain Capital,1,9,1,11,9.1,,Joshua Bekenstein Bain Capital
2026-07-07,Stephen Pagliuca,Bain Capital,4,18,3,25,12.0,,Stephen Pagliuca Bain Capital
2026-07-07,Baron Silverstein,Newrez,3,19,3,25,12.0,,Baron Silverstein Newrez
2026-07-07,Robert G Goldstein,Las Vegas Sands,3,21,1,25,4.0,,Robert G Goldstein Las Vegas Sands
2026-07-07,Jennifer L Mnookin,Columbia University,3,22,0,25,0.0,,Jennifer L Mnookin Columbia University
2026-07-07,Soren Toft,MSC Mediterranean Shipping Company,4,20,1,25,4.0,,Soren Toft MSC Mediterranean Shipping Company
2026-07-07,Joe Rice,Motley Rice,5,14,6,25,24.0,,Joe Rice Motley Rice
2026-07-07,Michael ByungJu Kim,MBK Partners,3,2,20,25,80.0,,Michael ByungJu Kim MBK Partners
2026-07-07,Michael Fisch,American Securities,12,6,4,22,18.2,,Michael Fisch American Securities
2026-07-07,Oliver Schusser,Beats Electronics LLC,1,2,0,3,0.0,,Oliver Schusser Beats Electronics LLC
2026-07-07,Andrew Dudum,Hims & Hers,4,16,5,25,20.0,,Andrew Dudum Hims & Hers
2026-07-07,Brian Sikes,Cargill,5,18,2,25,8.0,,Brian Sikes Cargill
2026-07-07,Dave Robertson,Koch Inc,6,15,4,25,16.0,,Dave Robertson Koch Inc
2026-07-07,Poul Weihrauch,Mars,4,20,1,25,4.0,,Poul Weihrauch Mars
2026-07-07,Charles Butt,H-E-B Grocery Company,5,15,5,25,20.0,,Charles Butt H-E-B Grocery Company
2026-07-07,Duke Reyes,Reyes Holdings,2,21,2,25,8.0,,Duke Reyes Reyes Holdings
2026-07-07,Chrissy Taylor,Enterprise Mobility,4,21,0,25,0.0,,Chrissy Taylor Enterprise Mobility
2026-07-07,Eric Winn,C&S Wholesale Grocers,8,17,0,25,0.0,,Eric Winn C&S Wholesale Grocers
2026-07-07,Abigail Johnson,Fidelity Investments,5,15,5,25,20.0,,Abigail Johnson Fidelity Investments
2026-07-07,Wayne Chaplin,Southern Glazer's Wine & Spirits,6,19,0,25,0.0,,Wayne Chaplin Southern Glazer's Wine & Spirits
2026-07-07,Greg Love,Love's Travel Stops & Country Stores,10,6,9,25,36.0,,Greg Love Love's Travel Stops & Country Stores
2026-07-07,Jim Boyle,Medline Industries,9,11,1,21,4.8,,Jim Boyle Medline Industries
2026-07-07,Alex Taylor,Cox Enterprises,10,15,0,25,0.0,,Alex Taylor Cox Enterprises
2026-07-07,Rick Keyes,Meijer,8,15,2,25,8.0,,Rick Keyes Meijer
2026-07-07,Rich Wolowski,Gordon Food Service,9,12,0,21,0.0,,Rich Wolowski Gordon Food Service
2026-07-07,Dan Chait,JM Family Enterprises,3,7,0,10,0.0,,Dan Chait JM Family Enterprises
2026-07-07,Brendan Bechtel,Bechtel,4,17,4,25,16.0,,Brendan Bechtel Bechtel
2026-07-07,Keith Rozolis,ABC Supply,3,9,0,12,0.0,,Keith Rozolis ABC Supply
2026-07-07,Jim Kavanaugh,World Wide Technology,9,16,0,25,0.0,,Jim Kavanaugh World Wide Technology
2026-07-07,Kevin Thornton,QuikTrip,5,4,0,9,0.0,,Kevin Thornton QuikTrip
2026-07-07,Jim Voss,Tenneco,4,5,0,9,0.0,,Jim Voss Tenneco
2026-07-07,Chris Gheysens,Wawa,6,16,3,25,12.0,,Chris Gheysens Wawa
2026-07-07,Natalie Morhous,RaceTrac,5,15,0,20,0.0,,Natalie Morhous RaceTrac
2026-07-07,Bob Sternfels,McKinsey & Company,5,17,3,25,12.0,,Bob Sternfels McKinsey & Company
2026-07-07,Craig Abod,Carahsoft,10,15,0,25,0.0,,Craig Abod Carahsoft
2026-07-07,Thai Lee,SHI International,8,16,1,25,4.0,,Thai Lee SHI International
2026-07-07,Jay Alvather,Allegis Group,3,7,0,10,0.0,,Jay Alvather Allegis Group
2026-07-07,John Tu,Kingston Technology,7,18,0,25,0.0,,John Tu Kingston Technology
2026-07-07,Travis R Sheetz,Sheetz,7,15,3,25,12.0,,Travis R Sheetz Sheetz
2026-07-07,Andrew Novotny,Calpine,9,10,0,19,0.0,,Andrew Novotny Calpine
2026-07-07,Dan Friedkin,The Friedkin Group,4,17,4,25,16.0,,Dan Friedkin The Friedkin Group
2026-07-07,Jeremy Gosch,Hy-Vee,10,14,1,25,4.0,,Jeremy Gosch Hy-Vee
2026-07-07,John Menard Jr,Menards,4,15,6,25,24.0,,John Menard Jr Menards
2026-07-07,Colleen Wegman,Wegmans Food Markets,10,15,0,25,0.0,,Colleen Wegman Wegmans Food Markets
2026-07-07,Christoph Schweizer,BCG (Boston Consulting Group),6,18,1,25,4.0,,Christoph Schweizer BCG (Boston Consulting Group)
2026-07-07,Steven R Swartz,Hearst,2,23,0,25,0.0,,Steven R Swartz Hearst
2026-07-07,Fisk Johnson,SC Johnson,13,9,3,25,12.0,,Fisk Johnson SC Johnson
2026-07-07,Tim Regan,Whiting-Turner Contracting,4,21,0,25,0.0,,Tim Regan Whiting-Turner Contracting
2026-07-07,Bill Artman,Giant Eagle,5,20,0,25,0.0,,Bill Artman Giant Eagle
2026-07-07,Robert Mullen,STO Building Group,3,7,0,10,0.0,,Robert Mullen STO Building Group
2026-07-07,Kathleen M Mazzarella,Graybar Electric,3,12,1,16,6.2,,Kathleen M Mazzarella Graybar Electric
2026-07-07,Todd Wanek,Ashley Furniture Industries,9,16,0,25,0.0,,Todd Wanek Ashley Furniture Industries
2026-07-07,Marc Sachs,Republic National Distributing Company,3,20,2,25,8.0,,Marc Sachs Republic National Distributing Company
2026-07-07,Garrett Lofto,JR Simplot,2,7,1,10,10.0,,Garrett Lofto JR Simplot
2026-07-07,David Winter,Standard Industries,6,19,0,25,0.0,,David Winter Standard Industries
2026-07-07,Dick Tracy,Dot Foods,7,15,3,25,12.0,,Dick Tracy Dot Foods
2026-07-07,David Jukes,Univar Solutions,3,11,0,14,0.0,,David Jukes Univar Solutions
2026-07-07,Kevin McAdams,Perdue Farms,3,20,2,25,8.0,,Kevin McAdams Perdue Farms
2026-07-07,Ken Hicks,Petsmart,1,17,1,19,5.3,,Ken Hicks Petsmart
2026-07-07,Grant Haag,WinCo Foods,5,4,0,9,0.0,,Grant Haag WinCo Foods
2026-07-07,George Pfeffer,DPR Construction,7,14,1,22,4.5,,George Pfeffer DPR Construction
2026-07-07,Dean Muglia,Discount Tire,3,22,0,25,0.0,,Dean Muglia Discount Tire
2026-07-07,Christopher Leitner,Tenaska,2,3,0,5,0.0,,Christopher Leitner Tenaska
2026-07-07,David Kohler,Kohler,5,15,5,25,20.0,,David Kohler Kohler
2026-07-07,Shahid Khan,Flex-N-Gate,5,18,2,25,8.0,,Shahid Khan Flex-N-Gate
2026-07-07,Doug Lawler,Continental Resources,11,12,2,25,8.0,,Doug Lawler Continental Resources
2026-07-07,Tom Bené,Breakthru Beverage Group,1,20,4,25,16.0,,Tom Bené Breakthru Beverage Group
2026-07-07,LT Gibson,US LBM Holdings,1,11,0,12,0.0,,LT Gibson US LBM Holdings
2026-07-07,Andrew Wallach,Central National-Gottesman,1,3,0,4,0.0,,Andrew Wallach Central National-Gottesman
2026-07-07,Steve Lavin,OSI Group,5,5,0,10,0.0,,Steve Lavin OSI Group
2026-07-07,Michael Mansfield,Mansfield Energy,8,12,5,25,20.0,,Michael Mansfield Mansfield Energy
2026-07-07,Mike Gitlin,Capital Group Companies,5,16,4,25,16.0,,Mike Gitlin Capital Group Companies
2026-07-07,John Morris,Great American Outdoors Group,10,11,0,21,0.0,,John Morris Great American Outdoors Group
2026-07-07,David Green,Hobby Lobby Stores,12,9,4,25,16.0,,David Green Hobby Lobby Stores
2026-07-07,Ganesh Ramaswamy,Southwire,4,5,0,9,0.0,,Ganesh Ramaswamy Southwire
2026-07-07,John Lederer,Staples Inc,1,14,0,15,0.0,,John Lederer Staples Inc
2026-07-07,Richard Uihlein,Uline,3,20,2,25,8.0,,Richard Uihlein Uline
2026-07-07,Andrew Truett Cathy,Chick-fil-A,8,16,1,25,4.0,,Andrew Truett Cathy Chick-fil-A
2026-07-07,John Catsimatidis,Red Apple Group,10,13,2,25,8.0,,John Catsimatidis Red Apple Group
2026-07-07,Paul Maass,Scoular,4,10,1,15,6.7,,Paul Maass Scoular
2026-07-07,Michael Nelson,Amway,7,17,1,25,4.0,,Michael Nelson Amway
2026-07-07,Christopher L Ayers,Arconic,0,0,0,0,0.0,,Christopher L Ayers Arconic
2026-07-07,Eric Smidt,Harbor Freight Tools,6,18,1,25,4.0,,Eric Smidt Harbor Freight Tools
2026-07-07,Deb Conklin,Kehe Distributors,6,6,0,12,0.0,,Deb Conklin Kehe Distributors
2026-07-07,Darron Ash,Sammons Enterprises,2,6,0,8,0.0,,Darron Ash Sammons Enterprises
2026-07-07,Leslie Duke,Burns & McDonnell,9,15,1,25,4.0,,Leslie Duke Burns & McDonnell
2026-07-07,Adam R Jelen,Gilbane,3,7,0,10,0.0,,Adam R Jelen Gilbane
2026-07-07,Donald T Mulligan,Demoulas Super Markets,1,16,8,25,32.0,,Donald T Mulligan Demoulas Super Markets
2026-07-07,John Howard Hallam,Ben E Keith,1,4,0,5,0.0,,John Howard Hallam Ben E Keith
2026-07-07,Jim Allen,Hard Rock International,3,6,16,25,64.0,,Jim Allen Hard Rock International
2026-07-07,Jon A Ballis,Kirkland & Ellis,5,19,1,25,4.0,,Jon A Ballis Kirkland & Ellis
2026-07-07,Brad Jeanneret,Hensel Phelps Construction,1,8,0,9,0.0,,Brad Jeanneret Hensel Phelps Construction
2026-07-07,Christophe de Vusser,Bain & Company,1,24,0,25,0.0,,Christophe de Vusser Bain & Company
2026-07-07,Crystal Maggelet,FJ Management,7,10,1,18,5.6,,Crystal Maggelet FJ Management
2026-07-07,John Persons,Northeast Grocery,14,11,0,25,0.0,,John Persons Northeast Grocery
2026-07-07,Ron Dunford,Schreiber Foods,1,9,0,10,0.0,,Ron Dunford Schreiber Foods
2026-07-07,Matthew Walsh,Walsh Group,8,14,3,25,12.0,,Matthew Walsh Walsh Group
2026-07-07,Ken Oaks,TQL - Total Quality Logistics,8,13,4,25,16.0,,Ken Oaks TQL - Total Quality Logistics
2026-07-07,Robert D Moser Jr,Clark Group,0,4,2,6,33.3,,Robert D Moser Jr Clark Group
2026-07-07,Jeff Cook,Arco Construction,0,9,1,10,10.0,,Jeff Cook Arco Construction
2026-07-07,Ryan Maibach,Barton Malow,0,7,2,9,22.2,,Ryan Maibach Barton Malow
2026-07-07,Gordon Lansford,JE Dunn Construction Group,3,16,1,20,5.0,,Gordon Lansford JE Dunn Construction Group
2026-07-07,Joe Preston,New Balance,5,19,1,25,4.0,,Joe Preston New Balance
2026-07-07,Ray Sedey,McCarthy Holdings,2,7,0,9,0.0,,Ray Sedey McCarthy Holdings
2026-07-07,Maggie Hardy,84 Lumber,19,6,0,25,0.0,,Maggie Hardy 84 Lumber
2026-07-07,Barry Zyskind,AmTrust Financial Services,2,20,3,25,12.0,,Barry Zyskind AmTrust Financial Services
2026-07-07,Keith Knopf,The Raleys Companies,4,21,0,25,0.0,,Keith Knopf The Raleys Companies
2026-07-07,Kent McClelland,Shamrock Foods Company,4,8,0,12,0.0,,Kent McClelland Shamrock Foods Company
2026-07-07,Stewart Resnick,The Wonderful Company,15,8,2,25,8.0,,Stewart Resnick The Wonderful Company
2026-07-07,Mike Haller,Walbridge,2,5,2,9,22.2,,Mike Haller Walbridge
2026-07-07,Dan Schwab,D&H Distributing,3,13,4,20,20.0,,Dan Schwab D&H Distributing
2026-07-07,Andrew Cherng,Panda Restaurant Group,6,17,2,25,8.0,,Andrew Cherng Panda Restaurant Group
2026-07-07,Rob Blalock,Brasfield & Gorrie,5,10,1,16,6.2,,Rob Blalock Brasfield & Gorrie
2026-07-07,Anthony Johnson,Clayco Inc,3,7,0,10,0.0,,Anthony Johnson Clayco Inc
2026-07-07,Richard Ferranti,Rich Products Corporation,13,2,0,15,0.0,,Richard Ferranti Rich Products Corporation
2026-07-07,Chris O’Brien,Armada Sunset Holdings,1,8,0,9,0.0,,Chris O’Brien Armada Sunset Holdings
2026-07-07,Ira B Silver,American Tire Distributors Holdings,2,3,0,5,0.0,,Ira B Silver American Tire Distributors Holdings
2026-07-07,Dave Drinkward,Hoffman Corporation,3,7,0,10,0.0,,Dave Drinkward Hoffman Corporation
2026-07-07,Richard Trobman,Latham & Watkins,9,14,2,25,8.0,,Richard Trobman Latham & Watkins
2026-07-07,Scott M Asplundh,Asplundh Tree Expert,2,9,0,11,0.0,,Scott M Asplundh Asplundh Tree Expert
2026-07-07,Kim Roy,HITT Contracting,2,11,0,13,0.0,,Kim Roy HITT Contracting
2026-07-07,John F Fish,Suffolk Construction Company,9,15,1,25,4.0,,John F Fish Suffolk Construction Company
2026-07-07,Derek Cunz,Mortenson,4,8,0,12,0.0,,Derek Cunz Mortenson
2026-07-07,Rex A Rock Sr,Arctic Slope Regional Corporation,5,19,1,25,4.0,,Rex A Rock Sr Arctic Slope Regional Corporation
2026-07-07,Joseph Grendys,Koch Foods,3,8,2,13,15.4,,Joseph Grendys Koch Foods
2026-07-07,Alan Gershenhorn,Transportation Insight,0,5,0,5,0.0,,Alan Gershenhorn Transportation Insight
2026-07-07,James F Dicke II,Crown Equipment Corporation,4,8,1,13,7.7,,James F Dicke II Crown Equipment Corporation
2026-07-07,Brian Dick,Golden State Foods,7,13,5,25,20.0,,Brian Dick Golden State Foods
2026-07-07,Christopher Ilitch,Ilitch Holdings,6,19,0,25,0.0,,Christopher Ilitch Ilitch Holdings
2026-07-07,William G Yates III,The Yates Companies,10,15,0,25,0.0,,William G Yates III The Yates Companies
2026-07-07,John B Zachry,Zachry Holdings,7,14,4,25,16.0,,John B Zachry Zachry Holdings
2026-07-07,Ken Sweder,BradyPLUS,3,5,0,8,0.0,,Ken Sweder BradyPLUS
2026-07-07,Christian Demere,Colonial Group,9,12,0,21,0.0,,Christian Demere Colonial Group
2026-07-07,Webb Estes,Estes Express Lines,5,17,3,25,12.0,,Webb Estes Estes Express Lines
2026-07-07,Joseph E Gallo,Gallo,4,19,2,25,8.0,,Joseph E Gallo Gallo
2026-07-07,Bret Snyder,W L Gore & Associates,1,9,1,11,9.1,,Bret Snyder W L Gore & Associates
2026-07-07,Beth Lowry,Holder Construction,4,7,0,11,0.0,,Beth Lowry Holder Construction
2026-07-07,Jefferson Hillman,JD Heiskell & Co,2,5,0,7,0.0,,Jefferson Hillman JD Heiskell & Co
2026-07-07,Robert Kraft,The Kraft Group,4,13,8,25,32.0,,Robert Kraft The Kraft Group
2026-07-07,David Boone,The Michaels Companies,13,12,0,25,0.0,,David Boone The Michaels Companies
2026-07-07,Ira Rennert,Renco Group,3,13,9,25,36.0,,Ira Rennert Renco Group
2026-07-07,Greg McNiff,Stater Bros Markets,9,16,0,25,0.0,,Greg McNiff Stater Bros Markets
2026-07-07,Gabe Newell,Valve Corporation,6,9,10,25,40.0,,Gabe Newell Valve Corporation
2026-07-07,Tilman Fertitta,Fertitta Entertainment,14,10,1,25,4.0,,Tilman Fertitta Fertitta Entertainment
2026-07-07,Judy Faulkner,Epic Systems,13,10,2,25,8.0,,Judy Faulkner Epic Systems
2026-07-07,Mario Azar,Black & Veatch,8,16,1,25,4.0,,Mario Azar Black & Veatch
2026-07-07,Stephen Smith,Amsted Industries,0,6,0,6,0.0,,Stephen Smith Amsted Industries
2026-07-07,Paul Novelly II,Apex Oil,2,4,3,9,33.3,,Paul Novelly II Apex Oil
2026-07-07,David Walls,Austin Industries,3,8,0,11,0.0,,David Walls Austin Industries
2026-07-07,Thomas J Quinlan III,RR Donnelley,1,8,1,10,10.0,,Thomas J Quinlan III RR Donnelley
2026-07-07,Pat Michels,Michels Corporation,8,15,2,25,8.0,,Pat Michels Michels Corporation
2026-07-07,Brian McPheely,Pratt Industries,3,5,1,9,11.1,,Brian McPheely Pratt Industries
2026-07-07,Frank Grande,Quirch Foods,1,9,1,11,9.1,,Frank Grande Quirch Foods
2026-07-07,Jerry LeClair,Brookshire Grocery Company,0,12,0,12,0.0,,Jerry LeClair Brookshire Grocery Company
2026-07-07,Jennifer Morgan,UKG,3,14,0,17,0.0,,Jennifer Morgan UKG
2026-07-07,Tom Krause,Cloud Software Group,4,19,2,25,8.0,,Tom Krause Cloud Software Group
2026-07-07,Lou M Jacobs,Delaware North,6,19,0,25,0.0,,Lou M Jacobs Delaware North
2026-07-07,Stanley Bikulege,Novolex,1,11,0,12,0.0,,Stanley Bikulege Novolex
2026-07-07,David Callis,Swinerton,4,7,0,11,0.0,,David Callis Swinerton
2026-07-07,Richard Jaggers,Alberici Corporation,1,6,0,7,0.0,,Richard Jaggers Alberici Corporation
2026-07-07,Dave Doherty,DigiKey,11,12,2,25,8.0,,Dave Doherty DigiKey
2026-07-07,Bob Sarver,Great Lakes Cheese,0,0,0,0,0.0,,Bob Sarver Great Lakes Cheese
2026-07-07,Bill Sansom,HT Hackney,3,7,0,10,0.0,,Bill Sansom HT Hackney
2026-07-07,Darlene Nicosia,Makers Pride LLC,5,0,1,6,16.7,,Darlene Nicosia Makers Pride LLC
2026-07-07,Dion Houchins,Houchens Industries,2,8,0,10,0.0,,Dion Houchins Houchens Industries
2026-07-07,Jeffrey Seaman,Rooms To Go,3,22,0,25,0.0,,Jeffrey Seaman Rooms To Go
2026-07-07,Boyden Moore,Orgill Warehouse,1,9,0,10,0.0,,Boyden Moore Orgill Warehouse
2026-07-07,Brian George,Alex Lee,4,21,0,25,0.0,,Brian George Alex Lee
2026-07-07,Chris Galvin,Andersen Corporation,10,15,0,25,0.0,,Chris Galvin Andersen Corporation
2026-07-07,Douglas R Waggoner,Echo Global Logistics,1,6,1,8,12.5,,Douglas R Waggoner Echo Global Logistics
2026-07-07,Chris Kleinert,Hunt Consolidated Inc,3,7,0,10,0.0,,Chris Kleinert Hunt Consolidated Inc
2026-07-07,Lance FitzSimmons,Leprino Foods,1,8,0,9,0.0,,Lance FitzSimmons Leprino Foods
2026-07-07,Ruffner Page,O'Neal Industries,2,5,0,7,0.0,,Ruffner Page O'Neal Industries
2026-07-07,Edward V Morgan,Plastipak Holdings,1,4,0,5,0.0,,Edward V Morgan Plastipak Holdings
2026-07-07,Todd Simmons,Simmons Foods,7,17,1,25,4.0,,Todd Simmons Simmons Foods
2026-07-07,L Gene Clark,"Clark Core Services, LLC",0,0,0,0,0.0,,"L Gene Clark Clark Core Services, LLC"
2026-07-07,Thomas B Crowley Jr,Crowley Maritime,14,8,3,25,12.0,,Thomas B Crowley Jr Crowley Maritime
2026-07-07,Stephen Gray,Gray Inc,11,12,2,25,8.0,,Stephen Gray Gray Inc
2026-07-07,Joseph R Lucot,Guttman Holdings,0,0,0,0,0.0,,Joseph R Lucot Guttman Holdings
2026-07-07,Mike Perry,Hallmark Cards Inc,3,16,6,25,24.0,,Mike Perry Hallmark Cards Inc
2026-07-07,Gary R Kaneb,HP Hood,1,0,1,2,50.0,,Gary R Kaneb HP Hood
2026-07-07,Sidney R Brown,NFI Industries,2,6,4,12,33.3,,Sidney R Brown NFI Industries
2026-07-07,James Goodnight,SAS Institute,8,13,4,25,16.0,,James Goodnight SAS Institute
2026-07-07,John Boynton,Southern Tire Mart,4,5,0,9,0.0,,John Boynton Southern Tire Mart
2026-07-07,Patrick Collison,Stripe,7,16,2,25,8.0,,Patrick Collison Stripe
2026-07-07,John Buckley,Wilbur-Ellis Company,4,15,0,19,0.0,,John Buckley Wilbur-Ellis Company
2026-07-07,Jeremy D London,Skadden,0,13,8,21,38.1,,Jeremy D London Skadden
2026-07-07,Mamadou Diallo,Piston Group,0,8,0,8,0.0,,Mamadou Diallo Piston Group
2026-07-07,Jonathan C Tauber,Tauber Oil Company,0,0,0,0,0.0,,Jonathan C Tauber Tauber Oil Company
2026-07-07,Glenn M Fish,JM Huber,1,3,0,4,0.0,,Glenn M Fish JM Huber
2026-07-07,Reinhold Schmieding,Arthrex,11,12,2,25,8.0,,Reinhold Schmieding Arthrex
2026-07-07,Neal Blue,General Atomics,10,12,3,25,12.0,,Neal Blue General Atomics
2026-07-07,Mark Hubler,Johnson Brothers Liquor Company,0,5,0,5,0.0,,Mark Hubler Johnson Brothers Liquor Company
2026-07-07,Tom Rosen,Rosens Diversified,0,3,0,3,0.0,,Tom Rosen Rosens Diversified
2026-07-07,Brian Murray,Ryan Companies,3,20,2,25,8.0,,Brian Murray Ryan Companies
2026-07-07,Yehia Maaty Omar,Zones LLC,3,4,0,7,0.0,,Yehia Maaty Omar Zones LLC
2026-07-07,Lila Snyder,Bose Corporation,2,12,2,16,12.5,,Lila Snyder Bose Corporation
2026-07-07,Anthony Consigli,Consigli Building Group,7,18,0,25,0.0,,Anthony Consigli Consigli Building Group
2026-07-07,Jay A Brown,David Weekley Homes,5,14,0,19,0.0,,Jay A Brown David Weekley Homes
2026-07-07,Annie Callanan,EBSCO Industries Inc,1,8,0,9,0.0,,Annie Callanan EBSCO Industries Inc
2026-07-07,Barbara L Becker,"Gibson, Dunn & Crutcher",2,10,0,12,0.0,,"Barbara L Becker Gibson, Dunn & Crutcher"
2026-07-07,Steven C Smith,Food City,2,23,0,25,0.0,,Steven C Smith Food City
2026-07-07,Aubrey Preston,Life Care Centers of America,23,1,1,25,4.0,,Aubrey Preston Life Care Centers of America
2026-07-07,Todd R Schnuck,Schnuck Markets,5,9,1,15,6.7,,Todd R Schnuck Schnuck Markets
2026-07-07,Yvette Ostolaza,Sidley Austin,11,14,0,25,0.0,,Yvette Ostolaza Sidley Austin
2026-07-07,Edward G Weiner,Trammo Inc,0,0,0,0,0.0,,Edward G Weiner Trammo Inc
2026-07-07,Bill Hayes,Berlin Packaging,2,11,0,13,0.0,,Bill Hayes Berlin Packaging
2026-07-07,John Alston,Brookshire Brothers,4,19,1,24,4.2,,John Alston Brookshire Brothers
2026-07-07,Keith Clark,Dart Container,2,5,2,9,22.2,,Keith Clark Dart Container
2026-07-07,Jayson Penn,Foster Farms,1,7,0,8,0.0,,Jayson Penn Foster Farms
2026-07-07,Eric A Mendelson,HEICO Corporation,7,17,1,25,4.0,,Eric A Mendelson HEICO Corporation
2026-07-07,Julie Jones,Ropes & Gray,11,12,2,25,8.0,,Julie Jones Ropes & Gray
2026-07-07,Jake Wenz,Sazerac Company,3,20,2,25,8.0,,Jake Wenz Sazerac Company
2026-07-07,Heather McDevitt,White & Case,2,23,0,25,0.0,,Heather McDevitt White & Case
2026-07-07,Don Hendricks,Belk,3,19,3,25,12.0,,Don Hendricks Belk
2026-07-07,Talbott Roche,Blackhawk Network,8,14,0,22,0.0,,Talbott Roche Blackhawk Network
2026-07-07,Jami Wintz McKeon,Morgan Lewis,4,14,2,20,10.0,,Jami Wintz McKeon Morgan Lewis
2026-07-07,Richard L Jackson,Jackson Healthcare,8,13,4,25,16.0,,Richard L Jackson Jackson Healthcare
2026-07-07,Michael P D'Amour,Big Y Foods,4,20,1,25,4.0,,Michael P D'Amour Big Y Foods
2026-07-07,Scott G Clawson,Culligan International,1,0,0,1,0.0,,Scott G Clawson Culligan International
2026-07-07,David Ahlem,Hilmar Cheese,7,10,0,17,0.0,,David Ahlem Hilmar Cheese
2026-07-07,Sheldon Yellen,Belfor,9,10,6,25,24.0,,Sheldon Yellen Belfor
2026-07-07,Libby Wadle,JCrew Group,5,15,5,25,20.0,,Libby Wadle JCrew Group
2026-07-07,Gregory M Shumaker,Jones Day,4,19,0,23,0.0,,Gregory M Shumaker Jones Day
2026-07-07,Brian Johnson,Newly Weds Foods,1,14,0,15,0.0,,Brian Johnson Newly Weds Foods
2026-07-07,Stephen Toups,Turner Industries,5,10,0,15,0.0,,Stephen Toups Turner Industries
2026-07-07,Miguel A Zaldivar Jr,Hogan Lovells,3,6,0,9,0.0,,Miguel A Zaldivar Jr Hogan Lovells
2026-07-07,Toby Bozzuto,Bozzuto Group,9,16,0,25,0.0,,Toby Bozzuto Bozzuto Group
2026-07-07,Amanda Irwin,Mountaire Farms,4,5,0,9,0.0,,Amanda Irwin Mountaire Farms
2026-07-07,Franco Bianchi,Haworth International,3,6,0,9,0.0,,Franco Bianchi Haworth International
2026-07-07,Ryan Rogers,Mary Kay Cosmetics,7,15,3,25,12.0,,Ryan Rogers Mary Kay Cosmetics
2026-07-07,Mark Teo,Sigma Plastics Group,1,8,1,10,10.0,,Mark Teo Sigma Plastics Group
2026-07-07,Joel L Hawthorne,TMS International,0,0,0,0,0.0,,Joel L Hawthorne TMS International
2026-07-07,Joe Bundrant,Trident Seafoods,4,19,2,25,8.0,,Joe Bundrant Trident Seafoods
2026-07-07,Ann Fandozzi,Convergint,6,2,0,8,0.0,,Ann Fandozzi Convergint
2026-07-07,Carl Cook,Cook Group,12,11,2,25,8.0,,Carl Cook Cook Group
2026-07-07,Harold L Yoh III,Day & Zimmermann,1,6,2,9,22.2,,Harold L Yoh III Day & Zimmermann
2026-07-07,Gabe Dalporto,Guitar Center,11,11,3,25,12.0,,Gabe Dalporto Guitar Center
2026-07-07,Will McWane,McWane,7,18,0,25,0.0,,Will McWane McWane
2026-07-07,Giuseppe B Commisso,Mediacom Communications,2,11,1,14,7.1,,Giuseppe B Commisso Mediacom Communications
2026-07-07,Todd Chachere,Perry Homes,3,12,0,15,0.0,,Todd Chachere Perry Homes
2026-07-07,Paula Harper Bethea,J M Smith Corporation,0,4,0,4,0.0,,Paula Harper Bethea J M Smith Corporation
2026-07-07,Charlie Whitaker,Taylor Corporation,14,11,0,25,0.0,,Charlie Whitaker Taylor Corporation
2026-07-07,Bill Geary,Parts Town Unlimited,4,8,0,12,0.0,,Bill Geary Parts Town Unlimited
2026-07-07,Brian L Duffy,Greenberg Traurig,2,6,1,9,11.1,,Brian L Duffy Greenberg Traurig
2026-07-07,Walter Wang,JM Eagle,15,8,2,25,8.0,,Walter Wang JM Eagle
2026-07-07,Bryce Burgett,Kokosing Construction,1,9,0,10,0.0,,Bryce Burgett Kokosing Construction
2026-07-07,Lance Malesh,Mode Global,5,6,2,13,15.4,,Lance Malesh Mode Global
2026-07-07,Alden Millard,Simpson Thacher & Bartlett,3,21,0,24,0.0,,Alden Millard Simpson Thacher & Bartlett
2026-07-07,Cade Rowley,Sundt Construction,5,6,0,11,0.0,,Cade Rowley Sundt Construction
2026-07-07,Terry O'Brien,TriMark USA,4,4,0,8,0.0,,Terry O'Brien TriMark USA
2026-07-07,Jeff Pope,FW Webb Company,6,14,1,21,4.8,,Jeff Pope FW Webb Company
2026-07-07,Matt Brewer,Choate Construction Company,5,3,1,9,11.1,,Matt Brewer Choate Construction Company
2026-07-07,Peter LeSaffre,Fusion Worldwide,1,5,1,7,14.3,,Peter LeSaffre Fusion Worldwide
2026-07-07,Joshua Klatzkin,Goodwin Procter,3,1,1,5,20.0,,Joshua Klatzkin Goodwin Procter
2026-07-07,Steve Wang,MAT Holdings,0,10,0,10,0.0,,Steve Wang MAT Holdings
2026-07-07,Richard M Mershad,Micro Electronics Inc,0,3,0,3,0.0,,Richard M Mershad Micro Electronics Inc
2026-07-07,Dave Hall,Clune Construction,5,4,1,10,10.0,,Dave Hall Clune Construction
2026-07-07,Robert D Hays Jr,King & Spalding,8,9,2,19,10.5,,Robert D Hays Jr King & Spalding
2026-07-07,Bill Koch,Oxbow Carbon,6,14,5,25,20.0,,Bill Koch Oxbow Carbon
2026-07-07,John B Quinn,Quinn Emanuel Urquhart & Sullivan,6,14,5,25,20.0,,John B Quinn Quinn Emanuel Urquhart & Sullivan
2026-07-07,Don Vultaggio,Arizona Beverage,3,14,8,25,32.0,,Don Vultaggio Arizona Beverage
2026-07-07,Ayman Sayed,BMC Software,6,14,0,20,0.0,,Ayman Sayed BMC Software
2026-07-07,Matthew J Boler,Boler,0,2,0,2,0.0,,Matthew J Boler Boler
2026-07-07,Hamdi Ulukaya,Chobani,11,14,0,25,0.0,,Hamdi Ulukaya Chobani
2026-07-07,Joe Conroy,Cooley,1,20,4,25,16.0,,Joe Conroy Cooley
2026-07-07,Neil Barr,Davis Polk,9,13,3,25,12.0,,Neil Barr Davis Polk
2026-07-07,Scott Barshay,Paul Weiss,6,15,4,25,16.0,,Scott Barshay Paul Weiss
2026-07-07,Ming Bin Kou,Red Chamber Group,0,1,0,1,0.0,,Ming Bin Kou Red Chamber Group
2026-07-07,Damola Adamolekun,Red Lobster,4,13,8,25,32.0,,Damola Adamolekun Red Lobster
2026-07-07,Ken Grossman,Sierra Nevada Brewing Co,10,15,0,25,0.0,,Ken Grossman Sierra Nevada Brewing Co
2026-07-07,Thomas F Lozick,Swagelok,2,4,1,7,14.3,,Thomas F Lozick Swagelok
2026-07-07,Jason Owen,Envision Healthcare,3,19,1,23,4.3,,Jason Owen Envision Healthcare
