date,ceo,company,positive,neutral,negative,total,neg_pct,theme,alias
2026-04-19,John Furner,Walmart,4,20,1,25,4.0,,John Furner Walmart
2026-04-19,Andy Jassy,Amazon,14,8,3,25,12.0,,Andy Jassy Amazon
2026-04-19,Stephen Hemsley,UnitedHealth,10,15,0,25,0.0,,Stephen Hemsley UnitedHealth
2026-04-19,Tim Cook,Apple,12,11,2,25,8.0,,Tim Cook Apple
2026-04-19,David Joyner,CVS Health,6,9,10,25,40.0,,David Joyner CVS Health
2026-04-19,Warren Buffett,Berkshire Hathaway,5,12,8,25,32.0,,Warren Buffett Berkshire Hathaway
2026-04-19,Sundar Pichai,Alphabet Inc,12,10,3,25,12.0,,Sundar Pichai Alphabet Inc
2026-04-19,Darren Woods,Exxon Mobil,4,16,5,25,20.0,,Darren Woods Exxon Mobil
2026-04-19,Brian Tyler,McKesson,4,14,7,25,28.0,,Brian Tyler McKesson
2026-04-19,Robert Mauch,Cencora,5,11,0,16,0.0,,Robert Mauch Cencora
2026-04-19,Jamie Dimon,JPMorgan Chase,8,8,9,25,36.0,,Jamie Dimon JPMorgan Chase
2026-04-19,Ron Vachris,Costco,12,12,1,25,4.0,,Ron Vachris Costco
2026-04-19,David Cordani,Cigna,13,12,0,25,0.0,,David Cordani Cigna
2026-04-19,Satya Nadella,Microsoft,6,15,4,25,16.0,,Satya Nadella Microsoft
2026-04-19,Jason Hollar,Cardinal Health,13,10,2,25,8.0,,Jason Hollar Cardinal Health
2026-04-19,Mike Wirth,Chevron,6,9,10,25,40.0,,Mike Wirth Chevron
2026-04-19,Brian Moynihan,Bank of America,18,4,3,25,12.0,,Brian Moynihan Bank of America
2026-04-19,Mary Barra,General Motors,7,14,4,25,16.0,,Mary Barra General Motors
2026-04-19,Jim Farley,Ford Motor,8,12,5,25,20.0,,Jim Farley Ford Motor
2026-04-19,Gail Boudreaux,Elevance Health,10,11,4,25,16.0,,Gail Boudreaux Elevance Health
2026-04-19,Jane Fraser,Citigroup,9,10,6,25,24.0,,Jane Fraser Citigroup
2026-04-19,Mark Zuckerberg,Meta Platforms,6,14,5,25,20.0,,Mark Zuckerberg Meta Platforms
2026-04-19,Sarah London,Centene,4,14,7,25,28.0,,Sarah London Centene
2026-04-19,Ted Decker,The Home Depot Inc,3,16,6,25,24.0,,Ted Decker The Home Depot Inc
2026-04-19,Priscilla Almodovar,Fannie Mae,2,19,4,25,16.0,,Priscilla Almodovar Fannie Mae
2026-04-19,Ron Sargent,Kroger,2,20,3,25,12.0,,Ron Sargent Kroger
2026-04-19,Mark Lashier,Phillips 66,5,8,12,25,48.0,,Mark Lashier Phillips 66
2026-04-19,Maryann Mannen,Marathon Petroleum,3,19,3,25,12.0,,Maryann Mannen Marathon Petroleum
2026-04-19,Dan Schulman,Verizon,4,16,5,25,20.0,,Dan Schulman Verizon
2026-04-19,Jensen Huang,Nvidia,5,13,7,25,28.0,,Jensen Huang Nvidia
2026-04-19,David Solomon,Goldman Sachs,7,8,10,25,40.0,,David Solomon Goldman Sachs
2026-04-19,Charles Scharf,Wells Fargo,17,3,5,25,20.0,,Charles Scharf Wells Fargo
2026-04-19,Lane Riggs,Valero Energy,18,6,1,25,4.0,,Lane Riggs Valero Energy
2026-04-19,Brian Roberts,Comcast,4,15,6,25,24.0,,Brian Roberts Comcast
2026-04-19,Jon Farney,State Farm Insurance,6,16,3,25,12.0,,Jon Farney State Farm Insurance
2026-04-19,John Stankey,AT&T,8,11,6,25,24.0,,John Stankey AT&T
2026-04-19,Michael Hutchins,Freddie Mac,2,21,2,25,8.0,,Michael Hutchins Freddie Mac
2026-04-19,Jim Rechtin,Humana,13,9,3,25,12.0,,Jim Rechtin Humana
2026-04-19,Ted Pick,Morgan Stanley,15,9,1,25,4.0,,Ted Pick Morgan Stanley
2026-04-19,Michael Fiddelke,Target Corporation,3,16,6,25,24.0,,Michael Fiddelke Target Corporation
2026-04-19,Philip Smith,StoneX Group,3,13,1,17,5.9,,Philip Smith StoneX Group
2026-04-19,Elon Musk,Tesla,4,16,5,25,20.0,,Elon Musk Tesla
2026-04-19,Michael Dell,Dell Technologies,10,14,1,25,4.0,,Michael Dell Dell Technologies
2026-04-19,Ramon Laguarta,PepsiCo,6,16,3,25,12.0,,Ramon Laguarta PepsiCo
2026-04-19,Josh D'Amaro,The Walt Disney Company,10,7,8,25,32.0,,Josh D'Amaro The Walt Disney Company
2026-04-19,Carol Tome,UPS,8,7,10,25,40.0,,Carol Tome UPS
2026-04-19,Joaquin Duato,Johnson & Johnson,7,12,6,25,24.0,,Joaquin Duato Johnson & Johnson
2026-04-19,Rajesh Subramaniam,FedEx,4,15,6,25,24.0,,Rajesh Subramaniam FedEx
2026-04-19,Juan Luciano,Archer Daniels Midland,1,13,11,25,44.0,,Juan Luciano Archer Daniels Midland
2026-04-19,Jon Moeller,Procter & Gamble,4,17,4,25,16.0,,Jon Moeller Procter & Gamble
2026-04-19,Marvin Ellison,Lowe's Companies,6,15,4,25,16.0,,Marvin Ellison Lowe's Companies
2026-04-19,Thomas Long,Energy Transfer,18,4,3,25,12.0,,Thomas Long Energy Transfer
2026-04-19,Christopher Calio,RTX,8,15,2,25,8.0,,Christopher Calio RTX
2026-04-19,Susan Morris,Albertsons,10,14,1,25,4.0,,Susan Morris Albertsons
2026-04-19,Kevin Hourican,Sysco,8,13,4,25,16.0,,Kevin Hourican Sysco
2026-04-19,Tricia Griffith,Progressive Insurance,11,11,3,25,12.0,,Tricia Griffith Progressive Insurance
2026-04-19,Stephen Squeri,American Express,9,15,1,25,4.0,,Stephen Squeri American Express
2026-04-19,James Taiclet,Lockheed Martin,7,13,5,25,20.0,,James Taiclet Lockheed Martin
2026-04-19,Michel Khalaf,MetLife Inc,9,15,1,25,4.0,,Michel Khalaf MetLife Inc
2026-04-19,Samuel Hazen,HCA Healthcare,12,11,2,25,8.0,,Samuel Hazen HCA Healthcare
2026-04-19,Andrew Sullivan,Prudential Financial,7,18,0,25,0.0,,Andrew Sullivan Prudential Financial
2026-04-19,Kelly Ortberg,Boeing,6,15,4,25,16.0,,Kelly Ortberg Boeing
2026-04-19,Joe Creed,Caterpillar,3,22,0,25,0.0,,Joe Creed Caterpillar
2026-04-19,Robert M Davis,Merck,4,16,5,25,20.0,,Robert M Davis Merck
2026-04-19,Thomas J Wilson,Allstate,6,14,5,25,20.0,,Thomas J Wilson Allstate
2026-04-19,Albert Bourla,Pfizer,9,10,6,25,24.0,,Albert Bourla Pfizer
2026-04-19,Arvind Krishna,IBM,4,16,5,25,20.0,,Arvind Krishna IBM
2026-04-19,Craig DeSanto,New York Life Insurance,5,20,0,25,0.0,,Craig DeSanto New York Life Insurance
2026-04-19,Ed Bastian,Delta Air Lines,6,9,10,25,40.0,,Ed Bastian Delta Air Lines
2026-04-19,Kevin Murphy,Publix Super Markets,11,35,4,50,8.0,,Kevin Murphy Publix Super Markets
2026-04-19,Kirt Walker,Nationwide Mutual Insurance Company,9,15,1,25,4.0,,Kirt Walker Nationwide Mutual Insurance Company
2026-04-19,Patrick Zammit,TD Synnex,10,11,4,25,16.0,,Patrick Zammit TD Synnex
2026-04-19,Scott Kirby,United Airlines,16,3,6,25,24.0,,Scott Kirby United Airlines
2026-04-19,Ryan Lance,ConocoPhillips,10,10,5,25,20.0,,Ryan Lance ConocoPhillips
2026-04-19,Ernie Herrman,TJX,15,8,2,25,8.0,,Ernie Herrman TJX
2026-04-19,Bob Michael,AbbVie,5,14,6,25,24.0,,Bob Michael AbbVie
2026-04-19,AJ Jim Teague,Enterprise Products Partners,3,17,0,20,0.0,,AJ Jim Teague Enterprise Products Partners
2026-04-19,Christopher Winfrey,Charter Communications,9,14,2,25,8.0,,Christopher Winfrey Charter Communications
2026-04-19,George Holm,Performance Food,6,17,2,25,8.0,,George Holm Performance Food
2026-04-19,Robert Isom,American Airlines,9,12,4,25,16.0,,Robert Isom American Airlines
2026-04-19,Richard Fairbank,Capital One,8,14,3,25,12.0,,Richard Fairbank Capital One
2026-04-19,Chuck Robbins,Cisco Systems,12,10,3,25,12.0,,Chuck Robbins Cisco Systems
2026-04-19,Bruce Broussard,HP,1,24,0,25,0.0,,Bruce Broussard HP
2026-04-19,Donnie King,Tyson Foods,6,13,6,25,24.0,,Donnie King Tyson Foods
2026-04-19,Lip-Bu Tan,Intel,9,14,2,25,8.0,,Lip-Bu Tan Intel
2026-04-19,Clay Magouyrk,Oracle,4,17,4,25,16.0,,Clay Magouyrk Oracle
2026-04-19,Mike Sicilia,Oracle,3,14,8,25,32.0,,Mike Sicilia Oracle
2026-04-19,Hock Tan,Broadcom,0,21,4,25,16.0,,Hock Tan Broadcom
2026-04-19,John May,John Deere & Company,7,12,6,25,24.0,,John May John Deere & Company
2026-04-19,Elliott Hill,Nike,9,12,4,25,16.0,,Elliott Hill Nike
2026-04-19,Timothy M Sweeney,Liberty Mutual Insurance,22,1,0,23,0.0,,Timothy M Sweeney Liberty Mutual Insurance
2026-04-19,Willie Chiang,Plains GP,3,6,4,13,30.8,,Willie Chiang Plains GP
2026-04-19,Juan Andrade,USAA,6,13,6,25,24.0,,Juan Andrade USAA
2026-04-19,Chris Boerner,Bristol-Myers Squibb,11,12,2,25,8.0,,Chris Boerner Bristol-Myers Squibb
2026-04-19,Paul Bay,Ingram Micro,9,12,4,25,16.0,,Paul Bay Ingram Micro
2026-04-19,Phebe Novakovic,General Dynamics,17,6,2,25,8.0,,Phebe Novakovic General Dynamics
2026-04-19,James Quincey,The Coca-Cola Company,8,17,0,25,0.0,,James Quincey The Coca-Cola Company
2026-04-19,Thasunda Brown Duckett,TIAA,11,12,2,25,8.0,,Thasunda Brown Duckett TIAA
2026-04-19,Alan Schnitzer,The Travelers Indemnity Company,11,13,1,25,4.0,,Alan Schnitzer The Travelers Indemnity Company
2026-04-19,David Ricks,Eli Lilly,4,18,3,25,12.0,,David Ricks Eli Lilly
2026-04-19,Dara Khosrowshahi,Uber Technologies,5,17,3,25,12.0,,Dara Khosrowshahi Uber Technologies
2026-04-19,Roger Crandall,Mass Mutual,6,14,5,25,20.0,,Roger Crandall Mass Mutual
2026-04-19,Marc Casper,Thermo Fisher Scientific,9,14,2,25,8.0,,Marc Casper Thermo Fisher Scientific
2026-04-19,Gunjan Kedia,US Bancorp,8,16,1,25,4.0,,Gunjan Kedia US Bancorp
2026-04-19,Ira M Birns,World Kinect,5,10,0,15,0.0,,Ira M Birns World Kinect
2026-04-19,Robert Ford,Abbott Laboratories,9,13,3,25,12.0,,Robert Ford Abbott Laboratories
2026-04-19,Corie Barry,Best Buy,24,1,0,25,0.0,,Corie Barry Best Buy
2026-04-19,Tim Gerend,Northwestern Mutual,5,18,2,25,8.0,,Tim Gerend Northwestern Mutual
2026-04-19,Kathy Warden,Northrop Grumman,10,14,1,25,4.0,,Kathy Warden Northrop Grumman
2026-04-19,Joe Zubretsky,Molina Healthcare,6,14,5,25,20.0,,Joe Zubretsky Molina Healthcare
2026-04-19,Todd Vasos,Dollar General Corporation,9,15,1,25,4.0,,Todd Vasos Dollar General Corporation
2026-04-19,Robin Vince,Bank of New York Mellon,8,15,2,25,8.0,,Robin Vince Bank of New York Mellon
2026-04-19,David Zaslav,Warner Bros Discovery,6,16,3,25,12.0,,David Zaslav Warner Bros Discovery
2026-04-19,Jay Debertin,CHS,5,17,3,25,12.0,,Jay Debertin CHS
2026-04-19,Ted Sarandos,Netflix,7,10,8,25,32.0,,Ted Sarandos Netflix
2026-04-19,Cristiano Amon,Qualcomm,6,18,1,25,4.0,,Cristiano Amon Qualcomm
2026-04-19,Vimal Kapur,Honeywell,10,12,3,25,12.0,,Vimal Kapur Honeywell
2026-04-19,Marc Benioff,Salesforce,7,11,7,25,28.0,,Marc Benioff Salesforce
2026-04-19,Jacek Olczak,Philip Morris International,8,17,0,25,0.0,,Jacek Olczak Philip Morris International
2026-04-19,David Flitman,US Foods,6,16,3,25,12.0,,David Flitman US Foods
2026-04-19,Paul Romanowski,DR Horton Inc,6,17,2,25,8.0,,Paul Romanowski DR Horton Inc
2026-04-19,Bryan DeBoer,Lithia Motors,10,13,2,25,8.0,,Bryan DeBoer Lithia Motors
2026-04-19,Dirk Van de Put,Mondelez,3,17,5,25,20.0,,Dirk Van de Put Mondelez
2026-04-19,Brian Niccol,Starbucks,12,12,1,25,4.0,,Brian Niccol Starbucks
2026-04-19,Ryan McInerney,Visa Inc,9,14,2,25,8.0,,Ryan McInerney Visa Inc
2026-04-19,Robert Sulentic,CBRE Group,6,16,3,25,12.0,,Robert Sulentic CBRE Group
2026-04-19,Jonathan Jaffe,Lennar,0,14,1,15,6.7,,Jonathan Jaffe Lennar
2026-04-19,Scott Strazik,GE Vernova,3,19,3,25,12.0,,Scott Strazik GE Vernova
2026-04-19,William Demchak,PNC Financial Services,6,15,4,25,16.0,,William Demchak PNC Financial Services
2026-04-19,Jennifer Rumsey,Cummins Inc,8,14,3,25,12.0,,Jennifer Rumsey Cummins Inc
2026-04-19,Preston Feight,Paccar,7,16,2,25,8.0,,Preston Feight Paccar
2026-04-19,Robert Bradway,Amgen,3,18,4,25,16.0,,Robert Bradway Amgen
2026-04-19,Matthew Lucey,PBF Energy,14,6,0,20,0.0,,Matthew Lucey PBF Energy
2026-04-19,Brian D Pieninck,GuideWell Mutual,1,6,0,7,0.0,,Brian D Pieninck GuideWell Mutual
2026-04-19,Enrique Lores,PayPal,4,18,3,25,12.0,,Enrique Lores PayPal
2026-04-19,Sandy Douglas,United Natural Foods,19,6,0,25,0.0,,Sandy Douglas United Natural Foods
2026-04-19,Michael Creedon,Dollar Tree,5,20,0,25,0.0,,Michael Creedon Dollar Tree
2026-04-19,Leon Topalian,Nucor,9,15,1,25,4.0,,Leon Topalian Nucor
2026-04-19,Roger Penske,Penske Automotive,6,16,3,25,12.0,,Roger Penske Penske Automotive
2026-04-19,Bom Kim,Coupang,1,15,9,25,36.0,,Bom Kim Coupang
2026-04-19,Antonio Neri,Hewlett Packard Enterprise,8,13,4,25,16.0,,Antonio Neri Hewlett Packard Enterprise
2026-04-19,Harry Sideris,Duke Energy Corporation,23,1,1,25,4.0,,Harry Sideris Duke Energy Corporation
2026-04-19,Joseph Bae,KKR & Co,4,18,3,25,12.0,,Joseph Bae KKR & Co
2026-04-19,David Ellison,Paramount Global,6,16,3,25,12.0,,David Ellison Paramount Global
2026-04-19,Michael Dastoor,Jabil,5,14,6,25,24.0,,Michael Dastoor Jabil
2026-04-19,Daniel O'Day,Gilead Sciences,19,3,3,25,12.0,,Daniel O'Day Gilead Sciences
2026-04-19,Tim Go,HF Sinclair,3,7,15,25,60.0,,Tim Go HF Sinclair
2026-04-19,David McCreight,CarMax,3,15,7,25,28.0,,David McCreight CarMax
2026-04-19,Michael Miebach,Mastercard,6,18,1,25,4.0,,Michael Miebach Mastercard
2026-04-19,Lawrence Coben,NRG Energy,13,7,2,22,9.1,,Lawrence Coben NRG Energy
2026-04-19,William F Austen,Arrow Electronics,2,8,0,10,0.0,,William F Austen Arrow Electronics
2026-04-19,Lorenzo Simonelli,Baker Hughes,11,12,2,25,8.0,,Lorenzo Simonelli Baker Hughes
2026-04-19,Bob Jordan,Southwest Airlines,2,14,9,25,36.0,,Bob Jordan Southwest Airlines
2026-04-19,Eric Andersen,AIG,6,17,2,25,8.0,,Eric Andersen AIG
2026-04-19,Gary Dickerson,Applied Materials,3,9,13,25,52.0,,Gary Dickerson Applied Materials
2026-04-19,Vicki Hollub,Occidental Petroleum,6,16,3,25,12.0,,Vicki Hollub Occidental Petroleum
2026-04-19,Michael Manley,AutoNation,6,19,0,25,0.0,,Michael Manley AutoNation
2026-04-19,Christopher Womack,Southern Company,7,16,2,25,8.0,,Christopher Womack Southern Company
2026-04-19,Christopher Swift,The Hartford Insurance,9,15,1,25,4.0,,Christopher Swift The Hartford Insurance
2026-04-19,Marc Rowan,Apollo Global Management,6,10,9,25,36.0,,Marc Rowan Apollo Global Management
2026-04-19,Rick Wurster,Charles Schwab,6,14,5,25,20.0,,Rick Wurster Charles Schwab
2026-04-19,Chris Kempczinski,McDonalds,1,13,11,25,44.0,,Chris Kempczinski McDonalds
2026-04-19,Carlos Abrams-Rivera,Kraft Heinz,4,18,3,25,12.0,,Carlos Abrams-Rivera Kraft Heinz
2026-04-19,Lisa Su,Advanced Micro Devices,10,9,6,25,24.0,,Lisa Su Advanced Micro Devices
2026-04-19,William H Rogers Jr,Truist Financial,7,14,4,25,16.0,,William H Rogers Jr Truist Financial
2026-04-19,Kathleen Quirk,Freeport-McMoRan,9,12,4,25,16.0,,Kathleen Quirk Freeport-McMoRan
2026-04-19,Sanjay Mehrotra,Micron Technology,10,12,3,25,12.0,,Sanjay Mehrotra Micron Technology
2026-04-19,Anthony Capuano,Marriott International,12,13,0,25,0.0,,Anthony Capuano Marriott International
2026-04-19,David Gitlin,Carrier Global,7,15,3,25,12.0,,David Gitlin Carrier Global
2026-04-19,John Ketchum,NextEra Energy,18,7,0,25,0.0,,John Ketchum NextEra Energy
2026-04-19,William M Brown,3M Company,6,17,2,25,8.0,,William M Brown 3M Company
2026-04-19,John Doyle,Marsh,4,9,12,25,48.0,,John Doyle Marsh
2026-04-19,Patricia Poppe,Pacific Gas and Electric Company,6,11,8,25,32.0,,Patricia Poppe Pacific Gas and Electric Company
2026-04-19,Jim Vena,Union Pacific,12,12,1,25,4.0,,Jim Vena Union Pacific
2026-04-19,Brian Doubles,Synchrony Financial,7,15,3,25,12.0,,Brian Doubles Synchrony Financial
2026-04-19,Rainer Blair,Danaher,8,13,4,25,16.0,,Rainer Blair Danaher
2026-04-19,Philip Gallagher,Avnet,5,15,1,21,4.8,,Philip Gallagher Avnet
2026-04-19,Glenn Fogel,Booking Holdings,10,10,5,25,20.0,,Glenn Fogel Booking Holdings
2026-04-19,Ezra Yacob,EOG Resources,11,12,2,25,8.0,,Ezra Yacob EOG Resources
2026-04-19,Earl Austin,Quanta Services,8,12,1,21,4.8,,Earl Austin Quanta Services
2026-04-19,Michael Shepherd,Discover Financial,7,15,3,25,12.0,,Michael Shepherd Discover Financial
2026-04-19,Joseph Dominguez,Constellation Energy,17,6,2,25,8.0,,Joseph Dominguez Constellation Energy
2026-04-19,William Stengel II,Genuine Parts Company,3,20,1,24,4.2,,William Stengel II Genuine Parts Company
2026-04-19,Christian Ulbrich,Jones Lang LaSalle,12,12,1,25,4.0,,Christian Ulbrich Jones Lang LaSalle
2026-04-19,Raymond E Scott,Lear Corporation,2,10,2,14,14.3,,Raymond E Scott Lear Corporation
2026-04-19,Michael Rapino,Live Nation Entertainment,1,17,7,25,28.0,,Michael Rapino Live Nation Entertainment
2026-04-19,Heidi Petz,Sherwin-Williams,3,14,8,25,32.0,,Heidi Petz Sherwin-Williams
2026-04-19,Calvin G Butler Jr,Exelon,6,11,3,20,15.0,,Calvin G Butler Jr Exelon
2026-04-19,Tony Spring,Macys,10,13,2,25,8.0,,Tony Spring Macys
2026-04-19,Jeff Miller,Halliburton,10,12,3,25,12.0,,Jeff Miller Halliburton
2026-04-19,Kevin Lobo,Stryker,8,13,4,25,16.0,,Kevin Lobo Stryker
2026-04-19,Tony Cheng,Reinsurance Group of America,2,10,2,14,14.3,,Tony Cheng Reinsurance Group of America
2026-04-19,Ronald P O'Hanley,State Street,8,14,3,25,12.0,,Ronald P O'Hanley State Street
2026-04-19,John Engel,WESCO International,4,20,1,25,4.0,,John Engel WESCO International
2026-04-19,Pierce Norton II,Oneok,13,12,0,25,0.0,,Pierce Norton II Oneok
2026-04-19,Shantanu Narayen,Adobe,0,20,5,25,20.0,,Shantanu Narayen Adobe
2026-04-19,Bill Westrate,American Family Insurance,7,16,2,25,8.0,,Bill Westrate American Family Insurance
2026-04-19,Chris Kubasik,L3Harris Technologies,10,13,2,25,8.0,,Chris Kubasik L3Harris Technologies
2026-04-19,James Conroy,Ross Stores,6,18,1,25,4.0,,James Conroy Ross Stores
2026-04-19,Christine Leahy,CDW,4,18,3,25,12.0,,Christine Leahy CDW
2026-04-19,Saumya Sutaria,Tenet Healthcare,3,5,2,10,20.0,,Saumya Sutaria Tenet Healthcare
2026-04-19,Bob Eddy,BJ's Wholesale Club,4,20,1,25,4.0,,Bob Eddy BJ's Wholesale Club
2026-04-19,Mike Lyons,Fiserv,7,12,6,25,24.0,,Mike Lyons Fiserv
2026-04-19,William Gifford,Altria,4,20,1,25,4.0,,William Gifford Altria
2026-04-19,Larry Fink,BlackRock,9,11,5,25,20.0,,Larry Fink BlackRock
2026-04-19,Thomas Polen,Becton Dickinson,4,16,5,25,20.0,,Thomas Polen Becton Dickinson
2026-04-19,Noel Wallace,Colgate-Palmolive,6,18,1,25,4.0,,Noel Wallace Colgate-Palmolive
2026-04-19,Michael Hsu,Kimberly-Clark,9,13,3,25,12.0,,Michael Hsu Kimberly-Clark
2026-04-19,Daryl Kenningham,Group 1 Automotive,5,16,4,25,16.0,,Daryl Kenningham Group 1 Automotive
2026-04-19,Jennifer Parmentier,Parker-Hannifin,1,13,0,14,0.0,,Jennifer Parmentier Parker-Hannifin
2026-04-19,Jeffrey Harmening,General Mills,6,12,7,25,28.0,,Jeffrey Harmening General Mills
2026-04-19,Ravi Kumar S,Cognizant Technology Solutions,6,13,6,25,24.0,,Ravi Kumar S Cognizant Technology Solutions
2026-04-19,William Fehrman,American Electric Power,6,18,1,25,4.0,,William Fehrman American Electric Power
2026-04-19,Peter Arduini,GE HealthCare Technologies,5,17,3,25,12.0,,Peter Arduini GE HealthCare Technologies
2026-04-19,Maria Black,Automatic Data Processing,12,10,3,25,12.0,,Maria Black Automatic Data Processing
2026-04-19,Lourenco Goncalves,Cleveland-Cliffs,5,16,4,25,16.0,,Lourenco Goncalves Cleveland-Cliffs
2026-04-19,Dan Amos,Aflac,4,14,7,25,28.0,,Dan Amos Aflac
2026-04-19,Mark Stewart,Goodyear Tire & Rubber,6,18,1,25,4.0,,Mark Stewart Goodyear Tire & Rubber
2026-04-19,Kevin Hogan,Corebridge Financial,10,7,2,19,10.5,,Kevin Hogan Corebridge Financial
2026-04-19,Natascha Viljoen,Newmont,5,19,1,25,4.0,,Natascha Viljoen Newmont
2026-04-19,Andrew Silvernail,International Paper,9,14,2,25,8.0,,Andrew Silvernail International Paper
2026-04-19,Philip Daniele III,AutoZone,4,16,5,25,20.0,,Philip Daniele III AutoZone
2026-04-19,Ellen Cooper,Lincoln National,8,17,0,25,0.0,,Ellen Cooper Lincoln National
2026-04-19,Ryan Marshall,PulteGroup,7,12,6,25,24.0,,Ryan Marshall PulteGroup
2026-04-19,James Cracchiolo,Ameriprise Financial,0,19,6,25,24.0,,James Cracchiolo Ameriprise Financial
2026-04-19,Andrew Clyde,Murphy USA,7,17,1,25,4.0,,Andrew Clyde Murphy USA
2026-04-19,Jonas Prising,ManpowerGroup,8,13,4,25,16.0,,Jonas Prising ManpowerGroup
2026-04-19,David Bozeman,CH Robinson Worldwide,4,19,2,25,8.0,,David Bozeman CH Robinson Worldwide
2026-04-19,Timothy Knavish,PPG Industries,0,15,0,15,0.0,,Timothy Knavish PPG Industries
2026-04-19,Pedro Pizarro,Edison International,7,10,8,25,32.0,,Pedro Pizarro Edison International
2026-04-19,Mark Millett,Steel Dynamics,20,4,1,25,4.0,,Mark Millett Steel Dynamics
2026-04-19,Benjamin Tisch,Loews,2,15,8,25,32.0,,Benjamin Tisch Loews
2026-04-19,Karsanbhai,Emerson Electric,4,17,4,25,16.0,,Karsanbhai Emerson Electric
2026-04-19,John Zillmer,Aramark,4,19,2,25,8.0,,John Zillmer Aramark
2026-04-19,William Hornbuckle,MGM Resorts International,8,9,8,25,32.0,,William Hornbuckle MGM Resorts International
2026-04-19,James Burke,Vistra,9,5,0,14,0.0,,James Burke Vistra
2026-04-19,David Hult,Asbury Automotive Group,4,18,3,25,12.0,,David Hult Asbury Automotive Group
2026-04-19,DG Macpherson,WW Grainger,1,14,3,18,16.7,,DG Macpherson WW Grainger
2026-04-19,Eric Slifka,Global Partners,4,13,8,25,32.0,,Eric Slifka Global Partners
2026-04-19,Bob Pragada,Jacobs Solutions,8,15,2,25,8.0,,Bob Pragada Jacobs Solutions
2026-04-19,Charles Magro,Corteva,1,9,2,12,16.7,,Charles Magro Corteva
2026-04-19,Rick Lanoha,Kiewit Corporation,0,18,1,19,5.3,,Rick Lanoha Kiewit Corporation
2026-04-19,Michael Mahoney,Boston Scientific,5,15,5,25,20.0,,Michael Mahoney Boston Scientific
2026-04-19,Brad Beckham,O'Reilly Automotive,6,15,4,25,16.0,,Brad Beckham O'Reilly Automotive
2026-04-19,Thomas Bell,Leidos,7,16,2,25,8.0,,Thomas Bell Leidos
2026-04-19,Thomas Gayner,Markel Group,6,18,1,25,4.0,,Thomas Gayner Markel Group
2026-04-19,Marc Bitzer,Whirlpool Corporation,5,14,6,25,24.0,,Marc Bitzer Whirlpool Corporation
2026-04-19,Andrew McMahon,Guardian Life insurance,3,22,0,25,0.0,,Andrew McMahon Guardian Life insurance
2026-04-19,Peter Jackson,Builders FirstSource,5,14,0,19,0.0,,Peter Jackson Builders FirstSource
2026-04-19,Michael Rhodes,Ally Financial,3,20,2,25,8.0,,Michael Rhodes Ally Financial
2026-04-19,Matthew Meloy,Targa Resources,7,9,1,17,5.9,,Matthew Meloy Targa Resources
2026-04-19,James Breuer,Fluor,2,6,0,8,0.0,,James Breuer Fluor
2026-04-19,Sasan Goodarzi,Intuit,6,15,4,25,16.0,,Sasan Goodarzi Intuit
2026-04-19,Troy Rudd,AECOM,4,17,4,25,16.0,,Troy Rudd AECOM
2026-04-19,Penny Pennington,Edward Jones,8,15,2,25,8.0,,Penny Pennington Edward Jones
2026-04-19,Michael Bender,Kohl's,3,21,1,25,4.0,,Michael Bender Kohl's
2026-04-19,Beth Ford,Land O'Lakes,7,12,6,25,24.0,,Beth Ford Land O'Lakes
2026-04-19,Deanna Strable-Soethout,PrIncipal Financial,3,7,1,11,9.1,,Deanna Strable-Soethout PrIncipal Financial
2026-04-19,Robert Blue,Dominion Energy,11,11,3,25,12.0,,Robert Blue Dominion Energy
2026-04-19,Martin Schroeter,Kyndryl,5,16,4,25,16.0,,Martin Schroeter Kyndryl
2026-04-19,Jon Vander Ark,Republic Services,7,8,10,25,40.0,,Jon Vander Ark Republic Services
2026-04-19,Clay Gaspar,Devon Energy,18,6,1,25,4.0,,Clay Gaspar Devon Energy
2026-04-19,Christopher O'Herlihy,Illinois Tool Works,2,14,4,20,20.0,,Christopher O'Herlihy Illinois Tool Works
2026-04-19,Michael O'Grady,Northern Trust,20,5,0,25,0.0,,Michael O'Grady Northern Trust
2026-04-19,Jamie Whisnant,Auto-Owners Insurance,1,2,0,3,0.0,,Jamie Whisnant Auto-Owners Insurance
2026-04-19,Marc Miller,Universal Health Services,3,19,3,25,12.0,,Marc Miller Universal Health Services
2026-04-19,Darryl Button,Pacific Life,2,22,1,25,4.0,,Darryl Button Pacific Life
2026-04-19,Hamid Akhavan,EchoStar,10,10,5,25,20.0,,Hamid Akhavan EchoStar
2026-04-19,Christophe Beck,Ecolab,10,14,1,25,4.0,,Christophe Beck Ecolab
2026-04-19,Jack Fusco,Cheniere Energy,11,12,2,25,8.0,,Jack Fusco Cheniere Energy
2026-04-19,John Wren,Omnicom Group,5,15,5,25,20.0,,John Wren Omnicom Group
2026-04-19,Haviv Ilan,Texas Instruments,4,17,4,25,16.0,,Haviv Ilan Texas Instruments
2026-04-19,David Burritt,United States Steel,6,18,1,25,4.0,,David Burritt United States Steel
2026-04-19,Stéphane de La Faverie,The Estee Lauder Companies,6,16,3,25,12.0,,Stéphane de La Faverie The Estee Lauder Companies
2026-04-19,Raul Nicholas Vargas Ochoa,Farmers Insurance Group,0,0,0,0,0.0,,Raul Nicholas Vargas Ochoa Farmers Insurance Group
2026-04-19,Kirk Perry,Kenvue,3,19,3,25,12.0,,Kirk Perry Kenvue
2026-04-19,Ari Bousbib,IQVIA,5,19,1,25,4.0,,Ari Bousbib IQVIA
2026-04-19,Donald Allan,Stanley Black & Decker,5,18,2,25,8.0,,Donald Allan Stanley Black & Decker
2026-04-19,Timothy Cofer,Keurig Dr Pepper,4,8,0,12,0.0,,Timothy Cofer Keurig Dr Pepper
2026-04-19,Matthew Flannery,United Rentals,25,0,0,25,0.0,,Matthew Flannery United Rentals
2026-04-19,Timothy Cawley,Consolidated Edison,6,7,5,18,27.8,,Timothy Cawley Consolidated Edison
2026-04-19,Adam Norwitt,Amphenol,6,19,0,25,0.0,,Adam Norwitt Amphenol
2026-04-19,Brent Shafer,Baxter International,1,12,1,14,7.1,,Brent Shafer Baxter International
2026-04-19,Kimberly Dang,Kinder Morgan,11,4,0,15,0.0,,Kimberly Dang Kinder Morgan
2026-04-19,Erik Nordstrom,Nordstrom,5,17,3,25,12.0,,Erik Nordstrom Nordstrom
2026-04-19,Frank Holding,First Citizens BancShares,8,15,2,25,8.0,,Frank Holding First Citizens BancShares
2026-04-19,Paul Shoukry,Raymond James Financial,13,9,3,25,12.0,,Paul Shoukry Raymond James Financial
2026-04-19,Timothy Archer,Lam Research,11,10,4,25,16.0,,Timothy Archer Lam Research
2026-04-19,Harry Lawton III,Tractor Supply Company,5,9,1,15,6.7,,Harry Lawton III Tractor Supply Company
2026-04-19,Darren Rebelez,Caseys General Stores,11,14,0,25,0.0,,Darren Rebelez Caseys General Stores
2026-04-19,Scott Smith,Viatris,8,14,3,25,12.0,,Scott Smith Viatris
2026-04-19,James Blackledge,Mutual of Omaha,1,23,1,25,4.0,,James Blackledge Mutual of Omaha
2026-04-19,Anthony Guzzi,EMCOR Group,2,8,2,12,16.7,,Anthony Guzzi EMCOR Group
2026-04-19,Joseph Hinrichs,CSX,4,17,4,25,16.0,,Joseph Hinrichs CSX
2026-04-19,Justin Jude,LKQ,6,5,2,13,15.4,,Justin Jude LKQ
2026-04-19,Judith Marks,Otis Worldwide,5,17,3,25,12.0,,Judith Marks Otis Worldwide
2026-04-19,David Bruton Smith,Sonic Automotive,2,12,11,25,44.0,,David Bruton Smith Sonic Automotive
2026-04-19,Martina Cheung,S&P Global,11,14,0,25,0.0,,Martina Cheung S&P Global
2026-04-19,Leonard Schleifer,Regeneron Pharmaceuticals,6,13,6,25,24.0,,Leonard Schleifer Regeneron Pharmaceuticals
2026-04-19,Joseph Fadool,BorgWarner,2,14,0,16,0.0,,Joseph Fadool BorgWarner
2026-04-19,Karla Lewis,Reliance Inc,6,5,1,12,8.3,,Karla Lewis Reliance Inc
2026-04-19,John Barrett,Western & Southern Financial,6,18,1,25,4.0,,John Barrett Western & Southern Financial
2026-04-19,Scott Donnelly,Textron,5,19,1,25,4.0,,Scott Donnelly Textron
2026-04-19,Ariane Gorin,Expedia,8,14,3,25,12.0,,Ariane Gorin Expedia
2026-04-19,Michael Nolan,Fidelity National Financial,3,18,4,25,16.0,,Michael Nolan Fidelity National Financial
2026-04-19,Ernest Garcia III,Carvana,14,11,0,25,0.0,,Ernest Garcia III Carvana
2026-04-19,Raul Fernandez,DXC Technology,4,20,1,25,4.0,,Raul Fernandez DXC Technology
2026-04-19,Robert Berkley,WR Berkley,3,16,6,25,24.0,,Robert Berkley WR Berkley
2026-04-19,René Jones,M&T Bank,10,13,2,25,8.0,,René Jones M&T Bank
2026-04-19,Lauren Hobart,Dicks Sporting Goods,6,12,7,25,28.0,,Lauren Hobart Dicks Sporting Goods
2026-04-19,Robert Frenzel,Xcel Energy,9,10,6,25,24.0,,Robert Frenzel Xcel Energy
2026-04-19,Timothy Spence,Fifth Third Bancorp,8,12,5,25,20.0,,Timothy Spence Fifth Third Bancorp
2026-04-19,Stephen Schwarzman,Blackstone,7,16,2,25,8.0,,Stephen Schwarzman Blackstone
2026-04-19,Walker Martin,Sempra,0,4,1,5,20.0,,Walker Martin Sempra
2026-04-19,Timothy NeCastro,Erie Insurance,4,17,1,22,4.5,,Timothy NeCastro Erie Insurance
2026-04-19,Wendell Weeks,Corning,10,9,6,25,24.0,,Wendell Weeks Corning
2026-04-19,Kathleen Johnson,Lumen Technologies,15,9,1,25,4.0,,Kathleen Johnson Lumen Technologies
2026-04-19,Brian Tierney,FirstEnergy Corp,6,16,3,25,12.0,,Brian Tierney FirstEnergy Corp
2026-04-19,Adam Schechter,Labcorp Holdings,10,12,3,25,12.0,,Adam Schechter Labcorp Holdings
2026-04-19,Tiang Yew Tan,Western Digital,2,5,4,11,36.4,,Tiang Yew Tan Western Digital
2026-04-19,Rick McKenney,Unum Group,17,6,0,23,0.0,,Rick McKenney Unum Group
2026-04-19,Javier Rodriguez,DaVita,15,6,2,23,8.7,,Javier Rodriguez DaVita
2026-04-19,Steven Cahillane,Kellanova,0,24,1,25,4.0,,Steven Cahillane Kellanova
2026-04-19,Stanley Bergman,Henry Schein,1,21,3,25,12.0,,Stanley Bergman Henry Schein
2026-04-19,Robert Sanchez,Ryder System,3,20,2,25,8.0,,Robert Sanchez Ryder System
2026-04-19,Tim Hingtgen,Community Health Systems,4,17,4,25,16.0,,Tim Hingtgen Community Health Systems
2026-04-19,Avigal Soreq,Delek US,2,12,5,19,26.3,,Avigal Soreq Delek US
2026-04-19,Gerardo Norcia,DTE Energy,9,3,1,13,7.7,,Gerardo Norcia DTE Energy
2026-04-19,Mark Pearson,Equitable Holdings,11,12,2,25,8.0,,Mark Pearson Equitable Holdings
2026-04-19,Lori Koch,DuPont de Nemours,3,15,1,19,5.3,,Lori Koch DuPont de Nemours
2026-04-19,Rich Steinmeier,LPL Financial,12,11,2,25,8.0,,Rich Steinmeier LPL Financial
2026-04-19,Bruce Van Saun,Citizens Financial Group,14,8,3,25,12.0,,Bruce Van Saun Citizens Financial Group
2026-04-19,José Mas,MasTec,5,19,1,25,4.0,,José Mas MasTec
2026-04-19,Andrés Gluski,AES,12,11,2,25,8.0,,Andrés Gluski AES
2026-04-19,Kevin Kwilinski,Berry Global,4,15,0,19,0.0,,Kevin Kwilinski Berry Global
2026-04-19,Mark George,Norfolk Southern,8,15,2,25,8.0,,Mark George Norfolk Southern
2026-04-19,Eduardo Menezes,Air Products & Chemicals,6,10,9,25,36.0,,Eduardo Menezes Air Products & Chemicals
2026-04-19,Shelley Simpson,JB Hunt Transport Services,6,19,0,25,0.0,,Shelley Simpson JB Hunt Transport Services
2026-04-19,Ronald J Lewis,Ball Corporation,1,20,4,25,16.0,,Ronald J Lewis Ball Corporation
2026-04-19,Sean Connolly,Conagra Brands,3,21,1,25,4.0,,Sean Connolly Conagra Brands
2026-04-19,Stephen Steinour,Huntington Bancshares,10,12,3,25,12.0,,Stephen Steinour Huntington Bancshares
2026-04-19,James Snee,Hormel Foods,0,24,1,25,4.0,,James Snee Hormel Foods
2026-04-19,Joseph Nolan,Eversource Energy,7,14,4,25,16.0,,Joseph Nolan Eversource Energy
2026-04-19,William Oplinger,Alcoa Corporation,7,14,4,25,16.0,,William Oplinger Alcoa Corporation
2026-04-19,Drew Marsh,Entergy,11,14,0,25,0.0,,Drew Marsh Entergy
2026-04-19,Keith Demmings,Assurant,5,12,0,17,0.0,,Keith Demmings Assurant
2026-04-19,Sumit Singh,Chewy,11,12,2,25,8.0,,Sumit Singh Chewy
2026-04-19,Niraj Shah,Wayfair,9,13,3,25,12.0,,Niraj Shah Wayfair
2026-04-19,Brian Choi,Avis Budget,3,17,3,23,13.0,,Brian Choi Avis Budget
2026-04-19,Jeffrey Sprecher,Intercontinental Exchange,11,13,1,25,4.0,,Jeffrey Sprecher Intercontinental Exchange
2026-04-19,Benito Minicucci,Alaska Airlines,2,8,2,12,16.7,,Benito Minicucci Alaska Airlines
2026-04-19,Patrick Kelleher,GXO Logistics,8,16,1,25,4.0,,Patrick Kelleher GXO Logistics
2026-04-19,Eric Hansotia,AGCO,10,11,4,25,16.0,,Eric Hansotia AGCO
2026-04-19,Kathleen Mazzarella,Graybar Electric,9,16,0,25,0.0,,Kathleen Mazzarella Graybar Electric
2026-04-19,Rahul Goyal,Molson Coors Beverage,5,19,1,25,4.0,,Rahul Goyal Molson Coors Beverage
2026-04-19,Patrick Gallagher,Arthur J Gallagher & Co,12,13,0,25,0.0,,Patrick Gallagher Arthur J Gallagher & Co
2026-04-19,Christopher Kastner,Huntington Ingalls Industries,5,18,2,25,8.0,,Christopher Kastner Huntington Ingalls Industries
2026-04-19,Erik Fyrwald,International Flavors & Fragrances,8,12,5,25,20.0,,Erik Fyrwald International Flavors & Fragrances
2026-04-19,Ricardo Cardenas,Darden Restaurants,6,8,0,14,0.0,,Ricardo Cardenas Darden Restaurants
2026-04-19,Stephen Spray,CIncinnati Financial,6,14,5,25,20.0,,Stephen Spray CIncinnati Financial
2026-04-19,Scott Boatwright,Chipotle Mexican Grill,6,14,5,25,20.0,,Scott Boatwright Chipotle Mexican Grill
2026-04-19,Joey Wat,Yum China,11,11,3,25,12.0,,Joey Wat Yum China
2026-04-19,Patrick Dumont,Las Vegas Sands,3,21,1,25,4.0,,Patrick Dumont Las Vegas Sands
2026-04-19,Kecia Steelman,Ulta Beauty,21,4,0,25,0.0,,Kecia Steelman Ulta Beauty
2026-04-19,Thomas Reeg,Caesars Entertainment,7,14,4,25,16.0,,Thomas Reeg Caesars Entertainment
2026-04-19,Jon Rousseau,BrightSpring Health Services,7,17,1,25,4.0,,Jon Rousseau BrightSpring Health Services
2026-04-19,William Krueger,The Andersons Inc,4,9,0,13,0.0,,William Krueger The Andersons Inc
2026-04-19,Kirk Tanner,The Hershey Company,5,17,3,25,12.0,,Kirk Tanner The Hershey Company
2026-04-19,Christopher Nassetta,Hilton Worldwide,10,12,3,25,12.0,,Christopher Nassetta Hilton Worldwide
2026-04-19,Mark Wang,Hilton Grand Vacations,24,1,0,25,0.0,,Mark Wang Hilton Grand Vacations
2026-04-19,Bruce Bodine,The Mosaic Company,7,15,3,25,12.0,,Bruce Bodine The Mosaic Company
2026-04-19,Brian Chesky,Airbnb,10,8,7,25,28.0,,Brian Chesky Airbnb
2026-04-19,Kaes Van’t Hof,Diamondback Energy,15,6,4,25,16.0,,Kaes Van’t Hof Diamondback Energy
2026-04-19,Steven Vondran,American Tower,5,16,4,25,16.0,,Steven Vondran American Tower
2026-04-19,Reshma Kewalramani,Vertex Pharmaceuticals,8,15,2,25,8.0,,Reshma Kewalramani Vertex Pharmaceuticals
2026-04-19,William McDermott,ServiceNow,9,12,4,25,16.0,,William McDermott ServiceNow
2026-04-19,Brian Chambers,Owens Corning,3,19,3,25,12.0,,Brian Chambers Owens Corning
2026-04-19,Teresa Rasmussen,Thrivent Financial for Lutherans,2,8,0,10,0.0,,Teresa Rasmussen Thrivent Financial for Lutherans
2026-04-19,Shane O'Kelly,Advance Auto Parts,7,16,2,25,8.0,,Shane O'Kelly Advance Auto Parts
2026-04-19,Douglas Yearley,Toll Brothers,4,16,5,25,20.0,,Douglas Yearley Toll Brothers
2026-04-19,Jeffrey Lorberbaum,Mohawk Industries,13,11,1,25,4.0,,Jeffrey Lorberbaum Mohawk Industries
2026-04-19,Gregory Brown,Motorola Solutions,7,16,2,25,8.0,,Gregory Brown Motorola Solutions
2026-04-19,John Pfeifer,Oshkosh Corporation,6,19,0,25,0.0,,John Pfeifer Oshkosh Corporation
2026-04-19,Tony Xu,DoorDash,7,12,6,25,24.0,,Tony Xu DoorDash
2026-04-19,Edward Pesicka,Owens & Minor,8,15,2,25,8.0,,Edward Pesicka Owens & Minor
2026-04-19,Eugene Bredow,NVR Inc,0,9,1,10,10.0,,Eugene Bredow NVR Inc
2026-04-19,Philippe Krakowsky,Interpublic Group,5,18,2,25,8.0,,Philippe Krakowsky Interpublic Group
2026-04-19,Horacio Rozanski,Booz Allen Hamilton,10,11,4,25,16.0,,Horacio Rozanski Booz Allen Hamilton
2026-04-19,Michael O’Sullivan,Burlington Stores,9,15,1,25,4.0,,Michael O’Sullivan Burlington Stores
2026-04-19,Daniel Wall,Expeditors International of Washington,1,6,0,7,0.0,,Daniel Wall Expeditors International of Washington
2026-04-19,Calvin McDonald,Lululemon athletica,9,31,2,42,4.8,,Calvin McDonald Lululemon athletica
2026-04-19,Stephanie Ferris,Fidelity National Information Services,7,17,1,25,4.0,,Stephanie Ferris Fidelity National Information Services
2026-04-19,Rich Handler,Jefferies Financial,8,7,10,25,40.0,,Rich Handler Jefferies Financial
2026-04-19,Chad Zamarin,Williams Companies,11,12,2,25,8.0,,Chad Zamarin Williams Companies
2026-04-19,Bracken Darrell,VF Corporation,8,15,2,25,8.0,,Bracken Darrell VF Corporation
2026-04-19,Mikael Bratt,Autoliv,6,13,6,25,24.0,,Mikael Bratt Autoliv
2026-04-19,Rafael Santana,Westinghouse Air Brake Technologies,13,11,1,25,4.0,,Rafael Santana Westinghouse Air Brake Technologies
2026-04-19,Ralph LaRossa,Public Service Enterprise Group,9,13,3,25,12.0,,Ralph LaRossa Public Service Enterprise Group
2026-04-19,Jamie Iannone,Ebay,10,15,0,25,0.0,,Jamie Iannone Ebay
2026-04-19,Scott Richardson,Celanese,7,15,3,25,12.0,,Scott Richardson Celanese
2026-04-19,Cameron Bready,Global Payments,4,17,4,25,16.0,,Cameron Bready Global Payments
2026-04-19,Robert Thomson,News Corp,4,15,6,25,24.0,,Robert Thomson News Corp
2026-04-19,Robert Martin,THOR Industries,7,16,2,25,8.0,,Robert Martin THOR Industries
2026-04-19,David Rawlinson II,QVC Group,8,11,6,25,24.0,,David Rawlinson II QVC Group
2026-04-19,Andrew Teno,Icahn Enterprises,5,9,1,15,6.7,,Andrew Teno Icahn Enterprises
2026-04-19,William Newlands,Constellation Brands,5,18,2,25,8.0,,William Newlands Constellation Brands
2026-04-19,James Davis,Quest Diagnostics,7,17,1,25,4.0,,James Davis Quest Diagnostics
2026-04-19,Richard Wallace,KLA,2,10,1,13,7.7,,Richard Wallace KLA
2026-04-19,Brad Jacobs,QXO Building Products,2,21,2,25,8.0,,Brad Jacobs QXO Building Products
2026-04-19,John Christmann IV,APA,2,9,0,11,0.0,,John Christmann IV APA
2026-04-19,Gregory Roberts,A-Mark Precious Metals,14,9,2,25,8.0,,Gregory Roberts A-Mark Precious Metals
2026-04-19,Christopher Viehbacher,Biogen,8,15,2,25,8.0,,Christopher Viehbacher Biogen
2026-04-19,Mick Beekhuizen,The Campbells Company,4,16,5,25,20.0,,Mick Beekhuizen The Campbells Company
2026-04-19,Christopher Caldwell,Concentrix,11,11,3,25,12.0,,Christopher Caldwell Concentrix
2026-04-19,Todd Schneider,Cintas,6,16,3,25,12.0,,Todd Schneider Cintas
2026-04-19,Tony Sarsam,SpartanNash,9,16,0,25,0.0,,Tony Sarsam SpartanNash
2026-04-19,John Venhuizen,Ace Hardware,6,17,2,25,8.0,,John Venhuizen Ace Hardware
2026-04-19,Vincent Roche,Analog Devices,16,8,1,25,4.0,,Vincent Roche Analog Devices
2026-04-19,Mark Costa,Eastman Chemical,1,14,10,25,40.0,,Mark Costa Eastman Chemical
2026-04-19,Milan Galik,Interactive Brokers,4,19,2,25,8.0,,Milan Galik Interactive Brokers
2026-04-19,John Turner,Regions Financial,4,18,3,25,12.0,,John Turner Regions Financial
2026-04-19,Joanna Geraghty,JetBlue Airways,7,11,7,25,28.0,,Joanna Geraghty JetBlue Airways
2026-04-19,Kristin Peck,Zoetis,10,14,1,25,4.0,,Kristin Peck Zoetis
2026-04-19,Christopher Gorman,KeyCorp,6,15,4,25,16.0,,Christopher Gorman KeyCorp
2026-04-19,Mark Bertolini,Oscar Health,13,10,2,25,8.0,,Mark Bertolini Oscar Health
2026-04-19,Brendan McCracken,Ovintiv,11,14,0,25,0.0,,Brendan McCracken Ovintiv
2026-04-19,Robert Steer,Seaboard,0,12,0,12,0.0,,Robert Steer Seaboard
2026-04-19,Gil West,Hertz,6,13,6,25,24.0,,Gil West Hertz
2026-04-19,Robert Greenberg,Skechers USA,4,18,3,25,12.0,,Robert Greenberg Skechers USA
2026-04-19,Dennis Mathew,Optimum Communications Inc,8,15,2,25,8.0,,Dennis Mathew Optimum Communications Inc
2026-04-19,Clay Williams,NOV,11,11,3,25,12.0,,Clay Williams NOV
2026-04-19,Michael Doss,Graphic Packaging,4,16,5,25,20.0,,Michael Doss Graphic Packaging
2026-04-19,Deon Stander,Avery Dennison,0,12,0,12,0.0,,Deon Stander Avery Dennison
2026-04-19,Adaire Fox-Martin,Equinix,5,18,2,25,8.0,,Adaire Fox-Martin Equinix
2026-04-19,Joyce Mullen,Insight Enterprises,6,15,4,25,16.0,,Joyce Mullen Insight Enterprises
2026-04-19,Jennifer Witz,Sirius XM,9,15,1,25,4.0,,Jennifer Witz Sirius XM
2026-04-19,Stefan Larsson,PVH,5,12,8,25,32.0,,Stefan Larsson PVH
2026-04-19,Jason P Wells,CenterPoint Energy,17,6,2,25,8.0,,Jason P Wells CenterPoint Energy
2026-04-19,Scott Lauber,WEC Energy,14,11,0,25,0.0,,Scott Lauber WEC Energy
2026-04-19,Matthew Pine,Xylem Inc,8,16,1,25,4.0,,Matthew Pine Xylem Inc
2026-04-19,Jennifer Johnson,Franklin Resources,7,16,2,25,8.0,,Jennifer Johnson Franklin Resources
2026-04-19,Vincent Sorgi,PPL Corporation,9,15,1,25,4.0,,Vincent Sorgi PPL Corporation
2026-04-19,Carl Eschenbach,Workday,5,16,4,25,16.0,,Carl Eschenbach Workday
2026-04-19,Richard Tobin,Dover Corporation,7,17,1,25,4.0,,Richard Tobin Dover Corporation
2026-04-19,Mark Kowlzan,Packaging Corp of America,8,12,5,25,20.0,,Mark Kowlzan Packaging Corp of America
2026-04-19,Scott Salmirs,ABM Industries,8,13,4,25,16.0,,Scott Salmirs ABM Industries
2026-04-19,Dave Rosa,Intuitive Surgical,8,15,2,25,8.0,,Dave Rosa Intuitive Surgical
2026-04-19,Carl Lindner lll,American Financial Group,4,7,14,25,56.0,,Carl Lindner lll American Financial Group
2026-04-19,Blake Moret,Rockwell Automation,7,17,1,25,4.0,,Blake Moret Rockwell Automation
2026-04-19,Bryan Hanson,Solventum,8,14,3,25,12.0,,Bryan Hanson Solventum
2026-04-19,Craig Smiddy,Old Republic International,1,12,1,14,7.1,,Craig Smiddy Old Republic International
2026-04-19,Christopher Hilger,Securian Financial,5,11,0,16,0.0,,Christopher Hilger Securian Financial
2026-04-19,Hamid Moghadam,Prologis,1,22,2,25,8.0,,Hamid Moghadam Prologis
2026-04-19,Mark Smucker,JM Smucker,5,18,2,25,8.0,,Mark Smucker JM Smucker
2026-04-19,Sheryl Palmer,Taylor Morrison Home,4,20,1,25,4.0,,Sheryl Palmer Taylor Morrison Home
2026-04-19,Mario Harik,XPO,8,15,2,25,8.0,,Mario Harik XPO
2026-04-19,Heather Lavallee,Voya Financial,6,10,2,18,11.1,,Heather Lavallee Voya Financial
2026-04-19,Nikesh Arora,Palo Alto Networks,10,11,4,25,16.0,,Nikesh Arora Palo Alto Networks
2026-04-19,Giordano Albertazzi,Vertiv,13,11,1,25,4.0,,Giordano Albertazzi Vertiv
2026-04-19,Shankh Mitra,Welltower,10,13,2,25,8.0,,Shankh Mitra Welltower
2026-04-19,Ann Freeman,Foot Locker Inc,1,20,4,25,16.0,,Ann Freeman Foot Locker Inc
2026-04-19,William Monteleone,Par Pacific,2,7,0,9,0.0,,William Monteleone Par Pacific
2026-04-19,Kevin Stein,TransDigm,9,12,4,25,16.0,,Kevin Stein TransDigm
2026-04-19,Peter Matt,Commercial Metals,7,15,3,25,12.0,,Peter Matt Commercial Metals
2026-04-19,Rob Vitale,Post Holdings,2,18,5,25,20.0,,Rob Vitale Post Holdings
2026-04-19,Keith Allman,Masco,3,16,0,19,0.0,,Keith Allman Masco
2026-04-19,Rusty Rush,Rush Enterprises,6,18,1,25,4.0,,Rusty Rush Rush Enterprises
2026-04-19,Stuart Bradie,KBR,9,14,2,25,8.0,,Stuart Bradie KBR
2026-04-19,Jack Sinclair,Sprouts Farmers Market,10,10,5,25,20.0,,Jack Sinclair Sprouts Farmers Market
2026-04-19,Laura Alber,Williams-Sonoma,5,19,1,25,4.0,,Laura Alber Williams-Sonoma
2026-04-19,Ivan Tornos,Zimmer Biomet,5,13,7,25,28.0,,Ivan Tornos Zimmer Biomet
2026-04-19,John Mengucci,CACI International,9,14,2,25,8.0,,John Mengucci CACI International
2026-04-19,Steve Sanghi,Microchip Technology,6,18,1,25,4.0,,Steve Sanghi Microchip Technology
2026-04-19,Albert Nahmad,Watsco,5,18,2,25,8.0,,Albert Nahmad Watsco
2026-04-19,Christopher Peterson,Newell Brands,5,16,4,25,16.0,,Christopher Peterson Newell Brands
2026-04-19,Arie Kotler,ARKO,6,18,1,25,4.0,,Arie Kotler ARKO
2026-04-19,Jure Sola,Sanmina,2,22,1,25,4.0,,Jure Sola Sanmina
2026-04-19,Andrew Wilson,Electronic Arts,13,11,1,25,4.0,,Andrew Wilson Electronic Arts
2026-04-19,David Gibbs,Yum Brands,4,19,2,25,8.0,,David Gibbs Yum Brands
2026-04-19,Daniel Florness,Fastenal,3,18,4,25,16.0,,Daniel Florness Fastenal
2026-04-19,Garrick Rochow,CMS Energy,20,4,1,25,4.0,,Garrick Rochow CMS Energy
2026-04-19,Hilton Schlosberg,Monster Beverage,14,11,0,25,0.0,,Hilton Schlosberg Monster Beverage
2026-04-19,Toni Townes-Whitley,Science Applications International,3,21,1,25,4.0,,Toni Townes-Whitley Science Applications International
2026-04-19,Mark Witkowski,Core & Main,0,23,2,25,8.0,,Mark Witkowski Core & Main
2026-04-19,John Plant,Howmet Aerospace,2,21,2,25,8.0,,John Plant Howmet Aerospace
2026-04-19,James Zallie,Ingredion,10,11,4,25,16.0,,James Zallie Ingredion
2026-04-19,Thomas Hill,Vulcan Materials,10,11,4,25,16.0,,Thomas Hill Vulcan Materials
2026-04-19,Donald Zurbay,Patterson Companies Inc,1,6,2,9,22.2,,Donald Zurbay Patterson Companies Inc
2026-04-19,Anthony Smurfit,Smurfit Westrock,8,14,3,25,12.0,,Anthony Smurfit Smurfit Westrock
2026-04-19,Richard P Dealy,Pioneer Natural Resources,6,4,0,10,0.0,,Richard P Dealy Pioneer Natural Resources
2026-04-19,Derek Chang,Liberty Media,22,3,0,25,0.0,,Derek Chang Liberty Media
2026-04-19,Timothy J Donahue,Crown Holdings,8,15,2,25,8.0,,Timothy J Donahue Crown Holdings
2026-04-19,R Bruce McDonald,Dana Incorporated,9,15,1,25,4.0,,R Bruce McDonald Dana Incorporated
2026-04-19,J Kent Masters,Albemarle Corporation,8,12,5,25,20.0,,J Kent Masters Albemarle Corporation
2026-04-19,Malcolm C Roberts,FM Global,3,11,4,18,22.2,,Malcolm C Roberts FM Global
2026-04-19,Mike Speetzen,Polaris Inc,2,17,6,25,24.0,,Mike Speetzen Polaris Inc
2026-04-19,Bob Flexon,UGI Utilities Inc,0,7,2,9,22.2,,Bob Flexon UGI Utilities Inc
2026-04-19,Robert D Lawler,Continental Resources,3,3,0,6,0.0,,Robert D Lawler Continental Resources
2026-04-19,Domenic Dell’Osso Jr,Expand Energy Corporation,25,0,0,25,0.0,,Domenic Dell’Osso Jr Expand Energy Corporation
2026-04-19,H Michael Krimbill,NGL Energy Partners,6,4,0,10,0.0,,H Michael Krimbill NGL Energy Partners
2026-04-19,Hassane El-Khoury,ON Semiconductor,8,12,5,25,20.0,,Hassane El-Khoury ON Semiconductor
2026-04-19,Joseph M Otting,Flagstar Financial,6,7,3,16,18.8,,Joseph M Otting Flagstar Financial
2026-04-19,Gerry P Smith,ODP Business Solutions,3,7,2,12,16.7,,Gerry P Smith ODP Business Solutions
2026-04-19,Devin Stockfish,Weyerhaeuser,6,19,0,25,0.0,,Devin Stockfish Weyerhaeuser
2026-04-19,Thomas J McInerney,Genworth Financial,3,8,1,12,8.3,,Thomas J McInerney Genworth Financial
2026-04-19,Daniel Heaf,Bath & Body Works,6,13,6,25,24.0,,Daniel Heaf Bath & Body Works
2026-04-19,Linda Rendle,Clorox,3,20,2,25,8.0,,Linda Rendle Clorox
2026-04-19,Frank C Sullivan,RPM International,7,16,2,25,8.0,,Frank C Sullivan RPM International
2026-04-19,Matthew Missad,UFP Industries,9,8,1,18,5.6,,Matthew Missad UFP Industries
2026-04-19,Martin J Lyons,Ameren,5,11,2,18,11.1,,Martin J Lyons Ameren
2026-04-19,Adam W Miller,Knight Swift Transportation,8,12,2,22,9.1,,Adam W Miller Knight Swift Transportation
2026-04-19,Charles Liang,Super Micro Computer,14,6,5,25,20.0,,Charles Liang Super Micro Computer
2026-04-19,Gordon J Hardie,O-I Glass,0,3,0,3,0.0,,Gordon J Hardie O-I Glass
2026-04-19,Steve Henry,Domtar,1,8,3,12,25.0,,Steve Henry Domtar
2026-04-19,Chuck Treadway,CommScope,4,19,2,25,8.0,,Chuck Treadway CommScope
2026-04-19,Steven J Moskowitz,Crown Castle,3,9,3,15,20.0,,Steven J Moskowitz Crown Castle
2026-04-19,Emmanuel Ligner,Avantor,2,15,3,20,15.0,,Emmanuel Ligner Avantor
2026-04-19,Kaz Nejatian,Opendoor Technologies,9,14,2,25,8.0,,Kaz Nejatian Opendoor Technologies
2026-04-19,Russell Becker,APi Group,3,20,2,25,8.0,,Russell Becker APi Group
2026-04-19,Toby Rice,EQT,12,5,8,25,32.0,,Toby Rice EQT
2026-04-19,Jesse Arenivas,EnLink Midstream,5,10,0,15,0.0,,Jesse Arenivas EnLink Midstream
2026-04-19,Steven Bandrowczak,Xerox,6,16,3,25,12.0,,Steven Bandrowczak Xerox
2026-04-19,Vicente Reynal,Ingersoll Rand,8,17,0,25,0.0,,Vicente Reynal Ingersoll Rand
2026-04-19,William T Dillard II,Dillards,12,9,4,25,16.0,,William T Dillard II Dillards
2026-04-19,C Howard Nye,Martin Marietta Materials,2,6,3,11,27.3,,C Howard Nye Martin Marietta Materials
2026-04-19,Stephane Bancel,Moderna,6,12,7,25,28.0,,Stephane Bancel Moderna
2026-04-19,Nate R Jorgensen,Boise Cascade,1,2,0,3,0.0,,Nate R Jorgensen Boise Cascade
2026-04-19,Padraig McDonnell,Agilent Technologies,8,17,0,25,0.0,,Padraig McDonnell Agilent Technologies
2026-04-19,Kenneth T Lane,Olin Corporation,0,4,3,7,42.9,,Kenneth T Lane Olin Corporation
2026-04-19,Randall C Stuewe,Darling Ingredients,24,1,0,25,0.0,,Randall C Stuewe Darling Ingredients
2026-04-19,R Howard Coker,Sonoco Products,4,11,0,15,0.0,,R Howard Coker Sonoco Products
2026-04-19,Lee M Tillman,Marathon Oil,4,15,4,23,17.4,,Lee M Tillman Marathon Oil
2026-04-19,Mark Hoplamazian,Hyatt Hotels,4,20,1,25,4.0,,Mark Hoplamazian Hyatt Hotels
2026-04-19,David S Chernow,Select Medical Holdings,0,9,0,9,0.0,,David S Chernow Select Medical Holdings
2026-04-19,Brendan M Foley,McCormick & Company,5,18,2,25,8.0,,Brendan M Foley McCormick & Company
2026-04-19,Joanne Crevoiserat,Tapestry,11,14,0,25,0.0,,Joanne Crevoiserat Tapestry
2026-04-19,W Anthony Will,CF Industries,6,14,5,25,20.0,,W Anthony Will CF Industries
2026-04-19,David A Zapico,Ametek,3,18,2,23,8.7,,David A Zapico Ametek
2026-04-19,Craig Billings,Wynn Resorts,7,17,1,25,4.0,,Craig Billings Wynn Resorts
2026-04-19,Giel Rutten,Amkor Technology,5,19,1,25,4.0,,Giel Rutten Amkor Technology
2026-04-19,Paul Sarvadi,Insperity,12,13,0,25,0.0,,Paul Sarvadi Insperity
2026-04-19,Rob Sharps,T Rowe Price,8,11,6,25,24.0,,Rob Sharps T Rowe Price
2026-04-19,Patrice Louvet,Ralph Lauren,7,15,3,25,12.0,,Patrice Louvet Ralph Lauren
2026-04-19,Jeffrey Mezger,KB Home,3,15,7,25,28.0,,Jeffrey Mezger KB Home
2026-04-19,David M Foulkes,Brunswick Corporation,3,16,0,19,0.0,,David M Foulkes Brunswick Corporation
2026-04-19,M Keith Waddell,Robert Half,12,12,1,25,4.0,,M Keith Waddell Robert Half
2026-04-19,Jay Snowden,PENN Entertainment,16,8,1,25,4.0,,Jay Snowden PENN Entertainment
2026-04-19,George Kurian,NetApp,4,20,1,25,4.0,,George Kurian NetApp
2026-04-19,Joseph Morrissey,Organon,4,5,5,14,35.7,,Joseph Morrissey Organon
2026-04-19,Joel D Anderson,Petco Health and Wellness,2,12,2,16,12.5,,Joel D Anderson Petco Health and Wellness
2026-04-19,Louis V Pinkham,Regal Rexnord,1,9,1,11,9.1,,Louis V Pinkham Regal Rexnord
2026-04-19,Jay Geldmacher,Resideo Technologies,10,6,0,16,0.0,,Jay Geldmacher Resideo Technologies
2026-04-19,Matthew Wagner,Camping World,5,18,2,25,8.0,,Matthew Wagner Camping World
2026-04-19,Peter R Huntsman,Huntsman Corporation,3,17,5,25,20.0,,Peter R Huntsman Huntsman Corporation
2026-04-19,Hillary Super,Victorias Secret,14,8,3,25,12.0,,Hillary Super Victorias Secret
2026-04-19,Michelle Gass,Levi Strauss,8,16,1,25,4.0,,Michelle Gass Levi Strauss
2026-04-19,Neil Hunn,Roper Technologies,2,23,0,25,0.0,,Neil Hunn Roper Technologies
2026-04-19,Steven P Lawrence,Academy Sports and Outdoors,2,4,2,8,25.0,,Steven P Lawrence Academy Sports and Outdoors
2026-04-19,Phillippe Lord,Meritage Homes,8,13,4,25,16.0,,Phillippe Lord Meritage Homes
2026-04-19,David C Dauch,American Axle & Manufacturing,3,22,0,25,0.0,,David C Dauch American Axle & Manufacturing
2026-04-19,Olumide Soroye,Fortive,6,16,1,23,4.3,,Olumide Soroye Fortive
2026-04-19,Adena Friedman,Nasdaq Inc,12,11,2,25,8.0,,Adena Friedman Nasdaq Inc
2026-04-19,Tim Gokey,Broadridge Financial Solutions,7,17,1,25,4.0,,Tim Gokey Broadridge Financial Solutions
2026-04-19,Patrick M Shanahan,Spirit AeroSystems,2,16,0,18,0.0,,Patrick M Shanahan Spirit AeroSystems
2026-04-19,Robert Kyncl,Warner Music Group,12,12,1,25,4.0,,Robert Kyncl Warner Music Group
2026-04-19,Denise Dignam,Chemours,5,16,4,25,16.0,,Denise Dignam Chemours
2026-04-19,Jim DeVries,ADT Inc,6,8,2,16,12.5,,Jim DeVries ADT Inc
2026-04-19,Bernard Zovighian,Edwards Lifesciences,5,12,4,21,19.0,,Bernard Zovighian Edwards Lifesciences
2026-04-19,Mark E Seaton,First American Financial,2,14,2,18,11.1,,Mark E Seaton First American Financial
2026-04-19,John C Roche,Hanover Insurance Group,6,14,4,24,16.7,,John C Roche Hanover Insurance Group
2026-04-19,Adam J Greenlee,Silgan,1,4,2,7,28.6,,Adam J Greenlee Silgan
2026-04-19,Ari Emanuel,WME Group,4,20,1,25,4.0,,Ari Emanuel WME Group
2026-04-19,Robert Fauber,Moodys Corporation,10,9,6,25,24.0,,Robert Fauber Moodys Corporation
2026-04-19,Thomas E Jorden,Coterra Energy,13,1,0,14,0.0,,Thomas E Jorden Coterra Energy
2026-04-19,Eugene A Hall,Gartner,3,19,3,25,12.0,,Eugene A Hall Gartner
2026-04-19,Kevin Plank,Under Armour,1,21,3,25,12.0,,Kevin Plank Under Armour
2026-04-19,James W Lanning,Ingles Markets,5,11,0,16,0.0,,James W Lanning Ingles Markets
2026-04-19,Matthew T Farrell,Church & Dwight,9,15,1,25,4.0,,Matthew T Farrell Church & Dwight
2026-04-19,Kevin M Freeman,Old Dominion Freight Line,2,8,0,10,0.0,,Kevin M Freeman Old Dominion Freight Line
2026-04-19,Joe Shoen,U-Haul,7,12,6,25,24.0,,Joe Shoen U-Haul
2026-04-19,Jayshree Ullal,Arista Networks,14,10,1,25,4.0,,Jayshree Ullal Arista Networks
2026-04-19,Sassine Ghazi,Synopsys,4,18,3,25,12.0,,Sassine Ghazi Synopsys
2026-04-19,Jochen Zeitz,Harley-Davidson,5,16,4,25,16.0,,Jochen Zeitz Harley-Davidson
2026-04-19,Nick Jeffery,Frontier Communications,4,20,1,25,4.0,,Nick Jeffery Frontier Communications
2026-04-19,Thomas Edward McCormick,Primoris Services,2,4,1,7,14.3,,Thomas Edward McCormick Primoris Services
2026-04-19,D Christian Koch,Carlisle Companies,5,15,3,23,13.0,,D Christian Koch Carlisle Companies
2026-04-19,David E Simon,Simon Property Group,0,18,7,25,28.0,,David E Simon Simon Property Group
2026-04-19,Stephen Bratspies,Hanesbrands,3,21,1,25,4.0,,Stephen Bratspies Hanesbrands
2026-04-19,George Bobb III,Teledyne Technologies,0,10,2,12,16.7,,George Bobb III Teledyne Technologies
2026-04-19,Terrence A Duffy,CME Group,7,15,3,25,12.0,,Terrence A Duffy CME Group
2026-04-19,Rami Rahim,Juniper Networks,4,19,2,25,8.0,,Rami Rahim Juniper Networks
2026-04-19,Markus Strobel,Coty,6,15,4,25,16.0,,Markus Strobel Coty
2026-04-19,Peter D Arvan,Pool Corporation,2,13,1,16,6.2,,Peter D Arvan Pool Corporation
2026-04-19,David Campbell,Evergy,17,7,1,25,4.0,,David Campbell Evergy
2026-04-19,Matthew J Murphy,Marvell Technology,4,12,0,16,0.0,,Matthew J Murphy Marvell Technology
2026-04-19,Lloyd Yates,NiSource,6,18,1,25,4.0,,Lloyd Yates NiSource
2026-04-19,William C Stone,SS&C Technologies,8,17,0,25,0.0,,William C Stone SS&C Technologies
2026-04-19,Mark Rourke,Schneider National,8,17,0,25,0.0,,Mark Rourke Schneider National
2026-04-19,Andrew Anagnost,Autodesk,10,11,4,25,16.0,,Andrew Anagnost Autodesk
2026-04-19,Dustin Semach,Sealed Air Corporation,5,19,1,25,4.0,,Dustin Semach Sealed Air Corporation
2026-04-19,William L Meaney,Iron Mountain,7,11,3,21,14.3,,William L Meaney Iron Mountain
2026-04-19,Andy P Power,Digital Realty Trust,9,10,1,20,5.0,,Andy P Power Digital Realty Trust
2026-04-19,Satish Dhanasekaran,Keysight Technologies,8,13,1,22,4.5,,Satish Dhanasekaran Keysight Technologies
2026-04-19,Frank M Svoboda,Globe Life,8,8,5,21,23.8,,Frank M Svoboda Globe Life
2026-04-19,Carey A Smith,Parsons Corporation,9,13,3,25,12.0,,Carey A Smith Parsons Corporation
2026-04-19,Ynon Kreiz,Mattel,8,15,2,25,8.0,,Ynon Kreiz Mattel
2026-04-19,Karen S Haller,Southwest Gas Holdings,2,8,0,10,0.0,,Karen S Haller Southwest Gas Holdings
2026-04-19,Terrance Williams,TruStage,2,7,1,10,10.0,,Terrance Williams TruStage
2026-04-19,Eric W Gerstenberg,Clean Harbors,8,1,1,10,10.0,,Eric W Gerstenberg Clean Harbors
2026-04-19,Gunner Smith,Cornerstone Building Brands,5,16,1,22,4.5,,Gunner Smith Cornerstone Building Brands
2026-04-19,Gerben W Bakker,Hubbell Incorporated,1,5,0,6,0.0,,Gerben W Bakker Hubbell Incorporated
2026-04-19,Dave Davis,Spirit Airlines,7,11,7,25,28.0,,Dave Davis Spirit Airlines
2026-04-19,Michael J Smith,Lamb Weston,1,14,10,25,40.0,,Michael J Smith Lamb Weston
2026-04-19,Strauss Zelnick,Take-Two Interactive Software,10,13,2,25,8.0,,Strauss Zelnick Take-Two Interactive Software
2026-04-19,John C Turner Jr,GMS,4,21,0,25,0.0,,John C Turner Jr GMS
2026-04-19,David M O'Malley,Penn Mutual Life Insurance,1,4,0,5,0.0,,David M O'Malley Penn Mutual Life Insurance
2026-04-19,Frank A Lonegro,Landstar System,3,7,3,13,23.1,,Frank A Lonegro Landstar System
2026-04-19,James F Risoleo,Host Hotels & Resorts,5,12,0,17,0.0,,James F Risoleo Host Hotels & Resorts
2026-04-19,Ken Xie,Fortinet,7,15,3,25,12.0,,Ken Xie Fortinet
2026-04-19,Doug Shulman,OneMain,1,9,0,10,0.0,,Doug Shulman OneMain
2026-04-19,Ryan Cohen,GameStop,8,13,4,25,16.0,,Ryan Cohen GameStop
2026-04-19,Mark W Begor,Equifax,2,23,0,25,0.0,,Mark W Begor Equifax
2026-04-19,Jay L Schottenstein,American Eagle Outfitters,13,10,2,25,8.0,,Jay L Schottenstein American Eagle Outfitters
2026-04-19,Ole Rosgaard,Greif,6,16,3,25,12.0,,Ole Rosgaard Greif
2026-04-19,Brian E Lane,Comfort Systems USA,24,0,1,25,4.0,,Brian E Lane Comfort Systems USA
2026-04-19,Robert M Buck,TopBuild,2,5,2,9,22.2,,Robert M Buck TopBuild
2026-04-19,Ralph Andretta,Bread Financial,5,11,0,16,0.0,,Ralph Andretta Bread Financial
2026-04-19,Jim Anderson,Coherent,3,21,1,25,4.0,,Jim Anderson Coherent
2026-04-19,Walter C. D. Carlson,Telephone & Data Systems,2,11,1,14,7.1,,Walter C. D. Carlson Telephone & Data Systems
2026-04-19,Ronald Kruszewski,Stifel Financial,8,15,2,25,8.0,,Ronald Kruszewski Stifel Financial
2026-04-19,Richard Hayne,Urban Outfitters,8,12,5,25,20.0,,Richard Hayne Urban Outfitters
2026-04-19,Simon Meester,Terex,7,18,0,25,0.0,,Simon Meester Terex
2026-04-19,Edward J Lehner,Ryerson Holding,2,4,0,6,0.0,,Edward J Lehner Ryerson Holding
2026-04-19,Nicholas T Pinchuk,Snap-on,6,9,1,16,6.2,,Nicholas T Pinchuk Snap-on
2026-04-19,Ryals McMullian,Flowers Foods,6,17,2,25,8.0,,Ryals McMullian Flowers Foods
2026-04-19,D Bryan Jordan,First Horizon,6,16,3,25,12.0,,D Bryan Jordan First Horizon
2026-04-19,John B Gibson,Paychex,1,15,0,16,0.0,,John B Gibson Paychex
2026-04-19,Chris Cocks,Hasbro,8,13,4,25,16.0,,Chris Cocks Hasbro
2026-04-19,Pete McPartland,Sentry Insurance Group,10,12,0,22,0.0,,Pete McPartland Sentry Insurance Group
2026-04-19,Michael Arougheti,Ares Management,6,13,6,25,24.0,,Michael Arougheti Ares Management
2026-04-19,Alok Maskara,Lennox International,12,9,0,21,0.0,,Alok Maskara Lennox International
2026-04-19,James C Grech,Peabody Energy,6,2,2,10,20.0,,James C Grech Peabody Energy
2026-04-19,C Thomas Evans Jr,Kemper Corporation,1,18,6,25,24.0,,C Thomas Evans Jr Kemper Corporation
2026-04-19,Perry A Sook,Nexstar Media Group,7,14,4,25,16.0,,Perry A Sook Nexstar Media Group
2026-04-19,Daniel Alegre,TelevisaUnivision,3,16,6,25,24.0,,Daniel Alegre TelevisaUnivision
2026-04-19,Scott L Thompson,Tempur Sealy International,1,8,0,9,0.0,,Scott L Thompson Tempur Sealy International
2026-04-19,Mike Simonds,TriNet Group,0,10,0,10,0.0,,Mike Simonds TriNet Group
2026-04-19,B Andrew Rose,Worthington Enterprises,1,14,0,15,0.0,,B Andrew Rose Worthington Enterprises
2026-04-19,Bruce L Caswell,Maximus,4,8,1,13,7.7,,Bruce L Caswell Maximus
2026-04-19,Robert L Reffkin,Compass Group,1,6,3,10,30.0,,Robert L Reffkin Compass Group
2026-04-19,Mark Eubanks,Brinks Company,6,16,3,25,12.0,,Mark Eubanks Brinks Company
2026-04-19,Peter Quigley,Kelly Services Inc,9,15,1,25,4.0,,Peter Quigley Kelly Services Inc
2026-04-19,David L Yowan,Navient,1,4,0,5,0.0,,David L Yowan Navient
2026-04-19,Mary E Kipp,Puget Sound Energy,5,4,1,10,10.0,,Mary E Kipp Puget Sound Energy
2026-04-19,Adam Aron,AMC Entertainment,9,9,7,25,28.0,,Adam Aron AMC Entertainment
2026-04-19,Mark J Tarr,Encompass Health,3,7,2,12,16.7,,Mark J Tarr Encompass Health
2026-04-19,Liam K Griffin,Skyworks Solutions,3,6,2,11,18.2,,Liam K Griffin Skyworks Solutions
2026-04-19,Richard G Kyle,Timken,6,18,1,25,4.0,,Richard G Kyle Timken
2026-04-19,Ron Gusek,Liberty Energy,23,1,1,25,4.0,,Ron Gusek Liberty Energy
2026-04-19,John E Geller Jr,Marriott Vacations Worldwide,3,12,0,15,0.0,,John E Geller Jr Marriott Vacations Worldwide
2026-04-19,Karl G. Glassman,Leggett & Platt,6,7,1,14,7.1,,Karl G. Glassman Leggett & Platt
2026-04-19,Jonathan H Weis,Weis Markets,5,20,0,25,0.0,,Jonathan H Weis Weis Markets
2026-04-19,Jeffrey B Guldner,Pinnacle West Capital,2,5,1,8,12.5,,Jeffrey B Guldner Pinnacle West Capital
2026-04-19,Arkadiy Dobkin,EPAM Systems,11,13,1,25,4.0,,Arkadiy Dobkin EPAM Systems
2026-04-19,Paul M Rady,Antero Resources,6,5,0,11,0.0,,Paul M Rady Antero Resources
2026-04-19,Michael Spanos,Bloomin Brands,4,19,2,25,8.0,,Michael Spanos Bloomin Brands
2026-04-19,Nicole A Kivisto,MDU Resources Group,4,8,0,12,0.0,,Nicole A Kivisto MDU Resources Group
2026-04-19,Gerald L Morgan,Texas Roadhouse,5,12,8,25,32.0,,Gerald L Morgan Texas Roadhouse
2026-04-19,Gabriel Tirador,Mercury General,3,8,0,11,0.0,,Gabriel Tirador Mercury General
2026-04-19,Nicholas I Fink,Fortune Brands Innovations,4,18,3,25,12.0,,Nicholas I Fink Fortune Brands Innovations
2026-04-19,Paul E Burdiss,Zions Bancorp,2,7,1,10,10.0,,Paul E Burdiss Zions Bancorp
2026-04-19,William J Christensen,JELD-WEN Holding,1,8,1,10,10.0,,William J Christensen JELD-WEN Holding
2026-04-19,Evan Spiegel,Snap Inc,4,8,13,25,52.0,,Evan Spiegel Snap Inc
2026-04-19,Bill Burns,Zebra Technologies,4,21,0,25,0.0,,Bill Burns Zebra Technologies
2026-04-19,Steven Sell,Agilon Health,1,8,5,14,35.7,,Steven Sell Agilon Health
2026-04-19,Richard M Olson,Toro Company,1,22,2,25,8.0,,Richard M Olson Toro Company
2026-04-19,Eric S Yuan,Zoom Video Communications,9,15,1,25,4.0,,Eric S Yuan Zoom Video Communications
2026-04-19,Dan L Batrack,Tetra Tech,5,5,0,10,0.0,,Dan L Batrack Tetra Tech
2026-04-19,Joseph D Russell Jr,Public Storage,0,14,2,16,12.5,,Joseph D Russell Jr Public Storage
2026-04-19,Jacob Thaysen,Illumina Inc,7,13,5,25,20.0,,Jacob Thaysen Illumina Inc
2026-04-19,Debra A Cafaro,Ventas Inc,15,9,1,25,4.0,,Debra A Cafaro Ventas Inc
2026-04-19,Pierre R Brondeau,FMC Corporation,2,12,2,16,12.5,,Pierre R Brondeau FMC Corporation
2026-04-19,Judy R McReynolds,ArcBest,6,18,1,25,4.0,,Judy R McReynolds ArcBest
2026-04-19,Russell J Weiner,Dominos Pizza Inc,10,12,3,25,12.0,,Russell J Weiner Dominos Pizza Inc
2026-04-19,Theodore S Hanson,ASGN,1,5,0,6,0.0,,Theodore S Hanson ASGN
2026-04-19,RJ Scaringe,Rivian Automotive,4,15,6,25,24.0,,RJ Scaringe Rivian Automotive
2026-04-19,Jeffrey N Simmons,Elanco Animal Health,14,7,4,25,16.0,,Jeffrey N Simmons Elanco Animal Health
2026-04-19,Tim O Shaughnessy,Graham Holdings Company,5,17,3,25,12.0,,Tim O Shaughnessy Graham Holdings Company
2026-04-19,Thomas V Taylor,Floor & Decor,3,8,3,14,21.4,,Thomas V Taylor Floor & Decor
2026-04-19,Neil A Schrimsher,Applied Industrial Technologies,1,13,0,14,0.0,,Neil A Schrimsher Applied Industrial Technologies
2026-04-19,Robert E Price,PriceSmart,2,10,1,13,7.7,,Robert E Price PriceSmart
2026-04-19,John David Risher,Lyft,6,16,3,25,12.0,,John David Risher Lyft
2026-04-19,Gary B Smith,Ciena,13,11,1,25,4.0,,Gary B Smith Ciena
2026-04-19,Barry Diller,IAC inc,10,13,2,25,8.0,,Barry Diller IAC inc
2026-04-19,Jim Jacobs,Country Financial,11,11,3,25,12.0,,Jim Jacobs Country Financial
2026-04-19,Devin B McGranahan,Western Union,3,15,2,20,10.0,,Devin B McGranahan Western Union
2026-04-19,R Scott Rowe,Flowserve,2,11,1,14,7.1,,R Scott Rowe Flowserve
2026-04-19,Kenneth A Vecchione,Western Alliance Bancorp,3,13,9,25,36.0,,Kenneth A Vecchione Western Alliance Bancorp
2026-04-19,John C Rademacher,Option Care Health,10,5,0,15,0.0,,John C Rademacher Option Care Health
2026-04-19,Doug Black,SiteOne Landscape Supply,5,19,1,25,4.0,,Doug Black SiteOne Landscape Supply
2026-04-19,Oliver G Brewer III,Topgolf Callaway Brands,2,4,0,6,0.0,,Oliver G Brewer III Topgolf Callaway Brands
2026-04-19,Glenn Sanford,eXp World,8,13,4,25,16.0,,Glenn Sanford eXp World
2026-04-19,Fran Horowitz,Abercrombie & Fitch,14,9,2,25,8.0,,Fran Horowitz Abercrombie & Fitch
2026-04-19,Kevin Akers,Atmos Energy,18,2,2,22,9.1,,Kevin Akers Atmos Energy
2026-04-19,Alessandro Maselli,Catalent,4,17,4,25,16.0,,Alessandro Maselli Catalent
2026-04-19,J Powell Brown,Brown & Brown,8,13,4,25,16.0,,J Powell Brown Brown & Brown
2026-04-19,Aman Bhutani,GoDaddy,10,15,0,25,0.0,,Aman Bhutani GoDaddy
2026-04-19,John C. Griffith,American Water Works,4,20,1,25,4.0,,John C. Griffith American Water Works
2026-04-19,John J Marchioni,Selective Insurance Group,4,13,3,20,15.0,,John J Marchioni Selective Insurance Group
2026-04-19,Lawson E Whiting,Brown-Forman,6,17,2,25,8.0,,Lawson E Whiting Brown-Forman
2026-04-19,Dave Peacock,Advantage Solutions,21,4,0,25,0.0,,Dave Peacock Advantage Solutions
2026-04-19,Mick Farrell,ResMed,7,17,1,25,4.0,,Mick Farrell ResMed
2026-04-19,Kamal Hathi,Splunk Inc,5,4,0,9,0.0,,Kamal Hathi Splunk Inc
2026-04-19,Todd Kelsey,Plexus Corp,8,7,1,16,6.2,,Todd Kelsey Plexus Corp
2026-04-19,Phillip D Yeager,Hub Group,3,11,1,15,6.7,,Phillip D Yeager Hub Group
2026-04-19,Steven B Hedlund,Lincoln Electric,4,13,1,18,5.6,,Steven B Hedlund Lincoln Electric
2026-04-19,Timothy C Oliver,NCR Atleos,1,5,0,6,0.0,,Timothy C Oliver NCR Atleos
2026-04-19,Bruce Fleming,Calumet Inc,3,5,1,9,11.1,,Bruce Fleming Calumet Inc
2026-04-19,Daniel S. Peyovich,Dycom Industries,2,5,2,9,22.2,,Daniel S. Peyovich Dycom Industries
2026-04-19,Avner M Applbaum,Valmont Industries,1,7,1,9,11.1,,Avner M Applbaum Valmont Industries
2026-04-19,Kimberly A Fields,ATI Inc,11,14,0,25,0.0,,Kimberly A Fields ATI Inc
2026-04-19,Khozema Z Shipchandler,Twilio,2,9,0,11,0.0,,Khozema Z Shipchandler Twilio
2026-04-19,Gary C Bhojwani,CNO Financial Group,2,11,0,13,0.0,,Gary C Bhojwani CNO Financial Group
2026-04-19,William Andrew Hendricks Jr,Patterson-UTI Energy,4,1,1,6,16.7,,William Andrew Hendricks Jr Patterson-UTI Energy
2026-04-19,Kevin D Hochman,Brinker International,8,15,2,25,8.0,,Kevin D Hochman Brinker International
2026-04-19,James C Foster,Charles River Laboratories International,4,20,1,25,4.0,,James C Foster Charles River Laboratories International
2026-04-19,Rajiv K Prasad,Hyster-Yale,0,3,0,3,0.0,,Rajiv K Prasad Hyster-Yale
2026-04-19,Eric T Steigerwalt,Brighthouse Financial,5,14,1,20,5.0,,Eric T Steigerwalt Brighthouse Financial
2026-04-19,Thomas L Ryan,Service Corp International,8,16,1,25,4.0,,Thomas L Ryan Service Corp International
2026-04-19,Charles M Nifong Jr,CrossAmerica Partners,0,3,0,3,0.0,,Charles M Nifong Jr CrossAmerica Partners
2026-04-19,Anirudh Devgan,Cadence,7,17,1,25,4.0,,Anirudh Devgan Cadence
2026-04-19,Andi Owen,MillerKnoll,8,10,7,25,28.0,,Andi Owen MillerKnoll
2026-04-19,Sumit Roy,Realty Income,7,18,0,25,0.0,,Sumit Roy Realty Income
2026-04-19,Timothy John Fitzgerald,Middleby,1,3,2,6,33.3,,Timothy John Fitzgerald Middleby
2026-04-19,Robert H Schottenstein,M/I Homes,5,20,0,25,0.0,,Robert H Schottenstein M/I Homes
2026-04-19,Stephen P MacMillan,Hologic,6,11,2,19,10.5,,Stephen P MacMillan Hologic
2026-04-19,Lisa M Barton,Alliant Energy,7,2,0,9,0.0,,Lisa M Barton Alliant Energy
2026-04-19,Aaron P Jagdfeld,Generac,2,11,1,14,7.1,,Aaron P Jagdfeld Generac
2026-04-19,Erik Gershwind,MSC Industrial Direct,10,11,4,25,16.0,,Erik Gershwind MSC Industrial Direct
2026-04-19,Varun Krishna,Rocket Companies,5,18,2,25,8.0,,Varun Krishna Rocket Companies
2026-04-19,Fahmi Karam,Upbound Group,5,7,0,12,0.0,,Fahmi Karam Upbound Group
2026-04-19,NADominic Ng,East West Bancorp,0,0,0,0,0.0,,NADominic Ng East West Bancorp
2026-04-19,Jason Potter,Grocery Outlet Holding,6,17,2,25,8.0,,Jason Potter Grocery Outlet Holding
2026-04-19,Simon D Campion,Dentsply Sirona,0,9,1,10,10.0,,Simon D Campion Dentsply Sirona
2026-04-19,Jeremy Wensinger,V2X,7,6,1,14,7.1,,Jeremy Wensinger V2X
2026-04-19,Andrew Rees,Crocs,10,11,4,25,16.0,,Andrew Rees Crocs
2026-04-19,David M Maura,Spectrum Brands,8,8,1,17,5.9,,David M Maura Spectrum Brands
2026-04-19,Sachin S Lawande,Visteon,9,14,2,25,8.0,,Sachin S Lawande Visteon
2026-04-19,Neil M Ashe,Acuity Inc,1,9,1,11,9.1,,Neil M Ashe Acuity Inc
2026-04-19,Lorie L Tekorius,The Greenbrier Companies,5,4,0,9,0.0,,Lorie L Tekorius The Greenbrier Companies
2026-04-19,John R Ciulla,Webster Financial,11,14,0,25,0.0,,John R Ciulla Webster Financial
2026-04-19,Sean D Keohane,Cabot Corporation,3,5,2,10,20.0,,Sean D Keohane Cabot Corporation
2026-04-19,Drew M Wilkerson,RXO Inc,5,2,2,9,22.2,,Drew M Wilkerson RXO Inc
2026-04-19,Daniel E Brown,Chord Energy,4,2,0,6,0.0,,Daniel E Brown Chord Energy
2026-04-19,Javier D Ferrer Fernandez,Popular Inc,3,5,0,8,0.0,,Javier D Ferrer Fernandez Popular Inc
2026-04-19,Olivier Rabiller,Garrett Motion Inc,4,19,0,23,0.0,,Olivier Rabiller Garrett Motion Inc
2026-04-19,Ronald N Tutor,Tutor Perini Corporation,5,16,4,25,16.0,,Ronald N Tutor Tutor Perini Corporation
2026-04-19,Jeff Liaw,Copart,6,11,5,22,22.7,,Jeff Liaw Copart
2026-04-19,Aman Narang,Toast Inc,5,17,3,25,12.0,,Aman Narang Toast Inc
2026-04-19,Joseph M Hogan,Align Technology,5,15,5,25,20.0,,Joseph M Hogan Align Technology
2026-04-19,Kevin J Wheeler,A O Smith,3,21,1,25,4.0,,Kevin J Wheeler A O Smith
2026-04-19,Christopher A Cartwright,TransUnion,9,14,2,25,8.0,,Christopher A Cartwright TransUnion
2026-04-19,James Kelly,NCR Voyix,2,12,0,14,0.0,,James Kelly NCR Voyix
2026-04-19,Tom Leighton,Akamai Technologies,13,11,1,25,4.0,,Tom Leighton Akamai Technologies
2026-04-19,Robert G Painter,Trimble Inc,6,4,0,10,0.0,,Robert G Painter Trimble Inc
2026-04-19,Tony Helton,Medical Mutual of Ohio,2,7,1,10,10.0,,Tony Helton Medical Mutual of Ohio
2026-04-19,Caroline S Grace,AMN Healthcare Services,0,2,1,3,33.3,,Caroline S Grace AMN Healthcare Services
2026-04-19,Patrick Kaltenbach,Mettler-Toledo International,2,6,1,9,11.1,,Patrick Kaltenbach Mettler-Toledo International
2026-04-19,Michael L Baur,ScanSource,2,6,1,9,11.1,,Michael L Baur ScanSource
2026-04-19,Jason Lippert,LCI Industries,5,19,1,25,4.0,,Jason Lippert LCI Industries
2026-04-19,Fredric J Tomczyk,Cboe Global Markets,0,11,3,14,21.4,,Fredric J Tomczyk Cboe Global Markets
2026-04-19,Octavio Marquez,Diebold Nixdorf,4,16,0,20,0.0,,Octavio Marquez Diebold Nixdorf
2026-04-19,Sivasankaran Somasundaram,ChampionX,7,5,0,12,0.0,,Sivasankaran Somasundaram ChampionX
2026-04-19,Ronald F Clarke,Corpay,1,10,1,12,8.3,,Ronald F Clarke Corpay
2026-04-19,Robert W Pittman,iHeartMedia,9,13,2,24,8.3,,Robert W Pittman iHeartMedia
2026-04-19,Patrick Zalupski,Dream Finders Homes,15,9,1,25,4.0,,Patrick Zalupski Dream Finders Homes
2026-04-19,Keith E Smith,Boyd Gaming,5,15,1,21,4.8,,Keith E Smith Boyd Gaming
2026-04-19,Mehran Assadi,NLV Financial,0,1,0,1,0.0,,Mehran Assadi NLV Financial
2026-04-19,Barry R Port,Ensign Group,3,10,3,16,18.8,,Barry R Port Ensign Group
2026-04-19,Denise A Paulonis,Sally Beauty,16,4,0,20,0.0,,Denise A Paulonis Sally Beauty
2026-04-19,Harsha V Agadi,Conduent,0,10,0,10,0.0,,Harsha V Agadi Conduent
2026-04-19,Jean-Michel Ribieras,Sylvamo,1,7,0,8,0.0,,Jean-Michel Ribieras Sylvamo
2026-04-19,Douglas F Bauer,Tri Pointe Homes,1,12,0,13,0.0,,Douglas F Bauer Tri Pointe Homes
2026-04-19,Shawn O'Connell,EnerSys,6,9,0,15,0.0,,Shawn O'Connell EnerSys
2026-04-19,Bill Meury,Incyte,4,12,2,18,11.1,,Bill Meury Incyte
2026-04-19,Dale Francescon,Century Communities,6,17,2,25,8.0,,Dale Francescon Century Communities
2026-04-19,Michael Nierenberg,Rithm Capital,7,17,1,25,4.0,,Michael Nierenberg Rithm Capital
2026-04-19,Michael J Brown,Euronet Worldwide,2,10,0,12,0.0,,Michael J Brown Euronet Worldwide
2026-04-19,Scott Seu,Hawaiian Electric Industries,4,18,3,25,12.0,,Scott Seu Hawaiian Electric Industries
2026-04-19,Jason D Robins,DraftKings,8,14,3,25,12.0,,Jason D Robins DraftKings
2026-04-19,Jonathan J Mazelsky,IDEXX Laboratories,2,4,5,11,45.5,,Jonathan J Mazelsky IDEXX Laboratories
2026-04-19,Richard S Swartz,MYR Group,2,2,0,4,0.0,,Richard S Swartz MYR Group
2026-04-19,Stefano Caroti,Deckers Outdoor,8,16,1,25,4.0,,Stefano Caroti Deckers Outdoor
2026-04-19,Jake Leach,DexCom,8,13,4,25,16.0,,Jake Leach DexCom
2026-04-19,John T C Lee,MKS Instruments,9,16,0,25,0.0,,John T C Lee MKS Instruments
2026-04-19,Edward B Pitoniak,VICI Properties,1,9,1,11,9.1,,Edward B Pitoniak VICI Properties
2026-04-19,Albert White III,Cooper Cos,6,13,6,25,24.0,,Albert White III Cooper Cos
2026-04-19,James Dempsey,Frontier Airlines,4,17,4,25,16.0,,James Dempsey Frontier Airlines
2026-04-19,Robert A Bruggeworth,Qorvo,1,7,1,9,11.1,,Robert A Bruggeworth Qorvo
2026-04-19,Winnie Park,Five Below,10,15,0,25,0.0,,Winnie Park Five Below
2026-04-19,Steven Oakland,TreeHouse Foods,9,14,2,25,8.0,,Steven Oakland TreeHouse Foods
2026-04-19,James S Hagedorn,Scotts Miracle-Gro,3,5,2,10,20.0,,James S Hagedorn Scotts Miracle-Gro
2026-04-19,Michael Cannon-Brookes,Atlassian,8,13,4,25,16.0,,Michael Cannon-Brookes Atlassian
2026-04-19,Bertrand Loy,Entegris,6,15,2,23,8.7,,Bertrand Loy Entegris
2026-04-19,William E Waltz,Atkore,2,7,1,10,10.0,,William E Waltz Atkore
2026-04-19,Celeste B Mastin,HB Fuller,1,14,1,16,6.2,,Celeste B Mastin HB Fuller
2026-04-19,Kyle T Larkin,Granite Construction,3,10,0,13,0.0,,Kyle T Larkin Granite Construction
2026-04-19,Michael J Happe,Winnebago Industries,1,5,3,9,33.3,,Michael J Happe Winnebago Industries
2026-04-19,Steven H Gunby,FTI Consulting,6,14,0,20,0.0,,Steven H Gunby FTI Consulting
2026-04-19,Stephan B Tanda,AptarGroup,8,15,2,25,8.0,,Stephan B Tanda AptarGroup
2026-04-19,Timothy P Boyle,Columbia Sportswear,4,14,5,23,21.7,,Timothy P Boyle Columbia Sportswear
2026-04-19,Anthony J Wood,Roku,8,12,1,21,4.8,,Anthony J Wood Roku
2026-04-19,M Christopher Doyle,Civitas Resources,0,2,0,2,0.0,,M Christopher Doyle Civitas Resources
2026-04-19,Andy Eidson,Alpha Metallurgical Resources,1,8,6,15,40.0,,Andy Eidson Alpha Metallurgical Resources
2026-04-19,Andy L Nemeth,Patrick Industries,2,5,0,7,0.0,,Andy L Nemeth Patrick Industries
2026-04-19,Roger W Jenkins,Murphy Oil,4,16,5,25,20.0,,Roger W Jenkins Murphy Oil
2026-04-19,Kevin S Blair,Synovus Financial,1,9,1,11,9.1,,Kevin S Blair Synovus Financial
2026-04-19,Julie Felss Masino,Cracker Barrel Old Country Store,2,9,14,25,56.0,,Julie Felss Masino Cracker Barrel Old Country Store
2026-04-19,David M Overton,Cheesecake Factory,10,14,1,25,4.0,,David M Overton Cheesecake Factory
2026-04-19,Nick DeIuliis,CNX Resources,13,10,1,24,4.2,,Nick DeIuliis CNX Resources
2026-04-19,Christopher Pappas,Chefs Warehouse,7,14,2,23,8.7,,Christopher Pappas Chefs Warehouse
2026-04-19,Tod Carpenter,Donaldson Company,5,15,5,25,20.0,,Tod Carpenter Donaldson Company
2026-04-19,Gregory L Christopher,Mueller Industries,4,17,2,23,8.7,,Gregory L Christopher Mueller Industries
2026-04-19,Rob Saltiel,MRC Global,2,11,2,15,13.3,,Rob Saltiel MRC Global
2026-04-19,Jillian C Evanko,Chart Industries,0,10,1,11,9.1,,Jillian C Evanko Chart Industries
2026-04-19,Dave Guilmette,Alight Solutions,2,11,1,14,7.1,,Dave Guilmette Alight Solutions
2026-04-19,Joel Smejkal,Vishay Intertechnology,4,13,0,17,0.0,,Joel Smejkal Vishay Intertechnology
2026-04-19,Dennis Degner,Range Resources,11,8,0,19,0.0,,Dennis Degner Range Resources
2026-04-19,Ira D Robbins,Valley National Bancorp,2,10,3,15,20.0,,Ira D Robbins Valley National Bancorp
2026-04-19,Bernard Kim,Match Group,3,19,3,25,12.0,,Bernard Kim Match Group
2026-04-19,Vincent Pilette,Gen Digital,5,15,3,23,13.0,,Vincent Pilette Gen Digital
2026-04-19,Timothy S Crane,Wintrust Financial,0,9,0,9,0.0,,Timothy S Crane Wintrust Financial
2026-04-19,Pat Roche,Moog Inc,6,16,3,25,12.0,,Pat Roche Moog Inc
2026-04-19,Mark R Widmar,First Solar,9,11,5,25,20.0,,Mark R Widmar First Solar
2026-04-19,Niko Lahanas,Central Garden & Pet,2,14,1,17,5.9,,Niko Lahanas Central Garden & Pet
2026-04-19,Chris Osowski,Green Plains Inc,10,14,1,25,4.0,,Chris Osowski Green Plains Inc
2026-04-19,Derek J Leathers,Werner Enterprises,1,11,2,14,14.3,,Derek J Leathers Werner Enterprises
2026-04-19,Adam Foroughi,AppLovin,7,11,7,25,28.0,,Adam Foroughi AppLovin
2026-04-19,Luca Savi,ITT,4,21,0,25,0.0,,Luca Savi ITT
2026-04-19,Lawrence H Silber,Herc Rentals,0,4,1,5,20.0,,Lawrence H Silber Herc Rentals
2026-04-19,Hilton H Howell Jr,Gray Television,5,17,3,25,12.0,,Hilton H Howell Jr Gray Television
2026-04-19,Eric D Ashleman,IDEX,1,7,0,8,0.0,,Eric D Ashleman IDEX
2026-04-19,Owen D Thomas,Boston Properties,3,21,1,25,4.0,,Owen D Thomas Boston Properties
2026-04-19,Kurt Wolf,Pitney Bowes,4,15,2,21,9.5,,Kurt Wolf Pitney Bowes
2026-04-19,Jeff Lorenger,Steelcase,5,7,0,12,0.0,,Jeff Lorenger Steelcase
2026-04-19,Charles D. Young,Sun Communities,5,11,2,18,11.1,,Charles D. Young Sun Communities
2026-04-19,Suzanne Foster,AdaptHealth,6,11,4,21,19.0,,Suzanne Foster AdaptHealth
2026-04-19,Grant E Sims,Genesis Energy,10,2,0,12,0.0,,Grant E Sims Genesis Energy
2026-04-19,Laura Prieskorn,Jackson Financial,8,16,1,25,4.0,,Laura Prieskorn Jackson Financial
2026-04-19,Rick L Wessel,FirstCash,1,7,2,10,20.0,,Rick L Wessel FirstCash
2026-04-19,Sherman Miller,Cal-Maine Foods,11,10,4,25,16.0,,Sherman Miller Cal-Maine Foods
2026-04-19,Paul A Lang,Arch Resources,17,7,1,25,4.0,,Paul A Lang Arch Resources
2026-04-19,Ashish K Khandpur,Avient,1,7,0,8,0.0,,Ashish K Khandpur Avient
2026-04-19,Shyam K Reddy,BlueLinx,2,4,0,6,0.0,,Shyam K Reddy BlueLinx
2026-04-19,Christopher S Ripley,Sinclair,7,11,7,25,28.0,,Christopher S Ripley Sinclair
2026-04-19,Stacy Kymes,BOK Financial,10,15,0,25,0.0,,Stacy Kymes BOK Financial
2026-04-19,James H Walter,Permian Resources,5,17,0,22,0.0,,James H Walter Permian Resources
2026-04-19,Jason Murray,PACS Group,11,10,4,25,16.0,,Jason Murray PACS Group
2026-04-19,Brian Armstrong,Coinbase Global,13,9,3,25,12.0,,Brian Armstrong Coinbase Global
2026-04-19,Oscar K Brown,Western Midstream Partners,7,11,4,22,18.2,,Oscar K Brown Western Midstream Partners
2026-04-19,Nicholas R Lower,Federated Mutual Insurance,1,1,4,6,66.7,,Nicholas R Lower Federated Mutual Insurance
2026-04-19,Morris Goldfarb,G-III Apparel Group,8,8,9,25,36.0,,Morris Goldfarb G-III Apparel Group
2026-04-19,Mark D Morelli,Vontier,2,7,1,10,10.0,,Mark D Morelli Vontier
2026-04-19,Matthew J Cox,Matson Inc,2,15,2,19,10.5,,Matthew J Cox Matson Inc
2026-04-19,David W Grzebinski,Kirby Corporation,4,6,2,12,16.7,,David W Grzebinski Kirby Corporation
2026-04-19,Keith A Harvey,Kaiser Aluminum,3,9,2,14,14.3,,Keith A Harvey Kaiser Aluminum
2026-04-19,Eric Nyman,Vista Outdoor,3,19,3,25,12.0,,Eric Nyman Vista Outdoor
2026-04-19,Doug Howe,Designer Brands Inc,8,17,0,25,0.0,,Doug Howe Designer Brands Inc
2026-04-19,Jerry E Gahlhoff Jr,Rollins Inc,2,4,2,8,25.0,,Jerry E Gahlhoff Jr Rollins Inc
2026-04-19,D Scott Barbour,Advanced Drainage Systems,6,4,0,10,0.0,,D Scott Barbour Advanced Drainage Systems
2026-04-19,Sean Gamble,Cinemark,9,8,8,25,32.0,,Sean Gamble Cinemark
2026-04-19,George Kurtz,CrowdStrike,10,13,2,25,8.0,,George Kurtz CrowdStrike
2026-04-19,Bill Ready,Pinterest,10,7,8,25,32.0,,Bill Ready Pinterest
2026-04-19,Fidji Simo,Instacart,5,16,4,25,16.0,,Fidji Simo Instacart
2026-04-19,Kimberly K Ryan,Hillenbrand,1,8,2,11,18.2,,Kimberly K Ryan Hillenbrand
2026-04-19,David S Graziosi,Allison Transmission,3,22,0,25,0.0,,David S Graziosi Allison Transmission
2026-04-19,Gary G Friedman,Restoration Hardware,4,17,3,24,12.5,,Gary G Friedman Restoration Hardware
2026-04-19,Lucinda M Baier,Brookdale Senior Living,4,8,3,15,20.0,,Lucinda M Baier Brookdale Senior Living
2026-04-19,Brian J Blaser,QuidelOrtho,2,7,1,10,10.0,,Brian J Blaser QuidelOrtho
2026-04-19,E Jean Savage,Trinity Industries,6,13,6,25,24.0,,E Jean Savage Trinity Industries
2026-04-19,Stuart Randle,Teleflex,1,4,2,7,28.6,,Stuart Randle Teleflex
2026-04-19,Laurans A Mendelson,HEICO,8,15,2,25,8.0,,Laurans A Mendelson HEICO
2026-04-19,Frank H Laukien,Bruker,2,12,0,14,0.0,,Frank H Laukien Bruker
2026-04-19,Harvey M Schwartz,Carlyle Group,6,18,1,25,4.0,,Harvey M Schwartz Carlyle Group
2026-04-19,Mark S LaVigne,Energizer Holdings,8,2,0,10,0.0,,Mark S LaVigne Energizer Holdings
2026-04-19,Amar Maletira,Rackspace Technology,6,15,4,25,16.0,,Amar Maletira Rackspace Technology
2026-04-19,Udit Batra,Waters Corporation,5,18,2,25,8.0,,Udit Batra Waters Corporation
2026-04-19,Eric M Green,West Pharmaceutical Services,5,19,1,25,4.0,,Eric M Green West Pharmaceutical Services
2026-04-19,Doug Palladini,Carters Inc,7,12,5,24,20.8,,Doug Palladini Carters Inc
2026-04-19,G Mike Mikan,NeueHealth,2,2,0,4,0.0,,G Mike Mikan NeueHealth
2026-04-19,Russell Chip Childs,SkyWest,1,5,2,8,25.0,,Russell Chip Childs SkyWest
2026-04-19,Debra Osteen,Acadia Healthcare,6,18,1,25,4.0,,Debra Osteen Acadia Healthcare
2026-04-19,Prahlad Singh,Revvity,4,7,2,13,15.4,,Prahlad Singh Revvity
2026-04-19,Maria M Pope,Portland General Electric,8,12,5,25,20.0,,Maria M Pope Portland General Electric
2026-04-19,Charles Chip Blankenship,Woodward Inc,1,8,0,9,0.0,,Charles Chip Blankenship Woodward Inc
2026-04-19,Mike Steib,TEGNA,8,16,1,25,4.0,,Mike Steib TEGNA
2026-04-19,Kurt J Ekert,Sabre Corporation,1,2,0,3,0.0,,Kurt J Ekert Sabre Corporation
2026-04-19,Matt Wilson,Light & Wonder,6,13,6,25,24.0,,Matt Wilson Light & Wonder
2026-04-19,Rob Katz,Vail Resorts,5,9,11,25,44.0,,Rob Katz Vail Resorts
2026-04-19,Marc Hathhorn,Radius Recycling,0,4,0,4,0.0,,Marc Hathhorn Radius Recycling
2026-04-19,David A Spector,PennyMac Financial Services,8,16,1,25,4.0,,David A Spector PennyMac Financial Services
2026-04-19,Frederick J Holzgrefe III,Saia Inc,2,8,0,10,0.0,,Frederick J Holzgrefe III Saia Inc
2026-04-19,Mark J Parrell,Equity Residential,5,4,2,11,18.2,,Mark J Parrell Equity Residential
2026-04-19,John W Lindsay,Helmerich & Payne,3,5,3,11,27.3,,John W Lindsay Helmerich & Payne
2026-04-19,Gary D Burnison,Korn Ferry,8,16,1,25,4.0,,Gary D Burnison Korn Ferry
2026-04-19,Timothy J McGrath,PC Connection Inc,2,4,1,7,14.3,,Timothy J McGrath PC Connection Inc
2026-04-19,Lynn M Bamford,Curtiss-Wright,12,11,2,25,8.0,,Lynn M Bamford Curtiss-Wright
2026-04-19,Jonathan W Witter,Sallie Mae,4,7,1,12,8.3,,Jonathan W Witter Sallie Mae
2026-04-19,Jeff Benck,Benchmark Electronics,5,16,0,21,0.0,,Jeff Benck Benchmark Electronics
2026-04-19,Charles H Giancarlo,Pure Storage,7,15,3,25,12.0,,Charles H Giancarlo Pure Storage
2026-04-19,Brian R Gray,Knife River Corporation,4,4,2,10,20.0,,Brian R Gray Knife River Corporation
2026-04-19,Jay Schmidt,Caleres Inc,4,12,3,19,15.8,,Jay Schmidt Caleres Inc
2026-04-19,Dale Asplund,BrightView Holdings,2,6,1,9,11.1,,Dale Asplund BrightView Holdings
2026-04-19,Jeffrey S Edwards,Cooper-Standard,3,14,0,17,0.0,,Jeffrey S Edwards Cooper-Standard
2026-04-19,Glenn J Williams,Primerica,4,3,4,11,36.4,,Glenn J Williams Primerica
2026-04-19,Francois Locoh-Donou,F5,9,13,3,25,12.0,,Francois Locoh-Donou F5
2026-04-19,Joseph Wm Foran,Matador Resources,5,9,0,14,0.0,,Joseph Wm Foran Matador Resources
2026-04-19,Sridhar Ramaswamy,Snowflake Inc,12,9,4,25,16.0,,Sridhar Ramaswamy Snowflake Inc
2026-04-19,Mark D Dankberg,Viasat,3,8,6,17,35.3,,Mark D Dankberg Viasat
2026-04-19,Francisco J Leon,California Resources,6,5,1,12,8.3,,Francisco J Leon California Resources
2026-04-19,Peter Stern,Peloton Interactive,10,10,5,25,20.0,,Peter Stern Peloton Interactive
2026-04-19,David Baszucki,Roblox,11,13,1,25,4.0,,David Baszucki Roblox
2026-04-19,Jeffrey W Edwards,Installed Building Products,1,8,1,10,10.0,,Jeffrey W Edwards Installed Building Products
2026-04-19,Clark Lauritzen,First National of Nebraska,1,8,0,9,0.0,,Clark Lauritzen First National of Nebraska
2026-04-19,Carlos Alberini,Guess Inc,3,19,3,25,12.0,,Carlos Alberini Guess Inc
2026-04-19,Shyam P Kambeyanda,ESAB,2,10,0,12,0.0,,Shyam P Kambeyanda ESAB
2026-04-19,Edmund Shallcross III,Amica Mutual Insurance,2,8,0,10,0.0,,Edmund Shallcross III Amica Mutual Insurance
2026-04-19,Benjamin W Schall,AvalonBay Communities,3,12,5,20,25.0,,Benjamin W Schall AvalonBay Communities
2026-04-19,Allan C Thygesen,DocuSign,6,10,4,20,20.0,,Allan C Thygesen DocuSign
2026-04-19,Bryan J Knutson,Titan Machinery,2,2,0,4,0.0,,Bryan J Knutson Titan Machinery
2026-04-19,Ara K Hovnanian,Hovnanian Enterprises,6,15,4,25,16.0,,Ara K Hovnanian Hovnanian Enterprises
2026-04-19,Kruti Patel Goyal,Etsy,8,14,3,25,12.0,,Kruti Patel Goyal Etsy
2026-04-19,Kevin Roycraft,Adams Resources & Energy,7,3,0,10,0.0,,Kevin Roycraft Adams Resources & Energy
2026-04-19,J Eric Evans,Surgery Partners,0,4,0,4,0.0,,J Eric Evans Surgery Partners
2026-04-19,Clint E Stein,Columbia Banking System,0,11,0,11,0.0,,Clint E Stein Columbia Banking System
2026-04-19,Lee M Shavel,Verisk Analytics,4,21,0,25,0.0,,Lee M Shavel Verisk Analytics
2026-04-19,Dave Banyard Jr,MasterBrand,0,1,1,2,50.0,,Dave Banyard Jr MasterBrand
2026-04-19,Diana Birkett Rakow,Hawaiian Airlines Inc,1,24,0,25,0.0,,Diana Birkett Rakow Hawaiian Airlines Inc
2026-04-19,Kristin A Dolan,AMC Networks,2,19,4,25,16.0,,Kristin A Dolan AMC Networks
2026-04-19,Brendan T Cavanagh,SBA Communications,2,11,1,14,7.1,,Brendan T Cavanagh SBA Communications
2026-04-19,George F Chappelle Jr,Americold Realty Trust,3,4,1,8,12.5,,George F Chappelle Jr Americold Realty Trust
2026-04-19,Thomas E Gottwald,NewMarket Corporation,1,12,1,14,7.1,,Thomas E Gottwald NewMarket Corporation
2026-04-19,Thomas J Baltimore Jr,Park Hotels & Resorts,4,19,2,25,8.0,,Thomas J Baltimore Jr Park Hotels & Resorts
2026-04-19,Peter M Moglia,Alexandria Real Estate Equities,2,7,3,12,25.0,,Peter M Moglia Alexandria Real Estate Equities
2026-04-19,Ronald J Kramer,Griffon Corporation,3,6,0,9,0.0,,Ronald J Kramer Griffon Corporation
2026-04-19,John L Plueger,Air Lease,3,13,0,16,0.0,,John L Plueger Air Lease
2026-04-19,Jennifer F Scanlon,UL Solutions,5,7,0,12,0.0,,Jennifer F Scanlon UL Solutions
2026-04-19,Greg Smith,Teradyne,8,14,3,25,12.0,,Greg Smith Teradyne
2026-04-19,Sean Trauschke,OGE Energy,20,2,3,25,12.0,,Sean Trauschke OGE Energy
2026-04-19,Norman D Schwartz,Bio-Rad Laboratories,2,4,2,8,25.0,,Norman D Schwartz Bio-Rad Laboratories
2026-04-19,Scott Doyle,Spire Inc,8,10,2,20,10.0,,Scott Doyle Spire Inc
2026-04-19,Michael E Reed,Gannett,0,5,2,7,28.6,,Michael E Reed Gannett
2026-04-19,Phillip D Green,Cullen Frost Bankers,3,14,8,25,32.0,,Phillip D Green Cullen Frost Bankers
2026-04-19,Joseph D Margolis,Extra Space Storage,3,13,1,17,5.9,,Joseph D Margolis Extra Space Storage
2026-04-19,Mark A Skonieczny,REV Group,1,7,3,11,27.3,,Mark A Skonieczny REV Group
2026-04-19,Ladd Wilks,ProFrac Holding,5,5,0,10,0.0,,Ladd Wilks ProFrac Holding
2026-04-19,Sundaram Nagarajan,Nordson,6,13,1,20,5.0,,Sundaram Nagarajan Nordson
2026-04-19,Anne P Noonan,Summit Materials,1,5,0,6,0.0,,Anne P Noonan Summit Materials
2026-04-19,Lori Flees,Valvoline Inc,3,10,6,19,31.6,,Lori Flees Valvoline Inc
2026-04-19,Scott H Baxter,Kontoor Brands,8,13,1,22,4.5,,Scott H Baxter Kontoor Brands
2026-04-19,Tim Larson,Skyline Champion,18,0,0,18,0.0,,Tim Larson Skyline Champion
2026-04-19,Chuck Divita,Teladoc Health,5,19,1,25,4.0,,Chuck Divita Teladoc Health
2026-04-19,W Bradley Southern,Louisiana-Pacific Corporation,0,6,1,7,14.3,,W Bradley Southern Louisiana-Pacific Corporation
2026-04-19,George C Freeman III,Universal Corporation,5,20,0,25,0.0,,George C Freeman III Universal Corporation
2026-04-19,James A Brock,Consol Energy,4,3,1,8,12.5,,James A Brock Consol Energy
2026-04-19,Robert Antokol,Playtika Holding,2,9,2,13,15.4,,Robert Antokol Playtika Holding
2026-04-19,Joe Craft,Alliance Resource Partners,9,14,2,25,8.0,,Joe Craft Alliance Resource Partners
2026-04-19,Paul Keel,Envista Holdings,2,9,1,12,8.3,,Paul Keel Envista Holdings
2026-04-19,Jared Isaacman,Shift4 Payments,6,17,2,25,8.0,,Jared Isaacman Shift4 Payments
2026-04-19,Mark Mac McFarland,Talen Energy,7,2,1,10,10.0,,Mark Mac McFarland Talen Energy
2026-04-19,Tony R Thene,Carpenter Technology,1,13,0,14,0.0,,Tony R Thene Carpenter Technology
2026-04-19,Melissa D Smith,WEX,5,12,1,18,5.6,,Melissa D Smith WEX
2026-04-19,James Jim C Ryan III,Old National Bancorp,0,3,1,4,25.0,,James Jim C Ryan III Old National Bancorp
2026-04-19,Peter J Federico,AGNC Investment,2,6,2,10,20.0,,Peter J Federico AGNC Investment
2026-04-19,Brent L Yeagy,Wabash National,0,5,1,6,16.7,,Brent L Yeagy Wabash National
2026-04-19,Henry A Fernandez,MSCI,7,13,5,25,20.0,,Henry A Fernandez MSCI
2026-04-19,Mark Penn,Stagwell,5,14,6,25,24.0,,Mark Penn Stagwell
2026-04-19,Julie Schertell,Mativ,1,14,0,15,0.0,,Julie Schertell Mativ
2026-04-19,Ashish Chand,Belden,3,7,1,11,9.1,,Ashish Chand Belden
2026-04-19,Greg Anderson,Allegiant Travel Company,6,19,0,25,0.0,,Greg Anderson Allegiant Travel Company
2026-04-19,Drew Houston,Dropbox,9,15,1,25,4.0,,Drew Houston Dropbox
2026-04-19,Kevin T Conroy,Exact Sciences,5,14,6,25,24.0,,Kevin T Conroy Exact Sciences
2026-04-19,Rex D Geveden,BWX Technologies,13,10,2,25,8.0,,Rex D Geveden BWX Technologies
2026-04-19,Scott R Wells,Clear Channel Outdoor Holdings,7,3,1,11,9.1,,Scott R Wells Clear Channel Outdoor Holdings
2026-04-19,Mac Cummings,Terakeet,3,7,0,10,0.0,,Mac Cummings Terakeet
2026-04-19,Casey Wasserman,Wasserman,7,14,4,25,16.0,,Casey Wasserman Wasserman
2026-04-19,Nancy Pierce,GEICO,8,14,2,24,8.3,,Nancy Pierce GEICO
2026-04-19,Richard Dickson,Gap Inc,17,7,1,25,4.0,,Richard Dickson Gap Inc
2026-04-19,Horacio Barbeito,Old Navy,4,11,2,17,11.8,,Horacio Barbeito Old Navy
2026-04-19,Marcus Lemonis,Bed Bath & Beyond,5,18,2,25,8.0,,Marcus Lemonis Bed Bath & Beyond
2026-04-19,Gregory A Adams,Kaiser Permanente,9,12,4,25,16.0,,Gregory A Adams Kaiser Permanente
2026-04-19,Andy MacMillan,Alteryx,3,19,3,25,12.0,,Andy MacMillan Alteryx
2026-04-19,Magda Chambriard,Petrobras,5,11,9,25,36.0,,Magda Chambriard Petrobras
2026-04-19,Mike Petrullo,Dynata,2,6,0,8,0.0,,Mike Petrullo Dynata
2026-04-19,James Fish Jr,WM,6,6,13,25,52.0,,James Fish Jr WM
2026-04-19,Jack Dorsey,Block Inc,1,6,18,25,72.0,,Jack Dorsey Block Inc
2026-04-19,Lachlan Murdoch,Fox Corporation,5,12,8,25,32.0,,Lachlan Murdoch Fox Corporation
2026-04-19,Jean-Marc Gilson,Westlake Corporation,2,11,2,15,13.3,,Jean-Marc Gilson Westlake Corporation
2026-04-19,Joe Earley,Hulu,8,16,1,25,4.0,,Joe Earley Hulu
2026-04-19,Brent Saunders,Bausch & Lomb,6,16,3,25,12.0,,Brent Saunders Bausch & Lomb
2026-04-19,Ayman Antoun,OpenText,1,16,0,17,0.0,,Ayman Antoun OpenText
2026-04-19,Paul Guyardo,Fetch Pet Insurance,2,12,1,15,6.7,,Paul Guyardo Fetch Pet Insurance
2026-04-19,James R Downing,St Jude Childrens Research Hospital,9,12,4,25,16.0,,James R Downing St Jude Childrens Research Hospital
2026-04-19,Stanley Middleman,Freedom Mortgage,16,8,1,25,4.0,,Stanley Middleman Freedom Mortgage
2026-04-19,Michael Rubin,Fanatics,10,12,3,25,12.0,,Michael Rubin Fanatics
2026-04-19,Shane Jacobson,American Cancer Society,3,3,19,25,76.0,,Shane Jacobson American Cancer Society
2026-04-19,Albert Crawford,BHG Financial,4,4,0,8,0.0,,Albert Crawford BHG Financial
2026-04-19,Robert F Smith,Vista Equity Partners,5,16,4,25,16.0,,Robert F Smith Vista Equity Partners
2026-04-19,Jonathan Lavine,Bain Capital,4,16,5,25,20.0,,Jonathan Lavine Bain Capital
2026-04-19,Joshua Bekenstein,Bain Capital,5,8,2,15,13.3,,Joshua Bekenstein Bain Capital
2026-04-19,Stephen Pagliuca,Bain Capital,3,20,2,25,8.0,,Stephen Pagliuca Bain Capital
2026-04-19,Baron Silverstein,Newrez,3,19,3,25,12.0,,Baron Silverstein Newrez
2026-04-19,Robert G Goldstein,Las Vegas Sands,6,16,3,25,12.0,,Robert G Goldstein Las Vegas Sands
2026-04-19,Jennifer L Mnookin,Columbia University,3,22,0,25,0.0,,Jennifer L Mnookin Columbia University
2026-04-19,Soren Toft,MSC Mediterranean Shipping Company,3,20,2,25,8.0,,Soren Toft MSC Mediterranean Shipping Company
2026-04-19,Joe Rice,Motley Rice,5,9,11,25,44.0,,Joe Rice Motley Rice
2026-04-19,Michael ByungJu Kim,MBK Partners,3,5,17,25,68.0,,Michael ByungJu Kim MBK Partners
2026-04-19,Michael Fisch,American Securities,13,7,4,24,16.7,,Michael Fisch American Securities
2026-04-19,Oliver Schusser,Beats Electronics LLC,1,3,0,4,0.0,,Oliver Schusser Beats Electronics LLC
2026-04-19,Andrew Dudum,Hims & Hers,6,16,3,25,12.0,,Andrew Dudum Hims & Hers
2026-04-19,Brian Sikes,Cargill,5,18,2,25,8.0,,Brian Sikes Cargill
2026-04-19,Dave Robertson,Koch Inc,5,15,5,25,20.0,,Dave Robertson Koch Inc
2026-04-19,Poul Weihrauch,Mars,4,21,0,25,0.0,,Poul Weihrauch Mars
2026-04-19,Charles Butt,H-E-B Grocery Company,7,15,3,25,12.0,,Charles Butt H-E-B Grocery Company
2026-04-19,Duke Reyes,Reyes Holdings,2,21,2,25,8.0,,Duke Reyes Reyes Holdings
2026-04-19,Chrissy Taylor,Enterprise Mobility,6,18,1,25,4.0,,Chrissy Taylor Enterprise Mobility
2026-04-19,Eric Winn,C&S Wholesale Grocers,7,17,1,25,4.0,,Eric Winn C&S Wholesale Grocers
2026-04-19,Abigail Johnson,Fidelity Investments,5,14,6,25,24.0,,Abigail Johnson Fidelity Investments
2026-04-19,Wayne Chaplin,Southern Glazer's Wine & Spirits,7,16,2,25,8.0,,Wayne Chaplin Southern Glazer's Wine & Spirits
2026-04-19,Greg Love,Love's Travel Stops & Country Stores,10,6,9,25,36.0,,Greg Love Love's Travel Stops & Country Stores
2026-04-19,Jim Boyle,Medline Industries,10,14,1,25,4.0,,Jim Boyle Medline Industries
2026-04-19,Alex Taylor,Cox Enterprises,10,15,0,25,0.0,,Alex Taylor Cox Enterprises
2026-04-19,Rick Keyes,Meijer,8,16,1,25,4.0,,Rick Keyes Meijer
2026-04-19,Rich Wolowski,Gordon Food Service,8,17,0,25,0.0,,Rich Wolowski Gordon Food Service
2026-04-19,Dan Chait,JM Family Enterprises,3,12,0,15,0.0,,Dan Chait JM Family Enterprises
2026-04-19,Brendan Bechtel,Bechtel,4,17,4,25,16.0,,Brendan Bechtel Bechtel
2026-04-19,Keith Rozolis,ABC Supply,4,17,0,21,0.0,,Keith Rozolis ABC Supply
2026-04-19,Jim Kavanaugh,World Wide Technology,8,17,0,25,0.0,,Jim Kavanaugh World Wide Technology
2026-04-19,Kevin Thornton,QuikTrip,4,5,0,9,0.0,,Kevin Thornton QuikTrip
2026-04-19,Jim Voss,Tenneco,4,7,0,11,0.0,,Jim Voss Tenneco
2026-04-19,Chris Gheysens,Wawa,7,15,3,25,12.0,,Chris Gheysens Wawa
2026-04-19,Natalie Morhous,RaceTrac,5,13,0,18,0.0,,Natalie Morhous RaceTrac
2026-04-19,Bob Sternfels,McKinsey & Company,8,16,1,25,4.0,,Bob Sternfels McKinsey & Company
2026-04-19,Craig Abod,Carahsoft,14,10,1,25,4.0,,Craig Abod Carahsoft
2026-04-19,Thai Lee,SHI International,6,18,1,25,4.0,,Thai Lee SHI International
2026-04-19,Jay Alvather,Allegis Group,2,7,1,10,10.0,,Jay Alvather Allegis Group
2026-04-19,John Tu,Kingston Technology,7,18,0,25,0.0,,John Tu Kingston Technology
2026-04-19,Travis R Sheetz,Sheetz,7,14,1,22,4.5,,Travis R Sheetz Sheetz
2026-04-19,Andrew Novotny,Calpine,5,6,0,11,0.0,,Andrew Novotny Calpine
2026-04-19,Dan Friedkin,The Friedkin Group,8,12,5,25,20.0,,Dan Friedkin The Friedkin Group
2026-04-19,Jeremy Gosch,Hy-Vee,10,15,0,25,0.0,,Jeremy Gosch Hy-Vee
2026-04-19,John Menard Jr,Menards,5,14,6,25,24.0,,John Menard Jr Menards
2026-04-19,Colleen Wegman,Wegmans Food Markets,19,5,1,25,4.0,,Colleen Wegman Wegmans Food Markets
2026-04-19,Christoph Schweizer,BCG (Boston Consulting Group),7,14,4,25,16.0,,Christoph Schweizer BCG (Boston Consulting Group)
2026-04-19,Steven R Swartz,Hearst,6,17,2,25,8.0,,Steven R Swartz Hearst
2026-04-19,Fisk Johnson,SC Johnson,12,10,3,25,12.0,,Fisk Johnson SC Johnson
2026-04-19,Tim Regan,Whiting-Turner Contracting,4,21,0,25,0.0,,Tim Regan Whiting-Turner Contracting
2026-04-19,Bill Artman,Giant Eagle,6,17,2,25,8.0,,Bill Artman Giant Eagle
2026-04-19,Robert Mullen,STO Building Group,2,8,0,10,0.0,,Robert Mullen STO Building Group
2026-04-19,Kathleen M Mazzarella,Graybar Electric,3,9,1,13,7.7,,Kathleen M Mazzarella Graybar Electric
2026-04-19,Todd Wanek,Ashley Furniture Industries,6,16,3,25,12.0,,Todd Wanek Ashley Furniture Industries
2026-04-19,Marc Sachs,Republic National Distributing Company,3,20,2,25,8.0,,Marc Sachs Republic National Distributing Company
2026-04-19,Garrett Lofto,JR Simplot,2,7,1,10,10.0,,Garrett Lofto JR Simplot
2026-04-19,David Winter,Standard Industries,10,15,0,25,0.0,,David Winter Standard Industries
2026-04-19,Dick Tracy,Dot Foods,7,16,2,25,8.0,,Dick Tracy Dot Foods
2026-04-19,David Jukes,Univar Solutions,2,14,0,16,0.0,,David Jukes Univar Solutions
2026-04-19,Kevin McAdams,Perdue Farms,5,19,1,25,4.0,,Kevin McAdams Perdue Farms
2026-04-19,Ken Hicks,Petsmart,1,13,1,15,6.7,,Ken Hicks Petsmart
2026-04-19,Grant Haag,WinCo Foods,7,3,0,10,0.0,,Grant Haag WinCo Foods
2026-04-19,George Pfeffer,DPR Construction,3,7,0,10,0.0,,George Pfeffer DPR Construction
2026-04-19,Dean Muglia,Discount Tire,2,23,0,25,0.0,,Dean Muglia Discount Tire
2026-04-19,Christopher Leitner,Tenaska,1,4,0,5,0.0,,Christopher Leitner Tenaska
2026-04-19,David Kohler,Kohler,6,15,4,25,16.0,,David Kohler Kohler
2026-04-19,Shahid Khan,Flex-N-Gate,7,15,3,25,12.0,,Shahid Khan Flex-N-Gate
2026-04-19,Doug Lawler,Continental Resources,8,16,1,25,4.0,,Doug Lawler Continental Resources
2026-04-19,Tom Bené,Breakthru Beverage Group,1,19,4,24,16.7,,Tom Bené Breakthru Beverage Group
2026-04-19,LT Gibson,US LBM Holdings,2,17,0,19,0.0,,LT Gibson US LBM Holdings
2026-04-19,Andrew Wallach,Central National-Gottesman,1,4,1,6,16.7,,Andrew Wallach Central National-Gottesman
2026-04-19,Steve Lavin,OSI Group,4,6,0,10,0.0,,Steve Lavin OSI Group
2026-04-19,Michael Mansfield,Mansfield Energy,10,13,2,25,8.0,,Michael Mansfield Mansfield Energy
2026-04-19,Mike Gitlin,Capital Group Companies,10,13,2,25,8.0,,Mike Gitlin Capital Group Companies
2026-04-19,John Morris,Great American Outdoors Group,14,11,0,25,0.0,,John Morris Great American Outdoors Group
2026-04-19,David Green,Hobby Lobby Stores,9,12,4,25,16.0,,David Green Hobby Lobby Stores
2026-04-19,Ganesh Ramaswamy,Southwire,3,5,0,8,0.0,,Ganesh Ramaswamy Southwire
2026-04-19,John Lederer,Staples Inc,1,16,0,17,0.0,,John Lederer Staples Inc
2026-04-19,Richard Uihlein,Uline,2,20,3,25,12.0,,Richard Uihlein Uline
2026-04-19,Andrew Truett Cathy,Chick-fil-A,7,17,1,25,4.0,,Andrew Truett Cathy Chick-fil-A
2026-04-19,John Catsimatidis,Red Apple Group,5,18,2,25,8.0,,John Catsimatidis Red Apple Group
2026-04-19,Paul Maass,Scoular,5,7,0,12,0.0,,Paul Maass Scoular
2026-04-19,Michael Nelson,Amway,7,18,0,25,0.0,,Michael Nelson Amway
2026-04-19,Christopher L Ayers,Arconic,0,0,0,0,0.0,,Christopher L Ayers Arconic
2026-04-19,Eric Smidt,Harbor Freight Tools,6,19,0,25,0.0,,Eric Smidt Harbor Freight Tools
2026-04-19,Deb Conklin,Kehe Distributors,5,7,0,12,0.0,,Deb Conklin Kehe Distributors
2026-04-19,Darron Ash,Sammons Enterprises,2,8,0,10,0.0,,Darron Ash Sammons Enterprises
2026-04-19,Leslie Duke,Burns & McDonnell,9,15,1,25,4.0,,Leslie Duke Burns & McDonnell
2026-04-19,Adam R Jelen,Gilbane,3,7,0,10,0.0,,Adam R Jelen Gilbane
2026-04-19,Donald T Mulligan,Demoulas Super Markets,1,12,12,25,48.0,,Donald T Mulligan Demoulas Super Markets
2026-04-19,John Howard Hallam,Ben E Keith,1,4,0,5,0.0,,John Howard Hallam Ben E Keith
2026-04-19,Jim Allen,Hard Rock International,6,3,16,25,64.0,,Jim Allen Hard Rock International
2026-04-19,Jon A Ballis,Kirkland & Ellis,2,20,3,25,12.0,,Jon A Ballis Kirkland & Ellis
2026-04-19,Brad Jeanneret,Hensel Phelps Construction,1,9,0,10,0.0,,Brad Jeanneret Hensel Phelps Construction
2026-04-19,Christophe de Vusser,Bain & Company,5,20,0,25,0.0,,Christophe de Vusser Bain & Company
2026-04-19,Crystal Maggelet,FJ Management,7,12,1,20,5.0,,Crystal Maggelet FJ Management
2026-04-19,John Persons,Northeast Grocery,14,11,0,25,0.0,,John Persons Northeast Grocery
2026-04-19,Ron Dunford,Schreiber Foods,2,12,0,14,0.0,,Ron Dunford Schreiber Foods
2026-04-19,Matthew Walsh,Walsh Group,8,16,1,25,4.0,,Matthew Walsh Walsh Group
2026-04-19,Ken Oaks,TQL - Total Quality Logistics,9,11,5,25,20.0,,Ken Oaks TQL - Total Quality Logistics
2026-04-19,Robert D Moser Jr,Clark Group,0,4,2,6,33.3,,Robert D Moser Jr Clark Group
2026-04-19,Jeff Cook,Arco Construction,1,9,1,11,9.1,,Jeff Cook Arco Construction
2026-04-19,Ryan Maibach,Barton Malow,0,9,1,10,10.0,,Ryan Maibach Barton Malow
2026-04-19,Gordon Lansford,JE Dunn Construction Group,3,16,0,19,0.0,,Gordon Lansford JE Dunn Construction Group
2026-04-19,Joe Preston,New Balance,4,19,2,25,8.0,,Joe Preston New Balance
2026-04-19,Ray Sedey,McCarthy Holdings,3,7,0,10,0.0,,Ray Sedey McCarthy Holdings
2026-04-19,Maggie Hardy,84 Lumber,18,7,0,25,0.0,,Maggie Hardy 84 Lumber
2026-04-19,Barry Zyskind,AmTrust Financial Services,4,17,4,25,16.0,,Barry Zyskind AmTrust Financial Services
2026-04-19,Keith Knopf,The Raleys Companies,5,20,0,25,0.0,,Keith Knopf The Raleys Companies
2026-04-19,Kent McClelland,Shamrock Foods Company,6,8,1,15,6.7,,Kent McClelland Shamrock Foods Company
2026-04-19,Stewart Resnick,The Wonderful Company,15,8,2,25,8.0,,Stewart Resnick The Wonderful Company
2026-04-19,Mike Haller,Walbridge,3,7,0,10,0.0,,Mike Haller Walbridge
2026-04-19,Dan Schwab,D&H Distributing,6,15,3,24,12.5,,Dan Schwab D&H Distributing
2026-04-19,Andrew Cherng,Panda Restaurant Group,7,16,2,25,8.0,,Andrew Cherng Panda Restaurant Group
2026-04-19,Rob Blalock,Brasfield & Gorrie,5,11,1,17,5.9,,Rob Blalock Brasfield & Gorrie
2026-04-19,Anthony Johnson,Clayco Inc,3,8,0,11,0.0,,Anthony Johnson Clayco Inc
2026-04-19,Richard Ferranti,Rich Products Corporation,20,2,0,22,0.0,,Richard Ferranti Rich Products Corporation
2026-04-19,Chris O’Brien,Armada Sunset Holdings,2,6,1,9,11.1,,Chris O’Brien Armada Sunset Holdings
2026-04-19,Ira B Silver,American Tire Distributors Holdings,1,6,0,7,0.0,,Ira B Silver American Tire Distributors Holdings
2026-04-19,Dave Drinkward,Hoffman Corporation,4,6,0,10,0.0,,Dave Drinkward Hoffman Corporation
2026-04-19,Richard Trobman,Latham & Watkins,8,14,3,25,12.0,,Richard Trobman Latham & Watkins
2026-04-19,Scott M Asplundh,Asplundh Tree Expert,3,8,0,11,0.0,,Scott M Asplundh Asplundh Tree Expert
2026-04-19,Kim Roy,HITT Contracting,2,11,0,13,0.0,,Kim Roy HITT Contracting
2026-04-19,John F Fish,Suffolk Construction Company,10,14,1,25,4.0,,John F Fish Suffolk Construction Company
2026-04-19,Derek Cunz,Mortenson,3,7,0,10,0.0,,Derek Cunz Mortenson
2026-04-19,Rex A Rock Sr,Arctic Slope Regional Corporation,4,9,4,17,23.5,,Rex A Rock Sr Arctic Slope Regional Corporation
2026-04-19,Joseph Grendys,Koch Foods,3,10,3,16,18.8,,Joseph Grendys Koch Foods
2026-04-19,Alan Gershenhorn,Transportation Insight,0,5,0,5,0.0,,Alan Gershenhorn Transportation Insight
2026-04-19,James F Dicke II,Crown Equipment Corporation,5,7,1,13,7.7,,James F Dicke II Crown Equipment Corporation
2026-04-19,Brian Dick,Golden State Foods,6,11,8,25,32.0,,Brian Dick Golden State Foods
2026-04-19,Christopher Ilitch,Ilitch Holdings,13,12,0,25,0.0,,Christopher Ilitch Ilitch Holdings
2026-04-19,William G Yates III,The Yates Companies,11,13,1,25,4.0,,William G Yates III The Yates Companies
2026-04-19,John B Zachry,Zachry Holdings,5,16,4,25,16.0,,John B Zachry Zachry Holdings
2026-04-19,Ken Sweder,BradyPLUS,4,4,0,8,0.0,,Ken Sweder BradyPLUS
2026-04-19,Christian Demere,Colonial Group,6,10,0,16,0.0,,Christian Demere Colonial Group
2026-04-19,Webb Estes,Estes Express Lines,6,16,3,25,12.0,,Webb Estes Estes Express Lines
2026-04-19,Joseph E Gallo,Gallo,6,17,2,25,8.0,,Joseph E Gallo Gallo
2026-04-19,Bret Snyder,W L Gore & Associates,1,10,1,12,8.3,,Bret Snyder W L Gore & Associates
2026-04-19,Beth Lowry,Holder Construction,4,4,0,8,0.0,,Beth Lowry Holder Construction
2026-04-19,Jefferson Hillman,JD Heiskell & Co,2,6,0,8,0.0,,Jefferson Hillman JD Heiskell & Co
2026-04-19,Robert Kraft,The Kraft Group,8,13,4,25,16.0,,Robert Kraft The Kraft Group
2026-04-19,David Boone,The Michaels Companies,12,12,1,25,4.0,,David Boone The Michaels Companies
2026-04-19,Ira Rennert,Renco Group,4,11,10,25,40.0,,Ira Rennert Renco Group
2026-04-19,Greg McNiff,Stater Bros Markets,9,16,0,25,0.0,,Greg McNiff Stater Bros Markets
2026-04-19,Gabe Newell,Valve Corporation,13,5,7,25,28.0,,Gabe Newell Valve Corporation
2026-04-19,Tilman Fertitta,Fertitta Entertainment,12,12,1,25,4.0,,Tilman Fertitta Fertitta Entertainment
2026-04-19,Judy Faulkner,Epic Systems,14,8,3,25,12.0,,Judy Faulkner Epic Systems
2026-04-19,Mario Azar,Black & Veatch,9,14,2,25,8.0,,Mario Azar Black & Veatch
2026-04-19,Stephen Smith,Amsted Industries,0,3,0,3,0.0,,Stephen Smith Amsted Industries
2026-04-19,Paul Novelly II,Apex Oil,1,4,3,8,37.5,,Paul Novelly II Apex Oil
2026-04-19,David Walls,Austin Industries,1,5,0,6,0.0,,David Walls Austin Industries
2026-04-19,Thomas J Quinlan III,RR Donnelley,1,7,2,10,20.0,,Thomas J Quinlan III RR Donnelley
2026-04-19,Pat Michels,Michels Corporation,10,14,1,25,4.0,,Pat Michels Michels Corporation
2026-04-19,Brian McPheely,Pratt Industries,3,4,1,8,12.5,,Brian McPheely Pratt Industries
2026-04-19,Frank Grande,Quirch Foods,2,11,0,13,0.0,,Frank Grande Quirch Foods
2026-04-19,Jerry LeClair,Brookshire Grocery Company,1,13,0,14,0.0,,Jerry LeClair Brookshire Grocery Company
2026-04-19,Jennifer Morgan,UKG,4,21,0,25,0.0,,Jennifer Morgan UKG
2026-04-19,Tom Krause,Cloud Software Group,2,20,3,25,12.0,,Tom Krause Cloud Software Group
2026-04-19,Lou M Jacobs,Delaware North,9,16,0,25,0.0,,Lou M Jacobs Delaware North
2026-04-19,Stanley Bikulege,Novolex,2,12,0,14,0.0,,Stanley Bikulege Novolex
2026-04-19,David Callis,Swinerton,4,7,0,11,0.0,,David Callis Swinerton
2026-04-19,Richard Jaggers,Alberici Corporation,1,5,0,6,0.0,,Richard Jaggers Alberici Corporation
2026-04-19,Dave Doherty,DigiKey,11,14,0,25,0.0,,Dave Doherty DigiKey
2026-04-19,Bob Sarver,Great Lakes Cheese,2,0,0,2,0.0,,Bob Sarver Great Lakes Cheese
2026-04-19,Bill Sansom,HT Hackney,3,6,0,9,0.0,,Bill Sansom HT Hackney
2026-04-19,Darlene Nicosia,Makers Pride LLC,6,0,1,7,14.3,,Darlene Nicosia Makers Pride LLC
2026-04-19,Dion Houchins,Houchens Industries,2,8,0,10,0.0,,Dion Houchins Houchens Industries
2026-04-19,Jeffrey Seaman,Rooms To Go,5,20,0,25,0.0,,Jeffrey Seaman Rooms To Go
2026-04-19,Boyden Moore,Orgill Warehouse,0,8,2,10,20.0,,Boyden Moore Orgill Warehouse
2026-04-19,Brian George,Alex Lee,4,21,0,25,0.0,,Brian George Alex Lee
2026-04-19,Chris Galvin,Andersen Corporation,11,14,0,25,0.0,,Chris Galvin Andersen Corporation
2026-04-19,Douglas R Waggoner,Echo Global Logistics,0,5,2,7,28.6,,Douglas R Waggoner Echo Global Logistics
2026-04-19,Chris Kleinert,Hunt Consolidated Inc,3,6,0,9,0.0,,Chris Kleinert Hunt Consolidated Inc
2026-04-19,Lance FitzSimmons,Leprino Foods,2,8,0,10,0.0,,Lance FitzSimmons Leprino Foods
2026-04-19,Ruffner Page,O'Neal Industries,1,8,0,9,0.0,,Ruffner Page O'Neal Industries
2026-04-19,Edward V Morgan,Plastipak Holdings,1,4,0,5,0.0,,Edward V Morgan Plastipak Holdings
2026-04-19,Todd Simmons,Simmons Foods,7,16,2,25,8.0,,Todd Simmons Simmons Foods
2026-04-19,L Gene Clark,"Clark Core Services, LLC",1,1,0,2,0.0,,"L Gene Clark Clark Core Services, LLC"
2026-04-19,Thomas B Crowley Jr,Crowley Maritime,12,12,1,25,4.0,,Thomas B Crowley Jr Crowley Maritime
2026-04-19,Stephen Gray,Gray Inc,11,12,2,25,8.0,,Stephen Gray Gray Inc
2026-04-19,Joseph R Lucot,Guttman Holdings,2,0,0,2,0.0,,Joseph R Lucot Guttman Holdings
2026-04-19,Mike Perry,Hallmark Cards Inc,2,20,3,25,12.0,,Mike Perry Hallmark Cards Inc
2026-04-19,Gary R Kaneb,HP Hood,1,4,1,6,16.7,,Gary R Kaneb HP Hood
2026-04-19,Sidney R Brown,NFI Industries,2,5,4,11,36.4,,Sidney R Brown NFI Industries
2026-04-19,James Goodnight,SAS Institute,5,18,2,25,8.0,,James Goodnight SAS Institute
2026-04-19,John Boynton,Southern Tire Mart,4,6,0,10,0.0,,John Boynton Southern Tire Mart
2026-04-19,Patrick Collison,Stripe,8,17,0,25,0.0,,Patrick Collison Stripe
2026-04-19,John Buckley,Wilbur-Ellis Company,9,14,0,23,0.0,,John Buckley Wilbur-Ellis Company
2026-04-19,Jeremy D London,Skadden,1,14,9,24,37.5,,Jeremy D London Skadden
2026-04-19,Mamadou Diallo,Piston Group,0,6,1,7,14.3,,Mamadou Diallo Piston Group
2026-04-19,Jonathan C Tauber,Tauber Oil Company,0,0,0,0,0.0,,Jonathan C Tauber Tauber Oil Company
2026-04-19,Glenn M Fish,JM Huber,2,3,0,5,0.0,,Glenn M Fish JM Huber
2026-04-19,Reinhold Schmieding,Arthrex,11,13,1,25,4.0,,Reinhold Schmieding Arthrex
2026-04-19,Neal Blue,General Atomics,11,12,2,25,8.0,,Neal Blue General Atomics
2026-04-19,Mark Hubler,Johnson Brothers Liquor Company,1,2,1,4,25.0,,Mark Hubler Johnson Brothers Liquor Company
2026-04-19,Tom Rosen,Rosens Diversified,0,2,0,2,0.0,,Tom Rosen Rosens Diversified
2026-04-19,Brian Murray,Ryan Companies,4,17,4,25,16.0,,Brian Murray Ryan Companies
2026-04-19,Yehia Maaty Omar,Zones LLC,4,4,0,8,0.0,,Yehia Maaty Omar Zones LLC
2026-04-19,Lila Snyder,Bose Corporation,3,20,2,25,8.0,,Lila Snyder Bose Corporation
2026-04-19,Anthony Consigli,Consigli Building Group,6,19,0,25,0.0,,Anthony Consigli Consigli Building Group
2026-04-19,Jay A Brown,David Weekley Homes,2,9,0,11,0.0,,Jay A Brown David Weekley Homes
2026-04-19,Annie Callanan,EBSCO Industries Inc,1,7,0,8,0.0,,Annie Callanan EBSCO Industries Inc
2026-04-19,Barbara L Becker,"Gibson, Dunn & Crutcher",4,12,0,16,0.0,,"Barbara L Becker Gibson, Dunn & Crutcher"
2026-04-19,Steven C Smith,Food City,3,22,0,25,0.0,,Steven C Smith Food City
2026-04-19,Aubrey Preston,Life Care Centers of America,22,2,1,25,4.0,,Aubrey Preston Life Care Centers of America
2026-04-19,Todd R Schnuck,Schnuck Markets,6,9,1,16,6.2,,Todd R Schnuck Schnuck Markets
2026-04-19,Yvette Ostolaza,Sidley Austin,12,13,0,25,0.0,,Yvette Ostolaza Sidley Austin
2026-04-19,Edward G Weiner,Trammo Inc,0,0,0,0,0.0,,Edward G Weiner Trammo Inc
2026-04-19,Bill Hayes,Berlin Packaging,1,17,0,18,0.0,,Bill Hayes Berlin Packaging
2026-04-19,John Alston,Brookshire Brothers,2,23,0,25,0.0,,John Alston Brookshire Brothers
2026-04-19,Keith Clark,Dart Container,2,5,3,10,30.0,,Keith Clark Dart Container
2026-04-19,Jayson Penn,Foster Farms,2,9,0,11,0.0,,Jayson Penn Foster Farms
2026-04-19,Eric A Mendelson,HEICO Corporation,8,15,2,25,8.0,,Eric A Mendelson HEICO Corporation
2026-04-19,Julie Jones,Ropes & Gray,12,11,2,25,8.0,,Julie Jones Ropes & Gray
2026-04-19,Jake Wenz,Sazerac Company,7,17,1,25,4.0,,Jake Wenz Sazerac Company
2026-04-19,Heather McDevitt,White & Case,3,22,0,25,0.0,,Heather McDevitt White & Case
2026-04-19,Don Hendricks,Belk,3,22,0,25,0.0,,Don Hendricks Belk
2026-04-19,Talbott Roche,Blackhawk Network,7,15,0,22,0.0,,Talbott Roche Blackhawk Network
2026-04-19,Jami Wintz McKeon,Morgan Lewis,3,14,1,18,5.6,,Jami Wintz McKeon Morgan Lewis
2026-04-19,Richard L Jackson,Jackson Healthcare,12,10,3,25,12.0,,Richard L Jackson Jackson Healthcare
2026-04-19,Michael P D'Amour,Big Y Foods,4,21,0,25,0.0,,Michael P D'Amour Big Y Foods
2026-04-19,Scott G Clawson,Culligan International,1,0,0,1,0.0,,Scott G Clawson Culligan International
2026-04-19,David Ahlem,Hilmar Cheese,7,12,1,20,5.0,,David Ahlem Hilmar Cheese
2026-04-19,Sheldon Yellen,Belfor,8,10,7,25,28.0,,Sheldon Yellen Belfor
2026-04-19,Libby Wadle,JCrew Group,6,17,2,25,8.0,,Libby Wadle JCrew Group
2026-04-19,Gregory M Shumaker,Jones Day,4,18,1,23,4.3,,Gregory M Shumaker Jones Day
2026-04-19,Brian Johnson,Newly Weds Foods,2,14,0,16,0.0,,Brian Johnson Newly Weds Foods
2026-04-19,Stephen Toups,Turner Industries,4,16,0,20,0.0,,Stephen Toups Turner Industries
2026-04-19,Miguel A Zaldivar Jr,Hogan Lovells,2,6,0,8,0.0,,Miguel A Zaldivar Jr Hogan Lovells
2026-04-19,Toby Bozzuto,Bozzuto Group,6,18,1,25,4.0,,Toby Bozzuto Bozzuto Group
2026-04-19,Amanda Irwin,Mountaire Farms,2,7,1,10,10.0,,Amanda Irwin Mountaire Farms
2026-04-19,Franco Bianchi,Haworth International,4,5,1,10,10.0,,Franco Bianchi Haworth International
2026-04-19,Ryan Rogers,Mary Kay Cosmetics,5,18,2,25,8.0,,Ryan Rogers Mary Kay Cosmetics
2026-04-19,Mark Teo,Sigma Plastics Group,2,7,1,10,10.0,,Mark Teo Sigma Plastics Group
2026-04-19,Joel L Hawthorne,TMS International,0,0,0,0,0.0,,Joel L Hawthorne TMS International
2026-04-19,Joe Bundrant,Trident Seafoods,4,18,3,25,12.0,,Joe Bundrant Trident Seafoods
2026-04-19,Ann Fandozzi,Convergint,7,1,0,8,0.0,,Ann Fandozzi Convergint
2026-04-19,Carl Cook,Cook Group,11,11,3,25,12.0,,Carl Cook Cook Group
2026-04-19,Harold L Yoh III,Day & Zimmermann,1,7,2,10,20.0,,Harold L Yoh III Day & Zimmermann
2026-04-19,Gabe Dalporto,Guitar Center,9,15,1,25,4.0,,Gabe Dalporto Guitar Center
2026-04-19,Will McWane,McWane,11,14,0,25,0.0,,Will McWane McWane
2026-04-19,Giuseppe B Commisso,Mediacom Communications,7,17,1,25,4.0,,Giuseppe B Commisso Mediacom Communications
2026-04-19,Todd Chachere,Perry Homes,3,11,0,14,0.0,,Todd Chachere Perry Homes
2026-04-19,Paula Harper Bethea,J M Smith Corporation,0,5,1,6,16.7,,Paula Harper Bethea J M Smith Corporation
2026-04-19,Charlie Whitaker,Taylor Corporation,9,12,0,21,0.0,,Charlie Whitaker Taylor Corporation
2026-04-19,Bill Geary,Parts Town Unlimited,3,9,0,12,0.0,,Bill Geary Parts Town Unlimited
2026-04-19,Brian L Duffy,Greenberg Traurig,0,10,1,11,9.1,,Brian L Duffy Greenberg Traurig
2026-04-19,Walter Wang,JM Eagle,12,10,3,25,12.0,,Walter Wang JM Eagle
2026-04-19,Bryce Burgett,Kokosing Construction,1,8,0,9,0.0,,Bryce Burgett Kokosing Construction
2026-04-19,Lance Malesh,Mode Global,6,12,2,20,10.0,,Lance Malesh Mode Global
2026-04-19,Alden Millard,Simpson Thacher & Bartlett,1,23,1,25,4.0,,Alden Millard Simpson Thacher & Bartlett
2026-04-19,Cade Rowley,Sundt Construction,5,8,0,13,0.0,,Cade Rowley Sundt Construction
2026-04-19,Terry O'Brien,TriMark USA,2,5,0,7,0.0,,Terry O'Brien TriMark USA
2026-04-19,Jeff Pope,FW Webb Company,4,15,1,20,5.0,,Jeff Pope FW Webb Company
2026-04-19,Matt Brewer,Choate Construction Company,7,2,1,10,10.0,,Matt Brewer Choate Construction Company
2026-04-19,Peter LeSaffre,Fusion Worldwide,1,5,0,6,0.0,,Peter LeSaffre Fusion Worldwide
2026-04-19,Joshua Klatzkin,Goodwin Procter,3,1,1,5,20.0,,Joshua Klatzkin Goodwin Procter
2026-04-19,Steve Wang,MAT Holdings,0,10,0,10,0.0,,Steve Wang MAT Holdings
2026-04-19,Richard M Mershad,Micro Electronics Inc,1,6,0,7,0.0,,Richard M Mershad Micro Electronics Inc
2026-04-19,Dave Hall,Clune Construction,5,4,0,9,0.0,,Dave Hall Clune Construction
2026-04-19,Robert D Hays Jr,King & Spalding,9,8,4,21,19.0,,Robert D Hays Jr King & Spalding
2026-04-19,Bill Koch,Oxbow Carbon,7,13,5,25,20.0,,Bill Koch Oxbow Carbon
2026-04-19,John B Quinn,Quinn Emanuel Urquhart & Sullivan,8,12,5,25,20.0,,John B Quinn Quinn Emanuel Urquhart & Sullivan
2026-04-19,Don Vultaggio,Arizona Beverage,6,12,7,25,28.0,,Don Vultaggio Arizona Beverage
2026-04-19,Ayman Sayed,BMC Software,5,20,0,25,0.0,,Ayman Sayed BMC Software
2026-04-19,Matthew J Boler,Boler,0,6,0,6,0.0,,Matthew J Boler Boler
2026-04-19,Hamdi Ulukaya,Chobani,7,16,2,25,8.0,,Hamdi Ulukaya Chobani
2026-04-19,Joe Conroy,Cooley,2,15,2,19,10.5,,Joe Conroy Cooley
2026-04-19,Neil Barr,Davis Polk,4,17,4,25,16.0,,Neil Barr Davis Polk
2026-04-19,Scott Barshay,Paul Weiss,4,15,6,25,24.0,,Scott Barshay Paul Weiss
2026-04-19,Ming Bin Kou,Red Chamber Group,0,1,0,1,0.0,,Ming Bin Kou Red Chamber Group
2026-04-19,Damola Adamolekun,Red Lobster,7,13,5,25,20.0,,Damola Adamolekun Red Lobster
2026-04-19,Ken Grossman,Sierra Nevada Brewing Co,10,15,0,25,0.0,,Ken Grossman Sierra Nevada Brewing Co
2026-04-19,Thomas F Lozick,Swagelok,4,2,1,7,14.3,,Thomas F Lozick Swagelok
2026-04-19,Jason Owen,Envision Healthcare,5,20,0,25,0.0,,Jason Owen Envision Healthcare
