company,trends_history,date_history,last_updated,avg_interest
Skyworks Solutions,0|0|0|0|0|0|0|0|0|0|0|0|0|0|0|0|0|0|0|100|0|9|12|0|10|15|7|11|9|11,2025-11-14|2025-11-17|2025-11-18|2025-11-19|2025-11-20|2025-11-21|2025-11-24|2025-11-25|2025-11-26|2025-11-28|2025-12-01|2025-12-02|2025-12-03|2025-12-04|2025-12-05|2025-12-08|2025-12-09|2025-12-10|2025-12-11|2025-12-12|2025-12-15|2025-12-16|2025-12-17|2025-12-18|2025-12-19|2025-12-22|2025-12-23|2025-12-24|2025-12-26|2025-12-29,2025-12-30 22:23:21,6.1
Timken,72|100|70|70|87|70|80|89|71|38|62|78|68|84|76|86|76|95|68|77|66|74|71|74|62|69|64|40|44|68,2025-11-14|2025-11-17|2025-11-18|2025-11-19|2025-11-20|2025-11-21|2025-11-24|2025-11-25|2025-11-26|2025-11-28|2025-12-01|2025-12-02|2025-12-03|2025-12-04|2025-12-05|2025-12-08|2025-12-09|2025-12-10|2025-12-11|2025-12-12|2025-12-15|2025-12-16|2025-12-17|2025-12-18|2025-12-19|2025-12-22|2025-12-23|2025-12-24|2025-12-26|2025-12-29,2025-12-30 22:23:25,71.6
Liberty Energy,68|100|78|0|64|62|71|87|0|0|42|78|80|67|85|92|52|61|85|71|69|36|43|44|39|38|33|25|28|40,2025-11-14|2025-11-17|2025-11-18|2025-11-19|2025-11-20|2025-11-21|2025-11-24|2025-11-25|2025-11-26|2025-11-28|2025-12-01|2025-12-02|2025-12-03|2025-12-04|2025-12-05|2025-12-08|2025-12-09|2025-12-10|2025-12-11|2025-12-12|2025-12-15|2025-12-16|2025-12-17|2025-12-18|2025-12-19|2025-12-22|2025-12-23|2025-12-24|2025-12-26|2025-12-29,2025-12-30 22:23:29,54.6
Marriott Vacations Worldwide,0|0|0|0|0|0|0|0|0|0|0|0|0|0|0|0|0|0|0|0|0|90|100|97|75|95|52|73|75|85,2025-11-14|2025-11-17|2025-11-18|2025-11-19|2025-11-20|2025-11-21|2025-11-24|2025-11-25|2025-11-26|2025-11-28|2025-12-01|2025-12-02|2025-12-03|2025-12-04|2025-12-05|2025-12-08|2025-12-09|2025-12-10|2025-12-11|2025-12-12|2025-12-15|2025-12-16|2025-12-17|2025-12-18|2025-12-19|2025-12-22|2025-12-23|2025-12-24|2025-12-26|2025-12-29,2025-12-30 22:23:32,24.7
Leggett & Platt,0|0|0|0|0|0|0|0|0|0|0|0|0|0|0|0|0|0|0|0|0|53|56|66|40|100|57|41|46|57,2025-11-14|2025-11-17|2025-11-18|2025-11-19|2025-11-20|2025-11-21|2025-11-24|2025-11-25|2025-11-26|2025-11-28|2025-12-01|2025-12-02|2025-12-03|2025-12-04|2025-12-05|2025-12-08|2025-12-09|2025-12-10|2025-12-11|2025-12-12|2025-12-15|2025-12-16|2025-12-17|2025-12-18|2025-12-19|2025-12-22|2025-12-23|2025-12-24|2025-12-26|2025-12-29,2025-12-30 22:23:36,17.2
Weis Markets,27|23|24|27|30|23|26|28|56|23|21|25|22|22|26|20|27|28|24|23|15|23|26|28|26|33|37|80|23|22,2025-11-14|2025-11-17|2025-11-18|2025-11-19|2025-11-20|2025-11-21|2025-11-24|2025-11-25|2025-11-26|2025-11-28|2025-12-01|2025-12-02|2025-12-03|2025-12-04|2025-12-05|2025-12-08|2025-12-09|2025-12-10|2025-12-11|2025-12-12|2025-12-15|2025-12-16|2025-12-17|2025-12-18|2025-12-19|2025-12-22|2025-12-23|2025-12-24|2025-12-26|2025-12-29,2025-12-30 22:23:39,27.9
Pinnacle West Capital,0|0|0|0|0|0|0|0|0|0|0|0|0|0|0|0|0|0|0|0|0|0|0|0|0|0|0|0|0|0,2025-11-14|2025-11-17|2025-11-18|2025-11-19|2025-11-20|2025-11-21|2025-11-24|2025-11-25|2025-11-26|2025-11-28|2025-12-01|2025-12-02|2025-12-03|2025-12-04|2025-12-05|2025-12-08|2025-12-09|2025-12-10|2025-12-11|2025-12-12|2025-12-15|2025-12-16|2025-12-17|2025-12-18|2025-12-19|2025-12-22|2025-12-23|2025-12-24|2025-12-26|2025-12-29,2025-12-30 22:23:43,0.0
EPAM Systems,0|0|0|0|0|0|0|0|0|0|0|0|0|100|0|0|0|0|0|0|0|20|23|21|20|10|12|13|14|17,2025-11-14|2025-11-17|2025-11-18|2025-11-19|2025-11-20|2025-11-21|2025-11-24|2025-11-25|2025-11-26|2025-11-28|2025-12-01|2025-12-02|2025-12-03|2025-12-04|2025-12-05|2025-12-08|2025-12-09|2025-12-10|2025-12-11|2025-12-12|2025-12-15|2025-12-16|2025-12-17|2025-12-18|2025-12-19|2025-12-22|2025-12-23|2025-12-24|2025-12-26|2025-12-29,2025-12-30 22:23:46,8.3
Antero Resources,0|0|0|0|0|0|0|0|0|0|0|0|0|0|0|100|68|74|0|0|0|23|21|23|21|14|14|12|13|18,2025-11-14|2025-11-17|2025-11-18|2025-11-19|2025-11-20|2025-11-21|2025-11-24|2025-11-25|2025-11-26|2025-11-28|2025-12-01|2025-12-02|2025-12-03|2025-12-04|2025-12-05|2025-12-08|2025-12-09|2025-12-10|2025-12-11|2025-12-12|2025-12-15|2025-12-16|2025-12-17|2025-12-18|2025-12-19|2025-12-22|2025-12-23|2025-12-24|2025-12-26|2025-12-29,2025-12-30 22:23:49,13.4
Bloomin Brands,76|0|0|0|0|0|71|0|0|0|0|68|0|0|61|80|0|61|62|100|0|58|56|66|67|58|62|70|84|75,2025-11-14|2025-11-17|2025-11-18|2025-11-19|2025-11-20|2025-11-21|2025-11-24|2025-11-25|2025-11-26|2025-11-28|2025-12-01|2025-12-02|2025-12-03|2025-12-04|2025-12-05|2025-12-08|2025-12-09|2025-12-10|2025-12-11|2025-12-12|2025-12-15|2025-12-16|2025-12-17|2025-12-18|2025-12-19|2025-12-22|2025-12-23|2025-12-24|2025-12-26|2025-12-29,2025-12-30 22:23:54,39.2
MDU Resources Group,0|0|0|0|0|0|0|0|0|0|0|0|0|0|0|0|0|0|0|0|0|0|0|0|0|100|0|0|0|0,2025-11-14|2025-11-17|2025-11-18|2025-11-19|2025-11-20|2025-11-21|2025-11-24|2025-11-25|2025-11-26|2025-11-28|2025-12-01|2025-12-02|2025-12-03|2025-12-04|2025-12-05|2025-12-08|2025-12-09|2025-12-10|2025-12-11|2025-12-12|2025-12-15|2025-12-16|2025-12-17|2025-12-18|2025-12-19|2025-12-22|2025-12-23|2025-12-24|2025-12-26|2025-12-29,2025-12-30 22:23:58,3.3
Texas Roadhouse,52|37|38|40|43|57|47|47|62|55|36|35|36|38|44|36|37|45|41|49|43|42|44|48|65|63|68|100|75|65,2025-11-14|2025-11-17|2025-11-18|2025-11-19|2025-11-20|2025-11-21|2025-11-24|2025-11-25|2025-11-26|2025-11-28|2025-12-01|2025-12-02|2025-12-03|2025-12-04|2025-12-05|2025-12-08|2025-12-09|2025-12-10|2025-12-11|2025-12-12|2025-12-15|2025-12-16|2025-12-17|2025-12-18|2025-12-19|2025-12-22|2025-12-23|2025-12-24|2025-12-26|2025-12-29,2025-12-30 22:24:00,49.6
Mercury General,0|0|79|67|0|0|0|0|0|86|81|59|49|91|66|84|54|60|81|61|56|14|18|24|18|17|13|16|15|17,2025-11-14|2025-11-17|2025-11-18|2025-11-19|2025-11-20|2025-11-21|2025-11-24|2025-11-25|2025-11-26|2025-11-28|2025-12-01|2025-12-02|2025-12-03|2025-12-04|2025-12-05|2025-12-08|2025-12-09|2025-12-10|2025-12-11|2025-12-12|2025-12-15|2025-12-16|2025-12-17|2025-12-18|2025-12-19|2025-12-22|2025-12-23|2025-12-24|2025-12-26|2025-12-29,2025-12-30 22:24:05,37.5
Fortune Brands Innovations,0|0|0|100|0|0|0|0|0|0|0|0|0|0|0|0|0|0|0|0|0|10|11|13|9|8|0|0|0|7,2025-11-14|2025-11-17|2025-11-18|2025-11-19|2025-11-20|2025-11-21|2025-11-24|2025-11-25|2025-11-26|2025-11-28|2025-12-01|2025-12-02|2025-12-03|2025-12-04|2025-12-05|2025-12-08|2025-12-09|2025-12-10|2025-12-11|2025-12-12|2025-12-15|2025-12-16|2025-12-17|2025-12-18|2025-12-19|2025-12-22|2025-12-23|2025-12-24|2025-12-26|2025-12-29,2025-12-30 22:24:07,5.3
Zions Bancorp,0|0|0|0|0|0|0|0|0|0|0|0|0|0|0|0|0|0|0|0|0|0|0|78|100|0|0|0|0|0,2025-11-14|2025-11-17|2025-11-18|2025-11-19|2025-11-20|2025-11-21|2025-11-24|2025-11-25|2025-11-26|2025-11-28|2025-12-01|2025-12-02|2025-12-03|2025-12-04|2025-12-05|2025-12-08|2025-12-09|2025-12-10|2025-12-11|2025-12-12|2025-12-15|2025-12-16|2025-12-17|2025-12-18|2025-12-19|2025-12-22|2025-12-23|2025-12-24|2025-12-26|2025-12-29,2025-12-30 22:24:11,5.9
JELD-WEN Holding,,2025-11-14|2025-11-17|2025-11-18|2025-11-19|2025-11-20|2025-11-21|2025-11-24|2025-11-25|2025-11-26|2025-11-28|2025-12-01|2025-12-02|2025-12-03|2025-12-04|2025-12-05|2025-12-08|2025-12-09|2025-12-10|2025-12-11|2025-12-12|2025-12-15|2025-12-16|2025-12-17|2025-12-18|2025-12-19|2025-12-22|2025-12-23|2025-12-24|2025-12-26|2025-12-29,2025-12-30 22:24:14,0.0
Snap Inc,45|51|67|49|78|67|0|48|0|0|69|79|100|40|61|70|59|56|62|44|80|31|32|36|33|28|24|25|19|29,2025-11-14|2025-11-17|2025-11-18|2025-11-19|2025-11-20|2025-11-21|2025-11-24|2025-11-25|2025-11-26|2025-11-28|2025-12-01|2025-12-02|2025-12-03|2025-12-04|2025-12-05|2025-12-08|2025-12-09|2025-12-10|2025-12-11|2025-12-12|2025-12-15|2025-12-16|2025-12-17|2025-12-18|2025-12-19|2025-12-22|2025-12-23|2025-12-24|2025-12-26|2025-12-29,2025-12-30 22:24:15,46.1
Zebra Technologies,0|36|35|100|0|0|0|0|0|0|38|0|50|34|31|0|0|40|50|0|42|28|26|26|24|19|20|14|13|18,2025-11-14|2025-11-17|2025-11-18|2025-11-19|2025-11-20|2025-11-21|2025-11-24|2025-11-25|2025-11-26|2025-11-28|2025-12-01|2025-12-02|2025-12-03|2025-12-04|2025-12-05|2025-12-08|2025-12-09|2025-12-10|2025-12-11|2025-12-12|2025-12-15|2025-12-16|2025-12-17|2025-12-18|2025-12-19|2025-12-22|2025-12-23|2025-12-24|2025-12-26|2025-12-29,2025-12-30 22:24:18,21.5
Agilon Health,0|0|0|0|0|0|0|0|0|0|0|0|0|0|0|0|0|0|0|0|0|96|76|68|79|55|100|45|61|79,2025-11-14|2025-11-17|2025-11-18|2025-11-19|2025-11-20|2025-11-21|2025-11-24|2025-11-25|2025-11-26|2025-11-28|2025-12-01|2025-12-02|2025-12-03|2025-12-04|2025-12-05|2025-12-08|2025-12-09|2025-12-10|2025-12-11|2025-12-12|2025-12-15|2025-12-16|2025-12-17|2025-12-18|2025-12-19|2025-12-22|2025-12-23|2025-12-24|2025-12-26|2025-12-29,2025-12-30 22:24:21,22.0
Toro Company,0|0|55|70|0|0|0|70|55|63|57|45|49|0|51|56|51|63|64|100|46|32|35|33|27|23|18|20|18|22,2025-11-14|2025-11-17|2025-11-18|2025-11-19|2025-11-20|2025-11-21|2025-11-24|2025-11-25|2025-11-26|2025-11-28|2025-12-01|2025-12-02|2025-12-03|2025-12-04|2025-12-05|2025-12-08|2025-12-09|2025-12-10|2025-12-11|2025-12-12|2025-12-15|2025-12-16|2025-12-17|2025-12-18|2025-12-19|2025-12-22|2025-12-23|2025-12-24|2025-12-26|2025-12-29,2025-12-30 22:24:25,37.4
Zoom Video Communications,0|0|0|0|0|0|0|0|0|0|0|0|0|0|0|0|0|0|0|0|0|65|98|100|85|60|0|93|0|66,2025-11-14|2025-11-17|2025-11-18|2025-11-19|2025-11-20|2025-11-21|2025-11-24|2025-11-25|2025-11-26|2025-11-28|2025-12-01|2025-12-02|2025-12-03|2025-12-04|2025-12-05|2025-12-08|2025-12-09|2025-12-10|2025-12-11|2025-12-12|2025-12-15|2025-12-16|2025-12-17|2025-12-18|2025-12-19|2025-12-22|2025-12-23|2025-12-24|2025-12-26|2025-12-29,2025-12-30 22:24:27,18.9
Tetra Tech,54|40|100|54|62|0|0|45|0|0|0|43|54|45|36|35|0|35|0|57|56|31|37|35|34|28|27|15|16|26,2025-11-14|2025-11-17|2025-11-18|2025-11-19|2025-11-20|2025-11-21|2025-11-24|2025-11-25|2025-11-26|2025-11-28|2025-12-01|2025-12-02|2025-12-03|2025-12-04|2025-12-05|2025-12-08|2025-12-09|2025-12-10|2025-12-11|2025-12-12|2025-12-15|2025-12-16|2025-12-17|2025-12-18|2025-12-19|2025-12-22|2025-12-23|2025-12-24|2025-12-26|2025-12-29,2025-12-30 22:24:32,32.2
Public Storage,58|51|60|60|60|57|56|55|75|71|86|90|100|79|72|68|64|66|56|61|57|43|44|45|47|49|46|45|49|58,2025-11-14|2025-11-17|2025-11-18|2025-11-19|2025-11-20|2025-11-21|2025-11-24|2025-11-25|2025-11-26|2025-11-28|2025-12-01|2025-12-02|2025-12-03|2025-12-04|2025-12-05|2025-12-08|2025-12-09|2025-12-10|2025-12-11|2025-12-12|2025-12-15|2025-12-16|2025-12-17|2025-12-18|2025-12-19|2025-12-22|2025-12-23|2025-12-24|2025-12-26|2025-12-29,2025-12-30 22:24:35,60.9
Illumina Inc,0|0|0|0|0|0|0|0|0|0|0|0|0|0|0|0|0|0|0|0|0|0|0|0|0|100|0|0|0|0,2025-11-14|2025-11-17|2025-11-18|2025-11-19|2025-11-20|2025-11-21|2025-11-24|2025-11-25|2025-11-26|2025-11-28|2025-12-01|2025-12-02|2025-12-03|2025-12-04|2025-12-05|2025-12-08|2025-12-09|2025-12-10|2025-12-11|2025-12-12|2025-12-15|2025-12-16|2025-12-17|2025-12-18|2025-12-19|2025-12-22|2025-12-23|2025-12-24|2025-12-26|2025-12-29,2025-12-30 22:24:38,3.3
Ventas Inc,0|0|0|0|0|0|0|0|0|0|0|0|0|0|0|0|0|0|0|0|0|0|0|0|0|6|6|0|0|0,2025-11-14|2025-11-17|2025-11-18|2025-11-19|2025-11-20|2025-11-21|2025-11-24|2025-11-25|2025-11-26|2025-11-28|2025-12-01|2025-12-02|2025-12-03|2025-12-04|2025-12-05|2025-12-08|2025-12-09|2025-12-10|2025-12-11|2025-12-12|2025-12-15|2025-12-16|2025-12-17|2025-12-18|2025-12-19|2025-12-22|2025-12-23|2025-12-24|2025-12-26|2025-12-29,2025-12-30 22:24:41,0.4
FMC Corporation,0|0|0|0|0|0|0|0|0|0|0|0|0|0|0|0|0|0|0|0|0|68|69|100|55|54|43|37|24|38,2025-11-14|2025-11-17|2025-11-18|2025-11-19|2025-11-20|2025-11-21|2025-11-24|2025-11-25|2025-11-26|2025-11-28|2025-12-01|2025-12-02|2025-12-03|2025-12-04|2025-12-05|2025-12-08|2025-12-09|2025-12-10|2025-12-11|2025-12-12|2025-12-15|2025-12-16|2025-12-17|2025-12-18|2025-12-19|2025-12-22|2025-12-23|2025-12-24|2025-12-26|2025-12-29,2025-12-30 22:24:45,16.3
ArcBest,0|73|83|59|0|98|0|0|0|0|60|56|100|56|40|65|54|69|0|43|61|49|50|50|47|52|43|22|27|50,2025-11-14|2025-11-17|2025-11-18|2025-11-19|2025-11-20|2025-11-21|2025-11-24|2025-11-25|2025-11-26|2025-11-28|2025-12-01|2025-12-02|2025-12-03|2025-12-04|2025-12-05|2025-12-08|2025-12-09|2025-12-10|2025-12-11|2025-12-12|2025-12-15|2025-12-16|2025-12-17|2025-12-18|2025-12-19|2025-12-22|2025-12-23|2025-12-24|2025-12-26|2025-12-29,2025-12-30 22:24:48,43.6
Dominos Pizza Inc,,2025-11-14|2025-11-17|2025-11-18|2025-11-19|2025-11-20|2025-11-21|2025-11-24|2025-11-25|2025-11-26|2025-11-28|2025-12-01|2025-12-02|2025-12-03|2025-12-04|2025-12-05|2025-12-08|2025-12-09|2025-12-10|2025-12-11|2025-12-12|2025-12-15|2025-12-16|2025-12-17|2025-12-18|2025-12-19|2025-12-22|2025-12-23|2025-12-24|2025-12-26|2025-12-29,2025-12-30 22:24:51,0.0
ASGN,0|0|0|0|100|97|0|89|0|0|0|0|0|0|0|0|0|0|0|0|0|19|21|23|25|19|17|11|9|11,2025-11-14|2025-11-17|2025-11-18|2025-11-19|2025-11-20|2025-11-21|2025-11-24|2025-11-25|2025-11-26|2025-11-28|2025-12-01|2025-12-02|2025-12-03|2025-12-04|2025-12-05|2025-12-08|2025-12-09|2025-12-10|2025-12-11|2025-12-12|2025-12-15|2025-12-16|2025-12-17|2025-12-18|2025-12-19|2025-12-22|2025-12-23|2025-12-24|2025-12-26|2025-12-29,2025-12-30 22:24:51,14.7
Rivian Automotive,0|0|0|0|0|0|0|0|0|0|86|0|0|82|0|0|0|0|81|100|77|26|26|33|39|29|22|21|12|12,2025-11-14|2025-11-17|2025-11-18|2025-11-19|2025-11-20|2025-11-21|2025-11-24|2025-11-25|2025-11-26|2025-11-28|2025-12-01|2025-12-02|2025-12-03|2025-12-04|2025-12-05|2025-12-08|2025-12-09|2025-12-10|2025-12-11|2025-12-12|2025-12-15|2025-12-16|2025-12-17|2025-12-18|2025-12-19|2025-12-22|2025-12-23|2025-12-24|2025-12-26|2025-12-29,2025-12-30 22:24:54,21.5
Elanco Animal Health,0|0|0|0|0|0|0|0|0|0|0|0|0|0|0|0|0|0|0|0|0|70|100|64|49|54|77|32|32|49,2025-11-14|2025-11-17|2025-11-18|2025-11-19|2025-11-20|2025-11-21|2025-11-24|2025-11-25|2025-11-26|2025-11-28|2025-12-01|2025-12-02|2025-12-03|2025-12-04|2025-12-05|2025-12-08|2025-12-09|2025-12-10|2025-12-11|2025-12-12|2025-12-15|2025-12-16|2025-12-17|2025-12-18|2025-12-19|2025-12-22|2025-12-23|2025-12-24|2025-12-26|2025-12-29,2025-12-30 22:24:58,17.6
Graham Holdings Company,,2025-11-14|2025-11-17|2025-11-18|2025-11-19|2025-11-20|2025-11-21|2025-11-24|2025-11-25|2025-11-26|2025-11-28|2025-12-01|2025-12-02|2025-12-03|2025-12-04|2025-12-05|2025-12-08|2025-12-09|2025-12-10|2025-12-11|2025-12-12|2025-12-15|2025-12-16|2025-12-17|2025-12-18|2025-12-19|2025-12-22|2025-12-23|2025-12-24|2025-12-26|2025-12-29,2025-12-30 22:25:01,0.0
Floor & Decor,66|78|66|86|69|100|73|59|80|63|81|68|69|83|72|63|59|65|69|62|57|53|59|60|55|57|48|41|57|56,2025-11-14|2025-11-17|2025-11-18|2025-11-19|2025-11-20|2025-11-21|2025-11-24|2025-11-25|2025-11-26|2025-11-28|2025-12-01|2025-12-02|2025-12-03|2025-12-04|2025-12-05|2025-12-08|2025-12-09|2025-12-10|2025-12-11|2025-12-12|2025-12-15|2025-12-16|2025-12-17|2025-12-18|2025-12-19|2025-12-22|2025-12-23|2025-12-24|2025-12-26|2025-12-29,2025-12-30 22:25:01,65.8
Applied Industrial Technologies,0|89|0|0|0|75|0|0|0|0|0|0|100|58|0|0|0|66|62|0|59|42|44|47|39|40|40|16|15|30,2025-11-14|2025-11-17|2025-11-18|2025-11-19|2025-11-20|2025-11-21|2025-11-24|2025-11-25|2025-11-26|2025-11-28|2025-12-01|2025-12-02|2025-12-03|2025-12-04|2025-12-05|2025-12-08|2025-12-09|2025-12-10|2025-12-11|2025-12-12|2025-12-15|2025-12-16|2025-12-17|2025-12-18|2025-12-19|2025-12-22|2025-12-23|2025-12-24|2025-12-26|2025-12-29,2025-12-30 22:25:06,27.4
PriceSmart,60|37|64|62|54|42|30|49|58|81|69|36|54|40|70|35|64|40|43|53|50|44|47|51|50|45|40|39|38|46,2025-11-14|2025-11-17|2025-11-18|2025-11-19|2025-11-20|2025-11-21|2025-11-24|2025-11-25|2025-11-26|2025-11-28|2025-12-01|2025-12-02|2025-12-03|2025-12-04|2025-12-05|2025-12-08|2025-12-09|2025-12-10|2025-12-11|2025-12-12|2025-12-15|2025-12-16|2025-12-17|2025-12-18|2025-12-19|2025-12-22|2025-12-23|2025-12-24|2025-12-26|2025-12-29,2025-12-30 22:25:08,49.7
Lyft,89|84|81|89|100|85|85|85|93|84|96|95|92|92|91|85|85|92|90|91|88|84|83|89|90|84|81|79|81|87,2025-11-14|2025-11-17|2025-11-18|2025-11-19|2025-11-20|2025-11-21|2025-11-24|2025-11-25|2025-11-26|2025-11-28|2025-12-01|2025-12-02|2025-12-03|2025-12-04|2025-12-05|2025-12-08|2025-12-09|2025-12-10|2025-12-11|2025-12-12|2025-12-15|2025-12-16|2025-12-17|2025-12-18|2025-12-19|2025-12-22|2025-12-23|2025-12-24|2025-12-26|2025-12-29,2025-12-30 22:25:11,87.7
Ciena,57|56|59|64|89|66|47|53|34|30|57|61|62|54|49|50|66|51|96|100|66|51|50|45|41|38|39|27|25|34,2025-11-14|2025-11-17|2025-11-18|2025-11-19|2025-11-20|2025-11-21|2025-11-24|2025-11-25|2025-11-26|2025-11-28|2025-12-01|2025-12-02|2025-12-03|2025-12-04|2025-12-05|2025-12-08|2025-12-09|2025-12-10|2025-12-11|2025-12-12|2025-12-15|2025-12-16|2025-12-17|2025-12-18|2025-12-19|2025-12-22|2025-12-23|2025-12-24|2025-12-26|2025-12-29,2025-12-30 22:25:14,53.9
IAC,78|73|80|88|84|100|71|74|73|45|75|92|73|77|79|74|75|85|70|78|68|71|68|72|63|61|59|50|49|58,2025-11-14|2025-11-17|2025-11-18|2025-11-19|2025-11-20|2025-11-21|2025-11-24|2025-11-25|2025-11-26|2025-11-28|2025-12-01|2025-12-02|2025-12-03|2025-12-04|2025-12-05|2025-12-08|2025-12-09|2025-12-10|2025-12-11|2025-12-12|2025-12-15|2025-12-16|2025-12-17|2025-12-18|2025-12-19|2025-12-22|2025-12-23|2025-12-24|2025-12-26|2025-12-29,2025-12-30 22:25:18,72.1
Western Union,81|75|86|76|87|89|84|73|78|81|84|85|88|86|89|82|85|86|86|84|86|81|74|80|86|87|93|100|69|74,2025-11-14|2025-11-17|2025-11-18|2025-11-19|2025-11-20|2025-11-21|2025-11-24|2025-11-25|2025-11-26|2025-11-28|2025-12-01|2025-12-02|2025-12-03|2025-12-04|2025-12-05|2025-12-08|2025-12-09|2025-12-10|2025-12-11|2025-12-12|2025-12-15|2025-12-16|2025-12-17|2025-12-18|2025-12-19|2025-12-22|2025-12-23|2025-12-24|2025-12-26|2025-12-29,2025-12-30 22:25:20,83.2
Flowserve,86|67|75|63|65|61|55|87|47|0|61|60|81|39|53|46|66|100|0|65|66|65|57|63|46|43|36|20|17|31,2025-11-14|2025-11-17|2025-11-18|2025-11-19|2025-11-20|2025-11-21|2025-11-24|2025-11-25|2025-11-26|2025-11-28|2025-12-01|2025-12-02|2025-12-03|2025-12-04|2025-12-05|2025-12-08|2025-12-09|2025-12-10|2025-12-11|2025-12-12|2025-12-15|2025-12-16|2025-12-17|2025-12-18|2025-12-19|2025-12-22|2025-12-23|2025-12-24|2025-12-26|2025-12-29,2025-12-30 22:25:24,54.0
Western Alliance Bancorp,0|0|0|0|0|0|0|0|100|0|0|0|0|0|0|0|0|0|0|0|0|0|0|0|0|0|0|0|0|0,2025-11-14|2025-11-17|2025-11-18|2025-11-19|2025-11-20|2025-11-21|2025-11-24|2025-11-25|2025-11-26|2025-11-28|2025-12-01|2025-12-02|2025-12-03|2025-12-04|2025-12-05|2025-12-08|2025-12-09|2025-12-10|2025-12-11|2025-12-12|2025-12-15|2025-12-16|2025-12-17|2025-12-18|2025-12-19|2025-12-22|2025-12-23|2025-12-24|2025-12-26|2025-12-29,2025-12-30 22:25:27,3.3
Option Care Health,52|94|88|99|77|58|65|61|39|47|82|87|84|85|90|93|100|91|92|72|80|47|44|45|37|33|28|23|23|36,2025-11-14|2025-11-17|2025-11-18|2025-11-19|2025-11-20|2025-11-21|2025-11-24|2025-11-25|2025-11-26|2025-11-28|2025-12-01|2025-12-02|2025-12-03|2025-12-04|2025-12-05|2025-12-08|2025-12-09|2025-12-10|2025-12-11|2025-12-12|2025-12-15|2025-12-16|2025-12-17|2025-12-18|2025-12-19|2025-12-22|2025-12-23|2025-12-24|2025-12-26|2025-12-29,2025-12-30 22:25:30,65.1
SiteOne Landscape Supply,0|75|0|100|90|0|84|84|94|0|0|69|94|0|0|0|0|0|0|100|0|46|52|54|43|52|51|19|38|59,2025-11-14|2025-11-17|2025-11-18|2025-11-19|2025-11-20|2025-11-21|2025-11-24|2025-11-25|2025-11-26|2025-11-28|2025-12-01|2025-12-02|2025-12-03|2025-12-04|2025-12-05|2025-12-08|2025-12-09|2025-12-10|2025-12-11|2025-12-12|2025-12-15|2025-12-16|2025-12-17|2025-12-18|2025-12-19|2025-12-22|2025-12-23|2025-12-24|2025-12-26|2025-12-29,2025-12-30 22:25:34,40.1
Topgolf Callaway Brands,,2025-11-14|2025-11-17|2025-11-18|2025-11-19|2025-11-20|2025-11-21|2025-11-24|2025-11-25|2025-11-26|2025-11-28|2025-12-01|2025-12-02|2025-12-03|2025-12-04|2025-12-05|2025-12-08|2025-12-09|2025-12-10|2025-12-11|2025-12-12|2025-12-15|2025-12-16|2025-12-17|2025-12-18|2025-12-19|2025-12-22|2025-12-23|2025-12-24|2025-12-26|2025-12-29,2025-12-30 22:25:38,0.0
eXp World,0|0|0|0|0|0|0|88|0|0|82|79|0|0|0|0|0|88|0|100|0|29|32|40|41|32|30|25|30|34,2025-11-14|2025-11-17|2025-11-18|2025-11-19|2025-11-20|2025-11-21|2025-11-24|2025-11-25|2025-11-26|2025-11-28|2025-12-01|2025-12-02|2025-12-03|2025-12-04|2025-12-05|2025-12-08|2025-12-09|2025-12-10|2025-12-11|2025-12-12|2025-12-15|2025-12-16|2025-12-17|2025-12-18|2025-12-19|2025-12-22|2025-12-23|2025-12-24|2025-12-26|2025-12-29,2025-12-30 22:25:38,24.3
Abercrombie & Fitch,44|37|49|70|43|46|57|69|63|100|65|66|60|44|45|38|55|52|55|32|44|37|41|41|43|43|41|40|39|37,2025-11-14|2025-11-17|2025-11-18|2025-11-19|2025-11-20|2025-11-21|2025-11-24|2025-11-25|2025-11-26|2025-11-28|2025-12-01|2025-12-02|2025-12-03|2025-12-04|2025-12-05|2025-12-08|2025-12-09|2025-12-10|2025-12-11|2025-12-12|2025-12-15|2025-12-16|2025-12-17|2025-12-18|2025-12-19|2025-12-22|2025-12-23|2025-12-24|2025-12-26|2025-12-29,2025-12-30 22:25:41,49.9
Atmos Energy,65|47|44|59|56|66|55|52|63|48|100|87|79|70|74|67|66|65|62|72|62|61|63|64|70|61|54|45|61|77,2025-11-14|2025-11-17|2025-11-18|2025-11-19|2025-11-20|2025-11-21|2025-11-24|2025-11-25|2025-11-26|2025-11-28|2025-12-01|2025-12-02|2025-12-03|2025-12-04|2025-12-05|2025-12-08|2025-12-09|2025-12-10|2025-12-11|2025-12-12|2025-12-15|2025-12-16|2025-12-17|2025-12-18|2025-12-19|2025-12-22|2025-12-23|2025-12-24|2025-12-26|2025-12-29,2025-12-30 22:25:44,63.8
Brown & Brown,,2025-11-14|2025-11-17|2025-11-18|2025-11-19|2025-11-20|2025-11-21|2025-11-24|2025-11-25|2025-11-26|2025-11-28|2025-12-01|2025-12-02|2025-12-03|2025-12-04|2025-12-05|2025-12-08|2025-12-09|2025-12-10|2025-12-11|2025-12-12|2025-12-15|2025-12-16|2025-12-17|2025-12-18|2025-12-19|2025-12-22|2025-12-23|2025-12-24|2025-12-26|2025-12-29,2025-12-30 22:26:20,0.0
GoDaddy,,2025-11-14|2025-11-17|2025-11-18|2025-11-19|2025-11-20|2025-11-21|2025-11-24|2025-11-25|2025-11-26|2025-11-28|2025-12-01|2025-12-02|2025-12-03|2025-12-04|2025-12-05|2025-12-08|2025-12-09|2025-12-10|2025-12-11|2025-12-12|2025-12-15|2025-12-16|2025-12-17|2025-12-18|2025-12-19|2025-12-22|2025-12-23|2025-12-24|2025-12-26|2025-12-29,2025-12-30 22:27:02,0.0
American Water Works,,2025-11-14|2025-11-17|2025-11-18|2025-11-19|2025-11-20|2025-11-21|2025-11-24|2025-11-25|2025-11-26|2025-11-28|2025-12-01|2025-12-02|2025-12-03|2025-12-04|2025-12-05|2025-12-08|2025-12-09|2025-12-10|2025-12-11|2025-12-12|2025-12-15|2025-12-16|2025-12-17|2025-12-18|2025-12-19|2025-12-22|2025-12-23|2025-12-24|2025-12-26|2025-12-29,2025-12-30 22:27:12,0.0
Selective Insurance Group,,2025-11-14|2025-11-17|2025-11-18|2025-11-19|2025-11-20|2025-11-21|2025-11-24|2025-11-25|2025-11-26|2025-11-28|2025-12-01|2025-12-02|2025-12-03|2025-12-04|2025-12-05|2025-12-08|2025-12-09|2025-12-10|2025-12-11|2025-12-12|2025-12-15|2025-12-16|2025-12-17|2025-12-18|2025-12-19|2025-12-22|2025-12-23|2025-12-24|2025-12-26|2025-12-29,2025-12-30 22:27:12,0.0
Advantage Solutions,,2025-11-14|2025-11-17|2025-11-18|2025-11-19|2025-11-20|2025-11-21|2025-11-24|2025-11-25|2025-11-26|2025-11-28|2025-12-01|2025-12-02|2025-12-03|2025-12-04|2025-12-05|2025-12-08|2025-12-09|2025-12-10|2025-12-11|2025-12-12|2025-12-15|2025-12-16|2025-12-17|2025-12-18|2025-12-19|2025-12-22|2025-12-23|2025-12-24|2025-12-26|2025-12-29,2025-12-30 22:27:12,0.0
ResMed,,2025-11-14|2025-11-17|2025-11-18|2025-11-19|2025-11-20|2025-11-21|2025-11-24|2025-11-25|2025-11-26|2025-11-28|2025-12-01|2025-12-02|2025-12-03|2025-12-04|2025-12-05|2025-12-08|2025-12-09|2025-12-10|2025-12-11|2025-12-12|2025-12-15|2025-12-16|2025-12-17|2025-12-18|2025-12-19|2025-12-22|2025-12-23|2025-12-24|2025-12-26|2025-12-29,2025-12-30 22:27:12,0.0
Plexus Corp,,2025-11-14|2025-11-17|2025-11-18|2025-11-19|2025-11-20|2025-11-21|2025-11-24|2025-11-25|2025-11-26|2025-11-28|2025-12-01|2025-12-02|2025-12-03|2025-12-04|2025-12-05|2025-12-08|2025-12-09|2025-12-10|2025-12-11|2025-12-12|2025-12-15|2025-12-16|2025-12-17|2025-12-18|2025-12-19|2025-12-22|2025-12-23|2025-12-24|2025-12-26|2025-12-29,2025-12-30 22:27:12,0.0
Hub Group,,2025-11-14|2025-11-17|2025-11-18|2025-11-19|2025-11-20|2025-11-21|2025-11-24|2025-11-25|2025-11-26|2025-11-28|2025-12-01|2025-12-02|2025-12-03|2025-12-04|2025-12-05|2025-12-08|2025-12-09|2025-12-10|2025-12-11|2025-12-12|2025-12-15|2025-12-16|2025-12-17|2025-12-18|2025-12-19|2025-12-22|2025-12-23|2025-12-24|2025-12-26|2025-12-29,2025-12-30 22:27:12,0.0
Lincoln Electric,,2025-11-14|2025-11-17|2025-11-18|2025-11-19|2025-11-20|2025-11-21|2025-11-24|2025-11-25|2025-11-26|2025-11-28|2025-12-01|2025-12-02|2025-12-03|2025-12-04|2025-12-05|2025-12-08|2025-12-09|2025-12-10|2025-12-11|2025-12-12|2025-12-15|2025-12-16|2025-12-17|2025-12-18|2025-12-19|2025-12-22|2025-12-23|2025-12-24|2025-12-26|2025-12-29,2025-12-30 22:27:12,0.0
NCR Atleos,,2025-11-14|2025-11-17|2025-11-18|2025-11-19|2025-11-20|2025-11-21|2025-11-24|2025-11-25|2025-11-26|2025-11-28|2025-12-01|2025-12-02|2025-12-03|2025-12-04|2025-12-05|2025-12-08|2025-12-09|2025-12-10|2025-12-11|2025-12-12|2025-12-15|2025-12-16|2025-12-17|2025-12-18|2025-12-19|2025-12-22|2025-12-23|2025-12-24|2025-12-26|2025-12-29,2025-12-30 22:27:12,0.0
Calumet Inc,,2025-11-14|2025-11-17|2025-11-18|2025-11-19|2025-11-20|2025-11-21|2025-11-24|2025-11-25|2025-11-26|2025-11-28|2025-12-01|2025-12-02|2025-12-03|2025-12-04|2025-12-05|2025-12-08|2025-12-09|2025-12-10|2025-12-11|2025-12-12|2025-12-15|2025-12-16|2025-12-17|2025-12-18|2025-12-19|2025-12-22|2025-12-23|2025-12-24|2025-12-26|2025-12-29,2025-12-30 22:27:12,0.0
Dycom Industries,,2025-11-14|2025-11-17|2025-11-18|2025-11-19|2025-11-20|2025-11-21|2025-11-24|2025-11-25|2025-11-26|2025-11-28|2025-12-01|2025-12-02|2025-12-03|2025-12-04|2025-12-05|2025-12-08|2025-12-09|2025-12-10|2025-12-11|2025-12-12|2025-12-15|2025-12-16|2025-12-17|2025-12-18|2025-12-19|2025-12-22|2025-12-23|2025-12-24|2025-12-26|2025-12-29,2025-12-30 22:27:12,0.0
Valmont Industries,,2025-11-14|2025-11-17|2025-11-18|2025-11-19|2025-11-20|2025-11-21|2025-11-24|2025-11-25|2025-11-26|2025-11-28|2025-12-01|2025-12-02|2025-12-03|2025-12-04|2025-12-05|2025-12-08|2025-12-09|2025-12-10|2025-12-11|2025-12-12|2025-12-15|2025-12-16|2025-12-17|2025-12-18|2025-12-19|2025-12-22|2025-12-23|2025-12-24|2025-12-26|2025-12-29,2025-12-30 22:27:12,0.0
ATI Inc,,2025-11-14|2025-11-17|2025-11-18|2025-11-19|2025-11-20|2025-11-21|2025-11-24|2025-11-25|2025-11-26|2025-11-28|2025-12-01|2025-12-02|2025-12-03|2025-12-04|2025-12-05|2025-12-08|2025-12-09|2025-12-10|2025-12-11|2025-12-12|2025-12-15|2025-12-16|2025-12-17|2025-12-18|2025-12-19|2025-12-22|2025-12-23|2025-12-24|2025-12-26|2025-12-29,2025-12-30 22:27:12,0.0
Twilio,,2025-11-14|2025-11-17|2025-11-18|2025-11-19|2025-11-20|2025-11-21|2025-11-24|2025-11-25|2025-11-26|2025-11-28|2025-12-01|2025-12-02|2025-12-03|2025-12-04|2025-12-05|2025-12-08|2025-12-09|2025-12-10|2025-12-11|2025-12-12|2025-12-15|2025-12-16|2025-12-17|2025-12-18|2025-12-19|2025-12-22|2025-12-23|2025-12-24|2025-12-26|2025-12-29,2025-12-30 22:27:12,0.0
CNO Financial Group,,2025-11-14|2025-11-17|2025-11-18|2025-11-19|2025-11-20|2025-11-21|2025-11-24|2025-11-25|2025-11-26|2025-11-28|2025-12-01|2025-12-02|2025-12-03|2025-12-04|2025-12-05|2025-12-08|2025-12-09|2025-12-10|2025-12-11|2025-12-12|2025-12-15|2025-12-16|2025-12-17|2025-12-18|2025-12-19|2025-12-22|2025-12-23|2025-12-24|2025-12-26|2025-12-29,2025-12-30 22:27:12,0.0
Patterson-UTI Energy,,2025-11-14|2025-11-17|2025-11-18|2025-11-19|2025-11-20|2025-11-21|2025-11-24|2025-11-25|2025-11-26|2025-11-28|2025-12-01|2025-12-02|2025-12-03|2025-12-04|2025-12-05|2025-12-08|2025-12-09|2025-12-10|2025-12-11|2025-12-12|2025-12-15|2025-12-16|2025-12-17|2025-12-18|2025-12-19|2025-12-22|2025-12-23|2025-12-24|2025-12-26|2025-12-29,2025-12-30 22:27:12,0.0
Brinker International,,2025-11-14|2025-11-17|2025-11-18|2025-11-19|2025-11-20|2025-11-21|2025-11-24|2025-11-25|2025-11-26|2025-11-28|2025-12-01|2025-12-02|2025-12-03|2025-12-04|2025-12-05|2025-12-08|2025-12-09|2025-12-10|2025-12-11|2025-12-12|2025-12-15|2025-12-16|2025-12-17|2025-12-18|2025-12-19|2025-12-22|2025-12-23|2025-12-24|2025-12-26|2025-12-29,2025-12-30 22:27:12,0.0
Charles River Laboratories International,,2025-11-14|2025-11-17|2025-11-18|2025-11-19|2025-11-20|2025-11-21|2025-11-24|2025-11-25|2025-11-26|2025-11-28|2025-12-01|2025-12-02|2025-12-03|2025-12-04|2025-12-05|2025-12-08|2025-12-09|2025-12-10|2025-12-11|2025-12-12|2025-12-15|2025-12-16|2025-12-17|2025-12-18|2025-12-19|2025-12-22|2025-12-23|2025-12-24|2025-12-26|2025-12-29,2025-12-30 22:27:12,0.0
Hyster-Yale,,2025-11-14|2025-11-17|2025-11-18|2025-11-19|2025-11-20|2025-11-21|2025-11-24|2025-11-25|2025-11-26|2025-11-28|2025-12-01|2025-12-02|2025-12-03|2025-12-04|2025-12-05|2025-12-08|2025-12-09|2025-12-10|2025-12-11|2025-12-12|2025-12-15|2025-12-16|2025-12-17|2025-12-18|2025-12-19|2025-12-22|2025-12-23|2025-12-24|2025-12-26|2025-12-29,2025-12-30 22:27:12,0.0
Brighthouse Financial,,2025-11-14|2025-11-17|2025-11-18|2025-11-19|2025-11-20|2025-11-21|2025-11-24|2025-11-25|2025-11-26|2025-11-28|2025-12-01|2025-12-02|2025-12-03|2025-12-04|2025-12-05|2025-12-08|2025-12-09|2025-12-10|2025-12-11|2025-12-12|2025-12-15|2025-12-16|2025-12-17|2025-12-18|2025-12-19|2025-12-22|2025-12-23|2025-12-24|2025-12-26|2025-12-29,2025-12-30 22:27:12,0.0
Service Corp International,,2025-11-14|2025-11-17|2025-11-18|2025-11-19|2025-11-20|2025-11-21|2025-11-24|2025-11-25|2025-11-26|2025-11-28|2025-12-01|2025-12-02|2025-12-03|2025-12-04|2025-12-05|2025-12-08|2025-12-09|2025-12-10|2025-12-11|2025-12-12|2025-12-15|2025-12-16|2025-12-17|2025-12-18|2025-12-19|2025-12-22|2025-12-23|2025-12-24|2025-12-26|2025-12-29,2025-12-30 22:27:12,0.0
CrossAmerica Partners,,2025-11-14|2025-11-17|2025-11-18|2025-11-19|2025-11-20|2025-11-21|2025-11-24|2025-11-25|2025-11-26|2025-11-28|2025-12-01|2025-12-02|2025-12-03|2025-12-04|2025-12-05|2025-12-08|2025-12-09|2025-12-10|2025-12-11|2025-12-12|2025-12-15|2025-12-16|2025-12-17|2025-12-18|2025-12-19|2025-12-22|2025-12-23|2025-12-24|2025-12-26|2025-12-29,2025-12-30 22:27:12,0.0
Cadence,,2025-11-14|2025-11-17|2025-11-18|2025-11-19|2025-11-20|2025-11-21|2025-11-24|2025-11-25|2025-11-26|2025-11-28|2025-12-01|2025-12-02|2025-12-03|2025-12-04|2025-12-05|2025-12-08|2025-12-09|2025-12-10|2025-12-11|2025-12-12|2025-12-15|2025-12-16|2025-12-17|2025-12-18|2025-12-19|2025-12-22|2025-12-23|2025-12-24|2025-12-26|2025-12-29,2025-12-30 22:27:12,0.0
MillerKnoll,,2025-11-14|2025-11-17|2025-11-18|2025-11-19|2025-11-20|2025-11-21|2025-11-24|2025-11-25|2025-11-26|2025-11-28|2025-12-01|2025-12-02|2025-12-03|2025-12-04|2025-12-05|2025-12-08|2025-12-09|2025-12-10|2025-12-11|2025-12-12|2025-12-15|2025-12-16|2025-12-17|2025-12-18|2025-12-19|2025-12-22|2025-12-23|2025-12-24|2025-12-26|2025-12-29,2025-12-30 22:27:12,0.0
Realty Income,,2025-11-14|2025-11-17|2025-11-18|2025-11-19|2025-11-20|2025-11-21|2025-11-24|2025-11-25|2025-11-26|2025-11-28|2025-12-01|2025-12-02|2025-12-03|2025-12-04|2025-12-05|2025-12-08|2025-12-09|2025-12-10|2025-12-11|2025-12-12|2025-12-15|2025-12-16|2025-12-17|2025-12-18|2025-12-19|2025-12-22|2025-12-23|2025-12-24|2025-12-26|2025-12-29,2025-12-30 22:27:12,0.0
Middleby,,2025-11-14|2025-11-17|2025-11-18|2025-11-19|2025-11-20|2025-11-21|2025-11-24|2025-11-25|2025-11-26|2025-11-28|2025-12-01|2025-12-02|2025-12-03|2025-12-04|2025-12-05|2025-12-08|2025-12-09|2025-12-10|2025-12-11|2025-12-12|2025-12-15|2025-12-16|2025-12-17|2025-12-18|2025-12-19|2025-12-22|2025-12-23|2025-12-24|2025-12-26|2025-12-29,2025-12-30 22:27:12,0.0
M/I Homes,,2025-11-14|2025-11-17|2025-11-18|2025-11-19|2025-11-20|2025-11-21|2025-11-24|2025-11-25|2025-11-26|2025-11-28|2025-12-01|2025-12-02|2025-12-03|2025-12-04|2025-12-05|2025-12-08|2025-12-09|2025-12-10|2025-12-11|2025-12-12|2025-12-15|2025-12-16|2025-12-17|2025-12-18|2025-12-19|2025-12-22|2025-12-23|2025-12-24|2025-12-26|2025-12-29,2025-12-30 22:27:12,0.0
Hologic,,2025-11-14|2025-11-17|2025-11-18|2025-11-19|2025-11-20|2025-11-21|2025-11-24|2025-11-25|2025-11-26|2025-11-28|2025-12-01|2025-12-02|2025-12-03|2025-12-04|2025-12-05|2025-12-08|2025-12-09|2025-12-10|2025-12-11|2025-12-12|2025-12-15|2025-12-16|2025-12-17|2025-12-18|2025-12-19|2025-12-22|2025-12-23|2025-12-24|2025-12-26|2025-12-29,2025-12-30 22:27:12,0.0
Alliant Energy,,2025-11-14|2025-11-17|2025-11-18|2025-11-19|2025-11-20|2025-11-21|2025-11-24|2025-11-25|2025-11-26|2025-11-28|2025-12-01|2025-12-02|2025-12-03|2025-12-04|2025-12-05|2025-12-08|2025-12-09|2025-12-10|2025-12-11|2025-12-12|2025-12-15|2025-12-16|2025-12-17|2025-12-18|2025-12-19|2025-12-22|2025-12-23|2025-12-24|2025-12-26|2025-12-29,2025-12-30 22:27:12,0.0
Generac,,2025-11-14|2025-11-17|2025-11-18|2025-11-19|2025-11-20|2025-11-21|2025-11-24|2025-11-25|2025-11-26|2025-11-28|2025-12-01|2025-12-02|2025-12-03|2025-12-04|2025-12-05|2025-12-08|2025-12-09|2025-12-10|2025-12-11|2025-12-12|2025-12-15|2025-12-16|2025-12-17|2025-12-18|2025-12-19|2025-12-22|2025-12-23|2025-12-24|2025-12-26|2025-12-29,2025-12-30 22:27:12,0.0
MSC Industrial Direct,,2025-11-14|2025-11-17|2025-11-18|2025-11-19|2025-11-20|2025-11-21|2025-11-24|2025-11-25|2025-11-26|2025-11-28|2025-12-01|2025-12-02|2025-12-03|2025-12-04|2025-12-05|2025-12-08|2025-12-09|2025-12-10|2025-12-11|2025-12-12|2025-12-15|2025-12-16|2025-12-17|2025-12-18|2025-12-19|2025-12-22|2025-12-23|2025-12-24|2025-12-26|2025-12-29,2025-12-30 22:27:12,0.0
Rocket Companies,,2025-11-14|2025-11-17|2025-11-18|2025-11-19|2025-11-20|2025-11-21|2025-11-24|2025-11-25|2025-11-26|2025-11-28|2025-12-01|2025-12-02|2025-12-03|2025-12-04|2025-12-05|2025-12-08|2025-12-09|2025-12-10|2025-12-11|2025-12-12|2025-12-15|2025-12-16|2025-12-17|2025-12-18|2025-12-19|2025-12-22|2025-12-23|2025-12-24|2025-12-26|2025-12-29,2025-12-30 22:27:12,0.0
Upbound Group,,2025-11-14|2025-11-17|2025-11-18|2025-11-19|2025-11-20|2025-11-21|2025-11-24|2025-11-25|2025-11-26|2025-11-28|2025-12-01|2025-12-02|2025-12-03|2025-12-04|2025-12-05|2025-12-08|2025-12-09|2025-12-10|2025-12-11|2025-12-12|2025-12-15|2025-12-16|2025-12-17|2025-12-18|2025-12-19|2025-12-22|2025-12-23|2025-12-24|2025-12-26|2025-12-29,2025-12-30 22:27:12,0.0
East West Bancorp,,2025-11-14|2025-11-17|2025-11-18|2025-11-19|2025-11-20|2025-11-21|2025-11-24|2025-11-25|2025-11-26|2025-11-28|2025-12-01|2025-12-02|2025-12-03|2025-12-04|2025-12-05|2025-12-08|2025-12-09|2025-12-10|2025-12-11|2025-12-12|2025-12-15|2025-12-16|2025-12-17|2025-12-18|2025-12-19|2025-12-22|2025-12-23|2025-12-24|2025-12-26|2025-12-29,2025-12-30 22:27:12,0.0
Hilton Grand Vacations,,2025-11-14|2025-11-17|2025-11-18|2025-11-19|2025-11-20|2025-11-21|2025-11-24|2025-11-25|2025-11-26|2025-11-28|2025-12-01|2025-12-02|2025-12-03|2025-12-04|2025-12-05|2025-12-08|2025-12-09|2025-12-10|2025-12-11|2025-12-12|2025-12-15|2025-12-16|2025-12-17|2025-12-18|2025-12-19|2025-12-22|2025-12-23|2025-12-24|2025-12-26|2025-12-29,2025-12-30 22:27:12,0.0
Grocery Outlet Holding,,2025-11-14|2025-11-17|2025-11-18|2025-11-19|2025-11-20|2025-11-21|2025-11-24|2025-11-25|2025-11-26|2025-11-28|2025-12-01|2025-12-02|2025-12-03|2025-12-04|2025-12-05|2025-12-08|2025-12-09|2025-12-10|2025-12-11|2025-12-12|2025-12-15|2025-12-16|2025-12-17|2025-12-18|2025-12-19|2025-12-22|2025-12-23|2025-12-24|2025-12-26|2025-12-29,2025-12-30 22:27:12,0.0
Dentsply Sirona,,2025-11-14|2025-11-17|2025-11-18|2025-11-19|2025-11-20|2025-11-21|2025-11-24|2025-11-25|2025-11-26|2025-11-28|2025-12-01|2025-12-02|2025-12-03|2025-12-04|2025-12-05|2025-12-08|2025-12-09|2025-12-10|2025-12-11|2025-12-12|2025-12-15|2025-12-16|2025-12-17|2025-12-18|2025-12-19|2025-12-22|2025-12-23|2025-12-24|2025-12-26|2025-12-29,2025-12-30 22:27:12,0.0
v2x Inc,,2025-11-14|2025-11-17|2025-11-18|2025-11-19|2025-11-20|2025-11-21|2025-11-24|2025-11-25|2025-11-26|2025-11-28|2025-12-01|2025-12-02|2025-12-03|2025-12-04|2025-12-05|2025-12-08|2025-12-09|2025-12-10|2025-12-11|2025-12-12|2025-12-15|2025-12-16|2025-12-17|2025-12-18|2025-12-19|2025-12-22|2025-12-23|2025-12-24|2025-12-26|2025-12-29,2025-12-30 22:27:12,0.0
Crocs,,2025-11-14|2025-11-17|2025-11-18|2025-11-19|2025-11-20|2025-11-21|2025-11-24|2025-11-25|2025-11-26|2025-11-28|2025-12-01|2025-12-02|2025-12-03|2025-12-04|2025-12-05|2025-12-08|2025-12-09|2025-12-10|2025-12-11|2025-12-12|2025-12-15|2025-12-16|2025-12-17|2025-12-18|2025-12-19|2025-12-22|2025-12-23|2025-12-24|2025-12-26|2025-12-29,2025-12-30 22:27:12,0.0
Spectrum Brands,,2025-11-14|2025-11-17|2025-11-18|2025-11-19|2025-11-20|2025-11-21|2025-11-24|2025-11-25|2025-11-26|2025-11-28|2025-12-01|2025-12-02|2025-12-03|2025-12-04|2025-12-05|2025-12-08|2025-12-09|2025-12-10|2025-12-11|2025-12-12|2025-12-15|2025-12-16|2025-12-17|2025-12-18|2025-12-19|2025-12-22|2025-12-23|2025-12-24|2025-12-26|2025-12-29,2025-12-30 22:27:12,0.0
Visteon,,2025-11-14|2025-11-17|2025-11-18|2025-11-19|2025-11-20|2025-11-21|2025-11-24|2025-11-25|2025-11-26|2025-11-28|2025-12-01|2025-12-02|2025-12-03|2025-12-04|2025-12-05|2025-12-08|2025-12-09|2025-12-10|2025-12-11|2025-12-12|2025-12-15|2025-12-16|2025-12-17|2025-12-18|2025-12-19|2025-12-22|2025-12-23|2025-12-24|2025-12-26|2025-12-29,2025-12-30 22:27:12,0.0
Acuity Inc,,2025-11-14|2025-11-17|2025-11-18|2025-11-19|2025-11-20|2025-11-21|2025-11-24|2025-11-25|2025-11-26|2025-11-28|2025-12-01|2025-12-02|2025-12-03|2025-12-04|2025-12-05|2025-12-08|2025-12-09|2025-12-10|2025-12-11|2025-12-12|2025-12-15|2025-12-16|2025-12-17|2025-12-18|2025-12-19|2025-12-22|2025-12-23|2025-12-24|2025-12-26|2025-12-29,2025-12-30 22:27:12,0.0
The Greenbrier Companies,,2025-11-14|2025-11-17|2025-11-18|2025-11-19|2025-11-20|2025-11-21|2025-11-24|2025-11-25|2025-11-26|2025-11-28|2025-12-01|2025-12-02|2025-12-03|2025-12-04|2025-12-05|2025-12-08|2025-12-09|2025-12-10|2025-12-11|2025-12-12|2025-12-15|2025-12-16|2025-12-17|2025-12-18|2025-12-19|2025-12-22|2025-12-23|2025-12-24|2025-12-26|2025-12-29,2025-12-30 22:27:12,0.0
Webster Financial,,2025-11-14|2025-11-17|2025-11-18|2025-11-19|2025-11-20|2025-11-21|2025-11-24|2025-11-25|2025-11-26|2025-11-28|2025-12-01|2025-12-02|2025-12-03|2025-12-04|2025-12-05|2025-12-08|2025-12-09|2025-12-10|2025-12-11|2025-12-12|2025-12-15|2025-12-16|2025-12-17|2025-12-18|2025-12-19|2025-12-22|2025-12-23|2025-12-24|2025-12-26|2025-12-29,2025-12-30 22:27:12,0.0
Cabot Corporation,,2025-11-14|2025-11-17|2025-11-18|2025-11-19|2025-11-20|2025-11-21|2025-11-24|2025-11-25|2025-11-26|2025-11-28|2025-12-01|2025-12-02|2025-12-03|2025-12-04|2025-12-05|2025-12-08|2025-12-09|2025-12-10|2025-12-11|2025-12-12|2025-12-15|2025-12-16|2025-12-17|2025-12-18|2025-12-19|2025-12-22|2025-12-23|2025-12-24|2025-12-26|2025-12-29,2025-12-30 22:27:12,0.0
RXO Inc,,2025-11-14|2025-11-17|2025-11-18|2025-11-19|2025-11-20|2025-11-21|2025-11-24|2025-11-25|2025-11-26|2025-11-28|2025-12-01|2025-12-02|2025-12-03|2025-12-04|2025-12-05|2025-12-08|2025-12-09|2025-12-10|2025-12-11|2025-12-12|2025-12-15|2025-12-16|2025-12-17|2025-12-18|2025-12-19|2025-12-22|2025-12-23|2025-12-24|2025-12-26|2025-12-29,2025-12-30 22:27:12,0.0
Chord Energy,,2025-11-14|2025-11-17|2025-11-18|2025-11-19|2025-11-20|2025-11-21|2025-11-24|2025-11-25|2025-11-26|2025-11-28|2025-12-01|2025-12-02|2025-12-03|2025-12-04|2025-12-05|2025-12-08|2025-12-09|2025-12-10|2025-12-11|2025-12-12|2025-12-15|2025-12-16|2025-12-17|2025-12-18|2025-12-19|2025-12-22|2025-12-23|2025-12-24|2025-12-26|2025-12-29,2025-12-30 22:27:12,0.0
Popular Inc,,2025-11-14|2025-11-17|2025-11-18|2025-11-19|2025-11-20|2025-11-21|2025-11-24|2025-11-25|2025-11-26|2025-11-28|2025-12-01|2025-12-02|2025-12-03|2025-12-04|2025-12-05|2025-12-08|2025-12-09|2025-12-10|2025-12-11|2025-12-12|2025-12-15|2025-12-16|2025-12-17|2025-12-18|2025-12-19|2025-12-22|2025-12-23|2025-12-24|2025-12-26|2025-12-29,2025-12-30 22:27:12,0.0
Garrett Motion Inc,,2025-11-14|2025-11-17|2025-11-18|2025-11-19|2025-11-20|2025-11-21|2025-11-24|2025-11-25|2025-11-26|2025-11-28|2025-12-01|2025-12-02|2025-12-03|2025-12-04|2025-12-05|2025-12-08|2025-12-09|2025-12-10|2025-12-11|2025-12-12|2025-12-15|2025-12-16|2025-12-17|2025-12-18|2025-12-19|2025-12-22|2025-12-23|2025-12-24|2025-12-26|2025-12-29,2025-12-30 22:27:12,0.0
Tutor Perini Corporation,,2025-11-14|2025-11-17|2025-11-18|2025-11-19|2025-11-20|2025-11-21|2025-11-24|2025-11-25|2025-11-26|2025-11-28|2025-12-01|2025-12-02|2025-12-03|2025-12-04|2025-12-05|2025-12-08|2025-12-09|2025-12-10|2025-12-11|2025-12-12|2025-12-15|2025-12-16|2025-12-17|2025-12-18|2025-12-19|2025-12-22|2025-12-23|2025-12-24|2025-12-26|2025-12-29,2025-12-30 22:27:12,0.0
Copart,,2025-11-14|2025-11-17|2025-11-18|2025-11-19|2025-11-20|2025-11-21|2025-11-24|2025-11-25|2025-11-26|2025-11-28|2025-12-01|2025-12-02|2025-12-03|2025-12-04|2025-12-05|2025-12-08|2025-12-09|2025-12-10|2025-12-11|2025-12-12|2025-12-15|2025-12-16|2025-12-17|2025-12-18|2025-12-19|2025-12-22|2025-12-23|2025-12-24|2025-12-26|2025-12-29,2025-12-30 22:27:12,0.0
Toast Inc,,2025-11-14|2025-11-17|2025-11-18|2025-11-19|2025-11-20|2025-11-21|2025-11-24|2025-11-25|2025-11-26|2025-11-28|2025-12-01|2025-12-02|2025-12-03|2025-12-04|2025-12-05|2025-12-08|2025-12-09|2025-12-10|2025-12-11|2025-12-12|2025-12-15|2025-12-16|2025-12-17|2025-12-18|2025-12-19|2025-12-22|2025-12-23|2025-12-24|2025-12-26|2025-12-29,2025-12-30 22:27:12,0.0
Align Technology,,2025-11-14|2025-11-17|2025-11-18|2025-11-19|2025-11-20|2025-11-21|2025-11-24|2025-11-25|2025-11-26|2025-11-28|2025-12-01|2025-12-02|2025-12-03|2025-12-04|2025-12-05|2025-12-08|2025-12-09|2025-12-10|2025-12-11|2025-12-12|2025-12-15|2025-12-16|2025-12-17|2025-12-18|2025-12-19|2025-12-22|2025-12-23|2025-12-24|2025-12-26|2025-12-29,2025-12-30 22:27:12,0.0
TransUnion,,2025-11-14|2025-11-17|2025-11-18|2025-11-19|2025-11-20|2025-11-21|2025-11-24|2025-11-25|2025-11-26|2025-11-28|2025-12-01|2025-12-02|2025-12-03|2025-12-04|2025-12-05|2025-12-08|2025-12-09|2025-12-10|2025-12-11|2025-12-12|2025-12-15|2025-12-16|2025-12-17|2025-12-18|2025-12-19|2025-12-22|2025-12-23|2025-12-24|2025-12-26|2025-12-29,2025-12-30 22:27:12,0.0
NCR Voyix,,2025-11-14|2025-11-17|2025-11-18|2025-11-19|2025-11-20|2025-11-21|2025-11-24|2025-11-25|2025-11-26|2025-11-28|2025-12-01|2025-12-02|2025-12-03|2025-12-04|2025-12-05|2025-12-08|2025-12-09|2025-12-10|2025-12-11|2025-12-12|2025-12-15|2025-12-16|2025-12-17|2025-12-18|2025-12-19|2025-12-22|2025-12-23|2025-12-24|2025-12-26|2025-12-29,2025-12-30 22:27:12,0.0
Akamai Technologies,,2025-11-14|2025-11-17|2025-11-18|2025-11-19|2025-11-20|2025-11-21|2025-11-24|2025-11-25|2025-11-26|2025-11-28|2025-12-01|2025-12-02|2025-12-03|2025-12-04|2025-12-05|2025-12-08|2025-12-09|2025-12-10|2025-12-11|2025-12-12|2025-12-15|2025-12-16|2025-12-17|2025-12-18|2025-12-19|2025-12-22|2025-12-23|2025-12-24|2025-12-26|2025-12-29,2025-12-30 22:27:12,0.0
Trimble Inc,,2025-11-14|2025-11-17|2025-11-18|2025-11-19|2025-11-20|2025-11-21|2025-11-24|2025-11-25|2025-11-26|2025-11-28|2025-12-01|2025-12-02|2025-12-03|2025-12-04|2025-12-05|2025-12-08|2025-12-09|2025-12-10|2025-12-11|2025-12-12|2025-12-15|2025-12-16|2025-12-17|2025-12-18|2025-12-19|2025-12-22|2025-12-23|2025-12-24|2025-12-26|2025-12-29,2025-12-30 22:27:12,0.0
AMN Healthcare Services,,2025-11-14|2025-11-17|2025-11-18|2025-11-19|2025-11-20|2025-11-21|2025-11-24|2025-11-25|2025-11-26|2025-11-28|2025-12-01|2025-12-02|2025-12-03|2025-12-04|2025-12-05|2025-12-08|2025-12-09|2025-12-10|2025-12-11|2025-12-12|2025-12-15|2025-12-16|2025-12-17|2025-12-18|2025-12-19|2025-12-22|2025-12-23|2025-12-24|2025-12-26|2025-12-29,2025-12-30 22:27:12,0.0
Mettler-Toledo International,,2025-11-14|2025-11-17|2025-11-18|2025-11-19|2025-11-20|2025-11-21|2025-11-24|2025-11-25|2025-11-26|2025-11-28|2025-12-01|2025-12-02|2025-12-03|2025-12-04|2025-12-05|2025-12-08|2025-12-09|2025-12-10|2025-12-11|2025-12-12|2025-12-15|2025-12-16|2025-12-17|2025-12-18|2025-12-19|2025-12-22|2025-12-23|2025-12-24|2025-12-26|2025-12-29,2025-12-30 22:27:12,0.0
ScanSource,,2025-11-14|2025-11-17|2025-11-18|2025-11-19|2025-11-20|2025-11-21|2025-11-24|2025-11-25|2025-11-26|2025-11-28|2025-12-01|2025-12-02|2025-12-03|2025-12-04|2025-12-05|2025-12-08|2025-12-09|2025-12-10|2025-12-11|2025-12-12|2025-12-15|2025-12-16|2025-12-17|2025-12-18|2025-12-19|2025-12-22|2025-12-23|2025-12-24|2025-12-26|2025-12-29,2025-12-30 22:27:12,0.0
LCI Industries,,2025-11-14|2025-11-17|2025-11-18|2025-11-19|2025-11-20|2025-11-21|2025-11-24|2025-11-25|2025-11-26|2025-11-28|2025-12-01|2025-12-02|2025-12-03|2025-12-04|2025-12-05|2025-12-08|2025-12-09|2025-12-10|2025-12-11|2025-12-12|2025-12-15|2025-12-16|2025-12-17|2025-12-18|2025-12-19|2025-12-22|2025-12-23|2025-12-24|2025-12-26|2025-12-29,2025-12-30 22:27:12,0.0
Cboe Global Markets,,2025-11-14|2025-11-17|2025-11-18|2025-11-19|2025-11-20|2025-11-21|2025-11-24|2025-11-25|2025-11-26|2025-11-28|2025-12-01|2025-12-02|2025-12-03|2025-12-04|2025-12-05|2025-12-08|2025-12-09|2025-12-10|2025-12-11|2025-12-12|2025-12-15|2025-12-16|2025-12-17|2025-12-18|2025-12-19|2025-12-22|2025-12-23|2025-12-24|2025-12-26|2025-12-29,2025-12-30 22:27:12,0.0
Diebold Nixdorf,,2025-11-14|2025-11-17|2025-11-18|2025-11-19|2025-11-20|2025-11-21|2025-11-24|2025-11-25|2025-11-26|2025-11-28|2025-12-01|2025-12-02|2025-12-03|2025-12-04|2025-12-05|2025-12-08|2025-12-09|2025-12-10|2025-12-11|2025-12-12|2025-12-15|2025-12-16|2025-12-17|2025-12-18|2025-12-19|2025-12-22|2025-12-23|2025-12-24|2025-12-26|2025-12-29,2025-12-30 22:27:12,0.0
Corpay,,2025-11-14|2025-11-17|2025-11-18|2025-11-19|2025-11-20|2025-11-21|2025-11-24|2025-11-25|2025-11-26|2025-11-28|2025-12-01|2025-12-02|2025-12-03|2025-12-04|2025-12-05|2025-12-08|2025-12-09|2025-12-10|2025-12-11|2025-12-12|2025-12-15|2025-12-16|2025-12-17|2025-12-18|2025-12-19|2025-12-22|2025-12-23|2025-12-24|2025-12-26|2025-12-29,2025-12-30 22:27:12,0.0
iHeartMedia,,2025-11-14|2025-11-17|2025-11-18|2025-11-19|2025-11-20|2025-11-21|2025-11-24|2025-11-25|2025-11-26|2025-11-28|2025-12-01|2025-12-02|2025-12-03|2025-12-04|2025-12-05|2025-12-08|2025-12-09|2025-12-10|2025-12-11|2025-12-12|2025-12-15|2025-12-16|2025-12-17|2025-12-18|2025-12-19|2025-12-22|2025-12-23|2025-12-24|2025-12-26|2025-12-29,2025-12-30 22:27:12,0.0
Dream Finders Homes,,2025-11-14|2025-11-17|2025-11-18|2025-11-19|2025-11-20|2025-11-21|2025-11-24|2025-11-25|2025-11-26|2025-11-28|2025-12-01|2025-12-02|2025-12-03|2025-12-04|2025-12-05|2025-12-08|2025-12-09|2025-12-10|2025-12-11|2025-12-12|2025-12-15|2025-12-16|2025-12-17|2025-12-18|2025-12-19|2025-12-22|2025-12-23|2025-12-24|2025-12-26|2025-12-29,2025-12-30 22:27:12,0.0
Boyd Gaming,,2025-11-14|2025-11-17|2025-11-18|2025-11-19|2025-11-20|2025-11-21|2025-11-24|2025-11-25|2025-11-26|2025-11-28|2025-12-01|2025-12-02|2025-12-03|2025-12-04|2025-12-05|2025-12-08|2025-12-09|2025-12-10|2025-12-11|2025-12-12|2025-12-15|2025-12-16|2025-12-17|2025-12-18|2025-12-19|2025-12-22|2025-12-23|2025-12-24|2025-12-26|2025-12-29,2025-12-30 22:27:12,0.0
Ensign Group,,2025-11-14|2025-11-17|2025-11-18|2025-11-19|2025-11-20|2025-11-21|2025-11-24|2025-11-25|2025-11-26|2025-11-28|2025-12-01|2025-12-02|2025-12-03|2025-12-04|2025-12-05|2025-12-08|2025-12-09|2025-12-10|2025-12-11|2025-12-12|2025-12-15|2025-12-16|2025-12-17|2025-12-18|2025-12-19|2025-12-22|2025-12-23|2025-12-24|2025-12-26|2025-12-29,2025-12-30 22:27:12,0.0
Sally Beauty,,2025-11-14|2025-11-17|2025-11-18|2025-11-19|2025-11-20|2025-11-21|2025-11-24|2025-11-25|2025-11-26|2025-11-28|2025-12-01|2025-12-02|2025-12-03|2025-12-04|2025-12-05|2025-12-08|2025-12-09|2025-12-10|2025-12-11|2025-12-12|2025-12-15|2025-12-16|2025-12-17|2025-12-18|2025-12-19|2025-12-22|2025-12-23|2025-12-24|2025-12-26|2025-12-29,2025-12-30 22:27:12,0.0
Conduent,,2025-11-14|2025-11-17|2025-11-18|2025-11-19|2025-11-20|2025-11-21|2025-11-24|2025-11-25|2025-11-26|2025-11-28|2025-12-01|2025-12-02|2025-12-03|2025-12-04|2025-12-05|2025-12-08|2025-12-09|2025-12-10|2025-12-11|2025-12-12|2025-12-15|2025-12-16|2025-12-17|2025-12-18|2025-12-19|2025-12-22|2025-12-23|2025-12-24|2025-12-26|2025-12-29,2025-12-30 22:27:12,0.0
Sylvamo,,2025-11-14|2025-11-17|2025-11-18|2025-11-19|2025-11-20|2025-11-21|2025-11-24|2025-11-25|2025-11-26|2025-11-28|2025-12-01|2025-12-02|2025-12-03|2025-12-04|2025-12-05|2025-12-08|2025-12-09|2025-12-10|2025-12-11|2025-12-12|2025-12-15|2025-12-16|2025-12-17|2025-12-18|2025-12-19|2025-12-22|2025-12-23|2025-12-24|2025-12-26|2025-12-29,2025-12-30 22:27:12,0.0
Tri Pointe Homes,,2025-11-14|2025-11-17|2025-11-18|2025-11-19|2025-11-20|2025-11-21|2025-11-24|2025-11-25|2025-11-26|2025-11-28|2025-12-01|2025-12-02|2025-12-03|2025-12-04|2025-12-05|2025-12-08|2025-12-09|2025-12-10|2025-12-11|2025-12-12|2025-12-15|2025-12-16|2025-12-17|2025-12-18|2025-12-19|2025-12-22|2025-12-23|2025-12-24|2025-12-26|2025-12-29,2025-12-30 22:27:12,0.0
EnerSys,,2025-11-14|2025-11-17|2025-11-18|2025-11-19|2025-11-20|2025-11-21|2025-11-24|2025-11-25|2025-11-26|2025-11-28|2025-12-01|2025-12-02|2025-12-03|2025-12-04|2025-12-05|2025-12-08|2025-12-09|2025-12-10|2025-12-11|2025-12-12|2025-12-15|2025-12-16|2025-12-17|2025-12-18|2025-12-19|2025-12-22|2025-12-23|2025-12-24|2025-12-26|2025-12-29,2025-12-30 22:27:12,0.0
Incyte,,2025-11-14|2025-11-17|2025-11-18|2025-11-19|2025-11-20|2025-11-21|2025-11-24|2025-11-25|2025-11-26|2025-11-28|2025-12-01|2025-12-02|2025-12-03|2025-12-04|2025-12-05|2025-12-08|2025-12-09|2025-12-10|2025-12-11|2025-12-12|2025-12-15|2025-12-16|2025-12-17|2025-12-18|2025-12-19|2025-12-22|2025-12-23|2025-12-24|2025-12-26|2025-12-29,2025-12-30 22:27:12,0.0
Century Communities,,2025-11-14|2025-11-17|2025-11-18|2025-11-19|2025-11-20|2025-11-21|2025-11-24|2025-11-25|2025-11-26|2025-11-28|2025-12-01|2025-12-02|2025-12-03|2025-12-04|2025-12-05|2025-12-08|2025-12-09|2025-12-10|2025-12-11|2025-12-12|2025-12-15|2025-12-16|2025-12-17|2025-12-18|2025-12-19|2025-12-22|2025-12-23|2025-12-24|2025-12-26|2025-12-29,2025-12-30 22:27:12,0.0
Rithm Capital,,2025-11-14|2025-11-17|2025-11-18|2025-11-19|2025-11-20|2025-11-21|2025-11-24|2025-11-25|2025-11-26|2025-11-28|2025-12-01|2025-12-02|2025-12-03|2025-12-04|2025-12-05|2025-12-08|2025-12-09|2025-12-10|2025-12-11|2025-12-12|2025-12-15|2025-12-16|2025-12-17|2025-12-18|2025-12-19|2025-12-22|2025-12-23|2025-12-24|2025-12-26|2025-12-29,2025-12-30 22:27:12,0.0
Euronet Worldwide,,2025-11-14|2025-11-17|2025-11-18|2025-11-19|2025-11-20|2025-11-21|2025-11-24|2025-11-25|2025-11-26|2025-11-28|2025-12-01|2025-12-02|2025-12-03|2025-12-04|2025-12-05|2025-12-08|2025-12-09|2025-12-10|2025-12-11|2025-12-12|2025-12-15|2025-12-16|2025-12-17|2025-12-18|2025-12-19|2025-12-22|2025-12-23|2025-12-24|2025-12-26|2025-12-29,2025-12-30 22:27:12,0.0
Hawaiian Electric Industries,,2025-11-14|2025-11-17|2025-11-18|2025-11-19|2025-11-20|2025-11-21|2025-11-24|2025-11-25|2025-11-26|2025-11-28|2025-12-01|2025-12-02|2025-12-03|2025-12-04|2025-12-05|2025-12-08|2025-12-09|2025-12-10|2025-12-11|2025-12-12|2025-12-15|2025-12-16|2025-12-17|2025-12-18|2025-12-19|2025-12-22|2025-12-23|2025-12-24|2025-12-26|2025-12-29,2025-12-30 22:27:12,0.0
DraftKings,,2025-11-14|2025-11-17|2025-11-18|2025-11-19|2025-11-20|2025-11-21|2025-11-24|2025-11-25|2025-11-26|2025-11-28|2025-12-01|2025-12-02|2025-12-03|2025-12-04|2025-12-05|2025-12-08|2025-12-09|2025-12-10|2025-12-11|2025-12-12|2025-12-15|2025-12-16|2025-12-17|2025-12-18|2025-12-19|2025-12-22|2025-12-23|2025-12-24|2025-12-26|2025-12-29,2025-12-30 22:27:12,0.0
IDEXX Laboratories,,2025-11-14|2025-11-17|2025-11-18|2025-11-19|2025-11-20|2025-11-21|2025-11-24|2025-11-25|2025-11-26|2025-11-28|2025-12-01|2025-12-02|2025-12-03|2025-12-04|2025-12-05|2025-12-08|2025-12-09|2025-12-10|2025-12-11|2025-12-12|2025-12-15|2025-12-16|2025-12-17|2025-12-18|2025-12-19|2025-12-22|2025-12-23|2025-12-24|2025-12-26|2025-12-29,2025-12-30 22:27:12,0.0
MYR Group,,2025-11-14|2025-11-17|2025-11-18|2025-11-19|2025-11-20|2025-11-21|2025-11-24|2025-11-25|2025-11-26|2025-11-28|2025-12-01|2025-12-02|2025-12-03|2025-12-04|2025-12-05|2025-12-08|2025-12-09|2025-12-10|2025-12-11|2025-12-12|2025-12-15|2025-12-16|2025-12-17|2025-12-18|2025-12-19|2025-12-22|2025-12-23|2025-12-24|2025-12-26|2025-12-29,2025-12-30 22:27:12,0.0
Deckers Outdoor,,2025-11-14|2025-11-17|2025-11-18|2025-11-19|2025-11-20|2025-11-21|2025-11-24|2025-11-25|2025-11-26|2025-11-28|2025-12-01|2025-12-02|2025-12-03|2025-12-04|2025-12-05|2025-12-08|2025-12-09|2025-12-10|2025-12-11|2025-12-12|2025-12-15|2025-12-16|2025-12-17|2025-12-18|2025-12-19|2025-12-22|2025-12-23|2025-12-24|2025-12-26|2025-12-29,2025-12-30 22:27:12,0.0
DexCom,,2025-11-14|2025-11-17|2025-11-18|2025-11-19|2025-11-20|2025-11-21|2025-11-24|2025-11-25|2025-11-26|2025-11-28|2025-12-01|2025-12-02|2025-12-03|2025-12-04|2025-12-05|2025-12-08|2025-12-09|2025-12-10|2025-12-11|2025-12-12|2025-12-15|2025-12-16|2025-12-17|2025-12-18|2025-12-19|2025-12-22|2025-12-23|2025-12-24|2025-12-26|2025-12-29,2025-12-30 22:27:12,0.0
MKS Instruments,,2025-11-14|2025-11-17|2025-11-18|2025-11-19|2025-11-20|2025-11-21|2025-11-24|2025-11-25|2025-11-26|2025-11-28|2025-12-01|2025-12-02|2025-12-03|2025-12-04|2025-12-05|2025-12-08|2025-12-09|2025-12-10|2025-12-11|2025-12-12|2025-12-15|2025-12-16|2025-12-17|2025-12-18|2025-12-19|2025-12-22|2025-12-23|2025-12-24|2025-12-26|2025-12-29,2025-12-30 22:27:12,0.0
VICI Properties,,2025-11-14|2025-11-17|2025-11-18|2025-11-19|2025-11-20|2025-11-21|2025-11-24|2025-11-25|2025-11-26|2025-11-28|2025-12-01|2025-12-02|2025-12-03|2025-12-04|2025-12-05|2025-12-08|2025-12-09|2025-12-10|2025-12-11|2025-12-12|2025-12-15|2025-12-16|2025-12-17|2025-12-18|2025-12-19|2025-12-22|2025-12-23|2025-12-24|2025-12-26|2025-12-29,2025-12-30 22:27:12,0.0
Cooper Cos,,2025-11-14|2025-11-17|2025-11-18|2025-11-19|2025-11-20|2025-11-21|2025-11-24|2025-11-25|2025-11-26|2025-11-28|2025-12-01|2025-12-02|2025-12-03|2025-12-04|2025-12-05|2025-12-08|2025-12-09|2025-12-10|2025-12-11|2025-12-12|2025-12-15|2025-12-16|2025-12-17|2025-12-18|2025-12-19|2025-12-22|2025-12-23|2025-12-24|2025-12-26|2025-12-29,2025-12-30 22:27:12,0.0
Frontier Airlines,,2025-11-14|2025-11-17|2025-11-18|2025-11-19|2025-11-20|2025-11-21|2025-11-24|2025-11-25|2025-11-26|2025-11-28|2025-12-01|2025-12-02|2025-12-03|2025-12-04|2025-12-05|2025-12-08|2025-12-09|2025-12-10|2025-12-11|2025-12-12|2025-12-15|2025-12-16|2025-12-17|2025-12-18|2025-12-19|2025-12-22|2025-12-23|2025-12-24|2025-12-26|2025-12-29,2025-12-30 22:27:12,0.0
Qorvo,,2025-11-14|2025-11-17|2025-11-18|2025-11-19|2025-11-20|2025-11-21|2025-11-24|2025-11-25|2025-11-26|2025-11-28|2025-12-01|2025-12-02|2025-12-03|2025-12-04|2025-12-05|2025-12-08|2025-12-09|2025-12-10|2025-12-11|2025-12-12|2025-12-15|2025-12-16|2025-12-17|2025-12-18|2025-12-19|2025-12-22|2025-12-23|2025-12-24|2025-12-26|2025-12-29,2025-12-30 22:27:12,0.0
Five Below,,2025-11-14|2025-11-17|2025-11-18|2025-11-19|2025-11-20|2025-11-21|2025-11-24|2025-11-25|2025-11-26|2025-11-28|2025-12-01|2025-12-02|2025-12-03|2025-12-04|2025-12-05|2025-12-08|2025-12-09|2025-12-10|2025-12-11|2025-12-12|2025-12-15|2025-12-16|2025-12-17|2025-12-18|2025-12-19|2025-12-22|2025-12-23|2025-12-24|2025-12-26|2025-12-29,2025-12-30 22:27:12,0.0
TreeHouse Foods,,2025-11-14|2025-11-17|2025-11-18|2025-11-19|2025-11-20|2025-11-21|2025-11-24|2025-11-25|2025-11-26|2025-11-28|2025-12-01|2025-12-02|2025-12-03|2025-12-04|2025-12-05|2025-12-08|2025-12-09|2025-12-10|2025-12-11|2025-12-12|2025-12-15|2025-12-16|2025-12-17|2025-12-18|2025-12-19|2025-12-22|2025-12-23|2025-12-24|2025-12-26|2025-12-29,2025-12-30 22:27:12,0.0
Scotts Miracle-Gro,,2025-11-14|2025-11-17|2025-11-18|2025-11-19|2025-11-20|2025-11-21|2025-11-24|2025-11-25|2025-11-26|2025-11-28|2025-12-01|2025-12-02|2025-12-03|2025-12-04|2025-12-05|2025-12-08|2025-12-09|2025-12-10|2025-12-11|2025-12-12|2025-12-15|2025-12-16|2025-12-17|2025-12-18|2025-12-19|2025-12-22|2025-12-23|2025-12-24|2025-12-26|2025-12-29,2025-12-30 22:27:12,0.0
Atlassian,,2025-11-14|2025-11-17|2025-11-18|2025-11-19|2025-11-20|2025-11-21|2025-11-24|2025-11-25|2025-11-26|2025-11-28|2025-12-01|2025-12-02|2025-12-03|2025-12-04|2025-12-05|2025-12-08|2025-12-09|2025-12-10|2025-12-11|2025-12-12|2025-12-15|2025-12-16|2025-12-17|2025-12-18|2025-12-19|2025-12-22|2025-12-23|2025-12-24|2025-12-26|2025-12-29,2025-12-30 22:27:12,0.0
Entegris,,2025-11-14|2025-11-17|2025-11-18|2025-11-19|2025-11-20|2025-11-21|2025-11-24|2025-11-25|2025-11-26|2025-11-28|2025-12-01|2025-12-02|2025-12-03|2025-12-04|2025-12-05|2025-12-08|2025-12-09|2025-12-10|2025-12-11|2025-12-12|2025-12-15|2025-12-16|2025-12-17|2025-12-18|2025-12-19|2025-12-22|2025-12-23|2025-12-24|2025-12-26|2025-12-29,2025-12-30 22:27:12,0.0
Atkore,,2025-11-14|2025-11-17|2025-11-18|2025-11-19|2025-11-20|2025-11-21|2025-11-24|2025-11-25|2025-11-26|2025-11-28|2025-12-01|2025-12-02|2025-12-03|2025-12-04|2025-12-05|2025-12-08|2025-12-09|2025-12-10|2025-12-11|2025-12-12|2025-12-15|2025-12-16|2025-12-17|2025-12-18|2025-12-19|2025-12-22|2025-12-23|2025-12-24|2025-12-26|2025-12-29,2025-12-30 22:27:12,0.0
HB Fuller,,2025-11-14|2025-11-17|2025-11-18|2025-11-19|2025-11-20|2025-11-21|2025-11-24|2025-11-25|2025-11-26|2025-11-28|2025-12-01|2025-12-02|2025-12-03|2025-12-04|2025-12-05|2025-12-08|2025-12-09|2025-12-10|2025-12-11|2025-12-12|2025-12-15|2025-12-16|2025-12-17|2025-12-18|2025-12-19|2025-12-22|2025-12-23|2025-12-24|2025-12-26|2025-12-29,2025-12-30 22:27:12,0.0
Granite Construction,,2025-11-14|2025-11-17|2025-11-18|2025-11-19|2025-11-20|2025-11-21|2025-11-24|2025-11-25|2025-11-26|2025-11-28|2025-12-01|2025-12-02|2025-12-03|2025-12-04|2025-12-05|2025-12-08|2025-12-09|2025-12-10|2025-12-11|2025-12-12|2025-12-15|2025-12-16|2025-12-17|2025-12-18|2025-12-19|2025-12-22|2025-12-23|2025-12-24|2025-12-26|2025-12-29,2025-12-30 22:27:12,0.0
Winnebago Industries,,2025-11-14|2025-11-17|2025-11-18|2025-11-19|2025-11-20|2025-11-21|2025-11-24|2025-11-25|2025-11-26|2025-11-28|2025-12-01|2025-12-02|2025-12-03|2025-12-04|2025-12-05|2025-12-08|2025-12-09|2025-12-10|2025-12-11|2025-12-12|2025-12-15|2025-12-16|2025-12-17|2025-12-18|2025-12-19|2025-12-22|2025-12-23|2025-12-24|2025-12-26|2025-12-29,2025-12-30 22:27:12,0.0
FTI Consulting,,2025-11-14|2025-11-17|2025-11-18|2025-11-19|2025-11-20|2025-11-21|2025-11-24|2025-11-25|2025-11-26|2025-11-28|2025-12-01|2025-12-02|2025-12-03|2025-12-04|2025-12-05|2025-12-08|2025-12-09|2025-12-10|2025-12-11|2025-12-12|2025-12-15|2025-12-16|2025-12-17|2025-12-18|2025-12-19|2025-12-22|2025-12-23|2025-12-24|2025-12-26|2025-12-29,2025-12-30 22:27:12,0.0
AptarGroup,,2025-11-14|2025-11-17|2025-11-18|2025-11-19|2025-11-20|2025-11-21|2025-11-24|2025-11-25|2025-11-26|2025-11-28|2025-12-01|2025-12-02|2025-12-03|2025-12-04|2025-12-05|2025-12-08|2025-12-09|2025-12-10|2025-12-11|2025-12-12|2025-12-15|2025-12-16|2025-12-17|2025-12-18|2025-12-19|2025-12-22|2025-12-23|2025-12-24|2025-12-26|2025-12-29,2025-12-30 22:27:12,0.0
Columbia Sportswear,,2025-11-14|2025-11-17|2025-11-18|2025-11-19|2025-11-20|2025-11-21|2025-11-24|2025-11-25|2025-11-26|2025-11-28|2025-12-01|2025-12-02|2025-12-03|2025-12-04|2025-12-05|2025-12-08|2025-12-09|2025-12-10|2025-12-11|2025-12-12|2025-12-15|2025-12-16|2025-12-17|2025-12-18|2025-12-19|2025-12-22|2025-12-23|2025-12-24|2025-12-26|2025-12-29,2025-12-30 22:27:12,0.0
Roku,,2025-11-14|2025-11-17|2025-11-18|2025-11-19|2025-11-20|2025-11-21|2025-11-24|2025-11-25|2025-11-26|2025-11-28|2025-12-01|2025-12-02|2025-12-03|2025-12-04|2025-12-05|2025-12-08|2025-12-09|2025-12-10|2025-12-11|2025-12-12|2025-12-15|2025-12-16|2025-12-17|2025-12-18|2025-12-19|2025-12-22|2025-12-23|2025-12-24|2025-12-26|2025-12-29,2025-12-30 22:27:12,0.0
Civitas Resources,,2025-11-14|2025-11-17|2025-11-18|2025-11-19|2025-11-20|2025-11-21|2025-11-24|2025-11-25|2025-11-26|2025-11-28|2025-12-01|2025-12-02|2025-12-03|2025-12-04|2025-12-05|2025-12-08|2025-12-09|2025-12-10|2025-12-11|2025-12-12|2025-12-15|2025-12-16|2025-12-17|2025-12-18|2025-12-19|2025-12-22|2025-12-23|2025-12-24|2025-12-26|2025-12-29,2025-12-30 22:27:12,0.0
Alpha Metallurgical Resources,,2025-11-14|2025-11-17|2025-11-18|2025-11-19|2025-11-20|2025-11-21|2025-11-24|2025-11-25|2025-11-26|2025-11-28|2025-12-01|2025-12-02|2025-12-03|2025-12-04|2025-12-05|2025-12-08|2025-12-09|2025-12-10|2025-12-11|2025-12-12|2025-12-15|2025-12-16|2025-12-17|2025-12-18|2025-12-19|2025-12-22|2025-12-23|2025-12-24|2025-12-26|2025-12-29,2025-12-30 22:27:12,0.0
Patrick Industries,,2025-11-14|2025-11-17|2025-11-18|2025-11-19|2025-11-20|2025-11-21|2025-11-24|2025-11-25|2025-11-26|2025-11-28|2025-12-01|2025-12-02|2025-12-03|2025-12-04|2025-12-05|2025-12-08|2025-12-09|2025-12-10|2025-12-11|2025-12-12|2025-12-15|2025-12-16|2025-12-17|2025-12-18|2025-12-19|2025-12-22|2025-12-23|2025-12-24|2025-12-26|2025-12-29,2025-12-30 22:27:12,0.0
Murphy Oil,,2025-11-14|2025-11-17|2025-11-18|2025-11-19|2025-11-20|2025-11-21|2025-11-24|2025-11-25|2025-11-26|2025-11-28|2025-12-01|2025-12-02|2025-12-03|2025-12-04|2025-12-05|2025-12-08|2025-12-09|2025-12-10|2025-12-11|2025-12-12|2025-12-15|2025-12-16|2025-12-17|2025-12-18|2025-12-19|2025-12-22|2025-12-23|2025-12-24|2025-12-26|2025-12-29,2025-12-30 22:27:12,0.0
Synovus Financial,,2025-11-14|2025-11-17|2025-11-18|2025-11-19|2025-11-20|2025-11-21|2025-11-24|2025-11-25|2025-11-26|2025-11-28|2025-12-01|2025-12-02|2025-12-03|2025-12-04|2025-12-05|2025-12-08|2025-12-09|2025-12-10|2025-12-11|2025-12-12|2025-12-15|2025-12-16|2025-12-17|2025-12-18|2025-12-19|2025-12-22|2025-12-23|2025-12-24|2025-12-26|2025-12-29,2025-12-30 22:27:12,0.0
Cracker Barrel,,2025-11-14|2025-11-17|2025-11-18|2025-11-19|2025-11-20|2025-11-21|2025-11-24|2025-11-25|2025-11-26|2025-11-28|2025-12-01|2025-12-02|2025-12-03|2025-12-04|2025-12-05|2025-12-08|2025-12-09|2025-12-10|2025-12-11|2025-12-12|2025-12-15|2025-12-16|2025-12-17|2025-12-18|2025-12-19|2025-12-22|2025-12-23|2025-12-24|2025-12-26|2025-12-29,2025-12-30 22:27:12,0.0
Cheesecake Factory,,2025-11-14|2025-11-17|2025-11-18|2025-11-19|2025-11-20|2025-11-21|2025-11-24|2025-11-25|2025-11-26|2025-11-28|2025-12-01|2025-12-02|2025-12-03|2025-12-04|2025-12-05|2025-12-08|2025-12-09|2025-12-10|2025-12-11|2025-12-12|2025-12-15|2025-12-16|2025-12-17|2025-12-18|2025-12-19|2025-12-22|2025-12-23|2025-12-24|2025-12-26|2025-12-29,2025-12-30 22:27:12,0.0
CNX Resources,,2025-11-14|2025-11-17|2025-11-18|2025-11-19|2025-11-20|2025-11-21|2025-11-24|2025-11-25|2025-11-26|2025-11-28|2025-12-01|2025-12-02|2025-12-03|2025-12-04|2025-12-05|2025-12-08|2025-12-09|2025-12-10|2025-12-11|2025-12-12|2025-12-15|2025-12-16|2025-12-17|2025-12-18|2025-12-19|2025-12-22|2025-12-23|2025-12-24|2025-12-26|2025-12-29,2025-12-30 22:27:12,0.0
Chefs Warehouse,,2025-11-14|2025-11-17|2025-11-18|2025-11-19|2025-11-20|2025-11-21|2025-11-24|2025-11-25|2025-11-26|2025-11-28|2025-12-01|2025-12-02|2025-12-03|2025-12-04|2025-12-05|2025-12-08|2025-12-09|2025-12-10|2025-12-11|2025-12-12|2025-12-15|2025-12-16|2025-12-17|2025-12-18|2025-12-19|2025-12-22|2025-12-23|2025-12-24|2025-12-26|2025-12-29,2025-12-30 22:27:12,0.0
Donaldson Company,,2025-11-14|2025-11-17|2025-11-18|2025-11-19|2025-11-20|2025-11-21|2025-11-24|2025-11-25|2025-11-26|2025-11-28|2025-12-01|2025-12-02|2025-12-03|2025-12-04|2025-12-05|2025-12-08|2025-12-09|2025-12-10|2025-12-11|2025-12-12|2025-12-15|2025-12-16|2025-12-17|2025-12-18|2025-12-19|2025-12-22|2025-12-23|2025-12-24|2025-12-26|2025-12-29,2025-12-30 22:27:12,0.0
Mueller Industries,,2025-11-14|2025-11-17|2025-11-18|2025-11-19|2025-11-20|2025-11-21|2025-11-24|2025-11-25|2025-11-26|2025-11-28|2025-12-01|2025-12-02|2025-12-03|2025-12-04|2025-12-05|2025-12-08|2025-12-09|2025-12-10|2025-12-11|2025-12-12|2025-12-15|2025-12-16|2025-12-17|2025-12-18|2025-12-19|2025-12-22|2025-12-23|2025-12-24|2025-12-26|2025-12-29,2025-12-30 22:27:12,0.0
MRC Global,,2025-09-26|2025-09-29|2025-09-30|2025-10-01|2025-10-02|2025-10-03|2025-10-06|2025-10-07|2025-10-08|2025-10-09|2025-10-10|2025-10-13|2025-10-14|2025-10-15|2025-10-16|2025-10-17|2025-10-20|2025-10-21|2025-10-22|2025-10-23|2025-10-24|2025-10-27|2025-10-28|2025-10-29|2025-10-30|2025-10-31|2025-11-03|2025-11-04|2025-11-05|2025-11-06,2025-12-30 22:27:12,0.0
Chart Industries,,2025-11-14|2025-11-17|2025-11-18|2025-11-19|2025-11-20|2025-11-21|2025-11-24|2025-11-25|2025-11-26|2025-11-28|2025-12-01|2025-12-02|2025-12-03|2025-12-04|2025-12-05|2025-12-08|2025-12-09|2025-12-10|2025-12-11|2025-12-12|2025-12-15|2025-12-16|2025-12-17|2025-12-18|2025-12-19|2025-12-22|2025-12-23|2025-12-24|2025-12-26|2025-12-29,2025-12-30 22:27:12,0.0
Alight Solutions,,2025-11-14|2025-11-17|2025-11-18|2025-11-19|2025-11-20|2025-11-21|2025-11-24|2025-11-25|2025-11-26|2025-11-28|2025-12-01|2025-12-02|2025-12-03|2025-12-04|2025-12-05|2025-12-08|2025-12-09|2025-12-10|2025-12-11|2025-12-12|2025-12-15|2025-12-16|2025-12-17|2025-12-18|2025-12-19|2025-12-22|2025-12-23|2025-12-24|2025-12-26|2025-12-29,2025-12-30 22:27:12,0.0
Vishay Intertechnology,,2025-11-14|2025-11-17|2025-11-18|2025-11-19|2025-11-20|2025-11-21|2025-11-24|2025-11-25|2025-11-26|2025-11-28|2025-12-01|2025-12-02|2025-12-03|2025-12-04|2025-12-05|2025-12-08|2025-12-09|2025-12-10|2025-12-11|2025-12-12|2025-12-15|2025-12-16|2025-12-17|2025-12-18|2025-12-19|2025-12-22|2025-12-23|2025-12-24|2025-12-26|2025-12-29,2025-12-30 22:27:12,0.0
Range Resources,,2025-11-14|2025-11-17|2025-11-18|2025-11-19|2025-11-20|2025-11-21|2025-11-24|2025-11-25|2025-11-26|2025-11-28|2025-12-01|2025-12-02|2025-12-03|2025-12-04|2025-12-05|2025-12-08|2025-12-09|2025-12-10|2025-12-11|2025-12-12|2025-12-15|2025-12-16|2025-12-17|2025-12-18|2025-12-19|2025-12-22|2025-12-23|2025-12-24|2025-12-26|2025-12-29,2025-12-30 22:27:12,0.0
Valley National Bancorp,,2025-11-14|2025-11-17|2025-11-18|2025-11-19|2025-11-20|2025-11-21|2025-11-24|2025-11-25|2025-11-26|2025-11-28|2025-12-01|2025-12-02|2025-12-03|2025-12-04|2025-12-05|2025-12-08|2025-12-09|2025-12-10|2025-12-11|2025-12-12|2025-12-15|2025-12-16|2025-12-17|2025-12-18|2025-12-19|2025-12-22|2025-12-23|2025-12-24|2025-12-26|2025-12-29,2025-12-30 22:27:12,0.0
Match Group,,2025-11-14|2025-11-17|2025-11-18|2025-11-19|2025-11-20|2025-11-21|2025-11-24|2025-11-25|2025-11-26|2025-11-28|2025-12-01|2025-12-02|2025-12-03|2025-12-04|2025-12-05|2025-12-08|2025-12-09|2025-12-10|2025-12-11|2025-12-12|2025-12-15|2025-12-16|2025-12-17|2025-12-18|2025-12-19|2025-12-22|2025-12-23|2025-12-24|2025-12-26|2025-12-29,2025-12-30 22:27:12,0.0
Gen Digital,,2025-11-14|2025-11-17|2025-11-18|2025-11-19|2025-11-20|2025-11-21|2025-11-24|2025-11-25|2025-11-26|2025-11-28|2025-12-01|2025-12-02|2025-12-03|2025-12-04|2025-12-05|2025-12-08|2025-12-09|2025-12-10|2025-12-11|2025-12-12|2025-12-15|2025-12-16|2025-12-17|2025-12-18|2025-12-19|2025-12-22|2025-12-23|2025-12-24|2025-12-26|2025-12-29,2025-12-30 22:27:12,0.0
Wintrust Financial,,2025-11-14|2025-11-17|2025-11-18|2025-11-19|2025-11-20|2025-11-21|2025-11-24|2025-11-25|2025-11-26|2025-11-28|2025-12-01|2025-12-02|2025-12-03|2025-12-04|2025-12-05|2025-12-08|2025-12-09|2025-12-10|2025-12-11|2025-12-12|2025-12-15|2025-12-16|2025-12-17|2025-12-18|2025-12-19|2025-12-22|2025-12-23|2025-12-24|2025-12-26|2025-12-29,2025-12-30 22:27:12,0.0
First Solar,,2025-11-14|2025-11-17|2025-11-18|2025-11-19|2025-11-20|2025-11-21|2025-11-24|2025-11-25|2025-11-26|2025-11-28|2025-12-01|2025-12-02|2025-12-03|2025-12-04|2025-12-05|2025-12-08|2025-12-09|2025-12-10|2025-12-11|2025-12-12|2025-12-15|2025-12-16|2025-12-17|2025-12-18|2025-12-19|2025-12-22|2025-12-23|2025-12-24|2025-12-26|2025-12-29,2025-12-30 22:27:12,0.0
Central Garden & Pet,,2025-11-14|2025-11-17|2025-11-18|2025-11-19|2025-11-20|2025-11-21|2025-11-24|2025-11-25|2025-11-26|2025-11-28|2025-12-01|2025-12-02|2025-12-03|2025-12-04|2025-12-05|2025-12-08|2025-12-09|2025-12-10|2025-12-11|2025-12-12|2025-12-15|2025-12-16|2025-12-17|2025-12-18|2025-12-19|2025-12-22|2025-12-23|2025-12-24|2025-12-26|2025-12-29,2025-12-30 22:27:12,0.0
Green Plains Inc,,2025-11-14|2025-11-17|2025-11-18|2025-11-19|2025-11-20|2025-11-21|2025-11-24|2025-11-25|2025-11-26|2025-11-28|2025-12-01|2025-12-02|2025-12-03|2025-12-04|2025-12-05|2025-12-08|2025-12-09|2025-12-10|2025-12-11|2025-12-12|2025-12-15|2025-12-16|2025-12-17|2025-12-18|2025-12-19|2025-12-22|2025-12-23|2025-12-24|2025-12-26|2025-12-29,2025-12-30 22:27:12,0.0
Werner Enterprises,,2025-11-14|2025-11-17|2025-11-18|2025-11-19|2025-11-20|2025-11-21|2025-11-24|2025-11-25|2025-11-26|2025-11-28|2025-12-01|2025-12-02|2025-12-03|2025-12-04|2025-12-05|2025-12-08|2025-12-09|2025-12-10|2025-12-11|2025-12-12|2025-12-15|2025-12-16|2025-12-17|2025-12-18|2025-12-19|2025-12-22|2025-12-23|2025-12-24|2025-12-26|2025-12-29,2025-12-30 22:27:12,0.0
AppLovin,,2025-11-14|2025-11-17|2025-11-18|2025-11-19|2025-11-20|2025-11-21|2025-11-24|2025-11-25|2025-11-26|2025-11-28|2025-12-01|2025-12-02|2025-12-03|2025-12-04|2025-12-05|2025-12-08|2025-12-09|2025-12-10|2025-12-11|2025-12-12|2025-12-15|2025-12-16|2025-12-17|2025-12-18|2025-12-19|2025-12-22|2025-12-23|2025-12-24|2025-12-26|2025-12-29,2025-12-30 22:27:12,0.0
ITT,,2025-11-14|2025-11-17|2025-11-18|2025-11-19|2025-11-20|2025-11-21|2025-11-24|2025-11-25|2025-11-26|2025-11-28|2025-12-01|2025-12-02|2025-12-03|2025-12-04|2025-12-05|2025-12-08|2025-12-09|2025-12-10|2025-12-11|2025-12-12|2025-12-15|2025-12-16|2025-12-17|2025-12-18|2025-12-19|2025-12-22|2025-12-23|2025-12-24|2025-12-26|2025-12-29,2025-12-30 22:27:12,0.0
Herc Rentals,,2025-11-14|2025-11-17|2025-11-18|2025-11-19|2025-11-20|2025-11-21|2025-11-24|2025-11-25|2025-11-26|2025-11-28|2025-12-01|2025-12-02|2025-12-03|2025-12-04|2025-12-05|2025-12-08|2025-12-09|2025-12-10|2025-12-11|2025-12-12|2025-12-15|2025-12-16|2025-12-17|2025-12-18|2025-12-19|2025-12-22|2025-12-23|2025-12-24|2025-12-26|2025-12-29,2025-12-30 22:27:12,0.0
Gray Television,,2025-11-14|2025-11-17|2025-11-18|2025-11-19|2025-11-20|2025-11-21|2025-11-24|2025-11-25|2025-11-26|2025-11-28|2025-12-01|2025-12-02|2025-12-03|2025-12-04|2025-12-05|2025-12-08|2025-12-09|2025-12-10|2025-12-11|2025-12-12|2025-12-15|2025-12-16|2025-12-17|2025-12-18|2025-12-19|2025-12-22|2025-12-23|2025-12-24|2025-12-26|2025-12-29,2025-12-30 22:27:12,0.0
IDEX,,2025-11-14|2025-11-17|2025-11-18|2025-11-19|2025-11-20|2025-11-21|2025-11-24|2025-11-25|2025-11-26|2025-11-28|2025-12-01|2025-12-02|2025-12-03|2025-12-04|2025-12-05|2025-12-08|2025-12-09|2025-12-10|2025-12-11|2025-12-12|2025-12-15|2025-12-16|2025-12-17|2025-12-18|2025-12-19|2025-12-22|2025-12-23|2025-12-24|2025-12-26|2025-12-29,2025-12-30 22:27:12,0.0
Boston Properties,,2025-11-14|2025-11-17|2025-11-18|2025-11-19|2025-11-20|2025-11-21|2025-11-24|2025-11-25|2025-11-26|2025-11-28|2025-12-01|2025-12-02|2025-12-03|2025-12-04|2025-12-05|2025-12-08|2025-12-09|2025-12-10|2025-12-11|2025-12-12|2025-12-15|2025-12-16|2025-12-17|2025-12-18|2025-12-19|2025-12-22|2025-12-23|2025-12-24|2025-12-26|2025-12-29,2025-12-30 22:27:12,0.0
Pitney Bowes,,2025-11-14|2025-11-17|2025-11-18|2025-11-19|2025-11-20|2025-11-21|2025-11-24|2025-11-25|2025-11-26|2025-11-28|2025-12-01|2025-12-02|2025-12-03|2025-12-04|2025-12-05|2025-12-08|2025-12-09|2025-12-10|2025-12-11|2025-12-12|2025-12-15|2025-12-16|2025-12-17|2025-12-18|2025-12-19|2025-12-22|2025-12-23|2025-12-24|2025-12-26|2025-12-29,2025-12-30 22:27:12,0.0
Steelcase,,2025-10-28|2025-10-29|2025-10-30|2025-10-31|2025-11-03|2025-11-04|2025-11-05|2025-11-06|2025-11-07|2025-11-10|2025-11-11|2025-11-12|2025-11-13|2025-11-14|2025-11-17|2025-11-18|2025-11-19|2025-11-20|2025-11-21|2025-11-24|2025-11-25|2025-11-26|2025-11-28|2025-12-01|2025-12-02|2025-12-03|2025-12-04|2025-12-05|2025-12-08|2025-12-09,2025-12-30 22:27:12,0.0
Sun Communities,,2025-11-14|2025-11-17|2025-11-18|2025-11-19|2025-11-20|2025-11-21|2025-11-24|2025-11-25|2025-11-26|2025-11-28|2025-12-01|2025-12-02|2025-12-03|2025-12-04|2025-12-05|2025-12-08|2025-12-09|2025-12-10|2025-12-11|2025-12-12|2025-12-15|2025-12-16|2025-12-17|2025-12-18|2025-12-19|2025-12-22|2025-12-23|2025-12-24|2025-12-26|2025-12-29,2025-12-30 22:27:12,0.0
AdaptHealth,,2025-11-14|2025-11-17|2025-11-18|2025-11-19|2025-11-20|2025-11-21|2025-11-24|2025-11-25|2025-11-26|2025-11-28|2025-12-01|2025-12-02|2025-12-03|2025-12-04|2025-12-05|2025-12-08|2025-12-09|2025-12-10|2025-12-11|2025-12-12|2025-12-15|2025-12-16|2025-12-17|2025-12-18|2025-12-19|2025-12-22|2025-12-23|2025-12-24|2025-12-26|2025-12-29,2025-12-30 22:27:12,0.0
Genesis Energy,,2025-11-14|2025-11-17|2025-11-18|2025-11-19|2025-11-20|2025-11-21|2025-11-24|2025-11-25|2025-11-26|2025-11-28|2025-12-01|2025-12-02|2025-12-03|2025-12-04|2025-12-05|2025-12-08|2025-12-09|2025-12-10|2025-12-11|2025-12-12|2025-12-15|2025-12-16|2025-12-17|2025-12-18|2025-12-19|2025-12-22|2025-12-23|2025-12-24|2025-12-26|2025-12-29,2025-12-30 22:27:12,0.0
Jackson Financial,,2025-11-14|2025-11-17|2025-11-18|2025-11-19|2025-11-20|2025-11-21|2025-11-24|2025-11-25|2025-11-26|2025-11-28|2025-12-01|2025-12-02|2025-12-03|2025-12-04|2025-12-05|2025-12-08|2025-12-09|2025-12-10|2025-12-11|2025-12-12|2025-12-15|2025-12-16|2025-12-17|2025-12-18|2025-12-19|2025-12-22|2025-12-23|2025-12-24|2025-12-26|2025-12-29,2025-12-30 22:27:12,0.0
FirstCash,,2025-11-14|2025-11-17|2025-11-18|2025-11-19|2025-11-20|2025-11-21|2025-11-24|2025-11-25|2025-11-26|2025-11-28|2025-12-01|2025-12-02|2025-12-03|2025-12-04|2025-12-05|2025-12-08|2025-12-09|2025-12-10|2025-12-11|2025-12-12|2025-12-15|2025-12-16|2025-12-17|2025-12-18|2025-12-19|2025-12-22|2025-12-23|2025-12-24|2025-12-26|2025-12-29,2025-12-30 22:27:12,0.0
Cal-Maine Foods,,2025-11-14|2025-11-17|2025-11-18|2025-11-19|2025-11-20|2025-11-21|2025-11-24|2025-11-25|2025-11-26|2025-11-28|2025-12-01|2025-12-02|2025-12-03|2025-12-04|2025-12-05|2025-12-08|2025-12-09|2025-12-10|2025-12-11|2025-12-12|2025-12-15|2025-12-16|2025-12-17|2025-12-18|2025-12-19|2025-12-22|2025-12-23|2025-12-24|2025-12-26|2025-12-29,2025-12-30 22:27:12,0.0
Avient,,2025-11-14|2025-11-17|2025-11-18|2025-11-19|2025-11-20|2025-11-21|2025-11-24|2025-11-25|2025-11-26|2025-11-28|2025-12-01|2025-12-02|2025-12-03|2025-12-04|2025-12-05|2025-12-08|2025-12-09|2025-12-10|2025-12-11|2025-12-12|2025-12-15|2025-12-16|2025-12-17|2025-12-18|2025-12-19|2025-12-22|2025-12-23|2025-12-24|2025-12-26|2025-12-29,2025-12-30 22:27:12,0.0
BlueLinx,,2025-11-14|2025-11-17|2025-11-18|2025-11-19|2025-11-20|2025-11-21|2025-11-24|2025-11-25|2025-11-26|2025-11-28|2025-12-01|2025-12-02|2025-12-03|2025-12-04|2025-12-05|2025-12-08|2025-12-09|2025-12-10|2025-12-11|2025-12-12|2025-12-15|2025-12-16|2025-12-17|2025-12-18|2025-12-19|2025-12-22|2025-12-23|2025-12-24|2025-12-26|2025-12-29,2025-12-30 22:27:12,0.0
Sinclair,,2025-11-14|2025-11-17|2025-11-18|2025-11-19|2025-11-20|2025-11-21|2025-11-24|2025-11-25|2025-11-26|2025-11-28|2025-12-01|2025-12-02|2025-12-03|2025-12-04|2025-12-05|2025-12-08|2025-12-09|2025-12-10|2025-12-11|2025-12-12|2025-12-15|2025-12-16|2025-12-17|2025-12-18|2025-12-19|2025-12-22|2025-12-23|2025-12-24|2025-12-26|2025-12-29,2025-12-30 22:27:12,0.0
BOK Financial,,2025-11-14|2025-11-17|2025-11-18|2025-11-19|2025-11-20|2025-11-21|2025-11-24|2025-11-25|2025-11-26|2025-11-28|2025-12-01|2025-12-02|2025-12-03|2025-12-04|2025-12-05|2025-12-08|2025-12-09|2025-12-10|2025-12-11|2025-12-12|2025-12-15|2025-12-16|2025-12-17|2025-12-18|2025-12-19|2025-12-22|2025-12-23|2025-12-24|2025-12-26|2025-12-29,2025-12-30 22:27:12,0.0
Permian Resources,,2025-11-14|2025-11-17|2025-11-18|2025-11-19|2025-11-20|2025-11-21|2025-11-24|2025-11-25|2025-11-26|2025-11-28|2025-12-01|2025-12-02|2025-12-03|2025-12-04|2025-12-05|2025-12-08|2025-12-09|2025-12-10|2025-12-11|2025-12-12|2025-12-15|2025-12-16|2025-12-17|2025-12-18|2025-12-19|2025-12-22|2025-12-23|2025-12-24|2025-12-26|2025-12-29,2025-12-30 22:27:12,0.0
PACS Group,,2025-11-14|2025-11-17|2025-11-18|2025-11-19|2025-11-20|2025-11-21|2025-11-24|2025-11-25|2025-11-26|2025-11-28|2025-12-01|2025-12-02|2025-12-03|2025-12-04|2025-12-05|2025-12-08|2025-12-09|2025-12-10|2025-12-11|2025-12-12|2025-12-15|2025-12-16|2025-12-17|2025-12-18|2025-12-19|2025-12-22|2025-12-23|2025-12-24|2025-12-26|2025-12-29,2025-12-30 22:27:12,0.0
Coinbase Global,,2025-11-14|2025-11-17|2025-11-18|2025-11-19|2025-11-20|2025-11-21|2025-11-24|2025-11-25|2025-11-26|2025-11-28|2025-12-01|2025-12-02|2025-12-03|2025-12-04|2025-12-05|2025-12-08|2025-12-09|2025-12-10|2025-12-11|2025-12-12|2025-12-15|2025-12-16|2025-12-17|2025-12-18|2025-12-19|2025-12-22|2025-12-23|2025-12-24|2025-12-26|2025-12-29,2025-12-30 22:27:12,0.0
Western Midstream Partners,,2025-11-14|2025-11-17|2025-11-18|2025-11-19|2025-11-20|2025-11-21|2025-11-24|2025-11-25|2025-11-26|2025-11-28|2025-12-01|2025-12-02|2025-12-03|2025-12-04|2025-12-05|2025-12-08|2025-12-09|2025-12-10|2025-12-11|2025-12-12|2025-12-15|2025-12-16|2025-12-17|2025-12-18|2025-12-19|2025-12-22|2025-12-23|2025-12-24|2025-12-26|2025-12-29,2025-12-30 22:27:12,0.0
G-III Apparel Group,,2025-11-14|2025-11-17|2025-11-18|2025-11-19|2025-11-20|2025-11-21|2025-11-24|2025-11-25|2025-11-26|2025-11-28|2025-12-01|2025-12-02|2025-12-03|2025-12-04|2025-12-05|2025-12-08|2025-12-09|2025-12-10|2025-12-11|2025-12-12|2025-12-15|2025-12-16|2025-12-17|2025-12-18|2025-12-19|2025-12-22|2025-12-23|2025-12-24|2025-12-26|2025-12-29,2025-12-30 22:27:12,0.0
Vontier,,2025-11-14|2025-11-17|2025-11-18|2025-11-19|2025-11-20|2025-11-21|2025-11-24|2025-11-25|2025-11-26|2025-11-28|2025-12-01|2025-12-02|2025-12-03|2025-12-04|2025-12-05|2025-12-08|2025-12-09|2025-12-10|2025-12-11|2025-12-12|2025-12-15|2025-12-16|2025-12-17|2025-12-18|2025-12-19|2025-12-22|2025-12-23|2025-12-24|2025-12-26|2025-12-29,2025-12-30 22:27:12,0.0
Matson Inc,,2025-11-14|2025-11-17|2025-11-18|2025-11-19|2025-11-20|2025-11-21|2025-11-24|2025-11-25|2025-11-26|2025-11-28|2025-12-01|2025-12-02|2025-12-03|2025-12-04|2025-12-05|2025-12-08|2025-12-09|2025-12-10|2025-12-11|2025-12-12|2025-12-15|2025-12-16|2025-12-17|2025-12-18|2025-12-19|2025-12-22|2025-12-23|2025-12-24|2025-12-26|2025-12-29,2025-12-30 22:27:12,0.0
Kirby Corporation,,2025-11-14|2025-11-17|2025-11-18|2025-11-19|2025-11-20|2025-11-21|2025-11-24|2025-11-25|2025-11-26|2025-11-28|2025-12-01|2025-12-02|2025-12-03|2025-12-04|2025-12-05|2025-12-08|2025-12-09|2025-12-10|2025-12-11|2025-12-12|2025-12-15|2025-12-16|2025-12-17|2025-12-18|2025-12-19|2025-12-22|2025-12-23|2025-12-24|2025-12-26|2025-12-29,2025-12-30 22:27:12,0.0
Kaiser Aluminum,,2025-11-14|2025-11-17|2025-11-18|2025-11-19|2025-11-20|2025-11-21|2025-11-24|2025-11-25|2025-11-26|2025-11-28|2025-12-01|2025-12-02|2025-12-03|2025-12-04|2025-12-05|2025-12-08|2025-12-09|2025-12-10|2025-12-11|2025-12-12|2025-12-15|2025-12-16|2025-12-17|2025-12-18|2025-12-19|2025-12-22|2025-12-23|2025-12-24|2025-12-26|2025-12-29,2025-12-30 22:27:12,0.0
Designer Brands Inc,,2025-11-14|2025-11-17|2025-11-18|2025-11-19|2025-11-20|2025-11-21|2025-11-24|2025-11-25|2025-11-26|2025-11-28|2025-12-01|2025-12-02|2025-12-03|2025-12-04|2025-12-05|2025-12-08|2025-12-09|2025-12-10|2025-12-11|2025-12-12|2025-12-15|2025-12-16|2025-12-17|2025-12-18|2025-12-19|2025-12-22|2025-12-23|2025-12-24|2025-12-26|2025-12-29,2025-12-30 22:27:12,0.0
Rollins Inc,,2025-11-14|2025-11-17|2025-11-18|2025-11-19|2025-11-20|2025-11-21|2025-11-24|2025-11-25|2025-11-26|2025-11-28|2025-12-01|2025-12-02|2025-12-03|2025-12-04|2025-12-05|2025-12-08|2025-12-09|2025-12-10|2025-12-11|2025-12-12|2025-12-15|2025-12-16|2025-12-17|2025-12-18|2025-12-19|2025-12-22|2025-12-23|2025-12-24|2025-12-26|2025-12-29,2025-12-30 22:27:12,0.0
Advanced Drainage Systems,,2025-11-14|2025-11-17|2025-11-18|2025-11-19|2025-11-20|2025-11-21|2025-11-24|2025-11-25|2025-11-26|2025-11-28|2025-12-01|2025-12-02|2025-12-03|2025-12-04|2025-12-05|2025-12-08|2025-12-09|2025-12-10|2025-12-11|2025-12-12|2025-12-15|2025-12-16|2025-12-17|2025-12-18|2025-12-19|2025-12-22|2025-12-23|2025-12-24|2025-12-26|2025-12-29,2025-12-30 22:27:12,0.0
Cinemark,,2025-11-14|2025-11-17|2025-11-18|2025-11-19|2025-11-20|2025-11-21|2025-11-24|2025-11-25|2025-11-26|2025-11-28|2025-12-01|2025-12-02|2025-12-03|2025-12-04|2025-12-05|2025-12-08|2025-12-09|2025-12-10|2025-12-11|2025-12-12|2025-12-15|2025-12-16|2025-12-17|2025-12-18|2025-12-19|2025-12-22|2025-12-23|2025-12-24|2025-12-26|2025-12-29,2025-12-30 22:27:12,0.0
CrowdStrike,,2025-11-14|2025-11-17|2025-11-18|2025-11-19|2025-11-20|2025-11-21|2025-11-24|2025-11-25|2025-11-26|2025-11-28|2025-12-01|2025-12-02|2025-12-03|2025-12-04|2025-12-05|2025-12-08|2025-12-09|2025-12-10|2025-12-11|2025-12-12|2025-12-15|2025-12-16|2025-12-17|2025-12-18|2025-12-19|2025-12-22|2025-12-23|2025-12-24|2025-12-26|2025-12-29,2025-12-30 22:27:12,0.0
Pinterest,,2025-11-14|2025-11-17|2025-11-18|2025-11-19|2025-11-20|2025-11-21|2025-11-24|2025-11-25|2025-11-26|2025-11-28|2025-12-01|2025-12-02|2025-12-03|2025-12-04|2025-12-05|2025-12-08|2025-12-09|2025-12-10|2025-12-11|2025-12-12|2025-12-15|2025-12-16|2025-12-17|2025-12-18|2025-12-19|2025-12-22|2025-12-23|2025-12-24|2025-12-26|2025-12-29,2025-12-30 22:27:12,0.0
Instacart,,2025-11-14|2025-11-17|2025-11-18|2025-11-19|2025-11-20|2025-11-21|2025-11-24|2025-11-25|2025-11-26|2025-11-28|2025-12-01|2025-12-02|2025-12-03|2025-12-04|2025-12-05|2025-12-08|2025-12-09|2025-12-10|2025-12-11|2025-12-12|2025-12-15|2025-12-16|2025-12-17|2025-12-18|2025-12-19|2025-12-22|2025-12-23|2025-12-24|2025-12-26|2025-12-29,2025-12-30 22:27:12,0.0
Hillenbrand,,2025-11-14|2025-11-17|2025-11-18|2025-11-19|2025-11-20|2025-11-21|2025-11-24|2025-11-25|2025-11-26|2025-11-28|2025-12-01|2025-12-02|2025-12-03|2025-12-04|2025-12-05|2025-12-08|2025-12-09|2025-12-10|2025-12-11|2025-12-12|2025-12-15|2025-12-16|2025-12-17|2025-12-18|2025-12-19|2025-12-22|2025-12-23|2025-12-24|2025-12-26|2025-12-29,2025-12-30 22:27:12,0.0
Allison Transmission,,2025-11-14|2025-11-17|2025-11-18|2025-11-19|2025-11-20|2025-11-21|2025-11-24|2025-11-25|2025-11-26|2025-11-28|2025-12-01|2025-12-02|2025-12-03|2025-12-04|2025-12-05|2025-12-08|2025-12-09|2025-12-10|2025-12-11|2025-12-12|2025-12-15|2025-12-16|2025-12-17|2025-12-18|2025-12-19|2025-12-22|2025-12-23|2025-12-24|2025-12-26|2025-12-29,2025-12-30 22:27:12,0.0
Restoration Hardware,,2025-11-14|2025-11-17|2025-11-18|2025-11-19|2025-11-20|2025-11-21|2025-11-24|2025-11-25|2025-11-26|2025-11-28|2025-12-01|2025-12-02|2025-12-03|2025-12-04|2025-12-05|2025-12-08|2025-12-09|2025-12-10|2025-12-11|2025-12-12|2025-12-15|2025-12-16|2025-12-17|2025-12-18|2025-12-19|2025-12-22|2025-12-23|2025-12-24|2025-12-26|2025-12-29,2025-12-30 22:27:12,0.0
Brookdale Senior Living,,2025-11-14|2025-11-17|2025-11-18|2025-11-19|2025-11-20|2025-11-21|2025-11-24|2025-11-25|2025-11-26|2025-11-28|2025-12-01|2025-12-02|2025-12-03|2025-12-04|2025-12-05|2025-12-08|2025-12-09|2025-12-10|2025-12-11|2025-12-12|2025-12-15|2025-12-16|2025-12-17|2025-12-18|2025-12-19|2025-12-22|2025-12-23|2025-12-24|2025-12-26|2025-12-29,2025-12-30 22:27:12,0.0
QuidelOrtho,,2025-11-14|2025-11-17|2025-11-18|2025-11-19|2025-11-20|2025-11-21|2025-11-24|2025-11-25|2025-11-26|2025-11-28|2025-12-01|2025-12-02|2025-12-03|2025-12-04|2025-12-05|2025-12-08|2025-12-09|2025-12-10|2025-12-11|2025-12-12|2025-12-15|2025-12-16|2025-12-17|2025-12-18|2025-12-19|2025-12-22|2025-12-23|2025-12-24|2025-12-26|2025-12-29,2025-12-30 22:27:12,0.0
Trinity Industries,,2025-11-14|2025-11-17|2025-11-18|2025-11-19|2025-11-20|2025-11-21|2025-11-24|2025-11-25|2025-11-26|2025-11-28|2025-12-01|2025-12-02|2025-12-03|2025-12-04|2025-12-05|2025-12-08|2025-12-09|2025-12-10|2025-12-11|2025-12-12|2025-12-15|2025-12-16|2025-12-17|2025-12-18|2025-12-19|2025-12-22|2025-12-23|2025-12-24|2025-12-26|2025-12-29,2025-12-30 22:27:12,0.0
Teleflex,,2025-11-14|2025-11-17|2025-11-18|2025-11-19|2025-11-20|2025-11-21|2025-11-24|2025-11-25|2025-11-26|2025-11-28|2025-12-01|2025-12-02|2025-12-03|2025-12-04|2025-12-05|2025-12-08|2025-12-09|2025-12-10|2025-12-11|2025-12-12|2025-12-15|2025-12-16|2025-12-17|2025-12-18|2025-12-19|2025-12-22|2025-12-23|2025-12-24|2025-12-26|2025-12-29,2025-12-30 22:27:12,0.0
HEICO,,2025-11-14|2025-11-17|2025-11-18|2025-11-19|2025-11-20|2025-11-21|2025-11-24|2025-11-25|2025-11-26|2025-11-28|2025-12-01|2025-12-02|2025-12-03|2025-12-04|2025-12-05|2025-12-08|2025-12-09|2025-12-10|2025-12-11|2025-12-12|2025-12-15|2025-12-16|2025-12-17|2025-12-18|2025-12-19|2025-12-22|2025-12-23|2025-12-24|2025-12-26|2025-12-29,2025-12-30 22:27:12,0.0
Bruker,,2025-11-14|2025-11-17|2025-11-18|2025-11-19|2025-11-20|2025-11-21|2025-11-24|2025-11-25|2025-11-26|2025-11-28|2025-12-01|2025-12-02|2025-12-03|2025-12-04|2025-12-05|2025-12-08|2025-12-09|2025-12-10|2025-12-11|2025-12-12|2025-12-15|2025-12-16|2025-12-17|2025-12-18|2025-12-19|2025-12-22|2025-12-23|2025-12-24|2025-12-26|2025-12-29,2025-12-30 22:27:12,0.0
Carlyle Group,,2025-11-14|2025-11-17|2025-11-18|2025-11-19|2025-11-20|2025-11-21|2025-11-24|2025-11-25|2025-11-26|2025-11-28|2025-12-01|2025-12-02|2025-12-03|2025-12-04|2025-12-05|2025-12-08|2025-12-09|2025-12-10|2025-12-11|2025-12-12|2025-12-15|2025-12-16|2025-12-17|2025-12-18|2025-12-19|2025-12-22|2025-12-23|2025-12-24|2025-12-26|2025-12-29,2025-12-30 22:27:12,0.0
Energizer Holdings,,2025-11-14|2025-11-17|2025-11-18|2025-11-19|2025-11-20|2025-11-21|2025-11-24|2025-11-25|2025-11-26|2025-11-28|2025-12-01|2025-12-02|2025-12-03|2025-12-04|2025-12-05|2025-12-08|2025-12-09|2025-12-10|2025-12-11|2025-12-12|2025-12-15|2025-12-16|2025-12-17|2025-12-18|2025-12-19|2025-12-22|2025-12-23|2025-12-24|2025-12-26|2025-12-29,2025-12-30 22:27:12,0.0
Rackspace Technology,,2025-11-14|2025-11-17|2025-11-18|2025-11-19|2025-11-20|2025-11-21|2025-11-24|2025-11-25|2025-11-26|2025-11-28|2025-12-01|2025-12-02|2025-12-03|2025-12-04|2025-12-05|2025-12-08|2025-12-09|2025-12-10|2025-12-11|2025-12-12|2025-12-15|2025-12-16|2025-12-17|2025-12-18|2025-12-19|2025-12-22|2025-12-23|2025-12-24|2025-12-26|2025-12-29,2025-12-30 22:27:12,0.0
Waters Corporation,,2025-11-14|2025-11-17|2025-11-18|2025-11-19|2025-11-20|2025-11-21|2025-11-24|2025-11-25|2025-11-26|2025-11-28|2025-12-01|2025-12-02|2025-12-03|2025-12-04|2025-12-05|2025-12-08|2025-12-09|2025-12-10|2025-12-11|2025-12-12|2025-12-15|2025-12-16|2025-12-17|2025-12-18|2025-12-19|2025-12-22|2025-12-23|2025-12-24|2025-12-26|2025-12-29,2025-12-30 22:27:12,0.0
West Pharmaceutical Services,,2025-11-14|2025-11-17|2025-11-18|2025-11-19|2025-11-20|2025-11-21|2025-11-24|2025-11-25|2025-11-26|2025-11-28|2025-12-01|2025-12-02|2025-12-03|2025-12-04|2025-12-05|2025-12-08|2025-12-09|2025-12-10|2025-12-11|2025-12-12|2025-12-15|2025-12-16|2025-12-17|2025-12-18|2025-12-19|2025-12-22|2025-12-23|2025-12-24|2025-12-26|2025-12-29,2025-12-30 22:27:12,0.0
Carters Inc,,2025-11-14|2025-11-17|2025-11-18|2025-11-19|2025-11-20|2025-11-21|2025-11-24|2025-11-25|2025-11-26|2025-11-28|2025-12-01|2025-12-02|2025-12-03|2025-12-04|2025-12-05|2025-12-08|2025-12-09|2025-12-10|2025-12-11|2025-12-12|2025-12-15|2025-12-16|2025-12-17|2025-12-18|2025-12-19|2025-12-22|2025-12-23|2025-12-24|2025-12-26|2025-12-29,2025-12-30 22:27:12,0.0
SkyWest,,2025-11-14|2025-11-17|2025-11-18|2025-11-19|2025-11-20|2025-11-21|2025-11-24|2025-11-25|2025-11-26|2025-11-28|2025-12-01|2025-12-02|2025-12-03|2025-12-04|2025-12-05|2025-12-08|2025-12-09|2025-12-10|2025-12-11|2025-12-12|2025-12-15|2025-12-16|2025-12-17|2025-12-18|2025-12-19|2025-12-22|2025-12-23|2025-12-24|2025-12-26|2025-12-29,2025-12-30 22:27:12,0.0
Acadia Healthcare,,2025-11-14|2025-11-17|2025-11-18|2025-11-19|2025-11-20|2025-11-21|2025-11-24|2025-11-25|2025-11-26|2025-11-28|2025-12-01|2025-12-02|2025-12-03|2025-12-04|2025-12-05|2025-12-08|2025-12-09|2025-12-10|2025-12-11|2025-12-12|2025-12-15|2025-12-16|2025-12-17|2025-12-18|2025-12-19|2025-12-22|2025-12-23|2025-12-24|2025-12-26|2025-12-29,2025-12-30 22:27:12,0.0
Revvity,,2025-11-14|2025-11-17|2025-11-18|2025-11-19|2025-11-20|2025-11-21|2025-11-24|2025-11-25|2025-11-26|2025-11-28|2025-12-01|2025-12-02|2025-12-03|2025-12-04|2025-12-05|2025-12-08|2025-12-09|2025-12-10|2025-12-11|2025-12-12|2025-12-15|2025-12-16|2025-12-17|2025-12-18|2025-12-19|2025-12-22|2025-12-23|2025-12-24|2025-12-26|2025-12-29,2025-12-30 22:27:12,0.0
Portland General Electric,,2025-11-14|2025-11-17|2025-11-18|2025-11-19|2025-11-20|2025-11-21|2025-11-24|2025-11-25|2025-11-26|2025-11-28|2025-12-01|2025-12-02|2025-12-03|2025-12-04|2025-12-05|2025-12-08|2025-12-09|2025-12-10|2025-12-11|2025-12-12|2025-12-15|2025-12-16|2025-12-17|2025-12-18|2025-12-19|2025-12-22|2025-12-23|2025-12-24|2025-12-26|2025-12-29,2025-12-30 22:27:12,0.0
Woodward Inc,,2025-11-14|2025-11-17|2025-11-18|2025-11-19|2025-11-20|2025-11-21|2025-11-24|2025-11-25|2025-11-26|2025-11-28|2025-12-01|2025-12-02|2025-12-03|2025-12-04|2025-12-05|2025-12-08|2025-12-09|2025-12-10|2025-12-11|2025-12-12|2025-12-15|2025-12-16|2025-12-17|2025-12-18|2025-12-19|2025-12-22|2025-12-23|2025-12-24|2025-12-26|2025-12-29,2025-12-30 22:27:12,0.0
TEGNA,,2025-11-14|2025-11-17|2025-11-18|2025-11-19|2025-11-20|2025-11-21|2025-11-24|2025-11-25|2025-11-26|2025-11-28|2025-12-01|2025-12-02|2025-12-03|2025-12-04|2025-12-05|2025-12-08|2025-12-09|2025-12-10|2025-12-11|2025-12-12|2025-12-15|2025-12-16|2025-12-17|2025-12-18|2025-12-19|2025-12-22|2025-12-23|2025-12-24|2025-12-26|2025-12-29,2025-12-30 22:27:12,0.0
Sabre Corporation,,2025-11-14|2025-11-17|2025-11-18|2025-11-19|2025-11-20|2025-11-21|2025-11-24|2025-11-25|2025-11-26|2025-11-28|2025-12-01|2025-12-02|2025-12-03|2025-12-04|2025-12-05|2025-12-08|2025-12-09|2025-12-10|2025-12-11|2025-12-12|2025-12-15|2025-12-16|2025-12-17|2025-12-18|2025-12-19|2025-12-22|2025-12-23|2025-12-24|2025-12-26|2025-12-29,2025-12-30 22:27:12,0.0
Light & Wonder,,2025-11-14|2025-11-17|2025-11-18|2025-11-19|2025-11-20|2025-11-21|2025-11-24|2025-11-25|2025-11-26|2025-11-28|2025-12-01|2025-12-02|2025-12-03|2025-12-04|2025-12-05|2025-12-08|2025-12-09|2025-12-10|2025-12-11|2025-12-12|2025-12-15|2025-12-16|2025-12-17|2025-12-18|2025-12-19|2025-12-22|2025-12-23|2025-12-24|2025-12-26|2025-12-29,2025-12-30 22:27:12,0.0
Vail Resorts,,2025-11-14|2025-11-17|2025-11-18|2025-11-19|2025-11-20|2025-11-21|2025-11-24|2025-11-25|2025-11-26|2025-11-28|2025-12-01|2025-12-02|2025-12-03|2025-12-04|2025-12-05|2025-12-08|2025-12-09|2025-12-10|2025-12-11|2025-12-12|2025-12-15|2025-12-16|2025-12-17|2025-12-18|2025-12-19|2025-12-22|2025-12-23|2025-12-24|2025-12-26|2025-12-29,2025-12-30 22:27:12,0.0
PennyMac Financial Services,,2025-11-14|2025-11-17|2025-11-18|2025-11-19|2025-11-20|2025-11-21|2025-11-24|2025-11-25|2025-11-26|2025-11-28|2025-12-01|2025-12-02|2025-12-03|2025-12-04|2025-12-05|2025-12-08|2025-12-09|2025-12-10|2025-12-11|2025-12-12|2025-12-15|2025-12-16|2025-12-17|2025-12-18|2025-12-19|2025-12-22|2025-12-23|2025-12-24|2025-12-26|2025-12-29,2025-12-30 22:27:12,0.0
Saia Inc,,2025-11-14|2025-11-17|2025-11-18|2025-11-19|2025-11-20|2025-11-21|2025-11-24|2025-11-25|2025-11-26|2025-11-28|2025-12-01|2025-12-02|2025-12-03|2025-12-04|2025-12-05|2025-12-08|2025-12-09|2025-12-10|2025-12-11|2025-12-12|2025-12-15|2025-12-16|2025-12-17|2025-12-18|2025-12-19|2025-12-22|2025-12-23|2025-12-24|2025-12-26|2025-12-29,2025-12-30 22:27:12,0.0
Equity Residential,,2025-11-14|2025-11-17|2025-11-18|2025-11-19|2025-11-20|2025-11-21|2025-11-24|2025-11-25|2025-11-26|2025-11-28|2025-12-01|2025-12-02|2025-12-03|2025-12-04|2025-12-05|2025-12-08|2025-12-09|2025-12-10|2025-12-11|2025-12-12|2025-12-15|2025-12-16|2025-12-17|2025-12-18|2025-12-19|2025-12-22|2025-12-23|2025-12-24|2025-12-26|2025-12-29,2025-12-30 22:27:12,0.0
Helmerich & Payne,,2025-11-14|2025-11-17|2025-11-18|2025-11-19|2025-11-20|2025-11-21|2025-11-24|2025-11-25|2025-11-26|2025-11-28|2025-12-01|2025-12-02|2025-12-03|2025-12-04|2025-12-05|2025-12-08|2025-12-09|2025-12-10|2025-12-11|2025-12-12|2025-12-15|2025-12-16|2025-12-17|2025-12-18|2025-12-19|2025-12-22|2025-12-23|2025-12-24|2025-12-26|2025-12-29,2025-12-30 22:27:12,0.0
Korn Ferry,,2025-11-14|2025-11-17|2025-11-18|2025-11-19|2025-11-20|2025-11-21|2025-11-24|2025-11-25|2025-11-26|2025-11-28|2025-12-01|2025-12-02|2025-12-03|2025-12-04|2025-12-05|2025-12-08|2025-12-09|2025-12-10|2025-12-11|2025-12-12|2025-12-15|2025-12-16|2025-12-17|2025-12-18|2025-12-19|2025-12-22|2025-12-23|2025-12-24|2025-12-26|2025-12-29,2025-12-30 22:27:12,0.0
PC Connection Inc,,2025-11-14|2025-11-17|2025-11-18|2025-11-19|2025-11-20|2025-11-21|2025-11-24|2025-11-25|2025-11-26|2025-11-28|2025-12-01|2025-12-02|2025-12-03|2025-12-04|2025-12-05|2025-12-08|2025-12-09|2025-12-10|2025-12-11|2025-12-12|2025-12-15|2025-12-16|2025-12-17|2025-12-18|2025-12-19|2025-12-22|2025-12-23|2025-12-24|2025-12-26|2025-12-29,2025-12-30 22:27:12,0.0
Curtiss-Wright,,2025-11-14|2025-11-17|2025-11-18|2025-11-19|2025-11-20|2025-11-21|2025-11-24|2025-11-25|2025-11-26|2025-11-28|2025-12-01|2025-12-02|2025-12-03|2025-12-04|2025-12-05|2025-12-08|2025-12-09|2025-12-10|2025-12-11|2025-12-12|2025-12-15|2025-12-16|2025-12-17|2025-12-18|2025-12-19|2025-12-22|2025-12-23|2025-12-24|2025-12-26|2025-12-29,2025-12-30 22:27:12,0.0
Sallie Mae,,2025-11-14|2025-11-17|2025-11-18|2025-11-19|2025-11-20|2025-11-21|2025-11-24|2025-11-25|2025-11-26|2025-11-28|2025-12-01|2025-12-02|2025-12-03|2025-12-04|2025-12-05|2025-12-08|2025-12-09|2025-12-10|2025-12-11|2025-12-12|2025-12-15|2025-12-16|2025-12-17|2025-12-18|2025-12-19|2025-12-22|2025-12-23|2025-12-24|2025-12-26|2025-12-29,2025-12-30 22:27:12,0.0
Benchmark Electronics,,2025-11-14|2025-11-17|2025-11-18|2025-11-19|2025-11-20|2025-11-21|2025-11-24|2025-11-25|2025-11-26|2025-11-28|2025-12-01|2025-12-02|2025-12-03|2025-12-04|2025-12-05|2025-12-08|2025-12-09|2025-12-10|2025-12-11|2025-12-12|2025-12-15|2025-12-16|2025-12-17|2025-12-18|2025-12-19|2025-12-22|2025-12-23|2025-12-24|2025-12-26|2025-12-29,2025-12-30 22:27:12,0.0
Pure Storage,,2025-11-14|2025-11-17|2025-11-18|2025-11-19|2025-11-20|2025-11-21|2025-11-24|2025-11-25|2025-11-26|2025-11-28|2025-12-01|2025-12-02|2025-12-03|2025-12-04|2025-12-05|2025-12-08|2025-12-09|2025-12-10|2025-12-11|2025-12-12|2025-12-15|2025-12-16|2025-12-17|2025-12-18|2025-12-19|2025-12-22|2025-12-23|2025-12-24|2025-12-26|2025-12-29,2025-12-30 22:27:12,0.0
Knife River Corporation,,2025-11-14|2025-11-17|2025-11-18|2025-11-19|2025-11-20|2025-11-21|2025-11-24|2025-11-25|2025-11-26|2025-11-28|2025-12-01|2025-12-02|2025-12-03|2025-12-04|2025-12-05|2025-12-08|2025-12-09|2025-12-10|2025-12-11|2025-12-12|2025-12-15|2025-12-16|2025-12-17|2025-12-18|2025-12-19|2025-12-22|2025-12-23|2025-12-24|2025-12-26|2025-12-29,2025-12-30 22:27:12,0.0
Caleres Inc,,2025-11-14|2025-11-17|2025-11-18|2025-11-19|2025-11-20|2025-11-21|2025-11-24|2025-11-25|2025-11-26|2025-11-28|2025-12-01|2025-12-02|2025-12-03|2025-12-04|2025-12-05|2025-12-08|2025-12-09|2025-12-10|2025-12-11|2025-12-12|2025-12-15|2025-12-16|2025-12-17|2025-12-18|2025-12-19|2025-12-22|2025-12-23|2025-12-24|2025-12-26|2025-12-29,2025-12-30 22:27:12,0.0
BrightView Holdings,,2025-11-14|2025-11-17|2025-11-18|2025-11-19|2025-11-20|2025-11-21|2025-11-24|2025-11-25|2025-11-26|2025-11-28|2025-12-01|2025-12-02|2025-12-03|2025-12-04|2025-12-05|2025-12-08|2025-12-09|2025-12-10|2025-12-11|2025-12-12|2025-12-15|2025-12-16|2025-12-17|2025-12-18|2025-12-19|2025-12-22|2025-12-23|2025-12-24|2025-12-26|2025-12-29,2025-12-30 22:27:12,0.0
Cooper-Standard,,2025-11-14|2025-11-17|2025-11-18|2025-11-19|2025-11-20|2025-11-21|2025-11-24|2025-11-25|2025-11-26|2025-11-28|2025-12-01|2025-12-02|2025-12-03|2025-12-04|2025-12-05|2025-12-08|2025-12-09|2025-12-10|2025-12-11|2025-12-12|2025-12-15|2025-12-16|2025-12-17|2025-12-18|2025-12-19|2025-12-22|2025-12-23|2025-12-24|2025-12-26|2025-12-29,2025-12-30 22:27:12,0.0
Primerica,,2025-11-14|2025-11-17|2025-11-18|2025-11-19|2025-11-20|2025-11-21|2025-11-24|2025-11-25|2025-11-26|2025-11-28|2025-12-01|2025-12-02|2025-12-03|2025-12-04|2025-12-05|2025-12-08|2025-12-09|2025-12-10|2025-12-11|2025-12-12|2025-12-15|2025-12-16|2025-12-17|2025-12-18|2025-12-19|2025-12-22|2025-12-23|2025-12-24|2025-12-26|2025-12-29,2025-12-30 22:27:12,0.0
F5,,2025-11-14|2025-11-17|2025-11-18|2025-11-19|2025-11-20|2025-11-21|2025-11-24|2025-11-25|2025-11-26|2025-11-28|2025-12-01|2025-12-02|2025-12-03|2025-12-04|2025-12-05|2025-12-08|2025-12-09|2025-12-10|2025-12-11|2025-12-12|2025-12-15|2025-12-16|2025-12-17|2025-12-18|2025-12-19|2025-12-22|2025-12-23|2025-12-24|2025-12-26|2025-12-29,2025-12-30 22:27:12,0.0
Matador Resources,,2025-11-14|2025-11-17|2025-11-18|2025-11-19|2025-11-20|2025-11-21|2025-11-24|2025-11-25|2025-11-26|2025-11-28|2025-12-01|2025-12-02|2025-12-03|2025-12-04|2025-12-05|2025-12-08|2025-12-09|2025-12-10|2025-12-11|2025-12-12|2025-12-15|2025-12-16|2025-12-17|2025-12-18|2025-12-19|2025-12-22|2025-12-23|2025-12-24|2025-12-26|2025-12-29,2025-12-30 22:27:12,0.0
Snowflake Inc,,2025-11-14|2025-11-17|2025-11-18|2025-11-19|2025-11-20|2025-11-21|2025-11-24|2025-11-25|2025-11-26|2025-11-28|2025-12-01|2025-12-02|2025-12-03|2025-12-04|2025-12-05|2025-12-08|2025-12-09|2025-12-10|2025-12-11|2025-12-12|2025-12-15|2025-12-16|2025-12-17|2025-12-18|2025-12-19|2025-12-22|2025-12-23|2025-12-24|2025-12-26|2025-12-29,2025-12-30 22:27:12,0.0
Viasat,,2025-11-14|2025-11-17|2025-11-18|2025-11-19|2025-11-20|2025-11-21|2025-11-24|2025-11-25|2025-11-26|2025-11-28|2025-12-01|2025-12-02|2025-12-03|2025-12-04|2025-12-05|2025-12-08|2025-12-09|2025-12-10|2025-12-11|2025-12-12|2025-12-15|2025-12-16|2025-12-17|2025-12-18|2025-12-19|2025-12-22|2025-12-23|2025-12-24|2025-12-26|2025-12-29,2025-12-30 22:27:12,0.0
California Resources,,2025-11-14|2025-11-17|2025-11-18|2025-11-19|2025-11-20|2025-11-21|2025-11-24|2025-11-25|2025-11-26|2025-11-28|2025-12-01|2025-12-02|2025-12-03|2025-12-04|2025-12-05|2025-12-08|2025-12-09|2025-12-10|2025-12-11|2025-12-12|2025-12-15|2025-12-16|2025-12-17|2025-12-18|2025-12-19|2025-12-22|2025-12-23|2025-12-24|2025-12-26|2025-12-29,2025-12-30 22:27:12,0.0
Peloton Interactive,,2025-11-14|2025-11-17|2025-11-18|2025-11-19|2025-11-20|2025-11-21|2025-11-24|2025-11-25|2025-11-26|2025-11-28|2025-12-01|2025-12-02|2025-12-03|2025-12-04|2025-12-05|2025-12-08|2025-12-09|2025-12-10|2025-12-11|2025-12-12|2025-12-15|2025-12-16|2025-12-17|2025-12-18|2025-12-19|2025-12-22|2025-12-23|2025-12-24|2025-12-26|2025-12-29,2025-12-30 22:27:12,0.0
Roblox,,2025-11-14|2025-11-17|2025-11-18|2025-11-19|2025-11-20|2025-11-21|2025-11-24|2025-11-25|2025-11-26|2025-11-28|2025-12-01|2025-12-02|2025-12-03|2025-12-04|2025-12-05|2025-12-08|2025-12-09|2025-12-10|2025-12-11|2025-12-12|2025-12-15|2025-12-16|2025-12-17|2025-12-18|2025-12-19|2025-12-22|2025-12-23|2025-12-24|2025-12-26|2025-12-29,2025-12-30 22:27:12,0.0
Installed Building Products,,2025-11-14|2025-11-17|2025-11-18|2025-11-19|2025-11-20|2025-11-21|2025-11-24|2025-11-25|2025-11-26|2025-11-28|2025-12-01|2025-12-02|2025-12-03|2025-12-04|2025-12-05|2025-12-08|2025-12-09|2025-12-10|2025-12-11|2025-12-12|2025-12-15|2025-12-16|2025-12-17|2025-12-18|2025-12-19|2025-12-22|2025-12-23|2025-12-24|2025-12-26|2025-12-29,2025-12-30 22:27:12,0.0
First National of Nebraska,,2025-11-14|2025-11-17|2025-11-18|2025-11-19|2025-11-20|2025-11-21|2025-11-24|2025-11-25|2025-11-26|2025-11-28|2025-12-01|2025-12-02|2025-12-03|2025-12-04|2025-12-05|2025-12-08|2025-12-09|2025-12-10|2025-12-11|2025-12-12|2025-12-15|2025-12-16|2025-12-17|2025-12-18|2025-12-19|2025-12-22|2025-12-23|2025-12-24|2025-12-26|2025-12-29,2025-12-30 22:27:12,0.0
Guess Inc,,2025-11-14|2025-11-17|2025-11-18|2025-11-19|2025-11-20|2025-11-21|2025-11-24|2025-11-25|2025-11-26|2025-11-28|2025-12-01|2025-12-02|2025-12-03|2025-12-04|2025-12-05|2025-12-08|2025-12-09|2025-12-10|2025-12-11|2025-12-12|2025-12-15|2025-12-16|2025-12-17|2025-12-18|2025-12-19|2025-12-22|2025-12-23|2025-12-24|2025-12-26|2025-12-29,2025-12-30 22:27:12,0.0
ESAB,,2025-11-14|2025-11-17|2025-11-18|2025-11-19|2025-11-20|2025-11-21|2025-11-24|2025-11-25|2025-11-26|2025-11-28|2025-12-01|2025-12-02|2025-12-03|2025-12-04|2025-12-05|2025-12-08|2025-12-09|2025-12-10|2025-12-11|2025-12-12|2025-12-15|2025-12-16|2025-12-17|2025-12-18|2025-12-19|2025-12-22|2025-12-23|2025-12-24|2025-12-26|2025-12-29,2025-12-30 22:27:12,0.0
AvalonBay Communities,,2025-11-14|2025-11-17|2025-11-18|2025-11-19|2025-11-20|2025-11-21|2025-11-24|2025-11-25|2025-11-26|2025-11-28|2025-12-01|2025-12-02|2025-12-03|2025-12-04|2025-12-05|2025-12-08|2025-12-09|2025-12-10|2025-12-11|2025-12-12|2025-12-15|2025-12-16|2025-12-17|2025-12-18|2025-12-19|2025-12-22|2025-12-23|2025-12-24|2025-12-26|2025-12-29,2025-12-30 22:27:12,0.0
DocuSign,,2025-11-14|2025-11-17|2025-11-18|2025-11-19|2025-11-20|2025-11-21|2025-11-24|2025-11-25|2025-11-26|2025-11-28|2025-12-01|2025-12-02|2025-12-03|2025-12-04|2025-12-05|2025-12-08|2025-12-09|2025-12-10|2025-12-11|2025-12-12|2025-12-15|2025-12-16|2025-12-17|2025-12-18|2025-12-19|2025-12-22|2025-12-23|2025-12-24|2025-12-26|2025-12-29,2025-12-30 22:27:12,0.0
Titan Machinery,,2025-11-14|2025-11-17|2025-11-18|2025-11-19|2025-11-20|2025-11-21|2025-11-24|2025-11-25|2025-11-26|2025-11-28|2025-12-01|2025-12-02|2025-12-03|2025-12-04|2025-12-05|2025-12-08|2025-12-09|2025-12-10|2025-12-11|2025-12-12|2025-12-15|2025-12-16|2025-12-17|2025-12-18|2025-12-19|2025-12-22|2025-12-23|2025-12-24|2025-12-26|2025-12-29,2025-12-30 22:27:12,0.0
ModivCare,,2025-11-21|2025-11-24|2025-11-25|2025-11-26|2025-11-28|2025-12-01|2025-12-02|2025-12-03|2025-12-04|2025-12-05|2025-12-08|2025-12-09|2025-12-10|2025-12-11|2025-12-12|2025-12-15|2025-12-16|2025-12-17|2025-12-18|2025-12-19|2025-12-22|2025-12-23|2025-12-24|2025-12-26|2025-12-29,2025-12-30 22:27:12,0.0
Hovnanian Enterprises,,2025-11-14|2025-11-17|2025-11-18|2025-11-19|2025-11-20|2025-11-21|2025-11-24|2025-11-25|2025-11-26|2025-11-28|2025-12-01|2025-12-02|2025-12-03|2025-12-04|2025-12-05|2025-12-08|2025-12-09|2025-12-10|2025-12-11|2025-12-12|2025-12-15|2025-12-16|2025-12-17|2025-12-18|2025-12-19|2025-12-22|2025-12-23|2025-12-24|2025-12-26|2025-12-29,2025-12-30 22:27:12,0.0
Etsy,,2025-11-14|2025-11-17|2025-11-18|2025-11-19|2025-11-20|2025-11-21|2025-11-24|2025-11-25|2025-11-26|2025-11-28|2025-12-01|2025-12-02|2025-12-03|2025-12-04|2025-12-05|2025-12-08|2025-12-09|2025-12-10|2025-12-11|2025-12-12|2025-12-15|2025-12-16|2025-12-17|2025-12-18|2025-12-19|2025-12-22|2025-12-23|2025-12-24|2025-12-26|2025-12-29,2025-12-30 22:27:12,0.0
Surgery Partners,,2025-11-14|2025-11-17|2025-11-18|2025-11-19|2025-11-20|2025-11-21|2025-11-24|2025-11-25|2025-11-26|2025-11-28|2025-12-01|2025-12-02|2025-12-03|2025-12-04|2025-12-05|2025-12-08|2025-12-09|2025-12-10|2025-12-11|2025-12-12|2025-12-15|2025-12-16|2025-12-17|2025-12-18|2025-12-19|2025-12-22|2025-12-23|2025-12-24|2025-12-26|2025-12-29,2025-12-30 22:27:12,0.0
Columbia Banking System,,2025-11-14|2025-11-17|2025-11-18|2025-11-19|2025-11-20|2025-11-21|2025-11-24|2025-11-25|2025-11-26|2025-11-28|2025-12-01|2025-12-02|2025-12-03|2025-12-04|2025-12-05|2025-12-08|2025-12-09|2025-12-10|2025-12-11|2025-12-12|2025-12-15|2025-12-16|2025-12-17|2025-12-18|2025-12-19|2025-12-22|2025-12-23|2025-12-24|2025-12-26|2025-12-29,2025-12-30 22:27:12,0.0
Verisk Analytics,,2025-11-14|2025-11-17|2025-11-18|2025-11-19|2025-11-20|2025-11-21|2025-11-24|2025-11-25|2025-11-26|2025-11-28|2025-12-01|2025-12-02|2025-12-03|2025-12-04|2025-12-05|2025-12-08|2025-12-09|2025-12-10|2025-12-11|2025-12-12|2025-12-15|2025-12-16|2025-12-17|2025-12-18|2025-12-19|2025-12-22|2025-12-23|2025-12-24|2025-12-26|2025-12-29,2025-12-30 22:27:12,0.0
MasterBrand,,2025-11-14|2025-11-17|2025-11-18|2025-11-19|2025-11-20|2025-11-21|2025-11-24|2025-11-25|2025-11-26|2025-11-28|2025-12-01|2025-12-02|2025-12-03|2025-12-04|2025-12-05|2025-12-08|2025-12-09|2025-12-10|2025-12-11|2025-12-12|2025-12-15|2025-12-16|2025-12-17|2025-12-18|2025-12-19|2025-12-22|2025-12-23|2025-12-24|2025-12-26|2025-12-29,2025-12-30 22:27:12,0.0
AMC Networks,,2025-11-14|2025-11-17|2025-11-18|2025-11-19|2025-11-20|2025-11-21|2025-11-24|2025-11-25|2025-11-26|2025-11-28|2025-12-01|2025-12-02|2025-12-03|2025-12-04|2025-12-05|2025-12-08|2025-12-09|2025-12-10|2025-12-11|2025-12-12|2025-12-15|2025-12-16|2025-12-17|2025-12-18|2025-12-19|2025-12-22|2025-12-23|2025-12-24|2025-12-26|2025-12-29,2025-12-30 22:27:12,0.0
SBA Communications,,2025-11-14|2025-11-17|2025-11-18|2025-11-19|2025-11-20|2025-11-21|2025-11-24|2025-11-25|2025-11-26|2025-11-28|2025-12-01|2025-12-02|2025-12-03|2025-12-04|2025-12-05|2025-12-08|2025-12-09|2025-12-10|2025-12-11|2025-12-12|2025-12-15|2025-12-16|2025-12-17|2025-12-18|2025-12-19|2025-12-22|2025-12-23|2025-12-24|2025-12-26|2025-12-29,2025-12-30 22:27:12,0.0
Americold Realty Trust,,2025-11-14|2025-11-17|2025-11-18|2025-11-19|2025-11-20|2025-11-21|2025-11-24|2025-11-25|2025-11-26|2025-11-28|2025-12-01|2025-12-02|2025-12-03|2025-12-04|2025-12-05|2025-12-08|2025-12-09|2025-12-10|2025-12-11|2025-12-12|2025-12-15|2025-12-16|2025-12-17|2025-12-18|2025-12-19|2025-12-22|2025-12-23|2025-12-24|2025-12-26|2025-12-29,2025-12-30 22:27:12,0.0
NewMarket Corporation,,2025-11-14|2025-11-17|2025-11-18|2025-11-19|2025-11-20|2025-11-21|2025-11-24|2025-11-25|2025-11-26|2025-11-28|2025-12-01|2025-12-02|2025-12-03|2025-12-04|2025-12-05|2025-12-08|2025-12-09|2025-12-10|2025-12-11|2025-12-12|2025-12-15|2025-12-16|2025-12-17|2025-12-18|2025-12-19|2025-12-22|2025-12-23|2025-12-24|2025-12-26|2025-12-29,2025-12-30 22:27:12,0.0
Park Hotels & Resorts,,2025-11-14|2025-11-17|2025-11-18|2025-11-19|2025-11-20|2025-11-21|2025-11-24|2025-11-25|2025-11-26|2025-11-28|2025-12-01|2025-12-02|2025-12-03|2025-12-04|2025-12-05|2025-12-08|2025-12-09|2025-12-10|2025-12-11|2025-12-12|2025-12-15|2025-12-16|2025-12-17|2025-12-18|2025-12-19|2025-12-22|2025-12-23|2025-12-24|2025-12-26|2025-12-29,2025-12-30 22:27:12,0.0
Alexandria Real Estate Equities,,2025-11-14|2025-11-17|2025-11-18|2025-11-19|2025-11-20|2025-11-21|2025-11-24|2025-11-25|2025-11-26|2025-11-28|2025-12-01|2025-12-02|2025-12-03|2025-12-04|2025-12-05|2025-12-08|2025-12-09|2025-12-10|2025-12-11|2025-12-12|2025-12-15|2025-12-16|2025-12-17|2025-12-18|2025-12-19|2025-12-22|2025-12-23|2025-12-24|2025-12-26|2025-12-29,2025-12-30 22:27:12,0.0
Griffon Corporation,,2025-11-14|2025-11-17|2025-11-18|2025-11-19|2025-11-20|2025-11-21|2025-11-24|2025-11-25|2025-11-26|2025-11-28|2025-12-01|2025-12-02|2025-12-03|2025-12-04|2025-12-05|2025-12-08|2025-12-09|2025-12-10|2025-12-11|2025-12-12|2025-12-15|2025-12-16|2025-12-17|2025-12-18|2025-12-19|2025-12-22|2025-12-23|2025-12-24|2025-12-26|2025-12-29,2025-12-30 22:27:12,0.0
Air Lease,,2025-11-14|2025-11-17|2025-11-18|2025-11-19|2025-11-20|2025-11-21|2025-11-24|2025-11-25|2025-11-26|2025-11-28|2025-12-01|2025-12-02|2025-12-03|2025-12-04|2025-12-05|2025-12-08|2025-12-09|2025-12-10|2025-12-11|2025-12-12|2025-12-15|2025-12-16|2025-12-17|2025-12-18|2025-12-19|2025-12-22|2025-12-23|2025-12-24|2025-12-26|2025-12-29,2025-12-30 22:27:12,0.0
UL Solutions,,2025-11-14|2025-11-17|2025-11-18|2025-11-19|2025-11-20|2025-11-21|2025-11-24|2025-11-25|2025-11-26|2025-11-28|2025-12-01|2025-12-02|2025-12-03|2025-12-04|2025-12-05|2025-12-08|2025-12-09|2025-12-10|2025-12-11|2025-12-12|2025-12-15|2025-12-16|2025-12-17|2025-12-18|2025-12-19|2025-12-22|2025-12-23|2025-12-24|2025-12-26|2025-12-29,2025-12-30 22:27:12,0.0
Teradyne,,2025-11-14|2025-11-17|2025-11-18|2025-11-19|2025-11-20|2025-11-21|2025-11-24|2025-11-25|2025-11-26|2025-11-28|2025-12-01|2025-12-02|2025-12-03|2025-12-04|2025-12-05|2025-12-08|2025-12-09|2025-12-10|2025-12-11|2025-12-12|2025-12-15|2025-12-16|2025-12-17|2025-12-18|2025-12-19|2025-12-22|2025-12-23|2025-12-24|2025-12-26|2025-12-29,2025-12-30 22:27:12,0.0
OGE Energy,,2025-11-14|2025-11-17|2025-11-18|2025-11-19|2025-11-20|2025-11-21|2025-11-24|2025-11-25|2025-11-26|2025-11-28|2025-12-01|2025-12-02|2025-12-03|2025-12-04|2025-12-05|2025-12-08|2025-12-09|2025-12-10|2025-12-11|2025-12-12|2025-12-15|2025-12-16|2025-12-17|2025-12-18|2025-12-19|2025-12-22|2025-12-23|2025-12-24|2025-12-26|2025-12-29,2025-12-30 22:27:12,0.0
Bio-Rad Laboratories,,2025-11-14|2025-11-17|2025-11-18|2025-11-19|2025-11-20|2025-11-21|2025-11-24|2025-11-25|2025-11-26|2025-11-28|2025-12-01|2025-12-02|2025-12-03|2025-12-04|2025-12-05|2025-12-08|2025-12-09|2025-12-10|2025-12-11|2025-12-12|2025-12-15|2025-12-16|2025-12-17|2025-12-18|2025-12-19|2025-12-22|2025-12-23|2025-12-24|2025-12-26|2025-12-29,2025-12-30 22:27:12,0.0
Spire Inc,,2025-11-14|2025-11-17|2025-11-18|2025-11-19|2025-11-20|2025-11-21|2025-11-24|2025-11-25|2025-11-26|2025-11-28|2025-12-01|2025-12-02|2025-12-03|2025-12-04|2025-12-05|2025-12-08|2025-12-09|2025-12-10|2025-12-11|2025-12-12|2025-12-15|2025-12-16|2025-12-17|2025-12-18|2025-12-19|2025-12-22|2025-12-23|2025-12-24|2025-12-26|2025-12-29,2025-12-30 22:27:12,0.0
Gannett,,2025-11-14|2025-11-17|2025-11-18|2025-11-19|2025-11-20|2025-11-21|2025-11-24|2025-11-25|2025-11-26|2025-11-28|2025-12-01|2025-12-02|2025-12-03|2025-12-04|2025-12-05|2025-12-08|2025-12-09|2025-12-10|2025-12-11|2025-12-12|2025-12-15|2025-12-16|2025-12-17|2025-12-18|2025-12-19|2025-12-22|2025-12-23|2025-12-24|2025-12-26|2025-12-29,2025-12-30 22:27:12,0.0
Stericycle,,2025-11-25,2025-12-30 22:27:12,0.0
Cullen Frost Bankers,,2025-11-14|2025-11-17|2025-11-18|2025-11-19|2025-11-20|2025-11-21|2025-11-24|2025-11-25|2025-11-26|2025-11-28|2025-12-01|2025-12-02|2025-12-03|2025-12-04|2025-12-05|2025-12-08|2025-12-09|2025-12-10|2025-12-11|2025-12-12|2025-12-15|2025-12-16|2025-12-17|2025-12-18|2025-12-19|2025-12-22|2025-12-23|2025-12-24|2025-12-26|2025-12-29,2025-12-30 22:27:12,0.0
Extra Space Storage,,2025-11-14|2025-11-17|2025-11-18|2025-11-19|2025-11-20|2025-11-21|2025-11-24|2025-11-25|2025-11-26|2025-11-28|2025-12-01|2025-12-02|2025-12-03|2025-12-04|2025-12-05|2025-12-08|2025-12-09|2025-12-10|2025-12-11|2025-12-12|2025-12-15|2025-12-16|2025-12-17|2025-12-18|2025-12-19|2025-12-22|2025-12-23|2025-12-24|2025-12-26|2025-12-29,2025-12-30 22:27:12,0.0
REV Group,,2025-11-14|2025-11-17|2025-11-18|2025-11-19|2025-11-20|2025-11-21|2025-11-24|2025-11-25|2025-11-26|2025-11-28|2025-12-01|2025-12-02|2025-12-03|2025-12-04|2025-12-05|2025-12-08|2025-12-09|2025-12-10|2025-12-11|2025-12-12|2025-12-15|2025-12-16|2025-12-17|2025-12-18|2025-12-19|2025-12-22|2025-12-23|2025-12-24|2025-12-26|2025-12-29,2025-12-30 22:27:12,0.0
ProFrac Holding,,2025-11-14|2025-11-17|2025-11-18|2025-11-19|2025-11-20|2025-11-21|2025-11-24|2025-11-25|2025-11-26|2025-11-28|2025-12-01|2025-12-02|2025-12-03|2025-12-04|2025-12-05|2025-12-08|2025-12-09|2025-12-10|2025-12-11|2025-12-12|2025-12-15|2025-12-16|2025-12-17|2025-12-18|2025-12-19|2025-12-22|2025-12-23|2025-12-24|2025-12-26|2025-12-29,2025-12-30 22:27:12,0.0
Nordson,,2025-11-14|2025-11-17|2025-11-18|2025-11-19|2025-11-20|2025-11-21|2025-11-24|2025-11-25|2025-11-26|2025-11-28|2025-12-01|2025-12-02|2025-12-03|2025-12-04|2025-12-05|2025-12-08|2025-12-09|2025-12-10|2025-12-11|2025-12-12|2025-12-15|2025-12-16|2025-12-17|2025-12-18|2025-12-19|2025-12-22|2025-12-23|2025-12-24|2025-12-26|2025-12-29,2025-12-30 22:27:12,0.0
Valvoline Inc,,2025-11-14|2025-11-17|2025-11-18|2025-11-19|2025-11-20|2025-11-21|2025-11-24|2025-11-25|2025-11-26|2025-11-28|2025-12-01|2025-12-02|2025-12-03|2025-12-04|2025-12-05|2025-12-08|2025-12-09|2025-12-10|2025-12-11|2025-12-12|2025-12-15|2025-12-16|2025-12-17|2025-12-18|2025-12-19|2025-12-22|2025-12-23|2025-12-24|2025-12-26|2025-12-29,2025-12-30 22:27:12,0.0
Kontoor Brands,,2025-11-14|2025-11-17|2025-11-18|2025-11-19|2025-11-20|2025-11-21|2025-11-24|2025-11-25|2025-11-26|2025-11-28|2025-12-01|2025-12-02|2025-12-03|2025-12-04|2025-12-05|2025-12-08|2025-12-09|2025-12-10|2025-12-11|2025-12-12|2025-12-15|2025-12-16|2025-12-17|2025-12-18|2025-12-19|2025-12-22|2025-12-23|2025-12-24|2025-12-26|2025-12-29,2025-12-30 22:27:12,0.0
Skyline Champion,,2025-11-14|2025-11-17|2025-11-18|2025-11-19|2025-11-20|2025-11-21|2025-11-24|2025-11-25|2025-11-26|2025-11-28|2025-12-01|2025-12-02|2025-12-03|2025-12-04|2025-12-05|2025-12-08|2025-12-09|2025-12-10|2025-12-11|2025-12-12|2025-12-15|2025-12-16|2025-12-17|2025-12-18|2025-12-19|2025-12-22|2025-12-23|2025-12-24|2025-12-26|2025-12-29,2025-12-30 22:27:12,0.0
Teladoc Health,,2025-11-14|2025-11-17|2025-11-18|2025-11-19|2025-11-20|2025-11-21|2025-11-24|2025-11-25|2025-11-26|2025-11-28|2025-12-01|2025-12-02|2025-12-03|2025-12-04|2025-12-05|2025-12-08|2025-12-09|2025-12-10|2025-12-11|2025-12-12|2025-12-15|2025-12-16|2025-12-17|2025-12-18|2025-12-19|2025-12-22|2025-12-23|2025-12-24|2025-12-26|2025-12-29,2025-12-30 22:27:12,0.0
Louisiana-Pacific Corporation,,2025-11-14|2025-11-17|2025-11-18|2025-11-19|2025-11-20|2025-11-21|2025-11-24|2025-11-25|2025-11-26|2025-11-28|2025-12-01|2025-12-02|2025-12-03|2025-12-04|2025-12-05|2025-12-08|2025-12-09|2025-12-10|2025-12-11|2025-12-12|2025-12-15|2025-12-16|2025-12-17|2025-12-18|2025-12-19|2025-12-22|2025-12-23|2025-12-24|2025-12-26|2025-12-29,2025-12-30 22:27:12,0.0
Universal Corporation,,2025-11-14|2025-11-17|2025-11-18|2025-11-19|2025-11-20|2025-11-21|2025-11-24|2025-11-25|2025-11-26|2025-11-28|2025-12-01|2025-12-02|2025-12-03|2025-12-04|2025-12-05|2025-12-08|2025-12-09|2025-12-10|2025-12-11|2025-12-12|2025-12-15|2025-12-16|2025-12-17|2025-12-18|2025-12-19|2025-12-22|2025-12-23|2025-12-24|2025-12-26|2025-12-29,2025-12-30 22:27:12,0.0
Playtika Holding,,2025-11-14|2025-11-17|2025-11-18|2025-11-19|2025-11-20|2025-11-21|2025-11-24|2025-11-25|2025-11-26|2025-11-28|2025-12-01|2025-12-02|2025-12-03|2025-12-04|2025-12-05|2025-12-08|2025-12-09|2025-12-10|2025-12-11|2025-12-12|2025-12-15|2025-12-16|2025-12-17|2025-12-18|2025-12-19|2025-12-22|2025-12-23|2025-12-24|2025-12-26|2025-12-29,2025-12-30 22:27:12,0.0
Alliance Resource Partners,,2025-11-14|2025-11-17|2025-11-18|2025-11-19|2025-11-20|2025-11-21|2025-11-24|2025-11-25|2025-11-26|2025-11-28|2025-12-01|2025-12-02|2025-12-03|2025-12-04|2025-12-05|2025-12-08|2025-12-09|2025-12-10|2025-12-11|2025-12-12|2025-12-15|2025-12-16|2025-12-17|2025-12-18|2025-12-19|2025-12-22|2025-12-23|2025-12-24|2025-12-26|2025-12-29,2025-12-30 22:27:12,0.0
Envista Holdings,,2025-11-14|2025-11-17|2025-11-18|2025-11-19|2025-11-20|2025-11-21|2025-11-24|2025-11-25|2025-11-26|2025-11-28|2025-12-01|2025-12-02|2025-12-03|2025-12-04|2025-12-05|2025-12-08|2025-12-09|2025-12-10|2025-12-11|2025-12-12|2025-12-15|2025-12-16|2025-12-17|2025-12-18|2025-12-19|2025-12-22|2025-12-23|2025-12-24|2025-12-26|2025-12-29,2025-12-30 22:27:12,0.0
Shift4 Payments,,2025-11-14|2025-11-17|2025-11-18|2025-11-19|2025-11-20|2025-11-21|2025-11-24|2025-11-25|2025-11-26|2025-11-28|2025-12-01|2025-12-02|2025-12-03|2025-12-04|2025-12-05|2025-12-08|2025-12-09|2025-12-10|2025-12-11|2025-12-12|2025-12-15|2025-12-16|2025-12-17|2025-12-18|2025-12-19|2025-12-22|2025-12-23|2025-12-24|2025-12-26|2025-12-29,2025-12-30 22:27:12,0.0
Talen Energy,,2025-11-14|2025-11-17|2025-11-18|2025-11-19|2025-11-20|2025-11-21|2025-11-24|2025-11-25|2025-11-26|2025-11-28|2025-12-01|2025-12-02|2025-12-03|2025-12-04|2025-12-05|2025-12-08|2025-12-09|2025-12-10|2025-12-11|2025-12-12|2025-12-15|2025-12-16|2025-12-17|2025-12-18|2025-12-19|2025-12-22|2025-12-23|2025-12-24|2025-12-26|2025-12-29,2025-12-30 22:27:12,0.0
Carpenter Technology,,2025-11-14|2025-11-17|2025-11-18|2025-11-19|2025-11-20|2025-11-21|2025-11-24|2025-11-25|2025-11-26|2025-11-28|2025-12-01|2025-12-02|2025-12-03|2025-12-04|2025-12-05|2025-12-08|2025-12-09|2025-12-10|2025-12-11|2025-12-12|2025-12-15|2025-12-16|2025-12-17|2025-12-18|2025-12-19|2025-12-22|2025-12-23|2025-12-24|2025-12-26|2025-12-29,2025-12-30 22:27:12,0.0
WEX,,2025-11-14|2025-11-17|2025-11-18|2025-11-19|2025-11-20|2025-11-21|2025-11-24|2025-11-25|2025-11-26|2025-11-28|2025-12-01|2025-12-02|2025-12-03|2025-12-04|2025-12-05|2025-12-08|2025-12-09|2025-12-10|2025-12-11|2025-12-12|2025-12-15|2025-12-16|2025-12-17|2025-12-18|2025-12-19|2025-12-22|2025-12-23|2025-12-24|2025-12-26|2025-12-29,2025-12-30 22:27:12,0.0
