company,trends_history,date_history,last_updated,avg_interest
Walmart,52|48|51|49|55|55|51|52|53|56|52|54|53|55|50|48|47|52|52|48|47|47|47|50|48|47|47|47|49|51,2026-03-23|2026-03-24|2026-03-25|2026-03-26|2026-03-27|2026-03-30|2026-03-31|2026-04-01|2026-04-02|2026-04-06|2026-04-07|2026-04-08|2026-04-09|2026-04-10|2026-04-13|2026-04-14|2026-04-15|2026-04-16|2026-04-17|2026-04-20|2026-04-21|2026-04-22|2026-04-23|2026-04-24|2026-04-27|2026-04-28|2026-04-29|2026-04-30|2026-05-01|2026-05-04,2026-05-05 19:26:29,50.4
Amazon,91|95|100|92|91|97|95|99|93|96|94|98|100|93|92|98|97|95|97|92|92|91|91|89|90|87|87|90|88|93,2026-03-23|2026-03-24|2026-03-25|2026-03-26|2026-03-27|2026-03-30|2026-03-31|2026-04-01|2026-04-02|2026-04-06|2026-04-07|2026-04-08|2026-04-09|2026-04-10|2026-04-13|2026-04-14|2026-04-15|2026-04-16|2026-04-17|2026-04-20|2026-04-21|2026-04-22|2026-04-23|2026-04-24|2026-04-27|2026-04-28|2026-04-29|2026-04-30|2026-05-01|2026-05-04,2026-05-05 19:26:32,93.4
UnitedHealth,69|48|69|56|75|59|76|84|56|70|100|77|80|66|58|55|83|58|71|89|69|48|37|33|34|35|34|31|30|28,2026-03-23|2026-03-24|2026-03-25|2026-03-26|2026-03-27|2026-03-30|2026-03-31|2026-04-01|2026-04-02|2026-04-06|2026-04-07|2026-04-08|2026-04-09|2026-04-10|2026-04-13|2026-04-14|2026-04-15|2026-04-16|2026-04-17|2026-04-20|2026-04-21|2026-04-22|2026-04-23|2026-04-24|2026-04-27|2026-04-28|2026-04-29|2026-04-30|2026-05-01|2026-05-04,2026-05-05 19:26:35,59.3
Apple,69|68|74|70|76|81|82|88|86|94|81|90|100|92|94|89|91|93|100|92|75|69|65|65|60|62|59|62|66|63,2026-03-23|2026-03-24|2026-03-25|2026-03-26|2026-03-27|2026-03-30|2026-03-31|2026-04-01|2026-04-02|2026-04-06|2026-04-07|2026-04-08|2026-04-09|2026-04-10|2026-04-13|2026-04-14|2026-04-15|2026-04-16|2026-04-17|2026-04-20|2026-04-21|2026-04-22|2026-04-23|2026-04-24|2026-04-27|2026-04-28|2026-04-29|2026-04-30|2026-05-01|2026-05-04,2026-05-05 19:26:38,78.5
CVS Health,30|25|23|28|30|36|51|68|61|71|78|85|93|88|91|93|99|100|94|74|31|31|30|26|27|26|24|23|23|23,2026-03-23|2026-03-24|2026-03-25|2026-03-26|2026-03-27|2026-03-30|2026-03-31|2026-04-01|2026-04-02|2026-04-06|2026-04-07|2026-04-08|2026-04-09|2026-04-10|2026-04-13|2026-04-14|2026-04-15|2026-04-16|2026-04-17|2026-04-20|2026-04-21|2026-04-22|2026-04-23|2026-04-24|2026-04-27|2026-04-28|2026-04-29|2026-04-30|2026-05-01|2026-05-04,2026-05-05 19:26:53,52.7
Alphabet Inc,53|66|71|65|73|52|48|61|44|30|34|45|78|72|79|67|100|75|52|55|25|26|23|31|27|27|38|40|28|27,2026-03-23|2026-03-24|2026-03-25|2026-03-26|2026-03-27|2026-03-30|2026-03-31|2026-04-01|2026-04-02|2026-04-06|2026-04-07|2026-04-08|2026-04-09|2026-04-10|2026-04-13|2026-04-14|2026-04-15|2026-04-16|2026-04-17|2026-04-20|2026-04-21|2026-04-22|2026-04-23|2026-04-24|2026-04-27|2026-04-28|2026-04-29|2026-04-30|2026-05-01|2026-05-04,2026-05-05 19:26:57,50.4
Exxon Mobil,78|80|83|79|87|78|100|86|96|69|80|96|82|48|68|65|57|62|68|62|56|47|51|46|44|50|50|55|59|47,2026-03-23|2026-03-24|2026-03-25|2026-03-26|2026-03-27|2026-03-30|2026-03-31|2026-04-01|2026-04-02|2026-04-06|2026-04-07|2026-04-08|2026-04-09|2026-04-10|2026-04-13|2026-04-14|2026-04-15|2026-04-16|2026-04-17|2026-04-20|2026-04-21|2026-04-22|2026-04-23|2026-04-24|2026-04-27|2026-04-28|2026-04-29|2026-04-30|2026-05-01|2026-05-04,2026-05-05 19:27:00,67.6
McKesson,64|67|66|70|58|69|80|100|77|91|86|91|86|84|77|92|91|99|89|86|63|64|65|55|51|62|62|60|55|57,2026-03-23|2026-03-24|2026-03-25|2026-03-26|2026-03-27|2026-03-30|2026-03-31|2026-04-01|2026-04-02|2026-04-06|2026-04-07|2026-04-08|2026-04-09|2026-04-10|2026-04-13|2026-04-14|2026-04-15|2026-04-16|2026-04-17|2026-04-20|2026-04-21|2026-04-22|2026-04-23|2026-04-24|2026-04-27|2026-04-28|2026-04-29|2026-04-30|2026-05-01|2026-05-04,2026-05-05 19:27:04,73.9
Cencora,,2026-03-23|2026-03-24|2026-03-25|2026-03-26|2026-03-27|2026-03-30|2026-03-31|2026-04-01|2026-04-02|2026-04-06|2026-04-07|2026-04-08|2026-04-09|2026-04-10|2026-04-13|2026-04-14|2026-04-15|2026-04-16|2026-04-17|2026-04-20|2026-04-21|2026-04-22|2026-04-23|2026-04-24|2026-04-27|2026-04-28|2026-04-29|2026-04-30|2026-05-01|2026-05-04,2026-05-05 19:27:37,0.0
JPMorgan Chase,69|70|73|67|73|61|86|71|64|68|73|81|77|71|57|82|78|73|85|62|37|37|36|33|34|37|34|53|100|35,2026-03-23|2026-03-24|2026-03-25|2026-03-26|2026-03-27|2026-03-30|2026-03-31|2026-04-01|2026-04-02|2026-04-06|2026-04-07|2026-04-08|2026-04-09|2026-04-10|2026-04-13|2026-04-14|2026-04-15|2026-04-16|2026-04-17|2026-04-20|2026-04-21|2026-04-22|2026-04-23|2026-04-24|2026-04-27|2026-04-28|2026-04-29|2026-04-30|2026-05-01|2026-05-04,2026-05-05 19:27:48,62.6
Costco,,2026-03-23|2026-03-24|2026-03-25|2026-03-26|2026-03-27|2026-03-30|2026-03-31|2026-04-01|2026-04-02|2026-04-06|2026-04-07|2026-04-08|2026-04-09|2026-04-10|2026-04-13|2026-04-14|2026-04-15|2026-04-16|2026-04-17|2026-04-20|2026-04-21|2026-04-22|2026-04-23|2026-04-24|2026-04-27|2026-04-28|2026-04-29|2026-04-30|2026-05-01|2026-05-04,2026-05-05 19:28:22,0.0
Cigna,94|92|91|88|74|100|93|96|82|97|89|91|83|69|93|92|84|80|75|93|84|80|81|70|81|86|81|89|82|88,2026-03-23|2026-03-24|2026-03-25|2026-03-26|2026-03-27|2026-03-30|2026-03-31|2026-04-01|2026-04-02|2026-04-06|2026-04-07|2026-04-08|2026-04-09|2026-04-10|2026-04-13|2026-04-14|2026-04-15|2026-04-16|2026-04-17|2026-04-20|2026-04-21|2026-04-22|2026-04-23|2026-04-24|2026-04-27|2026-04-28|2026-04-29|2026-04-30|2026-05-01|2026-05-04,2026-05-05 19:28:32,85.9
Microsoft,81|80|92|86|92|92|88|92|85|87|90|100|97|80|81|89|88|89|93|81|67|66|67|60|69|69|66|66|54|58,2026-03-23|2026-03-24|2026-03-25|2026-03-26|2026-03-27|2026-03-30|2026-03-31|2026-04-01|2026-04-02|2026-04-06|2026-04-07|2026-04-08|2026-04-09|2026-04-10|2026-04-13|2026-04-14|2026-04-15|2026-04-16|2026-04-17|2026-04-20|2026-04-21|2026-04-22|2026-04-23|2026-04-24|2026-04-27|2026-04-28|2026-04-29|2026-04-30|2026-05-01|2026-05-04,2026-05-05 19:28:37,80.2
Cardinal Health,,2026-03-23|2026-03-24|2026-03-25|2026-03-26|2026-03-27|2026-03-30|2026-03-31|2026-04-01|2026-04-02|2026-04-06|2026-04-07|2026-04-08|2026-04-09|2026-04-10|2026-04-13|2026-04-14|2026-04-15|2026-04-16|2026-04-17|2026-04-20|2026-04-21|2026-04-22|2026-04-23|2026-04-24|2026-04-27|2026-04-28|2026-04-29|2026-04-30|2026-05-01|2026-05-04,2026-05-05 19:29:11,0.0
Chevron,,2026-03-23|2026-03-24|2026-03-25|2026-03-26|2026-03-27|2026-03-30|2026-03-31|2026-04-01|2026-04-02|2026-04-06|2026-04-07|2026-04-08|2026-04-09|2026-04-10|2026-04-13|2026-04-14|2026-04-15|2026-04-16|2026-04-17|2026-04-20|2026-04-21|2026-04-22|2026-04-23|2026-04-24|2026-04-27|2026-04-28|2026-04-29|2026-04-30|2026-05-01|2026-05-04,2026-05-05 19:29:52,0.0
Bank of America,,2026-03-23|2026-03-24|2026-03-25|2026-03-26|2026-03-27|2026-03-30|2026-03-31|2026-04-01|2026-04-02|2026-04-06|2026-04-07|2026-04-08|2026-04-09|2026-04-10|2026-04-13|2026-04-14|2026-04-15|2026-04-16|2026-04-17|2026-04-20|2026-04-21|2026-04-22|2026-04-23|2026-04-24|2026-04-27|2026-04-28|2026-04-29|2026-04-30|2026-05-01|2026-05-04,2026-05-05 19:30:02,0.0
General Motors,,2026-03-23|2026-03-24|2026-03-25|2026-03-26|2026-03-27|2026-03-30|2026-03-31|2026-04-01|2026-04-02|2026-04-06|2026-04-07|2026-04-08|2026-04-09|2026-04-10|2026-04-13|2026-04-14|2026-04-15|2026-04-16|2026-04-17|2026-04-20|2026-04-21|2026-04-22|2026-04-23|2026-04-24|2026-04-27|2026-04-28|2026-04-29|2026-04-30|2026-05-01|2026-05-04,2026-05-05 19:30:02,0.0
Ford Motor,,2026-03-23|2026-03-24|2026-03-25|2026-03-26|2026-03-27|2026-03-30|2026-03-31|2026-04-01|2026-04-02|2026-04-06|2026-04-07|2026-04-08|2026-04-09|2026-04-10|2026-04-13|2026-04-14|2026-04-15|2026-04-16|2026-04-17|2026-04-20|2026-04-21|2026-04-22|2026-04-23|2026-04-24|2026-04-27|2026-04-28|2026-04-29|2026-04-30|2026-05-01|2026-05-04,2026-05-05 19:30:02,0.0
Elevance Health,,2026-03-23|2026-03-24|2026-03-25|2026-03-26|2026-03-27|2026-03-30|2026-03-31|2026-04-01|2026-04-02|2026-04-06|2026-04-07|2026-04-08|2026-04-09|2026-04-10|2026-04-13|2026-04-14|2026-04-15|2026-04-16|2026-04-17|2026-04-20|2026-04-21|2026-04-22|2026-04-23|2026-04-24|2026-04-27|2026-04-28|2026-04-29|2026-04-30|2026-05-01|2026-05-04,2026-05-05 19:30:02,0.0
Citigroup,,2026-03-23|2026-03-24|2026-03-25|2026-03-26|2026-03-27|2026-03-30|2026-03-31|2026-04-01|2026-04-02|2026-04-06|2026-04-07|2026-04-08|2026-04-09|2026-04-10|2026-04-13|2026-04-14|2026-04-15|2026-04-16|2026-04-17|2026-04-20|2026-04-21|2026-04-22|2026-04-23|2026-04-24|2026-04-27|2026-04-28|2026-04-29|2026-04-30|2026-05-01|2026-05-04,2026-05-05 19:30:02,0.0
Meta Platforms,,2026-03-23|2026-03-24|2026-03-25|2026-03-26|2026-03-27|2026-03-30|2026-03-31|2026-04-01|2026-04-02|2026-04-06|2026-04-07|2026-04-08|2026-04-09|2026-04-10|2026-04-13|2026-04-14|2026-04-15|2026-04-16|2026-04-17|2026-04-20|2026-04-21|2026-04-22|2026-04-23|2026-04-24|2026-04-27|2026-04-28|2026-04-29|2026-04-30|2026-05-01|2026-05-04,2026-05-05 19:30:02,0.0
Centene,,2026-03-23|2026-03-24|2026-03-25|2026-03-26|2026-03-27|2026-03-30|2026-03-31|2026-04-01|2026-04-02|2026-04-06|2026-04-07|2026-04-08|2026-04-09|2026-04-10|2026-04-13|2026-04-14|2026-04-15|2026-04-16|2026-04-17|2026-04-20|2026-04-21|2026-04-22|2026-04-23|2026-04-24|2026-04-27|2026-04-28|2026-04-29|2026-04-30|2026-05-01|2026-05-04,2026-05-05 19:30:02,0.0
The Home Depot Inc,,2026-03-23|2026-03-24|2026-03-25|2026-03-26|2026-03-27|2026-03-30|2026-03-31|2026-04-01|2026-04-02|2026-04-06|2026-04-07|2026-04-08|2026-04-09|2026-04-10|2026-04-13|2026-04-14|2026-04-15|2026-04-16|2026-04-17|2026-04-20|2026-04-21|2026-04-22|2026-04-23|2026-04-24|2026-04-27|2026-04-28|2026-04-29|2026-04-30|2026-05-01|2026-05-04,2026-05-05 19:30:02,0.0
Fannie Mae,,2026-03-23|2026-03-24|2026-03-25|2026-03-26|2026-03-27|2026-03-30|2026-03-31|2026-04-01|2026-04-02|2026-04-06|2026-04-07|2026-04-08|2026-04-09|2026-04-10|2026-04-13|2026-04-14|2026-04-15|2026-04-16|2026-04-17|2026-04-20|2026-04-21|2026-04-22|2026-04-23|2026-04-24|2026-04-27|2026-04-28|2026-04-29|2026-04-30|2026-05-01|2026-05-04,2026-05-05 19:30:02,0.0
Kroger,,2026-03-23|2026-03-24|2026-03-25|2026-03-26|2026-03-27|2026-03-30|2026-03-31|2026-04-01|2026-04-02|2026-04-06|2026-04-07|2026-04-08|2026-04-09|2026-04-10|2026-04-13|2026-04-14|2026-04-15|2026-04-16|2026-04-17|2026-04-20|2026-04-21|2026-04-22|2026-04-23|2026-04-24|2026-04-27|2026-04-28|2026-04-29|2026-04-30|2026-05-01|2026-05-04,2026-05-05 19:30:02,0.0
Phillips 66,,2026-03-23|2026-03-24|2026-03-25|2026-03-26|2026-03-27|2026-03-30|2026-03-31|2026-04-01|2026-04-02|2026-04-06|2026-04-07|2026-04-08|2026-04-09|2026-04-10|2026-04-13|2026-04-14|2026-04-15|2026-04-16|2026-04-17|2026-04-20|2026-04-21|2026-04-22|2026-04-23|2026-04-24|2026-04-27|2026-04-28|2026-04-29|2026-04-30|2026-05-01|2026-05-04,2026-05-05 19:30:02,0.0
Marathon Petroleum,,2026-03-23|2026-03-24|2026-03-25|2026-03-26|2026-03-27|2026-03-30|2026-03-31|2026-04-01|2026-04-02|2026-04-06|2026-04-07|2026-04-08|2026-04-09|2026-04-10|2026-04-13|2026-04-14|2026-04-15|2026-04-16|2026-04-17|2026-04-20|2026-04-21|2026-04-22|2026-04-23|2026-04-24|2026-04-27|2026-04-28|2026-04-29|2026-04-30|2026-05-01|2026-05-04,2026-05-05 19:30:02,0.0
Verizon,,2026-03-23|2026-03-24|2026-03-25|2026-03-26|2026-03-27|2026-03-30|2026-03-31|2026-04-01|2026-04-02|2026-04-06|2026-04-07|2026-04-08|2026-04-09|2026-04-10|2026-04-13|2026-04-14|2026-04-15|2026-04-16|2026-04-17|2026-04-20|2026-04-21|2026-04-22|2026-04-23|2026-04-24|2026-04-27|2026-04-28|2026-04-29|2026-04-30|2026-05-01|2026-05-04,2026-05-05 19:30:02,0.0
Nvidia,,2026-03-23|2026-03-24|2026-03-25|2026-03-26|2026-03-27|2026-03-30|2026-03-31|2026-04-01|2026-04-02|2026-04-06|2026-04-07|2026-04-08|2026-04-09|2026-04-10|2026-04-13|2026-04-14|2026-04-15|2026-04-16|2026-04-17|2026-04-20|2026-04-21|2026-04-22|2026-04-23|2026-04-24|2026-04-27|2026-04-28|2026-04-29|2026-04-30|2026-05-01|2026-05-04,2026-05-05 19:30:02,0.0
Goldman Sachs,,2026-03-23|2026-03-24|2026-03-25|2026-03-26|2026-03-27|2026-03-30|2026-03-31|2026-04-01|2026-04-02|2026-04-06|2026-04-07|2026-04-08|2026-04-09|2026-04-10|2026-04-13|2026-04-14|2026-04-15|2026-04-16|2026-04-17|2026-04-20|2026-04-21|2026-04-22|2026-04-23|2026-04-24|2026-04-27|2026-04-28|2026-04-29|2026-04-30|2026-05-01|2026-05-04,2026-05-05 19:30:02,0.0
Wells Fargo,,2026-03-23|2026-03-24|2026-03-25|2026-03-26|2026-03-27|2026-03-30|2026-03-31|2026-04-01|2026-04-02|2026-04-06|2026-04-07|2026-04-08|2026-04-09|2026-04-10|2026-04-13|2026-04-14|2026-04-15|2026-04-16|2026-04-17|2026-04-20|2026-04-21|2026-04-22|2026-04-23|2026-04-24|2026-04-27|2026-04-28|2026-04-29|2026-04-30|2026-05-01|2026-05-04,2026-05-05 19:30:02,0.0
Valero Energy,,2026-03-23|2026-03-24|2026-03-25|2026-03-26|2026-03-27|2026-03-30|2026-03-31|2026-04-01|2026-04-02|2026-04-06|2026-04-07|2026-04-08|2026-04-09|2026-04-10|2026-04-13|2026-04-14|2026-04-15|2026-04-16|2026-04-17|2026-04-20|2026-04-21|2026-04-22|2026-04-23|2026-04-24|2026-04-27|2026-04-28|2026-04-29|2026-04-30|2026-05-01|2026-05-04,2026-05-05 19:30:02,0.0
Comcast,,2026-03-23|2026-03-24|2026-03-25|2026-03-26|2026-03-27|2026-03-30|2026-03-31|2026-04-01|2026-04-02|2026-04-06|2026-04-07|2026-04-08|2026-04-09|2026-04-10|2026-04-13|2026-04-14|2026-04-15|2026-04-16|2026-04-17|2026-04-20|2026-04-21|2026-04-22|2026-04-23|2026-04-24|2026-04-27|2026-04-28|2026-04-29|2026-04-30|2026-05-01|2026-05-04,2026-05-05 19:30:02,0.0
AT&T,,2026-03-23|2026-03-24|2026-03-25|2026-03-26|2026-03-27|2026-03-30|2026-03-31|2026-04-01|2026-04-02|2026-04-06|2026-04-07|2026-04-08|2026-04-09|2026-04-10|2026-04-13|2026-04-14|2026-04-15|2026-04-16|2026-04-17|2026-04-20|2026-04-21|2026-04-22|2026-04-23|2026-04-24|2026-04-27|2026-04-28|2026-04-29|2026-04-30|2026-05-01|2026-05-04,2026-05-05 19:30:02,0.0
Freddie Mac,,2026-03-23|2026-03-24|2026-03-25|2026-03-26|2026-03-27|2026-03-30|2026-03-31|2026-04-01|2026-04-02|2026-04-06|2026-04-07|2026-04-08|2026-04-09|2026-04-10|2026-04-13|2026-04-14|2026-04-15|2026-04-16|2026-04-17|2026-04-20|2026-04-21|2026-04-22|2026-04-23|2026-04-24|2026-04-27|2026-04-28|2026-04-29|2026-04-30|2026-05-01|2026-05-04,2026-05-05 19:30:02,0.0
Humana,,2026-03-23|2026-03-24|2026-03-25|2026-03-26|2026-03-27|2026-03-30|2026-03-31|2026-04-01|2026-04-02|2026-04-06|2026-04-07|2026-04-08|2026-04-09|2026-04-10|2026-04-13|2026-04-14|2026-04-15|2026-04-16|2026-04-17|2026-04-20|2026-04-21|2026-04-22|2026-04-23|2026-04-24|2026-04-27|2026-04-28|2026-04-29|2026-04-30|2026-05-01|2026-05-04,2026-05-05 19:30:02,0.0
Morgan Stanley,,2026-03-23|2026-03-24|2026-03-25|2026-03-26|2026-03-27|2026-03-30|2026-03-31|2026-04-01|2026-04-02|2026-04-06|2026-04-07|2026-04-08|2026-04-09|2026-04-10|2026-04-13|2026-04-14|2026-04-15|2026-04-16|2026-04-17|2026-04-20|2026-04-21|2026-04-22|2026-04-23|2026-04-24|2026-04-27|2026-04-28|2026-04-29|2026-04-30|2026-05-01|2026-05-04,2026-05-05 19:30:02,0.0
Target Corporation,,2026-03-23|2026-03-24|2026-03-25|2026-03-26|2026-03-27|2026-03-30|2026-03-31|2026-04-01|2026-04-02|2026-04-06|2026-04-07|2026-04-08|2026-04-09|2026-04-10|2026-04-13|2026-04-14|2026-04-15|2026-04-16|2026-04-17|2026-04-20|2026-04-21|2026-04-22|2026-04-23|2026-04-24|2026-04-27|2026-04-28|2026-04-29|2026-04-30|2026-05-01|2026-05-04,2026-05-05 19:30:02,0.0
StoneX Group,,2026-03-23|2026-03-24|2026-03-25|2026-03-26|2026-03-27|2026-03-30|2026-03-31|2026-04-01|2026-04-02|2026-04-06|2026-04-07|2026-04-08|2026-04-09|2026-04-10|2026-04-13|2026-04-14|2026-04-15|2026-04-16|2026-04-17|2026-04-20|2026-04-21|2026-04-22|2026-04-23|2026-04-24|2026-04-27|2026-04-28|2026-04-29|2026-04-30|2026-05-01|2026-05-04,2026-05-05 19:30:02,0.0
Tesla,,2026-03-23|2026-03-24|2026-03-25|2026-03-26|2026-03-27|2026-03-30|2026-03-31|2026-04-01|2026-04-02|2026-04-06|2026-04-07|2026-04-08|2026-04-09|2026-04-10|2026-04-13|2026-04-14|2026-04-15|2026-04-16|2026-04-17|2026-04-20|2026-04-21|2026-04-22|2026-04-23|2026-04-24|2026-04-27|2026-04-28|2026-04-29|2026-04-30|2026-05-01|2026-05-04,2026-05-05 19:30:02,0.0
Dell Technologies,,2026-03-23|2026-03-24|2026-03-25|2026-03-26|2026-03-27|2026-03-30|2026-03-31|2026-04-01|2026-04-02|2026-04-06|2026-04-07|2026-04-08|2026-04-09|2026-04-10|2026-04-13|2026-04-14|2026-04-15|2026-04-16|2026-04-17|2026-04-20|2026-04-21|2026-04-22|2026-04-23|2026-04-24|2026-04-27|2026-04-28|2026-04-29|2026-04-30|2026-05-01|2026-05-04,2026-05-05 19:30:02,0.0
PepsiCo,,2026-03-23|2026-03-24|2026-03-25|2026-03-26|2026-03-27|2026-03-30|2026-03-31|2026-04-01|2026-04-02|2026-04-06|2026-04-07|2026-04-08|2026-04-09|2026-04-10|2026-04-13|2026-04-14|2026-04-15|2026-04-16|2026-04-17|2026-04-20|2026-04-21|2026-04-22|2026-04-23|2026-04-24|2026-04-27|2026-04-28|2026-04-29|2026-04-30|2026-05-01|2026-05-04,2026-05-05 19:30:02,0.0
The Walt Disney Company,,2026-03-23|2026-03-24|2026-03-25|2026-03-26|2026-03-27|2026-03-30|2026-03-31|2026-04-01|2026-04-02|2026-04-06|2026-04-07|2026-04-08|2026-04-09|2026-04-10|2026-04-13|2026-04-14|2026-04-15|2026-04-16|2026-04-17|2026-04-20|2026-04-21|2026-04-22|2026-04-23|2026-04-24|2026-04-27|2026-04-28|2026-04-29|2026-04-30|2026-05-01|2026-05-04,2026-05-05 19:30:02,0.0
UPS,,2026-03-23|2026-03-24|2026-03-25|2026-03-26|2026-03-27|2026-03-30|2026-03-31|2026-04-01|2026-04-02|2026-04-06|2026-04-07|2026-04-08|2026-04-09|2026-04-10|2026-04-13|2026-04-14|2026-04-15|2026-04-16|2026-04-17|2026-04-20|2026-04-21|2026-04-22|2026-04-23|2026-04-24|2026-04-27|2026-04-28|2026-04-29|2026-04-30|2026-05-01|2026-05-04,2026-05-05 19:30:02,0.0
Johnson & Johnson,,2026-03-23|2026-03-24|2026-03-25|2026-03-26|2026-03-27|2026-03-30|2026-03-31|2026-04-01|2026-04-02|2026-04-06|2026-04-07|2026-04-08|2026-04-09|2026-04-10|2026-04-13|2026-04-14|2026-04-15|2026-04-16|2026-04-17|2026-04-20|2026-04-21|2026-04-22|2026-04-23|2026-04-24|2026-04-27|2026-04-28|2026-04-29|2026-04-30|2026-05-01|2026-05-04,2026-05-05 19:30:02,0.0
FedEx,,2026-03-23|2026-03-24|2026-03-25|2026-03-26|2026-03-27|2026-03-30|2026-03-31|2026-04-01|2026-04-02|2026-04-06|2026-04-07|2026-04-08|2026-04-09|2026-04-10|2026-04-13|2026-04-14|2026-04-15|2026-04-16|2026-04-17|2026-04-20|2026-04-21|2026-04-22|2026-04-23|2026-04-24|2026-04-27|2026-04-28|2026-04-29|2026-04-30|2026-05-01|2026-05-04,2026-05-05 19:30:02,0.0
Archer Daniels Midland,,2026-03-23|2026-03-24|2026-03-25|2026-03-26|2026-03-27|2026-03-30|2026-03-31|2026-04-01|2026-04-02|2026-04-06|2026-04-07|2026-04-08|2026-04-09|2026-04-10|2026-04-13|2026-04-14|2026-04-15|2026-04-16|2026-04-17|2026-04-20|2026-04-21|2026-04-22|2026-04-23|2026-04-24|2026-04-27|2026-04-28|2026-04-29|2026-04-30|2026-05-01|2026-05-04,2026-05-05 19:30:02,0.0
Procter & Gamble,,2026-03-23|2026-03-24|2026-03-25|2026-03-26|2026-03-27|2026-03-30|2026-03-31|2026-04-01|2026-04-02|2026-04-06|2026-04-07|2026-04-08|2026-04-09|2026-04-10|2026-04-13|2026-04-14|2026-04-15|2026-04-16|2026-04-17|2026-04-20|2026-04-21|2026-04-22|2026-04-23|2026-04-24|2026-04-27|2026-04-28|2026-04-29|2026-04-30|2026-05-01|2026-05-04,2026-05-05 19:30:02,0.0
Lowe's Companies,,2026-03-23|2026-03-24|2026-03-25|2026-03-26|2026-03-27|2026-03-30|2026-03-31|2026-04-01|2026-04-02|2026-04-06|2026-04-07|2026-04-08|2026-04-09|2026-04-10|2026-04-13|2026-04-14|2026-04-15|2026-04-16|2026-04-17|2026-04-20|2026-04-21|2026-04-22|2026-04-23|2026-04-24|2026-04-27|2026-04-28|2026-04-29|2026-04-30|2026-05-01|2026-05-04,2026-05-05 19:30:02,0.0
Energy Transfer,,2026-03-23|2026-03-24|2026-03-25|2026-03-26|2026-03-27|2026-03-30|2026-03-31|2026-04-01|2026-04-02|2026-04-06|2026-04-07|2026-04-08|2026-04-09|2026-04-10|2026-04-13|2026-04-14|2026-04-15|2026-04-16|2026-04-17|2026-04-20|2026-04-21|2026-04-22|2026-04-23|2026-04-24|2026-04-27|2026-04-28|2026-04-29|2026-04-30|2026-05-01|2026-05-04,2026-05-05 19:30:02,0.0
RTX,,2026-03-23|2026-03-24|2026-03-25|2026-03-26|2026-03-27|2026-03-30|2026-03-31|2026-04-01|2026-04-02|2026-04-06|2026-04-07|2026-04-08|2026-04-09|2026-04-10|2026-04-13|2026-04-14|2026-04-15|2026-04-16|2026-04-17|2026-04-20|2026-04-21|2026-04-22|2026-04-23|2026-04-24|2026-04-27|2026-04-28|2026-04-29|2026-04-30|2026-05-01|2026-05-04,2026-05-05 19:30:02,0.0
Albertsons,,2026-03-23|2026-03-24|2026-03-25|2026-03-26|2026-03-27|2026-03-30|2026-03-31|2026-04-01|2026-04-02|2026-04-06|2026-04-07|2026-04-08|2026-04-09|2026-04-10|2026-04-13|2026-04-14|2026-04-15|2026-04-16|2026-04-17|2026-04-20|2026-04-21|2026-04-22|2026-04-23|2026-04-24|2026-04-27|2026-04-28|2026-04-29|2026-04-30|2026-05-01|2026-05-04,2026-05-05 19:30:02,0.0
Sysco,,2026-03-23|2026-03-24|2026-03-25|2026-03-26|2026-03-27|2026-03-30|2026-03-31|2026-04-01|2026-04-02|2026-04-06|2026-04-07|2026-04-08|2026-04-09|2026-04-10|2026-04-13|2026-04-14|2026-04-15|2026-04-16|2026-04-17|2026-04-20|2026-04-21|2026-04-22|2026-04-23|2026-04-24|2026-04-27|2026-04-28|2026-04-29|2026-04-30|2026-05-01|2026-05-04,2026-05-05 19:30:02,0.0
Progressive Insurance,,2026-03-23|2026-03-24|2026-03-25|2026-03-26|2026-03-27|2026-03-30|2026-03-31|2026-04-01|2026-04-02|2026-04-06|2026-04-07|2026-04-08|2026-04-09|2026-04-10|2026-04-13|2026-04-14|2026-04-15|2026-04-16|2026-04-17|2026-04-20|2026-04-21|2026-04-22|2026-04-23|2026-04-24|2026-04-27|2026-04-28|2026-04-29|2026-04-30|2026-05-01|2026-05-04,2026-05-05 19:30:02,0.0
American Express,,2026-03-23|2026-03-24|2026-03-25|2026-03-26|2026-03-27|2026-03-30|2026-03-31|2026-04-01|2026-04-02|2026-04-06|2026-04-07|2026-04-08|2026-04-09|2026-04-10|2026-04-13|2026-04-14|2026-04-15|2026-04-16|2026-04-17|2026-04-20|2026-04-21|2026-04-22|2026-04-23|2026-04-24|2026-04-27|2026-04-28|2026-04-29|2026-04-30|2026-05-01|2026-05-04,2026-05-05 19:30:02,0.0
Lockheed Martin,,2026-03-23|2026-03-24|2026-03-25|2026-03-26|2026-03-27|2026-03-30|2026-03-31|2026-04-01|2026-04-02|2026-04-06|2026-04-07|2026-04-08|2026-04-09|2026-04-10|2026-04-13|2026-04-14|2026-04-15|2026-04-16|2026-04-17|2026-04-20|2026-04-21|2026-04-22|2026-04-23|2026-04-24|2026-04-27|2026-04-28|2026-04-29|2026-04-30|2026-05-01|2026-05-04,2026-05-05 19:30:02,0.0
MetLife Inc,,2026-03-23|2026-03-24|2026-03-25|2026-03-26|2026-03-27|2026-03-30|2026-03-31|2026-04-01|2026-04-02|2026-04-06|2026-04-07|2026-04-08|2026-04-09|2026-04-10|2026-04-13|2026-04-14|2026-04-15|2026-04-16|2026-04-17|2026-04-20|2026-04-21|2026-04-22|2026-04-23|2026-04-24|2026-04-27|2026-04-28|2026-04-29|2026-04-30|2026-05-01|2026-05-04,2026-05-05 19:30:02,0.0
HCA Healthcare,,2026-03-23|2026-03-24|2026-03-25|2026-03-26|2026-03-27|2026-03-30|2026-03-31|2026-04-01|2026-04-02|2026-04-06|2026-04-07|2026-04-08|2026-04-09|2026-04-10|2026-04-13|2026-04-14|2026-04-15|2026-04-16|2026-04-17|2026-04-20|2026-04-21|2026-04-22|2026-04-23|2026-04-24|2026-04-27|2026-04-28|2026-04-29|2026-04-30|2026-05-01|2026-05-04,2026-05-05 19:30:02,0.0
Prudential Financial,,2026-03-23|2026-03-24|2026-03-25|2026-03-26|2026-03-27|2026-03-30|2026-03-31|2026-04-01|2026-04-02|2026-04-06|2026-04-07|2026-04-08|2026-04-09|2026-04-10|2026-04-13|2026-04-14|2026-04-15|2026-04-16|2026-04-17|2026-04-20|2026-04-21|2026-04-22|2026-04-23|2026-04-24|2026-04-27|2026-04-28|2026-04-29|2026-04-30|2026-05-01|2026-05-04,2026-05-05 19:30:02,0.0
Boeing,,2026-03-23|2026-03-24|2026-03-25|2026-03-26|2026-03-27|2026-03-30|2026-03-31|2026-04-01|2026-04-02|2026-04-06|2026-04-07|2026-04-08|2026-04-09|2026-04-10|2026-04-13|2026-04-14|2026-04-15|2026-04-16|2026-04-17|2026-04-20|2026-04-21|2026-04-22|2026-04-23|2026-04-24|2026-04-27|2026-04-28|2026-04-29|2026-04-30|2026-05-01|2026-05-04,2026-05-05 19:30:02,0.0
Caterpillar,,2026-03-23|2026-03-24|2026-03-25|2026-03-26|2026-03-27|2026-03-30|2026-03-31|2026-04-01|2026-04-02|2026-04-06|2026-04-07|2026-04-08|2026-04-09|2026-04-10|2026-04-13|2026-04-14|2026-04-15|2026-04-16|2026-04-17|2026-04-20|2026-04-21|2026-04-22|2026-04-23|2026-04-24|2026-04-27|2026-04-28|2026-04-29|2026-04-30|2026-05-01|2026-05-04,2026-05-05 19:30:02,0.0
Merck,,2026-03-23|2026-03-24|2026-03-25|2026-03-26|2026-03-27|2026-03-30|2026-03-31|2026-04-01|2026-04-02|2026-04-06|2026-04-07|2026-04-08|2026-04-09|2026-04-10|2026-04-13|2026-04-14|2026-04-15|2026-04-16|2026-04-17|2026-04-20|2026-04-21|2026-04-22|2026-04-23|2026-04-24|2026-04-27|2026-04-28|2026-04-29|2026-04-30|2026-05-01|2026-05-04,2026-05-05 19:30:02,0.0
Allstate,,2026-03-23|2026-03-24|2026-03-25|2026-03-26|2026-03-27|2026-03-30|2026-03-31|2026-04-01|2026-04-02|2026-04-06|2026-04-07|2026-04-08|2026-04-09|2026-04-10|2026-04-13|2026-04-14|2026-04-15|2026-04-16|2026-04-17|2026-04-20|2026-04-21|2026-04-22|2026-04-23|2026-04-24|2026-04-27|2026-04-28|2026-04-29|2026-04-30|2026-05-01|2026-05-04,2026-05-05 19:30:02,0.0
Pfizer,,2026-03-23|2026-03-24|2026-03-25|2026-03-26|2026-03-27|2026-03-30|2026-03-31|2026-04-01|2026-04-02|2026-04-06|2026-04-07|2026-04-08|2026-04-09|2026-04-10|2026-04-13|2026-04-14|2026-04-15|2026-04-16|2026-04-17|2026-04-20|2026-04-21|2026-04-22|2026-04-23|2026-04-24|2026-04-27|2026-04-28|2026-04-29|2026-04-30|2026-05-01|2026-05-04,2026-05-05 19:30:02,0.0
IBM,,2026-03-23|2026-03-24|2026-03-25|2026-03-26|2026-03-27|2026-03-30|2026-03-31|2026-04-01|2026-04-02|2026-04-06|2026-04-07|2026-04-08|2026-04-09|2026-04-10|2026-04-13|2026-04-14|2026-04-15|2026-04-16|2026-04-17|2026-04-20|2026-04-21|2026-04-22|2026-04-23|2026-04-24|2026-04-27|2026-04-28|2026-04-29|2026-04-30|2026-05-01|2026-05-04,2026-05-05 19:30:02,0.0
Delta Air Lines,,2026-03-23|2026-03-24|2026-03-25|2026-03-26|2026-03-27|2026-03-30|2026-03-31|2026-04-01|2026-04-02|2026-04-06|2026-04-07|2026-04-08|2026-04-09|2026-04-10|2026-04-13|2026-04-14|2026-04-15|2026-04-16|2026-04-17|2026-04-20|2026-04-21|2026-04-22|2026-04-23|2026-04-24|2026-04-27|2026-04-28|2026-04-29|2026-04-30|2026-05-01|2026-05-04,2026-05-05 19:30:02,0.0
Publix Super Markets,,2026-03-23|2026-03-24|2026-03-25|2026-03-26|2026-03-27|2026-03-30|2026-03-31|2026-04-01|2026-04-02|2026-04-06|2026-04-07|2026-04-08|2026-04-09|2026-04-10|2026-04-13|2026-04-14|2026-04-15|2026-04-16|2026-04-17|2026-04-20|2026-04-21|2026-04-22|2026-04-23|2026-04-24|2026-04-27|2026-04-28|2026-04-29|2026-04-30|2026-05-01|2026-05-04,2026-05-05 19:30:02,0.0
TD Synnex,,2026-03-23|2026-03-24|2026-03-25|2026-03-26|2026-03-27|2026-03-30|2026-03-31|2026-04-01|2026-04-02|2026-04-06|2026-04-07|2026-04-08|2026-04-09|2026-04-10|2026-04-13|2026-04-14|2026-04-15|2026-04-16|2026-04-17|2026-04-20|2026-04-21|2026-04-22|2026-04-23|2026-04-24|2026-04-27|2026-04-28|2026-04-29|2026-04-30|2026-05-01|2026-05-04,2026-05-05 19:30:02,0.0
United Airlines,,2026-03-23|2026-03-24|2026-03-25|2026-03-26|2026-03-27|2026-03-30|2026-03-31|2026-04-01|2026-04-02|2026-04-06|2026-04-07|2026-04-08|2026-04-09|2026-04-10|2026-04-13|2026-04-14|2026-04-15|2026-04-16|2026-04-17|2026-04-20|2026-04-21|2026-04-22|2026-04-23|2026-04-24|2026-04-27|2026-04-28|2026-04-29|2026-04-30|2026-05-01|2026-05-04,2026-05-05 19:30:02,0.0
ConocoPhillips,,2026-03-23|2026-03-24|2026-03-25|2026-03-26|2026-03-27|2026-03-30|2026-03-31|2026-04-01|2026-04-02|2026-04-06|2026-04-07|2026-04-08|2026-04-09|2026-04-10|2026-04-13|2026-04-14|2026-04-15|2026-04-16|2026-04-17|2026-04-20|2026-04-21|2026-04-22|2026-04-23|2026-04-24|2026-04-27|2026-04-28|2026-04-29|2026-04-30|2026-05-01|2026-05-04,2026-05-05 19:30:02,0.0
TJX,,2026-03-23|2026-03-24|2026-03-25|2026-03-26|2026-03-27|2026-03-30|2026-03-31|2026-04-01|2026-04-02|2026-04-06|2026-04-07|2026-04-08|2026-04-09|2026-04-10|2026-04-13|2026-04-14|2026-04-15|2026-04-16|2026-04-17|2026-04-20|2026-04-21|2026-04-22|2026-04-23|2026-04-24|2026-04-27|2026-04-28|2026-04-29|2026-04-30|2026-05-01|2026-05-04,2026-05-05 19:30:02,0.0
AbbVie,,2026-03-23|2026-03-24|2026-03-25|2026-03-26|2026-03-27|2026-03-30|2026-03-31|2026-04-01|2026-04-02|2026-04-06|2026-04-07|2026-04-08|2026-04-09|2026-04-10|2026-04-13|2026-04-14|2026-04-15|2026-04-16|2026-04-17|2026-04-20|2026-04-21|2026-04-22|2026-04-23|2026-04-24|2026-04-27|2026-04-28|2026-04-29|2026-04-30|2026-05-01|2026-05-04,2026-05-05 19:30:02,0.0
Enterprise Products Partners,,2026-03-23|2026-03-24|2026-03-25|2026-03-26|2026-03-27|2026-03-30|2026-03-31|2026-04-01|2026-04-02|2026-04-06|2026-04-07|2026-04-08|2026-04-09|2026-04-10|2026-04-13|2026-04-14|2026-04-15|2026-04-16|2026-04-17|2026-04-20|2026-04-21|2026-04-22|2026-04-23|2026-04-24|2026-04-27|2026-04-28|2026-04-29|2026-04-30|2026-05-01|2026-05-04,2026-05-05 19:30:02,0.0
Charter Communications,,2026-03-23|2026-03-24|2026-03-25|2026-03-26|2026-03-27|2026-03-30|2026-03-31|2026-04-01|2026-04-02|2026-04-06|2026-04-07|2026-04-08|2026-04-09|2026-04-10|2026-04-13|2026-04-14|2026-04-15|2026-04-16|2026-04-17|2026-04-20|2026-04-21|2026-04-22|2026-04-23|2026-04-24|2026-04-27|2026-04-28|2026-04-29|2026-04-30|2026-05-01|2026-05-04,2026-05-05 19:30:02,0.0
Performance Food,,2026-03-23|2026-03-24|2026-03-25|2026-03-26|2026-03-27|2026-03-30|2026-03-31|2026-04-01|2026-04-02|2026-04-06|2026-04-07|2026-04-08|2026-04-09|2026-04-10|2026-04-13|2026-04-14|2026-04-15|2026-04-16|2026-04-17|2026-04-20|2026-04-21|2026-04-22|2026-04-23|2026-04-24|2026-04-27|2026-04-28|2026-04-29|2026-04-30|2026-05-01|2026-05-04,2026-05-05 19:30:02,0.0
American Airlines,,2026-03-23|2026-03-24|2026-03-25|2026-03-26|2026-03-27|2026-03-30|2026-03-31|2026-04-01|2026-04-02|2026-04-06|2026-04-07|2026-04-08|2026-04-09|2026-04-10|2026-04-13|2026-04-14|2026-04-15|2026-04-16|2026-04-17|2026-04-20|2026-04-21|2026-04-22|2026-04-23|2026-04-24|2026-04-27|2026-04-28|2026-04-29|2026-04-30|2026-05-01|2026-05-04,2026-05-05 19:30:02,0.0
Capital One,,2026-03-23|2026-03-24|2026-03-25|2026-03-26|2026-03-27|2026-03-30|2026-03-31|2026-04-01|2026-04-02|2026-04-06|2026-04-07|2026-04-08|2026-04-09|2026-04-10|2026-04-13|2026-04-14|2026-04-15|2026-04-16|2026-04-17|2026-04-20|2026-04-21|2026-04-22|2026-04-23|2026-04-24|2026-04-27|2026-04-28|2026-04-29|2026-04-30|2026-05-01|2026-05-04,2026-05-05 19:30:02,0.0
Cisco Systems,,2026-03-23|2026-03-24|2026-03-25|2026-03-26|2026-03-27|2026-03-30|2026-03-31|2026-04-01|2026-04-02|2026-04-06|2026-04-07|2026-04-08|2026-04-09|2026-04-10|2026-04-13|2026-04-14|2026-04-15|2026-04-16|2026-04-17|2026-04-20|2026-04-21|2026-04-22|2026-04-23|2026-04-24|2026-04-27|2026-04-28|2026-04-29|2026-04-30|2026-05-01|2026-05-04,2026-05-05 19:30:02,0.0
HP,,2026-03-23|2026-03-24|2026-03-25|2026-03-26|2026-03-27|2026-03-30|2026-03-31|2026-04-01|2026-04-02|2026-04-06|2026-04-07|2026-04-08|2026-04-09|2026-04-10|2026-04-13|2026-04-14|2026-04-15|2026-04-16|2026-04-17|2026-04-20|2026-04-21|2026-04-22|2026-04-23|2026-04-24|2026-04-27|2026-04-28|2026-04-29|2026-04-30|2026-05-01|2026-05-04,2026-05-05 19:30:02,0.0
Tyson Foods,,2026-03-23|2026-03-24|2026-03-25|2026-03-26|2026-03-27|2026-03-30|2026-03-31|2026-04-01|2026-04-02|2026-04-06|2026-04-07|2026-04-08|2026-04-09|2026-04-10|2026-04-13|2026-04-14|2026-04-15|2026-04-16|2026-04-17|2026-04-20|2026-04-21|2026-04-22|2026-04-23|2026-04-24|2026-04-27|2026-04-28|2026-04-29|2026-04-30|2026-05-01|2026-05-04,2026-05-05 19:30:02,0.0
Intel,,2026-03-23|2026-03-24|2026-03-25|2026-03-26|2026-03-27|2026-03-30|2026-03-31|2026-04-01|2026-04-02|2026-04-06|2026-04-07|2026-04-08|2026-04-09|2026-04-10|2026-04-13|2026-04-14|2026-04-15|2026-04-16|2026-04-17|2026-04-20|2026-04-21|2026-04-22|2026-04-23|2026-04-24|2026-04-27|2026-04-28|2026-04-29|2026-04-30|2026-05-01|2026-05-04,2026-05-05 19:30:02,0.0
Oracle,,2026-03-23|2026-03-24|2026-03-25|2026-03-26|2026-03-27|2026-03-30|2026-03-31|2026-04-01|2026-04-02|2026-04-06|2026-04-07|2026-04-08|2026-04-09|2026-04-10|2026-04-13|2026-04-14|2026-04-15|2026-04-16|2026-04-17|2026-04-20|2026-04-21|2026-04-22|2026-04-23|2026-04-24|2026-04-27|2026-04-28|2026-04-29|2026-04-30|2026-05-01|2026-05-04,2026-05-05 19:30:02,0.0
Broadcom,,2026-03-23|2026-03-24|2026-03-25|2026-03-26|2026-03-27|2026-03-30|2026-03-31|2026-04-01|2026-04-02|2026-04-06|2026-04-07|2026-04-08|2026-04-09|2026-04-10|2026-04-13|2026-04-14|2026-04-15|2026-04-16|2026-04-17|2026-04-20|2026-04-21|2026-04-22|2026-04-23|2026-04-24|2026-04-27|2026-04-28|2026-04-29|2026-04-30|2026-05-01|2026-05-04,2026-05-05 19:30:02,0.0
John Deere & Company,,2026-03-23|2026-03-24|2026-03-25|2026-03-26|2026-03-27|2026-03-30|2026-03-31|2026-04-01|2026-04-02|2026-04-06|2026-04-07|2026-04-08|2026-04-09|2026-04-10|2026-04-13|2026-04-14|2026-04-15|2026-04-16|2026-04-17|2026-04-20|2026-04-21|2026-04-22|2026-04-23|2026-04-24|2026-04-27|2026-04-28|2026-04-29|2026-04-30|2026-05-01|2026-05-04,2026-05-05 19:30:02,0.0
Nike,,2026-03-23|2026-03-24|2026-03-25|2026-03-26|2026-03-27|2026-03-30|2026-03-31|2026-04-01|2026-04-02|2026-04-06|2026-04-07|2026-04-08|2026-04-09|2026-04-10|2026-04-13|2026-04-14|2026-04-15|2026-04-16|2026-04-17|2026-04-20|2026-04-21|2026-04-22|2026-04-23|2026-04-24|2026-04-27|2026-04-28|2026-04-29|2026-04-30|2026-05-01|2026-05-04,2026-05-05 19:30:02,0.0
Plains GP,,2026-03-23|2026-03-24|2026-03-25|2026-03-26|2026-03-27|2026-03-30|2026-03-31|2026-04-01|2026-04-02|2026-04-06|2026-04-07|2026-04-08|2026-04-09|2026-04-10|2026-04-13|2026-04-14|2026-04-15|2026-04-16|2026-04-17|2026-04-20|2026-04-21|2026-04-22|2026-04-23|2026-04-24|2026-04-27|2026-04-28|2026-04-29|2026-04-30|2026-05-01|2026-05-04,2026-05-05 19:30:02,0.0
Bristol-Myers Squibb,,2026-03-23|2026-03-24|2026-03-25|2026-03-26|2026-03-27|2026-03-30|2026-03-31|2026-04-01|2026-04-02|2026-04-06|2026-04-07|2026-04-08|2026-04-09|2026-04-10|2026-04-13|2026-04-14|2026-04-15|2026-04-16|2026-04-17|2026-04-20|2026-04-21|2026-04-22|2026-04-23|2026-04-24|2026-04-27|2026-04-28|2026-04-29|2026-04-30|2026-05-01|2026-05-04,2026-05-05 19:30:02,0.0
Ingram Micro,,2026-03-23|2026-03-24|2026-03-25|2026-03-26|2026-03-27|2026-03-30|2026-03-31|2026-04-01|2026-04-02|2026-04-06|2026-04-07|2026-04-08|2026-04-09|2026-04-10|2026-04-13|2026-04-14|2026-04-15|2026-04-16|2026-04-17|2026-04-20|2026-04-21|2026-04-22|2026-04-23|2026-04-24|2026-04-27|2026-04-28|2026-04-29|2026-04-30|2026-05-01|2026-05-04,2026-05-05 19:30:02,0.0
General Dynamics,,2026-03-23|2026-03-24|2026-03-25|2026-03-26|2026-03-27|2026-03-30|2026-03-31|2026-04-01|2026-04-02|2026-04-06|2026-04-07|2026-04-08|2026-04-09|2026-04-10|2026-04-13|2026-04-14|2026-04-15|2026-04-16|2026-04-17|2026-04-20|2026-04-21|2026-04-22|2026-04-23|2026-04-24|2026-04-27|2026-04-28|2026-04-29|2026-04-30|2026-05-01|2026-05-04,2026-05-05 19:30:02,0.0
The Coca-Cola Company,,2026-03-23|2026-03-24|2026-03-25|2026-03-26|2026-03-27|2026-03-30|2026-03-31|2026-04-01|2026-04-02|2026-04-06|2026-04-07|2026-04-08|2026-04-09|2026-04-10|2026-04-13|2026-04-14|2026-04-15|2026-04-16|2026-04-17|2026-04-20|2026-04-21|2026-04-22|2026-04-23|2026-04-24|2026-04-27|2026-04-28|2026-04-29|2026-04-30|2026-05-01|2026-05-04,2026-05-05 19:30:02,0.0
The Travelers Indemnity Company,,2026-03-23|2026-03-24|2026-03-25|2026-03-26|2026-03-27|2026-03-30|2026-03-31|2026-04-01|2026-04-02|2026-04-06|2026-04-07|2026-04-08|2026-04-09|2026-04-10|2026-04-13|2026-04-14|2026-04-15|2026-04-16|2026-04-17|2026-04-20|2026-04-21|2026-04-22|2026-04-23|2026-04-24|2026-04-27|2026-04-28|2026-04-29|2026-04-30|2026-05-01|2026-05-04,2026-05-05 19:30:02,0.0
Eli Lilly,,2026-03-23|2026-03-24|2026-03-25|2026-03-26|2026-03-27|2026-03-30|2026-03-31|2026-04-01|2026-04-02|2026-04-06|2026-04-07|2026-04-08|2026-04-09|2026-04-10|2026-04-13|2026-04-14|2026-04-15|2026-04-16|2026-04-17|2026-04-20|2026-04-21|2026-04-22|2026-04-23|2026-04-24|2026-04-27|2026-04-28|2026-04-29|2026-04-30|2026-05-01|2026-05-04,2026-05-05 19:30:02,0.0
Uber Technologies,,2026-03-23|2026-03-24|2026-03-25|2026-03-26|2026-03-27|2026-03-30|2026-03-31|2026-04-01|2026-04-02|2026-04-06|2026-04-07|2026-04-08|2026-04-09|2026-04-10|2026-04-13|2026-04-14|2026-04-15|2026-04-16|2026-04-17|2026-04-20|2026-04-21|2026-04-22|2026-04-23|2026-04-24|2026-04-27|2026-04-28|2026-04-29|2026-04-30|2026-05-01|2026-05-04,2026-05-05 19:30:02,0.0
Thermo Fisher Scientific,,2026-03-23|2026-03-24|2026-03-25|2026-03-26|2026-03-27|2026-03-30|2026-03-31|2026-04-01|2026-04-02|2026-04-06|2026-04-07|2026-04-08|2026-04-09|2026-04-10|2026-04-13|2026-04-14|2026-04-15|2026-04-16|2026-04-17|2026-04-20|2026-04-21|2026-04-22|2026-04-23|2026-04-24|2026-04-27|2026-04-28|2026-04-29|2026-04-30|2026-05-01|2026-05-04,2026-05-05 19:30:02,0.0
US Bancorp,,2026-03-23|2026-03-24|2026-03-25|2026-03-26|2026-03-27|2026-03-30|2026-03-31|2026-04-01|2026-04-02|2026-04-06|2026-04-07|2026-04-08|2026-04-09|2026-04-10|2026-04-13|2026-04-14|2026-04-15|2026-04-16|2026-04-17|2026-04-20|2026-04-21|2026-04-22|2026-04-23|2026-04-24|2026-04-27|2026-04-28|2026-04-29|2026-04-30|2026-05-01|2026-05-04,2026-05-05 19:30:02,0.0
World Kinect,,2026-03-23|2026-03-24|2026-03-25|2026-03-26|2026-03-27|2026-03-30|2026-03-31|2026-04-01|2026-04-02|2026-04-06|2026-04-07|2026-04-08|2026-04-09|2026-04-10|2026-04-13|2026-04-14|2026-04-15|2026-04-16|2026-04-17|2026-04-20|2026-04-21|2026-04-22|2026-04-23|2026-04-24|2026-04-27|2026-04-28|2026-04-29|2026-04-30|2026-05-01|2026-05-04,2026-05-05 19:30:02,0.0
Abbott Laboratories,,2026-03-23|2026-03-24|2026-03-25|2026-03-26|2026-03-27|2026-03-30|2026-03-31|2026-04-01|2026-04-02|2026-04-06|2026-04-07|2026-04-08|2026-04-09|2026-04-10|2026-04-13|2026-04-14|2026-04-15|2026-04-16|2026-04-17|2026-04-20|2026-04-21|2026-04-22|2026-04-23|2026-04-24|2026-04-27|2026-04-28|2026-04-29|2026-04-30|2026-05-01|2026-05-04,2026-05-05 19:30:02,0.0
Best Buy,,2026-03-23|2026-03-24|2026-03-25|2026-03-26|2026-03-27|2026-03-30|2026-03-31|2026-04-01|2026-04-02|2026-04-06|2026-04-07|2026-04-08|2026-04-09|2026-04-10|2026-04-13|2026-04-14|2026-04-15|2026-04-16|2026-04-17|2026-04-20|2026-04-21|2026-04-22|2026-04-23|2026-04-24|2026-04-27|2026-04-28|2026-04-29|2026-04-30|2026-05-01|2026-05-04,2026-05-05 19:30:02,0.0
Northrop Grumman,,2026-03-23|2026-03-24|2026-03-25|2026-03-26|2026-03-27|2026-03-30|2026-03-31|2026-04-01|2026-04-02|2026-04-06|2026-04-07|2026-04-08|2026-04-09|2026-04-10|2026-04-13|2026-04-14|2026-04-15|2026-04-16|2026-04-17|2026-04-20|2026-04-21|2026-04-22|2026-04-23|2026-04-24|2026-04-27|2026-04-28|2026-04-29|2026-04-30|2026-05-01|2026-05-04,2026-05-05 19:30:02,0.0
Molina Healthcare,,2026-03-23|2026-03-24|2026-03-25|2026-03-26|2026-03-27|2026-03-30|2026-03-31|2026-04-01|2026-04-02|2026-04-06|2026-04-07|2026-04-08|2026-04-09|2026-04-10|2026-04-13|2026-04-14|2026-04-15|2026-04-16|2026-04-17|2026-04-20|2026-04-21|2026-04-22|2026-04-23|2026-04-24|2026-04-27|2026-04-28|2026-04-29|2026-04-30|2026-05-01|2026-05-04,2026-05-05 19:30:02,0.0
Dollar General Corporation,,2026-03-23|2026-03-24|2026-03-25|2026-03-26|2026-03-27|2026-03-30|2026-03-31|2026-04-01|2026-04-02|2026-04-06|2026-04-07|2026-04-08|2026-04-09|2026-04-10|2026-04-13|2026-04-14|2026-04-15|2026-04-16|2026-04-17|2026-04-20|2026-04-21|2026-04-22|2026-04-23|2026-04-24|2026-04-27|2026-04-28|2026-04-29|2026-04-30|2026-05-01|2026-05-04,2026-05-05 19:30:02,0.0
Bank of New York Mellon,,2026-03-23|2026-03-24|2026-03-25|2026-03-26|2026-03-27|2026-03-30|2026-03-31|2026-04-01|2026-04-02|2026-04-06|2026-04-07|2026-04-08|2026-04-09|2026-04-10|2026-04-13|2026-04-14|2026-04-15|2026-04-16|2026-04-17|2026-04-20|2026-04-21|2026-04-22|2026-04-23|2026-04-24|2026-04-27|2026-04-28|2026-04-29|2026-04-30|2026-05-01|2026-05-04,2026-05-05 19:30:02,0.0
Warner Bros Discovery,,2026-03-23|2026-03-24|2026-03-25|2026-03-26|2026-03-27|2026-03-30|2026-03-31|2026-04-01|2026-04-02|2026-04-06|2026-04-07|2026-04-08|2026-04-09|2026-04-10|2026-04-13|2026-04-14|2026-04-15|2026-04-16|2026-04-17|2026-04-20|2026-04-21|2026-04-22|2026-04-23|2026-04-24|2026-04-27|2026-04-28|2026-04-29|2026-04-30|2026-05-01|2026-05-04,2026-05-05 19:30:02,0.0
Netflix,,2026-03-23|2026-03-24|2026-03-25|2026-03-26|2026-03-27|2026-03-30|2026-03-31|2026-04-01|2026-04-02|2026-04-06|2026-04-07|2026-04-08|2026-04-09|2026-04-10|2026-04-13|2026-04-14|2026-04-15|2026-04-16|2026-04-17|2026-04-20|2026-04-21|2026-04-22|2026-04-23|2026-04-24|2026-04-27|2026-04-28|2026-04-29|2026-04-30|2026-05-01|2026-05-04,2026-05-05 19:30:02,0.0
Qualcomm,,2026-03-23|2026-03-24|2026-03-25|2026-03-26|2026-03-27|2026-03-30|2026-03-31|2026-04-01|2026-04-02|2026-04-06|2026-04-07|2026-04-08|2026-04-09|2026-04-10|2026-04-13|2026-04-14|2026-04-15|2026-04-16|2026-04-17|2026-04-20|2026-04-21|2026-04-22|2026-04-23|2026-04-24|2026-04-27|2026-04-28|2026-04-29|2026-04-30|2026-05-01|2026-05-04,2026-05-05 19:30:02,0.0
Honeywell,,2026-03-23|2026-03-24|2026-03-25|2026-03-26|2026-03-27|2026-03-30|2026-03-31|2026-04-01|2026-04-02|2026-04-06|2026-04-07|2026-04-08|2026-04-09|2026-04-10|2026-04-13|2026-04-14|2026-04-15|2026-04-16|2026-04-17|2026-04-20|2026-04-21|2026-04-22|2026-04-23|2026-04-24|2026-04-27|2026-04-28|2026-04-29|2026-04-30|2026-05-01|2026-05-04,2026-05-05 19:30:02,0.0
Salesforce,,2026-03-23|2026-03-24|2026-03-25|2026-03-26|2026-03-27|2026-03-30|2026-03-31|2026-04-01|2026-04-02|2026-04-06|2026-04-07|2026-04-08|2026-04-09|2026-04-10|2026-04-13|2026-04-14|2026-04-15|2026-04-16|2026-04-17|2026-04-20|2026-04-21|2026-04-22|2026-04-23|2026-04-24|2026-04-27|2026-04-28|2026-04-29|2026-04-30|2026-05-01|2026-05-04,2026-05-05 19:30:02,0.0
Philip Morris International,,2026-03-23|2026-03-24|2026-03-25|2026-03-26|2026-03-27|2026-03-30|2026-03-31|2026-04-01|2026-04-02|2026-04-06|2026-04-07|2026-04-08|2026-04-09|2026-04-10|2026-04-13|2026-04-14|2026-04-15|2026-04-16|2026-04-17|2026-04-20|2026-04-21|2026-04-22|2026-04-23|2026-04-24|2026-04-27|2026-04-28|2026-04-29|2026-04-30|2026-05-01|2026-05-04,2026-05-05 19:30:02,0.0
US Foods,,2026-03-23|2026-03-24|2026-03-25|2026-03-26|2026-03-27|2026-03-30|2026-03-31|2026-04-01|2026-04-02|2026-04-06|2026-04-07|2026-04-08|2026-04-09|2026-04-10|2026-04-13|2026-04-14|2026-04-15|2026-04-16|2026-04-17|2026-04-20|2026-04-21|2026-04-22|2026-04-23|2026-04-24|2026-04-27|2026-04-28|2026-04-29|2026-04-30|2026-05-01|2026-05-04,2026-05-05 19:30:02,0.0
DR Horton Inc,,2026-03-23|2026-03-24|2026-03-25|2026-03-26|2026-03-27|2026-03-30|2026-03-31|2026-04-01|2026-04-02|2026-04-06|2026-04-07|2026-04-08|2026-04-09|2026-04-10|2026-04-13|2026-04-14|2026-04-15|2026-04-16|2026-04-17|2026-04-20|2026-04-21|2026-04-22|2026-04-23|2026-04-24|2026-04-27|2026-04-28|2026-04-29|2026-04-30|2026-05-01|2026-05-04,2026-05-05 19:30:02,0.0
Lithia Motors,,2026-03-23|2026-03-24|2026-03-25|2026-03-26|2026-03-27|2026-03-30|2026-03-31|2026-04-01|2026-04-02|2026-04-06|2026-04-07|2026-04-08|2026-04-09|2026-04-10|2026-04-13|2026-04-14|2026-04-15|2026-04-16|2026-04-17|2026-04-20|2026-04-21|2026-04-22|2026-04-23|2026-04-24|2026-04-27|2026-04-28|2026-04-29|2026-04-30|2026-05-01|2026-05-04,2026-05-05 19:30:02,0.0
Mondelez,,2026-03-23|2026-03-24|2026-03-25|2026-03-26|2026-03-27|2026-03-30|2026-03-31|2026-04-01|2026-04-02|2026-04-06|2026-04-07|2026-04-08|2026-04-09|2026-04-10|2026-04-13|2026-04-14|2026-04-15|2026-04-16|2026-04-17|2026-04-20|2026-04-21|2026-04-22|2026-04-23|2026-04-24|2026-04-27|2026-04-28|2026-04-29|2026-04-30|2026-05-01|2026-05-04,2026-05-05 19:30:02,0.0
Starbucks,,2026-03-23|2026-03-24|2026-03-25|2026-03-26|2026-03-27|2026-03-30|2026-03-31|2026-04-01|2026-04-02|2026-04-06|2026-04-07|2026-04-08|2026-04-09|2026-04-10|2026-04-13|2026-04-14|2026-04-15|2026-04-16|2026-04-17|2026-04-20|2026-04-21|2026-04-22|2026-04-23|2026-04-24|2026-04-27|2026-04-28|2026-04-29|2026-04-30|2026-05-01|2026-05-04,2026-05-05 19:30:02,0.0
Visa Inc,,2026-03-23|2026-03-24|2026-03-25|2026-03-26|2026-03-27|2026-03-30|2026-03-31|2026-04-01|2026-04-02|2026-04-06|2026-04-07|2026-04-08|2026-04-09|2026-04-10|2026-04-13|2026-04-14|2026-04-15|2026-04-16|2026-04-17|2026-04-20|2026-04-21|2026-04-22|2026-04-23|2026-04-24|2026-04-27|2026-04-28|2026-04-29|2026-04-30|2026-05-01|2026-05-04,2026-05-05 19:30:02,0.0
CBRE Group,,2026-03-23|2026-03-24|2026-03-25|2026-03-26|2026-03-27|2026-03-30|2026-03-31|2026-04-01|2026-04-02|2026-04-06|2026-04-07|2026-04-08|2026-04-09|2026-04-10|2026-04-13|2026-04-14|2026-04-15|2026-04-16|2026-04-17|2026-04-20|2026-04-21|2026-04-22|2026-04-23|2026-04-24|2026-04-27|2026-04-28|2026-04-29|2026-04-30|2026-05-01|2026-05-04,2026-05-05 19:30:02,0.0
Lennar,,2026-03-23|2026-03-24|2026-03-25|2026-03-26|2026-03-27|2026-03-30|2026-03-31|2026-04-01|2026-04-02|2026-04-06|2026-04-07|2026-04-08|2026-04-09|2026-04-10|2026-04-13|2026-04-14|2026-04-15|2026-04-16|2026-04-17|2026-04-20|2026-04-21|2026-04-22|2026-04-23|2026-04-24|2026-04-27|2026-04-28|2026-04-29|2026-04-30|2026-05-01|2026-05-04,2026-05-05 19:30:02,0.0
GE Vernova,,2026-03-23|2026-03-24|2026-03-25|2026-03-26|2026-03-27|2026-03-30|2026-03-31|2026-04-01|2026-04-02|2026-04-06|2026-04-07|2026-04-08|2026-04-09|2026-04-10|2026-04-13|2026-04-14|2026-04-15|2026-04-16|2026-04-17|2026-04-20|2026-04-21|2026-04-22|2026-04-23|2026-04-24|2026-04-27|2026-04-28|2026-04-29|2026-04-30|2026-05-01|2026-05-04,2026-05-05 19:30:02,0.0
PNC Financial Services,,2026-03-23|2026-03-24|2026-03-25|2026-03-26|2026-03-27|2026-03-30|2026-03-31|2026-04-01|2026-04-02|2026-04-06|2026-04-07|2026-04-08|2026-04-09|2026-04-10|2026-04-13|2026-04-14|2026-04-15|2026-04-16|2026-04-17|2026-04-20|2026-04-21|2026-04-22|2026-04-23|2026-04-24|2026-04-27|2026-04-28|2026-04-29|2026-04-30|2026-05-01|2026-05-04,2026-05-05 19:30:02,0.0
Cummins Inc,,2026-03-23|2026-03-24|2026-03-25|2026-03-26|2026-03-27|2026-03-30|2026-03-31|2026-04-01|2026-04-02|2026-04-06|2026-04-07|2026-04-08|2026-04-09|2026-04-10|2026-04-13|2026-04-14|2026-04-15|2026-04-16|2026-04-17|2026-04-20|2026-04-21|2026-04-22|2026-04-23|2026-04-24|2026-04-27|2026-04-28|2026-04-29|2026-04-30|2026-05-01|2026-05-04,2026-05-05 19:30:02,0.0
Paccar,,2026-03-23|2026-03-24|2026-03-25|2026-03-26|2026-03-27|2026-03-30|2026-03-31|2026-04-01|2026-04-02|2026-04-06|2026-04-07|2026-04-08|2026-04-09|2026-04-10|2026-04-13|2026-04-14|2026-04-15|2026-04-16|2026-04-17|2026-04-20|2026-04-21|2026-04-22|2026-04-23|2026-04-24|2026-04-27|2026-04-28|2026-04-29|2026-04-30|2026-05-01|2026-05-04,2026-05-05 19:30:02,0.0
Amgen,,2026-03-23|2026-03-24|2026-03-25|2026-03-26|2026-03-27|2026-03-30|2026-03-31|2026-04-01|2026-04-02|2026-04-06|2026-04-07|2026-04-08|2026-04-09|2026-04-10|2026-04-13|2026-04-14|2026-04-15|2026-04-16|2026-04-17|2026-04-20|2026-04-21|2026-04-22|2026-04-23|2026-04-24|2026-04-27|2026-04-28|2026-04-29|2026-04-30|2026-05-01|2026-05-04,2026-05-05 19:30:02,0.0
PBF Energy,,2026-03-23|2026-03-24|2026-03-25|2026-03-26|2026-03-27|2026-03-30|2026-03-31|2026-04-01|2026-04-02|2026-04-06|2026-04-07|2026-04-08|2026-04-09|2026-04-10|2026-04-13|2026-04-14|2026-04-15|2026-04-16|2026-04-17|2026-04-20|2026-04-21|2026-04-22|2026-04-23|2026-04-24|2026-04-27|2026-04-28|2026-04-29|2026-04-30|2026-05-01|2026-05-04,2026-05-05 19:30:02,0.0
PayPal,,2026-03-23|2026-03-24|2026-03-25|2026-03-26|2026-03-27|2026-03-30|2026-03-31|2026-04-01|2026-04-02|2026-04-06|2026-04-07|2026-04-08|2026-04-09|2026-04-10|2026-04-13|2026-04-14|2026-04-15|2026-04-16|2026-04-17|2026-04-20|2026-04-21|2026-04-22|2026-04-23|2026-04-24|2026-04-27|2026-04-28|2026-04-29|2026-04-30|2026-05-01|2026-05-04,2026-05-05 19:30:02,0.0
United Natural Foods,,2026-03-23|2026-03-24|2026-03-25|2026-03-26|2026-03-27|2026-03-30|2026-03-31|2026-04-01|2026-04-02|2026-04-06|2026-04-07|2026-04-08|2026-04-09|2026-04-10|2026-04-13|2026-04-14|2026-04-15|2026-04-16|2026-04-17|2026-04-20|2026-04-21|2026-04-22|2026-04-23|2026-04-24|2026-04-27|2026-04-28|2026-04-29|2026-04-30|2026-05-01|2026-05-04,2026-05-05 19:30:02,0.0
Dollar Tree,,2026-03-23|2026-03-24|2026-03-25|2026-03-26|2026-03-27|2026-03-30|2026-03-31|2026-04-01|2026-04-02|2026-04-06|2026-04-07|2026-04-08|2026-04-09|2026-04-10|2026-04-13|2026-04-14|2026-04-15|2026-04-16|2026-04-17|2026-04-20|2026-04-21|2026-04-22|2026-04-23|2026-04-24|2026-04-27|2026-04-28|2026-04-29|2026-04-30|2026-05-01|2026-05-04,2026-05-05 19:30:02,0.0
Nucor,,2026-03-23|2026-03-24|2026-03-25|2026-03-26|2026-03-27|2026-03-30|2026-03-31|2026-04-01|2026-04-02|2026-04-06|2026-04-07|2026-04-08|2026-04-09|2026-04-10|2026-04-13|2026-04-14|2026-04-15|2026-04-16|2026-04-17|2026-04-20|2026-04-21|2026-04-22|2026-04-23|2026-04-24|2026-04-27|2026-04-28|2026-04-29|2026-04-30|2026-05-01|2026-05-04,2026-05-05 19:30:02,0.0
Penske Automotive,,2026-03-23|2026-03-24|2026-03-25|2026-03-26|2026-03-27|2026-03-30|2026-03-31|2026-04-01|2026-04-02|2026-04-06|2026-04-07|2026-04-08|2026-04-09|2026-04-10|2026-04-13|2026-04-14|2026-04-15|2026-04-16|2026-04-17|2026-04-20|2026-04-21|2026-04-22|2026-04-23|2026-04-24|2026-04-27|2026-04-28|2026-04-29|2026-04-30|2026-05-01|2026-05-04,2026-05-05 19:30:02,0.0
Coupang,,2026-03-23|2026-03-24|2026-03-25|2026-03-26|2026-03-27|2026-03-30|2026-03-31|2026-04-01|2026-04-02|2026-04-06|2026-04-07|2026-04-08|2026-04-09|2026-04-10|2026-04-13|2026-04-14|2026-04-15|2026-04-16|2026-04-17|2026-04-20|2026-04-21|2026-04-22|2026-04-23|2026-04-24|2026-04-27|2026-04-28|2026-04-29|2026-04-30|2026-05-01|2026-05-04,2026-05-05 19:30:02,0.0
Hewlett Packard Enterprise,,2026-03-23|2026-03-24|2026-03-25|2026-03-26|2026-03-27|2026-03-30|2026-03-31|2026-04-01|2026-04-02|2026-04-06|2026-04-07|2026-04-08|2026-04-09|2026-04-10|2026-04-13|2026-04-14|2026-04-15|2026-04-16|2026-04-17|2026-04-20|2026-04-21|2026-04-22|2026-04-23|2026-04-24|2026-04-27|2026-04-28|2026-04-29|2026-04-30|2026-05-01|2026-05-04,2026-05-05 19:30:02,0.0
Duke Energy Corporation,,2026-03-23|2026-03-24|2026-03-25|2026-03-26|2026-03-27|2026-03-30|2026-03-31|2026-04-01|2026-04-02|2026-04-06|2026-04-07|2026-04-08|2026-04-09|2026-04-10|2026-04-13|2026-04-14|2026-04-15|2026-04-16|2026-04-17|2026-04-20|2026-04-21|2026-04-22|2026-04-23|2026-04-24|2026-04-27|2026-04-28|2026-04-29|2026-04-30|2026-05-01|2026-05-04,2026-05-05 19:30:02,0.0
KKR & Co,,2026-03-23|2026-03-24|2026-03-25|2026-03-26|2026-03-27|2026-03-30|2026-03-31|2026-04-01|2026-04-02|2026-04-06|2026-04-07|2026-04-08|2026-04-09|2026-04-10|2026-04-13|2026-04-14|2026-04-15|2026-04-16|2026-04-17|2026-04-20|2026-04-21|2026-04-22|2026-04-23|2026-04-24|2026-04-27|2026-04-28|2026-04-29|2026-04-30|2026-05-01|2026-05-04,2026-05-05 19:30:02,0.0
Ferguson Enterprises,,2026-03-23|2026-03-24|2026-03-25|2026-03-26|2026-03-27|2026-03-30|2026-03-31|2026-04-01|2026-04-02|2026-04-06|2026-04-07|2026-04-08|2026-04-09|2026-04-10|2026-04-13|2026-04-14|2026-04-15|2026-04-16|2026-04-17|2026-04-20|2026-04-21|2026-04-22|2026-04-23|2026-04-24|2026-04-27|2026-04-28|2026-04-29|2026-04-30|2026-05-01|2026-05-04,2026-05-05 19:30:02,0.0
Jabil,,2026-03-23|2026-03-24|2026-03-25|2026-03-26|2026-03-27|2026-03-30|2026-03-31|2026-04-01|2026-04-02|2026-04-06|2026-04-07|2026-04-08|2026-04-09|2026-04-10|2026-04-13|2026-04-14|2026-04-15|2026-04-16|2026-04-17|2026-04-20|2026-04-21|2026-04-22|2026-04-23|2026-04-24|2026-04-27|2026-04-28|2026-04-29|2026-04-30|2026-05-01|2026-05-04,2026-05-05 19:30:02,0.0
Gilead Sciences,,2026-03-23|2026-03-24|2026-03-25|2026-03-26|2026-03-27|2026-03-30|2026-03-31|2026-04-01|2026-04-02|2026-04-06|2026-04-07|2026-04-08|2026-04-09|2026-04-10|2026-04-13|2026-04-14|2026-04-15|2026-04-16|2026-04-17|2026-04-20|2026-04-21|2026-04-22|2026-04-23|2026-04-24|2026-04-27|2026-04-28|2026-04-29|2026-04-30|2026-05-01|2026-05-04,2026-05-05 19:30:02,0.0
HF Sinclair,,2026-03-23|2026-03-24|2026-03-25|2026-03-26|2026-03-27|2026-03-30|2026-03-31|2026-04-01|2026-04-02|2026-04-06|2026-04-07|2026-04-08|2026-04-09|2026-04-10|2026-04-13|2026-04-14|2026-04-15|2026-04-16|2026-04-17|2026-04-20|2026-04-21|2026-04-22|2026-04-23|2026-04-24|2026-04-27|2026-04-28|2026-04-29|2026-04-30|2026-05-01|2026-05-04,2026-05-05 19:30:02,0.0
CarMax,,2026-03-23|2026-03-24|2026-03-25|2026-03-26|2026-03-27|2026-03-30|2026-03-31|2026-04-01|2026-04-02|2026-04-06|2026-04-07|2026-04-08|2026-04-09|2026-04-10|2026-04-13|2026-04-14|2026-04-15|2026-04-16|2026-04-17|2026-04-20|2026-04-21|2026-04-22|2026-04-23|2026-04-24|2026-04-27|2026-04-28|2026-04-29|2026-04-30|2026-05-01|2026-05-04,2026-05-05 19:30:02,0.0
Mastercard,,2026-03-23|2026-03-24|2026-03-25|2026-03-26|2026-03-27|2026-03-30|2026-03-31|2026-04-01|2026-04-02|2026-04-06|2026-04-07|2026-04-08|2026-04-09|2026-04-10|2026-04-13|2026-04-14|2026-04-15|2026-04-16|2026-04-17|2026-04-20|2026-04-21|2026-04-22|2026-04-23|2026-04-24|2026-04-27|2026-04-28|2026-04-29|2026-04-30|2026-05-01|2026-05-04,2026-05-05 19:30:02,0.0
NRG Energy,,2026-03-23|2026-03-24|2026-03-25|2026-03-26|2026-03-27|2026-03-30|2026-03-31|2026-04-01|2026-04-02|2026-04-06|2026-04-07|2026-04-08|2026-04-09|2026-04-10|2026-04-13|2026-04-14|2026-04-15|2026-04-16|2026-04-17|2026-04-20|2026-04-21|2026-04-22|2026-04-23|2026-04-24|2026-04-27|2026-04-28|2026-04-29|2026-04-30|2026-05-01|2026-05-04,2026-05-05 19:30:02,0.0
Arrow Electronics,,2026-03-23|2026-03-24|2026-03-25|2026-03-26|2026-03-27|2026-03-30|2026-03-31|2026-04-01|2026-04-02|2026-04-06|2026-04-07|2026-04-08|2026-04-09|2026-04-10|2026-04-13|2026-04-14|2026-04-15|2026-04-16|2026-04-17|2026-04-20|2026-04-21|2026-04-22|2026-04-23|2026-04-24|2026-04-27|2026-04-28|2026-04-29|2026-04-30|2026-05-01|2026-05-04,2026-05-05 19:30:02,0.0
Baker Hughes,,2026-03-23|2026-03-24|2026-03-25|2026-03-26|2026-03-27|2026-03-30|2026-03-31|2026-04-01|2026-04-02|2026-04-06|2026-04-07|2026-04-08|2026-04-09|2026-04-10|2026-04-13|2026-04-14|2026-04-15|2026-04-16|2026-04-17|2026-04-20|2026-04-21|2026-04-22|2026-04-23|2026-04-24|2026-04-27|2026-04-28|2026-04-29|2026-04-30|2026-05-01|2026-05-04,2026-05-05 19:30:02,0.0
Southwest Airlines,,2026-03-23|2026-03-24|2026-03-25|2026-03-26|2026-03-27|2026-03-30|2026-03-31|2026-04-01|2026-04-02|2026-04-06|2026-04-07|2026-04-08|2026-04-09|2026-04-10|2026-04-13|2026-04-14|2026-04-15|2026-04-16|2026-04-17|2026-04-20|2026-04-21|2026-04-22|2026-04-23|2026-04-24|2026-04-27|2026-04-28|2026-04-29|2026-04-30|2026-05-01|2026-05-04,2026-05-05 19:30:02,0.0
AIG,,2026-03-23|2026-03-24|2026-03-25|2026-03-26|2026-03-27|2026-03-30|2026-03-31|2026-04-01|2026-04-02|2026-04-06|2026-04-07|2026-04-08|2026-04-09|2026-04-10|2026-04-13|2026-04-14|2026-04-15|2026-04-16|2026-04-17|2026-04-20|2026-04-21|2026-04-22|2026-04-23|2026-04-24|2026-04-27|2026-04-28|2026-04-29|2026-04-30|2026-05-01|2026-05-04,2026-05-05 19:30:02,0.0
Applied Materials,,2026-03-23|2026-03-24|2026-03-25|2026-03-26|2026-03-27|2026-03-30|2026-03-31|2026-04-01|2026-04-02|2026-04-06|2026-04-07|2026-04-08|2026-04-09|2026-04-10|2026-04-13|2026-04-14|2026-04-15|2026-04-16|2026-04-17|2026-04-20|2026-04-21|2026-04-22|2026-04-23|2026-04-24|2026-04-27|2026-04-28|2026-04-29|2026-04-30|2026-05-01|2026-05-04,2026-05-05 19:30:02,0.0
Occidental Petroleum,,2026-03-23|2026-03-24|2026-03-25|2026-03-26|2026-03-27|2026-03-30|2026-03-31|2026-04-01|2026-04-02|2026-04-06|2026-04-07|2026-04-08|2026-04-09|2026-04-10|2026-04-13|2026-04-14|2026-04-15|2026-04-16|2026-04-17|2026-04-20|2026-04-21|2026-04-22|2026-04-23|2026-04-24|2026-04-27|2026-04-28|2026-04-29|2026-04-30|2026-05-01|2026-05-04,2026-05-05 19:30:02,0.0
AutoNation,,2026-03-23|2026-03-24|2026-03-25|2026-03-26|2026-03-27|2026-03-30|2026-03-31|2026-04-01|2026-04-02|2026-04-06|2026-04-07|2026-04-08|2026-04-09|2026-04-10|2026-04-13|2026-04-14|2026-04-15|2026-04-16|2026-04-17|2026-04-20|2026-04-21|2026-04-22|2026-04-23|2026-04-24|2026-04-27|2026-04-28|2026-04-29|2026-04-30|2026-05-01|2026-05-04,2026-05-05 19:30:02,0.0
Southern Company,,2026-03-23|2026-03-24|2026-03-25|2026-03-26|2026-03-27|2026-03-30|2026-03-31|2026-04-01|2026-04-02|2026-04-06|2026-04-07|2026-04-08|2026-04-09|2026-04-10|2026-04-13|2026-04-14|2026-04-15|2026-04-16|2026-04-17|2026-04-20|2026-04-21|2026-04-22|2026-04-23|2026-04-24|2026-04-27|2026-04-28|2026-04-29|2026-04-30|2026-05-01|2026-05-04,2026-05-05 19:30:02,0.0
The Hartford Insurance,,2026-03-23|2026-03-24|2026-03-25|2026-03-26|2026-03-27|2026-03-30|2026-03-31|2026-04-01|2026-04-02|2026-04-06|2026-04-07|2026-04-08|2026-04-09|2026-04-10|2026-04-13|2026-04-14|2026-04-15|2026-04-16|2026-04-17|2026-04-20|2026-04-21|2026-04-22|2026-04-23|2026-04-24|2026-04-27|2026-04-28|2026-04-29|2026-04-30|2026-05-01|2026-05-04,2026-05-05 19:30:02,0.0
Apollo Global Management,,2026-03-23|2026-03-24|2026-03-25|2026-03-26|2026-03-27|2026-03-30|2026-03-31|2026-04-01|2026-04-02|2026-04-06|2026-04-07|2026-04-08|2026-04-09|2026-04-10|2026-04-13|2026-04-14|2026-04-15|2026-04-16|2026-04-17|2026-04-20|2026-04-21|2026-04-22|2026-04-23|2026-04-24|2026-04-27|2026-04-28|2026-04-29|2026-04-30|2026-05-01|2026-05-04,2026-05-05 19:30:02,0.0
Charles Schwab,,2026-03-23|2026-03-24|2026-03-25|2026-03-26|2026-03-27|2026-03-30|2026-03-31|2026-04-01|2026-04-02|2026-04-06|2026-04-07|2026-04-08|2026-04-09|2026-04-10|2026-04-13|2026-04-14|2026-04-15|2026-04-16|2026-04-17|2026-04-20|2026-04-21|2026-04-22|2026-04-23|2026-04-24|2026-04-27|2026-04-28|2026-04-29|2026-04-30|2026-05-01|2026-05-04,2026-05-05 19:30:02,0.0
McDonalds,,2026-03-23|2026-03-24|2026-03-25|2026-03-26|2026-03-27|2026-03-30|2026-03-31|2026-04-01|2026-04-02|2026-04-06|2026-04-07|2026-04-08|2026-04-09|2026-04-10|2026-04-13|2026-04-14|2026-04-15|2026-04-16|2026-04-17|2026-04-20|2026-04-21|2026-04-22|2026-04-23|2026-04-24|2026-04-27|2026-04-28|2026-04-29|2026-04-30|2026-05-01|2026-05-04,2026-05-05 19:30:02,0.0
Kraft Heinz,,2026-03-23|2026-03-24|2026-03-25|2026-03-26|2026-03-27|2026-03-30|2026-03-31|2026-04-01|2026-04-02|2026-04-06|2026-04-07|2026-04-08|2026-04-09|2026-04-10|2026-04-13|2026-04-14|2026-04-15|2026-04-16|2026-04-17|2026-04-20|2026-04-21|2026-04-22|2026-04-23|2026-04-24|2026-04-27|2026-04-28|2026-04-29|2026-04-30|2026-05-01|2026-05-04,2026-05-05 19:30:02,0.0
Advanced Micro Devices,,2026-03-23|2026-03-24|2026-03-25|2026-03-26|2026-03-27|2026-03-30|2026-03-31|2026-04-01|2026-04-02|2026-04-06|2026-04-07|2026-04-08|2026-04-09|2026-04-10|2026-04-13|2026-04-14|2026-04-15|2026-04-16|2026-04-17|2026-04-20|2026-04-21|2026-04-22|2026-04-23|2026-04-24|2026-04-27|2026-04-28|2026-04-29|2026-04-30|2026-05-01|2026-05-04,2026-05-05 19:30:02,0.0
Truist Financial,,2026-03-23|2026-03-24|2026-03-25|2026-03-26|2026-03-27|2026-03-30|2026-03-31|2026-04-01|2026-04-02|2026-04-06|2026-04-07|2026-04-08|2026-04-09|2026-04-10|2026-04-13|2026-04-14|2026-04-15|2026-04-16|2026-04-17|2026-04-20|2026-04-21|2026-04-22|2026-04-23|2026-04-24|2026-04-27|2026-04-28|2026-04-29|2026-04-30|2026-05-01|2026-05-04,2026-05-05 19:30:02,0.0
Freeport-McMoRan,,2026-03-23|2026-03-24|2026-03-25|2026-03-26|2026-03-27|2026-03-30|2026-03-31|2026-04-01|2026-04-02|2026-04-06|2026-04-07|2026-04-08|2026-04-09|2026-04-10|2026-04-13|2026-04-14|2026-04-15|2026-04-16|2026-04-17|2026-04-20|2026-04-21|2026-04-22|2026-04-23|2026-04-24|2026-04-27|2026-04-28|2026-04-29|2026-04-30|2026-05-01|2026-05-04,2026-05-05 19:30:02,0.0
Micron Technology,,2026-03-23|2026-03-24|2026-03-25|2026-03-26|2026-03-27|2026-03-30|2026-03-31|2026-04-01|2026-04-02|2026-04-06|2026-04-07|2026-04-08|2026-04-09|2026-04-10|2026-04-13|2026-04-14|2026-04-15|2026-04-16|2026-04-17|2026-04-20|2026-04-21|2026-04-22|2026-04-23|2026-04-24|2026-04-27|2026-04-28|2026-04-29|2026-04-30|2026-05-01|2026-05-04,2026-05-05 19:30:02,0.0
Marriott International,,2026-03-23|2026-03-24|2026-03-25|2026-03-26|2026-03-27|2026-03-30|2026-03-31|2026-04-01|2026-04-02|2026-04-06|2026-04-07|2026-04-08|2026-04-09|2026-04-10|2026-04-13|2026-04-14|2026-04-15|2026-04-16|2026-04-17|2026-04-20|2026-04-21|2026-04-22|2026-04-23|2026-04-24|2026-04-27|2026-04-28|2026-04-29|2026-04-30|2026-05-01|2026-05-04,2026-05-05 19:30:02,0.0
Carrier Global,,2026-03-23|2026-03-24|2026-03-25|2026-03-26|2026-03-27|2026-03-30|2026-03-31|2026-04-01|2026-04-02|2026-04-06|2026-04-07|2026-04-08|2026-04-09|2026-04-10|2026-04-13|2026-04-14|2026-04-15|2026-04-16|2026-04-17|2026-04-20|2026-04-21|2026-04-22|2026-04-23|2026-04-24|2026-04-27|2026-04-28|2026-04-29|2026-04-30|2026-05-01|2026-05-04,2026-05-05 19:30:02,0.0
NextEra Energy,,2026-03-23|2026-03-24|2026-03-25|2026-03-26|2026-03-27|2026-03-30|2026-03-31|2026-04-01|2026-04-02|2026-04-06|2026-04-07|2026-04-08|2026-04-09|2026-04-10|2026-04-13|2026-04-14|2026-04-15|2026-04-16|2026-04-17|2026-04-20|2026-04-21|2026-04-22|2026-04-23|2026-04-24|2026-04-27|2026-04-28|2026-04-29|2026-04-30|2026-05-01|2026-05-04,2026-05-05 19:30:02,0.0
3M Company,,2026-03-23|2026-03-24|2026-03-25|2026-03-26|2026-03-27|2026-03-30|2026-03-31|2026-04-01|2026-04-02|2026-04-06|2026-04-07|2026-04-08|2026-04-09|2026-04-10|2026-04-13|2026-04-14|2026-04-15|2026-04-16|2026-04-17|2026-04-20|2026-04-21|2026-04-22|2026-04-23|2026-04-24|2026-04-27|2026-04-28|2026-04-29|2026-04-30|2026-05-01|2026-05-04,2026-05-05 19:30:02,0.0
Pacific Gas and Electric Company,,2026-03-23|2026-03-24|2026-03-25|2026-03-26|2026-03-27|2026-03-30|2026-03-31|2026-04-01|2026-04-02|2026-04-06|2026-04-07|2026-04-08|2026-04-09|2026-04-10|2026-04-13|2026-04-14|2026-04-15|2026-04-16|2026-04-17|2026-04-20|2026-04-21|2026-04-22|2026-04-23|2026-04-24|2026-04-27|2026-04-28|2026-04-29|2026-04-30|2026-05-01|2026-05-04,2026-05-05 19:30:02,0.0
Union Pacific,,2026-03-23|2026-03-24|2026-03-25|2026-03-26|2026-03-27|2026-03-30|2026-03-31|2026-04-01|2026-04-02|2026-04-06|2026-04-07|2026-04-08|2026-04-09|2026-04-10|2026-04-13|2026-04-14|2026-04-15|2026-04-16|2026-04-17|2026-04-20|2026-04-21|2026-04-22|2026-04-23|2026-04-24|2026-04-27|2026-04-28|2026-04-29|2026-04-30|2026-05-01|2026-05-04,2026-05-05 19:30:02,0.0
Synchrony Financial,,2026-03-23|2026-03-24|2026-03-25|2026-03-26|2026-03-27|2026-03-30|2026-03-31|2026-04-01|2026-04-02|2026-04-06|2026-04-07|2026-04-08|2026-04-09|2026-04-10|2026-04-13|2026-04-14|2026-04-15|2026-04-16|2026-04-17|2026-04-20|2026-04-21|2026-04-22|2026-04-23|2026-04-24|2026-04-27|2026-04-28|2026-04-29|2026-04-30|2026-05-01|2026-05-04,2026-05-05 19:30:02,0.0
Danaher,,2026-03-23|2026-03-24|2026-03-25|2026-03-26|2026-03-27|2026-03-30|2026-03-31|2026-04-01|2026-04-02|2026-04-06|2026-04-07|2026-04-08|2026-04-09|2026-04-10|2026-04-13|2026-04-14|2026-04-15|2026-04-16|2026-04-17|2026-04-20|2026-04-21|2026-04-22|2026-04-23|2026-04-24|2026-04-27|2026-04-28|2026-04-29|2026-04-30|2026-05-01|2026-05-04,2026-05-05 19:30:02,0.0
Avnet,,2026-03-23|2026-03-24|2026-03-25|2026-03-26|2026-03-27|2026-03-30|2026-03-31|2026-04-01|2026-04-02|2026-04-06|2026-04-07|2026-04-08|2026-04-09|2026-04-10|2026-04-13|2026-04-14|2026-04-15|2026-04-16|2026-04-17|2026-04-20|2026-04-21|2026-04-22|2026-04-23|2026-04-24|2026-04-27|2026-04-28|2026-04-29|2026-04-30|2026-05-01|2026-05-04,2026-05-05 19:30:02,0.0
Booking Holdings,,2026-03-23|2026-03-24|2026-03-25|2026-03-26|2026-03-27|2026-03-30|2026-03-31|2026-04-01|2026-04-02|2026-04-06|2026-04-07|2026-04-08|2026-04-09|2026-04-10|2026-04-13|2026-04-14|2026-04-15|2026-04-16|2026-04-17|2026-04-20|2026-04-21|2026-04-22|2026-04-23|2026-04-24|2026-04-27|2026-04-28|2026-04-29|2026-04-30|2026-05-01|2026-05-04,2026-05-05 19:30:02,0.0
EOG Resources,,2026-03-23|2026-03-24|2026-03-25|2026-03-26|2026-03-27|2026-03-30|2026-03-31|2026-04-01|2026-04-02|2026-04-06|2026-04-07|2026-04-08|2026-04-09|2026-04-10|2026-04-13|2026-04-14|2026-04-15|2026-04-16|2026-04-17|2026-04-20|2026-04-21|2026-04-22|2026-04-23|2026-04-24|2026-04-27|2026-04-28|2026-04-29|2026-04-30|2026-05-01|2026-05-04,2026-05-05 19:30:02,0.0
Quanta Services,,2026-03-23|2026-03-24|2026-03-25|2026-03-26|2026-03-27|2026-03-30|2026-03-31|2026-04-01|2026-04-02|2026-04-06|2026-04-07|2026-04-08|2026-04-09|2026-04-10|2026-04-13|2026-04-14|2026-04-15|2026-04-16|2026-04-17|2026-04-20|2026-04-21|2026-04-22|2026-04-23|2026-04-24|2026-04-27|2026-04-28|2026-04-29|2026-04-30|2026-05-01|2026-05-04,2026-05-05 19:30:02,0.0
Constellation Energy,,2026-03-23|2026-03-24|2026-03-25|2026-03-26|2026-03-27|2026-03-30|2026-03-31|2026-04-01|2026-04-02|2026-04-06|2026-04-07|2026-04-08|2026-04-09|2026-04-10|2026-04-13|2026-04-14|2026-04-15|2026-04-16|2026-04-17|2026-04-20|2026-04-21|2026-04-22|2026-04-23|2026-04-24|2026-04-27|2026-04-28|2026-04-29|2026-04-30|2026-05-01|2026-05-04,2026-05-05 19:30:02,0.0
Genuine Parts Company,,2026-03-23|2026-03-24|2026-03-25|2026-03-26|2026-03-27|2026-03-30|2026-03-31|2026-04-01|2026-04-02|2026-04-06|2026-04-07|2026-04-08|2026-04-09|2026-04-10|2026-04-13|2026-04-14|2026-04-15|2026-04-16|2026-04-17|2026-04-20|2026-04-21|2026-04-22|2026-04-23|2026-04-24|2026-04-27|2026-04-28|2026-04-29|2026-04-30|2026-05-01|2026-05-04,2026-05-05 19:30:02,0.0
Jones Lang LaSalle,,2026-03-23|2026-03-24|2026-03-25|2026-03-26|2026-03-27|2026-03-30|2026-03-31|2026-04-01|2026-04-02|2026-04-06|2026-04-07|2026-04-08|2026-04-09|2026-04-10|2026-04-13|2026-04-14|2026-04-15|2026-04-16|2026-04-17|2026-04-20|2026-04-21|2026-04-22|2026-04-23|2026-04-24|2026-04-27|2026-04-28|2026-04-29|2026-04-30|2026-05-01|2026-05-04,2026-05-05 19:30:02,0.0
Lear Corporation,,2026-03-23|2026-03-24|2026-03-25|2026-03-26|2026-03-27|2026-03-30|2026-03-31|2026-04-01|2026-04-02|2026-04-06|2026-04-07|2026-04-08|2026-04-09|2026-04-10|2026-04-13|2026-04-14|2026-04-15|2026-04-16|2026-04-17|2026-04-20|2026-04-21|2026-04-22|2026-04-23|2026-04-24|2026-04-27|2026-04-28|2026-04-29|2026-04-30|2026-05-01|2026-05-04,2026-05-05 19:30:02,0.0
Live Nation Entertainment,,2026-03-23|2026-03-24|2026-03-25|2026-03-26|2026-03-27|2026-03-30|2026-03-31|2026-04-01|2026-04-02|2026-04-06|2026-04-07|2026-04-08|2026-04-09|2026-04-10|2026-04-13|2026-04-14|2026-04-15|2026-04-16|2026-04-17|2026-04-20|2026-04-21|2026-04-22|2026-04-23|2026-04-24|2026-04-27|2026-04-28|2026-04-29|2026-04-30|2026-05-01|2026-05-04,2026-05-05 19:30:02,0.0
Sherwin-Williams,,2026-03-23|2026-03-24|2026-03-25|2026-03-26|2026-03-27|2026-03-30|2026-03-31|2026-04-01|2026-04-02|2026-04-06|2026-04-07|2026-04-08|2026-04-09|2026-04-10|2026-04-13|2026-04-14|2026-04-15|2026-04-16|2026-04-17|2026-04-20|2026-04-21|2026-04-22|2026-04-23|2026-04-24|2026-04-27|2026-04-28|2026-04-29|2026-04-30|2026-05-01|2026-05-04,2026-05-05 19:30:02,0.0
Exelon,,2026-03-23|2026-03-24|2026-03-25|2026-03-26|2026-03-27|2026-03-30|2026-03-31|2026-04-01|2026-04-02|2026-04-06|2026-04-07|2026-04-08|2026-04-09|2026-04-10|2026-04-13|2026-04-14|2026-04-15|2026-04-16|2026-04-17|2026-04-20|2026-04-21|2026-04-22|2026-04-23|2026-04-24|2026-04-27|2026-04-28|2026-04-29|2026-04-30|2026-05-01|2026-05-04,2026-05-05 19:30:02,0.0
Macys,,2026-03-23|2026-03-24|2026-03-25|2026-03-26|2026-03-27|2026-03-30|2026-03-31|2026-04-01|2026-04-02|2026-04-06|2026-04-07|2026-04-08|2026-04-09|2026-04-10|2026-04-13|2026-04-14|2026-04-15|2026-04-16|2026-04-17|2026-04-20|2026-04-21|2026-04-22|2026-04-23|2026-04-24|2026-04-27|2026-04-28|2026-04-29|2026-04-30|2026-05-01|2026-05-04,2026-05-05 19:30:02,0.0
Halliburton,,2026-03-23|2026-03-24|2026-03-25|2026-03-26|2026-03-27|2026-03-30|2026-03-31|2026-04-01|2026-04-02|2026-04-06|2026-04-07|2026-04-08|2026-04-09|2026-04-10|2026-04-13|2026-04-14|2026-04-15|2026-04-16|2026-04-17|2026-04-20|2026-04-21|2026-04-22|2026-04-23|2026-04-24|2026-04-27|2026-04-28|2026-04-29|2026-04-30|2026-05-01|2026-05-04,2026-05-05 19:30:02,0.0
Stryker,,2026-03-23|2026-03-24|2026-03-25|2026-03-26|2026-03-27|2026-03-30|2026-03-31|2026-04-01|2026-04-02|2026-04-06|2026-04-07|2026-04-08|2026-04-09|2026-04-10|2026-04-13|2026-04-14|2026-04-15|2026-04-16|2026-04-17|2026-04-20|2026-04-21|2026-04-22|2026-04-23|2026-04-24|2026-04-27|2026-04-28|2026-04-29|2026-04-30|2026-05-01|2026-05-04,2026-05-05 19:30:02,0.0
Reinsurance Group of America,,2026-03-23|2026-03-24|2026-03-25|2026-03-26|2026-03-27|2026-03-30|2026-03-31|2026-04-01|2026-04-02|2026-04-06|2026-04-07|2026-04-08|2026-04-09|2026-04-10|2026-04-13|2026-04-14|2026-04-15|2026-04-16|2026-04-17|2026-04-20|2026-04-21|2026-04-22|2026-04-23|2026-04-24|2026-04-27|2026-04-28|2026-04-29|2026-04-30|2026-05-01|2026-05-04,2026-05-05 19:30:02,0.0
State Street,,2026-03-23|2026-03-24|2026-03-25|2026-03-26|2026-03-27|2026-03-30|2026-03-31|2026-04-01|2026-04-02|2026-04-06|2026-04-07|2026-04-08|2026-04-09|2026-04-10|2026-04-13|2026-04-14|2026-04-15|2026-04-16|2026-04-17|2026-04-20|2026-04-21|2026-04-22|2026-04-23|2026-04-24|2026-04-27|2026-04-28|2026-04-29|2026-04-30|2026-05-01|2026-05-04,2026-05-05 19:30:02,0.0
WESCO International,,2026-03-23|2026-03-24|2026-03-25|2026-03-26|2026-03-27|2026-03-30|2026-03-31|2026-04-01|2026-04-02|2026-04-06|2026-04-07|2026-04-08|2026-04-09|2026-04-10|2026-04-13|2026-04-14|2026-04-15|2026-04-16|2026-04-17|2026-04-20|2026-04-21|2026-04-22|2026-04-23|2026-04-24|2026-04-27|2026-04-28|2026-04-29|2026-04-30|2026-05-01|2026-05-04,2026-05-05 19:30:02,0.0
Oneok,,2026-03-23|2026-03-24|2026-03-25|2026-03-26|2026-03-27|2026-03-30|2026-03-31|2026-04-01|2026-04-02|2026-04-06|2026-04-07|2026-04-08|2026-04-09|2026-04-10|2026-04-13|2026-04-14|2026-04-15|2026-04-16|2026-04-17|2026-04-20|2026-04-21|2026-04-22|2026-04-23|2026-04-24|2026-04-27|2026-04-28|2026-04-29|2026-04-30|2026-05-01|2026-05-04,2026-05-05 19:30:02,0.0
Adobe,,2026-03-23|2026-03-24|2026-03-25|2026-03-26|2026-03-27|2026-03-30|2026-03-31|2026-04-01|2026-04-02|2026-04-06|2026-04-07|2026-04-08|2026-04-09|2026-04-10|2026-04-13|2026-04-14|2026-04-15|2026-04-16|2026-04-17|2026-04-20|2026-04-21|2026-04-22|2026-04-23|2026-04-24|2026-04-27|2026-04-28|2026-04-29|2026-04-30|2026-05-01|2026-05-04,2026-05-05 19:30:02,0.0
L3Harris Technologies,,2026-03-23|2026-03-24|2026-03-25|2026-03-26|2026-03-27|2026-03-30|2026-03-31|2026-04-01|2026-04-02|2026-04-06|2026-04-07|2026-04-08|2026-04-09|2026-04-10|2026-04-13|2026-04-14|2026-04-15|2026-04-16|2026-04-17|2026-04-20|2026-04-21|2026-04-22|2026-04-23|2026-04-24|2026-04-27|2026-04-28|2026-04-29|2026-04-30|2026-05-01|2026-05-04,2026-05-05 19:30:02,0.0
Ross Stores,,2026-03-23|2026-03-24|2026-03-25|2026-03-26|2026-03-27|2026-03-30|2026-03-31|2026-04-01|2026-04-02|2026-04-06|2026-04-07|2026-04-08|2026-04-09|2026-04-10|2026-04-13|2026-04-14|2026-04-15|2026-04-16|2026-04-17|2026-04-20|2026-04-21|2026-04-22|2026-04-23|2026-04-24|2026-04-27|2026-04-28|2026-04-29|2026-04-30|2026-05-01|2026-05-04,2026-05-05 19:30:02,0.0
CDW,,2026-03-23|2026-03-24|2026-03-25|2026-03-26|2026-03-27|2026-03-30|2026-03-31|2026-04-01|2026-04-02|2026-04-06|2026-04-07|2026-04-08|2026-04-09|2026-04-10|2026-04-13|2026-04-14|2026-04-15|2026-04-16|2026-04-17|2026-04-20|2026-04-21|2026-04-22|2026-04-23|2026-04-24|2026-04-27|2026-04-28|2026-04-29|2026-04-30|2026-05-01|2026-05-04,2026-05-05 19:30:02,0.0
Tenet Healthcare,,2026-03-23|2026-03-24|2026-03-25|2026-03-26|2026-03-27|2026-03-30|2026-03-31|2026-04-01|2026-04-02|2026-04-06|2026-04-07|2026-04-08|2026-04-09|2026-04-10|2026-04-13|2026-04-14|2026-04-15|2026-04-16|2026-04-17|2026-04-20|2026-04-21|2026-04-22|2026-04-23|2026-04-24|2026-04-27|2026-04-28|2026-04-29|2026-04-30|2026-05-01|2026-05-04,2026-05-05 19:30:02,0.0
BJ's Wholesale Club,,2026-03-23|2026-03-24|2026-03-25|2026-03-26|2026-03-27|2026-03-30|2026-03-31|2026-04-01|2026-04-02|2026-04-06|2026-04-07|2026-04-08|2026-04-09|2026-04-10|2026-04-13|2026-04-14|2026-04-15|2026-04-16|2026-04-17|2026-04-20|2026-04-21|2026-04-22|2026-04-23|2026-04-24|2026-04-27|2026-04-28|2026-04-29|2026-04-30|2026-05-01|2026-05-04,2026-05-05 19:30:02,0.0
Altria,,2026-03-23|2026-03-24|2026-03-25|2026-03-26|2026-03-27|2026-03-30|2026-03-31|2026-04-01|2026-04-02|2026-04-06|2026-04-07|2026-04-08|2026-04-09|2026-04-10|2026-04-13|2026-04-14|2026-04-15|2026-04-16|2026-04-17|2026-04-20|2026-04-21|2026-04-22|2026-04-23|2026-04-24|2026-04-27|2026-04-28|2026-04-29|2026-04-30|2026-05-01|2026-05-04,2026-05-05 19:30:02,0.0
BlackRock,,2026-03-23|2026-03-24|2026-03-25|2026-03-26|2026-03-27|2026-03-30|2026-03-31|2026-04-01|2026-04-02|2026-04-06|2026-04-07|2026-04-08|2026-04-09|2026-04-10|2026-04-13|2026-04-14|2026-04-15|2026-04-16|2026-04-17|2026-04-20|2026-04-21|2026-04-22|2026-04-23|2026-04-24|2026-04-27|2026-04-28|2026-04-29|2026-04-30|2026-05-01|2026-05-04,2026-05-05 19:30:02,0.0
Becton Dickinson,,2026-03-23|2026-03-24|2026-03-25|2026-03-26|2026-03-27|2026-03-30|2026-03-31|2026-04-01|2026-04-02|2026-04-06|2026-04-07|2026-04-08|2026-04-09|2026-04-10|2026-04-13|2026-04-14|2026-04-15|2026-04-16|2026-04-17|2026-04-20|2026-04-21|2026-04-22|2026-04-23|2026-04-24|2026-04-27|2026-04-28|2026-04-29|2026-04-30|2026-05-01|2026-05-04,2026-05-05 19:30:02,0.0
Colgate-Palmolive,,2026-03-23|2026-03-24|2026-03-25|2026-03-26|2026-03-27|2026-03-30|2026-03-31|2026-04-01|2026-04-02|2026-04-06|2026-04-07|2026-04-08|2026-04-09|2026-04-10|2026-04-13|2026-04-14|2026-04-15|2026-04-16|2026-04-17|2026-04-20|2026-04-21|2026-04-22|2026-04-23|2026-04-24|2026-04-27|2026-04-28|2026-04-29|2026-04-30|2026-05-01|2026-05-04,2026-05-05 19:30:02,0.0
Kimberly-Clark,,2026-03-23|2026-03-24|2026-03-25|2026-03-26|2026-03-27|2026-03-30|2026-03-31|2026-04-01|2026-04-02|2026-04-06|2026-04-07|2026-04-08|2026-04-09|2026-04-10|2026-04-13|2026-04-14|2026-04-15|2026-04-16|2026-04-17|2026-04-20|2026-04-21|2026-04-22|2026-04-23|2026-04-24|2026-04-27|2026-04-28|2026-04-29|2026-04-30|2026-05-01|2026-05-04,2026-05-05 19:30:02,0.0
Group 1 Automotive,,2026-03-23|2026-03-24|2026-03-25|2026-03-26|2026-03-27|2026-03-30|2026-03-31|2026-04-01|2026-04-02|2026-04-06|2026-04-07|2026-04-08|2026-04-09|2026-04-10|2026-04-13|2026-04-14|2026-04-15|2026-04-16|2026-04-17|2026-04-20|2026-04-21|2026-04-22|2026-04-23|2026-04-24|2026-04-27|2026-04-28|2026-04-29|2026-04-30|2026-05-01|2026-05-04,2026-05-05 19:30:02,0.0
Parker-Hannifin,,2026-03-23|2026-03-24|2026-03-25|2026-03-26|2026-03-27|2026-03-30|2026-03-31|2026-04-01|2026-04-02|2026-04-06|2026-04-07|2026-04-08|2026-04-09|2026-04-10|2026-04-13|2026-04-14|2026-04-15|2026-04-16|2026-04-17|2026-04-20|2026-04-21|2026-04-22|2026-04-23|2026-04-24|2026-04-27|2026-04-28|2026-04-29|2026-04-30|2026-05-01|2026-05-04,2026-05-05 19:30:02,0.0
General Mills,,2026-03-23|2026-03-24|2026-03-25|2026-03-26|2026-03-27|2026-03-30|2026-03-31|2026-04-01|2026-04-02|2026-04-06|2026-04-07|2026-04-08|2026-04-09|2026-04-10|2026-04-13|2026-04-14|2026-04-15|2026-04-16|2026-04-17|2026-04-20|2026-04-21|2026-04-22|2026-04-23|2026-04-24|2026-04-27|2026-04-28|2026-04-29|2026-04-30|2026-05-01|2026-05-04,2026-05-05 19:30:02,0.0
Cognizant Technology Solutions,,2026-03-23|2026-03-24|2026-03-25|2026-03-26|2026-03-27|2026-03-30|2026-03-31|2026-04-01|2026-04-02|2026-04-06|2026-04-07|2026-04-08|2026-04-09|2026-04-10|2026-04-13|2026-04-14|2026-04-15|2026-04-16|2026-04-17|2026-04-20|2026-04-21|2026-04-22|2026-04-23|2026-04-24|2026-04-27|2026-04-28|2026-04-29|2026-04-30|2026-05-01|2026-05-04,2026-05-05 19:30:02,0.0
American Electric Power,,2026-03-23|2026-03-24|2026-03-25|2026-03-26|2026-03-27|2026-03-30|2026-03-31|2026-04-01|2026-04-02|2026-04-06|2026-04-07|2026-04-08|2026-04-09|2026-04-10|2026-04-13|2026-04-14|2026-04-15|2026-04-16|2026-04-17|2026-04-20|2026-04-21|2026-04-22|2026-04-23|2026-04-24|2026-04-27|2026-04-28|2026-04-29|2026-04-30|2026-05-01|2026-05-04,2026-05-05 19:30:02,0.0
GE HealthCare Technologies,,2026-03-23|2026-03-24|2026-03-25|2026-03-26|2026-03-27|2026-03-30|2026-03-31|2026-04-01|2026-04-02|2026-04-06|2026-04-07|2026-04-08|2026-04-09|2026-04-10|2026-04-13|2026-04-14|2026-04-15|2026-04-16|2026-04-17|2026-04-20|2026-04-21|2026-04-22|2026-04-23|2026-04-24|2026-04-27|2026-04-28|2026-04-29|2026-04-30|2026-05-01|2026-05-04,2026-05-05 19:30:02,0.0
Automatic Data Processing,,2026-03-23|2026-03-24|2026-03-25|2026-03-26|2026-03-27|2026-03-30|2026-03-31|2026-04-01|2026-04-02|2026-04-06|2026-04-07|2026-04-08|2026-04-09|2026-04-10|2026-04-13|2026-04-14|2026-04-15|2026-04-16|2026-04-17|2026-04-20|2026-04-21|2026-04-22|2026-04-23|2026-04-24|2026-04-27|2026-04-28|2026-04-29|2026-04-30|2026-05-01|2026-05-04,2026-05-05 19:30:02,0.0
Cleveland-Cliffs,,2026-03-23|2026-03-24|2026-03-25|2026-03-26|2026-03-27|2026-03-30|2026-03-31|2026-04-01|2026-04-02|2026-04-06|2026-04-07|2026-04-08|2026-04-09|2026-04-10|2026-04-13|2026-04-14|2026-04-15|2026-04-16|2026-04-17|2026-04-20|2026-04-21|2026-04-22|2026-04-23|2026-04-24|2026-04-27|2026-04-28|2026-04-29|2026-04-30|2026-05-01|2026-05-04,2026-05-05 19:30:02,0.0
Aflac,,2026-03-23|2026-03-24|2026-03-25|2026-03-26|2026-03-27|2026-03-30|2026-03-31|2026-04-01|2026-04-02|2026-04-06|2026-04-07|2026-04-08|2026-04-09|2026-04-10|2026-04-13|2026-04-14|2026-04-15|2026-04-16|2026-04-17|2026-04-20|2026-04-21|2026-04-22|2026-04-23|2026-04-24|2026-04-27|2026-04-28|2026-04-29|2026-04-30|2026-05-01|2026-05-04,2026-05-05 19:30:02,0.0
Goodyear Tire & Rubber,,2026-03-23|2026-03-24|2026-03-25|2026-03-26|2026-03-27|2026-03-30|2026-03-31|2026-04-01|2026-04-02|2026-04-06|2026-04-07|2026-04-08|2026-04-09|2026-04-10|2026-04-13|2026-04-14|2026-04-15|2026-04-16|2026-04-17|2026-04-20|2026-04-21|2026-04-22|2026-04-23|2026-04-24|2026-04-27|2026-04-28|2026-04-29|2026-04-30|2026-05-01|2026-05-04,2026-05-05 19:30:02,0.0
Corebridge Financial,,2026-03-23|2026-03-24|2026-03-25|2026-03-26|2026-03-27|2026-03-30|2026-03-31|2026-04-01|2026-04-02|2026-04-06|2026-04-07|2026-04-08|2026-04-09|2026-04-10|2026-04-13|2026-04-14|2026-04-15|2026-04-16|2026-04-17|2026-04-20|2026-04-21|2026-04-22|2026-04-23|2026-04-24|2026-04-27|2026-04-28|2026-04-29|2026-04-30|2026-05-01|2026-05-04,2026-05-05 19:30:02,0.0
Newmont,,2026-03-23|2026-03-24|2026-03-25|2026-03-26|2026-03-27|2026-03-30|2026-03-31|2026-04-01|2026-04-02|2026-04-06|2026-04-07|2026-04-08|2026-04-09|2026-04-10|2026-04-13|2026-04-14|2026-04-15|2026-04-16|2026-04-17|2026-04-20|2026-04-21|2026-04-22|2026-04-23|2026-04-24|2026-04-27|2026-04-28|2026-04-29|2026-04-30|2026-05-01|2026-05-04,2026-05-05 19:30:02,0.0
International Paper,,2026-03-23|2026-03-24|2026-03-25|2026-03-26|2026-03-27|2026-03-30|2026-03-31|2026-04-01|2026-04-02|2026-04-06|2026-04-07|2026-04-08|2026-04-09|2026-04-10|2026-04-13|2026-04-14|2026-04-15|2026-04-16|2026-04-17|2026-04-20|2026-04-21|2026-04-22|2026-04-23|2026-04-24|2026-04-27|2026-04-28|2026-04-29|2026-04-30|2026-05-01|2026-05-04,2026-05-05 19:30:02,0.0
AutoZone,,2026-03-23|2026-03-24|2026-03-25|2026-03-26|2026-03-27|2026-03-30|2026-03-31|2026-04-01|2026-04-02|2026-04-06|2026-04-07|2026-04-08|2026-04-09|2026-04-10|2026-04-13|2026-04-14|2026-04-15|2026-04-16|2026-04-17|2026-04-20|2026-04-21|2026-04-22|2026-04-23|2026-04-24|2026-04-27|2026-04-28|2026-04-29|2026-04-30|2026-05-01|2026-05-04,2026-05-05 19:30:02,0.0
Lincoln National,,2026-03-23|2026-03-24|2026-03-25|2026-03-26|2026-03-27|2026-03-30|2026-03-31|2026-04-01|2026-04-02|2026-04-06|2026-04-07|2026-04-08|2026-04-09|2026-04-10|2026-04-13|2026-04-14|2026-04-15|2026-04-16|2026-04-17|2026-04-20|2026-04-21|2026-04-22|2026-04-23|2026-04-24|2026-04-27|2026-04-28|2026-04-29|2026-04-30|2026-05-01|2026-05-04,2026-05-05 19:30:02,0.0
PulteGroup,,2026-03-23|2026-03-24|2026-03-25|2026-03-26|2026-03-27|2026-03-30|2026-03-31|2026-04-01|2026-04-02|2026-04-06|2026-04-07|2026-04-08|2026-04-09|2026-04-10|2026-04-13|2026-04-14|2026-04-15|2026-04-16|2026-04-17|2026-04-20|2026-04-21|2026-04-22|2026-04-23|2026-04-24|2026-04-27|2026-04-28|2026-04-29|2026-04-30|2026-05-01|2026-05-04,2026-05-05 19:30:02,0.0
Ameriprise Financial,,2026-03-23|2026-03-24|2026-03-25|2026-03-26|2026-03-27|2026-03-30|2026-03-31|2026-04-01|2026-04-02|2026-04-06|2026-04-07|2026-04-08|2026-04-09|2026-04-10|2026-04-13|2026-04-14|2026-04-15|2026-04-16|2026-04-17|2026-04-20|2026-04-21|2026-04-22|2026-04-23|2026-04-24|2026-04-27|2026-04-28|2026-04-29|2026-04-30|2026-05-01|2026-05-04,2026-05-05 19:30:02,0.0
Murphy USA,,2026-03-23|2026-03-24|2026-03-25|2026-03-26|2026-03-27|2026-03-30|2026-03-31|2026-04-01|2026-04-02|2026-04-06|2026-04-07|2026-04-08|2026-04-09|2026-04-10|2026-04-13|2026-04-14|2026-04-15|2026-04-16|2026-04-17|2026-04-20|2026-04-21|2026-04-22|2026-04-23|2026-04-24|2026-04-27|2026-04-28|2026-04-29|2026-04-30|2026-05-01|2026-05-04,2026-05-05 19:30:02,0.0
ManpowerGroup,,2026-03-23|2026-03-24|2026-03-25|2026-03-26|2026-03-27|2026-03-30|2026-03-31|2026-04-01|2026-04-02|2026-04-06|2026-04-07|2026-04-08|2026-04-09|2026-04-10|2026-04-13|2026-04-14|2026-04-15|2026-04-16|2026-04-17|2026-04-20|2026-04-21|2026-04-22|2026-04-23|2026-04-24|2026-04-27|2026-04-28|2026-04-29|2026-04-30|2026-05-01|2026-05-04,2026-05-05 19:30:02,0.0
CH Robinson Worldwide,,2026-03-23|2026-03-24|2026-03-25|2026-03-26|2026-03-27|2026-03-30|2026-03-31|2026-04-01|2026-04-02|2026-04-06|2026-04-07|2026-04-08|2026-04-09|2026-04-10|2026-04-13|2026-04-14|2026-04-15|2026-04-16|2026-04-17|2026-04-20|2026-04-21|2026-04-22|2026-04-23|2026-04-24|2026-04-27|2026-04-28|2026-04-29|2026-04-30|2026-05-01|2026-05-04,2026-05-05 19:30:02,0.0
PPG Industries,,2026-03-23|2026-03-24|2026-03-25|2026-03-26|2026-03-27|2026-03-30|2026-03-31|2026-04-01|2026-04-02|2026-04-06|2026-04-07|2026-04-08|2026-04-09|2026-04-10|2026-04-13|2026-04-14|2026-04-15|2026-04-16|2026-04-17|2026-04-20|2026-04-21|2026-04-22|2026-04-23|2026-04-24|2026-04-27|2026-04-28|2026-04-29|2026-04-30|2026-05-01|2026-05-04,2026-05-05 19:30:02,0.0
Edison International,,2026-03-23|2026-03-24|2026-03-25|2026-03-26|2026-03-27|2026-03-30|2026-03-31|2026-04-01|2026-04-02|2026-04-06|2026-04-07|2026-04-08|2026-04-09|2026-04-10|2026-04-13|2026-04-14|2026-04-15|2026-04-16|2026-04-17|2026-04-20|2026-04-21|2026-04-22|2026-04-23|2026-04-24|2026-04-27|2026-04-28|2026-04-29|2026-04-30|2026-05-01|2026-05-04,2026-05-05 19:30:02,0.0
Steel Dynamics,,2026-03-23|2026-03-24|2026-03-25|2026-03-26|2026-03-27|2026-03-30|2026-03-31|2026-04-01|2026-04-02|2026-04-06|2026-04-07|2026-04-08|2026-04-09|2026-04-10|2026-04-13|2026-04-14|2026-04-15|2026-04-16|2026-04-17|2026-04-20|2026-04-21|2026-04-22|2026-04-23|2026-04-24|2026-04-27|2026-04-28|2026-04-29|2026-04-30|2026-05-01|2026-05-04,2026-05-05 19:30:02,0.0
Loews,,2026-03-23|2026-03-24|2026-03-25|2026-03-26|2026-03-27|2026-03-30|2026-03-31|2026-04-01|2026-04-02|2026-04-06|2026-04-07|2026-04-08|2026-04-09|2026-04-10|2026-04-13|2026-04-14|2026-04-15|2026-04-16|2026-04-17|2026-04-20|2026-04-21|2026-04-22|2026-04-23|2026-04-24|2026-04-27|2026-04-28|2026-04-29|2026-04-30|2026-05-01|2026-05-04,2026-05-05 19:30:02,0.0
Emerson Electric,,2026-03-23|2026-03-24|2026-03-25|2026-03-26|2026-03-27|2026-03-30|2026-03-31|2026-04-01|2026-04-02|2026-04-06|2026-04-07|2026-04-08|2026-04-09|2026-04-10|2026-04-13|2026-04-14|2026-04-15|2026-04-16|2026-04-17|2026-04-20|2026-04-21|2026-04-22|2026-04-23|2026-04-24|2026-04-27|2026-04-28|2026-04-29|2026-04-30|2026-05-01|2026-05-04,2026-05-05 19:30:02,0.0
Aramark,,2026-03-23|2026-03-24|2026-03-25|2026-03-26|2026-03-27|2026-03-30|2026-03-31|2026-04-01|2026-04-02|2026-04-06|2026-04-07|2026-04-08|2026-04-09|2026-04-10|2026-04-13|2026-04-14|2026-04-15|2026-04-16|2026-04-17|2026-04-20|2026-04-21|2026-04-22|2026-04-23|2026-04-24|2026-04-27|2026-04-28|2026-04-29|2026-04-30|2026-05-01|2026-05-04,2026-05-05 19:30:02,0.0
MGM Resorts International,,2026-03-23|2026-03-24|2026-03-25|2026-03-26|2026-03-27|2026-03-30|2026-03-31|2026-04-01|2026-04-02|2026-04-06|2026-04-07|2026-04-08|2026-04-09|2026-04-10|2026-04-13|2026-04-14|2026-04-15|2026-04-16|2026-04-17|2026-04-20|2026-04-21|2026-04-22|2026-04-23|2026-04-24|2026-04-27|2026-04-28|2026-04-29|2026-04-30|2026-05-01|2026-05-04,2026-05-05 19:30:02,0.0
Vistra,,2026-03-23|2026-03-24|2026-03-25|2026-03-26|2026-03-27|2026-03-30|2026-03-31|2026-04-01|2026-04-02|2026-04-06|2026-04-07|2026-04-08|2026-04-09|2026-04-10|2026-04-13|2026-04-14|2026-04-15|2026-04-16|2026-04-17|2026-04-20|2026-04-21|2026-04-22|2026-04-23|2026-04-24|2026-04-27|2026-04-28|2026-04-29|2026-04-30|2026-05-01|2026-05-04,2026-05-05 19:30:02,0.0
Asbury Automotive Group,,2026-03-23|2026-03-24|2026-03-25|2026-03-26|2026-03-27|2026-03-30|2026-03-31|2026-04-01|2026-04-02|2026-04-06|2026-04-07|2026-04-08|2026-04-09|2026-04-10|2026-04-13|2026-04-14|2026-04-15|2026-04-16|2026-04-17|2026-04-20|2026-04-21|2026-04-22|2026-04-23|2026-04-24|2026-04-27|2026-04-28|2026-04-29|2026-04-30|2026-05-01|2026-05-04,2026-05-05 19:30:02,0.0
WW Grainger,,2026-03-23|2026-03-24|2026-03-25|2026-03-26|2026-03-27|2026-03-30|2026-03-31|2026-04-01|2026-04-02|2026-04-06|2026-04-07|2026-04-08|2026-04-09|2026-04-10|2026-04-13|2026-04-14|2026-04-15|2026-04-16|2026-04-17|2026-04-20|2026-04-21|2026-04-22|2026-04-23|2026-04-24|2026-04-27|2026-04-28|2026-04-29|2026-04-30|2026-05-01|2026-05-04,2026-05-05 19:30:02,0.0
Global Partners,,2026-03-23|2026-03-24|2026-03-25|2026-03-26|2026-03-27|2026-03-30|2026-03-31|2026-04-01|2026-04-02|2026-04-06|2026-04-07|2026-04-08|2026-04-09|2026-04-10|2026-04-13|2026-04-14|2026-04-15|2026-04-16|2026-04-17|2026-04-20|2026-04-21|2026-04-22|2026-04-23|2026-04-24|2026-04-27|2026-04-28|2026-04-29|2026-04-30|2026-05-01|2026-05-04,2026-05-05 19:30:02,0.0
Jacobs Solutions,,2026-03-23|2026-03-24|2026-03-25|2026-03-26|2026-03-27|2026-03-30|2026-03-31|2026-04-01|2026-04-02|2026-04-06|2026-04-07|2026-04-08|2026-04-09|2026-04-10|2026-04-13|2026-04-14|2026-04-15|2026-04-16|2026-04-17|2026-04-20|2026-04-21|2026-04-22|2026-04-23|2026-04-24|2026-04-27|2026-04-28|2026-04-29|2026-04-30|2026-05-01|2026-05-04,2026-05-05 19:30:02,0.0
Corteva,,2026-03-23|2026-03-24|2026-03-25|2026-03-26|2026-03-27|2026-03-30|2026-03-31|2026-04-01|2026-04-02|2026-04-06|2026-04-07|2026-04-08|2026-04-09|2026-04-10|2026-04-13|2026-04-14|2026-04-15|2026-04-16|2026-04-17|2026-04-20|2026-04-21|2026-04-22|2026-04-23|2026-04-24|2026-04-27|2026-04-28|2026-04-29|2026-04-30|2026-05-01|2026-05-04,2026-05-05 19:30:02,0.0
Boston Scientific,,2026-03-23|2026-03-24|2026-03-25|2026-03-26|2026-03-27|2026-03-30|2026-03-31|2026-04-01|2026-04-02|2026-04-06|2026-04-07|2026-04-08|2026-04-09|2026-04-10|2026-04-13|2026-04-14|2026-04-15|2026-04-16|2026-04-17|2026-04-20|2026-04-21|2026-04-22|2026-04-23|2026-04-24|2026-04-27|2026-04-28|2026-04-29|2026-04-30|2026-05-01|2026-05-04,2026-05-05 19:30:02,0.0
O'Reilly Automotive,,2026-03-23|2026-03-24|2026-03-25|2026-03-26|2026-03-27|2026-03-30|2026-03-31|2026-04-01|2026-04-02|2026-04-06|2026-04-07|2026-04-08|2026-04-09|2026-04-10|2026-04-13|2026-04-14|2026-04-15|2026-04-16|2026-04-17|2026-04-20|2026-04-21|2026-04-22|2026-04-23|2026-04-24|2026-04-27|2026-04-28|2026-04-29|2026-04-30|2026-05-01|2026-05-04,2026-05-05 19:30:02,0.0
Leidos,,2026-03-23|2026-03-24|2026-03-25|2026-03-26|2026-03-27|2026-03-30|2026-03-31|2026-04-01|2026-04-02|2026-04-06|2026-04-07|2026-04-08|2026-04-09|2026-04-10|2026-04-13|2026-04-14|2026-04-15|2026-04-16|2026-04-17|2026-04-20|2026-04-21|2026-04-22|2026-04-23|2026-04-24|2026-04-27|2026-04-28|2026-04-29|2026-04-30|2026-05-01|2026-05-04,2026-05-05 19:30:02,0.0
Markel Group,,2026-03-23|2026-03-24|2026-03-25|2026-03-26|2026-03-27|2026-03-30|2026-03-31|2026-04-01|2026-04-02|2026-04-06|2026-04-07|2026-04-08|2026-04-09|2026-04-10|2026-04-13|2026-04-14|2026-04-15|2026-04-16|2026-04-17|2026-04-20|2026-04-21|2026-04-22|2026-04-23|2026-04-24|2026-04-27|2026-04-28|2026-04-29|2026-04-30|2026-05-01|2026-05-04,2026-05-05 19:30:02,0.0
Whirlpool Corporation,,2026-03-23|2026-03-24|2026-03-25|2026-03-26|2026-03-27|2026-03-30|2026-03-31|2026-04-01|2026-04-02|2026-04-06|2026-04-07|2026-04-08|2026-04-09|2026-04-10|2026-04-13|2026-04-14|2026-04-15|2026-04-16|2026-04-17|2026-04-20|2026-04-21|2026-04-22|2026-04-23|2026-04-24|2026-04-27|2026-04-28|2026-04-29|2026-04-30|2026-05-01|2026-05-04,2026-05-05 19:30:02,0.0
Builders FirstSource,,2026-03-23|2026-03-24|2026-03-25|2026-03-26|2026-03-27|2026-03-30|2026-03-31|2026-04-01|2026-04-02|2026-04-06|2026-04-07|2026-04-08|2026-04-09|2026-04-10|2026-04-13|2026-04-14|2026-04-15|2026-04-16|2026-04-17|2026-04-20|2026-04-21|2026-04-22|2026-04-23|2026-04-24|2026-04-27|2026-04-28|2026-04-29|2026-04-30|2026-05-01|2026-05-04,2026-05-05 19:30:02,0.0
Ally Financial,,2026-03-23|2026-03-24|2026-03-25|2026-03-26|2026-03-27|2026-03-30|2026-03-31|2026-04-01|2026-04-02|2026-04-06|2026-04-07|2026-04-08|2026-04-09|2026-04-10|2026-04-13|2026-04-14|2026-04-15|2026-04-16|2026-04-17|2026-04-20|2026-04-21|2026-04-22|2026-04-23|2026-04-24|2026-04-27|2026-04-28|2026-04-29|2026-04-30|2026-05-01|2026-05-04,2026-05-05 19:30:02,0.0
Targa Resources,,2026-03-23|2026-03-24|2026-03-25|2026-03-26|2026-03-27|2026-03-30|2026-03-31|2026-04-01|2026-04-02|2026-04-06|2026-04-07|2026-04-08|2026-04-09|2026-04-10|2026-04-13|2026-04-14|2026-04-15|2026-04-16|2026-04-17|2026-04-20|2026-04-21|2026-04-22|2026-04-23|2026-04-24|2026-04-27|2026-04-28|2026-04-29|2026-04-30|2026-05-01|2026-05-04,2026-05-05 19:30:02,0.0
Fluor,,2026-03-23|2026-03-24|2026-03-25|2026-03-26|2026-03-27|2026-03-30|2026-03-31|2026-04-01|2026-04-02|2026-04-06|2026-04-07|2026-04-08|2026-04-09|2026-04-10|2026-04-13|2026-04-14|2026-04-15|2026-04-16|2026-04-17|2026-04-20|2026-04-21|2026-04-22|2026-04-23|2026-04-24|2026-04-27|2026-04-28|2026-04-29|2026-04-30|2026-05-01|2026-05-04,2026-05-05 19:30:02,0.0
Intuit,,2026-03-23|2026-03-24|2026-03-25|2026-03-26|2026-03-27|2026-03-30|2026-03-31|2026-04-01|2026-04-02|2026-04-06|2026-04-07|2026-04-08|2026-04-09|2026-04-10|2026-04-13|2026-04-14|2026-04-15|2026-04-16|2026-04-17|2026-04-20|2026-04-21|2026-04-22|2026-04-23|2026-04-24|2026-04-27|2026-04-28|2026-04-29|2026-04-30|2026-05-01|2026-05-04,2026-05-05 19:30:02,0.0
AECOM,,2026-03-23|2026-03-24|2026-03-25|2026-03-26|2026-03-27|2026-03-30|2026-03-31|2026-04-01|2026-04-02|2026-04-06|2026-04-07|2026-04-08|2026-04-09|2026-04-10|2026-04-13|2026-04-14|2026-04-15|2026-04-16|2026-04-17|2026-04-20|2026-04-21|2026-04-22|2026-04-23|2026-04-24|2026-04-27|2026-04-28|2026-04-29|2026-04-30|2026-05-01|2026-05-04,2026-05-05 19:30:02,0.0
Kohl's,,2026-03-23|2026-03-24|2026-03-25|2026-03-26|2026-03-27|2026-03-30|2026-03-31|2026-04-01|2026-04-02|2026-04-06|2026-04-07|2026-04-08|2026-04-09|2026-04-10|2026-04-13|2026-04-14|2026-04-15|2026-04-16|2026-04-17|2026-04-20|2026-04-21|2026-04-22|2026-04-23|2026-04-24|2026-04-27|2026-04-28|2026-04-29|2026-04-30|2026-05-01|2026-05-04,2026-05-05 19:30:02,0.0
PrIncipal Financial,,2026-03-23|2026-03-24|2026-03-25|2026-03-26|2026-03-27|2026-03-30|2026-03-31|2026-04-01|2026-04-02|2026-04-06|2026-04-07|2026-04-08|2026-04-09|2026-04-10|2026-04-13|2026-04-14|2026-04-15|2026-04-16|2026-04-17|2026-04-20|2026-04-21|2026-04-22|2026-04-23|2026-04-24|2026-04-27|2026-04-28|2026-04-29|2026-04-30|2026-05-01|2026-05-04,2026-05-05 19:30:02,0.0
Dominion Energy,,2026-03-23|2026-03-24|2026-03-25|2026-03-26|2026-03-27|2026-03-30|2026-03-31|2026-04-01|2026-04-02|2026-04-06|2026-04-07|2026-04-08|2026-04-09|2026-04-10|2026-04-13|2026-04-14|2026-04-15|2026-04-16|2026-04-17|2026-04-20|2026-04-21|2026-04-22|2026-04-23|2026-04-24|2026-04-27|2026-04-28|2026-04-29|2026-04-30|2026-05-01|2026-05-04,2026-05-05 19:30:02,0.0
Kyndryl,,2026-03-23|2026-03-24|2026-03-25|2026-03-26|2026-03-27|2026-03-30|2026-03-31|2026-04-01|2026-04-02|2026-04-06|2026-04-07|2026-04-08|2026-04-09|2026-04-10|2026-04-13|2026-04-14|2026-04-15|2026-04-16|2026-04-17|2026-04-20|2026-04-21|2026-04-22|2026-04-23|2026-04-24|2026-04-27|2026-04-28|2026-04-29|2026-04-30|2026-05-01|2026-05-04,2026-05-05 19:30:02,0.0
Republic Services,,2026-03-23|2026-03-24|2026-03-25|2026-03-26|2026-03-27|2026-03-30|2026-03-31|2026-04-01|2026-04-02|2026-04-06|2026-04-07|2026-04-08|2026-04-09|2026-04-10|2026-04-13|2026-04-14|2026-04-15|2026-04-16|2026-04-17|2026-04-20|2026-04-21|2026-04-22|2026-04-23|2026-04-24|2026-04-27|2026-04-28|2026-04-29|2026-04-30|2026-05-01|2026-05-04,2026-05-05 19:30:02,0.0
Devon Energy,,2026-03-23|2026-03-24|2026-03-25|2026-03-26|2026-03-27|2026-03-30|2026-03-31|2026-04-01|2026-04-02|2026-04-06|2026-04-07|2026-04-08|2026-04-09|2026-04-10|2026-04-13|2026-04-14|2026-04-15|2026-04-16|2026-04-17|2026-04-20|2026-04-21|2026-04-22|2026-04-23|2026-04-24|2026-04-27|2026-04-28|2026-04-29|2026-04-30|2026-05-01|2026-05-04,2026-05-05 19:30:02,0.0
Illinois Tool Works,,2026-03-23|2026-03-24|2026-03-25|2026-03-26|2026-03-27|2026-03-30|2026-03-31|2026-04-01|2026-04-02|2026-04-06|2026-04-07|2026-04-08|2026-04-09|2026-04-10|2026-04-13|2026-04-14|2026-04-15|2026-04-16|2026-04-17|2026-04-20|2026-04-21|2026-04-22|2026-04-23|2026-04-24|2026-04-27|2026-04-28|2026-04-29|2026-04-30|2026-05-01|2026-05-04,2026-05-05 19:30:02,0.0
Northern Trust,,2026-03-23|2026-03-24|2026-03-25|2026-03-26|2026-03-27|2026-03-30|2026-03-31|2026-04-01|2026-04-02|2026-04-06|2026-04-07|2026-04-08|2026-04-09|2026-04-10|2026-04-13|2026-04-14|2026-04-15|2026-04-16|2026-04-17|2026-04-20|2026-04-21|2026-04-22|2026-04-23|2026-04-24|2026-04-27|2026-04-28|2026-04-29|2026-04-30|2026-05-01|2026-05-04,2026-05-05 19:30:02,0.0
Universal Health Services,,2026-03-23|2026-03-24|2026-03-25|2026-03-26|2026-03-27|2026-03-30|2026-03-31|2026-04-01|2026-04-02|2026-04-06|2026-04-07|2026-04-08|2026-04-09|2026-04-10|2026-04-13|2026-04-14|2026-04-15|2026-04-16|2026-04-17|2026-04-20|2026-04-21|2026-04-22|2026-04-23|2026-04-24|2026-04-27|2026-04-28|2026-04-29|2026-04-30|2026-05-01|2026-05-04,2026-05-05 19:30:02,0.0
EchoStar,,2026-03-23|2026-03-24|2026-03-25|2026-03-26|2026-03-27|2026-03-30|2026-03-31|2026-04-01|2026-04-02|2026-04-06|2026-04-07|2026-04-08|2026-04-09|2026-04-10|2026-04-13|2026-04-14|2026-04-15|2026-04-16|2026-04-17|2026-04-20|2026-04-21|2026-04-22|2026-04-23|2026-04-24|2026-04-27|2026-04-28|2026-04-29|2026-04-30|2026-05-01|2026-05-04,2026-05-05 19:30:02,0.0
Ecolab,,2026-03-23|2026-03-24|2026-03-25|2026-03-26|2026-03-27|2026-03-30|2026-03-31|2026-04-01|2026-04-02|2026-04-06|2026-04-07|2026-04-08|2026-04-09|2026-04-10|2026-04-13|2026-04-14|2026-04-15|2026-04-16|2026-04-17|2026-04-20|2026-04-21|2026-04-22|2026-04-23|2026-04-24|2026-04-27|2026-04-28|2026-04-29|2026-04-30|2026-05-01|2026-05-04,2026-05-05 19:30:02,0.0
Cheniere Energy,,2026-03-23|2026-03-24|2026-03-25|2026-03-26|2026-03-27|2026-03-30|2026-03-31|2026-04-01|2026-04-02|2026-04-06|2026-04-07|2026-04-08|2026-04-09|2026-04-10|2026-04-13|2026-04-14|2026-04-15|2026-04-16|2026-04-17|2026-04-20|2026-04-21|2026-04-22|2026-04-23|2026-04-24|2026-04-27|2026-04-28|2026-04-29|2026-04-30|2026-05-01|2026-05-04,2026-05-05 19:30:02,0.0
Omnicom Group,,2026-03-23|2026-03-24|2026-03-25|2026-03-26|2026-03-27|2026-03-30|2026-03-31|2026-04-01|2026-04-02|2026-04-06|2026-04-07|2026-04-08|2026-04-09|2026-04-10|2026-04-13|2026-04-14|2026-04-15|2026-04-16|2026-04-17|2026-04-20|2026-04-21|2026-04-22|2026-04-23|2026-04-24|2026-04-27|2026-04-28|2026-04-29|2026-04-30|2026-05-01|2026-05-04,2026-05-05 19:30:02,0.0
Texas Instruments,,2026-03-23|2026-03-24|2026-03-25|2026-03-26|2026-03-27|2026-03-30|2026-03-31|2026-04-01|2026-04-02|2026-04-06|2026-04-07|2026-04-08|2026-04-09|2026-04-10|2026-04-13|2026-04-14|2026-04-15|2026-04-16|2026-04-17|2026-04-20|2026-04-21|2026-04-22|2026-04-23|2026-04-24|2026-04-27|2026-04-28|2026-04-29|2026-04-30|2026-05-01|2026-05-04,2026-05-05 19:30:02,0.0
The Estee Lauder Companies,,2026-03-23|2026-03-24|2026-03-25|2026-03-26|2026-03-27|2026-03-30|2026-03-31|2026-04-01|2026-04-02|2026-04-06|2026-04-07|2026-04-08|2026-04-09|2026-04-10|2026-04-13|2026-04-14|2026-04-15|2026-04-16|2026-04-17|2026-04-20|2026-04-21|2026-04-22|2026-04-23|2026-04-24|2026-04-27|2026-04-28|2026-04-29|2026-04-30|2026-05-01|2026-05-04,2026-05-05 19:30:02,0.0
Kenvue,,2026-03-23|2026-03-24|2026-03-25|2026-03-26|2026-03-27|2026-03-30|2026-03-31|2026-04-01|2026-04-02|2026-04-06|2026-04-07|2026-04-08|2026-04-09|2026-04-10|2026-04-13|2026-04-14|2026-04-15|2026-04-16|2026-04-17|2026-04-20|2026-04-21|2026-04-22|2026-04-23|2026-04-24|2026-04-27|2026-04-28|2026-04-29|2026-04-30|2026-05-01|2026-05-04,2026-05-05 19:30:02,0.0
IQVIA,,2026-03-23|2026-03-24|2026-03-25|2026-03-26|2026-03-27|2026-03-30|2026-03-31|2026-04-01|2026-04-02|2026-04-06|2026-04-07|2026-04-08|2026-04-09|2026-04-10|2026-04-13|2026-04-14|2026-04-15|2026-04-16|2026-04-17|2026-04-20|2026-04-21|2026-04-22|2026-04-23|2026-04-24|2026-04-27|2026-04-28|2026-04-29|2026-04-30|2026-05-01|2026-05-04,2026-05-05 19:30:02,0.0
Stanley Black & Decker,,2026-03-23|2026-03-24|2026-03-25|2026-03-26|2026-03-27|2026-03-30|2026-03-31|2026-04-01|2026-04-02|2026-04-06|2026-04-07|2026-04-08|2026-04-09|2026-04-10|2026-04-13|2026-04-14|2026-04-15|2026-04-16|2026-04-17|2026-04-20|2026-04-21|2026-04-22|2026-04-23|2026-04-24|2026-04-27|2026-04-28|2026-04-29|2026-04-30|2026-05-01|2026-05-04,2026-05-05 19:30:02,0.0
Keurig Dr Pepper,,2026-03-23|2026-03-24|2026-03-25|2026-03-26|2026-03-27|2026-03-30|2026-03-31|2026-04-01|2026-04-02|2026-04-06|2026-04-07|2026-04-08|2026-04-09|2026-04-10|2026-04-13|2026-04-14|2026-04-15|2026-04-16|2026-04-17|2026-04-20|2026-04-21|2026-04-22|2026-04-23|2026-04-24|2026-04-27|2026-04-28|2026-04-29|2026-04-30|2026-05-01|2026-05-04,2026-05-05 19:30:02,0.0
United Rentals,,2026-03-23|2026-03-24|2026-03-25|2026-03-26|2026-03-27|2026-03-30|2026-03-31|2026-04-01|2026-04-02|2026-04-06|2026-04-07|2026-04-08|2026-04-09|2026-04-10|2026-04-13|2026-04-14|2026-04-15|2026-04-16|2026-04-17|2026-04-20|2026-04-21|2026-04-22|2026-04-23|2026-04-24|2026-04-27|2026-04-28|2026-04-29|2026-04-30|2026-05-01|2026-05-04,2026-05-05 19:30:02,0.0
Consolidated Edison,,2026-03-23|2026-03-24|2026-03-25|2026-03-26|2026-03-27|2026-03-30|2026-03-31|2026-04-01|2026-04-02|2026-04-06|2026-04-07|2026-04-08|2026-04-09|2026-04-10|2026-04-13|2026-04-14|2026-04-15|2026-04-16|2026-04-17|2026-04-20|2026-04-21|2026-04-22|2026-04-23|2026-04-24|2026-04-27|2026-04-28|2026-04-29|2026-04-30|2026-05-01|2026-05-04,2026-05-05 19:30:02,0.0
Amphenol,,2026-03-23|2026-03-24|2026-03-25|2026-03-26|2026-03-27|2026-03-30|2026-03-31|2026-04-01|2026-04-02|2026-04-06|2026-04-07|2026-04-08|2026-04-09|2026-04-10|2026-04-13|2026-04-14|2026-04-15|2026-04-16|2026-04-17|2026-04-20|2026-04-21|2026-04-22|2026-04-23|2026-04-24|2026-04-27|2026-04-28|2026-04-29|2026-04-30|2026-05-01|2026-05-04,2026-05-05 19:30:02,0.0
Baxter International,,2026-03-23|2026-03-24|2026-03-25|2026-03-26|2026-03-27|2026-03-30|2026-03-31|2026-04-01|2026-04-02|2026-04-06|2026-04-07|2026-04-08|2026-04-09|2026-04-10|2026-04-13|2026-04-14|2026-04-15|2026-04-16|2026-04-17|2026-04-20|2026-04-21|2026-04-22|2026-04-23|2026-04-24|2026-04-27|2026-04-28|2026-04-29|2026-04-30|2026-05-01|2026-05-04,2026-05-05 19:30:02,0.0
Kinder Morgan,,2026-03-23|2026-03-24|2026-03-25|2026-03-26|2026-03-27|2026-03-30|2026-03-31|2026-04-01|2026-04-02|2026-04-06|2026-04-07|2026-04-08|2026-04-09|2026-04-10|2026-04-13|2026-04-14|2026-04-15|2026-04-16|2026-04-17|2026-04-20|2026-04-21|2026-04-22|2026-04-23|2026-04-24|2026-04-27|2026-04-28|2026-04-29|2026-04-30|2026-05-01|2026-05-04,2026-05-05 19:30:02,0.0
First Citizens BancShares,,2026-03-23|2026-03-24|2026-03-25|2026-03-26|2026-03-27|2026-03-30|2026-03-31|2026-04-01|2026-04-02|2026-04-06|2026-04-07|2026-04-08|2026-04-09|2026-04-10|2026-04-13|2026-04-14|2026-04-15|2026-04-16|2026-04-17|2026-04-20|2026-04-21|2026-04-22|2026-04-23|2026-04-24|2026-04-27|2026-04-28|2026-04-29|2026-04-30|2026-05-01|2026-05-04,2026-05-05 19:30:02,0.0
Raymond James Financial,,2026-03-23|2026-03-24|2026-03-25|2026-03-26|2026-03-27|2026-03-30|2026-03-31|2026-04-01|2026-04-02|2026-04-06|2026-04-07|2026-04-08|2026-04-09|2026-04-10|2026-04-13|2026-04-14|2026-04-15|2026-04-16|2026-04-17|2026-04-20|2026-04-21|2026-04-22|2026-04-23|2026-04-24|2026-04-27|2026-04-28|2026-04-29|2026-04-30|2026-05-01|2026-05-04,2026-05-05 19:30:02,0.0
Lam Research,,2026-03-23|2026-03-24|2026-03-25|2026-03-26|2026-03-27|2026-03-30|2026-03-31|2026-04-01|2026-04-02|2026-04-06|2026-04-07|2026-04-08|2026-04-09|2026-04-10|2026-04-13|2026-04-14|2026-04-15|2026-04-16|2026-04-17|2026-04-20|2026-04-21|2026-04-22|2026-04-23|2026-04-24|2026-04-27|2026-04-28|2026-04-29|2026-04-30|2026-05-01|2026-05-04,2026-05-05 19:30:02,0.0
Tractor Supply Company,,2026-03-23|2026-03-24|2026-03-25|2026-03-26|2026-03-27|2026-03-30|2026-03-31|2026-04-01|2026-04-02|2026-04-06|2026-04-07|2026-04-08|2026-04-09|2026-04-10|2026-04-13|2026-04-14|2026-04-15|2026-04-16|2026-04-17|2026-04-20|2026-04-21|2026-04-22|2026-04-23|2026-04-24|2026-04-27|2026-04-28|2026-04-29|2026-04-30|2026-05-01|2026-05-04,2026-05-05 19:30:02,0.0
Caseys General Stores,,2026-03-23|2026-03-24|2026-03-25|2026-03-26|2026-03-27|2026-03-30|2026-03-31|2026-04-01|2026-04-02|2026-04-06|2026-04-07|2026-04-08|2026-04-09|2026-04-10|2026-04-13|2026-04-14|2026-04-15|2026-04-16|2026-04-17|2026-04-20|2026-04-21|2026-04-22|2026-04-23|2026-04-24|2026-04-27|2026-04-28|2026-04-29|2026-04-30|2026-05-01|2026-05-04,2026-05-05 19:30:02,0.0
Viatris,,2026-03-23|2026-03-24|2026-03-25|2026-03-26|2026-03-27|2026-03-30|2026-03-31|2026-04-01|2026-04-02|2026-04-06|2026-04-07|2026-04-08|2026-04-09|2026-04-10|2026-04-13|2026-04-14|2026-04-15|2026-04-16|2026-04-17|2026-04-20|2026-04-21|2026-04-22|2026-04-23|2026-04-24|2026-04-27|2026-04-28|2026-04-29|2026-04-30|2026-05-01|2026-05-04,2026-05-05 19:30:02,0.0
EMCOR Group,,2026-03-23|2026-03-24|2026-03-25|2026-03-26|2026-03-27|2026-03-30|2026-03-31|2026-04-01|2026-04-02|2026-04-06|2026-04-07|2026-04-08|2026-04-09|2026-04-10|2026-04-13|2026-04-14|2026-04-15|2026-04-16|2026-04-17|2026-04-20|2026-04-21|2026-04-22|2026-04-23|2026-04-24|2026-04-27|2026-04-28|2026-04-29|2026-04-30|2026-05-01|2026-05-04,2026-05-05 19:30:02,0.0
CSX,,2026-03-23|2026-03-24|2026-03-25|2026-03-26|2026-03-27|2026-03-30|2026-03-31|2026-04-01|2026-04-02|2026-04-06|2026-04-07|2026-04-08|2026-04-09|2026-04-10|2026-04-13|2026-04-14|2026-04-15|2026-04-16|2026-04-17|2026-04-20|2026-04-21|2026-04-22|2026-04-23|2026-04-24|2026-04-27|2026-04-28|2026-04-29|2026-04-30|2026-05-01|2026-05-04,2026-05-05 19:30:02,0.0
LKQ,,2026-03-23|2026-03-24|2026-03-25|2026-03-26|2026-03-27|2026-03-30|2026-03-31|2026-04-01|2026-04-02|2026-04-06|2026-04-07|2026-04-08|2026-04-09|2026-04-10|2026-04-13|2026-04-14|2026-04-15|2026-04-16|2026-04-17|2026-04-20|2026-04-21|2026-04-22|2026-04-23|2026-04-24|2026-04-27|2026-04-28|2026-04-29|2026-04-30|2026-05-01|2026-05-04,2026-05-05 19:30:02,0.0
Otis Worldwide,,2026-03-23|2026-03-24|2026-03-25|2026-03-26|2026-03-27|2026-03-30|2026-03-31|2026-04-01|2026-04-02|2026-04-06|2026-04-07|2026-04-08|2026-04-09|2026-04-10|2026-04-13|2026-04-14|2026-04-15|2026-04-16|2026-04-17|2026-04-20|2026-04-21|2026-04-22|2026-04-23|2026-04-24|2026-04-27|2026-04-28|2026-04-29|2026-04-30|2026-05-01|2026-05-04,2026-05-05 19:30:02,0.0
Sonic Automotive,,2026-03-23|2026-03-24|2026-03-25|2026-03-26|2026-03-27|2026-03-30|2026-03-31|2026-04-01|2026-04-02|2026-04-06|2026-04-07|2026-04-08|2026-04-09|2026-04-10|2026-04-13|2026-04-14|2026-04-15|2026-04-16|2026-04-17|2026-04-20|2026-04-21|2026-04-22|2026-04-23|2026-04-24|2026-04-27|2026-04-28|2026-04-29|2026-04-30|2026-05-01|2026-05-04,2026-05-05 19:30:02,0.0
S&P Global,,2026-03-23|2026-03-24|2026-03-25|2026-03-26|2026-03-27|2026-03-30|2026-03-31|2026-04-01|2026-04-02|2026-04-06|2026-04-07|2026-04-08|2026-04-09|2026-04-10|2026-04-13|2026-04-14|2026-04-15|2026-04-16|2026-04-17|2026-04-20|2026-04-21|2026-04-22|2026-04-23|2026-04-24|2026-04-27|2026-04-28|2026-04-29|2026-04-30|2026-05-01|2026-05-04,2026-05-05 19:30:02,0.0
Regeneron Pharmaceuticals,,2026-03-23|2026-03-24|2026-03-25|2026-03-26|2026-03-27|2026-03-30|2026-03-31|2026-04-01|2026-04-02|2026-04-06|2026-04-07|2026-04-08|2026-04-09|2026-04-10|2026-04-13|2026-04-14|2026-04-15|2026-04-16|2026-04-17|2026-04-20|2026-04-21|2026-04-22|2026-04-23|2026-04-24|2026-04-27|2026-04-28|2026-04-29|2026-04-30|2026-05-01|2026-05-04,2026-05-05 19:30:02,0.0
BorgWarner,,2026-03-23|2026-03-24|2026-03-25|2026-03-26|2026-03-27|2026-03-30|2026-03-31|2026-04-01|2026-04-02|2026-04-06|2026-04-07|2026-04-08|2026-04-09|2026-04-10|2026-04-13|2026-04-14|2026-04-15|2026-04-16|2026-04-17|2026-04-20|2026-04-21|2026-04-22|2026-04-23|2026-04-24|2026-04-27|2026-04-28|2026-04-29|2026-04-30|2026-05-01|2026-05-04,2026-05-05 19:30:02,0.0
Reliance Inc,,2026-03-23|2026-03-24|2026-03-25|2026-03-26|2026-03-27|2026-03-30|2026-03-31|2026-04-01|2026-04-02|2026-04-06|2026-04-07|2026-04-08|2026-04-09|2026-04-10|2026-04-13|2026-04-14|2026-04-15|2026-04-16|2026-04-17|2026-04-20|2026-04-21|2026-04-22|2026-04-23|2026-04-24|2026-04-27|2026-04-28|2026-04-29|2026-04-30|2026-05-01|2026-05-04,2026-05-05 19:30:02,0.0
Textron,,2026-03-23|2026-03-24|2026-03-25|2026-03-26|2026-03-27|2026-03-30|2026-03-31|2026-04-01|2026-04-02|2026-04-06|2026-04-07|2026-04-08|2026-04-09|2026-04-10|2026-04-13|2026-04-14|2026-04-15|2026-04-16|2026-04-17|2026-04-20|2026-04-21|2026-04-22|2026-04-23|2026-04-24|2026-04-27|2026-04-28|2026-04-29|2026-04-30|2026-05-01|2026-05-04,2026-05-05 19:30:02,0.0
Expedia,,2026-03-23|2026-03-24|2026-03-25|2026-03-26|2026-03-27|2026-03-30|2026-03-31|2026-04-01|2026-04-02|2026-04-06|2026-04-07|2026-04-08|2026-04-09|2026-04-10|2026-04-13|2026-04-14|2026-04-15|2026-04-16|2026-04-17|2026-04-20|2026-04-21|2026-04-22|2026-04-23|2026-04-24|2026-04-27|2026-04-28|2026-04-29|2026-04-30|2026-05-01|2026-05-04,2026-05-05 19:30:02,0.0
Fidelity National Financial,,2026-03-23|2026-03-24|2026-03-25|2026-03-26|2026-03-27|2026-03-30|2026-03-31|2026-04-01|2026-04-02|2026-04-06|2026-04-07|2026-04-08|2026-04-09|2026-04-10|2026-04-13|2026-04-14|2026-04-15|2026-04-16|2026-04-17|2026-04-20|2026-04-21|2026-04-22|2026-04-23|2026-04-24|2026-04-27|2026-04-28|2026-04-29|2026-04-30|2026-05-01|2026-05-04,2026-05-05 19:30:02,0.0
Carvana,,2026-03-23|2026-03-24|2026-03-25|2026-03-26|2026-03-27|2026-03-30|2026-03-31|2026-04-01|2026-04-02|2026-04-06|2026-04-07|2026-04-08|2026-04-09|2026-04-10|2026-04-13|2026-04-14|2026-04-15|2026-04-16|2026-04-17|2026-04-20|2026-04-21|2026-04-22|2026-04-23|2026-04-24|2026-04-27|2026-04-28|2026-04-29|2026-04-30|2026-05-01|2026-05-04,2026-05-05 19:30:02,0.0
DXC Technology,,2026-03-23|2026-03-24|2026-03-25|2026-03-26|2026-03-27|2026-03-30|2026-03-31|2026-04-01|2026-04-02|2026-04-06|2026-04-07|2026-04-08|2026-04-09|2026-04-10|2026-04-13|2026-04-14|2026-04-15|2026-04-16|2026-04-17|2026-04-20|2026-04-21|2026-04-22|2026-04-23|2026-04-24|2026-04-27|2026-04-28|2026-04-29|2026-04-30|2026-05-01|2026-05-04,2026-05-05 19:30:02,0.0
WR Berkley,,2026-03-23|2026-03-24|2026-03-25|2026-03-26|2026-03-27|2026-03-30|2026-03-31|2026-04-01|2026-04-02|2026-04-06|2026-04-07|2026-04-08|2026-04-09|2026-04-10|2026-04-13|2026-04-14|2026-04-15|2026-04-16|2026-04-17|2026-04-20|2026-04-21|2026-04-22|2026-04-23|2026-04-24|2026-04-27|2026-04-28|2026-04-29|2026-04-30|2026-05-01|2026-05-04,2026-05-05 19:30:02,0.0
M&T Bank,,2026-03-23|2026-03-24|2026-03-25|2026-03-26|2026-03-27|2026-03-30|2026-03-31|2026-04-01|2026-04-02|2026-04-06|2026-04-07|2026-04-08|2026-04-09|2026-04-10|2026-04-13|2026-04-14|2026-04-15|2026-04-16|2026-04-17|2026-04-20|2026-04-21|2026-04-22|2026-04-23|2026-04-24|2026-04-27|2026-04-28|2026-04-29|2026-04-30|2026-05-01|2026-05-04,2026-05-05 19:30:02,0.0
Dicks Sporting Goods,,2026-03-23|2026-03-24|2026-03-25|2026-03-26|2026-03-27|2026-03-30|2026-03-31|2026-04-01|2026-04-02|2026-04-06|2026-04-07|2026-04-08|2026-04-09|2026-04-10|2026-04-13|2026-04-14|2026-04-15|2026-04-16|2026-04-17|2026-04-20|2026-04-21|2026-04-22|2026-04-23|2026-04-24|2026-04-27|2026-04-28|2026-04-29|2026-04-30|2026-05-01|2026-05-04,2026-05-05 19:30:02,0.0
Xcel Energy,,2026-03-23|2026-03-24|2026-03-25|2026-03-26|2026-03-27|2026-03-30|2026-03-31|2026-04-01|2026-04-02|2026-04-06|2026-04-07|2026-04-08|2026-04-09|2026-04-10|2026-04-13|2026-04-14|2026-04-15|2026-04-16|2026-04-17|2026-04-20|2026-04-21|2026-04-22|2026-04-23|2026-04-24|2026-04-27|2026-04-28|2026-04-29|2026-04-30|2026-05-01|2026-05-04,2026-05-05 19:30:02,0.0
Fifth Third Bancorp,,2026-03-23|2026-03-24|2026-03-25|2026-03-26|2026-03-27|2026-03-30|2026-03-31|2026-04-01|2026-04-02|2026-04-06|2026-04-07|2026-04-08|2026-04-09|2026-04-10|2026-04-13|2026-04-14|2026-04-15|2026-04-16|2026-04-17|2026-04-20|2026-04-21|2026-04-22|2026-04-23|2026-04-24|2026-04-27|2026-04-28|2026-04-29|2026-04-30|2026-05-01|2026-05-04,2026-05-05 19:30:02,0.0
Blackstone,,2026-03-23|2026-03-24|2026-03-25|2026-03-26|2026-03-27|2026-03-30|2026-03-31|2026-04-01|2026-04-02|2026-04-06|2026-04-07|2026-04-08|2026-04-09|2026-04-10|2026-04-13|2026-04-14|2026-04-15|2026-04-16|2026-04-17|2026-04-20|2026-04-21|2026-04-22|2026-04-23|2026-04-24|2026-04-27|2026-04-28|2026-04-29|2026-04-30|2026-05-01|2026-05-04,2026-05-05 19:30:02,0.0
Sempra,,2026-03-23|2026-03-24|2026-03-25|2026-03-26|2026-03-27|2026-03-30|2026-03-31|2026-04-01|2026-04-02|2026-04-06|2026-04-07|2026-04-08|2026-04-09|2026-04-10|2026-04-13|2026-04-14|2026-04-15|2026-04-16|2026-04-17|2026-04-20|2026-04-21|2026-04-22|2026-04-23|2026-04-24|2026-04-27|2026-04-28|2026-04-29|2026-04-30|2026-05-01|2026-05-04,2026-05-05 19:30:02,0.0
Corning,,2026-03-23|2026-03-24|2026-03-25|2026-03-26|2026-03-27|2026-03-30|2026-03-31|2026-04-01|2026-04-02|2026-04-06|2026-04-07|2026-04-08|2026-04-09|2026-04-10|2026-04-13|2026-04-14|2026-04-15|2026-04-16|2026-04-17|2026-04-20|2026-04-21|2026-04-22|2026-04-23|2026-04-24|2026-04-27|2026-04-28|2026-04-29|2026-04-30|2026-05-01|2026-05-04,2026-05-05 19:30:02,0.0
Lumen Technologies,,2026-03-23|2026-03-24|2026-03-25|2026-03-26|2026-03-27|2026-03-30|2026-03-31|2026-04-01|2026-04-02|2026-04-06|2026-04-07|2026-04-08|2026-04-09|2026-04-10|2026-04-13|2026-04-14|2026-04-15|2026-04-16|2026-04-17|2026-04-20|2026-04-21|2026-04-22|2026-04-23|2026-04-24|2026-04-27|2026-04-28|2026-04-29|2026-04-30|2026-05-01|2026-05-04,2026-05-05 19:30:02,0.0
FirstEnergy Corp,,2026-03-23|2026-03-24|2026-03-25|2026-03-26|2026-03-27|2026-03-30|2026-03-31|2026-04-01|2026-04-02|2026-04-06|2026-04-07|2026-04-08|2026-04-09|2026-04-10|2026-04-13|2026-04-14|2026-04-15|2026-04-16|2026-04-17|2026-04-20|2026-04-21|2026-04-22|2026-04-23|2026-04-24|2026-04-27|2026-04-28|2026-04-29|2026-04-30|2026-05-01|2026-05-04,2026-05-05 19:30:02,0.0
Labcorp Holdings,,2026-03-23|2026-03-24|2026-03-25|2026-03-26|2026-03-27|2026-03-30|2026-03-31|2026-04-01|2026-04-02|2026-04-06|2026-04-07|2026-04-08|2026-04-09|2026-04-10|2026-04-13|2026-04-14|2026-04-15|2026-04-16|2026-04-17|2026-04-20|2026-04-21|2026-04-22|2026-04-23|2026-04-24|2026-04-27|2026-04-28|2026-04-29|2026-04-30|2026-05-01|2026-05-04,2026-05-05 19:30:02,0.0
Western Digital,,2026-03-23|2026-03-24|2026-03-25|2026-03-26|2026-03-27|2026-03-30|2026-03-31|2026-04-01|2026-04-02|2026-04-06|2026-04-07|2026-04-08|2026-04-09|2026-04-10|2026-04-13|2026-04-14|2026-04-15|2026-04-16|2026-04-17|2026-04-20|2026-04-21|2026-04-22|2026-04-23|2026-04-24|2026-04-27|2026-04-28|2026-04-29|2026-04-30|2026-05-01|2026-05-04,2026-05-05 19:30:02,0.0
Unum Group,,2026-03-23|2026-03-24|2026-03-25|2026-03-26|2026-03-27|2026-03-30|2026-03-31|2026-04-01|2026-04-02|2026-04-06|2026-04-07|2026-04-08|2026-04-09|2026-04-10|2026-04-13|2026-04-14|2026-04-15|2026-04-16|2026-04-17|2026-04-20|2026-04-21|2026-04-22|2026-04-23|2026-04-24|2026-04-27|2026-04-28|2026-04-29|2026-04-30|2026-05-01|2026-05-04,2026-05-05 19:30:02,0.0
DaVita,,2026-03-23|2026-03-24|2026-03-25|2026-03-26|2026-03-27|2026-03-30|2026-03-31|2026-04-01|2026-04-02|2026-04-06|2026-04-07|2026-04-08|2026-04-09|2026-04-10|2026-04-13|2026-04-14|2026-04-15|2026-04-16|2026-04-17|2026-04-20|2026-04-21|2026-04-22|2026-04-23|2026-04-24|2026-04-27|2026-04-28|2026-04-29|2026-04-30|2026-05-01|2026-05-04,2026-05-05 19:30:02,0.0
Henry Schein,,2026-03-23|2026-03-24|2026-03-25|2026-03-26|2026-03-27|2026-03-30|2026-03-31|2026-04-01|2026-04-02|2026-04-06|2026-04-07|2026-04-08|2026-04-09|2026-04-10|2026-04-13|2026-04-14|2026-04-15|2026-04-16|2026-04-17|2026-04-20|2026-04-21|2026-04-22|2026-04-23|2026-04-24|2026-04-27|2026-04-28|2026-04-29|2026-04-30|2026-05-01|2026-05-04,2026-05-05 19:30:02,0.0
Ryder System,,2026-03-23|2026-03-24|2026-03-25|2026-03-26|2026-03-27|2026-03-30|2026-03-31|2026-04-01|2026-04-02|2026-04-06|2026-04-07|2026-04-08|2026-04-09|2026-04-10|2026-04-13|2026-04-14|2026-04-15|2026-04-16|2026-04-17|2026-04-20|2026-04-21|2026-04-22|2026-04-23|2026-04-24|2026-04-27|2026-04-28|2026-04-29|2026-04-30|2026-05-01|2026-05-04,2026-05-05 19:30:02,0.0
Community Health Systems,,2026-03-23|2026-03-24|2026-03-25|2026-03-26|2026-03-27|2026-03-30|2026-03-31|2026-04-01|2026-04-02|2026-04-06|2026-04-07|2026-04-08|2026-04-09|2026-04-10|2026-04-13|2026-04-14|2026-04-15|2026-04-16|2026-04-17|2026-04-20|2026-04-21|2026-04-22|2026-04-23|2026-04-24|2026-04-27|2026-04-28|2026-04-29|2026-04-30|2026-05-01|2026-05-04,2026-05-05 19:30:02,0.0
Delek US,,2026-03-23|2026-03-24|2026-03-25|2026-03-26|2026-03-27|2026-03-30|2026-03-31|2026-04-01|2026-04-02|2026-04-06|2026-04-07|2026-04-08|2026-04-09|2026-04-10|2026-04-13|2026-04-14|2026-04-15|2026-04-16|2026-04-17|2026-04-20|2026-04-21|2026-04-22|2026-04-23|2026-04-24|2026-04-27|2026-04-28|2026-04-29|2026-04-30|2026-05-01|2026-05-04,2026-05-05 19:30:02,0.0
DTE Energy,,2026-03-23|2026-03-24|2026-03-25|2026-03-26|2026-03-27|2026-03-30|2026-03-31|2026-04-01|2026-04-02|2026-04-06|2026-04-07|2026-04-08|2026-04-09|2026-04-10|2026-04-13|2026-04-14|2026-04-15|2026-04-16|2026-04-17|2026-04-20|2026-04-21|2026-04-22|2026-04-23|2026-04-24|2026-04-27|2026-04-28|2026-04-29|2026-04-30|2026-05-01|2026-05-04,2026-05-05 19:30:02,0.0
Equitable Holdings,,2026-03-23|2026-03-24|2026-03-25|2026-03-26|2026-03-27|2026-03-30|2026-03-31|2026-04-01|2026-04-02|2026-04-06|2026-04-07|2026-04-08|2026-04-09|2026-04-10|2026-04-13|2026-04-14|2026-04-15|2026-04-16|2026-04-17|2026-04-20|2026-04-21|2026-04-22|2026-04-23|2026-04-24|2026-04-27|2026-04-28|2026-04-29|2026-04-30|2026-05-01|2026-05-04,2026-05-05 19:30:02,0.0
Zions Bancorp,0|0|0|0|0|0|0|0|0|0|0|0|0|0|0|0|0|0|0|0|50|100|0|90|61|70|0|61|0|51,2026-03-23|2026-03-24|2026-03-25|2026-03-26|2026-03-27|2026-03-30|2026-03-31|2026-04-01|2026-04-02|2026-04-06|2026-04-07|2026-04-08|2026-04-09|2026-04-10|2026-04-13|2026-04-14|2026-04-15|2026-04-16|2026-04-17|2026-04-20|2026-04-21|2026-04-22|2026-04-23|2026-04-24|2026-04-27|2026-04-28|2026-04-29|2026-04-30|2026-05-01|2026-05-04,2026-05-05 22:58:39,16.1
JELD-WEN Holding,,2026-03-23|2026-03-24|2026-03-25|2026-03-26|2026-03-27|2026-03-30|2026-03-31|2026-04-01|2026-04-02|2026-04-06|2026-04-07|2026-04-08|2026-04-09|2026-04-10|2026-04-13|2026-04-14|2026-04-15|2026-04-16|2026-04-17|2026-04-20|2026-04-21|2026-04-22|2026-04-23|2026-04-24|2026-04-27|2026-04-28|2026-04-29|2026-04-30|2026-05-01|2026-05-04,2026-05-05 22:58:42,0.0
Snap Inc,42|52|43|36|54|27|57|59|33|27|37|24|49|52|46|53|100|83|78|43|22|19|19|20|23|17|13|19|15|16,2026-03-23|2026-03-24|2026-03-25|2026-03-26|2026-03-27|2026-03-30|2026-03-31|2026-04-01|2026-04-02|2026-04-06|2026-04-07|2026-04-08|2026-04-09|2026-04-10|2026-04-13|2026-04-14|2026-04-15|2026-04-16|2026-04-17|2026-04-20|2026-04-21|2026-04-22|2026-04-23|2026-04-24|2026-04-27|2026-04-28|2026-04-29|2026-04-30|2026-05-01|2026-05-04,2026-05-05 22:58:43,39.3
Zebra Technologies,53|75|60|52|45|90|63|75|64|0|48|64|76|67|82|86|100|75|97|56|40|45|39|37|38|38|44|34|29|38,2026-03-23|2026-03-24|2026-03-25|2026-03-26|2026-03-27|2026-03-30|2026-03-31|2026-04-01|2026-04-02|2026-04-06|2026-04-07|2026-04-08|2026-04-09|2026-04-10|2026-04-13|2026-04-14|2026-04-15|2026-04-16|2026-04-17|2026-04-20|2026-04-21|2026-04-22|2026-04-23|2026-04-24|2026-04-27|2026-04-28|2026-04-29|2026-04-30|2026-05-01|2026-05-04,2026-05-05 22:58:45,57.0
Agilon Health,0|0|0|0|0|0|0|0|0|0|0|0|0|0|0|0|0|0|0|0|32|23|24|17|29|30|26|28|18|20,2026-03-23|2026-03-24|2026-03-25|2026-03-26|2026-03-27|2026-03-30|2026-03-31|2026-04-01|2026-04-02|2026-04-06|2026-04-07|2026-04-08|2026-04-09|2026-04-10|2026-04-13|2026-04-14|2026-04-15|2026-04-16|2026-04-17|2026-04-20|2026-04-21|2026-04-22|2026-04-23|2026-04-24|2026-04-27|2026-04-28|2026-04-29|2026-04-30|2026-05-01|2026-05-04,2026-05-05 22:58:50,8.2
Toro Company,54|50|53|48|35|43|53|54|59|55|83|60|66|64|67|63|91|100|72|78|30|28|28|22|25|24|21|22|22|22,2026-03-23|2026-03-24|2026-03-25|2026-03-26|2026-03-27|2026-03-30|2026-03-31|2026-04-01|2026-04-02|2026-04-06|2026-04-07|2026-04-08|2026-04-09|2026-04-10|2026-04-13|2026-04-14|2026-04-15|2026-04-16|2026-04-17|2026-04-20|2026-04-21|2026-04-22|2026-04-23|2026-04-24|2026-04-27|2026-04-28|2026-04-29|2026-04-30|2026-05-01|2026-05-04,2026-05-05 22:58:53,49.7
Zoom Video Communications,0|0|0|0|0|0|0|0|0|0|0|0|0|100|0|0|0|0|0|0|9|8|0|6|7|5|12|7|7|8,2026-03-23|2026-03-24|2026-03-25|2026-03-26|2026-03-27|2026-03-30|2026-03-31|2026-04-01|2026-04-02|2026-04-06|2026-04-07|2026-04-08|2026-04-09|2026-04-10|2026-04-13|2026-04-14|2026-04-15|2026-04-16|2026-04-17|2026-04-20|2026-04-21|2026-04-22|2026-04-23|2026-04-24|2026-04-27|2026-04-28|2026-04-29|2026-04-30|2026-05-01|2026-05-04,2026-05-05 22:58:57,5.6
Tetra Tech,74|50|97|62|78|78|67|61|81|87|48|77|62|85|63|73|100|64|91|84|41|40|45|41|38|43|44|42|37|38,2026-03-23|2026-03-24|2026-03-25|2026-03-26|2026-03-27|2026-03-30|2026-03-31|2026-04-01|2026-04-02|2026-04-06|2026-04-07|2026-04-08|2026-04-09|2026-04-10|2026-04-13|2026-04-14|2026-04-15|2026-04-16|2026-04-17|2026-04-20|2026-04-21|2026-04-22|2026-04-23|2026-04-24|2026-04-27|2026-04-28|2026-04-29|2026-04-30|2026-05-01|2026-05-04,2026-05-05 22:59:02,63.0
Public Storage,69|61|72|74|76|75|82|89|75|81|74|78|69|68|67|61|67|69|78|68|48|47|49|52|54|57|56|67|73|70,2026-03-23|2026-03-24|2026-03-25|2026-03-26|2026-03-27|2026-03-30|2026-03-31|2026-04-01|2026-04-02|2026-04-06|2026-04-07|2026-04-08|2026-04-09|2026-04-10|2026-04-13|2026-04-14|2026-04-15|2026-04-16|2026-04-17|2026-04-20|2026-04-21|2026-04-22|2026-04-23|2026-04-24|2026-04-27|2026-04-28|2026-04-29|2026-04-30|2026-05-01|2026-05-04,2026-05-05 22:59:06,67.5
Illumina Inc,0|0|0|0|0|0|0|0|0|0|0|0|0|0|0|0|0|0|0|0|0|0|71|0|86|96|0|84|0|0,2026-03-23|2026-03-24|2026-03-25|2026-03-26|2026-03-27|2026-03-30|2026-03-31|2026-04-01|2026-04-02|2026-04-06|2026-04-07|2026-04-08|2026-04-09|2026-04-10|2026-04-13|2026-04-14|2026-04-15|2026-04-16|2026-04-17|2026-04-20|2026-04-21|2026-04-22|2026-04-23|2026-04-24|2026-04-27|2026-04-28|2026-04-29|2026-04-30|2026-05-01|2026-05-04,2026-05-05 22:59:10,11.2
Ventas Inc,0|0|0|0|0|0|0|0|0|0|0|0|0|0|0|0|0|0|0|0|56|69|73|90|85|100|93|93|52|54,2026-03-23|2026-03-24|2026-03-25|2026-03-26|2026-03-27|2026-03-30|2026-03-31|2026-04-01|2026-04-02|2026-04-06|2026-04-07|2026-04-08|2026-04-09|2026-04-10|2026-04-13|2026-04-14|2026-04-15|2026-04-16|2026-04-17|2026-04-20|2026-04-21|2026-04-22|2026-04-23|2026-04-24|2026-04-27|2026-04-28|2026-04-29|2026-04-30|2026-05-01|2026-05-04,2026-05-05 22:59:13,25.5
FMC Corporation,0|0|0|0|0|0|0|0|0|0|0|100|0|0|0|0|0|0|0|0|16|15|12|10|20|10|12|20|16|9,2026-03-23|2026-03-24|2026-03-25|2026-03-26|2026-03-27|2026-03-30|2026-03-31|2026-04-01|2026-04-02|2026-04-06|2026-04-07|2026-04-08|2026-04-09|2026-04-10|2026-04-13|2026-04-14|2026-04-15|2026-04-16|2026-04-17|2026-04-20|2026-04-21|2026-04-22|2026-04-23|2026-04-24|2026-04-27|2026-04-28|2026-04-29|2026-04-30|2026-05-01|2026-05-04,2026-05-05 22:59:17,8.0
ArcBest,47|97|57|47|66|67|81|55|93|54|100|78|95|63|50|51|70|70|0|100|68|64|61|65|72|92|69|64|53|59,2026-03-23|2026-03-24|2026-03-25|2026-03-26|2026-03-27|2026-03-30|2026-03-31|2026-04-01|2026-04-02|2026-04-06|2026-04-07|2026-04-08|2026-04-09|2026-04-10|2026-04-13|2026-04-14|2026-04-15|2026-04-16|2026-04-17|2026-04-20|2026-04-21|2026-04-22|2026-04-23|2026-04-24|2026-04-27|2026-04-28|2026-04-29|2026-04-30|2026-05-01|2026-05-04,2026-05-05 22:59:21,66.9
Dominos Pizza Inc,0|0|0|0|0|0|0|0|0|0|0|0|0|0|0|0|0|0|0|0|65|0|100|0|0|0|0|0|0|79,2026-03-23|2026-03-24|2026-03-25|2026-03-26|2026-03-27|2026-03-30|2026-03-31|2026-04-01|2026-04-02|2026-04-06|2026-04-07|2026-04-08|2026-04-09|2026-04-10|2026-04-13|2026-04-14|2026-04-15|2026-04-16|2026-04-17|2026-04-20|2026-04-21|2026-04-22|2026-04-23|2026-04-24|2026-04-27|2026-04-28|2026-04-29|2026-04-30|2026-05-01|2026-05-04,2026-05-05 22:59:25,8.1
ASGN,0|0|0|0|0|0|0|0|0|0|0|0|0|0|0|0|0|0|0|0|0|12|29|100|74|25|24|17|12|8,2026-03-20|2026-03-23|2026-03-24|2026-03-25|2026-03-26|2026-03-27|2026-03-30|2026-03-31|2026-04-01|2026-04-02|2026-04-06|2026-04-07|2026-04-08|2026-04-09|2026-04-10|2026-04-13|2026-04-14|2026-04-15|2026-04-16|2026-04-17|2026-04-20|2026-04-21|2026-04-22|2026-04-23|2026-04-24|2026-04-27|2026-04-28|2026-04-29|2026-04-30|2026-05-01,2026-05-05 22:59:28,10.0
Rivian Automotive,0|0|0|0|0|0|0|0|100|0|73|0|0|0|0|0|0|0|85|94|27|25|31|32|27|49|26|22|30|22,2026-03-23|2026-03-24|2026-03-25|2026-03-26|2026-03-27|2026-03-30|2026-03-31|2026-04-01|2026-04-02|2026-04-06|2026-04-07|2026-04-08|2026-04-09|2026-04-10|2026-04-13|2026-04-14|2026-04-15|2026-04-16|2026-04-17|2026-04-20|2026-04-21|2026-04-22|2026-04-23|2026-04-24|2026-04-27|2026-04-28|2026-04-29|2026-04-30|2026-05-01|2026-05-04,2026-05-05 22:59:32,21.4
Elanco Animal Health,0|0|0|0|0|0|0|0|0|0|0|0|0|0|0|0|0|0|0|0|86|65|79|100|65|74|58|91|70|71,2026-03-23|2026-03-24|2026-03-25|2026-03-26|2026-03-27|2026-03-30|2026-03-31|2026-04-01|2026-04-02|2026-04-06|2026-04-07|2026-04-08|2026-04-09|2026-04-10|2026-04-13|2026-04-14|2026-04-15|2026-04-16|2026-04-17|2026-04-20|2026-04-21|2026-04-22|2026-04-23|2026-04-24|2026-04-27|2026-04-28|2026-04-29|2026-04-30|2026-05-01|2026-05-04,2026-05-05 22:59:47,25.3
Graham Holdings Company,0|0|0|0|0|0|0|0|0|0|0|0|0|0|0|0|0|0|0|0|0|0|0|0|88|0|0|100|0|0,2026-03-23|2026-03-24|2026-03-25|2026-03-26|2026-03-27|2026-03-30|2026-03-31|2026-04-01|2026-04-02|2026-04-06|2026-04-07|2026-04-08|2026-04-09|2026-04-10|2026-04-13|2026-04-14|2026-04-15|2026-04-16|2026-04-17|2026-04-20|2026-04-21|2026-04-22|2026-04-23|2026-04-24|2026-04-27|2026-04-28|2026-04-29|2026-04-30|2026-05-01|2026-05-04,2026-05-05 22:59:50,6.3
Floor & Decor,27|28|25|27|32|36|47|64|54|69|66|75|79|73|80|74|78|70|66|57|26|26|26|22|26|22|20|22|21|23,2026-03-23|2026-03-24|2026-03-25|2026-03-26|2026-03-27|2026-03-30|2026-03-31|2026-04-01|2026-04-02|2026-04-06|2026-04-07|2026-04-08|2026-04-09|2026-04-10|2026-04-13|2026-04-14|2026-04-15|2026-04-16|2026-04-17|2026-04-20|2026-04-21|2026-04-22|2026-04-23|2026-04-24|2026-04-27|2026-04-28|2026-04-29|2026-04-30|2026-05-01|2026-05-04,2026-05-05 22:59:54,45.4
Applied Industrial Technologies,0|0|83|95|85|0|0|81|78|0|0|82|0|0|0|100|0|0|0|86|62|75|73|55|73|79|69|73|57|49,2026-03-23|2026-03-24|2026-03-25|2026-03-26|2026-03-27|2026-03-30|2026-03-31|2026-04-01|2026-04-02|2026-04-06|2026-04-07|2026-04-08|2026-04-09|2026-04-10|2026-04-13|2026-04-14|2026-04-15|2026-04-16|2026-04-17|2026-04-20|2026-04-21|2026-04-22|2026-04-23|2026-04-24|2026-04-27|2026-04-28|2026-04-29|2026-04-30|2026-05-01|2026-05-04,2026-05-05 22:59:57,45.2
PriceSmart,63|55|75|84|0|63|76|77|44|81|55|100|63|73|32|55|56|42|57|91|45|49|42|44|48|42|41|43|44|45,2026-03-23|2026-03-24|2026-03-25|2026-03-26|2026-03-27|2026-03-30|2026-03-31|2026-04-01|2026-04-02|2026-04-06|2026-04-07|2026-04-08|2026-04-09|2026-04-10|2026-04-13|2026-04-14|2026-04-15|2026-04-16|2026-04-17|2026-04-20|2026-04-21|2026-04-22|2026-04-23|2026-04-24|2026-04-27|2026-04-28|2026-04-29|2026-04-30|2026-05-01|2026-05-04,2026-05-05 23:00:12,56.2
Lyft,68|64|69|71|73|63|71|75|67|70|69|66|75|70|65|64|68|74|100|66|60|59|63|64|57|60|57|60|64|61,2026-03-23|2026-03-24|2026-03-25|2026-03-26|2026-03-27|2026-03-30|2026-03-31|2026-04-01|2026-04-02|2026-04-06|2026-04-07|2026-04-08|2026-04-09|2026-04-10|2026-04-13|2026-04-14|2026-04-15|2026-04-16|2026-04-17|2026-04-20|2026-04-21|2026-04-22|2026-04-23|2026-04-24|2026-04-27|2026-04-28|2026-04-29|2026-04-30|2026-05-01|2026-05-04,2026-05-05 23:00:15,67.1
Ciena,77|83|89|85|62|56|74|76|100|79|74|87|77|76|64|81|70|83|90|72|50|56|56|57|50|52|55|55|52|48,2026-03-23|2026-03-24|2026-03-25|2026-03-26|2026-03-27|2026-03-30|2026-03-31|2026-04-01|2026-04-02|2026-04-06|2026-04-07|2026-04-08|2026-04-09|2026-04-10|2026-04-13|2026-04-14|2026-04-15|2026-04-16|2026-04-17|2026-04-20|2026-04-21|2026-04-22|2026-04-23|2026-04-24|2026-04-27|2026-04-28|2026-04-29|2026-04-30|2026-05-01|2026-05-04,2026-05-05 23:00:18,69.5
IAC inc,0|0|0|0|0|0|0|0|0|0|0|0|0|0|0|0|0|0|0|0|0|23|20|0|43|100|59|36|37|60,2026-03-23|2026-03-24|2026-03-25|2026-03-26|2026-03-27|2026-03-30|2026-03-31|2026-04-01|2026-04-02|2026-04-06|2026-04-07|2026-04-08|2026-04-09|2026-04-10|2026-04-13|2026-04-14|2026-04-15|2026-04-16|2026-04-17|2026-04-20|2026-04-21|2026-04-22|2026-04-23|2026-04-24|2026-04-27|2026-04-28|2026-04-29|2026-04-30|2026-05-01|2026-05-04,2026-05-05 23:00:21,12.6
Western Union,59|59|61|58|61|61|64|63|58|64|62|75|74|79|68|79|86|75|100|63|52|55|51|58|50|52|53|62|60|60,2026-03-23|2026-03-24|2026-03-25|2026-03-26|2026-03-27|2026-03-30|2026-03-31|2026-04-01|2026-04-02|2026-04-06|2026-04-07|2026-04-08|2026-04-09|2026-04-10|2026-04-13|2026-04-14|2026-04-15|2026-04-16|2026-04-17|2026-04-20|2026-04-21|2026-04-22|2026-04-23|2026-04-24|2026-04-27|2026-04-28|2026-04-29|2026-04-30|2026-05-01|2026-05-04,2026-05-05 23:00:26,64.1
Flowserve,65|58|100|64|71|87|51|93|50|63|61|97|62|57|56|70|72|63|74|80|50|57|59|38|56|58|61|67|45|44,2026-03-23|2026-03-24|2026-03-25|2026-03-26|2026-03-27|2026-03-30|2026-03-31|2026-04-01|2026-04-02|2026-04-06|2026-04-07|2026-04-08|2026-04-09|2026-04-10|2026-04-13|2026-04-14|2026-04-15|2026-04-16|2026-04-17|2026-04-20|2026-04-21|2026-04-22|2026-04-23|2026-04-24|2026-04-27|2026-04-28|2026-04-29|2026-04-30|2026-05-01|2026-05-04,2026-05-05 23:00:30,64.3
Western Alliance Bancorp,0|0|0|0|0|0|0|0|0|0|0|0|0|0|0|0|0|0|0|0|0|0|0|0|0|0|0|100|0|0,2026-03-23|2026-03-24|2026-03-25|2026-03-26|2026-03-27|2026-03-30|2026-03-31|2026-04-01|2026-04-02|2026-04-06|2026-04-07|2026-04-08|2026-04-09|2026-04-10|2026-04-13|2026-04-14|2026-04-15|2026-04-16|2026-04-17|2026-04-20|2026-04-21|2026-04-22|2026-04-23|2026-04-24|2026-04-27|2026-04-28|2026-04-29|2026-04-30|2026-05-01|2026-05-04,2026-05-05 23:00:45,3.3
Option Care Health,,2026-03-23|2026-03-24|2026-03-25|2026-03-26|2026-03-27|2026-03-30|2026-03-31|2026-04-01|2026-04-02|2026-04-06|2026-04-07|2026-04-08|2026-04-09|2026-04-10|2026-04-13|2026-04-14|2026-04-15|2026-04-16|2026-04-17|2026-04-20|2026-04-21|2026-04-22|2026-04-23|2026-04-24|2026-04-27|2026-04-28|2026-04-29|2026-04-30|2026-05-01|2026-05-04,2026-05-05 23:01:19,0.0
SiteOne Landscape Supply,,2026-03-23|2026-03-24|2026-03-25|2026-03-26|2026-03-27|2026-03-30|2026-03-31|2026-04-01|2026-04-02|2026-04-06|2026-04-07|2026-04-08|2026-04-09|2026-04-10|2026-04-13|2026-04-14|2026-04-15|2026-04-16|2026-04-17|2026-04-20|2026-04-21|2026-04-22|2026-04-23|2026-04-24|2026-04-27|2026-04-28|2026-04-29|2026-04-30|2026-05-01|2026-05-04,2026-05-05 23:02:01,0.0
eXp World,,2026-03-23|2026-03-24|2026-03-25|2026-03-26|2026-03-27|2026-03-30|2026-03-31|2026-04-01|2026-04-02|2026-04-06|2026-04-07|2026-04-08|2026-04-09|2026-04-10|2026-04-13|2026-04-14|2026-04-15|2026-04-16|2026-04-17|2026-04-20|2026-04-21|2026-04-22|2026-04-23|2026-04-24|2026-04-27|2026-04-28|2026-04-29|2026-04-30|2026-05-01|2026-05-04,2026-05-05 23:02:11,0.0
Abercrombie & Fitch,,2026-03-23|2026-03-24|2026-03-25|2026-03-26|2026-03-27|2026-03-30|2026-03-31|2026-04-01|2026-04-02|2026-04-06|2026-04-07|2026-04-08|2026-04-09|2026-04-10|2026-04-13|2026-04-14|2026-04-15|2026-04-16|2026-04-17|2026-04-20|2026-04-21|2026-04-22|2026-04-23|2026-04-24|2026-04-27|2026-04-28|2026-04-29|2026-04-30|2026-05-01|2026-05-04,2026-05-05 23:02:11,0.0
Atmos Energy,,2026-03-23|2026-03-24|2026-03-25|2026-03-26|2026-03-27|2026-03-30|2026-03-31|2026-04-01|2026-04-02|2026-04-06|2026-04-07|2026-04-08|2026-04-09|2026-04-10|2026-04-13|2026-04-14|2026-04-15|2026-04-16|2026-04-17|2026-04-20|2026-04-21|2026-04-22|2026-04-23|2026-04-24|2026-04-27|2026-04-28|2026-04-29|2026-04-30|2026-05-01|2026-05-04,2026-05-05 23:02:11,0.0
Brown & Brown,,2026-03-23|2026-03-24|2026-03-25|2026-03-26|2026-03-27|2026-03-30|2026-03-31|2026-04-01|2026-04-02|2026-04-06|2026-04-07|2026-04-08|2026-04-09|2026-04-10|2026-04-13|2026-04-14|2026-04-15|2026-04-16|2026-04-17|2026-04-20|2026-04-21|2026-04-22|2026-04-23|2026-04-24|2026-04-27|2026-04-28|2026-04-29|2026-04-30|2026-05-01|2026-05-04,2026-05-05 23:02:11,0.0
GoDaddy,,2026-03-23|2026-03-24|2026-03-25|2026-03-26|2026-03-27|2026-03-30|2026-03-31|2026-04-01|2026-04-02|2026-04-06|2026-04-07|2026-04-08|2026-04-09|2026-04-10|2026-04-13|2026-04-14|2026-04-15|2026-04-16|2026-04-17|2026-04-20|2026-04-21|2026-04-22|2026-04-23|2026-04-24|2026-04-27|2026-04-28|2026-04-29|2026-04-30|2026-05-01|2026-05-04,2026-05-05 23:02:11,0.0
American Water Works,,2026-03-23|2026-03-24|2026-03-25|2026-03-26|2026-03-27|2026-03-30|2026-03-31|2026-04-01|2026-04-02|2026-04-06|2026-04-07|2026-04-08|2026-04-09|2026-04-10|2026-04-13|2026-04-14|2026-04-15|2026-04-16|2026-04-17|2026-04-20|2026-04-21|2026-04-22|2026-04-23|2026-04-24|2026-04-27|2026-04-28|2026-04-29|2026-04-30|2026-05-01|2026-05-04,2026-05-05 23:02:11,0.0
Selective Insurance Group,,2026-03-23|2026-03-24|2026-03-25|2026-03-26|2026-03-27|2026-03-30|2026-03-31|2026-04-01|2026-04-02|2026-04-06|2026-04-07|2026-04-08|2026-04-09|2026-04-10|2026-04-13|2026-04-14|2026-04-15|2026-04-16|2026-04-17|2026-04-20|2026-04-21|2026-04-22|2026-04-23|2026-04-24|2026-04-27|2026-04-28|2026-04-29|2026-04-30|2026-05-01|2026-05-04,2026-05-05 23:02:11,0.0
Advantage Solutions,,2026-03-23|2026-03-24|2026-03-25|2026-03-26|2026-03-27|2026-03-30|2026-03-31|2026-04-01|2026-04-02|2026-04-06|2026-04-07|2026-04-08|2026-04-09|2026-04-10|2026-04-13|2026-04-14|2026-04-15|2026-04-16|2026-04-17|2026-04-20|2026-04-21|2026-04-22|2026-04-23|2026-04-24|2026-04-27|2026-04-28|2026-04-29|2026-04-30|2026-05-01|2026-05-04,2026-05-05 23:02:11,0.0
ResMed,,2026-03-23|2026-03-24|2026-03-25|2026-03-26|2026-03-27|2026-03-30|2026-03-31|2026-04-01|2026-04-02|2026-04-06|2026-04-07|2026-04-08|2026-04-09|2026-04-10|2026-04-13|2026-04-14|2026-04-15|2026-04-16|2026-04-17|2026-04-20|2026-04-21|2026-04-22|2026-04-23|2026-04-24|2026-04-27|2026-04-28|2026-04-29|2026-04-30|2026-05-01|2026-05-04,2026-05-05 23:02:11,0.0
Plexus Corp,,2026-03-23|2026-03-24|2026-03-25|2026-03-26|2026-03-27|2026-03-30|2026-03-31|2026-04-01|2026-04-02|2026-04-06|2026-04-07|2026-04-08|2026-04-09|2026-04-10|2026-04-13|2026-04-14|2026-04-15|2026-04-16|2026-04-17|2026-04-20|2026-04-21|2026-04-22|2026-04-23|2026-04-24|2026-04-27|2026-04-28|2026-04-29|2026-04-30|2026-05-01|2026-05-04,2026-05-05 23:02:11,0.0
Hub Group,,2026-03-23|2026-03-24|2026-03-25|2026-03-26|2026-03-27|2026-03-30|2026-03-31|2026-04-01|2026-04-02|2026-04-06|2026-04-07|2026-04-08|2026-04-09|2026-04-10|2026-04-13|2026-04-14|2026-04-15|2026-04-16|2026-04-17|2026-04-20|2026-04-21|2026-04-22|2026-04-23|2026-04-24|2026-04-27|2026-04-28|2026-04-29|2026-04-30|2026-05-01|2026-05-04,2026-05-05 23:02:11,0.0
Lincoln Electric,,2026-03-23|2026-03-24|2026-03-25|2026-03-26|2026-03-27|2026-03-30|2026-03-31|2026-04-01|2026-04-02|2026-04-06|2026-04-07|2026-04-08|2026-04-09|2026-04-10|2026-04-13|2026-04-14|2026-04-15|2026-04-16|2026-04-17|2026-04-20|2026-04-21|2026-04-22|2026-04-23|2026-04-24|2026-04-27|2026-04-28|2026-04-29|2026-04-30|2026-05-01|2026-05-04,2026-05-05 23:02:11,0.0
NCR Atleos,,2026-03-23|2026-03-24|2026-03-25|2026-03-26|2026-03-27|2026-03-30|2026-03-31|2026-04-01|2026-04-02|2026-04-06|2026-04-07|2026-04-08|2026-04-09|2026-04-10|2026-04-13|2026-04-14|2026-04-15|2026-04-16|2026-04-17|2026-04-20|2026-04-21|2026-04-22|2026-04-23|2026-04-24|2026-04-27|2026-04-28|2026-04-29|2026-04-30|2026-05-01|2026-05-04,2026-05-05 23:02:11,0.0
Calumet Inc,,2026-03-23|2026-03-24|2026-03-25|2026-03-26|2026-03-27|2026-03-30|2026-03-31|2026-04-01|2026-04-02|2026-04-06|2026-04-07|2026-04-08|2026-04-09|2026-04-10|2026-04-13|2026-04-14|2026-04-15|2026-04-16|2026-04-17|2026-04-20|2026-04-21|2026-04-22|2026-04-23|2026-04-24|2026-04-27|2026-04-28|2026-04-29|2026-04-30|2026-05-01|2026-05-04,2026-05-05 23:02:11,0.0
Dycom Industries,,2026-03-23|2026-03-24|2026-03-25|2026-03-26|2026-03-27|2026-03-30|2026-03-31|2026-04-01|2026-04-02|2026-04-06|2026-04-07|2026-04-08|2026-04-09|2026-04-10|2026-04-13|2026-04-14|2026-04-15|2026-04-16|2026-04-17|2026-04-20|2026-04-21|2026-04-22|2026-04-23|2026-04-24|2026-04-27|2026-04-28|2026-04-29|2026-04-30|2026-05-01|2026-05-04,2026-05-05 23:02:11,0.0
Valmont Industries,,2026-03-23|2026-03-24|2026-03-25|2026-03-26|2026-03-27|2026-03-30|2026-03-31|2026-04-01|2026-04-02|2026-04-06|2026-04-07|2026-04-08|2026-04-09|2026-04-10|2026-04-13|2026-04-14|2026-04-15|2026-04-16|2026-04-17|2026-04-20|2026-04-21|2026-04-22|2026-04-23|2026-04-24|2026-04-27|2026-04-28|2026-04-29|2026-04-30|2026-05-01|2026-05-04,2026-05-05 23:02:11,0.0
ATI Inc,,2026-03-23|2026-03-24|2026-03-25|2026-03-26|2026-03-27|2026-03-30|2026-03-31|2026-04-01|2026-04-02|2026-04-06|2026-04-07|2026-04-08|2026-04-09|2026-04-10|2026-04-13|2026-04-14|2026-04-15|2026-04-16|2026-04-17|2026-04-20|2026-04-21|2026-04-22|2026-04-23|2026-04-24|2026-04-27|2026-04-28|2026-04-29|2026-04-30|2026-05-01|2026-05-04,2026-05-05 23:02:11,0.0
Twilio,,2026-03-23|2026-03-24|2026-03-25|2026-03-26|2026-03-27|2026-03-30|2026-03-31|2026-04-01|2026-04-02|2026-04-06|2026-04-07|2026-04-08|2026-04-09|2026-04-10|2026-04-13|2026-04-14|2026-04-15|2026-04-16|2026-04-17|2026-04-20|2026-04-21|2026-04-22|2026-04-23|2026-04-24|2026-04-27|2026-04-28|2026-04-29|2026-04-30|2026-05-01|2026-05-04,2026-05-05 23:02:11,0.0
CNO Financial Group,,2026-03-23|2026-03-24|2026-03-25|2026-03-26|2026-03-27|2026-03-30|2026-03-31|2026-04-01|2026-04-02|2026-04-06|2026-04-07|2026-04-08|2026-04-09|2026-04-10|2026-04-13|2026-04-14|2026-04-15|2026-04-16|2026-04-17|2026-04-20|2026-04-21|2026-04-22|2026-04-23|2026-04-24|2026-04-27|2026-04-28|2026-04-29|2026-04-30|2026-05-01|2026-05-04,2026-05-05 23:02:11,0.0
Patterson-UTI Energy,,2026-03-23|2026-03-24|2026-03-25|2026-03-26|2026-03-27|2026-03-30|2026-03-31|2026-04-01|2026-04-02|2026-04-06|2026-04-07|2026-04-08|2026-04-09|2026-04-10|2026-04-13|2026-04-14|2026-04-15|2026-04-16|2026-04-17|2026-04-20|2026-04-21|2026-04-22|2026-04-23|2026-04-24|2026-04-27|2026-04-28|2026-04-29|2026-04-30|2026-05-01|2026-05-04,2026-05-05 23:02:11,0.0
Brinker International,,2026-03-23|2026-03-24|2026-03-25|2026-03-26|2026-03-27|2026-03-30|2026-03-31|2026-04-01|2026-04-02|2026-04-06|2026-04-07|2026-04-08|2026-04-09|2026-04-10|2026-04-13|2026-04-14|2026-04-15|2026-04-16|2026-04-17|2026-04-20|2026-04-21|2026-04-22|2026-04-23|2026-04-24|2026-04-27|2026-04-28|2026-04-29|2026-04-30|2026-05-01|2026-05-04,2026-05-05 23:02:11,0.0
Charles River Laboratories International,,2026-03-23|2026-03-24|2026-03-25|2026-03-26|2026-03-27|2026-03-30|2026-03-31|2026-04-01|2026-04-02|2026-04-06|2026-04-07|2026-04-08|2026-04-09|2026-04-10|2026-04-13|2026-04-14|2026-04-15|2026-04-16|2026-04-17|2026-04-20|2026-04-21|2026-04-22|2026-04-23|2026-04-24|2026-04-27|2026-04-28|2026-04-29|2026-04-30|2026-05-01|2026-05-04,2026-05-05 23:02:11,0.0
Hyster-Yale,,2026-03-23|2026-03-24|2026-03-25|2026-03-26|2026-03-27|2026-03-30|2026-03-31|2026-04-01|2026-04-02|2026-04-06|2026-04-07|2026-04-08|2026-04-09|2026-04-10|2026-04-13|2026-04-14|2026-04-15|2026-04-16|2026-04-17|2026-04-20|2026-04-21|2026-04-22|2026-04-23|2026-04-24|2026-04-27|2026-04-28|2026-04-29|2026-04-30|2026-05-01|2026-05-04,2026-05-05 23:02:11,0.0
Brighthouse Financial,,2026-03-23|2026-03-24|2026-03-25|2026-03-26|2026-03-27|2026-03-30|2026-03-31|2026-04-01|2026-04-02|2026-04-06|2026-04-07|2026-04-08|2026-04-09|2026-04-10|2026-04-13|2026-04-14|2026-04-15|2026-04-16|2026-04-17|2026-04-20|2026-04-21|2026-04-22|2026-04-23|2026-04-24|2026-04-27|2026-04-28|2026-04-29|2026-04-30|2026-05-01|2026-05-04,2026-05-05 23:02:11,0.0
Service Corp International,,2026-03-23|2026-03-24|2026-03-25|2026-03-26|2026-03-27|2026-03-30|2026-03-31|2026-04-01|2026-04-02|2026-04-06|2026-04-07|2026-04-08|2026-04-09|2026-04-10|2026-04-13|2026-04-14|2026-04-15|2026-04-16|2026-04-17|2026-04-20|2026-04-21|2026-04-22|2026-04-23|2026-04-24|2026-04-27|2026-04-28|2026-04-29|2026-04-30|2026-05-01|2026-05-04,2026-05-05 23:02:11,0.0
CrossAmerica Partners,,2026-03-23|2026-03-24|2026-03-25|2026-03-26|2026-03-27|2026-03-30|2026-03-31|2026-04-01|2026-04-02|2026-04-06|2026-04-07|2026-04-08|2026-04-09|2026-04-10|2026-04-13|2026-04-14|2026-04-15|2026-04-16|2026-04-17|2026-04-20|2026-04-21|2026-04-22|2026-04-23|2026-04-24|2026-04-27|2026-04-28|2026-04-29|2026-04-30|2026-05-01|2026-05-04,2026-05-05 23:02:11,0.0
Cadence,,2026-03-23|2026-03-24|2026-03-25|2026-03-26|2026-03-27|2026-03-30|2026-03-31|2026-04-01|2026-04-02|2026-04-06|2026-04-07|2026-04-08|2026-04-09|2026-04-10|2026-04-13|2026-04-14|2026-04-15|2026-04-16|2026-04-17|2026-04-20|2026-04-21|2026-04-22|2026-04-23|2026-04-24|2026-04-27|2026-04-28|2026-04-29|2026-04-30|2026-05-01|2026-05-04,2026-05-05 23:02:11,0.0
MillerKnoll,,2026-03-23|2026-03-24|2026-03-25|2026-03-26|2026-03-27|2026-03-30|2026-03-31|2026-04-01|2026-04-02|2026-04-06|2026-04-07|2026-04-08|2026-04-09|2026-04-10|2026-04-13|2026-04-14|2026-04-15|2026-04-16|2026-04-17|2026-04-20|2026-04-21|2026-04-22|2026-04-23|2026-04-24|2026-04-27|2026-04-28|2026-04-29|2026-04-30|2026-05-01|2026-05-04,2026-05-05 23:02:11,0.0
Realty Income,,2026-03-23|2026-03-24|2026-03-25|2026-03-26|2026-03-27|2026-03-30|2026-03-31|2026-04-01|2026-04-02|2026-04-06|2026-04-07|2026-04-08|2026-04-09|2026-04-10|2026-04-13|2026-04-14|2026-04-15|2026-04-16|2026-04-17|2026-04-20|2026-04-21|2026-04-22|2026-04-23|2026-04-24|2026-04-27|2026-04-28|2026-04-29|2026-04-30|2026-05-01|2026-05-04,2026-05-05 23:02:11,0.0
Middleby,,2026-03-23|2026-03-24|2026-03-25|2026-03-26|2026-03-27|2026-03-30|2026-03-31|2026-04-01|2026-04-02|2026-04-06|2026-04-07|2026-04-08|2026-04-09|2026-04-10|2026-04-13|2026-04-14|2026-04-15|2026-04-16|2026-04-17|2026-04-20|2026-04-21|2026-04-22|2026-04-23|2026-04-24|2026-04-27|2026-04-28|2026-04-29|2026-04-30|2026-05-01|2026-05-04,2026-05-05 23:02:11,0.0
M/I Homes,,2026-03-23|2026-03-24|2026-03-25|2026-03-26|2026-03-27|2026-03-30|2026-03-31|2026-04-01|2026-04-02|2026-04-06|2026-04-07|2026-04-08|2026-04-09|2026-04-10|2026-04-13|2026-04-14|2026-04-15|2026-04-16|2026-04-17|2026-04-20|2026-04-21|2026-04-22|2026-04-23|2026-04-24|2026-04-27|2026-04-28|2026-04-29|2026-04-30|2026-05-01|2026-05-04,2026-05-05 23:02:11,0.0
Hologic,,2026-02-24|2026-02-25|2026-02-26|2026-02-27|2026-03-02|2026-03-03|2026-03-04|2026-03-05|2026-03-06|2026-03-09|2026-03-10|2026-03-11|2026-03-12|2026-03-13|2026-03-16|2026-03-17|2026-03-18|2026-03-19|2026-03-20|2026-03-23|2026-03-24|2026-03-25|2026-03-26|2026-03-27|2026-03-30|2026-03-31|2026-04-01|2026-04-02|2026-04-06|2026-04-07,2026-05-05 23:02:11,0.0
Alliant Energy,,2026-03-23|2026-03-24|2026-03-25|2026-03-26|2026-03-27|2026-03-30|2026-03-31|2026-04-01|2026-04-02|2026-04-06|2026-04-07|2026-04-08|2026-04-09|2026-04-10|2026-04-13|2026-04-14|2026-04-15|2026-04-16|2026-04-17|2026-04-20|2026-04-21|2026-04-22|2026-04-23|2026-04-24|2026-04-27|2026-04-28|2026-04-29|2026-04-30|2026-05-01|2026-05-04,2026-05-05 23:02:11,0.0
Generac,,2026-03-23|2026-03-24|2026-03-25|2026-03-26|2026-03-27|2026-03-30|2026-03-31|2026-04-01|2026-04-02|2026-04-06|2026-04-07|2026-04-08|2026-04-09|2026-04-10|2026-04-13|2026-04-14|2026-04-15|2026-04-16|2026-04-17|2026-04-20|2026-04-21|2026-04-22|2026-04-23|2026-04-24|2026-04-27|2026-04-28|2026-04-29|2026-04-30|2026-05-01|2026-05-04,2026-05-05 23:02:11,0.0
MSC Industrial Direct,,2026-03-23|2026-03-24|2026-03-25|2026-03-26|2026-03-27|2026-03-30|2026-03-31|2026-04-01|2026-04-02|2026-04-06|2026-04-07|2026-04-08|2026-04-09|2026-04-10|2026-04-13|2026-04-14|2026-04-15|2026-04-16|2026-04-17|2026-04-20|2026-04-21|2026-04-22|2026-04-23|2026-04-24|2026-04-27|2026-04-28|2026-04-29|2026-04-30|2026-05-01|2026-05-04,2026-05-05 23:02:11,0.0
Rocket Companies,,2026-03-23|2026-03-24|2026-03-25|2026-03-26|2026-03-27|2026-03-30|2026-03-31|2026-04-01|2026-04-02|2026-04-06|2026-04-07|2026-04-08|2026-04-09|2026-04-10|2026-04-13|2026-04-14|2026-04-15|2026-04-16|2026-04-17|2026-04-20|2026-04-21|2026-04-22|2026-04-23|2026-04-24|2026-04-27|2026-04-28|2026-04-29|2026-04-30|2026-05-01|2026-05-04,2026-05-05 23:02:11,0.0
Upbound Group,,2026-03-23|2026-03-24|2026-03-25|2026-03-26|2026-03-27|2026-03-30|2026-03-31|2026-04-01|2026-04-02|2026-04-06|2026-04-07|2026-04-08|2026-04-09|2026-04-10|2026-04-13|2026-04-14|2026-04-15|2026-04-16|2026-04-17|2026-04-20|2026-04-21|2026-04-22|2026-04-23|2026-04-24|2026-04-27|2026-04-28|2026-04-29|2026-04-30|2026-05-01|2026-05-04,2026-05-05 23:02:11,0.0
East West Bancorp,,2026-03-23|2026-03-24|2026-03-25|2026-03-26|2026-03-27|2026-03-30|2026-03-31|2026-04-01|2026-04-02|2026-04-06|2026-04-07|2026-04-08|2026-04-09|2026-04-10|2026-04-13|2026-04-14|2026-04-15|2026-04-16|2026-04-17|2026-04-20|2026-04-21|2026-04-22|2026-04-23|2026-04-24|2026-04-27|2026-04-28|2026-04-29|2026-04-30|2026-05-01|2026-05-04,2026-05-05 23:02:11,0.0
Grocery Outlet Holding,,2026-03-23|2026-03-24|2026-03-25|2026-03-26|2026-03-27|2026-03-30|2026-03-31|2026-04-01|2026-04-02|2026-04-06|2026-04-07|2026-04-08|2026-04-09|2026-04-10|2026-04-13|2026-04-14|2026-04-15|2026-04-16|2026-04-17|2026-04-20|2026-04-21|2026-04-22|2026-04-23|2026-04-24|2026-04-27|2026-04-28|2026-04-29|2026-04-30|2026-05-01|2026-05-04,2026-05-05 23:02:11,0.0
Dentsply Sirona,,2026-03-23|2026-03-24|2026-03-25|2026-03-26|2026-03-27|2026-03-30|2026-03-31|2026-04-01|2026-04-02|2026-04-06|2026-04-07|2026-04-08|2026-04-09|2026-04-10|2026-04-13|2026-04-14|2026-04-15|2026-04-16|2026-04-17|2026-04-20|2026-04-21|2026-04-22|2026-04-23|2026-04-24|2026-04-27|2026-04-28|2026-04-29|2026-04-30|2026-05-01|2026-05-04,2026-05-05 23:02:11,0.0
V2X,,2026-03-23|2026-03-24|2026-03-25|2026-03-26|2026-03-27|2026-03-30|2026-03-31|2026-04-01|2026-04-02|2026-04-06|2026-04-07|2026-04-08|2026-04-09|2026-04-10|2026-04-13|2026-04-14|2026-04-15|2026-04-16|2026-04-17|2026-04-20|2026-04-21|2026-04-22|2026-04-23|2026-04-24|2026-04-27|2026-04-28|2026-04-29|2026-04-30|2026-05-01|2026-05-04,2026-05-05 23:02:11,0.0
Crocs,,2026-03-23|2026-03-24|2026-03-25|2026-03-26|2026-03-27|2026-03-30|2026-03-31|2026-04-01|2026-04-02|2026-04-06|2026-04-07|2026-04-08|2026-04-09|2026-04-10|2026-04-13|2026-04-14|2026-04-15|2026-04-16|2026-04-17|2026-04-20|2026-04-21|2026-04-22|2026-04-23|2026-04-24|2026-04-27|2026-04-28|2026-04-29|2026-04-30|2026-05-01|2026-05-04,2026-05-05 23:02:11,0.0
Spectrum Brands,,2026-03-23|2026-03-24|2026-03-25|2026-03-26|2026-03-27|2026-03-30|2026-03-31|2026-04-01|2026-04-02|2026-04-06|2026-04-07|2026-04-08|2026-04-09|2026-04-10|2026-04-13|2026-04-14|2026-04-15|2026-04-16|2026-04-17|2026-04-20|2026-04-21|2026-04-22|2026-04-23|2026-04-24|2026-04-27|2026-04-28|2026-04-29|2026-04-30|2026-05-01|2026-05-04,2026-05-05 23:02:11,0.0
Visteon,,2026-03-23|2026-03-24|2026-03-25|2026-03-26|2026-03-27|2026-03-30|2026-03-31|2026-04-01|2026-04-02|2026-04-06|2026-04-07|2026-04-08|2026-04-09|2026-04-10|2026-04-13|2026-04-14|2026-04-15|2026-04-16|2026-04-17|2026-04-20|2026-04-21|2026-04-22|2026-04-23|2026-04-24|2026-04-27|2026-04-28|2026-04-29|2026-04-30|2026-05-01|2026-05-04,2026-05-05 23:02:11,0.0
Acuity Inc,,2026-03-23|2026-03-24|2026-03-25|2026-03-26|2026-03-27|2026-03-30|2026-03-31|2026-04-01|2026-04-02|2026-04-06|2026-04-07|2026-04-08|2026-04-09|2026-04-10|2026-04-13|2026-04-14|2026-04-15|2026-04-16|2026-04-17|2026-04-20|2026-04-21|2026-04-22|2026-04-23|2026-04-24|2026-04-27|2026-04-28|2026-04-29|2026-04-30|2026-05-01|2026-05-04,2026-05-05 23:02:11,0.0
The Greenbrier Companies,,2026-03-23|2026-03-24|2026-03-25|2026-03-26|2026-03-27|2026-03-30|2026-03-31|2026-04-01|2026-04-02|2026-04-06|2026-04-07|2026-04-08|2026-04-09|2026-04-10|2026-04-13|2026-04-14|2026-04-15|2026-04-16|2026-04-17|2026-04-20|2026-04-21|2026-04-22|2026-04-23|2026-04-24|2026-04-27|2026-04-28|2026-04-29|2026-04-30|2026-05-01|2026-05-04,2026-05-05 23:02:11,0.0
Webster Financial,,2026-03-23|2026-03-24|2026-03-25|2026-03-26|2026-03-27|2026-03-30|2026-03-31|2026-04-01|2026-04-02|2026-04-06|2026-04-07|2026-04-08|2026-04-09|2026-04-10|2026-04-13|2026-04-14|2026-04-15|2026-04-16|2026-04-17|2026-04-20|2026-04-21|2026-04-22|2026-04-23|2026-04-24|2026-04-27|2026-04-28|2026-04-29|2026-04-30|2026-05-01|2026-05-04,2026-05-05 23:02:11,0.0
Cabot Corporation,,2026-03-23|2026-03-24|2026-03-25|2026-03-26|2026-03-27|2026-03-30|2026-03-31|2026-04-01|2026-04-02|2026-04-06|2026-04-07|2026-04-08|2026-04-09|2026-04-10|2026-04-13|2026-04-14|2026-04-15|2026-04-16|2026-04-17|2026-04-20|2026-04-21|2026-04-22|2026-04-23|2026-04-24|2026-04-27|2026-04-28|2026-04-29|2026-04-30|2026-05-01|2026-05-04,2026-05-05 23:02:11,0.0
RXO Inc,,2026-03-23|2026-03-24|2026-03-25|2026-03-26|2026-03-27|2026-03-30|2026-03-31|2026-04-01|2026-04-02|2026-04-06|2026-04-07|2026-04-08|2026-04-09|2026-04-10|2026-04-13|2026-04-14|2026-04-15|2026-04-16|2026-04-17|2026-04-20|2026-04-21|2026-04-22|2026-04-23|2026-04-24|2026-04-27|2026-04-28|2026-04-29|2026-04-30|2026-05-01|2026-05-04,2026-05-05 23:02:11,0.0
Chord Energy,,2026-03-23|2026-03-24|2026-03-25|2026-03-26|2026-03-27|2026-03-30|2026-03-31|2026-04-01|2026-04-02|2026-04-06|2026-04-07|2026-04-08|2026-04-09|2026-04-10|2026-04-13|2026-04-14|2026-04-15|2026-04-16|2026-04-17|2026-04-20|2026-04-21|2026-04-22|2026-04-23|2026-04-24|2026-04-27|2026-04-28|2026-04-29|2026-04-30|2026-05-01|2026-05-04,2026-05-05 23:02:11,0.0
Popular Inc,,2026-03-23|2026-03-24|2026-03-25|2026-03-26|2026-03-27|2026-03-30|2026-03-31|2026-04-01|2026-04-02|2026-04-06|2026-04-07|2026-04-08|2026-04-09|2026-04-10|2026-04-13|2026-04-14|2026-04-15|2026-04-16|2026-04-17|2026-04-20|2026-04-21|2026-04-22|2026-04-23|2026-04-24|2026-04-27|2026-04-28|2026-04-29|2026-04-30|2026-05-01|2026-05-04,2026-05-05 23:02:11,0.0
Garrett Motion Inc,,2026-03-23|2026-03-24|2026-03-25|2026-03-26|2026-03-27|2026-03-30|2026-03-31|2026-04-01|2026-04-02|2026-04-06|2026-04-07|2026-04-08|2026-04-09|2026-04-10|2026-04-13|2026-04-14|2026-04-15|2026-04-16|2026-04-17|2026-04-20|2026-04-21|2026-04-22|2026-04-23|2026-04-24|2026-04-27|2026-04-28|2026-04-29|2026-04-30|2026-05-01|2026-05-04,2026-05-05 23:02:11,0.0
Tutor Perini Corporation,,2026-03-23|2026-03-24|2026-03-25|2026-03-26|2026-03-27|2026-03-30|2026-03-31|2026-04-01|2026-04-02|2026-04-06|2026-04-07|2026-04-08|2026-04-09|2026-04-10|2026-04-13|2026-04-14|2026-04-15|2026-04-16|2026-04-17|2026-04-20|2026-04-21|2026-04-22|2026-04-23|2026-04-24|2026-04-27|2026-04-28|2026-04-29|2026-04-30|2026-05-01|2026-05-04,2026-05-05 23:02:11,0.0
Copart,,2026-03-23|2026-03-24|2026-03-25|2026-03-26|2026-03-27|2026-03-30|2026-03-31|2026-04-01|2026-04-02|2026-04-06|2026-04-07|2026-04-08|2026-04-09|2026-04-10|2026-04-13|2026-04-14|2026-04-15|2026-04-16|2026-04-17|2026-04-20|2026-04-21|2026-04-22|2026-04-23|2026-04-24|2026-04-27|2026-04-28|2026-04-29|2026-04-30|2026-05-01|2026-05-04,2026-05-05 23:02:11,0.0
Toast Inc,,2026-03-23|2026-03-24|2026-03-25|2026-03-26|2026-03-27|2026-03-30|2026-03-31|2026-04-01|2026-04-02|2026-04-06|2026-04-07|2026-04-08|2026-04-09|2026-04-10|2026-04-13|2026-04-14|2026-04-15|2026-04-16|2026-04-17|2026-04-20|2026-04-21|2026-04-22|2026-04-23|2026-04-24|2026-04-27|2026-04-28|2026-04-29|2026-04-30|2026-05-01|2026-05-04,2026-05-05 23:02:11,0.0
Align Technology,,2026-03-23|2026-03-24|2026-03-25|2026-03-26|2026-03-27|2026-03-30|2026-03-31|2026-04-01|2026-04-02|2026-04-06|2026-04-07|2026-04-08|2026-04-09|2026-04-10|2026-04-13|2026-04-14|2026-04-15|2026-04-16|2026-04-17|2026-04-20|2026-04-21|2026-04-22|2026-04-23|2026-04-24|2026-04-27|2026-04-28|2026-04-29|2026-04-30|2026-05-01|2026-05-04,2026-05-05 23:02:11,0.0
A O Smith,,2026-03-23|2026-03-24|2026-03-25|2026-03-26|2026-03-27|2026-03-30|2026-03-31|2026-04-01|2026-04-02|2026-04-06|2026-04-07|2026-04-08|2026-04-09|2026-04-10|2026-04-13|2026-04-14|2026-04-15|2026-04-16|2026-04-17|2026-04-20|2026-04-21|2026-04-22|2026-04-23|2026-04-24|2026-04-27|2026-04-28|2026-04-29|2026-04-30|2026-05-01|2026-05-04,2026-05-05 23:02:11,0.0
TransUnion,,2026-03-23|2026-03-24|2026-03-25|2026-03-26|2026-03-27|2026-03-30|2026-03-31|2026-04-01|2026-04-02|2026-04-06|2026-04-07|2026-04-08|2026-04-09|2026-04-10|2026-04-13|2026-04-14|2026-04-15|2026-04-16|2026-04-17|2026-04-20|2026-04-21|2026-04-22|2026-04-23|2026-04-24|2026-04-27|2026-04-28|2026-04-29|2026-04-30|2026-05-01|2026-05-04,2026-05-05 23:02:11,0.0
NCR Voyix,,2026-03-23|2026-03-24|2026-03-25|2026-03-26|2026-03-27|2026-03-30|2026-03-31|2026-04-01|2026-04-02|2026-04-06|2026-04-07|2026-04-08|2026-04-09|2026-04-10|2026-04-13|2026-04-14|2026-04-15|2026-04-16|2026-04-17|2026-04-20|2026-04-21|2026-04-22|2026-04-23|2026-04-24|2026-04-27|2026-04-28|2026-04-29|2026-04-30|2026-05-01|2026-05-04,2026-05-05 23:02:11,0.0
Akamai Technologies,,2026-03-23|2026-03-24|2026-03-25|2026-03-26|2026-03-27|2026-03-30|2026-03-31|2026-04-01|2026-04-02|2026-04-06|2026-04-07|2026-04-08|2026-04-09|2026-04-10|2026-04-13|2026-04-14|2026-04-15|2026-04-16|2026-04-17|2026-04-20|2026-04-21|2026-04-22|2026-04-23|2026-04-24|2026-04-27|2026-04-28|2026-04-29|2026-04-30|2026-05-01|2026-05-04,2026-05-05 23:02:11,0.0
Trimble Inc,,2026-03-23|2026-03-24|2026-03-25|2026-03-26|2026-03-27|2026-03-30|2026-03-31|2026-04-01|2026-04-02|2026-04-06|2026-04-07|2026-04-08|2026-04-09|2026-04-10|2026-04-13|2026-04-14|2026-04-15|2026-04-16|2026-04-17|2026-04-20|2026-04-21|2026-04-22|2026-04-23|2026-04-24|2026-04-27|2026-04-28|2026-04-29|2026-04-30|2026-05-01|2026-05-04,2026-05-05 23:02:11,0.0
AMN Healthcare Services,,2026-03-23|2026-03-24|2026-03-25|2026-03-26|2026-03-27|2026-03-30|2026-03-31|2026-04-01|2026-04-02|2026-04-06|2026-04-07|2026-04-08|2026-04-09|2026-04-10|2026-04-13|2026-04-14|2026-04-15|2026-04-16|2026-04-17|2026-04-20|2026-04-21|2026-04-22|2026-04-23|2026-04-24|2026-04-27|2026-04-28|2026-04-29|2026-04-30|2026-05-01|2026-05-04,2026-05-05 23:02:11,0.0
Mettler-Toledo International,,2026-03-23|2026-03-24|2026-03-25|2026-03-26|2026-03-27|2026-03-30|2026-03-31|2026-04-01|2026-04-02|2026-04-06|2026-04-07|2026-04-08|2026-04-09|2026-04-10|2026-04-13|2026-04-14|2026-04-15|2026-04-16|2026-04-17|2026-04-20|2026-04-21|2026-04-22|2026-04-23|2026-04-24|2026-04-27|2026-04-28|2026-04-29|2026-04-30|2026-05-01|2026-05-04,2026-05-05 23:02:11,0.0
ScanSource,,2026-03-23|2026-03-24|2026-03-25|2026-03-26|2026-03-27|2026-03-30|2026-03-31|2026-04-01|2026-04-02|2026-04-06|2026-04-07|2026-04-08|2026-04-09|2026-04-10|2026-04-13|2026-04-14|2026-04-15|2026-04-16|2026-04-17|2026-04-20|2026-04-21|2026-04-22|2026-04-23|2026-04-24|2026-04-27|2026-04-28|2026-04-29|2026-04-30|2026-05-01|2026-05-04,2026-05-05 23:02:11,0.0
LCI Industries,,2026-03-23|2026-03-24|2026-03-25|2026-03-26|2026-03-27|2026-03-30|2026-03-31|2026-04-01|2026-04-02|2026-04-06|2026-04-07|2026-04-08|2026-04-09|2026-04-10|2026-04-13|2026-04-14|2026-04-15|2026-04-16|2026-04-17|2026-04-20|2026-04-21|2026-04-22|2026-04-23|2026-04-24|2026-04-27|2026-04-28|2026-04-29|2026-04-30|2026-05-01|2026-05-04,2026-05-05 23:02:11,0.0
Cboe Global Markets,,2026-03-23|2026-03-24|2026-03-25|2026-03-26|2026-03-27|2026-03-30|2026-03-31|2026-04-01|2026-04-02|2026-04-06|2026-04-07|2026-04-08|2026-04-09|2026-04-10|2026-04-13|2026-04-14|2026-04-15|2026-04-16|2026-04-17|2026-04-20|2026-04-21|2026-04-22|2026-04-23|2026-04-24|2026-04-27|2026-04-28|2026-04-29|2026-04-30|2026-05-01|2026-05-04,2026-05-05 23:02:11,0.0
Diebold Nixdorf,,2026-03-23|2026-03-24|2026-03-25|2026-03-26|2026-03-27|2026-03-30|2026-03-31|2026-04-01|2026-04-02|2026-04-06|2026-04-07|2026-04-08|2026-04-09|2026-04-10|2026-04-13|2026-04-14|2026-04-15|2026-04-16|2026-04-17|2026-04-20|2026-04-21|2026-04-22|2026-04-23|2026-04-24|2026-04-27|2026-04-28|2026-04-29|2026-04-30|2026-05-01|2026-05-04,2026-05-05 23:02:11,0.0
Corpay,,2026-03-23|2026-03-24|2026-03-25|2026-03-26|2026-03-27|2026-03-30|2026-03-31|2026-04-01|2026-04-02|2026-04-06|2026-04-07|2026-04-08|2026-04-09|2026-04-10|2026-04-13|2026-04-14|2026-04-15|2026-04-16|2026-04-17|2026-04-20|2026-04-21|2026-04-22|2026-04-23|2026-04-24|2026-04-27|2026-04-28|2026-04-29|2026-04-30|2026-05-01|2026-05-04,2026-05-05 23:02:11,0.0
iHeartMedia,,2026-03-23|2026-03-24|2026-03-25|2026-03-26|2026-03-27|2026-03-30|2026-03-31|2026-04-01|2026-04-02|2026-04-06|2026-04-07|2026-04-08|2026-04-09|2026-04-10|2026-04-13|2026-04-14|2026-04-15|2026-04-16|2026-04-17|2026-04-20|2026-04-21|2026-04-22|2026-04-23|2026-04-24|2026-04-27|2026-04-28|2026-04-29|2026-04-30|2026-05-01|2026-05-04,2026-05-05 23:02:11,0.0
Dream Finders Homes,,2026-03-23|2026-03-24|2026-03-25|2026-03-26|2026-03-27|2026-03-30|2026-03-31|2026-04-01|2026-04-02|2026-04-06|2026-04-07|2026-04-08|2026-04-09|2026-04-10|2026-04-13|2026-04-14|2026-04-15|2026-04-16|2026-04-17|2026-04-20|2026-04-21|2026-04-22|2026-04-23|2026-04-24|2026-04-27|2026-04-28|2026-04-29|2026-04-30|2026-05-01|2026-05-04,2026-05-05 23:02:11,0.0
Boyd Gaming,,2026-03-23|2026-03-24|2026-03-25|2026-03-26|2026-03-27|2026-03-30|2026-03-31|2026-04-01|2026-04-02|2026-04-06|2026-04-07|2026-04-08|2026-04-09|2026-04-10|2026-04-13|2026-04-14|2026-04-15|2026-04-16|2026-04-17|2026-04-20|2026-04-21|2026-04-22|2026-04-23|2026-04-24|2026-04-27|2026-04-28|2026-04-29|2026-04-30|2026-05-01|2026-05-04,2026-05-05 23:02:11,0.0
Ensign Group,,2026-03-23|2026-03-24|2026-03-25|2026-03-26|2026-03-27|2026-03-30|2026-03-31|2026-04-01|2026-04-02|2026-04-06|2026-04-07|2026-04-08|2026-04-09|2026-04-10|2026-04-13|2026-04-14|2026-04-15|2026-04-16|2026-04-17|2026-04-20|2026-04-21|2026-04-22|2026-04-23|2026-04-24|2026-04-27|2026-04-28|2026-04-29|2026-04-30|2026-05-01|2026-05-04,2026-05-05 23:02:11,0.0
Sally Beauty,,2026-03-23|2026-03-24|2026-03-25|2026-03-26|2026-03-27|2026-03-30|2026-03-31|2026-04-01|2026-04-02|2026-04-06|2026-04-07|2026-04-08|2026-04-09|2026-04-10|2026-04-13|2026-04-14|2026-04-15|2026-04-16|2026-04-17|2026-04-20|2026-04-21|2026-04-22|2026-04-23|2026-04-24|2026-04-27|2026-04-28|2026-04-29|2026-04-30|2026-05-01|2026-05-04,2026-05-05 23:02:11,0.0
Conduent,,2026-03-23|2026-03-24|2026-03-25|2026-03-26|2026-03-27|2026-03-30|2026-03-31|2026-04-01|2026-04-02|2026-04-06|2026-04-07|2026-04-08|2026-04-09|2026-04-10|2026-04-13|2026-04-14|2026-04-15|2026-04-16|2026-04-17|2026-04-20|2026-04-21|2026-04-22|2026-04-23|2026-04-24|2026-04-27|2026-04-28|2026-04-29|2026-04-30|2026-05-01|2026-05-04,2026-05-05 23:02:11,0.0
Sylvamo,,2026-03-23|2026-03-24|2026-03-25|2026-03-26|2026-03-27|2026-03-30|2026-03-31|2026-04-01|2026-04-02|2026-04-06|2026-04-07|2026-04-08|2026-04-09|2026-04-10|2026-04-13|2026-04-14|2026-04-15|2026-04-16|2026-04-17|2026-04-20|2026-04-21|2026-04-22|2026-04-23|2026-04-24|2026-04-27|2026-04-28|2026-04-29|2026-04-30|2026-05-01|2026-05-04,2026-05-05 23:02:11,0.0
Tri Pointe Homes,,2026-03-23|2026-03-24|2026-03-25|2026-03-26|2026-03-27|2026-03-30|2026-03-31|2026-04-01|2026-04-02|2026-04-06|2026-04-07|2026-04-08|2026-04-09|2026-04-10|2026-04-13|2026-04-14|2026-04-15|2026-04-16|2026-04-17|2026-04-20|2026-04-21|2026-04-22|2026-04-23|2026-04-24|2026-04-27|2026-04-28|2026-04-29|2026-04-30|2026-05-01|2026-05-04,2026-05-05 23:02:11,0.0
EnerSys,,2026-03-23|2026-03-24|2026-03-25|2026-03-26|2026-03-27|2026-03-30|2026-03-31|2026-04-01|2026-04-02|2026-04-06|2026-04-07|2026-04-08|2026-04-09|2026-04-10|2026-04-13|2026-04-14|2026-04-15|2026-04-16|2026-04-17|2026-04-20|2026-04-21|2026-04-22|2026-04-23|2026-04-24|2026-04-27|2026-04-28|2026-04-29|2026-04-30|2026-05-01|2026-05-04,2026-05-05 23:02:11,0.0
Incyte,,2026-03-23|2026-03-24|2026-03-25|2026-03-26|2026-03-27|2026-03-30|2026-03-31|2026-04-01|2026-04-02|2026-04-06|2026-04-07|2026-04-08|2026-04-09|2026-04-10|2026-04-13|2026-04-14|2026-04-15|2026-04-16|2026-04-17|2026-04-20|2026-04-21|2026-04-22|2026-04-23|2026-04-24|2026-04-27|2026-04-28|2026-04-29|2026-04-30|2026-05-01|2026-05-04,2026-05-05 23:02:11,0.0
Century Communities,,2026-03-23|2026-03-24|2026-03-25|2026-03-26|2026-03-27|2026-03-30|2026-03-31|2026-04-01|2026-04-02|2026-04-06|2026-04-07|2026-04-08|2026-04-09|2026-04-10|2026-04-13|2026-04-14|2026-04-15|2026-04-16|2026-04-17|2026-04-20|2026-04-21|2026-04-22|2026-04-23|2026-04-24|2026-04-27|2026-04-28|2026-04-29|2026-04-30|2026-05-01|2026-05-04,2026-05-05 23:02:11,0.0
Rithm Capital,,2026-03-23|2026-03-24|2026-03-25|2026-03-26|2026-03-27|2026-03-30|2026-03-31|2026-04-01|2026-04-02|2026-04-06|2026-04-07|2026-04-08|2026-04-09|2026-04-10|2026-04-13|2026-04-14|2026-04-15|2026-04-16|2026-04-17|2026-04-20|2026-04-21|2026-04-22|2026-04-23|2026-04-24|2026-04-27|2026-04-28|2026-04-29|2026-04-30|2026-05-01|2026-05-04,2026-05-05 23:02:11,0.0
Euronet Worldwide,,2026-03-23|2026-03-24|2026-03-25|2026-03-26|2026-03-27|2026-03-30|2026-03-31|2026-04-01|2026-04-02|2026-04-06|2026-04-07|2026-04-08|2026-04-09|2026-04-10|2026-04-13|2026-04-14|2026-04-15|2026-04-16|2026-04-17|2026-04-20|2026-04-21|2026-04-22|2026-04-23|2026-04-24|2026-04-27|2026-04-28|2026-04-29|2026-04-30|2026-05-01|2026-05-04,2026-05-05 23:02:11,0.0
Hawaiian Electric Industries,,2026-03-23|2026-03-24|2026-03-25|2026-03-26|2026-03-27|2026-03-30|2026-03-31|2026-04-01|2026-04-02|2026-04-06|2026-04-07|2026-04-08|2026-04-09|2026-04-10|2026-04-13|2026-04-14|2026-04-15|2026-04-16|2026-04-17|2026-04-20|2026-04-21|2026-04-22|2026-04-23|2026-04-24|2026-04-27|2026-04-28|2026-04-29|2026-04-30|2026-05-01|2026-05-04,2026-05-05 23:02:11,0.0
DraftKings,,2026-03-23|2026-03-24|2026-03-25|2026-03-26|2026-03-27|2026-03-30|2026-03-31|2026-04-01|2026-04-02|2026-04-06|2026-04-07|2026-04-08|2026-04-09|2026-04-10|2026-04-13|2026-04-14|2026-04-15|2026-04-16|2026-04-17|2026-04-20|2026-04-21|2026-04-22|2026-04-23|2026-04-24|2026-04-27|2026-04-28|2026-04-29|2026-04-30|2026-05-01|2026-05-04,2026-05-05 23:02:11,0.0
IDEXX Laboratories,,2026-03-23|2026-03-24|2026-03-25|2026-03-26|2026-03-27|2026-03-30|2026-03-31|2026-04-01|2026-04-02|2026-04-06|2026-04-07|2026-04-08|2026-04-09|2026-04-10|2026-04-13|2026-04-14|2026-04-15|2026-04-16|2026-04-17|2026-04-20|2026-04-21|2026-04-22|2026-04-23|2026-04-24|2026-04-27|2026-04-28|2026-04-29|2026-04-30|2026-05-01|2026-05-04,2026-05-05 23:02:11,0.0
MYR Group,,2026-03-23|2026-03-24|2026-03-25|2026-03-26|2026-03-27|2026-03-30|2026-03-31|2026-04-01|2026-04-02|2026-04-06|2026-04-07|2026-04-08|2026-04-09|2026-04-10|2026-04-13|2026-04-14|2026-04-15|2026-04-16|2026-04-17|2026-04-20|2026-04-21|2026-04-22|2026-04-23|2026-04-24|2026-04-27|2026-04-28|2026-04-29|2026-04-30|2026-05-01|2026-05-04,2026-05-05 23:02:11,0.0
Deckers Outdoor,,2026-03-23|2026-03-24|2026-03-25|2026-03-26|2026-03-27|2026-03-30|2026-03-31|2026-04-01|2026-04-02|2026-04-06|2026-04-07|2026-04-08|2026-04-09|2026-04-10|2026-04-13|2026-04-14|2026-04-15|2026-04-16|2026-04-17|2026-04-20|2026-04-21|2026-04-22|2026-04-23|2026-04-24|2026-04-27|2026-04-28|2026-04-29|2026-04-30|2026-05-01|2026-05-04,2026-05-05 23:02:11,0.0
DexCom,,2026-03-23|2026-03-24|2026-03-25|2026-03-26|2026-03-27|2026-03-30|2026-03-31|2026-04-01|2026-04-02|2026-04-06|2026-04-07|2026-04-08|2026-04-09|2026-04-10|2026-04-13|2026-04-14|2026-04-15|2026-04-16|2026-04-17|2026-04-20|2026-04-21|2026-04-22|2026-04-23|2026-04-24|2026-04-27|2026-04-28|2026-04-29|2026-04-30|2026-05-01|2026-05-04,2026-05-05 23:02:11,0.0
MKS Instruments,,2026-03-23|2026-03-24|2026-03-25|2026-03-26|2026-03-27|2026-03-30|2026-03-31|2026-04-01|2026-04-02|2026-04-06|2026-04-07|2026-04-08|2026-04-09|2026-04-10|2026-04-13|2026-04-14|2026-04-15|2026-04-16|2026-04-17|2026-04-20|2026-04-21|2026-04-22|2026-04-23|2026-04-24|2026-04-27|2026-04-28|2026-04-29|2026-04-30|2026-05-01|2026-05-04,2026-05-05 23:02:11,0.0
VICI Properties,,2026-03-23|2026-03-24|2026-03-25|2026-03-26|2026-03-27|2026-03-30|2026-03-31|2026-04-01|2026-04-02|2026-04-06|2026-04-07|2026-04-08|2026-04-09|2026-04-10|2026-04-13|2026-04-14|2026-04-15|2026-04-16|2026-04-17|2026-04-20|2026-04-21|2026-04-22|2026-04-23|2026-04-24|2026-04-27|2026-04-28|2026-04-29|2026-04-30|2026-05-01|2026-05-04,2026-05-05 23:02:11,0.0
Cooper Cos,,2026-03-23|2026-03-24|2026-03-25|2026-03-26|2026-03-27|2026-03-30|2026-03-31|2026-04-01|2026-04-02|2026-04-06|2026-04-07|2026-04-08|2026-04-09|2026-04-10|2026-04-13|2026-04-14|2026-04-15|2026-04-16|2026-04-17|2026-04-20|2026-04-21|2026-04-22|2026-04-23|2026-04-24|2026-04-27|2026-04-28|2026-04-29|2026-04-30|2026-05-01|2026-05-04,2026-05-05 23:02:11,0.0
Frontier Airlines,,2026-03-23|2026-03-24|2026-03-25|2026-03-26|2026-03-27|2026-03-30|2026-03-31|2026-04-01|2026-04-02|2026-04-06|2026-04-07|2026-04-08|2026-04-09|2026-04-10|2026-04-13|2026-04-14|2026-04-15|2026-04-16|2026-04-17|2026-04-20|2026-04-21|2026-04-22|2026-04-23|2026-04-24|2026-04-27|2026-04-28|2026-04-29|2026-04-30|2026-05-01|2026-05-04,2026-05-05 23:02:11,0.0
Qorvo,,2026-03-23|2026-03-24|2026-03-25|2026-03-26|2026-03-27|2026-03-30|2026-03-31|2026-04-01|2026-04-02|2026-04-06|2026-04-07|2026-04-08|2026-04-09|2026-04-10|2026-04-13|2026-04-14|2026-04-15|2026-04-16|2026-04-17|2026-04-20|2026-04-21|2026-04-22|2026-04-23|2026-04-24|2026-04-27|2026-04-28|2026-04-29|2026-04-30|2026-05-01|2026-05-04,2026-05-05 23:02:11,0.0
Five Below,,2026-03-23|2026-03-24|2026-03-25|2026-03-26|2026-03-27|2026-03-30|2026-03-31|2026-04-01|2026-04-02|2026-04-06|2026-04-07|2026-04-08|2026-04-09|2026-04-10|2026-04-13|2026-04-14|2026-04-15|2026-04-16|2026-04-17|2026-04-20|2026-04-21|2026-04-22|2026-04-23|2026-04-24|2026-04-27|2026-04-28|2026-04-29|2026-04-30|2026-05-01|2026-05-04,2026-05-05 23:02:11,0.0
Scotts Miracle-Gro,,2026-03-23|2026-03-24|2026-03-25|2026-03-26|2026-03-27|2026-03-30|2026-03-31|2026-04-01|2026-04-02|2026-04-06|2026-04-07|2026-04-08|2026-04-09|2026-04-10|2026-04-13|2026-04-14|2026-04-15|2026-04-16|2026-04-17|2026-04-20|2026-04-21|2026-04-22|2026-04-23|2026-04-24|2026-04-27|2026-04-28|2026-04-29|2026-04-30|2026-05-01|2026-05-04,2026-05-05 23:02:11,0.0
Atlassian,,2026-03-23|2026-03-24|2026-03-25|2026-03-26|2026-03-27|2026-03-30|2026-03-31|2026-04-01|2026-04-02|2026-04-06|2026-04-07|2026-04-08|2026-04-09|2026-04-10|2026-04-13|2026-04-14|2026-04-15|2026-04-16|2026-04-17|2026-04-20|2026-04-21|2026-04-22|2026-04-23|2026-04-24|2026-04-27|2026-04-28|2026-04-29|2026-04-30|2026-05-01|2026-05-04,2026-05-05 23:02:11,0.0
Entegris,,2026-03-23|2026-03-24|2026-03-25|2026-03-26|2026-03-27|2026-03-30|2026-03-31|2026-04-01|2026-04-02|2026-04-06|2026-04-07|2026-04-08|2026-04-09|2026-04-10|2026-04-13|2026-04-14|2026-04-15|2026-04-16|2026-04-17|2026-04-20|2026-04-21|2026-04-22|2026-04-23|2026-04-24|2026-04-27|2026-04-28|2026-04-29|2026-04-30|2026-05-01|2026-05-04,2026-05-05 23:02:11,0.0
Atkore,,2026-03-23|2026-03-24|2026-03-25|2026-03-26|2026-03-27|2026-03-30|2026-03-31|2026-04-01|2026-04-02|2026-04-06|2026-04-07|2026-04-08|2026-04-09|2026-04-10|2026-04-13|2026-04-14|2026-04-15|2026-04-16|2026-04-17|2026-04-20|2026-04-21|2026-04-22|2026-04-23|2026-04-24|2026-04-27|2026-04-28|2026-04-29|2026-04-30|2026-05-01|2026-05-04,2026-05-05 23:02:11,0.0
HB Fuller,,2026-03-23|2026-03-24|2026-03-25|2026-03-26|2026-03-27|2026-03-30|2026-03-31|2026-04-01|2026-04-02|2026-04-06|2026-04-07|2026-04-08|2026-04-09|2026-04-10|2026-04-13|2026-04-14|2026-04-15|2026-04-16|2026-04-17|2026-04-20|2026-04-21|2026-04-22|2026-04-23|2026-04-24|2026-04-27|2026-04-28|2026-04-29|2026-04-30|2026-05-01|2026-05-04,2026-05-05 23:02:11,0.0
Granite Construction,,2026-03-23|2026-03-24|2026-03-25|2026-03-26|2026-03-27|2026-03-30|2026-03-31|2026-04-01|2026-04-02|2026-04-06|2026-04-07|2026-04-08|2026-04-09|2026-04-10|2026-04-13|2026-04-14|2026-04-15|2026-04-16|2026-04-17|2026-04-20|2026-04-21|2026-04-22|2026-04-23|2026-04-24|2026-04-27|2026-04-28|2026-04-29|2026-04-30|2026-05-01|2026-05-04,2026-05-05 23:02:11,0.0
Winnebago Industries,,2026-03-23|2026-03-24|2026-03-25|2026-03-26|2026-03-27|2026-03-30|2026-03-31|2026-04-01|2026-04-02|2026-04-06|2026-04-07|2026-04-08|2026-04-09|2026-04-10|2026-04-13|2026-04-14|2026-04-15|2026-04-16|2026-04-17|2026-04-20|2026-04-21|2026-04-22|2026-04-23|2026-04-24|2026-04-27|2026-04-28|2026-04-29|2026-04-30|2026-05-01|2026-05-04,2026-05-05 23:02:11,0.0
FTI Consulting,,2026-03-23|2026-03-24|2026-03-25|2026-03-26|2026-03-27|2026-03-30|2026-03-31|2026-04-01|2026-04-02|2026-04-06|2026-04-07|2026-04-08|2026-04-09|2026-04-10|2026-04-13|2026-04-14|2026-04-15|2026-04-16|2026-04-17|2026-04-20|2026-04-21|2026-04-22|2026-04-23|2026-04-24|2026-04-27|2026-04-28|2026-04-29|2026-04-30|2026-05-01|2026-05-04,2026-05-05 23:02:11,0.0
AptarGroup,,2026-03-23|2026-03-24|2026-03-25|2026-03-26|2026-03-27|2026-03-30|2026-03-31|2026-04-01|2026-04-02|2026-04-06|2026-04-07|2026-04-08|2026-04-09|2026-04-10|2026-04-13|2026-04-14|2026-04-15|2026-04-16|2026-04-17|2026-04-20|2026-04-21|2026-04-22|2026-04-23|2026-04-24|2026-04-27|2026-04-28|2026-04-29|2026-04-30|2026-05-01|2026-05-04,2026-05-05 23:02:11,0.0
Columbia Sportswear,,2026-03-23|2026-03-24|2026-03-25|2026-03-26|2026-03-27|2026-03-30|2026-03-31|2026-04-01|2026-04-02|2026-04-06|2026-04-07|2026-04-08|2026-04-09|2026-04-10|2026-04-13|2026-04-14|2026-04-15|2026-04-16|2026-04-17|2026-04-20|2026-04-21|2026-04-22|2026-04-23|2026-04-24|2026-04-27|2026-04-28|2026-04-29|2026-04-30|2026-05-01|2026-05-04,2026-05-05 23:02:11,0.0
Roku,,2026-03-23|2026-03-24|2026-03-25|2026-03-26|2026-03-27|2026-03-30|2026-03-31|2026-04-01|2026-04-02|2026-04-06|2026-04-07|2026-04-08|2026-04-09|2026-04-10|2026-04-13|2026-04-14|2026-04-15|2026-04-16|2026-04-17|2026-04-20|2026-04-21|2026-04-22|2026-04-23|2026-04-24|2026-04-27|2026-04-28|2026-04-29|2026-04-30|2026-05-01|2026-05-04,2026-05-05 23:02:11,0.0
Alpha Metallurgical Resources,,2026-03-23|2026-03-24|2026-03-25|2026-03-26|2026-03-27|2026-03-30|2026-03-31|2026-04-01|2026-04-02|2026-04-06|2026-04-07|2026-04-08|2026-04-09|2026-04-10|2026-04-13|2026-04-14|2026-04-15|2026-04-16|2026-04-17|2026-04-20|2026-04-21|2026-04-22|2026-04-23|2026-04-24|2026-04-27|2026-04-28|2026-04-29|2026-04-30|2026-05-01|2026-05-04,2026-05-05 23:02:11,0.0
Patrick Industries,,2026-03-23|2026-03-24|2026-03-25|2026-03-26|2026-03-27|2026-03-30|2026-03-31|2026-04-01|2026-04-02|2026-04-06|2026-04-07|2026-04-08|2026-04-09|2026-04-10|2026-04-13|2026-04-14|2026-04-15|2026-04-16|2026-04-17|2026-04-20|2026-04-21|2026-04-22|2026-04-23|2026-04-24|2026-04-27|2026-04-28|2026-04-29|2026-04-30|2026-05-01|2026-05-04,2026-05-05 23:02:11,0.0
Murphy Oil,,2026-03-23|2026-03-24|2026-03-25|2026-03-26|2026-03-27|2026-03-30|2026-03-31|2026-04-01|2026-04-02|2026-04-06|2026-04-07|2026-04-08|2026-04-09|2026-04-10|2026-04-13|2026-04-14|2026-04-15|2026-04-16|2026-04-17|2026-04-20|2026-04-21|2026-04-22|2026-04-23|2026-04-24|2026-04-27|2026-04-28|2026-04-29|2026-04-30|2026-05-01|2026-05-04,2026-05-05 23:02:11,0.0
Cracker Barrel Old Country Store,,2026-03-23|2026-03-24|2026-03-25|2026-03-26|2026-03-27|2026-03-30|2026-03-31|2026-04-01|2026-04-02|2026-04-06|2026-04-07|2026-04-08|2026-04-09|2026-04-10|2026-04-13|2026-04-14|2026-04-15|2026-04-16|2026-04-17|2026-04-20|2026-04-21|2026-04-22|2026-04-23|2026-04-24|2026-04-27|2026-04-28|2026-04-29|2026-04-30|2026-05-01|2026-05-04,2026-05-05 23:02:11,0.0
Cheesecake Factory,,2026-03-23|2026-03-24|2026-03-25|2026-03-26|2026-03-27|2026-03-30|2026-03-31|2026-04-01|2026-04-02|2026-04-06|2026-04-07|2026-04-08|2026-04-09|2026-04-10|2026-04-13|2026-04-14|2026-04-15|2026-04-16|2026-04-17|2026-04-20|2026-04-21|2026-04-22|2026-04-23|2026-04-24|2026-04-27|2026-04-28|2026-04-29|2026-04-30|2026-05-01|2026-05-04,2026-05-05 23:02:11,0.0
CNX Resources,,2026-03-23|2026-03-24|2026-03-25|2026-03-26|2026-03-27|2026-03-30|2026-03-31|2026-04-01|2026-04-02|2026-04-06|2026-04-07|2026-04-08|2026-04-09|2026-04-10|2026-04-13|2026-04-14|2026-04-15|2026-04-16|2026-04-17|2026-04-20|2026-04-21|2026-04-22|2026-04-23|2026-04-24|2026-04-27|2026-04-28|2026-04-29|2026-04-30|2026-05-01|2026-05-04,2026-05-05 23:02:11,0.0
Chefs Warehouse,,2026-03-23|2026-03-24|2026-03-25|2026-03-26|2026-03-27|2026-03-30|2026-03-31|2026-04-01|2026-04-02|2026-04-06|2026-04-07|2026-04-08|2026-04-09|2026-04-10|2026-04-13|2026-04-14|2026-04-15|2026-04-16|2026-04-17|2026-04-20|2026-04-21|2026-04-22|2026-04-23|2026-04-24|2026-04-27|2026-04-28|2026-04-29|2026-04-30|2026-05-01|2026-05-04,2026-05-05 23:02:11,0.0
Donaldson Company,,2026-03-23|2026-03-24|2026-03-25|2026-03-26|2026-03-27|2026-03-30|2026-03-31|2026-04-01|2026-04-02|2026-04-06|2026-04-07|2026-04-08|2026-04-09|2026-04-10|2026-04-13|2026-04-14|2026-04-15|2026-04-16|2026-04-17|2026-04-20|2026-04-21|2026-04-22|2026-04-23|2026-04-24|2026-04-27|2026-04-28|2026-04-29|2026-04-30|2026-05-01|2026-05-04,2026-05-05 23:02:11,0.0
Mueller Industries,,2026-03-23|2026-03-24|2026-03-25|2026-03-26|2026-03-27|2026-03-30|2026-03-31|2026-04-01|2026-04-02|2026-04-06|2026-04-07|2026-04-08|2026-04-09|2026-04-10|2026-04-13|2026-04-14|2026-04-15|2026-04-16|2026-04-17|2026-04-20|2026-04-21|2026-04-22|2026-04-23|2026-04-24|2026-04-27|2026-04-28|2026-04-29|2026-04-30|2026-05-01|2026-05-04,2026-05-05 23:02:11,0.0
Chart Industries,,2026-03-23|2026-03-24|2026-03-25|2026-03-26|2026-03-27|2026-03-30|2026-03-31|2026-04-01|2026-04-02|2026-04-06|2026-04-07|2026-04-08|2026-04-09|2026-04-10|2026-04-13|2026-04-14|2026-04-15|2026-04-16|2026-04-17|2026-04-20|2026-04-21|2026-04-22|2026-04-23|2026-04-24|2026-04-27|2026-04-28|2026-04-29|2026-04-30|2026-05-01|2026-05-04,2026-05-05 23:02:11,0.0
Alight Solutions,,2026-03-23|2026-03-24|2026-03-25|2026-03-26|2026-03-27|2026-03-30|2026-03-31|2026-04-01|2026-04-02|2026-04-06|2026-04-07|2026-04-08|2026-04-09|2026-04-10|2026-04-13|2026-04-14|2026-04-15|2026-04-16|2026-04-17|2026-04-20|2026-04-21|2026-04-22|2026-04-23|2026-04-24|2026-04-27|2026-04-28|2026-04-29|2026-04-30|2026-05-01|2026-05-04,2026-05-05 23:02:11,0.0
Vishay Intertechnology,,2026-03-23|2026-03-24|2026-03-25|2026-03-26|2026-03-27|2026-03-30|2026-03-31|2026-04-01|2026-04-02|2026-04-06|2026-04-07|2026-04-08|2026-04-09|2026-04-10|2026-04-13|2026-04-14|2026-04-15|2026-04-16|2026-04-17|2026-04-20|2026-04-21|2026-04-22|2026-04-23|2026-04-24|2026-04-27|2026-04-28|2026-04-29|2026-04-30|2026-05-01|2026-05-04,2026-05-05 23:02:11,0.0
Range Resources,,2026-03-23|2026-03-24|2026-03-25|2026-03-26|2026-03-27|2026-03-30|2026-03-31|2026-04-01|2026-04-02|2026-04-06|2026-04-07|2026-04-08|2026-04-09|2026-04-10|2026-04-13|2026-04-14|2026-04-15|2026-04-16|2026-04-17|2026-04-20|2026-04-21|2026-04-22|2026-04-23|2026-04-24|2026-04-27|2026-04-28|2026-04-29|2026-04-30|2026-05-01|2026-05-04,2026-05-05 23:02:11,0.0
Valley National Bancorp,,2026-03-23|2026-03-24|2026-03-25|2026-03-26|2026-03-27|2026-03-30|2026-03-31|2026-04-01|2026-04-02|2026-04-06|2026-04-07|2026-04-08|2026-04-09|2026-04-10|2026-04-13|2026-04-14|2026-04-15|2026-04-16|2026-04-17|2026-04-20|2026-04-21|2026-04-22|2026-04-23|2026-04-24|2026-04-27|2026-04-28|2026-04-29|2026-04-30|2026-05-01|2026-05-04,2026-05-05 23:02:11,0.0
Match Group,,2026-03-23|2026-03-24|2026-03-25|2026-03-26|2026-03-27|2026-03-30|2026-03-31|2026-04-01|2026-04-02|2026-04-06|2026-04-07|2026-04-08|2026-04-09|2026-04-10|2026-04-13|2026-04-14|2026-04-15|2026-04-16|2026-04-17|2026-04-20|2026-04-21|2026-04-22|2026-04-23|2026-04-24|2026-04-27|2026-04-28|2026-04-29|2026-04-30|2026-05-01|2026-05-04,2026-05-05 23:02:11,0.0
Gen Digital,,2026-03-23|2026-03-24|2026-03-25|2026-03-26|2026-03-27|2026-03-30|2026-03-31|2026-04-01|2026-04-02|2026-04-06|2026-04-07|2026-04-08|2026-04-09|2026-04-10|2026-04-13|2026-04-14|2026-04-15|2026-04-16|2026-04-17|2026-04-20|2026-04-21|2026-04-22|2026-04-23|2026-04-24|2026-04-27|2026-04-28|2026-04-29|2026-04-30|2026-05-01|2026-05-04,2026-05-05 23:02:11,0.0
Wintrust Financial,,2026-03-23|2026-03-24|2026-03-25|2026-03-26|2026-03-27|2026-03-30|2026-03-31|2026-04-01|2026-04-02|2026-04-06|2026-04-07|2026-04-08|2026-04-09|2026-04-10|2026-04-13|2026-04-14|2026-04-15|2026-04-16|2026-04-17|2026-04-20|2026-04-21|2026-04-22|2026-04-23|2026-04-24|2026-04-27|2026-04-28|2026-04-29|2026-04-30|2026-05-01|2026-05-04,2026-05-05 23:02:11,0.0
First Solar,,2026-03-23|2026-03-24|2026-03-25|2026-03-26|2026-03-27|2026-03-30|2026-03-31|2026-04-01|2026-04-02|2026-04-06|2026-04-07|2026-04-08|2026-04-09|2026-04-10|2026-04-13|2026-04-14|2026-04-15|2026-04-16|2026-04-17|2026-04-20|2026-04-21|2026-04-22|2026-04-23|2026-04-24|2026-04-27|2026-04-28|2026-04-29|2026-04-30|2026-05-01|2026-05-04,2026-05-05 23:02:11,0.0
Central Garden & Pet,,2026-03-23|2026-03-24|2026-03-25|2026-03-26|2026-03-27|2026-03-30|2026-03-31|2026-04-01|2026-04-02|2026-04-06|2026-04-07|2026-04-08|2026-04-09|2026-04-10|2026-04-13|2026-04-14|2026-04-15|2026-04-16|2026-04-17|2026-04-20|2026-04-21|2026-04-22|2026-04-23|2026-04-24|2026-04-27|2026-04-28|2026-04-29|2026-04-30|2026-05-01|2026-05-04,2026-05-05 23:02:11,0.0
Green Plains Inc,,2026-03-23|2026-03-24|2026-03-25|2026-03-26|2026-03-27|2026-03-30|2026-03-31|2026-04-01|2026-04-02|2026-04-06|2026-04-07|2026-04-08|2026-04-09|2026-04-10|2026-04-13|2026-04-14|2026-04-15|2026-04-16|2026-04-17|2026-04-20|2026-04-21|2026-04-22|2026-04-23|2026-04-24|2026-04-27|2026-04-28|2026-04-29|2026-04-30|2026-05-01|2026-05-04,2026-05-05 23:02:11,0.0
Werner Enterprises,,2026-03-23|2026-03-24|2026-03-25|2026-03-26|2026-03-27|2026-03-30|2026-03-31|2026-04-01|2026-04-02|2026-04-06|2026-04-07|2026-04-08|2026-04-09|2026-04-10|2026-04-13|2026-04-14|2026-04-15|2026-04-16|2026-04-17|2026-04-20|2026-04-21|2026-04-22|2026-04-23|2026-04-24|2026-04-27|2026-04-28|2026-04-29|2026-04-30|2026-05-01|2026-05-04,2026-05-05 23:02:11,0.0
AppLovin,,2026-03-23|2026-03-24|2026-03-25|2026-03-26|2026-03-27|2026-03-30|2026-03-31|2026-04-01|2026-04-02|2026-04-06|2026-04-07|2026-04-08|2026-04-09|2026-04-10|2026-04-13|2026-04-14|2026-04-15|2026-04-16|2026-04-17|2026-04-20|2026-04-21|2026-04-22|2026-04-23|2026-04-24|2026-04-27|2026-04-28|2026-04-29|2026-04-30|2026-05-01|2026-05-04,2026-05-05 23:02:11,0.0
ITT,,2026-03-23|2026-03-24|2026-03-25|2026-03-26|2026-03-27|2026-03-30|2026-03-31|2026-04-01|2026-04-02|2026-04-06|2026-04-07|2026-04-08|2026-04-09|2026-04-10|2026-04-13|2026-04-14|2026-04-15|2026-04-16|2026-04-17|2026-04-20|2026-04-21|2026-04-22|2026-04-23|2026-04-24|2026-04-27|2026-04-28|2026-04-29|2026-04-30|2026-05-01|2026-05-04,2026-05-05 23:02:11,0.0
Herc Rentals,,2026-03-23|2026-03-24|2026-03-25|2026-03-26|2026-03-27|2026-03-30|2026-03-31|2026-04-01|2026-04-02|2026-04-06|2026-04-07|2026-04-08|2026-04-09|2026-04-10|2026-04-13|2026-04-14|2026-04-15|2026-04-16|2026-04-17|2026-04-20|2026-04-21|2026-04-22|2026-04-23|2026-04-24|2026-04-27|2026-04-28|2026-04-29|2026-04-30|2026-05-01|2026-05-04,2026-05-05 23:02:11,0.0
Gray Television,,2026-03-23|2026-03-24|2026-03-25|2026-03-26|2026-03-27|2026-03-30|2026-03-31|2026-04-01|2026-04-02|2026-04-06|2026-04-07|2026-04-08|2026-04-09|2026-04-10|2026-04-13|2026-04-14|2026-04-15|2026-04-16|2026-04-17|2026-04-20|2026-04-21|2026-04-22|2026-04-23|2026-04-24|2026-04-27|2026-04-28|2026-04-29|2026-04-30|2026-05-01|2026-05-04,2026-05-05 23:02:11,0.0
IDEX,,2026-03-23|2026-03-24|2026-03-25|2026-03-26|2026-03-27|2026-03-30|2026-03-31|2026-04-01|2026-04-02|2026-04-06|2026-04-07|2026-04-08|2026-04-09|2026-04-10|2026-04-13|2026-04-14|2026-04-15|2026-04-16|2026-04-17|2026-04-20|2026-04-21|2026-04-22|2026-04-23|2026-04-24|2026-04-27|2026-04-28|2026-04-29|2026-04-30|2026-05-01|2026-05-04,2026-05-05 23:02:11,0.0
Boston Properties,,2026-03-23|2026-03-24|2026-03-25|2026-03-26|2026-03-27|2026-03-30|2026-03-31|2026-04-01|2026-04-02|2026-04-06|2026-04-07|2026-04-08|2026-04-09|2026-04-10|2026-04-13|2026-04-14|2026-04-15|2026-04-16|2026-04-17|2026-04-20|2026-04-21|2026-04-22|2026-04-23|2026-04-24|2026-04-27|2026-04-28|2026-04-29|2026-04-30|2026-05-01|2026-05-04,2026-05-05 23:02:11,0.0
Pitney Bowes,,2026-03-23|2026-03-24|2026-03-25|2026-03-26|2026-03-27|2026-03-30|2026-03-31|2026-04-01|2026-04-02|2026-04-06|2026-04-07|2026-04-08|2026-04-09|2026-04-10|2026-04-13|2026-04-14|2026-04-15|2026-04-16|2026-04-17|2026-04-20|2026-04-21|2026-04-22|2026-04-23|2026-04-24|2026-04-27|2026-04-28|2026-04-29|2026-04-30|2026-05-01|2026-05-04,2026-05-05 23:02:11,0.0
Sun Communities,,2026-03-23|2026-03-24|2026-03-25|2026-03-26|2026-03-27|2026-03-30|2026-03-31|2026-04-01|2026-04-02|2026-04-06|2026-04-07|2026-04-08|2026-04-09|2026-04-10|2026-04-13|2026-04-14|2026-04-15|2026-04-16|2026-04-17|2026-04-20|2026-04-21|2026-04-22|2026-04-23|2026-04-24|2026-04-27|2026-04-28|2026-04-29|2026-04-30|2026-05-01|2026-05-04,2026-05-05 23:02:11,0.0
AdaptHealth,,2026-03-23|2026-03-24|2026-03-25|2026-03-26|2026-03-27|2026-03-30|2026-03-31|2026-04-01|2026-04-02|2026-04-06|2026-04-07|2026-04-08|2026-04-09|2026-04-10|2026-04-13|2026-04-14|2026-04-15|2026-04-16|2026-04-17|2026-04-20|2026-04-21|2026-04-22|2026-04-23|2026-04-24|2026-04-27|2026-04-28|2026-04-29|2026-04-30|2026-05-01|2026-05-04,2026-05-05 23:02:11,0.0
Genesis Energy,,2026-03-23|2026-03-24|2026-03-25|2026-03-26|2026-03-27|2026-03-30|2026-03-31|2026-04-01|2026-04-02|2026-04-06|2026-04-07|2026-04-08|2026-04-09|2026-04-10|2026-04-13|2026-04-14|2026-04-15|2026-04-16|2026-04-17|2026-04-20|2026-04-21|2026-04-22|2026-04-23|2026-04-24|2026-04-27|2026-04-28|2026-04-29|2026-04-30|2026-05-01|2026-05-04,2026-05-05 23:02:11,0.0
Jackson Financial,,2026-03-23|2026-03-24|2026-03-25|2026-03-26|2026-03-27|2026-03-30|2026-03-31|2026-04-01|2026-04-02|2026-04-06|2026-04-07|2026-04-08|2026-04-09|2026-04-10|2026-04-13|2026-04-14|2026-04-15|2026-04-16|2026-04-17|2026-04-20|2026-04-21|2026-04-22|2026-04-23|2026-04-24|2026-04-27|2026-04-28|2026-04-29|2026-04-30|2026-05-01|2026-05-04,2026-05-05 23:02:11,0.0
FirstCash,,2026-03-23|2026-03-24|2026-03-25|2026-03-26|2026-03-27|2026-03-30|2026-03-31|2026-04-01|2026-04-02|2026-04-06|2026-04-07|2026-04-08|2026-04-09|2026-04-10|2026-04-13|2026-04-14|2026-04-15|2026-04-16|2026-04-17|2026-04-20|2026-04-21|2026-04-22|2026-04-23|2026-04-24|2026-04-27|2026-04-28|2026-04-29|2026-04-30|2026-05-01|2026-05-04,2026-05-05 23:02:11,0.0
Cal-Maine Foods,,2026-03-23|2026-03-24|2026-03-25|2026-03-26|2026-03-27|2026-03-30|2026-03-31|2026-04-01|2026-04-02|2026-04-06|2026-04-07|2026-04-08|2026-04-09|2026-04-10|2026-04-13|2026-04-14|2026-04-15|2026-04-16|2026-04-17|2026-04-20|2026-04-21|2026-04-22|2026-04-23|2026-04-24|2026-04-27|2026-04-28|2026-04-29|2026-04-30|2026-05-01|2026-05-04,2026-05-05 23:02:11,0.0
Avient,,2026-03-23|2026-03-24|2026-03-25|2026-03-26|2026-03-27|2026-03-30|2026-03-31|2026-04-01|2026-04-02|2026-04-06|2026-04-07|2026-04-08|2026-04-09|2026-04-10|2026-04-13|2026-04-14|2026-04-15|2026-04-16|2026-04-17|2026-04-20|2026-04-21|2026-04-22|2026-04-23|2026-04-24|2026-04-27|2026-04-28|2026-04-29|2026-04-30|2026-05-01|2026-05-04,2026-05-05 23:02:11,0.0
BlueLinx,,2026-03-23|2026-03-24|2026-03-25|2026-03-26|2026-03-27|2026-03-30|2026-03-31|2026-04-01|2026-04-02|2026-04-06|2026-04-07|2026-04-08|2026-04-09|2026-04-10|2026-04-13|2026-04-14|2026-04-15|2026-04-16|2026-04-17|2026-04-20|2026-04-21|2026-04-22|2026-04-23|2026-04-24|2026-04-27|2026-04-28|2026-04-29|2026-04-30|2026-05-01|2026-05-04,2026-05-05 23:02:11,0.0
Sinclair,,2026-03-23|2026-03-24|2026-03-25|2026-03-26|2026-03-27|2026-03-30|2026-03-31|2026-04-01|2026-04-02|2026-04-06|2026-04-07|2026-04-08|2026-04-09|2026-04-10|2026-04-13|2026-04-14|2026-04-15|2026-04-16|2026-04-17|2026-04-20|2026-04-21|2026-04-22|2026-04-23|2026-04-24|2026-04-27|2026-04-28|2026-04-29|2026-04-30|2026-05-01|2026-05-04,2026-05-05 23:02:11,0.0
BOK Financial,,2026-03-23|2026-03-24|2026-03-25|2026-03-26|2026-03-27|2026-03-30|2026-03-31|2026-04-01|2026-04-02|2026-04-06|2026-04-07|2026-04-08|2026-04-09|2026-04-10|2026-04-13|2026-04-14|2026-04-15|2026-04-16|2026-04-17|2026-04-20|2026-04-21|2026-04-22|2026-04-23|2026-04-24|2026-04-27|2026-04-28|2026-04-29|2026-04-30|2026-05-01|2026-05-04,2026-05-05 23:02:11,0.0
Permian Resources,,2026-03-23|2026-03-24|2026-03-25|2026-03-26|2026-03-27|2026-03-30|2026-03-31|2026-04-01|2026-04-02|2026-04-06|2026-04-07|2026-04-08|2026-04-09|2026-04-10|2026-04-13|2026-04-14|2026-04-15|2026-04-16|2026-04-17|2026-04-20|2026-04-21|2026-04-22|2026-04-23|2026-04-24|2026-04-27|2026-04-28|2026-04-29|2026-04-30|2026-05-01|2026-05-04,2026-05-05 23:02:11,0.0
PACS Group,,2026-03-23|2026-03-24|2026-03-25|2026-03-26|2026-03-27|2026-03-30|2026-03-31|2026-04-01|2026-04-02|2026-04-06|2026-04-07|2026-04-08|2026-04-09|2026-04-10|2026-04-13|2026-04-14|2026-04-15|2026-04-16|2026-04-17|2026-04-20|2026-04-21|2026-04-22|2026-04-23|2026-04-24|2026-04-27|2026-04-28|2026-04-29|2026-04-30|2026-05-01|2026-05-04,2026-05-05 23:02:11,0.0
Coinbase Global,,2026-03-23|2026-03-24|2026-03-25|2026-03-26|2026-03-27|2026-03-30|2026-03-31|2026-04-01|2026-04-02|2026-04-06|2026-04-07|2026-04-08|2026-04-09|2026-04-10|2026-04-13|2026-04-14|2026-04-15|2026-04-16|2026-04-17|2026-04-20|2026-04-21|2026-04-22|2026-04-23|2026-04-24|2026-04-27|2026-04-28|2026-04-29|2026-04-30|2026-05-01|2026-05-04,2026-05-05 23:02:11,0.0
Western Midstream Partners,,2026-03-23|2026-03-24|2026-03-25|2026-03-26|2026-03-27|2026-03-30|2026-03-31|2026-04-01|2026-04-02|2026-04-06|2026-04-07|2026-04-08|2026-04-09|2026-04-10|2026-04-13|2026-04-14|2026-04-15|2026-04-16|2026-04-17|2026-04-20|2026-04-21|2026-04-22|2026-04-23|2026-04-24|2026-04-27|2026-04-28|2026-04-29|2026-04-30|2026-05-01|2026-05-04,2026-05-05 23:02:11,0.0
G-III Apparel Group,,2026-03-23|2026-03-24|2026-03-25|2026-03-26|2026-03-27|2026-03-30|2026-03-31|2026-04-01|2026-04-02|2026-04-06|2026-04-07|2026-04-08|2026-04-09|2026-04-10|2026-04-13|2026-04-14|2026-04-15|2026-04-16|2026-04-17|2026-04-20|2026-04-21|2026-04-22|2026-04-23|2026-04-24|2026-04-27|2026-04-28|2026-04-29|2026-04-30|2026-05-01|2026-05-04,2026-05-05 23:02:11,0.0
Vontier,,2026-03-23|2026-03-24|2026-03-25|2026-03-26|2026-03-27|2026-03-30|2026-03-31|2026-04-01|2026-04-02|2026-04-06|2026-04-07|2026-04-08|2026-04-09|2026-04-10|2026-04-13|2026-04-14|2026-04-15|2026-04-16|2026-04-17|2026-04-20|2026-04-21|2026-04-22|2026-04-23|2026-04-24|2026-04-27|2026-04-28|2026-04-29|2026-04-30|2026-05-01|2026-05-04,2026-05-05 23:02:11,0.0
Matson Inc,,2026-03-23|2026-03-24|2026-03-25|2026-03-26|2026-03-27|2026-03-30|2026-03-31|2026-04-01|2026-04-02|2026-04-06|2026-04-07|2026-04-08|2026-04-09|2026-04-10|2026-04-13|2026-04-14|2026-04-15|2026-04-16|2026-04-17|2026-04-20|2026-04-21|2026-04-22|2026-04-23|2026-04-24|2026-04-27|2026-04-28|2026-04-29|2026-04-30|2026-05-01|2026-05-04,2026-05-05 23:02:11,0.0
Kirby Corporation,,2026-03-23|2026-03-24|2026-03-25|2026-03-26|2026-03-27|2026-03-30|2026-03-31|2026-04-01|2026-04-02|2026-04-06|2026-04-07|2026-04-08|2026-04-09|2026-04-10|2026-04-13|2026-04-14|2026-04-15|2026-04-16|2026-04-17|2026-04-20|2026-04-21|2026-04-22|2026-04-23|2026-04-24|2026-04-27|2026-04-28|2026-04-29|2026-04-30|2026-05-01|2026-05-04,2026-05-05 23:02:11,0.0
Kaiser Aluminum,,2026-03-23|2026-03-24|2026-03-25|2026-03-26|2026-03-27|2026-03-30|2026-03-31|2026-04-01|2026-04-02|2026-04-06|2026-04-07|2026-04-08|2026-04-09|2026-04-10|2026-04-13|2026-04-14|2026-04-15|2026-04-16|2026-04-17|2026-04-20|2026-04-21|2026-04-22|2026-04-23|2026-04-24|2026-04-27|2026-04-28|2026-04-29|2026-04-30|2026-05-01|2026-05-04,2026-05-05 23:02:11,0.0
Designer Brands Inc,,2026-03-23|2026-03-24|2026-03-25|2026-03-26|2026-03-27|2026-03-30|2026-03-31|2026-04-01|2026-04-02|2026-04-06|2026-04-07|2026-04-08|2026-04-09|2026-04-10|2026-04-13|2026-04-14|2026-04-15|2026-04-16|2026-04-17|2026-04-20|2026-04-21|2026-04-22|2026-04-23|2026-04-24|2026-04-27|2026-04-28|2026-04-29|2026-04-30|2026-05-01|2026-05-04,2026-05-05 23:02:11,0.0
Rollins Inc,,2026-03-23|2026-03-24|2026-03-25|2026-03-26|2026-03-27|2026-03-30|2026-03-31|2026-04-01|2026-04-02|2026-04-06|2026-04-07|2026-04-08|2026-04-09|2026-04-10|2026-04-13|2026-04-14|2026-04-15|2026-04-16|2026-04-17|2026-04-20|2026-04-21|2026-04-22|2026-04-23|2026-04-24|2026-04-27|2026-04-28|2026-04-29|2026-04-30|2026-05-01|2026-05-04,2026-05-05 23:02:11,0.0
Advanced Drainage Systems,,2026-03-23|2026-03-24|2026-03-25|2026-03-26|2026-03-27|2026-03-30|2026-03-31|2026-04-01|2026-04-02|2026-04-06|2026-04-07|2026-04-08|2026-04-09|2026-04-10|2026-04-13|2026-04-14|2026-04-15|2026-04-16|2026-04-17|2026-04-20|2026-04-21|2026-04-22|2026-04-23|2026-04-24|2026-04-27|2026-04-28|2026-04-29|2026-04-30|2026-05-01|2026-05-04,2026-05-05 23:02:11,0.0
Cinemark,,2026-03-23|2026-03-24|2026-03-25|2026-03-26|2026-03-27|2026-03-30|2026-03-31|2026-04-01|2026-04-02|2026-04-06|2026-04-07|2026-04-08|2026-04-09|2026-04-10|2026-04-13|2026-04-14|2026-04-15|2026-04-16|2026-04-17|2026-04-20|2026-04-21|2026-04-22|2026-04-23|2026-04-24|2026-04-27|2026-04-28|2026-04-29|2026-04-30|2026-05-01|2026-05-04,2026-05-05 23:02:11,0.0
CrowdStrike,,2026-03-23|2026-03-24|2026-03-25|2026-03-26|2026-03-27|2026-03-30|2026-03-31|2026-04-01|2026-04-02|2026-04-06|2026-04-07|2026-04-08|2026-04-09|2026-04-10|2026-04-13|2026-04-14|2026-04-15|2026-04-16|2026-04-17|2026-04-20|2026-04-21|2026-04-22|2026-04-23|2026-04-24|2026-04-27|2026-04-28|2026-04-29|2026-04-30|2026-05-01|2026-05-04,2026-05-05 23:02:11,0.0
Pinterest,,2026-03-23|2026-03-24|2026-03-25|2026-03-26|2026-03-27|2026-03-30|2026-03-31|2026-04-01|2026-04-02|2026-04-06|2026-04-07|2026-04-08|2026-04-09|2026-04-10|2026-04-13|2026-04-14|2026-04-15|2026-04-16|2026-04-17|2026-04-20|2026-04-21|2026-04-22|2026-04-23|2026-04-24|2026-04-27|2026-04-28|2026-04-29|2026-04-30|2026-05-01|2026-05-04,2026-05-05 23:02:11,0.0
Instacart,,2026-03-23|2026-03-24|2026-03-25|2026-03-26|2026-03-27|2026-03-30|2026-03-31|2026-04-01|2026-04-02|2026-04-06|2026-04-07|2026-04-08|2026-04-09|2026-04-10|2026-04-13|2026-04-14|2026-04-15|2026-04-16|2026-04-17|2026-04-20|2026-04-21|2026-04-22|2026-04-23|2026-04-24|2026-04-27|2026-04-28|2026-04-29|2026-04-30|2026-05-01|2026-05-04,2026-05-05 23:02:11,0.0
Allison Transmission,,2026-03-23|2026-03-24|2026-03-25|2026-03-26|2026-03-27|2026-03-30|2026-03-31|2026-04-01|2026-04-02|2026-04-06|2026-04-07|2026-04-08|2026-04-09|2026-04-10|2026-04-13|2026-04-14|2026-04-15|2026-04-16|2026-04-17|2026-04-20|2026-04-21|2026-04-22|2026-04-23|2026-04-24|2026-04-27|2026-04-28|2026-04-29|2026-04-30|2026-05-01|2026-05-04,2026-05-05 23:02:11,0.0
Restoration Hardware,,2026-03-23|2026-03-24|2026-03-25|2026-03-26|2026-03-27|2026-03-30|2026-03-31|2026-04-01|2026-04-02|2026-04-06|2026-04-07|2026-04-08|2026-04-09|2026-04-10|2026-04-13|2026-04-14|2026-04-15|2026-04-16|2026-04-17|2026-04-20|2026-04-21|2026-04-22|2026-04-23|2026-04-24|2026-04-27|2026-04-28|2026-04-29|2026-04-30|2026-05-01|2026-05-04,2026-05-05 23:02:11,0.0
Brookdale Senior Living,,2026-03-23|2026-03-24|2026-03-25|2026-03-26|2026-03-27|2026-03-30|2026-03-31|2026-04-01|2026-04-02|2026-04-06|2026-04-07|2026-04-08|2026-04-09|2026-04-10|2026-04-13|2026-04-14|2026-04-15|2026-04-16|2026-04-17|2026-04-20|2026-04-21|2026-04-22|2026-04-23|2026-04-24|2026-04-27|2026-04-28|2026-04-29|2026-04-30|2026-05-01|2026-05-04,2026-05-05 23:02:11,0.0
QuidelOrtho,,2026-03-23|2026-03-24|2026-03-25|2026-03-26|2026-03-27|2026-03-30|2026-03-31|2026-04-01|2026-04-02|2026-04-06|2026-04-07|2026-04-08|2026-04-09|2026-04-10|2026-04-13|2026-04-14|2026-04-15|2026-04-16|2026-04-17|2026-04-20|2026-04-21|2026-04-22|2026-04-23|2026-04-24|2026-04-27|2026-04-28|2026-04-29|2026-04-30|2026-05-01|2026-05-04,2026-05-05 23:02:11,0.0
Trinity Industries,,2026-03-23|2026-03-24|2026-03-25|2026-03-26|2026-03-27|2026-03-30|2026-03-31|2026-04-01|2026-04-02|2026-04-06|2026-04-07|2026-04-08|2026-04-09|2026-04-10|2026-04-13|2026-04-14|2026-04-15|2026-04-16|2026-04-17|2026-04-20|2026-04-21|2026-04-22|2026-04-23|2026-04-24|2026-04-27|2026-04-28|2026-04-29|2026-04-30|2026-05-01|2026-05-04,2026-05-05 23:02:11,0.0
Teleflex,,2026-03-23|2026-03-24|2026-03-25|2026-03-26|2026-03-27|2026-03-30|2026-03-31|2026-04-01|2026-04-02|2026-04-06|2026-04-07|2026-04-08|2026-04-09|2026-04-10|2026-04-13|2026-04-14|2026-04-15|2026-04-16|2026-04-17|2026-04-20|2026-04-21|2026-04-22|2026-04-23|2026-04-24|2026-04-27|2026-04-28|2026-04-29|2026-04-30|2026-05-01|2026-05-04,2026-05-05 23:02:11,0.0
HEICO,,2026-03-23|2026-03-24|2026-03-25|2026-03-26|2026-03-27|2026-03-30|2026-03-31|2026-04-01|2026-04-02|2026-04-06|2026-04-07|2026-04-08|2026-04-09|2026-04-10|2026-04-13|2026-04-14|2026-04-15|2026-04-16|2026-04-17|2026-04-20|2026-04-21|2026-04-22|2026-04-23|2026-04-24|2026-04-27|2026-04-28|2026-04-29|2026-04-30|2026-05-01|2026-05-04,2026-05-05 23:02:11,0.0
Bruker,,2026-03-23|2026-03-24|2026-03-25|2026-03-26|2026-03-27|2026-03-30|2026-03-31|2026-04-01|2026-04-02|2026-04-06|2026-04-07|2026-04-08|2026-04-09|2026-04-10|2026-04-13|2026-04-14|2026-04-15|2026-04-16|2026-04-17|2026-04-20|2026-04-21|2026-04-22|2026-04-23|2026-04-24|2026-04-27|2026-04-28|2026-04-29|2026-04-30|2026-05-01|2026-05-04,2026-05-05 23:02:11,0.0
Carlyle Group,,2026-03-23|2026-03-24|2026-03-25|2026-03-26|2026-03-27|2026-03-30|2026-03-31|2026-04-01|2026-04-02|2026-04-06|2026-04-07|2026-04-08|2026-04-09|2026-04-10|2026-04-13|2026-04-14|2026-04-15|2026-04-16|2026-04-17|2026-04-20|2026-04-21|2026-04-22|2026-04-23|2026-04-24|2026-04-27|2026-04-28|2026-04-29|2026-04-30|2026-05-01|2026-05-04,2026-05-05 23:02:11,0.0
Energizer Holdings,,2026-03-23|2026-03-24|2026-03-25|2026-03-26|2026-03-27|2026-03-30|2026-03-31|2026-04-01|2026-04-02|2026-04-06|2026-04-07|2026-04-08|2026-04-09|2026-04-10|2026-04-13|2026-04-14|2026-04-15|2026-04-16|2026-04-17|2026-04-20|2026-04-21|2026-04-22|2026-04-23|2026-04-24|2026-04-27|2026-04-28|2026-04-29|2026-04-30|2026-05-01|2026-05-04,2026-05-05 23:02:11,0.0
Rackspace Technology,,2026-03-23|2026-03-24|2026-03-25|2026-03-26|2026-03-27|2026-03-30|2026-03-31|2026-04-01|2026-04-02|2026-04-06|2026-04-07|2026-04-08|2026-04-09|2026-04-10|2026-04-13|2026-04-14|2026-04-15|2026-04-16|2026-04-17|2026-04-20|2026-04-21|2026-04-22|2026-04-23|2026-04-24|2026-04-27|2026-04-28|2026-04-29|2026-04-30|2026-05-01|2026-05-04,2026-05-05 23:02:11,0.0
Waters Corporation,,2026-03-23|2026-03-24|2026-03-25|2026-03-26|2026-03-27|2026-03-30|2026-03-31|2026-04-01|2026-04-02|2026-04-06|2026-04-07|2026-04-08|2026-04-09|2026-04-10|2026-04-13|2026-04-14|2026-04-15|2026-04-16|2026-04-17|2026-04-20|2026-04-21|2026-04-22|2026-04-23|2026-04-24|2026-04-27|2026-04-28|2026-04-29|2026-04-30|2026-05-01|2026-05-04,2026-05-05 23:02:11,0.0
West Pharmaceutical Services,,2026-03-23|2026-03-24|2026-03-25|2026-03-26|2026-03-27|2026-03-30|2026-03-31|2026-04-01|2026-04-02|2026-04-06|2026-04-07|2026-04-08|2026-04-09|2026-04-10|2026-04-13|2026-04-14|2026-04-15|2026-04-16|2026-04-17|2026-04-20|2026-04-21|2026-04-22|2026-04-23|2026-04-24|2026-04-27|2026-04-28|2026-04-29|2026-04-30|2026-05-01|2026-05-04,2026-05-05 23:02:11,0.0
Carters Inc,,2026-03-23|2026-03-24|2026-03-25|2026-03-26|2026-03-27|2026-03-30|2026-03-31|2026-04-01|2026-04-02|2026-04-06|2026-04-07|2026-04-08|2026-04-09|2026-04-10|2026-04-13|2026-04-14|2026-04-15|2026-04-16|2026-04-17|2026-04-20|2026-04-21|2026-04-22|2026-04-23|2026-04-24|2026-04-27|2026-04-28|2026-04-29|2026-04-30|2026-05-01|2026-05-04,2026-05-05 23:02:11,0.0
SkyWest,,2026-03-23|2026-03-24|2026-03-25|2026-03-26|2026-03-27|2026-03-30|2026-03-31|2026-04-01|2026-04-02|2026-04-06|2026-04-07|2026-04-08|2026-04-09|2026-04-10|2026-04-13|2026-04-14|2026-04-15|2026-04-16|2026-04-17|2026-04-20|2026-04-21|2026-04-22|2026-04-23|2026-04-24|2026-04-27|2026-04-28|2026-04-29|2026-04-30|2026-05-01|2026-05-04,2026-05-05 23:02:11,0.0
Acadia Healthcare,,2026-03-23|2026-03-24|2026-03-25|2026-03-26|2026-03-27|2026-03-30|2026-03-31|2026-04-01|2026-04-02|2026-04-06|2026-04-07|2026-04-08|2026-04-09|2026-04-10|2026-04-13|2026-04-14|2026-04-15|2026-04-16|2026-04-17|2026-04-20|2026-04-21|2026-04-22|2026-04-23|2026-04-24|2026-04-27|2026-04-28|2026-04-29|2026-04-30|2026-05-01|2026-05-04,2026-05-05 23:02:11,0.0
Revvity,,2026-03-23|2026-03-24|2026-03-25|2026-03-26|2026-03-27|2026-03-30|2026-03-31|2026-04-01|2026-04-02|2026-04-06|2026-04-07|2026-04-08|2026-04-09|2026-04-10|2026-04-13|2026-04-14|2026-04-15|2026-04-16|2026-04-17|2026-04-20|2026-04-21|2026-04-22|2026-04-23|2026-04-24|2026-04-27|2026-04-28|2026-04-29|2026-04-30|2026-05-01|2026-05-04,2026-05-05 23:02:11,0.0
Portland General Electric,,2026-03-23|2026-03-24|2026-03-25|2026-03-26|2026-03-27|2026-03-30|2026-03-31|2026-04-01|2026-04-02|2026-04-06|2026-04-07|2026-04-08|2026-04-09|2026-04-10|2026-04-13|2026-04-14|2026-04-15|2026-04-16|2026-04-17|2026-04-20|2026-04-21|2026-04-22|2026-04-23|2026-04-24|2026-04-27|2026-04-28|2026-04-29|2026-04-30|2026-05-01|2026-05-04,2026-05-05 23:02:11,0.0
Woodward Inc,,2026-03-23|2026-03-24|2026-03-25|2026-03-26|2026-03-27|2026-03-30|2026-03-31|2026-04-01|2026-04-02|2026-04-06|2026-04-07|2026-04-08|2026-04-09|2026-04-10|2026-04-13|2026-04-14|2026-04-15|2026-04-16|2026-04-17|2026-04-20|2026-04-21|2026-04-22|2026-04-23|2026-04-24|2026-04-27|2026-04-28|2026-04-29|2026-04-30|2026-05-01|2026-05-04,2026-05-05 23:02:11,0.0
TEGNA,,2026-02-06|2026-02-09|2026-02-10|2026-02-11|2026-02-12|2026-02-13|2026-02-17|2026-02-18|2026-02-19|2026-02-20|2026-02-23|2026-02-24|2026-02-25|2026-02-26|2026-02-27|2026-03-02|2026-03-03|2026-03-04|2026-03-05|2026-03-06|2026-03-09|2026-03-10|2026-03-11|2026-03-12|2026-03-13|2026-03-16|2026-03-17|2026-03-18|2026-03-19|2026-03-20,2026-05-05 23:02:11,0.0
Sabre Corporation,,2026-03-23|2026-03-24|2026-03-25|2026-03-26|2026-03-27|2026-03-30|2026-03-31|2026-04-01|2026-04-02|2026-04-06|2026-04-07|2026-04-08|2026-04-09|2026-04-10|2026-04-13|2026-04-14|2026-04-15|2026-04-16|2026-04-17|2026-04-20|2026-04-21|2026-04-22|2026-04-23|2026-04-24|2026-04-27|2026-04-28|2026-04-29|2026-04-30|2026-05-01|2026-05-04,2026-05-05 23:02:11,0.0
Light & Wonder,,2026-03-20|2026-03-23|2026-03-24|2026-03-25|2026-03-26|2026-03-27|2026-03-30|2026-03-31|2026-04-01|2026-04-02|2026-04-06|2026-04-07|2026-04-08|2026-04-09|2026-04-10|2026-04-13|2026-04-14|2026-04-15|2026-04-16|2026-04-17|2026-04-20|2026-04-21|2026-04-22|2026-04-23|2026-04-24|2026-04-27|2026-04-28|2026-04-29|2026-04-30|2026-05-01,2026-05-05 23:02:11,0.0
Vail Resorts,,2026-03-23|2026-03-24|2026-03-25|2026-03-26|2026-03-27|2026-03-30|2026-03-31|2026-04-01|2026-04-02|2026-04-06|2026-04-07|2026-04-08|2026-04-09|2026-04-10|2026-04-13|2026-04-14|2026-04-15|2026-04-16|2026-04-17|2026-04-20|2026-04-21|2026-04-22|2026-04-23|2026-04-24|2026-04-27|2026-04-28|2026-04-29|2026-04-30|2026-05-01|2026-05-04,2026-05-05 23:02:11,0.0
PennyMac Financial Services,,2026-03-23|2026-03-24|2026-03-25|2026-03-26|2026-03-27|2026-03-30|2026-03-31|2026-04-01|2026-04-02|2026-04-06|2026-04-07|2026-04-08|2026-04-09|2026-04-10|2026-04-13|2026-04-14|2026-04-15|2026-04-16|2026-04-17|2026-04-20|2026-04-21|2026-04-22|2026-04-23|2026-04-24|2026-04-27|2026-04-28|2026-04-29|2026-04-30|2026-05-01|2026-05-04,2026-05-05 23:02:11,0.0
Saia Inc,,2026-03-23|2026-03-24|2026-03-25|2026-03-26|2026-03-27|2026-03-30|2026-03-31|2026-04-01|2026-04-02|2026-04-06|2026-04-07|2026-04-08|2026-04-09|2026-04-10|2026-04-13|2026-04-14|2026-04-15|2026-04-16|2026-04-17|2026-04-20|2026-04-21|2026-04-22|2026-04-23|2026-04-24|2026-04-27|2026-04-28|2026-04-29|2026-04-30|2026-05-01|2026-05-04,2026-05-05 23:02:11,0.0
Equity Residential,,2026-03-23|2026-03-24|2026-03-25|2026-03-26|2026-03-27|2026-03-30|2026-03-31|2026-04-01|2026-04-02|2026-04-06|2026-04-07|2026-04-08|2026-04-09|2026-04-10|2026-04-13|2026-04-14|2026-04-15|2026-04-16|2026-04-17|2026-04-20|2026-04-21|2026-04-22|2026-04-23|2026-04-24|2026-04-27|2026-04-28|2026-04-29|2026-04-30|2026-05-01|2026-05-04,2026-05-05 23:02:11,0.0
Helmerich & Payne,,2026-03-23|2026-03-24|2026-03-25|2026-03-26|2026-03-27|2026-03-30|2026-03-31|2026-04-01|2026-04-02|2026-04-06|2026-04-07|2026-04-08|2026-04-09|2026-04-10|2026-04-13|2026-04-14|2026-04-15|2026-04-16|2026-04-17|2026-04-20|2026-04-21|2026-04-22|2026-04-23|2026-04-24|2026-04-27|2026-04-28|2026-04-29|2026-04-30|2026-05-01|2026-05-04,2026-05-05 23:02:11,0.0
Korn Ferry,,2026-03-23|2026-03-24|2026-03-25|2026-03-26|2026-03-27|2026-03-30|2026-03-31|2026-04-01|2026-04-02|2026-04-06|2026-04-07|2026-04-08|2026-04-09|2026-04-10|2026-04-13|2026-04-14|2026-04-15|2026-04-16|2026-04-17|2026-04-20|2026-04-21|2026-04-22|2026-04-23|2026-04-24|2026-04-27|2026-04-28|2026-04-29|2026-04-30|2026-05-01|2026-05-04,2026-05-05 23:02:11,0.0
PC Connection Inc,,2026-03-23|2026-03-24|2026-03-25|2026-03-26|2026-03-27|2026-03-30|2026-03-31|2026-04-01|2026-04-02|2026-04-06|2026-04-07|2026-04-08|2026-04-09|2026-04-10|2026-04-13|2026-04-14|2026-04-15|2026-04-16|2026-04-17|2026-04-20|2026-04-21|2026-04-22|2026-04-23|2026-04-24|2026-04-27|2026-04-28|2026-04-29|2026-04-30|2026-05-01|2026-05-04,2026-05-05 23:02:11,0.0
Curtiss-Wright,,2026-03-23|2026-03-24|2026-03-25|2026-03-26|2026-03-27|2026-03-30|2026-03-31|2026-04-01|2026-04-02|2026-04-06|2026-04-07|2026-04-08|2026-04-09|2026-04-10|2026-04-13|2026-04-14|2026-04-15|2026-04-16|2026-04-17|2026-04-20|2026-04-21|2026-04-22|2026-04-23|2026-04-24|2026-04-27|2026-04-28|2026-04-29|2026-04-30|2026-05-01|2026-05-04,2026-05-05 23:02:11,0.0
Sallie Mae,,2026-03-23|2026-03-24|2026-03-25|2026-03-26|2026-03-27|2026-03-30|2026-03-31|2026-04-01|2026-04-02|2026-04-06|2026-04-07|2026-04-08|2026-04-09|2026-04-10|2026-04-13|2026-04-14|2026-04-15|2026-04-16|2026-04-17|2026-04-20|2026-04-21|2026-04-22|2026-04-23|2026-04-24|2026-04-27|2026-04-28|2026-04-29|2026-04-30|2026-05-01|2026-05-04,2026-05-05 23:02:11,0.0
Benchmark Electronics,,2026-03-23|2026-03-24|2026-03-25|2026-03-26|2026-03-27|2026-03-30|2026-03-31|2026-04-01|2026-04-02|2026-04-06|2026-04-07|2026-04-08|2026-04-09|2026-04-10|2026-04-13|2026-04-14|2026-04-15|2026-04-16|2026-04-17|2026-04-20|2026-04-21|2026-04-22|2026-04-23|2026-04-24|2026-04-27|2026-04-28|2026-04-29|2026-04-30|2026-05-01|2026-05-04,2026-05-05 23:02:11,0.0
Pure Storage,,2026-03-20|2026-03-23|2026-03-24|2026-03-25|2026-03-26|2026-03-27|2026-03-30|2026-03-31|2026-04-01|2026-04-02|2026-04-06|2026-04-07|2026-04-08|2026-04-09|2026-04-10|2026-04-13|2026-04-14|2026-04-15|2026-04-16|2026-04-17|2026-04-20|2026-04-21|2026-04-22|2026-04-23|2026-04-24|2026-04-27|2026-04-28|2026-04-29|2026-04-30|2026-05-01,2026-05-05 23:02:11,0.0
Knife River Corporation,,2026-03-23|2026-03-24|2026-03-25|2026-03-26|2026-03-27|2026-03-30|2026-03-31|2026-04-01|2026-04-02|2026-04-06|2026-04-07|2026-04-08|2026-04-09|2026-04-10|2026-04-13|2026-04-14|2026-04-15|2026-04-16|2026-04-17|2026-04-20|2026-04-21|2026-04-22|2026-04-23|2026-04-24|2026-04-27|2026-04-28|2026-04-29|2026-04-30|2026-05-01|2026-05-04,2026-05-05 23:02:11,0.0
Caleres Inc,,2026-03-23|2026-03-24|2026-03-25|2026-03-26|2026-03-27|2026-03-30|2026-03-31|2026-04-01|2026-04-02|2026-04-06|2026-04-07|2026-04-08|2026-04-09|2026-04-10|2026-04-13|2026-04-14|2026-04-15|2026-04-16|2026-04-17|2026-04-20|2026-04-21|2026-04-22|2026-04-23|2026-04-24|2026-04-27|2026-04-28|2026-04-29|2026-04-30|2026-05-01|2026-05-04,2026-05-05 23:02:11,0.0
BrightView Holdings,,2026-03-23|2026-03-24|2026-03-25|2026-03-26|2026-03-27|2026-03-30|2026-03-31|2026-04-01|2026-04-02|2026-04-06|2026-04-07|2026-04-08|2026-04-09|2026-04-10|2026-04-13|2026-04-14|2026-04-15|2026-04-16|2026-04-17|2026-04-20|2026-04-21|2026-04-22|2026-04-23|2026-04-24|2026-04-27|2026-04-28|2026-04-29|2026-04-30|2026-05-01|2026-05-04,2026-05-05 23:02:11,0.0
Cooper-Standard,,2026-03-23|2026-03-24|2026-03-25|2026-03-26|2026-03-27|2026-03-30|2026-03-31|2026-04-01|2026-04-02|2026-04-06|2026-04-07|2026-04-08|2026-04-09|2026-04-10|2026-04-13|2026-04-14|2026-04-15|2026-04-16|2026-04-17|2026-04-20|2026-04-21|2026-04-22|2026-04-23|2026-04-24|2026-04-27|2026-04-28|2026-04-29|2026-04-30|2026-05-01|2026-05-04,2026-05-05 23:02:11,0.0
Primerica,,2026-03-23|2026-03-24|2026-03-25|2026-03-26|2026-03-27|2026-03-30|2026-03-31|2026-04-01|2026-04-02|2026-04-06|2026-04-07|2026-04-08|2026-04-09|2026-04-10|2026-04-13|2026-04-14|2026-04-15|2026-04-16|2026-04-17|2026-04-20|2026-04-21|2026-04-22|2026-04-23|2026-04-24|2026-04-27|2026-04-28|2026-04-29|2026-04-30|2026-05-01|2026-05-04,2026-05-05 23:02:11,0.0
F5,,2026-03-23|2026-03-24|2026-03-25|2026-03-26|2026-03-27|2026-03-30|2026-03-31|2026-04-01|2026-04-02|2026-04-06|2026-04-07|2026-04-08|2026-04-09|2026-04-10|2026-04-13|2026-04-14|2026-04-15|2026-04-16|2026-04-17|2026-04-20|2026-04-21|2026-04-22|2026-04-23|2026-04-24|2026-04-27|2026-04-28|2026-04-29|2026-04-30|2026-05-01|2026-05-04,2026-05-05 23:02:11,0.0
Matador Resources,,2026-03-23|2026-03-24|2026-03-25|2026-03-26|2026-03-27|2026-03-30|2026-03-31|2026-04-01|2026-04-02|2026-04-06|2026-04-07|2026-04-08|2026-04-09|2026-04-10|2026-04-13|2026-04-14|2026-04-15|2026-04-16|2026-04-17|2026-04-20|2026-04-21|2026-04-22|2026-04-23|2026-04-24|2026-04-27|2026-04-28|2026-04-29|2026-04-30|2026-05-01|2026-05-04,2026-05-05 23:02:11,0.0
Snowflake Inc,,2026-03-23|2026-03-24|2026-03-25|2026-03-26|2026-03-27|2026-03-30|2026-03-31|2026-04-01|2026-04-02|2026-04-06|2026-04-07|2026-04-08|2026-04-09|2026-04-10|2026-04-13|2026-04-14|2026-04-15|2026-04-16|2026-04-17|2026-04-20|2026-04-21|2026-04-22|2026-04-23|2026-04-24|2026-04-27|2026-04-28|2026-04-29|2026-04-30|2026-05-01|2026-05-04,2026-05-05 23:02:11,0.0
Viasat,,2026-03-23|2026-03-24|2026-03-25|2026-03-26|2026-03-27|2026-03-30|2026-03-31|2026-04-01|2026-04-02|2026-04-06|2026-04-07|2026-04-08|2026-04-09|2026-04-10|2026-04-13|2026-04-14|2026-04-15|2026-04-16|2026-04-17|2026-04-20|2026-04-21|2026-04-22|2026-04-23|2026-04-24|2026-04-27|2026-04-28|2026-04-29|2026-04-30|2026-05-01|2026-05-04,2026-05-05 23:02:11,0.0
California Resources,,2026-03-23|2026-03-24|2026-03-25|2026-03-26|2026-03-27|2026-03-30|2026-03-31|2026-04-01|2026-04-02|2026-04-06|2026-04-07|2026-04-08|2026-04-09|2026-04-10|2026-04-13|2026-04-14|2026-04-15|2026-04-16|2026-04-17|2026-04-20|2026-04-21|2026-04-22|2026-04-23|2026-04-24|2026-04-27|2026-04-28|2026-04-29|2026-04-30|2026-05-01|2026-05-04,2026-05-05 23:02:11,0.0
Peloton Interactive,,2026-03-23|2026-03-24|2026-03-25|2026-03-26|2026-03-27|2026-03-30|2026-03-31|2026-04-01|2026-04-02|2026-04-06|2026-04-07|2026-04-08|2026-04-09|2026-04-10|2026-04-13|2026-04-14|2026-04-15|2026-04-16|2026-04-17|2026-04-20|2026-04-21|2026-04-22|2026-04-23|2026-04-24|2026-04-27|2026-04-28|2026-04-29|2026-04-30|2026-05-01|2026-05-04,2026-05-05 23:02:11,0.0
Roblox,,2026-03-23|2026-03-24|2026-03-25|2026-03-26|2026-03-27|2026-03-30|2026-03-31|2026-04-01|2026-04-02|2026-04-06|2026-04-07|2026-04-08|2026-04-09|2026-04-10|2026-04-13|2026-04-14|2026-04-15|2026-04-16|2026-04-17|2026-04-20|2026-04-21|2026-04-22|2026-04-23|2026-04-24|2026-04-27|2026-04-28|2026-04-29|2026-04-30|2026-05-01|2026-05-04,2026-05-05 23:02:11,0.0
Installed Building Products,,2026-03-23|2026-03-24|2026-03-25|2026-03-26|2026-03-27|2026-03-30|2026-03-31|2026-04-01|2026-04-02|2026-04-06|2026-04-07|2026-04-08|2026-04-09|2026-04-10|2026-04-13|2026-04-14|2026-04-15|2026-04-16|2026-04-17|2026-04-20|2026-04-21|2026-04-22|2026-04-23|2026-04-24|2026-04-27|2026-04-28|2026-04-29|2026-04-30|2026-05-01|2026-05-04,2026-05-05 23:02:11,0.0
First National of Nebraska,,2026-03-20|2026-03-23|2026-03-24|2026-03-25|2026-03-26|2026-03-27|2026-03-30|2026-03-31|2026-04-01|2026-04-02|2026-04-06|2026-04-07|2026-04-08|2026-04-09|2026-04-10|2026-04-13|2026-04-14|2026-04-15|2026-04-16|2026-04-17|2026-04-20|2026-04-21|2026-04-22|2026-04-23|2026-04-24|2026-04-27|2026-04-28|2026-04-29|2026-04-30|2026-05-01,2026-05-05 23:02:11,0.0
ESAB,,2026-03-23|2026-03-24|2026-03-25|2026-03-26|2026-03-27|2026-03-30|2026-03-31|2026-04-01|2026-04-02|2026-04-06|2026-04-07|2026-04-08|2026-04-09|2026-04-10|2026-04-13|2026-04-14|2026-04-15|2026-04-16|2026-04-17|2026-04-20|2026-04-21|2026-04-22|2026-04-23|2026-04-24|2026-04-27|2026-04-28|2026-04-29|2026-04-30|2026-05-01|2026-05-04,2026-05-05 23:02:11,0.0
AvalonBay Communities,,2026-03-23|2026-03-24|2026-03-25|2026-03-26|2026-03-27|2026-03-30|2026-03-31|2026-04-01|2026-04-02|2026-04-06|2026-04-07|2026-04-08|2026-04-09|2026-04-10|2026-04-13|2026-04-14|2026-04-15|2026-04-16|2026-04-17|2026-04-20|2026-04-21|2026-04-22|2026-04-23|2026-04-24|2026-04-27|2026-04-28|2026-04-29|2026-04-30|2026-05-01|2026-05-04,2026-05-05 23:02:11,0.0
DocuSign,,2026-03-23|2026-03-24|2026-03-25|2026-03-26|2026-03-27|2026-03-30|2026-03-31|2026-04-01|2026-04-02|2026-04-06|2026-04-07|2026-04-08|2026-04-09|2026-04-10|2026-04-13|2026-04-14|2026-04-15|2026-04-16|2026-04-17|2026-04-20|2026-04-21|2026-04-22|2026-04-23|2026-04-24|2026-04-27|2026-04-28|2026-04-29|2026-04-30|2026-05-01|2026-05-04,2026-05-05 23:02:11,0.0
Titan Machinery,,2026-03-23|2026-03-24|2026-03-25|2026-03-26|2026-03-27|2026-03-30|2026-03-31|2026-04-01|2026-04-02|2026-04-06|2026-04-07|2026-04-08|2026-04-09|2026-04-10|2026-04-13|2026-04-14|2026-04-15|2026-04-16|2026-04-17|2026-04-20|2026-04-21|2026-04-22|2026-04-23|2026-04-24|2026-04-27|2026-04-28|2026-04-29|2026-04-30|2026-05-01|2026-05-04,2026-05-05 23:02:11,0.0
Hovnanian Enterprises,,2026-03-23|2026-03-24|2026-03-25|2026-03-26|2026-03-27|2026-03-30|2026-03-31|2026-04-01|2026-04-02|2026-04-06|2026-04-07|2026-04-08|2026-04-09|2026-04-10|2026-04-13|2026-04-14|2026-04-15|2026-04-16|2026-04-17|2026-04-20|2026-04-21|2026-04-22|2026-04-23|2026-04-24|2026-04-27|2026-04-28|2026-04-29|2026-04-30|2026-05-01|2026-05-04,2026-05-05 23:02:11,0.0
Etsy,,2026-03-23|2026-03-24|2026-03-25|2026-03-26|2026-03-27|2026-03-30|2026-03-31|2026-04-01|2026-04-02|2026-04-06|2026-04-07|2026-04-08|2026-04-09|2026-04-10|2026-04-13|2026-04-14|2026-04-15|2026-04-16|2026-04-17|2026-04-20|2026-04-21|2026-04-22|2026-04-23|2026-04-24|2026-04-27|2026-04-28|2026-04-29|2026-04-30|2026-05-01|2026-05-04,2026-05-05 23:02:11,0.0
Surgery Partners,,2026-03-23|2026-03-24|2026-03-25|2026-03-26|2026-03-27|2026-03-30|2026-03-31|2026-04-01|2026-04-02|2026-04-06|2026-04-07|2026-04-08|2026-04-09|2026-04-10|2026-04-13|2026-04-14|2026-04-15|2026-04-16|2026-04-17|2026-04-20|2026-04-21|2026-04-22|2026-04-23|2026-04-24|2026-04-27|2026-04-28|2026-04-29|2026-04-30|2026-05-01|2026-05-04,2026-05-05 23:02:11,0.0
Columbia Banking System,,2026-03-23|2026-03-24|2026-03-25|2026-03-26|2026-03-27|2026-03-30|2026-03-31|2026-04-01|2026-04-02|2026-04-06|2026-04-07|2026-04-08|2026-04-09|2026-04-10|2026-04-13|2026-04-14|2026-04-15|2026-04-16|2026-04-17|2026-04-20|2026-04-21|2026-04-22|2026-04-23|2026-04-24|2026-04-27|2026-04-28|2026-04-29|2026-04-30|2026-05-01|2026-05-04,2026-05-05 23:02:11,0.0
Verisk Analytics,,2026-03-23|2026-03-24|2026-03-25|2026-03-26|2026-03-27|2026-03-30|2026-03-31|2026-04-01|2026-04-02|2026-04-06|2026-04-07|2026-04-08|2026-04-09|2026-04-10|2026-04-13|2026-04-14|2026-04-15|2026-04-16|2026-04-17|2026-04-20|2026-04-21|2026-04-22|2026-04-23|2026-04-24|2026-04-27|2026-04-28|2026-04-29|2026-04-30|2026-05-01|2026-05-04,2026-05-05 23:02:11,0.0
MasterBrand,,2026-03-23|2026-03-24|2026-03-25|2026-03-26|2026-03-27|2026-03-30|2026-03-31|2026-04-01|2026-04-02|2026-04-06|2026-04-07|2026-04-08|2026-04-09|2026-04-10|2026-04-13|2026-04-14|2026-04-15|2026-04-16|2026-04-17|2026-04-20|2026-04-21|2026-04-22|2026-04-23|2026-04-24|2026-04-27|2026-04-28|2026-04-29|2026-04-30|2026-05-01|2026-05-04,2026-05-05 23:02:11,0.0
AMC Networks,,2026-03-23|2026-03-24|2026-03-25|2026-03-26|2026-03-27|2026-03-30|2026-03-31|2026-04-01|2026-04-02|2026-04-06|2026-04-07|2026-04-08|2026-04-09|2026-04-10|2026-04-13|2026-04-14|2026-04-15|2026-04-16|2026-04-17|2026-04-20|2026-04-21|2026-04-22|2026-04-23|2026-04-24|2026-04-27|2026-04-28|2026-04-29|2026-04-30|2026-05-01|2026-05-04,2026-05-05 23:02:11,0.0
SBA Communications,,2026-03-23|2026-03-24|2026-03-25|2026-03-26|2026-03-27|2026-03-30|2026-03-31|2026-04-01|2026-04-02|2026-04-06|2026-04-07|2026-04-08|2026-04-09|2026-04-10|2026-04-13|2026-04-14|2026-04-15|2026-04-16|2026-04-17|2026-04-20|2026-04-21|2026-04-22|2026-04-23|2026-04-24|2026-04-27|2026-04-28|2026-04-29|2026-04-30|2026-05-01|2026-05-04,2026-05-05 23:02:11,0.0
Americold Realty Trust,,2026-03-23|2026-03-24|2026-03-25|2026-03-26|2026-03-27|2026-03-30|2026-03-31|2026-04-01|2026-04-02|2026-04-06|2026-04-07|2026-04-08|2026-04-09|2026-04-10|2026-04-13|2026-04-14|2026-04-15|2026-04-16|2026-04-17|2026-04-20|2026-04-21|2026-04-22|2026-04-23|2026-04-24|2026-04-27|2026-04-28|2026-04-29|2026-04-30|2026-05-01|2026-05-04,2026-05-05 23:02:11,0.0
NewMarket Corporation,,2026-03-23|2026-03-24|2026-03-25|2026-03-26|2026-03-27|2026-03-30|2026-03-31|2026-04-01|2026-04-02|2026-04-06|2026-04-07|2026-04-08|2026-04-09|2026-04-10|2026-04-13|2026-04-14|2026-04-15|2026-04-16|2026-04-17|2026-04-20|2026-04-21|2026-04-22|2026-04-23|2026-04-24|2026-04-27|2026-04-28|2026-04-29|2026-04-30|2026-05-01|2026-05-04,2026-05-05 23:02:11,0.0
Park Hotels & Resorts,,2026-03-23|2026-03-24|2026-03-25|2026-03-26|2026-03-27|2026-03-30|2026-03-31|2026-04-01|2026-04-02|2026-04-06|2026-04-07|2026-04-08|2026-04-09|2026-04-10|2026-04-13|2026-04-14|2026-04-15|2026-04-16|2026-04-17|2026-04-20|2026-04-21|2026-04-22|2026-04-23|2026-04-24|2026-04-27|2026-04-28|2026-04-29|2026-04-30|2026-05-01|2026-05-04,2026-05-05 23:02:11,0.0
Alexandria Real Estate Equities,,2026-03-23|2026-03-24|2026-03-25|2026-03-26|2026-03-27|2026-03-30|2026-03-31|2026-04-01|2026-04-02|2026-04-06|2026-04-07|2026-04-08|2026-04-09|2026-04-10|2026-04-13|2026-04-14|2026-04-15|2026-04-16|2026-04-17|2026-04-20|2026-04-21|2026-04-22|2026-04-23|2026-04-24|2026-04-27|2026-04-28|2026-04-29|2026-04-30|2026-05-01|2026-05-04,2026-05-05 23:02:11,0.0
Griffon Corporation,,2026-03-23|2026-03-24|2026-03-25|2026-03-26|2026-03-27|2026-03-30|2026-03-31|2026-04-01|2026-04-02|2026-04-06|2026-04-07|2026-04-08|2026-04-09|2026-04-10|2026-04-13|2026-04-14|2026-04-15|2026-04-16|2026-04-17|2026-04-20|2026-04-21|2026-04-22|2026-04-23|2026-04-24|2026-04-27|2026-04-28|2026-04-29|2026-04-30|2026-05-01|2026-05-04,2026-05-05 23:02:11,0.0
Air Lease,,2026-02-25|2026-02-26|2026-02-27|2026-03-02|2026-03-03|2026-03-04|2026-03-05|2026-03-06|2026-03-09|2026-03-10|2026-03-11|2026-03-12|2026-03-13|2026-03-16|2026-03-17|2026-03-18|2026-03-19|2026-03-20|2026-03-23|2026-03-24|2026-03-25|2026-03-26|2026-03-27|2026-03-30|2026-03-31|2026-04-01|2026-04-02|2026-04-06|2026-04-07|2026-04-08,2026-05-05 23:02:11,0.0
UL Solutions,,2026-03-23|2026-03-24|2026-03-25|2026-03-26|2026-03-27|2026-03-30|2026-03-31|2026-04-01|2026-04-02|2026-04-06|2026-04-07|2026-04-08|2026-04-09|2026-04-10|2026-04-13|2026-04-14|2026-04-15|2026-04-16|2026-04-17|2026-04-20|2026-04-21|2026-04-22|2026-04-23|2026-04-24|2026-04-27|2026-04-28|2026-04-29|2026-04-30|2026-05-01|2026-05-04,2026-05-05 23:02:11,0.0
Teradyne,,2026-03-23|2026-03-24|2026-03-25|2026-03-26|2026-03-27|2026-03-30|2026-03-31|2026-04-01|2026-04-02|2026-04-06|2026-04-07|2026-04-08|2026-04-09|2026-04-10|2026-04-13|2026-04-14|2026-04-15|2026-04-16|2026-04-17|2026-04-20|2026-04-21|2026-04-22|2026-04-23|2026-04-24|2026-04-27|2026-04-28|2026-04-29|2026-04-30|2026-05-01|2026-05-04,2026-05-05 23:02:11,0.0
OGE Energy,,2026-03-23|2026-03-24|2026-03-25|2026-03-26|2026-03-27|2026-03-30|2026-03-31|2026-04-01|2026-04-02|2026-04-06|2026-04-07|2026-04-08|2026-04-09|2026-04-10|2026-04-13|2026-04-14|2026-04-15|2026-04-16|2026-04-17|2026-04-20|2026-04-21|2026-04-22|2026-04-23|2026-04-24|2026-04-27|2026-04-28|2026-04-29|2026-04-30|2026-05-01|2026-05-04,2026-05-05 23:02:11,0.0
Bio-Rad Laboratories,,2026-03-23|2026-03-24|2026-03-25|2026-03-26|2026-03-27|2026-03-30|2026-03-31|2026-04-01|2026-04-02|2026-04-06|2026-04-07|2026-04-08|2026-04-09|2026-04-10|2026-04-13|2026-04-14|2026-04-15|2026-04-16|2026-04-17|2026-04-20|2026-04-21|2026-04-22|2026-04-23|2026-04-24|2026-04-27|2026-04-28|2026-04-29|2026-04-30|2026-05-01|2026-05-04,2026-05-05 23:02:11,0.0
Spire Inc,,2026-03-23|2026-03-24|2026-03-25|2026-03-26|2026-03-27|2026-03-30|2026-03-31|2026-04-01|2026-04-02|2026-04-06|2026-04-07|2026-04-08|2026-04-09|2026-04-10|2026-04-13|2026-04-14|2026-04-15|2026-04-16|2026-04-17|2026-04-20|2026-04-21|2026-04-22|2026-04-23|2026-04-24|2026-04-27|2026-04-28|2026-04-29|2026-04-30|2026-05-01|2026-05-04,2026-05-05 23:02:11,0.0
Cullen Frost Bankers,,2026-03-23|2026-03-24|2026-03-25|2026-03-26|2026-03-27|2026-03-30|2026-03-31|2026-04-01|2026-04-02|2026-04-06|2026-04-07|2026-04-08|2026-04-09|2026-04-10|2026-04-13|2026-04-14|2026-04-15|2026-04-16|2026-04-17|2026-04-20|2026-04-21|2026-04-22|2026-04-23|2026-04-24|2026-04-27|2026-04-28|2026-04-29|2026-04-30|2026-05-01|2026-05-04,2026-05-05 23:02:11,0.0
Extra Space Storage,,2026-03-23|2026-03-24|2026-03-25|2026-03-26|2026-03-27|2026-03-30|2026-03-31|2026-04-01|2026-04-02|2026-04-06|2026-04-07|2026-04-08|2026-04-09|2026-04-10|2026-04-13|2026-04-14|2026-04-15|2026-04-16|2026-04-17|2026-04-20|2026-04-21|2026-04-22|2026-04-23|2026-04-24|2026-04-27|2026-04-28|2026-04-29|2026-04-30|2026-05-01|2026-05-04,2026-05-05 23:02:11,0.0
ProFrac Holding,,2026-03-23|2026-03-24|2026-03-25|2026-03-26|2026-03-27|2026-03-30|2026-03-31|2026-04-01|2026-04-02|2026-04-06|2026-04-07|2026-04-08|2026-04-09|2026-04-10|2026-04-13|2026-04-14|2026-04-15|2026-04-16|2026-04-17|2026-04-20|2026-04-21|2026-04-22|2026-04-23|2026-04-24|2026-04-27|2026-04-28|2026-04-29|2026-04-30|2026-05-01|2026-05-04,2026-05-05 23:02:11,0.0
Nordson,,2026-03-23|2026-03-24|2026-03-25|2026-03-26|2026-03-27|2026-03-30|2026-03-31|2026-04-01|2026-04-02|2026-04-06|2026-04-07|2026-04-08|2026-04-09|2026-04-10|2026-04-13|2026-04-14|2026-04-15|2026-04-16|2026-04-17|2026-04-20|2026-04-21|2026-04-22|2026-04-23|2026-04-24|2026-04-27|2026-04-28|2026-04-29|2026-04-30|2026-05-01|2026-05-04,2026-05-05 23:02:11,0.0
Valvoline Inc,,2026-03-23|2026-03-24|2026-03-25|2026-03-26|2026-03-27|2026-03-30|2026-03-31|2026-04-01|2026-04-02|2026-04-06|2026-04-07|2026-04-08|2026-04-09|2026-04-10|2026-04-13|2026-04-14|2026-04-15|2026-04-16|2026-04-17|2026-04-20|2026-04-21|2026-04-22|2026-04-23|2026-04-24|2026-04-27|2026-04-28|2026-04-29|2026-04-30|2026-05-01|2026-05-04,2026-05-05 23:02:11,0.0
Kontoor Brands,,2026-03-23|2026-03-24|2026-03-25|2026-03-26|2026-03-27|2026-03-30|2026-03-31|2026-04-01|2026-04-02|2026-04-06|2026-04-07|2026-04-08|2026-04-09|2026-04-10|2026-04-13|2026-04-14|2026-04-15|2026-04-16|2026-04-17|2026-04-20|2026-04-21|2026-04-22|2026-04-23|2026-04-24|2026-04-27|2026-04-28|2026-04-29|2026-04-30|2026-05-01|2026-05-04,2026-05-05 23:02:11,0.0
Skyline Champion,,2026-03-23|2026-03-24|2026-03-25|2026-03-26|2026-03-27|2026-03-30|2026-03-31|2026-04-01|2026-04-02|2026-04-06|2026-04-07|2026-04-08|2026-04-09|2026-04-10|2026-04-13|2026-04-14|2026-04-15|2026-04-16|2026-04-17|2026-04-20|2026-04-21|2026-04-22|2026-04-23|2026-04-24|2026-04-27|2026-04-28|2026-04-29|2026-04-30|2026-05-01|2026-05-04,2026-05-05 23:02:11,0.0
Teladoc Health,,2026-03-23|2026-03-24|2026-03-25|2026-03-26|2026-03-27|2026-03-30|2026-03-31|2026-04-01|2026-04-02|2026-04-06|2026-04-07|2026-04-08|2026-04-09|2026-04-10|2026-04-13|2026-04-14|2026-04-15|2026-04-16|2026-04-17|2026-04-20|2026-04-21|2026-04-22|2026-04-23|2026-04-24|2026-04-27|2026-04-28|2026-04-29|2026-04-30|2026-05-01|2026-05-04,2026-05-05 23:02:11,0.0
Louisiana-Pacific Corporation,,2026-03-23|2026-03-24|2026-03-25|2026-03-26|2026-03-27|2026-03-30|2026-03-31|2026-04-01|2026-04-02|2026-04-06|2026-04-07|2026-04-08|2026-04-09|2026-04-10|2026-04-13|2026-04-14|2026-04-15|2026-04-16|2026-04-17|2026-04-20|2026-04-21|2026-04-22|2026-04-23|2026-04-24|2026-04-27|2026-04-28|2026-04-29|2026-04-30|2026-05-01|2026-05-04,2026-05-05 23:02:11,0.0
Universal Corporation,,2026-03-23|2026-03-24|2026-03-25|2026-03-26|2026-03-27|2026-03-30|2026-03-31|2026-04-01|2026-04-02|2026-04-06|2026-04-07|2026-04-08|2026-04-09|2026-04-10|2026-04-13|2026-04-14|2026-04-15|2026-04-16|2026-04-17|2026-04-20|2026-04-21|2026-04-22|2026-04-23|2026-04-24|2026-04-27|2026-04-28|2026-04-29|2026-04-30|2026-05-01|2026-05-04,2026-05-05 23:02:11,0.0
Playtika Holding,,2026-03-23|2026-03-24|2026-03-25|2026-03-26|2026-03-27|2026-03-30|2026-03-31|2026-04-01|2026-04-02|2026-04-06|2026-04-07|2026-04-08|2026-04-09|2026-04-10|2026-04-13|2026-04-14|2026-04-15|2026-04-16|2026-04-17|2026-04-20|2026-04-21|2026-04-22|2026-04-23|2026-04-24|2026-04-27|2026-04-28|2026-04-29|2026-04-30|2026-05-01|2026-05-04,2026-05-05 23:02:11,0.0
Alliance Resource Partners,,2026-03-23|2026-03-24|2026-03-25|2026-03-26|2026-03-27|2026-03-30|2026-03-31|2026-04-01|2026-04-02|2026-04-06|2026-04-07|2026-04-08|2026-04-09|2026-04-10|2026-04-13|2026-04-14|2026-04-15|2026-04-16|2026-04-17|2026-04-20|2026-04-21|2026-04-22|2026-04-23|2026-04-24|2026-04-27|2026-04-28|2026-04-29|2026-04-30|2026-05-01|2026-05-04,2026-05-05 23:02:11,0.0
Envista Holdings,,2026-03-23|2026-03-24|2026-03-25|2026-03-26|2026-03-27|2026-03-30|2026-03-31|2026-04-01|2026-04-02|2026-04-06|2026-04-07|2026-04-08|2026-04-09|2026-04-10|2026-04-13|2026-04-14|2026-04-15|2026-04-16|2026-04-17|2026-04-20|2026-04-21|2026-04-22|2026-04-23|2026-04-24|2026-04-27|2026-04-28|2026-04-29|2026-04-30|2026-05-01|2026-05-04,2026-05-05 23:02:11,0.0
Shift4 Payments,,2026-03-23|2026-03-24|2026-03-25|2026-03-26|2026-03-27|2026-03-30|2026-03-31|2026-04-01|2026-04-02|2026-04-06|2026-04-07|2026-04-08|2026-04-09|2026-04-10|2026-04-13|2026-04-14|2026-04-15|2026-04-16|2026-04-17|2026-04-20|2026-04-21|2026-04-22|2026-04-23|2026-04-24|2026-04-27|2026-04-28|2026-04-29|2026-04-30|2026-05-01|2026-05-04,2026-05-05 23:02:11,0.0
Talen Energy,,2026-03-20|2026-03-23|2026-03-24|2026-03-25|2026-03-26|2026-03-27|2026-03-30|2026-03-31|2026-04-01|2026-04-02|2026-04-06|2026-04-07|2026-04-08|2026-04-09|2026-04-10|2026-04-13|2026-04-14|2026-04-15|2026-04-16|2026-04-17|2026-04-20|2026-04-21|2026-04-22|2026-04-23|2026-04-24|2026-04-27|2026-04-28|2026-04-29|2026-04-30|2026-05-01,2026-05-05 23:02:11,0.0
Carpenter Technology,,2026-03-23|2026-03-24|2026-03-25|2026-03-26|2026-03-27|2026-03-30|2026-03-31|2026-04-01|2026-04-02|2026-04-06|2026-04-07|2026-04-08|2026-04-09|2026-04-10|2026-04-13|2026-04-14|2026-04-15|2026-04-16|2026-04-17|2026-04-20|2026-04-21|2026-04-22|2026-04-23|2026-04-24|2026-04-27|2026-04-28|2026-04-29|2026-04-30|2026-05-01|2026-05-04,2026-05-05 23:02:11,0.0
WEX,,2026-03-23|2026-03-24|2026-03-25|2026-03-26|2026-03-27|2026-03-30|2026-03-31|2026-04-01|2026-04-02|2026-04-06|2026-04-07|2026-04-08|2026-04-09|2026-04-10|2026-04-13|2026-04-14|2026-04-15|2026-04-16|2026-04-17|2026-04-20|2026-04-21|2026-04-22|2026-04-23|2026-04-24|2026-04-27|2026-04-28|2026-04-29|2026-04-30|2026-05-01|2026-05-04,2026-05-05 23:02:11,0.0
Old National Bancorp,,2026-03-23|2026-03-24|2026-03-25|2026-03-26|2026-03-27|2026-03-30|2026-03-31|2026-04-01|2026-04-02|2026-04-06|2026-04-07|2026-04-08|2026-04-09|2026-04-10|2026-04-13|2026-04-14|2026-04-15|2026-04-16|2026-04-17|2026-04-20|2026-04-21|2026-04-22|2026-04-23|2026-04-24|2026-04-27|2026-04-28|2026-04-29|2026-04-30|2026-05-01|2026-05-04,2026-05-05 23:02:11,0.0
AGNC Investment,,2026-03-23|2026-03-24|2026-03-25|2026-03-26|2026-03-27|2026-03-30|2026-03-31|2026-04-01|2026-04-02|2026-04-06|2026-04-07|2026-04-08|2026-04-09|2026-04-10|2026-04-13|2026-04-14|2026-04-15|2026-04-16|2026-04-17|2026-04-20|2026-04-21|2026-04-22|2026-04-23|2026-04-24|2026-04-27|2026-04-28|2026-04-29|2026-04-30|2026-05-01|2026-05-04,2026-05-05 23:02:11,0.0
Wabash National,,2026-03-23|2026-03-24|2026-03-25|2026-03-26|2026-03-27|2026-03-30|2026-03-31|2026-04-01|2026-04-02|2026-04-06|2026-04-07|2026-04-08|2026-04-09|2026-04-10|2026-04-13|2026-04-14|2026-04-15|2026-04-16|2026-04-17|2026-04-20|2026-04-21|2026-04-22|2026-04-23|2026-04-24|2026-04-27|2026-04-28|2026-04-29|2026-04-30|2026-05-01|2026-05-04,2026-05-05 23:02:11,0.0
MSCI,,2026-03-23|2026-03-24|2026-03-25|2026-03-26|2026-03-27|2026-03-30|2026-03-31|2026-04-01|2026-04-02|2026-04-06|2026-04-07|2026-04-08|2026-04-09|2026-04-10|2026-04-13|2026-04-14|2026-04-15|2026-04-16|2026-04-17|2026-04-20|2026-04-21|2026-04-22|2026-04-23|2026-04-24|2026-04-27|2026-04-28|2026-04-29|2026-04-30|2026-05-01|2026-05-04,2026-05-05 23:02:11,0.0
Stagwell,,2026-03-23|2026-03-24|2026-03-25|2026-03-26|2026-03-27|2026-03-30|2026-03-31|2026-04-01|2026-04-02|2026-04-06|2026-04-07|2026-04-08|2026-04-09|2026-04-10|2026-04-13|2026-04-14|2026-04-15|2026-04-16|2026-04-17|2026-04-20|2026-04-21|2026-04-22|2026-04-23|2026-04-24|2026-04-27|2026-04-28|2026-04-29|2026-04-30|2026-05-01|2026-05-04,2026-05-05 23:02:11,0.0
Mativ,,2026-03-23|2026-03-24|2026-03-25|2026-03-26|2026-03-27|2026-03-30|2026-03-31|2026-04-01|2026-04-02|2026-04-06|2026-04-07|2026-04-08|2026-04-09|2026-04-10|2026-04-13|2026-04-14|2026-04-15|2026-04-16|2026-04-17|2026-04-20|2026-04-21|2026-04-22|2026-04-23|2026-04-24|2026-04-27|2026-04-28|2026-04-29|2026-04-30|2026-05-01|2026-05-04,2026-05-05 23:02:11,0.0
Belden,,2026-03-23|2026-03-24|2026-03-25|2026-03-26|2026-03-27|2026-03-30|2026-03-31|2026-04-01|2026-04-02|2026-04-06|2026-04-07|2026-04-08|2026-04-09|2026-04-10|2026-04-13|2026-04-14|2026-04-15|2026-04-16|2026-04-17|2026-04-20|2026-04-21|2026-04-22|2026-04-23|2026-04-24|2026-04-27|2026-04-28|2026-04-29|2026-04-30|2026-05-01|2026-05-04,2026-05-05 23:02:11,0.0
Allegiant Travel Company,,2026-03-23|2026-03-24|2026-03-25|2026-03-26|2026-03-27|2026-03-30|2026-03-31|2026-04-01|2026-04-02|2026-04-06|2026-04-07|2026-04-08|2026-04-09|2026-04-10|2026-04-13|2026-04-14|2026-04-15|2026-04-16|2026-04-17|2026-04-20|2026-04-21|2026-04-22|2026-04-23|2026-04-24|2026-04-27|2026-04-28|2026-04-29|2026-04-30|2026-05-01|2026-05-04,2026-05-05 23:02:11,0.0
Dropbox,,2026-03-23|2026-03-24|2026-03-25|2026-03-26|2026-03-27|2026-03-30|2026-03-31|2026-04-01|2026-04-02|2026-04-06|2026-04-07|2026-04-08|2026-04-09|2026-04-10|2026-04-13|2026-04-14|2026-04-15|2026-04-16|2026-04-17|2026-04-20|2026-04-21|2026-04-22|2026-04-23|2026-04-24|2026-04-27|2026-04-28|2026-04-29|2026-04-30|2026-05-01|2026-05-04,2026-05-05 23:02:11,0.0
Exact Sciences,,2026-02-09|2026-02-10|2026-02-11|2026-02-12|2026-02-13|2026-02-17|2026-02-18|2026-02-19|2026-02-20|2026-02-23|2026-02-24|2026-02-25|2026-02-26|2026-02-27|2026-03-02|2026-03-03|2026-03-04|2026-03-05|2026-03-06|2026-03-09|2026-03-10|2026-03-11|2026-03-12|2026-03-13|2026-03-16|2026-03-17|2026-03-18|2026-03-19|2026-03-20|2026-03-23,2026-05-05 23:02:11,0.0
BWX Technologies,,2026-03-23|2026-03-24|2026-03-25|2026-03-26|2026-03-27|2026-03-30|2026-03-31|2026-04-01|2026-04-02|2026-04-06|2026-04-07|2026-04-08|2026-04-09|2026-04-10|2026-04-13|2026-04-14|2026-04-15|2026-04-16|2026-04-17|2026-04-20|2026-04-21|2026-04-22|2026-04-23|2026-04-24|2026-04-27|2026-04-28|2026-04-29|2026-04-30|2026-05-01|2026-05-04,2026-05-05 23:02:11,0.0
Clear Channel Outdoor Holdings,,2026-03-23|2026-03-24|2026-03-25|2026-03-26|2026-03-27|2026-03-30|2026-03-31|2026-04-01|2026-04-02|2026-04-06|2026-04-07|2026-04-08|2026-04-09|2026-04-10|2026-04-13|2026-04-14|2026-04-15|2026-04-16|2026-04-17|2026-04-20|2026-04-21|2026-04-22|2026-04-23|2026-04-24|2026-04-27|2026-04-28|2026-04-29|2026-04-30|2026-05-01|2026-05-04,2026-05-05 23:02:11,0.0
Gap Inc,,2026-03-23|2026-03-24|2026-03-25|2026-03-26|2026-03-27|2026-03-30|2026-03-31|2026-04-01|2026-04-02|2026-04-06|2026-04-07|2026-04-08|2026-04-09|2026-04-10|2026-04-13|2026-04-14|2026-04-15|2026-04-16|2026-04-17|2026-04-20|2026-04-21|2026-04-22|2026-04-23|2026-04-24|2026-04-27|2026-04-28|2026-04-29|2026-04-30|2026-05-01|2026-05-04,2026-05-05 23:02:11,0.0
Old Navy,,2026-03-23|2026-03-24|2026-03-25|2026-03-26|2026-03-27|2026-03-30|2026-03-31|2026-04-01|2026-04-02|2026-04-06|2026-04-07|2026-04-08|2026-04-09|2026-04-10|2026-04-13|2026-04-14|2026-04-15|2026-04-16|2026-04-17|2026-04-20|2026-04-21|2026-04-22|2026-04-23|2026-04-24|2026-04-27|2026-04-28|2026-04-29|2026-04-30|2026-05-01|2026-05-04,2026-05-05 23:02:11,0.0
WM,,2026-03-23|2026-03-24|2026-03-25|2026-03-26|2026-03-27|2026-03-30|2026-03-31|2026-04-01|2026-04-02|2026-04-06|2026-04-07|2026-04-08|2026-04-09|2026-04-10|2026-04-13|2026-04-14|2026-04-15|2026-04-16|2026-04-17|2026-04-20|2026-04-21|2026-04-22|2026-04-23|2026-04-24|2026-04-27|2026-04-28|2026-04-29|2026-04-30|2026-05-01|2026-05-04,2026-05-05 23:02:11,0.0
Block Inc,,2026-03-23|2026-03-24|2026-03-25|2026-03-26|2026-03-27|2026-03-30|2026-03-31|2026-04-01|2026-04-02|2026-04-06|2026-04-07|2026-04-08|2026-04-09|2026-04-10|2026-04-13|2026-04-14|2026-04-15|2026-04-16|2026-04-17|2026-04-20|2026-04-21|2026-04-22|2026-04-23|2026-04-24|2026-04-27|2026-04-28|2026-04-29|2026-04-30|2026-05-01|2026-05-04,2026-05-05 23:02:11,0.0
Fox Corporation,,2026-03-23|2026-03-24|2026-03-25|2026-03-26|2026-03-27|2026-03-30|2026-03-31|2026-04-01|2026-04-02|2026-04-06|2026-04-07|2026-04-08|2026-04-09|2026-04-10|2026-04-13|2026-04-14|2026-04-15|2026-04-16|2026-04-17|2026-04-20|2026-04-21|2026-04-22|2026-04-23|2026-04-24|2026-04-27|2026-04-28|2026-04-29|2026-04-30|2026-05-01|2026-05-04,2026-05-05 23:02:11,0.0
Westlake Corporation,,2026-03-23|2026-03-24|2026-03-25|2026-03-26|2026-03-27|2026-03-30|2026-03-31|2026-04-01|2026-04-02|2026-04-06|2026-04-07|2026-04-08|2026-04-09|2026-04-10|2026-04-13|2026-04-14|2026-04-15|2026-04-16|2026-04-17|2026-04-20|2026-04-21|2026-04-22|2026-04-23|2026-04-24|2026-04-27|2026-04-28|2026-04-29|2026-04-30|2026-05-01|2026-05-04,2026-05-05 23:02:11,0.0
Bausch & Lomb,,2026-03-23|2026-03-24|2026-03-25|2026-03-26|2026-03-27|2026-03-30|2026-03-31|2026-04-01|2026-04-02|2026-04-06|2026-04-07|2026-04-08|2026-04-09|2026-04-10|2026-04-13|2026-04-14|2026-04-15|2026-04-16|2026-04-17|2026-04-20|2026-04-21|2026-04-22|2026-04-23|2026-04-24|2026-04-27|2026-04-28|2026-04-29|2026-04-30|2026-05-01|2026-05-04,2026-05-05 23:02:11,0.0
OpenText,,2026-03-23|2026-03-24|2026-03-25|2026-03-26|2026-03-27|2026-03-30|2026-03-31|2026-04-01|2026-04-02|2026-04-06|2026-04-07|2026-04-08|2026-04-09|2026-04-10|2026-04-13|2026-04-14|2026-04-15|2026-04-16|2026-04-17|2026-04-20|2026-04-21|2026-04-22|2026-04-23|2026-04-24|2026-04-27|2026-04-28|2026-04-29|2026-04-30|2026-05-01|2026-05-04,2026-05-05 23:02:11,0.0
