company,trends_history,date_history,last_updated,avg_interest
Weis Markets,56|82|45|38|41|37|30|38|40|20|38|26|32|28|47|56|49|53|42|34|42|38|35|34|34|39|41|28|34|34,2025-12-30|2025-12-31|2026-01-02|2026-01-05|2026-01-06|2026-01-07|2026-01-08|2026-01-09|2026-01-12|2026-01-13|2026-01-14|2026-01-15|2026-01-16|2026-01-20|2026-01-21|2026-01-22|2026-01-23|2026-01-26|2026-01-27|2026-01-28|2026-01-29|2026-01-30|2026-02-02|2026-02-03|2026-02-04|2026-02-05|2026-02-06|2026-02-09|2026-02-10|2026-02-11,2026-02-11 22:33:07,39.7
Pinnacle West Capital,0|0|0|0|0|0|0|0|0|0|0|0|0|0|0|0|0|0|0|0|0|71|0|0|77|85|77|78|0|100,2025-12-30|2025-12-31|2026-01-02|2026-01-05|2026-01-06|2026-01-07|2026-01-08|2026-01-09|2026-01-12|2026-01-13|2026-01-14|2026-01-15|2026-01-16|2026-01-20|2026-01-21|2026-01-22|2026-01-23|2026-01-26|2026-01-27|2026-01-28|2026-01-29|2026-01-30|2026-02-02|2026-02-03|2026-02-04|2026-02-05|2026-02-06|2026-02-09|2026-02-10|2026-02-11,2026-02-11 22:33:11,16.3
EPAM Systems,100|0|0|0|0|0|0|0|0|0|0|0|0|0|0|0|0|86|0|19|20|19|23|29|22|22|14|26|22|22,2025-12-30|2025-12-31|2026-01-02|2026-01-05|2026-01-06|2026-01-07|2026-01-08|2026-01-09|2026-01-12|2026-01-13|2026-01-14|2026-01-15|2026-01-16|2026-01-20|2026-01-21|2026-01-22|2026-01-23|2026-01-26|2026-01-27|2026-01-28|2026-01-29|2026-01-30|2026-02-02|2026-02-03|2026-02-04|2026-02-05|2026-02-06|2026-02-09|2026-02-10|2026-02-11,2026-02-11 22:33:16,14.1
Antero Resources,0|0|0|0|0|0|0|0|0|0|0|0|0|0|0|0|0|100|0|28|40|33|47|45|43|41|23|29|29|54,2025-12-30|2025-12-31|2026-01-02|2026-01-05|2026-01-06|2026-01-07|2026-01-08|2026-01-09|2026-01-12|2026-01-13|2026-01-14|2026-01-15|2026-01-16|2026-01-20|2026-01-21|2026-01-22|2026-01-23|2026-01-26|2026-01-27|2026-01-28|2026-01-29|2026-01-30|2026-02-02|2026-02-03|2026-02-04|2026-02-05|2026-02-06|2026-02-09|2026-02-10|2026-02-11,2026-02-11 22:33:19,17.1
Bloomin Brands,59|0|72|100|89|54|66|62|53|0|0|0|69|0|0|69|56|0|0|48|46|51|51|48|54|50|50|36|42|46,2025-12-30|2025-12-31|2026-01-02|2026-01-05|2026-01-06|2026-01-07|2026-01-08|2026-01-09|2026-01-12|2026-01-13|2026-01-14|2026-01-15|2026-01-16|2026-01-20|2026-01-21|2026-01-22|2026-01-23|2026-01-26|2026-01-27|2026-01-28|2026-01-29|2026-01-30|2026-02-02|2026-02-03|2026-02-04|2026-02-05|2026-02-06|2026-02-09|2026-02-10|2026-02-11,2026-02-11 22:33:23,42.4
MDU Resources Group,0|0|0|0|0|0|100|0|0|0|0|0|0|0|0|0|0|0|0|0|0|0|0|0|0|0|0|0|0|0,2025-12-29|2025-12-30|2025-12-31|2026-01-02|2026-01-05|2026-01-06|2026-01-07|2026-01-08|2026-01-09|2026-01-12|2026-01-13|2026-01-14|2026-01-15|2026-01-16|2026-01-20|2026-01-21|2026-01-22|2026-01-23|2026-01-26|2026-01-27|2026-01-28|2026-01-29|2026-01-30|2026-02-02|2026-02-03|2026-02-04|2026-02-05|2026-02-06|2026-02-09|2026-02-10,2026-02-11 22:33:26,3.3
Texas Roadhouse,62|98|73|42|40|44|43|59|40|39|39|41|60|41|37|39|49|41|45|45|49|62|46|40|41|46|60|33|39|40,2025-12-30|2025-12-31|2026-01-02|2026-01-05|2026-01-06|2026-01-07|2026-01-08|2026-01-09|2026-01-12|2026-01-13|2026-01-14|2026-01-15|2026-01-16|2026-01-20|2026-01-21|2026-01-22|2026-01-23|2026-01-26|2026-01-27|2026-01-28|2026-01-29|2026-01-30|2026-02-02|2026-02-03|2026-02-04|2026-02-05|2026-02-06|2026-02-09|2026-02-10|2026-02-11,2026-02-11 22:33:30,47.8
Mercury General,0|70|0|0|100|0|58|0|0|0|0|82|0|73|70|0|58|89|0|26|24|21|25|30|27|30|23|26|26|24,2025-12-30|2025-12-31|2026-01-02|2026-01-05|2026-01-06|2026-01-07|2026-01-08|2026-01-09|2026-01-12|2026-01-13|2026-01-14|2026-01-15|2026-01-16|2026-01-20|2026-01-21|2026-01-22|2026-01-23|2026-01-26|2026-01-27|2026-01-28|2026-01-29|2026-01-30|2026-02-02|2026-02-03|2026-02-04|2026-02-05|2026-02-06|2026-02-09|2026-02-10|2026-02-11,2026-02-11 22:33:34,29.4
Fortune Brands Innovations,0|0|0|0|0|0|0|0|0|0|0|0|0|0|0|0|0|0|0|73|100|71|64|70|62|80|58|52|77|82,2025-12-30|2025-12-31|2026-01-02|2026-01-05|2026-01-06|2026-01-07|2026-01-08|2026-01-09|2026-01-12|2026-01-13|2026-01-14|2026-01-15|2026-01-16|2026-01-20|2026-01-21|2026-01-22|2026-01-23|2026-01-26|2026-01-27|2026-01-28|2026-01-29|2026-01-30|2026-02-02|2026-02-03|2026-02-04|2026-02-05|2026-02-06|2026-02-09|2026-02-10|2026-02-11,2026-02-11 22:33:39,26.3
Zions Bancorp,0|0|0|0|0|0|0|0|0|0|0|0|0|0|0|0|0|0|0|61|0|0|81|0|72|84|0|0|70|86,2025-12-30|2025-12-31|2026-01-02|2026-01-05|2026-01-06|2026-01-07|2026-01-08|2026-01-09|2026-01-12|2026-01-13|2026-01-14|2026-01-15|2026-01-16|2026-01-20|2026-01-21|2026-01-22|2026-01-23|2026-01-26|2026-01-27|2026-01-28|2026-01-29|2026-01-30|2026-02-02|2026-02-03|2026-02-04|2026-02-05|2026-02-06|2026-02-09|2026-02-10|2026-02-11,2026-02-11 22:33:42,15.1
JELD-WEN Holding,,2025-12-30|2025-12-31|2026-01-02|2026-01-05|2026-01-06|2026-01-07|2026-01-08|2026-01-09|2026-01-12|2026-01-13|2026-01-14|2026-01-15|2026-01-16|2026-01-20|2026-01-21|2026-01-22|2026-01-23|2026-01-26|2026-01-27|2026-01-28|2026-01-29|2026-01-30|2026-02-02|2026-02-03|2026-02-04|2026-02-05|2026-02-06|2026-02-09|2026-02-10|2026-02-11,2026-02-11 22:33:45,0.0
Snap Inc,71|0|0|59|59|80|85|95|67|70|72|89|78|84|79|84|0|80|97|53|52|53|54|61|82|99|74|58|73|64,2025-12-30|2025-12-31|2026-01-02|2026-01-05|2026-01-06|2026-01-07|2026-01-08|2026-01-09|2026-01-12|2026-01-13|2026-01-14|2026-01-15|2026-01-16|2026-01-20|2026-01-21|2026-01-22|2026-01-23|2026-01-26|2026-01-27|2026-01-28|2026-01-29|2026-01-30|2026-02-02|2026-02-03|2026-02-04|2026-02-05|2026-02-06|2026-02-09|2026-02-10|2026-02-11,2026-02-11 22:33:46,65.7
Zebra Technologies,0|50|0|61|67|84|44|49|61|0|48|58|0|70|84|0|70|74|64|41|51|42|44|46|55|49|44|45|72|58,2025-12-30|2025-12-31|2026-01-02|2026-01-05|2026-01-06|2026-01-07|2026-01-08|2026-01-09|2026-01-12|2026-01-13|2026-01-14|2026-01-15|2026-01-16|2026-01-20|2026-01-21|2026-01-22|2026-01-23|2026-01-26|2026-01-27|2026-01-28|2026-01-29|2026-01-30|2026-02-02|2026-02-03|2026-02-04|2026-02-05|2026-02-06|2026-02-09|2026-02-10|2026-02-11,2026-02-11 22:33:50,47.7
Agilon Health,0|0|0|0|0|0|0|0|0|0|0|0|0|0|0|0|0|0|0|54|38|40|48|45|57|70|46|35|77|100,2025-12-30|2025-12-31|2026-01-02|2026-01-05|2026-01-06|2026-01-07|2026-01-08|2026-01-09|2026-01-12|2026-01-13|2026-01-14|2026-01-15|2026-01-16|2026-01-20|2026-01-21|2026-01-22|2026-01-23|2026-01-26|2026-01-27|2026-01-28|2026-01-29|2026-01-30|2026-02-02|2026-02-03|2026-02-04|2026-02-05|2026-02-06|2026-02-09|2026-02-10|2026-02-11,2026-02-11 22:33:54,20.3
Toro Company,0|77|0|0|49|0|0|0|48|48|52|89|44|54|54|84|50|73|100|29|28|26|30|29|27|34|24|25|27|29,2025-12-30|2025-12-31|2026-01-02|2026-01-05|2026-01-06|2026-01-07|2026-01-08|2026-01-09|2026-01-12|2026-01-13|2026-01-14|2026-01-15|2026-01-16|2026-01-20|2026-01-21|2026-01-22|2026-01-23|2026-01-26|2026-01-27|2026-01-28|2026-01-29|2026-01-30|2026-02-02|2026-02-03|2026-02-04|2026-02-05|2026-02-06|2026-02-09|2026-02-10|2026-02-11,2026-02-11 22:33:58,37.7
Zoom Video Communications,0|0|0|0|0|0|0|0|0|0|99|0|0|0|0|100|0|0|0|41|29|12|10|0|0|20|6|9|13|9,2025-12-30|2025-12-31|2026-01-02|2026-01-05|2026-01-06|2026-01-07|2026-01-08|2026-01-09|2026-01-12|2026-01-13|2026-01-14|2026-01-15|2026-01-16|2026-01-20|2026-01-21|2026-01-22|2026-01-23|2026-01-26|2026-01-27|2026-01-28|2026-01-29|2026-01-30|2026-02-02|2026-02-03|2026-02-04|2026-02-05|2026-02-06|2026-02-09|2026-02-10|2026-02-11,2026-02-11 22:34:01,11.6
Tetra Tech,0|30|0|0|29|41|37|0|43|28|44|0|50|38|60|62|41|90|43|45|42|35|35|44|43|41|35|75|84|88,2025-12-30|2025-12-31|2026-01-02|2026-01-05|2026-01-06|2026-01-07|2026-01-08|2026-01-09|2026-01-12|2026-01-13|2026-01-14|2026-01-15|2026-01-16|2026-01-20|2026-01-21|2026-01-22|2026-01-23|2026-01-26|2026-01-27|2026-01-28|2026-01-29|2026-01-30|2026-02-02|2026-02-03|2026-02-04|2026-02-05|2026-02-06|2026-02-09|2026-02-10|2026-02-11,2026-02-11 22:34:05,40.1
Public Storage,80|88|89|75|83|77|68|64|62|68|64|66|59|63|69|74|66|71|80|58|58|65|71|79|65|62|64|51|54|48,2025-12-30|2025-12-31|2026-01-02|2026-01-05|2026-01-06|2026-01-07|2026-01-08|2026-01-09|2026-01-12|2026-01-13|2026-01-14|2026-01-15|2026-01-16|2026-01-20|2026-01-21|2026-01-22|2026-01-23|2026-01-26|2026-01-27|2026-01-28|2026-01-29|2026-01-30|2026-02-02|2026-02-03|2026-02-04|2026-02-05|2026-02-06|2026-02-09|2026-02-10|2026-02-11,2026-02-11 22:34:07,68.0
Illumina Inc,0|0|0|0|0|0|0|0|0|0|0|0|0|0|0|0|0|0|0|0|0|62|0|52|42|59|55|60|0|100,2025-12-30|2025-12-31|2026-01-02|2026-01-05|2026-01-06|2026-01-07|2026-01-08|2026-01-09|2026-01-12|2026-01-13|2026-01-14|2026-01-15|2026-01-16|2026-01-20|2026-01-21|2026-01-22|2026-01-23|2026-01-26|2026-01-27|2026-01-28|2026-01-29|2026-01-30|2026-02-02|2026-02-03|2026-02-04|2026-02-05|2026-02-06|2026-02-09|2026-02-10|2026-02-11,2026-02-11 22:34:12,14.3
Ventas Inc,0|0|0|0|0|0|0|0|0|0|0|0|0|0|0|0|0|0|0|64|56|60|37|30|60|100|54|30|56|80,2025-12-30|2025-12-31|2026-01-02|2026-01-05|2026-01-06|2026-01-07|2026-01-08|2026-01-09|2026-01-12|2026-01-13|2026-01-14|2026-01-15|2026-01-16|2026-01-20|2026-01-21|2026-01-22|2026-01-23|2026-01-26|2026-01-27|2026-01-28|2026-01-29|2026-01-30|2026-02-02|2026-02-03|2026-02-04|2026-02-05|2026-02-06|2026-02-09|2026-02-10|2026-02-11,2026-02-11 22:34:15,20.9
FMC Corporation,0|0|0|0|0|0|0|0|0|0|0|0|0|0|0|0|0|0|0|30|30|29|42|41|54|100|73|57|62|51,2025-12-30|2025-12-31|2026-01-02|2026-01-05|2026-01-06|2026-01-07|2026-01-08|2026-01-09|2026-01-12|2026-01-13|2026-01-14|2026-01-15|2026-01-16|2026-01-20|2026-01-21|2026-01-22|2026-01-23|2026-01-26|2026-01-27|2026-01-28|2026-01-29|2026-01-30|2026-02-02|2026-02-03|2026-02-04|2026-02-05|2026-02-06|2026-02-09|2026-02-10|2026-02-11,2026-02-11 22:34:18,19.0
ArcBest,56|0|54|0|81|99|92|57|0|0|50|100|71|58|59|81|0|0|78|57|58|78|65|65|73|65|61|53|60|69,2025-12-30|2025-12-31|2026-01-02|2026-01-05|2026-01-06|2026-01-07|2026-01-08|2026-01-09|2026-01-12|2026-01-13|2026-01-14|2026-01-15|2026-01-16|2026-01-20|2026-01-21|2026-01-22|2026-01-23|2026-01-26|2026-01-27|2026-01-28|2026-01-29|2026-01-30|2026-02-02|2026-02-03|2026-02-04|2026-02-05|2026-02-06|2026-02-09|2026-02-10|2026-02-11,2026-02-11 22:34:22,54.7
Dominos Pizza Inc,0|0|0|0|0|0|0|0|0|0|0|0|0|0|0|0|0|0|0|0|0|87|0|100|0|0|0|0|90|0,2025-12-30|2025-12-31|2026-01-02|2026-01-05|2026-01-06|2026-01-07|2026-01-08|2026-01-09|2026-01-12|2026-01-13|2026-01-14|2026-01-15|2026-01-16|2026-01-20|2026-01-21|2026-01-22|2026-01-23|2026-01-26|2026-01-27|2026-01-28|2026-01-29|2026-01-30|2026-02-02|2026-02-03|2026-02-04|2026-02-05|2026-02-06|2026-02-09|2026-02-10|2026-02-11,2026-02-11 22:34:26,9.2
ASGN,0|0|0|0|100|0|0|0|0|0|0|0|0|71|88|0|0|0|0|19|27|32|27|27|45|43|31|23|26|41,2025-12-30|2025-12-31|2026-01-02|2026-01-05|2026-01-06|2026-01-07|2026-01-08|2026-01-09|2026-01-12|2026-01-13|2026-01-14|2026-01-15|2026-01-16|2026-01-20|2026-01-21|2026-01-22|2026-01-23|2026-01-26|2026-01-27|2026-01-28|2026-01-29|2026-01-30|2026-02-02|2026-02-03|2026-02-04|2026-02-05|2026-02-06|2026-02-09|2026-02-10|2026-02-11,2026-02-11 22:34:30,20.0
Rivian Automotive,0|0|0|0|0|0|0|0|0|0|0|0|0|0|100|0|0|0|0|27|28|23|26|25|34|20|27|22|33|32,2025-12-30|2025-12-31|2026-01-02|2026-01-05|2026-01-06|2026-01-07|2026-01-08|2026-01-09|2026-01-12|2026-01-13|2026-01-14|2026-01-15|2026-01-16|2026-01-20|2026-01-21|2026-01-22|2026-01-23|2026-01-26|2026-01-27|2026-01-28|2026-01-29|2026-01-30|2026-02-02|2026-02-03|2026-02-04|2026-02-05|2026-02-06|2026-02-09|2026-02-10|2026-02-11,2026-02-11 22:34:34,13.2
Elanco Animal Health,0|0|0|0|0|0|0|0|0|0|0|0|0|0|0|0|0|0|0|73|60|78|42|72|86|57|90|67|73|100,2025-12-30|2025-12-31|2026-01-02|2026-01-05|2026-01-06|2026-01-07|2026-01-08|2026-01-09|2026-01-12|2026-01-13|2026-01-14|2026-01-15|2026-01-16|2026-01-20|2026-01-21|2026-01-22|2026-01-23|2026-01-26|2026-01-27|2026-01-28|2026-01-29|2026-01-30|2026-02-02|2026-02-03|2026-02-04|2026-02-05|2026-02-06|2026-02-09|2026-02-10|2026-02-11,2026-02-11 22:34:37,26.6
Graham Holdings Company,0|0|0|0|0|0|0|0|0|0|0|0|0|0|0|0|0|0|0|0|100|0|0|0|0|0|0|0|0|0,2025-12-30|2025-12-31|2026-01-02|2026-01-05|2026-01-06|2026-01-07|2026-01-08|2026-01-09|2026-01-12|2026-01-13|2026-01-14|2026-01-15|2026-01-16|2026-01-20|2026-01-21|2026-01-22|2026-01-23|2026-01-26|2026-01-27|2026-01-28|2026-01-29|2026-01-30|2026-02-02|2026-02-03|2026-02-04|2026-02-05|2026-02-06|2026-02-09|2026-02-10|2026-02-11,2026-02-11 22:34:41,3.3
Floor & Decor,86|42|89|71|100|79|84|80|88|69|77|92|79|77|90|67|79|88|89|60|61|77|66|67|64|65|61|78|80|73,2025-12-30|2025-12-31|2026-01-02|2026-01-05|2026-01-06|2026-01-07|2026-01-08|2026-01-09|2026-01-12|2026-01-13|2026-01-14|2026-01-15|2026-01-16|2026-01-20|2026-01-21|2026-01-22|2026-01-23|2026-01-26|2026-01-27|2026-01-28|2026-01-29|2026-01-30|2026-02-02|2026-02-03|2026-02-04|2026-02-05|2026-02-06|2026-02-09|2026-02-10|2026-02-11,2026-02-11 22:34:44,75.9
Applied Industrial Technologies,0|0|0|0|0|73|99|0|0|0|0|0|0|0|100|61|0|0|90|59|57|46|49|48|57|52|55|44|52|53,2025-12-30|2025-12-31|2026-01-02|2026-01-05|2026-01-06|2026-01-07|2026-01-08|2026-01-09|2026-01-12|2026-01-13|2026-01-14|2026-01-15|2026-01-16|2026-01-20|2026-01-21|2026-01-22|2026-01-23|2026-01-26|2026-01-27|2026-01-28|2026-01-29|2026-01-30|2026-02-02|2026-02-03|2026-02-04|2026-02-05|2026-02-06|2026-02-09|2026-02-10|2026-02-11,2026-02-11 22:34:49,33.2
PriceSmart,66|69|72|70|66|57|77|81|84|0|55|89|100|58|79|58|69|51|92|53|52|49|54|57|53|66|58|46|48|55,2025-12-30|2025-12-31|2026-01-02|2026-01-05|2026-01-06|2026-01-07|2026-01-08|2026-01-09|2026-01-12|2026-01-13|2026-01-14|2026-01-15|2026-01-16|2026-01-20|2026-01-21|2026-01-22|2026-01-23|2026-01-26|2026-01-27|2026-01-28|2026-01-29|2026-01-30|2026-02-02|2026-02-03|2026-02-04|2026-02-05|2026-02-06|2026-02-09|2026-02-10|2026-02-11,2026-02-11 22:34:52,62.8
Lyft,77|88|77|72|67|72|66|70|73|62|63|69|72|73|72|75|73|80|76|78|79|75|73|74|74|73|72|70|81|92,2025-12-30|2025-12-31|2026-01-02|2026-01-05|2026-01-06|2026-01-07|2026-01-08|2026-01-09|2026-01-12|2026-01-13|2026-01-14|2026-01-15|2026-01-16|2026-01-20|2026-01-21|2026-01-22|2026-01-23|2026-01-26|2026-01-27|2026-01-28|2026-01-29|2026-01-30|2026-02-02|2026-02-03|2026-02-04|2026-02-05|2026-02-06|2026-02-09|2026-02-10|2026-02-11,2026-02-11 22:34:55,73.9
Ciena,28|23|33|50|44|45|100|47|33|28|34|57|31|39|39|34|48|40|33|34|33|34|33|38|37|49|37|33|40|36,2025-12-30|2025-12-31|2026-01-02|2026-01-05|2026-01-06|2026-01-07|2026-01-08|2026-01-09|2026-01-12|2026-01-13|2026-01-14|2026-01-15|2026-01-16|2026-01-20|2026-01-21|2026-01-22|2026-01-23|2026-01-26|2026-01-27|2026-01-28|2026-01-29|2026-01-30|2026-02-02|2026-02-03|2026-02-04|2026-02-05|2026-02-06|2026-02-09|2026-02-10|2026-02-11,2026-02-11 22:34:59,39.7
IAC inc,0|0|0|0|0|0|0|0|0|0|0|100|0|0|0|0|0|0|0|0|6|7|0|6|10|8|9|6|6|8,2025-12-30|2025-12-31|2026-01-02|2026-01-05|2026-01-06|2026-01-07|2026-01-08|2026-01-09|2026-01-12|2026-01-13|2026-01-14|2026-01-15|2026-01-16|2026-01-20|2026-01-21|2026-01-22|2026-01-23|2026-01-26|2026-01-27|2026-01-28|2026-01-29|2026-01-30|2026-02-02|2026-02-03|2026-02-04|2026-02-05|2026-02-06|2026-02-09|2026-02-10|2026-02-11,2026-02-11 22:35:02,5.5
Western Union,67|70|64|68|65|63|59|71|68|58|65|70|66|59|75|63|70|62|71|61|61|69|68|72|81|100|88|63|67|65,2025-12-30|2025-12-31|2026-01-02|2026-01-05|2026-01-06|2026-01-07|2026-01-08|2026-01-09|2026-01-12|2026-01-13|2026-01-14|2026-01-15|2026-01-16|2026-01-20|2026-01-21|2026-01-22|2026-01-23|2026-01-26|2026-01-27|2026-01-28|2026-01-29|2026-01-30|2026-02-02|2026-02-03|2026-02-04|2026-02-05|2026-02-06|2026-02-09|2026-02-10|2026-02-11,2026-02-11 22:35:05,68.3
Flowserve,32|0|0|30|50|57|78|25|0|62|26|44|49|52|100|51|33|46|39|43|51|42|52|41|54|67|58|37|51|47,2025-12-30|2025-12-31|2026-01-02|2026-01-05|2026-01-06|2026-01-07|2026-01-08|2026-01-09|2026-01-12|2026-01-13|2026-01-14|2026-01-15|2026-01-16|2026-01-20|2026-01-21|2026-01-22|2026-01-23|2026-01-26|2026-01-27|2026-01-28|2026-01-29|2026-01-30|2026-02-02|2026-02-03|2026-02-04|2026-02-05|2026-02-06|2026-02-09|2026-02-10|2026-02-11,2026-02-11 22:35:09,43.9
Western Alliance Bancorp,,2025-12-30|2025-12-31|2026-01-02|2026-01-05|2026-01-06|2026-01-07|2026-01-08|2026-01-09|2026-01-12|2026-01-13|2026-01-14|2026-01-15|2026-01-16|2026-01-20|2026-01-21|2026-01-22|2026-01-23|2026-01-26|2026-01-27|2026-01-28|2026-01-29|2026-01-30|2026-02-02|2026-02-03|2026-02-04|2026-02-05|2026-02-06|2026-02-09|2026-02-10|2026-02-11,2026-02-11 22:35:13,0.0
Option Care Health,66|40|67|83|62|48|52|78|70|87|94|58|57|65|100|73|77|84|94|50|47|48|53|45|49|49|43|44|48|45,2025-12-30|2025-12-31|2026-01-02|2026-01-05|2026-01-06|2026-01-07|2026-01-08|2026-01-09|2026-01-12|2026-01-13|2026-01-14|2026-01-15|2026-01-16|2026-01-20|2026-01-21|2026-01-22|2026-01-23|2026-01-26|2026-01-27|2026-01-28|2026-01-29|2026-01-30|2026-02-02|2026-02-03|2026-02-04|2026-02-05|2026-02-06|2026-02-09|2026-02-10|2026-02-11,2026-02-11 22:35:14,62.5
SiteOne Landscape Supply,0|0|94|0|88|83|85|0|89|0|92|0|0|79|100|0|100|0|97|84|76|75|70|68|70|58|58|63|79|87,2025-12-30|2025-12-31|2026-01-02|2026-01-05|2026-01-06|2026-01-07|2026-01-08|2026-01-09|2026-01-12|2026-01-13|2026-01-14|2026-01-15|2026-01-16|2026-01-20|2026-01-21|2026-01-22|2026-01-23|2026-01-26|2026-01-27|2026-01-28|2026-01-29|2026-01-30|2026-02-02|2026-02-03|2026-02-04|2026-02-05|2026-02-06|2026-02-09|2026-02-10|2026-02-11,2026-02-11 22:35:16,56.5
Topgolf Callaway Brands,0|0|0|0|0|0|0|0|0|0|0|0|0|0|0|0|0|0|0|0|23|31|24|67|16|40|48|41|38|0,2025-12-29|2025-12-30|2025-12-31|2026-01-02|2026-01-05|2026-01-06|2026-01-07|2026-01-08|2026-01-09|2026-01-12|2026-01-13|2026-01-14|2026-01-15|2026-01-16|2026-01-20|2026-01-21|2026-01-22|2026-01-23|2026-01-26|2026-01-27|2026-01-28|2026-01-29|2026-01-30|2026-02-02|2026-02-03|2026-02-04|2026-02-05|2026-02-06|2026-02-09|2026-02-10,2026-02-11 22:35:19,10.9
eXp World,0|0|0|0|0|0|0|0|0|0|66|0|84|100|0|0|0|0|75|29|32|37|35|32|41|37|37|33|35|35,2025-12-30|2025-12-31|2026-01-02|2026-01-05|2026-01-06|2026-01-07|2026-01-08|2026-01-09|2026-01-12|2026-01-13|2026-01-14|2026-01-15|2026-01-16|2026-01-20|2026-01-21|2026-01-22|2026-01-23|2026-01-26|2026-01-27|2026-01-28|2026-01-29|2026-01-30|2026-02-02|2026-02-03|2026-02-04|2026-02-05|2026-02-06|2026-02-09|2026-02-10|2026-02-11,2026-02-11 22:35:24,23.6
Abercrombie & Fitch,63|52|54|31|37|56|45|49|52|57|46|46|40|57|19|38|45|34|27|33|34|33|36|34|37|36|34|97|100|61,2025-12-30|2025-12-31|2026-01-02|2026-01-05|2026-01-06|2026-01-07|2026-01-08|2026-01-09|2026-01-12|2026-01-13|2026-01-14|2026-01-15|2026-01-16|2026-01-20|2026-01-21|2026-01-22|2026-01-23|2026-01-26|2026-01-27|2026-01-28|2026-01-29|2026-01-30|2026-02-02|2026-02-03|2026-02-04|2026-02-05|2026-02-06|2026-02-09|2026-02-10|2026-02-11,2026-02-11 22:35:28,46.1
Atmos Energy,,2025-12-30|2025-12-31|2026-01-02|2026-01-05|2026-01-06|2026-01-07|2026-01-08|2026-01-09|2026-01-12|2026-01-13|2026-01-14|2026-01-15|2026-01-16|2026-01-20|2026-01-21|2026-01-22|2026-01-23|2026-01-26|2026-01-27|2026-01-28|2026-01-29|2026-01-30|2026-02-02|2026-02-03|2026-02-04|2026-02-05|2026-02-06|2026-02-09|2026-02-10|2026-02-11,2026-02-11 22:36:02,0.0
Brown & Brown,,2025-12-30|2025-12-31|2026-01-02|2026-01-05|2026-01-06|2026-01-07|2026-01-08|2026-01-09|2026-01-12|2026-01-13|2026-01-14|2026-01-15|2026-01-16|2026-01-20|2026-01-21|2026-01-22|2026-01-23|2026-01-26|2026-01-27|2026-01-28|2026-01-29|2026-01-30|2026-02-02|2026-02-03|2026-02-04|2026-02-05|2026-02-06|2026-02-09|2026-02-10|2026-02-11,2026-02-11 22:36:43,0.0
GoDaddy,,2025-12-30|2025-12-31|2026-01-02|2026-01-05|2026-01-06|2026-01-07|2026-01-08|2026-01-09|2026-01-12|2026-01-13|2026-01-14|2026-01-15|2026-01-16|2026-01-20|2026-01-21|2026-01-22|2026-01-23|2026-01-26|2026-01-27|2026-01-28|2026-01-29|2026-01-30|2026-02-02|2026-02-03|2026-02-04|2026-02-05|2026-02-06|2026-02-09|2026-02-10|2026-02-11,2026-02-11 22:36:53,0.0
American Water Works,,2025-12-30|2025-12-31|2026-01-02|2026-01-05|2026-01-06|2026-01-07|2026-01-08|2026-01-09|2026-01-12|2026-01-13|2026-01-14|2026-01-15|2026-01-16|2026-01-20|2026-01-21|2026-01-22|2026-01-23|2026-01-26|2026-01-27|2026-01-28|2026-01-29|2026-01-30|2026-02-02|2026-02-03|2026-02-04|2026-02-05|2026-02-06|2026-02-09|2026-02-10|2026-02-11,2026-02-11 22:36:53,0.0
Selective Insurance Group,,2025-12-30|2025-12-31|2026-01-02|2026-01-05|2026-01-06|2026-01-07|2026-01-08|2026-01-09|2026-01-12|2026-01-13|2026-01-14|2026-01-15|2026-01-16|2026-01-20|2026-01-21|2026-01-22|2026-01-23|2026-01-26|2026-01-27|2026-01-28|2026-01-29|2026-01-30|2026-02-02|2026-02-03|2026-02-04|2026-02-05|2026-02-06|2026-02-09|2026-02-10|2026-02-11,2026-02-11 22:36:53,0.0
Advantage Solutions,,2025-12-30|2025-12-31|2026-01-02|2026-01-05|2026-01-06|2026-01-07|2026-01-08|2026-01-09|2026-01-12|2026-01-13|2026-01-14|2026-01-15|2026-01-16|2026-01-20|2026-01-21|2026-01-22|2026-01-23|2026-01-26|2026-01-27|2026-01-28|2026-01-29|2026-01-30|2026-02-02|2026-02-03|2026-02-04|2026-02-05|2026-02-06|2026-02-09|2026-02-10|2026-02-11,2026-02-11 22:36:53,0.0
ResMed,,2025-12-30|2025-12-31|2026-01-02|2026-01-05|2026-01-06|2026-01-07|2026-01-08|2026-01-09|2026-01-12|2026-01-13|2026-01-14|2026-01-15|2026-01-16|2026-01-20|2026-01-21|2026-01-22|2026-01-23|2026-01-26|2026-01-27|2026-01-28|2026-01-29|2026-01-30|2026-02-02|2026-02-03|2026-02-04|2026-02-05|2026-02-06|2026-02-09|2026-02-10|2026-02-11,2026-02-11 22:36:53,0.0
Plexus Corp,,2025-12-30|2025-12-31|2026-01-02|2026-01-05|2026-01-06|2026-01-07|2026-01-08|2026-01-09|2026-01-12|2026-01-13|2026-01-14|2026-01-15|2026-01-16|2026-01-20|2026-01-21|2026-01-22|2026-01-23|2026-01-26|2026-01-27|2026-01-28|2026-01-29|2026-01-30|2026-02-02|2026-02-03|2026-02-04|2026-02-05|2026-02-06|2026-02-09|2026-02-10|2026-02-11,2026-02-11 22:36:53,0.0
Hub Group,,2025-12-30|2025-12-31|2026-01-02|2026-01-05|2026-01-06|2026-01-07|2026-01-08|2026-01-09|2026-01-12|2026-01-13|2026-01-14|2026-01-15|2026-01-16|2026-01-20|2026-01-21|2026-01-22|2026-01-23|2026-01-26|2026-01-27|2026-01-28|2026-01-29|2026-01-30|2026-02-02|2026-02-03|2026-02-04|2026-02-05|2026-02-06|2026-02-09|2026-02-10|2026-02-11,2026-02-11 22:36:53,0.0
Lincoln Electric,,2025-12-30|2025-12-31|2026-01-02|2026-01-05|2026-01-06|2026-01-07|2026-01-08|2026-01-09|2026-01-12|2026-01-13|2026-01-14|2026-01-15|2026-01-16|2026-01-20|2026-01-21|2026-01-22|2026-01-23|2026-01-26|2026-01-27|2026-01-28|2026-01-29|2026-01-30|2026-02-02|2026-02-03|2026-02-04|2026-02-05|2026-02-06|2026-02-09|2026-02-10|2026-02-11,2026-02-11 22:36:53,0.0
NCR Atleos,,2025-12-30|2025-12-31|2026-01-02|2026-01-05|2026-01-06|2026-01-07|2026-01-08|2026-01-09|2026-01-12|2026-01-13|2026-01-14|2026-01-15|2026-01-16|2026-01-20|2026-01-21|2026-01-22|2026-01-23|2026-01-26|2026-01-27|2026-01-28|2026-01-29|2026-01-30|2026-02-02|2026-02-03|2026-02-04|2026-02-05|2026-02-06|2026-02-09|2026-02-10|2026-02-11,2026-02-11 22:36:53,0.0
Calumet Inc,,2025-12-30|2025-12-31|2026-01-02|2026-01-05|2026-01-06|2026-01-07|2026-01-08|2026-01-09|2026-01-12|2026-01-13|2026-01-14|2026-01-15|2026-01-16|2026-01-20|2026-01-21|2026-01-22|2026-01-23|2026-01-26|2026-01-27|2026-01-28|2026-01-29|2026-01-30|2026-02-02|2026-02-03|2026-02-04|2026-02-05|2026-02-06|2026-02-09|2026-02-10|2026-02-11,2026-02-11 22:36:53,0.0
Dycom Industries,,2025-12-30|2025-12-31|2026-01-02|2026-01-05|2026-01-06|2026-01-07|2026-01-08|2026-01-09|2026-01-12|2026-01-13|2026-01-14|2026-01-15|2026-01-16|2026-01-20|2026-01-21|2026-01-22|2026-01-23|2026-01-26|2026-01-27|2026-01-28|2026-01-29|2026-01-30|2026-02-02|2026-02-03|2026-02-04|2026-02-05|2026-02-06|2026-02-09|2026-02-10|2026-02-11,2026-02-11 22:36:53,0.0
Valmont Industries,,2025-12-30|2025-12-31|2026-01-02|2026-01-05|2026-01-06|2026-01-07|2026-01-08|2026-01-09|2026-01-12|2026-01-13|2026-01-14|2026-01-15|2026-01-16|2026-01-20|2026-01-21|2026-01-22|2026-01-23|2026-01-26|2026-01-27|2026-01-28|2026-01-29|2026-01-30|2026-02-02|2026-02-03|2026-02-04|2026-02-05|2026-02-06|2026-02-09|2026-02-10|2026-02-11,2026-02-11 22:36:53,0.0
ATI Inc,,2025-12-30|2025-12-31|2026-01-02|2026-01-05|2026-01-06|2026-01-07|2026-01-08|2026-01-09|2026-01-12|2026-01-13|2026-01-14|2026-01-15|2026-01-16|2026-01-20|2026-01-21|2026-01-22|2026-01-23|2026-01-26|2026-01-27|2026-01-28|2026-01-29|2026-01-30|2026-02-02|2026-02-03|2026-02-04|2026-02-05|2026-02-06|2026-02-09|2026-02-10|2026-02-11,2026-02-11 22:36:53,0.0
Twilio,,2025-12-30|2025-12-31|2026-01-02|2026-01-05|2026-01-06|2026-01-07|2026-01-08|2026-01-09|2026-01-12|2026-01-13|2026-01-14|2026-01-15|2026-01-16|2026-01-20|2026-01-21|2026-01-22|2026-01-23|2026-01-26|2026-01-27|2026-01-28|2026-01-29|2026-01-30|2026-02-02|2026-02-03|2026-02-04|2026-02-05|2026-02-06|2026-02-09|2026-02-10|2026-02-11,2026-02-11 22:36:53,0.0
CNO Financial Group,,2025-12-30|2025-12-31|2026-01-02|2026-01-05|2026-01-06|2026-01-07|2026-01-08|2026-01-09|2026-01-12|2026-01-13|2026-01-14|2026-01-15|2026-01-16|2026-01-20|2026-01-21|2026-01-22|2026-01-23|2026-01-26|2026-01-27|2026-01-28|2026-01-29|2026-01-30|2026-02-02|2026-02-03|2026-02-04|2026-02-05|2026-02-06|2026-02-09|2026-02-10|2026-02-11,2026-02-11 22:36:53,0.0
Patterson-UTI Energy,,2025-12-30|2025-12-31|2026-01-02|2026-01-05|2026-01-06|2026-01-07|2026-01-08|2026-01-09|2026-01-12|2026-01-13|2026-01-14|2026-01-15|2026-01-16|2026-01-20|2026-01-21|2026-01-22|2026-01-23|2026-01-26|2026-01-27|2026-01-28|2026-01-29|2026-01-30|2026-02-02|2026-02-03|2026-02-04|2026-02-05|2026-02-06|2026-02-09|2026-02-10|2026-02-11,2026-02-11 22:36:53,0.0
Brinker International,,2025-12-30|2025-12-31|2026-01-02|2026-01-05|2026-01-06|2026-01-07|2026-01-08|2026-01-09|2026-01-12|2026-01-13|2026-01-14|2026-01-15|2026-01-16|2026-01-20|2026-01-21|2026-01-22|2026-01-23|2026-01-26|2026-01-27|2026-01-28|2026-01-29|2026-01-30|2026-02-02|2026-02-03|2026-02-04|2026-02-05|2026-02-06|2026-02-09|2026-02-10|2026-02-11,2026-02-11 22:36:53,0.0
Charles River Laboratories International,,2025-12-30|2025-12-31|2026-01-02|2026-01-05|2026-01-06|2026-01-07|2026-01-08|2026-01-09|2026-01-12|2026-01-13|2026-01-14|2026-01-15|2026-01-16|2026-01-20|2026-01-21|2026-01-22|2026-01-23|2026-01-26|2026-01-27|2026-01-28|2026-01-29|2026-01-30|2026-02-02|2026-02-03|2026-02-04|2026-02-05|2026-02-06|2026-02-09|2026-02-10|2026-02-11,2026-02-11 22:36:53,0.0
Hyster-Yale,,2025-12-29|2025-12-30|2025-12-31|2026-01-02|2026-01-05|2026-01-06|2026-01-07|2026-01-08|2026-01-09|2026-01-12|2026-01-13|2026-01-14|2026-01-15|2026-01-16|2026-01-20|2026-01-21|2026-01-22|2026-01-23|2026-01-26|2026-01-27|2026-01-28|2026-01-29|2026-01-30|2026-02-02|2026-02-03|2026-02-04|2026-02-05|2026-02-06|2026-02-09|2026-02-10,2026-02-11 22:36:53,0.0
Brighthouse Financial,,2025-12-30|2025-12-31|2026-01-02|2026-01-05|2026-01-06|2026-01-07|2026-01-08|2026-01-09|2026-01-12|2026-01-13|2026-01-14|2026-01-15|2026-01-16|2026-01-20|2026-01-21|2026-01-22|2026-01-23|2026-01-26|2026-01-27|2026-01-28|2026-01-29|2026-01-30|2026-02-02|2026-02-03|2026-02-04|2026-02-05|2026-02-06|2026-02-09|2026-02-10|2026-02-11,2026-02-11 22:36:53,0.0
Service Corp International,,2025-12-30|2025-12-31|2026-01-02|2026-01-05|2026-01-06|2026-01-07|2026-01-08|2026-01-09|2026-01-12|2026-01-13|2026-01-14|2026-01-15|2026-01-16|2026-01-20|2026-01-21|2026-01-22|2026-01-23|2026-01-26|2026-01-27|2026-01-28|2026-01-29|2026-01-30|2026-02-02|2026-02-03|2026-02-04|2026-02-05|2026-02-06|2026-02-09|2026-02-10|2026-02-11,2026-02-11 22:36:53,0.0
CrossAmerica Partners,,2025-12-29|2025-12-30|2025-12-31|2026-01-02|2026-01-05|2026-01-06|2026-01-07|2026-01-08|2026-01-09|2026-01-12|2026-01-13|2026-01-14|2026-01-15|2026-01-16|2026-01-20|2026-01-21|2026-01-22|2026-01-23|2026-01-26|2026-01-27|2026-01-28|2026-01-29|2026-01-30|2026-02-02|2026-02-03|2026-02-04|2026-02-05|2026-02-06|2026-02-09|2026-02-10,2026-02-11 22:36:53,0.0
Cadence,,2025-12-30|2025-12-31|2026-01-02|2026-01-05|2026-01-06|2026-01-07|2026-01-08|2026-01-09|2026-01-12|2026-01-13|2026-01-14|2026-01-15|2026-01-16|2026-01-20|2026-01-21|2026-01-22|2026-01-23|2026-01-26|2026-01-27|2026-01-28|2026-01-29|2026-01-30|2026-02-02|2026-02-03|2026-02-04|2026-02-05|2026-02-06|2026-02-09|2026-02-10|2026-02-11,2026-02-11 22:36:53,0.0
MillerKnoll,,2025-12-30|2025-12-31|2026-01-02|2026-01-05|2026-01-06|2026-01-07|2026-01-08|2026-01-09|2026-01-12|2026-01-13|2026-01-14|2026-01-15|2026-01-16|2026-01-20|2026-01-21|2026-01-22|2026-01-23|2026-01-26|2026-01-27|2026-01-28|2026-01-29|2026-01-30|2026-02-02|2026-02-03|2026-02-04|2026-02-05|2026-02-06|2026-02-09|2026-02-10|2026-02-11,2026-02-11 22:36:53,0.0
Realty Income,,2025-12-30|2025-12-31|2026-01-02|2026-01-05|2026-01-06|2026-01-07|2026-01-08|2026-01-09|2026-01-12|2026-01-13|2026-01-14|2026-01-15|2026-01-16|2026-01-20|2026-01-21|2026-01-22|2026-01-23|2026-01-26|2026-01-27|2026-01-28|2026-01-29|2026-01-30|2026-02-02|2026-02-03|2026-02-04|2026-02-05|2026-02-06|2026-02-09|2026-02-10|2026-02-11,2026-02-11 22:36:53,0.0
Middleby,,2025-12-30|2025-12-31|2026-01-02|2026-01-05|2026-01-06|2026-01-07|2026-01-08|2026-01-09|2026-01-12|2026-01-13|2026-01-14|2026-01-15|2026-01-16|2026-01-20|2026-01-21|2026-01-22|2026-01-23|2026-01-26|2026-01-27|2026-01-28|2026-01-29|2026-01-30|2026-02-02|2026-02-03|2026-02-04|2026-02-05|2026-02-06|2026-02-09|2026-02-10|2026-02-11,2026-02-11 22:36:53,0.0
M/I Homes,,2025-12-30|2025-12-31|2026-01-02|2026-01-05|2026-01-06|2026-01-07|2026-01-08|2026-01-09|2026-01-12|2026-01-13|2026-01-14|2026-01-15|2026-01-16|2026-01-20|2026-01-21|2026-01-22|2026-01-23|2026-01-26|2026-01-27|2026-01-28|2026-01-29|2026-01-30|2026-02-02|2026-02-03|2026-02-04|2026-02-05|2026-02-06|2026-02-09|2026-02-10|2026-02-11,2026-02-11 22:36:53,0.0
Hologic,,2025-12-30|2025-12-31|2026-01-02|2026-01-05|2026-01-06|2026-01-07|2026-01-08|2026-01-09|2026-01-12|2026-01-13|2026-01-14|2026-01-15|2026-01-16|2026-01-20|2026-01-21|2026-01-22|2026-01-23|2026-01-26|2026-01-27|2026-01-28|2026-01-29|2026-01-30|2026-02-02|2026-02-03|2026-02-04|2026-02-05|2026-02-06|2026-02-09|2026-02-10|2026-02-11,2026-02-11 22:36:53,0.0
Alliant Energy,,2025-12-30|2025-12-31|2026-01-02|2026-01-05|2026-01-06|2026-01-07|2026-01-08|2026-01-09|2026-01-12|2026-01-13|2026-01-14|2026-01-15|2026-01-16|2026-01-20|2026-01-21|2026-01-22|2026-01-23|2026-01-26|2026-01-27|2026-01-28|2026-01-29|2026-01-30|2026-02-02|2026-02-03|2026-02-04|2026-02-05|2026-02-06|2026-02-09|2026-02-10|2026-02-11,2026-02-11 22:36:53,0.0
Generac,,2025-12-30|2025-12-31|2026-01-02|2026-01-05|2026-01-06|2026-01-07|2026-01-08|2026-01-09|2026-01-12|2026-01-13|2026-01-14|2026-01-15|2026-01-16|2026-01-20|2026-01-21|2026-01-22|2026-01-23|2026-01-26|2026-01-27|2026-01-28|2026-01-29|2026-01-30|2026-02-02|2026-02-03|2026-02-04|2026-02-05|2026-02-06|2026-02-09|2026-02-10|2026-02-11,2026-02-11 22:36:53,0.0
MSC Industrial Direct,,2025-12-30|2025-12-31|2026-01-02|2026-01-05|2026-01-06|2026-01-07|2026-01-08|2026-01-09|2026-01-12|2026-01-13|2026-01-14|2026-01-15|2026-01-16|2026-01-20|2026-01-21|2026-01-22|2026-01-23|2026-01-26|2026-01-27|2026-01-28|2026-01-29|2026-01-30|2026-02-02|2026-02-03|2026-02-04|2026-02-05|2026-02-06|2026-02-09|2026-02-10|2026-02-11,2026-02-11 22:36:53,0.0
Rocket Companies,,2025-12-30|2025-12-31|2026-01-02|2026-01-05|2026-01-06|2026-01-07|2026-01-08|2026-01-09|2026-01-12|2026-01-13|2026-01-14|2026-01-15|2026-01-16|2026-01-20|2026-01-21|2026-01-22|2026-01-23|2026-01-26|2026-01-27|2026-01-28|2026-01-29|2026-01-30|2026-02-02|2026-02-03|2026-02-04|2026-02-05|2026-02-06|2026-02-09|2026-02-10|2026-02-11,2026-02-11 22:36:53,0.0
Upbound Group,,2025-12-30|2025-12-31|2026-01-02|2026-01-05|2026-01-06|2026-01-07|2026-01-08|2026-01-09|2026-01-12|2026-01-13|2026-01-14|2026-01-15|2026-01-16|2026-01-20|2026-01-21|2026-01-22|2026-01-23|2026-01-26|2026-01-27|2026-01-28|2026-01-29|2026-01-30|2026-02-02|2026-02-03|2026-02-04|2026-02-05|2026-02-06|2026-02-09|2026-02-10|2026-02-11,2026-02-11 22:36:53,0.0
East West Bancorp,,2025-12-30|2025-12-31|2026-01-02|2026-01-05|2026-01-06|2026-01-07|2026-01-08|2026-01-09|2026-01-12|2026-01-13|2026-01-14|2026-01-15|2026-01-16|2026-01-20|2026-01-21|2026-01-22|2026-01-23|2026-01-26|2026-01-27|2026-01-28|2026-01-29|2026-01-30|2026-02-02|2026-02-03|2026-02-04|2026-02-05|2026-02-06|2026-02-09|2026-02-10|2026-02-11,2026-02-11 22:36:53,0.0
Grocery Outlet Holding,,2025-12-30|2025-12-31|2026-01-02|2026-01-05|2026-01-06|2026-01-07|2026-01-08|2026-01-09|2026-01-12|2026-01-13|2026-01-14|2026-01-15|2026-01-16|2026-01-20|2026-01-21|2026-01-22|2026-01-23|2026-01-26|2026-01-27|2026-01-28|2026-01-29|2026-01-30|2026-02-02|2026-02-03|2026-02-04|2026-02-05|2026-02-06|2026-02-09|2026-02-10|2026-02-11,2026-02-11 22:36:53,0.0
Dentsply Sirona,,2025-12-30|2025-12-31|2026-01-02|2026-01-05|2026-01-06|2026-01-07|2026-01-08|2026-01-09|2026-01-12|2026-01-13|2026-01-14|2026-01-15|2026-01-16|2026-01-20|2026-01-21|2026-01-22|2026-01-23|2026-01-26|2026-01-27|2026-01-28|2026-01-29|2026-01-30|2026-02-02|2026-02-03|2026-02-04|2026-02-05|2026-02-06|2026-02-09|2026-02-10|2026-02-11,2026-02-11 22:36:53,0.0
V2X,,2025-12-29|2025-12-30|2025-12-31|2026-01-02|2026-01-05|2026-01-06|2026-01-07|2026-01-08|2026-01-09|2026-01-12|2026-01-13|2026-01-14|2026-01-15|2026-01-16|2026-01-20|2026-01-21|2026-01-22|2026-01-23|2026-01-26|2026-01-27|2026-01-28|2026-01-29|2026-01-30|2026-02-02|2026-02-03|2026-02-04|2026-02-05|2026-02-06|2026-02-09|2026-02-10,2026-02-11 22:36:53,0.0
Crocs,,2025-12-30|2025-12-31|2026-01-02|2026-01-05|2026-01-06|2026-01-07|2026-01-08|2026-01-09|2026-01-12|2026-01-13|2026-01-14|2026-01-15|2026-01-16|2026-01-20|2026-01-21|2026-01-22|2026-01-23|2026-01-26|2026-01-27|2026-01-28|2026-01-29|2026-01-30|2026-02-02|2026-02-03|2026-02-04|2026-02-05|2026-02-06|2026-02-09|2026-02-10|2026-02-11,2026-02-11 22:36:53,0.0
Spectrum Brands,,2025-12-30|2025-12-31|2026-01-02|2026-01-05|2026-01-06|2026-01-07|2026-01-08|2026-01-09|2026-01-12|2026-01-13|2026-01-14|2026-01-15|2026-01-16|2026-01-20|2026-01-21|2026-01-22|2026-01-23|2026-01-26|2026-01-27|2026-01-28|2026-01-29|2026-01-30|2026-02-02|2026-02-03|2026-02-04|2026-02-05|2026-02-06|2026-02-09|2026-02-10|2026-02-11,2026-02-11 22:36:53,0.0
Visteon,,2025-12-30|2025-12-31|2026-01-02|2026-01-05|2026-01-06|2026-01-07|2026-01-08|2026-01-09|2026-01-12|2026-01-13|2026-01-14|2026-01-15|2026-01-16|2026-01-20|2026-01-21|2026-01-22|2026-01-23|2026-01-26|2026-01-27|2026-01-28|2026-01-29|2026-01-30|2026-02-02|2026-02-03|2026-02-04|2026-02-05|2026-02-06|2026-02-09|2026-02-10|2026-02-11,2026-02-11 22:36:53,0.0
Acuity Inc,,2025-12-30|2025-12-31|2026-01-02|2026-01-05|2026-01-06|2026-01-07|2026-01-08|2026-01-09|2026-01-12|2026-01-13|2026-01-14|2026-01-15|2026-01-16|2026-01-20|2026-01-21|2026-01-22|2026-01-23|2026-01-26|2026-01-27|2026-01-28|2026-01-29|2026-01-30|2026-02-02|2026-02-03|2026-02-04|2026-02-05|2026-02-06|2026-02-09|2026-02-10|2026-02-11,2026-02-11 22:36:53,0.0
The Greenbrier Companies,,2025-12-30|2025-12-31|2026-01-02|2026-01-05|2026-01-06|2026-01-07|2026-01-08|2026-01-09|2026-01-12|2026-01-13|2026-01-14|2026-01-15|2026-01-16|2026-01-20|2026-01-21|2026-01-22|2026-01-23|2026-01-26|2026-01-27|2026-01-28|2026-01-29|2026-01-30|2026-02-02|2026-02-03|2026-02-04|2026-02-05|2026-02-06|2026-02-09|2026-02-10|2026-02-11,2026-02-11 22:36:53,0.0
Webster Financial,,2025-12-30|2025-12-31|2026-01-02|2026-01-05|2026-01-06|2026-01-07|2026-01-08|2026-01-09|2026-01-12|2026-01-13|2026-01-14|2026-01-15|2026-01-16|2026-01-20|2026-01-21|2026-01-22|2026-01-23|2026-01-26|2026-01-27|2026-01-28|2026-01-29|2026-01-30|2026-02-02|2026-02-03|2026-02-04|2026-02-05|2026-02-06|2026-02-09|2026-02-10|2026-02-11,2026-02-11 22:36:53,0.0
Cabot Corporation,,2025-12-30|2025-12-31|2026-01-02|2026-01-05|2026-01-06|2026-01-07|2026-01-08|2026-01-09|2026-01-12|2026-01-13|2026-01-14|2026-01-15|2026-01-16|2026-01-20|2026-01-21|2026-01-22|2026-01-23|2026-01-26|2026-01-27|2026-01-28|2026-01-29|2026-01-30|2026-02-02|2026-02-03|2026-02-04|2026-02-05|2026-02-06|2026-02-09|2026-02-10|2026-02-11,2026-02-11 22:36:53,0.0
RXO Inc,,2025-12-30|2025-12-31|2026-01-02|2026-01-05|2026-01-06|2026-01-07|2026-01-08|2026-01-09|2026-01-12|2026-01-13|2026-01-14|2026-01-15|2026-01-16|2026-01-20|2026-01-21|2026-01-22|2026-01-23|2026-01-26|2026-01-27|2026-01-28|2026-01-29|2026-01-30|2026-02-02|2026-02-03|2026-02-04|2026-02-05|2026-02-06|2026-02-09|2026-02-10|2026-02-11,2026-02-11 22:36:53,0.0
Chord Energy,,2025-12-30|2025-12-31|2026-01-02|2026-01-05|2026-01-06|2026-01-07|2026-01-08|2026-01-09|2026-01-12|2026-01-13|2026-01-14|2026-01-15|2026-01-16|2026-01-20|2026-01-21|2026-01-22|2026-01-23|2026-01-26|2026-01-27|2026-01-28|2026-01-29|2026-01-30|2026-02-02|2026-02-03|2026-02-04|2026-02-05|2026-02-06|2026-02-09|2026-02-10|2026-02-11,2026-02-11 22:36:53,0.0
Popular Inc,,2025-12-30|2025-12-31|2026-01-02|2026-01-05|2026-01-06|2026-01-07|2026-01-08|2026-01-09|2026-01-12|2026-01-13|2026-01-14|2026-01-15|2026-01-16|2026-01-20|2026-01-21|2026-01-22|2026-01-23|2026-01-26|2026-01-27|2026-01-28|2026-01-29|2026-01-30|2026-02-02|2026-02-03|2026-02-04|2026-02-05|2026-02-06|2026-02-09|2026-02-10|2026-02-11,2026-02-11 22:36:53,0.0
Garrett Motion Inc,,2025-12-30|2025-12-31|2026-01-02|2026-01-05|2026-01-06|2026-01-07|2026-01-08|2026-01-09|2026-01-12|2026-01-13|2026-01-14|2026-01-15|2026-01-16|2026-01-20|2026-01-21|2026-01-22|2026-01-23|2026-01-26|2026-01-27|2026-01-28|2026-01-29|2026-01-30|2026-02-02|2026-02-03|2026-02-04|2026-02-05|2026-02-06|2026-02-09|2026-02-10|2026-02-11,2026-02-11 22:36:53,0.0
Tutor Perini Corporation,,2025-12-30|2025-12-31|2026-01-02|2026-01-05|2026-01-06|2026-01-07|2026-01-08|2026-01-09|2026-01-12|2026-01-13|2026-01-14|2026-01-15|2026-01-16|2026-01-20|2026-01-21|2026-01-22|2026-01-23|2026-01-26|2026-01-27|2026-01-28|2026-01-29|2026-01-30|2026-02-02|2026-02-03|2026-02-04|2026-02-05|2026-02-06|2026-02-09|2026-02-10|2026-02-11,2026-02-11 22:36:53,0.0
Copart,,2025-12-30|2025-12-31|2026-01-02|2026-01-05|2026-01-06|2026-01-07|2026-01-08|2026-01-09|2026-01-12|2026-01-13|2026-01-14|2026-01-15|2026-01-16|2026-01-20|2026-01-21|2026-01-22|2026-01-23|2026-01-26|2026-01-27|2026-01-28|2026-01-29|2026-01-30|2026-02-02|2026-02-03|2026-02-04|2026-02-05|2026-02-06|2026-02-09|2026-02-10|2026-02-11,2026-02-11 22:36:53,0.0
Toast Inc,,2025-12-30|2025-12-31|2026-01-02|2026-01-05|2026-01-06|2026-01-07|2026-01-08|2026-01-09|2026-01-12|2026-01-13|2026-01-14|2026-01-15|2026-01-16|2026-01-20|2026-01-21|2026-01-22|2026-01-23|2026-01-26|2026-01-27|2026-01-28|2026-01-29|2026-01-30|2026-02-02|2026-02-03|2026-02-04|2026-02-05|2026-02-06|2026-02-09|2026-02-10|2026-02-11,2026-02-11 22:36:53,0.0
Align Technology,,2025-12-30|2025-12-31|2026-01-02|2026-01-05|2026-01-06|2026-01-07|2026-01-08|2026-01-09|2026-01-12|2026-01-13|2026-01-14|2026-01-15|2026-01-16|2026-01-20|2026-01-21|2026-01-22|2026-01-23|2026-01-26|2026-01-27|2026-01-28|2026-01-29|2026-01-30|2026-02-02|2026-02-03|2026-02-04|2026-02-05|2026-02-06|2026-02-09|2026-02-10|2026-02-11,2026-02-11 22:36:53,0.0
A O Smith,,2025-12-30|2025-12-31|2026-01-02|2026-01-05|2026-01-06|2026-01-07|2026-01-08|2026-01-09|2026-01-12|2026-01-13|2026-01-14|2026-01-15|2026-01-16|2026-01-20|2026-01-21|2026-01-22|2026-01-23|2026-01-26|2026-01-27|2026-01-28|2026-01-29|2026-01-30|2026-02-02|2026-02-03|2026-02-04|2026-02-05|2026-02-06|2026-02-09|2026-02-10|2026-02-11,2026-02-11 22:36:53,0.0
TransUnion,,2025-12-30|2025-12-31|2026-01-02|2026-01-05|2026-01-06|2026-01-07|2026-01-08|2026-01-09|2026-01-12|2026-01-13|2026-01-14|2026-01-15|2026-01-16|2026-01-20|2026-01-21|2026-01-22|2026-01-23|2026-01-26|2026-01-27|2026-01-28|2026-01-29|2026-01-30|2026-02-02|2026-02-03|2026-02-04|2026-02-05|2026-02-06|2026-02-09|2026-02-10|2026-02-11,2026-02-11 22:36:53,0.0
NCR Voyix,,2025-12-30|2025-12-31|2026-01-02|2026-01-05|2026-01-06|2026-01-07|2026-01-08|2026-01-09|2026-01-12|2026-01-13|2026-01-14|2026-01-15|2026-01-16|2026-01-20|2026-01-21|2026-01-22|2026-01-23|2026-01-26|2026-01-27|2026-01-28|2026-01-29|2026-01-30|2026-02-02|2026-02-03|2026-02-04|2026-02-05|2026-02-06|2026-02-09|2026-02-10|2026-02-11,2026-02-11 22:36:53,0.0
Akamai Technologies,,2025-12-30|2025-12-31|2026-01-02|2026-01-05|2026-01-06|2026-01-07|2026-01-08|2026-01-09|2026-01-12|2026-01-13|2026-01-14|2026-01-15|2026-01-16|2026-01-20|2026-01-21|2026-01-22|2026-01-23|2026-01-26|2026-01-27|2026-01-28|2026-01-29|2026-01-30|2026-02-02|2026-02-03|2026-02-04|2026-02-05|2026-02-06|2026-02-09|2026-02-10|2026-02-11,2026-02-11 22:36:53,0.0
Trimble Inc,,2025-12-30|2025-12-31|2026-01-02|2026-01-05|2026-01-06|2026-01-07|2026-01-08|2026-01-09|2026-01-12|2026-01-13|2026-01-14|2026-01-15|2026-01-16|2026-01-20|2026-01-21|2026-01-22|2026-01-23|2026-01-26|2026-01-27|2026-01-28|2026-01-29|2026-01-30|2026-02-02|2026-02-03|2026-02-04|2026-02-05|2026-02-06|2026-02-09|2026-02-10|2026-02-11,2026-02-11 22:36:53,0.0
AMN Healthcare Services,,2025-12-30|2025-12-31|2026-01-02|2026-01-05|2026-01-06|2026-01-07|2026-01-08|2026-01-09|2026-01-12|2026-01-13|2026-01-14|2026-01-15|2026-01-16|2026-01-20|2026-01-21|2026-01-22|2026-01-23|2026-01-26|2026-01-27|2026-01-28|2026-01-29|2026-01-30|2026-02-02|2026-02-03|2026-02-04|2026-02-05|2026-02-06|2026-02-09|2026-02-10|2026-02-11,2026-02-11 22:36:54,0.0
Mettler-Toledo International,,2025-12-30|2025-12-31|2026-01-02|2026-01-05|2026-01-06|2026-01-07|2026-01-08|2026-01-09|2026-01-12|2026-01-13|2026-01-14|2026-01-15|2026-01-16|2026-01-20|2026-01-21|2026-01-22|2026-01-23|2026-01-26|2026-01-27|2026-01-28|2026-01-29|2026-01-30|2026-02-02|2026-02-03|2026-02-04|2026-02-05|2026-02-06|2026-02-09|2026-02-10|2026-02-11,2026-02-11 22:36:54,0.0
ScanSource,,2025-12-30|2025-12-31|2026-01-02|2026-01-05|2026-01-06|2026-01-07|2026-01-08|2026-01-09|2026-01-12|2026-01-13|2026-01-14|2026-01-15|2026-01-16|2026-01-20|2026-01-21|2026-01-22|2026-01-23|2026-01-26|2026-01-27|2026-01-28|2026-01-29|2026-01-30|2026-02-02|2026-02-03|2026-02-04|2026-02-05|2026-02-06|2026-02-09|2026-02-10|2026-02-11,2026-02-11 22:36:54,0.0
LCI Industries,,2025-12-30|2025-12-31|2026-01-02|2026-01-05|2026-01-06|2026-01-07|2026-01-08|2026-01-09|2026-01-12|2026-01-13|2026-01-14|2026-01-15|2026-01-16|2026-01-20|2026-01-21|2026-01-22|2026-01-23|2026-01-26|2026-01-27|2026-01-28|2026-01-29|2026-01-30|2026-02-02|2026-02-03|2026-02-04|2026-02-05|2026-02-06|2026-02-09|2026-02-10|2026-02-11,2026-02-11 22:36:54,0.0
Cboe Global Markets,,2025-12-30|2025-12-31|2026-01-02|2026-01-05|2026-01-06|2026-01-07|2026-01-08|2026-01-09|2026-01-12|2026-01-13|2026-01-14|2026-01-15|2026-01-16|2026-01-20|2026-01-21|2026-01-22|2026-01-23|2026-01-26|2026-01-27|2026-01-28|2026-01-29|2026-01-30|2026-02-02|2026-02-03|2026-02-04|2026-02-05|2026-02-06|2026-02-09|2026-02-10|2026-02-11,2026-02-11 22:36:54,0.0
Diebold Nixdorf,,2025-12-30|2025-12-31|2026-01-02|2026-01-05|2026-01-06|2026-01-07|2026-01-08|2026-01-09|2026-01-12|2026-01-13|2026-01-14|2026-01-15|2026-01-16|2026-01-20|2026-01-21|2026-01-22|2026-01-23|2026-01-26|2026-01-27|2026-01-28|2026-01-29|2026-01-30|2026-02-02|2026-02-03|2026-02-04|2026-02-05|2026-02-06|2026-02-09|2026-02-10|2026-02-11,2026-02-11 22:36:54,0.0
Corpay,,2025-12-30|2025-12-31|2026-01-02|2026-01-05|2026-01-06|2026-01-07|2026-01-08|2026-01-09|2026-01-12|2026-01-13|2026-01-14|2026-01-15|2026-01-16|2026-01-20|2026-01-21|2026-01-22|2026-01-23|2026-01-26|2026-01-27|2026-01-28|2026-01-29|2026-01-30|2026-02-02|2026-02-03|2026-02-04|2026-02-05|2026-02-06|2026-02-09|2026-02-10|2026-02-11,2026-02-11 22:36:54,0.0
iHeartMedia,,2025-12-30|2025-12-31|2026-01-02|2026-01-05|2026-01-06|2026-01-07|2026-01-08|2026-01-09|2026-01-12|2026-01-13|2026-01-14|2026-01-15|2026-01-16|2026-01-20|2026-01-21|2026-01-22|2026-01-23|2026-01-26|2026-01-27|2026-01-28|2026-01-29|2026-01-30|2026-02-02|2026-02-03|2026-02-04|2026-02-05|2026-02-06|2026-02-09|2026-02-10|2026-02-11,2026-02-11 22:36:54,0.0
Dream Finders Homes,,2025-12-30|2025-12-31|2026-01-02|2026-01-05|2026-01-06|2026-01-07|2026-01-08|2026-01-09|2026-01-12|2026-01-13|2026-01-14|2026-01-15|2026-01-16|2026-01-20|2026-01-21|2026-01-22|2026-01-23|2026-01-26|2026-01-27|2026-01-28|2026-01-29|2026-01-30|2026-02-02|2026-02-03|2026-02-04|2026-02-05|2026-02-06|2026-02-09|2026-02-10|2026-02-11,2026-02-11 22:36:54,0.0
Boyd Gaming,,2025-12-30|2025-12-31|2026-01-02|2026-01-05|2026-01-06|2026-01-07|2026-01-08|2026-01-09|2026-01-12|2026-01-13|2026-01-14|2026-01-15|2026-01-16|2026-01-20|2026-01-21|2026-01-22|2026-01-23|2026-01-26|2026-01-27|2026-01-28|2026-01-29|2026-01-30|2026-02-02|2026-02-03|2026-02-04|2026-02-05|2026-02-06|2026-02-09|2026-02-10|2026-02-11,2026-02-11 22:36:54,0.0
Ensign Group,,2025-12-30|2025-12-31|2026-01-02|2026-01-05|2026-01-06|2026-01-07|2026-01-08|2026-01-09|2026-01-12|2026-01-13|2026-01-14|2026-01-15|2026-01-16|2026-01-20|2026-01-21|2026-01-22|2026-01-23|2026-01-26|2026-01-27|2026-01-28|2026-01-29|2026-01-30|2026-02-02|2026-02-03|2026-02-04|2026-02-05|2026-02-06|2026-02-09|2026-02-10|2026-02-11,2026-02-11 22:36:54,0.0
Sally Beauty,,2025-12-30|2025-12-31|2026-01-02|2026-01-05|2026-01-06|2026-01-07|2026-01-08|2026-01-09|2026-01-12|2026-01-13|2026-01-14|2026-01-15|2026-01-16|2026-01-20|2026-01-21|2026-01-22|2026-01-23|2026-01-26|2026-01-27|2026-01-28|2026-01-29|2026-01-30|2026-02-02|2026-02-03|2026-02-04|2026-02-05|2026-02-06|2026-02-09|2026-02-10|2026-02-11,2026-02-11 22:36:54,0.0
Conduent,,2025-12-30|2025-12-31|2026-01-02|2026-01-05|2026-01-06|2026-01-07|2026-01-08|2026-01-09|2026-01-12|2026-01-13|2026-01-14|2026-01-15|2026-01-16|2026-01-20|2026-01-21|2026-01-22|2026-01-23|2026-01-26|2026-01-27|2026-01-28|2026-01-29|2026-01-30|2026-02-02|2026-02-03|2026-02-04|2026-02-05|2026-02-06|2026-02-09|2026-02-10|2026-02-11,2026-02-11 22:36:54,0.0
Sylvamo,,2025-12-30|2025-12-31|2026-01-02|2026-01-05|2026-01-06|2026-01-07|2026-01-08|2026-01-09|2026-01-12|2026-01-13|2026-01-14|2026-01-15|2026-01-16|2026-01-20|2026-01-21|2026-01-22|2026-01-23|2026-01-26|2026-01-27|2026-01-28|2026-01-29|2026-01-30|2026-02-02|2026-02-03|2026-02-04|2026-02-05|2026-02-06|2026-02-09|2026-02-10|2026-02-11,2026-02-11 22:36:54,0.0
Tri Pointe Homes,,2025-12-30|2025-12-31|2026-01-02|2026-01-05|2026-01-06|2026-01-07|2026-01-08|2026-01-09|2026-01-12|2026-01-13|2026-01-14|2026-01-15|2026-01-16|2026-01-20|2026-01-21|2026-01-22|2026-01-23|2026-01-26|2026-01-27|2026-01-28|2026-01-29|2026-01-30|2026-02-02|2026-02-03|2026-02-04|2026-02-05|2026-02-06|2026-02-09|2026-02-10|2026-02-11,2026-02-11 22:36:54,0.0
EnerSys,,2025-12-30|2025-12-31|2026-01-02|2026-01-05|2026-01-06|2026-01-07|2026-01-08|2026-01-09|2026-01-12|2026-01-13|2026-01-14|2026-01-15|2026-01-16|2026-01-20|2026-01-21|2026-01-22|2026-01-23|2026-01-26|2026-01-27|2026-01-28|2026-01-29|2026-01-30|2026-02-02|2026-02-03|2026-02-04|2026-02-05|2026-02-06|2026-02-09|2026-02-10|2026-02-11,2026-02-11 22:36:54,0.0
Incyte,,2025-12-30|2025-12-31|2026-01-02|2026-01-05|2026-01-06|2026-01-07|2026-01-08|2026-01-09|2026-01-12|2026-01-13|2026-01-14|2026-01-15|2026-01-16|2026-01-20|2026-01-21|2026-01-22|2026-01-23|2026-01-26|2026-01-27|2026-01-28|2026-01-29|2026-01-30|2026-02-02|2026-02-03|2026-02-04|2026-02-05|2026-02-06|2026-02-09|2026-02-10|2026-02-11,2026-02-11 22:36:54,0.0
Century Communities,,2025-12-30|2025-12-31|2026-01-02|2026-01-05|2026-01-06|2026-01-07|2026-01-08|2026-01-09|2026-01-12|2026-01-13|2026-01-14|2026-01-15|2026-01-16|2026-01-20|2026-01-21|2026-01-22|2026-01-23|2026-01-26|2026-01-27|2026-01-28|2026-01-29|2026-01-30|2026-02-02|2026-02-03|2026-02-04|2026-02-05|2026-02-06|2026-02-09|2026-02-10|2026-02-11,2026-02-11 22:36:54,0.0
Rithm Capital,,2025-12-30|2025-12-31|2026-01-02|2026-01-05|2026-01-06|2026-01-07|2026-01-08|2026-01-09|2026-01-12|2026-01-13|2026-01-14|2026-01-15|2026-01-16|2026-01-20|2026-01-21|2026-01-22|2026-01-23|2026-01-26|2026-01-27|2026-01-28|2026-01-29|2026-01-30|2026-02-02|2026-02-03|2026-02-04|2026-02-05|2026-02-06|2026-02-09|2026-02-10|2026-02-11,2026-02-11 22:36:54,0.0
Euronet Worldwide,,2025-12-30|2025-12-31|2026-01-02|2026-01-05|2026-01-06|2026-01-07|2026-01-08|2026-01-09|2026-01-12|2026-01-13|2026-01-14|2026-01-15|2026-01-16|2026-01-20|2026-01-21|2026-01-22|2026-01-23|2026-01-26|2026-01-27|2026-01-28|2026-01-29|2026-01-30|2026-02-02|2026-02-03|2026-02-04|2026-02-05|2026-02-06|2026-02-09|2026-02-10|2026-02-11,2026-02-11 22:36:54,0.0
Hawaiian Electric Industries,,2025-12-30|2025-12-31|2026-01-02|2026-01-05|2026-01-06|2026-01-07|2026-01-08|2026-01-09|2026-01-12|2026-01-13|2026-01-14|2026-01-15|2026-01-16|2026-01-20|2026-01-21|2026-01-22|2026-01-23|2026-01-26|2026-01-27|2026-01-28|2026-01-29|2026-01-30|2026-02-02|2026-02-03|2026-02-04|2026-02-05|2026-02-06|2026-02-09|2026-02-10|2026-02-11,2026-02-11 22:36:54,0.0
DraftKings,,2025-12-30|2025-12-31|2026-01-02|2026-01-05|2026-01-06|2026-01-07|2026-01-08|2026-01-09|2026-01-12|2026-01-13|2026-01-14|2026-01-15|2026-01-16|2026-01-20|2026-01-21|2026-01-22|2026-01-23|2026-01-26|2026-01-27|2026-01-28|2026-01-29|2026-01-30|2026-02-02|2026-02-03|2026-02-04|2026-02-05|2026-02-06|2026-02-09|2026-02-10|2026-02-11,2026-02-11 22:36:54,0.0
IDEXX Laboratories,,2025-12-30|2025-12-31|2026-01-02|2026-01-05|2026-01-06|2026-01-07|2026-01-08|2026-01-09|2026-01-12|2026-01-13|2026-01-14|2026-01-15|2026-01-16|2026-01-20|2026-01-21|2026-01-22|2026-01-23|2026-01-26|2026-01-27|2026-01-28|2026-01-29|2026-01-30|2026-02-02|2026-02-03|2026-02-04|2026-02-05|2026-02-06|2026-02-09|2026-02-10|2026-02-11,2026-02-11 22:36:54,0.0
MYR Group,,2025-12-30|2025-12-31|2026-01-02|2026-01-05|2026-01-06|2026-01-07|2026-01-08|2026-01-09|2026-01-12|2026-01-13|2026-01-14|2026-01-15|2026-01-16|2026-01-20|2026-01-21|2026-01-22|2026-01-23|2026-01-26|2026-01-27|2026-01-28|2026-01-29|2026-01-30|2026-02-02|2026-02-03|2026-02-04|2026-02-05|2026-02-06|2026-02-09|2026-02-10|2026-02-11,2026-02-11 22:36:54,0.0
Deckers Outdoor,,2025-12-30|2025-12-31|2026-01-02|2026-01-05|2026-01-06|2026-01-07|2026-01-08|2026-01-09|2026-01-12|2026-01-13|2026-01-14|2026-01-15|2026-01-16|2026-01-20|2026-01-21|2026-01-22|2026-01-23|2026-01-26|2026-01-27|2026-01-28|2026-01-29|2026-01-30|2026-02-02|2026-02-03|2026-02-04|2026-02-05|2026-02-06|2026-02-09|2026-02-10|2026-02-11,2026-02-11 22:36:54,0.0
DexCom,,2025-12-30|2025-12-31|2026-01-02|2026-01-05|2026-01-06|2026-01-07|2026-01-08|2026-01-09|2026-01-12|2026-01-13|2026-01-14|2026-01-15|2026-01-16|2026-01-20|2026-01-21|2026-01-22|2026-01-23|2026-01-26|2026-01-27|2026-01-28|2026-01-29|2026-01-30|2026-02-02|2026-02-03|2026-02-04|2026-02-05|2026-02-06|2026-02-09|2026-02-10|2026-02-11,2026-02-11 22:36:54,0.0
MKS Instruments,,2025-12-30|2025-12-31|2026-01-02|2026-01-05|2026-01-06|2026-01-07|2026-01-08|2026-01-09|2026-01-12|2026-01-13|2026-01-14|2026-01-15|2026-01-16|2026-01-20|2026-01-21|2026-01-22|2026-01-23|2026-01-26|2026-01-27|2026-01-28|2026-01-29|2026-01-30|2026-02-02|2026-02-03|2026-02-04|2026-02-05|2026-02-06|2026-02-09|2026-02-10|2026-02-11,2026-02-11 22:36:54,0.0
VICI Properties,,2025-12-30|2025-12-31|2026-01-02|2026-01-05|2026-01-06|2026-01-07|2026-01-08|2026-01-09|2026-01-12|2026-01-13|2026-01-14|2026-01-15|2026-01-16|2026-01-20|2026-01-21|2026-01-22|2026-01-23|2026-01-26|2026-01-27|2026-01-28|2026-01-29|2026-01-30|2026-02-02|2026-02-03|2026-02-04|2026-02-05|2026-02-06|2026-02-09|2026-02-10|2026-02-11,2026-02-11 22:36:54,0.0
Cooper Cos,,2025-12-30|2025-12-31|2026-01-02|2026-01-05|2026-01-06|2026-01-07|2026-01-08|2026-01-09|2026-01-12|2026-01-13|2026-01-14|2026-01-15|2026-01-16|2026-01-20|2026-01-21|2026-01-22|2026-01-23|2026-01-26|2026-01-27|2026-01-28|2026-01-29|2026-01-30|2026-02-02|2026-02-03|2026-02-04|2026-02-05|2026-02-06|2026-02-09|2026-02-10|2026-02-11,2026-02-11 22:36:54,0.0
Frontier Airlines,,2025-12-30|2025-12-31|2026-01-02|2026-01-05|2026-01-06|2026-01-07|2026-01-08|2026-01-09|2026-01-12|2026-01-13|2026-01-14|2026-01-15|2026-01-16|2026-01-20|2026-01-21|2026-01-22|2026-01-23|2026-01-26|2026-01-27|2026-01-28|2026-01-29|2026-01-30|2026-02-02|2026-02-03|2026-02-04|2026-02-05|2026-02-06|2026-02-09|2026-02-10|2026-02-11,2026-02-11 22:36:54,0.0
Qorvo,,2025-12-30|2025-12-31|2026-01-02|2026-01-05|2026-01-06|2026-01-07|2026-01-08|2026-01-09|2026-01-12|2026-01-13|2026-01-14|2026-01-15|2026-01-16|2026-01-20|2026-01-21|2026-01-22|2026-01-23|2026-01-26|2026-01-27|2026-01-28|2026-01-29|2026-01-30|2026-02-02|2026-02-03|2026-02-04|2026-02-05|2026-02-06|2026-02-09|2026-02-10|2026-02-11,2026-02-11 22:36:54,0.0
Five Below,,2025-12-30|2025-12-31|2026-01-02|2026-01-05|2026-01-06|2026-01-07|2026-01-08|2026-01-09|2026-01-12|2026-01-13|2026-01-14|2026-01-15|2026-01-16|2026-01-20|2026-01-21|2026-01-22|2026-01-23|2026-01-26|2026-01-27|2026-01-28|2026-01-29|2026-01-30|2026-02-02|2026-02-03|2026-02-04|2026-02-05|2026-02-06|2026-02-09|2026-02-10|2026-02-11,2026-02-11 22:36:54,0.0
TreeHouse Foods,,2025-12-29|2025-12-30|2025-12-31|2026-01-02|2026-01-05|2026-01-06|2026-01-07|2026-01-08|2026-01-09|2026-01-12|2026-01-13|2026-01-14|2026-01-15|2026-01-16|2026-01-20|2026-01-21|2026-01-22|2026-01-23|2026-01-26|2026-01-27|2026-01-28|2026-01-29|2026-01-30|2026-02-02|2026-02-03|2026-02-04|2026-02-05|2026-02-06|2026-02-09|2026-02-10,2026-02-11 22:36:54,0.0
Scotts Miracle-Gro,,2025-12-30|2025-12-31|2026-01-02|2026-01-05|2026-01-06|2026-01-07|2026-01-08|2026-01-09|2026-01-12|2026-01-13|2026-01-14|2026-01-15|2026-01-16|2026-01-20|2026-01-21|2026-01-22|2026-01-23|2026-01-26|2026-01-27|2026-01-28|2026-01-29|2026-01-30|2026-02-02|2026-02-03|2026-02-04|2026-02-05|2026-02-06|2026-02-09|2026-02-10|2026-02-11,2026-02-11 22:36:54,0.0
Atlassian,,2025-12-30|2025-12-31|2026-01-02|2026-01-05|2026-01-06|2026-01-07|2026-01-08|2026-01-09|2026-01-12|2026-01-13|2026-01-14|2026-01-15|2026-01-16|2026-01-20|2026-01-21|2026-01-22|2026-01-23|2026-01-26|2026-01-27|2026-01-28|2026-01-29|2026-01-30|2026-02-02|2026-02-03|2026-02-04|2026-02-05|2026-02-06|2026-02-09|2026-02-10|2026-02-11,2026-02-11 22:36:54,0.0
Entegris,,2025-12-30|2025-12-31|2026-01-02|2026-01-05|2026-01-06|2026-01-07|2026-01-08|2026-01-09|2026-01-12|2026-01-13|2026-01-14|2026-01-15|2026-01-16|2026-01-20|2026-01-21|2026-01-22|2026-01-23|2026-01-26|2026-01-27|2026-01-28|2026-01-29|2026-01-30|2026-02-02|2026-02-03|2026-02-04|2026-02-05|2026-02-06|2026-02-09|2026-02-10|2026-02-11,2026-02-11 22:36:54,0.0
Atkore,,2025-12-30|2025-12-31|2026-01-02|2026-01-05|2026-01-06|2026-01-07|2026-01-08|2026-01-09|2026-01-12|2026-01-13|2026-01-14|2026-01-15|2026-01-16|2026-01-20|2026-01-21|2026-01-22|2026-01-23|2026-01-26|2026-01-27|2026-01-28|2026-01-29|2026-01-30|2026-02-02|2026-02-03|2026-02-04|2026-02-05|2026-02-06|2026-02-09|2026-02-10|2026-02-11,2026-02-11 22:36:54,0.0
HB Fuller,,2025-12-30|2025-12-31|2026-01-02|2026-01-05|2026-01-06|2026-01-07|2026-01-08|2026-01-09|2026-01-12|2026-01-13|2026-01-14|2026-01-15|2026-01-16|2026-01-20|2026-01-21|2026-01-22|2026-01-23|2026-01-26|2026-01-27|2026-01-28|2026-01-29|2026-01-30|2026-02-02|2026-02-03|2026-02-04|2026-02-05|2026-02-06|2026-02-09|2026-02-10|2026-02-11,2026-02-11 22:36:54,0.0
Granite Construction,,2025-12-30|2025-12-31|2026-01-02|2026-01-05|2026-01-06|2026-01-07|2026-01-08|2026-01-09|2026-01-12|2026-01-13|2026-01-14|2026-01-15|2026-01-16|2026-01-20|2026-01-21|2026-01-22|2026-01-23|2026-01-26|2026-01-27|2026-01-28|2026-01-29|2026-01-30|2026-02-02|2026-02-03|2026-02-04|2026-02-05|2026-02-06|2026-02-09|2026-02-10|2026-02-11,2026-02-11 22:36:54,0.0
Winnebago Industries,,2025-12-30|2025-12-31|2026-01-02|2026-01-05|2026-01-06|2026-01-07|2026-01-08|2026-01-09|2026-01-12|2026-01-13|2026-01-14|2026-01-15|2026-01-16|2026-01-20|2026-01-21|2026-01-22|2026-01-23|2026-01-26|2026-01-27|2026-01-28|2026-01-29|2026-01-30|2026-02-02|2026-02-03|2026-02-04|2026-02-05|2026-02-06|2026-02-09|2026-02-10|2026-02-11,2026-02-11 22:36:54,0.0
FTI Consulting,,2025-12-30|2025-12-31|2026-01-02|2026-01-05|2026-01-06|2026-01-07|2026-01-08|2026-01-09|2026-01-12|2026-01-13|2026-01-14|2026-01-15|2026-01-16|2026-01-20|2026-01-21|2026-01-22|2026-01-23|2026-01-26|2026-01-27|2026-01-28|2026-01-29|2026-01-30|2026-02-02|2026-02-03|2026-02-04|2026-02-05|2026-02-06|2026-02-09|2026-02-10|2026-02-11,2026-02-11 22:36:54,0.0
AptarGroup,,2025-12-30|2025-12-31|2026-01-02|2026-01-05|2026-01-06|2026-01-07|2026-01-08|2026-01-09|2026-01-12|2026-01-13|2026-01-14|2026-01-15|2026-01-16|2026-01-20|2026-01-21|2026-01-22|2026-01-23|2026-01-26|2026-01-27|2026-01-28|2026-01-29|2026-01-30|2026-02-02|2026-02-03|2026-02-04|2026-02-05|2026-02-06|2026-02-09|2026-02-10|2026-02-11,2026-02-11 22:36:54,0.0
Columbia Sportswear,,2025-12-30|2025-12-31|2026-01-02|2026-01-05|2026-01-06|2026-01-07|2026-01-08|2026-01-09|2026-01-12|2026-01-13|2026-01-14|2026-01-15|2026-01-16|2026-01-20|2026-01-21|2026-01-22|2026-01-23|2026-01-26|2026-01-27|2026-01-28|2026-01-29|2026-01-30|2026-02-02|2026-02-03|2026-02-04|2026-02-05|2026-02-06|2026-02-09|2026-02-10|2026-02-11,2026-02-11 22:36:54,0.0
Roku,,2025-12-30|2025-12-31|2026-01-02|2026-01-05|2026-01-06|2026-01-07|2026-01-08|2026-01-09|2026-01-12|2026-01-13|2026-01-14|2026-01-15|2026-01-16|2026-01-20|2026-01-21|2026-01-22|2026-01-23|2026-01-26|2026-01-27|2026-01-28|2026-01-29|2026-01-30|2026-02-02|2026-02-03|2026-02-04|2026-02-05|2026-02-06|2026-02-09|2026-02-10|2026-02-11,2026-02-11 22:36:54,0.0
Civitas Resources,,2025-12-16|2025-12-17|2025-12-18|2025-12-19|2025-12-22|2025-12-23|2025-12-24|2025-12-26|2025-12-29|2025-12-30|2025-12-31|2026-01-02|2026-01-05|2026-01-06|2026-01-07|2026-01-08|2026-01-09|2026-01-12|2026-01-13|2026-01-14|2026-01-15|2026-01-16|2026-01-20|2026-01-21|2026-01-22|2026-01-23|2026-01-26|2026-01-27|2026-01-28|2026-01-29,2026-02-11 22:36:54,0.0
Alpha Metallurgical Resources,,2025-12-30|2025-12-31|2026-01-02|2026-01-05|2026-01-06|2026-01-07|2026-01-08|2026-01-09|2026-01-12|2026-01-13|2026-01-14|2026-01-15|2026-01-16|2026-01-20|2026-01-21|2026-01-22|2026-01-23|2026-01-26|2026-01-27|2026-01-28|2026-01-29|2026-01-30|2026-02-02|2026-02-03|2026-02-04|2026-02-05|2026-02-06|2026-02-09|2026-02-10|2026-02-11,2026-02-11 22:36:54,0.0
Patrick Industries,,2025-12-30|2025-12-31|2026-01-02|2026-01-05|2026-01-06|2026-01-07|2026-01-08|2026-01-09|2026-01-12|2026-01-13|2026-01-14|2026-01-15|2026-01-16|2026-01-20|2026-01-21|2026-01-22|2026-01-23|2026-01-26|2026-01-27|2026-01-28|2026-01-29|2026-01-30|2026-02-02|2026-02-03|2026-02-04|2026-02-05|2026-02-06|2026-02-09|2026-02-10|2026-02-11,2026-02-11 22:36:54,0.0
Murphy Oil,,2025-12-30|2025-12-31|2026-01-02|2026-01-05|2026-01-06|2026-01-07|2026-01-08|2026-01-09|2026-01-12|2026-01-13|2026-01-14|2026-01-15|2026-01-16|2026-01-20|2026-01-21|2026-01-22|2026-01-23|2026-01-26|2026-01-27|2026-01-28|2026-01-29|2026-01-30|2026-02-02|2026-02-03|2026-02-04|2026-02-05|2026-02-06|2026-02-09|2026-02-10|2026-02-11,2026-02-11 22:36:54,0.0
Synovus Financial,,2025-11-19|2025-11-20|2025-11-21|2025-11-24|2025-11-25|2025-11-26|2025-11-28|2025-12-01|2025-12-02|2025-12-03|2025-12-04|2025-12-05|2025-12-08|2025-12-09|2025-12-10|2025-12-11|2025-12-12|2025-12-15|2025-12-16|2025-12-17|2025-12-18|2025-12-19|2025-12-22|2025-12-23|2025-12-24|2025-12-26|2025-12-29|2025-12-30|2025-12-31|2026-01-02,2026-02-11 22:36:54,0.0
Cracker Barrel Old Country Store,,2025-12-30|2025-12-31|2026-01-02|2026-01-05|2026-01-06|2026-01-07|2026-01-08|2026-01-09|2026-01-12|2026-01-13|2026-01-14|2026-01-15|2026-01-16|2026-01-20|2026-01-21|2026-01-22|2026-01-23|2026-01-26|2026-01-27|2026-01-28|2026-01-29|2026-01-30|2026-02-02|2026-02-03|2026-02-04|2026-02-05|2026-02-06|2026-02-09|2026-02-10|2026-02-11,2026-02-11 22:36:54,0.0
Cheesecake Factory,,2025-12-30|2025-12-31|2026-01-02|2026-01-05|2026-01-06|2026-01-07|2026-01-08|2026-01-09|2026-01-12|2026-01-13|2026-01-14|2026-01-15|2026-01-16|2026-01-20|2026-01-21|2026-01-22|2026-01-23|2026-01-26|2026-01-27|2026-01-28|2026-01-29|2026-01-30|2026-02-02|2026-02-03|2026-02-04|2026-02-05|2026-02-06|2026-02-09|2026-02-10|2026-02-11,2026-02-11 22:36:54,0.0
CNX Resources,,2025-12-30|2025-12-31|2026-01-02|2026-01-05|2026-01-06|2026-01-07|2026-01-08|2026-01-09|2026-01-12|2026-01-13|2026-01-14|2026-01-15|2026-01-16|2026-01-20|2026-01-21|2026-01-22|2026-01-23|2026-01-26|2026-01-27|2026-01-28|2026-01-29|2026-01-30|2026-02-02|2026-02-03|2026-02-04|2026-02-05|2026-02-06|2026-02-09|2026-02-10|2026-02-11,2026-02-11 22:36:54,0.0
Chefs Warehouse,,2025-12-30|2025-12-31|2026-01-02|2026-01-05|2026-01-06|2026-01-07|2026-01-08|2026-01-09|2026-01-12|2026-01-13|2026-01-14|2026-01-15|2026-01-16|2026-01-20|2026-01-21|2026-01-22|2026-01-23|2026-01-26|2026-01-27|2026-01-28|2026-01-29|2026-01-30|2026-02-02|2026-02-03|2026-02-04|2026-02-05|2026-02-06|2026-02-09|2026-02-10|2026-02-11,2026-02-11 22:36:54,0.0
Donaldson Company,,2025-12-30|2025-12-31|2026-01-02|2026-01-05|2026-01-06|2026-01-07|2026-01-08|2026-01-09|2026-01-12|2026-01-13|2026-01-14|2026-01-15|2026-01-16|2026-01-20|2026-01-21|2026-01-22|2026-01-23|2026-01-26|2026-01-27|2026-01-28|2026-01-29|2026-01-30|2026-02-02|2026-02-03|2026-02-04|2026-02-05|2026-02-06|2026-02-09|2026-02-10|2026-02-11,2026-02-11 22:36:54,0.0
Mueller Industries,,2025-12-30|2025-12-31|2026-01-02|2026-01-05|2026-01-06|2026-01-07|2026-01-08|2026-01-09|2026-01-12|2026-01-13|2026-01-14|2026-01-15|2026-01-16|2026-01-20|2026-01-21|2026-01-22|2026-01-23|2026-01-26|2026-01-27|2026-01-28|2026-01-29|2026-01-30|2026-02-02|2026-02-03|2026-02-04|2026-02-05|2026-02-06|2026-02-09|2026-02-10|2026-02-11,2026-02-11 22:36:54,0.0
Chart Industries,,2025-12-30|2025-12-31|2026-01-02|2026-01-05|2026-01-06|2026-01-07|2026-01-08|2026-01-09|2026-01-12|2026-01-13|2026-01-14|2026-01-15|2026-01-16|2026-01-20|2026-01-21|2026-01-22|2026-01-23|2026-01-26|2026-01-27|2026-01-28|2026-01-29|2026-01-30|2026-02-02|2026-02-03|2026-02-04|2026-02-05|2026-02-06|2026-02-09|2026-02-10|2026-02-11,2026-02-11 22:36:54,0.0
Alight Solutions,,2025-12-30|2025-12-31|2026-01-02|2026-01-05|2026-01-06|2026-01-07|2026-01-08|2026-01-09|2026-01-12|2026-01-13|2026-01-14|2026-01-15|2026-01-16|2026-01-20|2026-01-21|2026-01-22|2026-01-23|2026-01-26|2026-01-27|2026-01-28|2026-01-29|2026-01-30|2026-02-02|2026-02-03|2026-02-04|2026-02-05|2026-02-06|2026-02-09|2026-02-10|2026-02-11,2026-02-11 22:36:54,0.0
Vishay Intertechnology,,2025-12-30|2025-12-31|2026-01-02|2026-01-05|2026-01-06|2026-01-07|2026-01-08|2026-01-09|2026-01-12|2026-01-13|2026-01-14|2026-01-15|2026-01-16|2026-01-20|2026-01-21|2026-01-22|2026-01-23|2026-01-26|2026-01-27|2026-01-28|2026-01-29|2026-01-30|2026-02-02|2026-02-03|2026-02-04|2026-02-05|2026-02-06|2026-02-09|2026-02-10|2026-02-11,2026-02-11 22:36:54,0.0
Range Resources,,2025-12-30|2025-12-31|2026-01-02|2026-01-05|2026-01-06|2026-01-07|2026-01-08|2026-01-09|2026-01-12|2026-01-13|2026-01-14|2026-01-15|2026-01-16|2026-01-20|2026-01-21|2026-01-22|2026-01-23|2026-01-26|2026-01-27|2026-01-28|2026-01-29|2026-01-30|2026-02-02|2026-02-03|2026-02-04|2026-02-05|2026-02-06|2026-02-09|2026-02-10|2026-02-11,2026-02-11 22:36:54,0.0
Valley National Bancorp,,2025-12-30|2025-12-31|2026-01-02|2026-01-05|2026-01-06|2026-01-07|2026-01-08|2026-01-09|2026-01-12|2026-01-13|2026-01-14|2026-01-15|2026-01-16|2026-01-20|2026-01-21|2026-01-22|2026-01-23|2026-01-26|2026-01-27|2026-01-28|2026-01-29|2026-01-30|2026-02-02|2026-02-03|2026-02-04|2026-02-05|2026-02-06|2026-02-09|2026-02-10|2026-02-11,2026-02-11 22:36:54,0.0
Match Group,,2025-12-30|2025-12-31|2026-01-02|2026-01-05|2026-01-06|2026-01-07|2026-01-08|2026-01-09|2026-01-12|2026-01-13|2026-01-14|2026-01-15|2026-01-16|2026-01-20|2026-01-21|2026-01-22|2026-01-23|2026-01-26|2026-01-27|2026-01-28|2026-01-29|2026-01-30|2026-02-02|2026-02-03|2026-02-04|2026-02-05|2026-02-06|2026-02-09|2026-02-10|2026-02-11,2026-02-11 22:36:54,0.0
Gen Digital,,2025-12-30|2025-12-31|2026-01-02|2026-01-05|2026-01-06|2026-01-07|2026-01-08|2026-01-09|2026-01-12|2026-01-13|2026-01-14|2026-01-15|2026-01-16|2026-01-20|2026-01-21|2026-01-22|2026-01-23|2026-01-26|2026-01-27|2026-01-28|2026-01-29|2026-01-30|2026-02-02|2026-02-03|2026-02-04|2026-02-05|2026-02-06|2026-02-09|2026-02-10|2026-02-11,2026-02-11 22:36:54,0.0
Wintrust Financial,,2025-12-30|2025-12-31|2026-01-02|2026-01-05|2026-01-06|2026-01-07|2026-01-08|2026-01-09|2026-01-12|2026-01-13|2026-01-14|2026-01-15|2026-01-16|2026-01-20|2026-01-21|2026-01-22|2026-01-23|2026-01-26|2026-01-27|2026-01-28|2026-01-29|2026-01-30|2026-02-02|2026-02-03|2026-02-04|2026-02-05|2026-02-06|2026-02-09|2026-02-10|2026-02-11,2026-02-11 22:36:54,0.0
First Solar,,2025-12-30|2025-12-31|2026-01-02|2026-01-05|2026-01-06|2026-01-07|2026-01-08|2026-01-09|2026-01-12|2026-01-13|2026-01-14|2026-01-15|2026-01-16|2026-01-20|2026-01-21|2026-01-22|2026-01-23|2026-01-26|2026-01-27|2026-01-28|2026-01-29|2026-01-30|2026-02-02|2026-02-03|2026-02-04|2026-02-05|2026-02-06|2026-02-09|2026-02-10|2026-02-11,2026-02-11 22:36:54,0.0
Central Garden & Pet,,2025-12-29|2025-12-30|2025-12-31|2026-01-02|2026-01-05|2026-01-06|2026-01-07|2026-01-08|2026-01-09|2026-01-12|2026-01-13|2026-01-14|2026-01-15|2026-01-16|2026-01-20|2026-01-21|2026-01-22|2026-01-23|2026-01-26|2026-01-27|2026-01-28|2026-01-29|2026-01-30|2026-02-02|2026-02-03|2026-02-04|2026-02-05|2026-02-06|2026-02-09|2026-02-10,2026-02-11 22:36:54,0.0
Green Plains Inc,,2025-12-30|2025-12-31|2026-01-02|2026-01-05|2026-01-06|2026-01-07|2026-01-08|2026-01-09|2026-01-12|2026-01-13|2026-01-14|2026-01-15|2026-01-16|2026-01-20|2026-01-21|2026-01-22|2026-01-23|2026-01-26|2026-01-27|2026-01-28|2026-01-29|2026-01-30|2026-02-02|2026-02-03|2026-02-04|2026-02-05|2026-02-06|2026-02-09|2026-02-10|2026-02-11,2026-02-11 22:36:54,0.0
Werner Enterprises,,2025-12-30|2025-12-31|2026-01-02|2026-01-05|2026-01-06|2026-01-07|2026-01-08|2026-01-09|2026-01-12|2026-01-13|2026-01-14|2026-01-15|2026-01-16|2026-01-20|2026-01-21|2026-01-22|2026-01-23|2026-01-26|2026-01-27|2026-01-28|2026-01-29|2026-01-30|2026-02-02|2026-02-03|2026-02-04|2026-02-05|2026-02-06|2026-02-09|2026-02-10|2026-02-11,2026-02-11 22:36:54,0.0
AppLovin,,2025-12-30|2025-12-31|2026-01-02|2026-01-05|2026-01-06|2026-01-07|2026-01-08|2026-01-09|2026-01-12|2026-01-13|2026-01-14|2026-01-15|2026-01-16|2026-01-20|2026-01-21|2026-01-22|2026-01-23|2026-01-26|2026-01-27|2026-01-28|2026-01-29|2026-01-30|2026-02-02|2026-02-03|2026-02-04|2026-02-05|2026-02-06|2026-02-09|2026-02-10|2026-02-11,2026-02-11 22:36:54,0.0
ITT,,2025-12-30|2025-12-31|2026-01-02|2026-01-05|2026-01-06|2026-01-07|2026-01-08|2026-01-09|2026-01-12|2026-01-13|2026-01-14|2026-01-15|2026-01-16|2026-01-20|2026-01-21|2026-01-22|2026-01-23|2026-01-26|2026-01-27|2026-01-28|2026-01-29|2026-01-30|2026-02-02|2026-02-03|2026-02-04|2026-02-05|2026-02-06|2026-02-09|2026-02-10|2026-02-11,2026-02-11 22:36:54,0.0
Herc Rentals,,2025-12-30|2025-12-31|2026-01-02|2026-01-05|2026-01-06|2026-01-07|2026-01-08|2026-01-09|2026-01-12|2026-01-13|2026-01-14|2026-01-15|2026-01-16|2026-01-20|2026-01-21|2026-01-22|2026-01-23|2026-01-26|2026-01-27|2026-01-28|2026-01-29|2026-01-30|2026-02-02|2026-02-03|2026-02-04|2026-02-05|2026-02-06|2026-02-09|2026-02-10|2026-02-11,2026-02-11 22:36:54,0.0
Gray Television,,2025-12-30|2025-12-31|2026-01-02|2026-01-05|2026-01-06|2026-01-07|2026-01-08|2026-01-09|2026-01-12|2026-01-13|2026-01-14|2026-01-15|2026-01-16|2026-01-20|2026-01-21|2026-01-22|2026-01-23|2026-01-26|2026-01-27|2026-01-28|2026-01-29|2026-01-30|2026-02-02|2026-02-03|2026-02-04|2026-02-05|2026-02-06|2026-02-09|2026-02-10|2026-02-11,2026-02-11 22:36:54,0.0
IDEX,,2025-12-30|2025-12-31|2026-01-02|2026-01-05|2026-01-06|2026-01-07|2026-01-08|2026-01-09|2026-01-12|2026-01-13|2026-01-14|2026-01-15|2026-01-16|2026-01-20|2026-01-21|2026-01-22|2026-01-23|2026-01-26|2026-01-27|2026-01-28|2026-01-29|2026-01-30|2026-02-02|2026-02-03|2026-02-04|2026-02-05|2026-02-06|2026-02-09|2026-02-10|2026-02-11,2026-02-11 22:36:54,0.0
Boston Properties,,2025-12-30|2025-12-31|2026-01-02|2026-01-05|2026-01-06|2026-01-07|2026-01-08|2026-01-09|2026-01-12|2026-01-13|2026-01-14|2026-01-15|2026-01-16|2026-01-20|2026-01-21|2026-01-22|2026-01-23|2026-01-26|2026-01-27|2026-01-28|2026-01-29|2026-01-30|2026-02-02|2026-02-03|2026-02-04|2026-02-05|2026-02-06|2026-02-09|2026-02-10|2026-02-11,2026-02-11 22:36:54,0.0
Pitney Bowes,,2025-12-30|2025-12-31|2026-01-02|2026-01-05|2026-01-06|2026-01-07|2026-01-08|2026-01-09|2026-01-12|2026-01-13|2026-01-14|2026-01-15|2026-01-16|2026-01-20|2026-01-21|2026-01-22|2026-01-23|2026-01-26|2026-01-27|2026-01-28|2026-01-29|2026-01-30|2026-02-02|2026-02-03|2026-02-04|2026-02-05|2026-02-06|2026-02-09|2026-02-10|2026-02-11,2026-02-11 22:36:54,0.0
Steelcase,,2025-10-28|2025-10-29|2025-10-30|2025-10-31|2025-11-03|2025-11-04|2025-11-05|2025-11-06|2025-11-07|2025-11-10|2025-11-11|2025-11-12|2025-11-13|2025-11-14|2025-11-17|2025-11-18|2025-11-19|2025-11-20|2025-11-21|2025-11-24|2025-11-25|2025-11-26|2025-11-28|2025-12-01|2025-12-02|2025-12-03|2025-12-04|2025-12-05|2025-12-08|2025-12-09,2026-02-11 22:36:54,0.0
Sun Communities,,2025-12-30|2025-12-31|2026-01-02|2026-01-05|2026-01-06|2026-01-07|2026-01-08|2026-01-09|2026-01-12|2026-01-13|2026-01-14|2026-01-15|2026-01-16|2026-01-20|2026-01-21|2026-01-22|2026-01-23|2026-01-26|2026-01-27|2026-01-28|2026-01-29|2026-01-30|2026-02-02|2026-02-03|2026-02-04|2026-02-05|2026-02-06|2026-02-09|2026-02-10|2026-02-11,2026-02-11 22:36:54,0.0
AdaptHealth,,2025-12-30|2025-12-31|2026-01-02|2026-01-05|2026-01-06|2026-01-07|2026-01-08|2026-01-09|2026-01-12|2026-01-13|2026-01-14|2026-01-15|2026-01-16|2026-01-20|2026-01-21|2026-01-22|2026-01-23|2026-01-26|2026-01-27|2026-01-28|2026-01-29|2026-01-30|2026-02-02|2026-02-03|2026-02-04|2026-02-05|2026-02-06|2026-02-09|2026-02-10|2026-02-11,2026-02-11 22:36:54,0.0
Genesis Energy,,2025-12-30|2025-12-31|2026-01-02|2026-01-05|2026-01-06|2026-01-07|2026-01-08|2026-01-09|2026-01-12|2026-01-13|2026-01-14|2026-01-15|2026-01-16|2026-01-20|2026-01-21|2026-01-22|2026-01-23|2026-01-26|2026-01-27|2026-01-28|2026-01-29|2026-01-30|2026-02-02|2026-02-03|2026-02-04|2026-02-05|2026-02-06|2026-02-09|2026-02-10|2026-02-11,2026-02-11 22:36:54,0.0
Jackson Financial,,2025-12-30|2025-12-31|2026-01-02|2026-01-05|2026-01-06|2026-01-07|2026-01-08|2026-01-09|2026-01-12|2026-01-13|2026-01-14|2026-01-15|2026-01-16|2026-01-20|2026-01-21|2026-01-22|2026-01-23|2026-01-26|2026-01-27|2026-01-28|2026-01-29|2026-01-30|2026-02-02|2026-02-03|2026-02-04|2026-02-05|2026-02-06|2026-02-09|2026-02-10|2026-02-11,2026-02-11 22:36:54,0.0
FirstCash,,2025-12-30|2025-12-31|2026-01-02|2026-01-05|2026-01-06|2026-01-07|2026-01-08|2026-01-09|2026-01-12|2026-01-13|2026-01-14|2026-01-15|2026-01-16|2026-01-20|2026-01-21|2026-01-22|2026-01-23|2026-01-26|2026-01-27|2026-01-28|2026-01-29|2026-01-30|2026-02-02|2026-02-03|2026-02-04|2026-02-05|2026-02-06|2026-02-09|2026-02-10|2026-02-11,2026-02-11 22:36:54,0.0
Cal-Maine Foods,,2025-12-30|2025-12-31|2026-01-02|2026-01-05|2026-01-06|2026-01-07|2026-01-08|2026-01-09|2026-01-12|2026-01-13|2026-01-14|2026-01-15|2026-01-16|2026-01-20|2026-01-21|2026-01-22|2026-01-23|2026-01-26|2026-01-27|2026-01-28|2026-01-29|2026-01-30|2026-02-02|2026-02-03|2026-02-04|2026-02-05|2026-02-06|2026-02-09|2026-02-10|2026-02-11,2026-02-11 22:36:54,0.0
Avient,,2025-12-30|2025-12-31|2026-01-02|2026-01-05|2026-01-06|2026-01-07|2026-01-08|2026-01-09|2026-01-12|2026-01-13|2026-01-14|2026-01-15|2026-01-16|2026-01-20|2026-01-21|2026-01-22|2026-01-23|2026-01-26|2026-01-27|2026-01-28|2026-01-29|2026-01-30|2026-02-02|2026-02-03|2026-02-04|2026-02-05|2026-02-06|2026-02-09|2026-02-10|2026-02-11,2026-02-11 22:36:54,0.0
BlueLinx,,2025-12-30|2025-12-31|2026-01-02|2026-01-05|2026-01-06|2026-01-07|2026-01-08|2026-01-09|2026-01-12|2026-01-13|2026-01-14|2026-01-15|2026-01-16|2026-01-20|2026-01-21|2026-01-22|2026-01-23|2026-01-26|2026-01-27|2026-01-28|2026-01-29|2026-01-30|2026-02-02|2026-02-03|2026-02-04|2026-02-05|2026-02-06|2026-02-09|2026-02-10|2026-02-11,2026-02-11 22:36:54,0.0
Sinclair,,2025-12-30|2025-12-31|2026-01-02|2026-01-05|2026-01-06|2026-01-07|2026-01-08|2026-01-09|2026-01-12|2026-01-13|2026-01-14|2026-01-15|2026-01-16|2026-01-20|2026-01-21|2026-01-22|2026-01-23|2026-01-26|2026-01-27|2026-01-28|2026-01-29|2026-01-30|2026-02-02|2026-02-03|2026-02-04|2026-02-05|2026-02-06|2026-02-09|2026-02-10|2026-02-11,2026-02-11 22:36:54,0.0
BOK Financial,,2025-12-30|2025-12-31|2026-01-02|2026-01-05|2026-01-06|2026-01-07|2026-01-08|2026-01-09|2026-01-12|2026-01-13|2026-01-14|2026-01-15|2026-01-16|2026-01-20|2026-01-21|2026-01-22|2026-01-23|2026-01-26|2026-01-27|2026-01-28|2026-01-29|2026-01-30|2026-02-02|2026-02-03|2026-02-04|2026-02-05|2026-02-06|2026-02-09|2026-02-10|2026-02-11,2026-02-11 22:36:54,0.0
Permian Resources,,2025-12-30|2025-12-31|2026-01-02|2026-01-05|2026-01-06|2026-01-07|2026-01-08|2026-01-09|2026-01-12|2026-01-13|2026-01-14|2026-01-15|2026-01-16|2026-01-20|2026-01-21|2026-01-22|2026-01-23|2026-01-26|2026-01-27|2026-01-28|2026-01-29|2026-01-30|2026-02-02|2026-02-03|2026-02-04|2026-02-05|2026-02-06|2026-02-09|2026-02-10|2026-02-11,2026-02-11 22:36:54,0.0
PACS Group,,2025-12-30|2025-12-31|2026-01-02|2026-01-05|2026-01-06|2026-01-07|2026-01-08|2026-01-09|2026-01-12|2026-01-13|2026-01-14|2026-01-15|2026-01-16|2026-01-20|2026-01-21|2026-01-22|2026-01-23|2026-01-26|2026-01-27|2026-01-28|2026-01-29|2026-01-30|2026-02-02|2026-02-03|2026-02-04|2026-02-05|2026-02-06|2026-02-09|2026-02-10|2026-02-11,2026-02-11 22:36:54,0.0
Coinbase Global,,2025-12-30|2025-12-31|2026-01-02|2026-01-05|2026-01-06|2026-01-07|2026-01-08|2026-01-09|2026-01-12|2026-01-13|2026-01-14|2026-01-15|2026-01-16|2026-01-20|2026-01-21|2026-01-22|2026-01-23|2026-01-26|2026-01-27|2026-01-28|2026-01-29|2026-01-30|2026-02-02|2026-02-03|2026-02-04|2026-02-05|2026-02-06|2026-02-09|2026-02-10|2026-02-11,2026-02-11 22:36:54,0.0
Western Midstream Partners,,2025-12-30|2025-12-31|2026-01-02|2026-01-05|2026-01-06|2026-01-07|2026-01-08|2026-01-09|2026-01-12|2026-01-13|2026-01-14|2026-01-15|2026-01-16|2026-01-20|2026-01-21|2026-01-22|2026-01-23|2026-01-26|2026-01-27|2026-01-28|2026-01-29|2026-01-30|2026-02-02|2026-02-03|2026-02-04|2026-02-05|2026-02-06|2026-02-09|2026-02-10|2026-02-11,2026-02-11 22:36:54,0.0
G-III Apparel Group,,2025-12-30|2025-12-31|2026-01-02|2026-01-05|2026-01-06|2026-01-07|2026-01-08|2026-01-09|2026-01-12|2026-01-13|2026-01-14|2026-01-15|2026-01-16|2026-01-20|2026-01-21|2026-01-22|2026-01-23|2026-01-26|2026-01-27|2026-01-28|2026-01-29|2026-01-30|2026-02-02|2026-02-03|2026-02-04|2026-02-05|2026-02-06|2026-02-09|2026-02-10|2026-02-11,2026-02-11 22:36:54,0.0
Vontier,,2025-12-30|2025-12-31|2026-01-02|2026-01-05|2026-01-06|2026-01-07|2026-01-08|2026-01-09|2026-01-12|2026-01-13|2026-01-14|2026-01-15|2026-01-16|2026-01-20|2026-01-21|2026-01-22|2026-01-23|2026-01-26|2026-01-27|2026-01-28|2026-01-29|2026-01-30|2026-02-02|2026-02-03|2026-02-04|2026-02-05|2026-02-06|2026-02-09|2026-02-10|2026-02-11,2026-02-11 22:36:54,0.0
Matson Inc,,2025-12-30|2025-12-31|2026-01-02|2026-01-05|2026-01-06|2026-01-07|2026-01-08|2026-01-09|2026-01-12|2026-01-13|2026-01-14|2026-01-15|2026-01-16|2026-01-20|2026-01-21|2026-01-22|2026-01-23|2026-01-26|2026-01-27|2026-01-28|2026-01-29|2026-01-30|2026-02-02|2026-02-03|2026-02-04|2026-02-05|2026-02-06|2026-02-09|2026-02-10|2026-02-11,2026-02-11 22:36:54,0.0
Kirby Corporation,,2025-12-30|2025-12-31|2026-01-02|2026-01-05|2026-01-06|2026-01-07|2026-01-08|2026-01-09|2026-01-12|2026-01-13|2026-01-14|2026-01-15|2026-01-16|2026-01-20|2026-01-21|2026-01-22|2026-01-23|2026-01-26|2026-01-27|2026-01-28|2026-01-29|2026-01-30|2026-02-02|2026-02-03|2026-02-04|2026-02-05|2026-02-06|2026-02-09|2026-02-10|2026-02-11,2026-02-11 22:36:54,0.0
Kaiser Aluminum,,2025-12-30|2025-12-31|2026-01-02|2026-01-05|2026-01-06|2026-01-07|2026-01-08|2026-01-09|2026-01-12|2026-01-13|2026-01-14|2026-01-15|2026-01-16|2026-01-20|2026-01-21|2026-01-22|2026-01-23|2026-01-26|2026-01-27|2026-01-28|2026-01-29|2026-01-30|2026-02-02|2026-02-03|2026-02-04|2026-02-05|2026-02-06|2026-02-09|2026-02-10|2026-02-11,2026-02-11 22:36:54,0.0
Designer Brands Inc,,2025-12-30|2025-12-31|2026-01-02|2026-01-05|2026-01-06|2026-01-07|2026-01-08|2026-01-09|2026-01-12|2026-01-13|2026-01-14|2026-01-15|2026-01-16|2026-01-20|2026-01-21|2026-01-22|2026-01-23|2026-01-26|2026-01-27|2026-01-28|2026-01-29|2026-01-30|2026-02-02|2026-02-03|2026-02-04|2026-02-05|2026-02-06|2026-02-09|2026-02-10|2026-02-11,2026-02-11 22:36:54,0.0
Rollins Inc,,2025-12-30|2025-12-31|2026-01-02|2026-01-05|2026-01-06|2026-01-07|2026-01-08|2026-01-09|2026-01-12|2026-01-13|2026-01-14|2026-01-15|2026-01-16|2026-01-20|2026-01-21|2026-01-22|2026-01-23|2026-01-26|2026-01-27|2026-01-28|2026-01-29|2026-01-30|2026-02-02|2026-02-03|2026-02-04|2026-02-05|2026-02-06|2026-02-09|2026-02-10|2026-02-11,2026-02-11 22:36:54,0.0
Advanced Drainage Systems,,2025-12-30|2025-12-31|2026-01-02|2026-01-05|2026-01-06|2026-01-07|2026-01-08|2026-01-09|2026-01-12|2026-01-13|2026-01-14|2026-01-15|2026-01-16|2026-01-20|2026-01-21|2026-01-22|2026-01-23|2026-01-26|2026-01-27|2026-01-28|2026-01-29|2026-01-30|2026-02-02|2026-02-03|2026-02-04|2026-02-05|2026-02-06|2026-02-09|2026-02-10|2026-02-11,2026-02-11 22:36:54,0.0
Cinemark,,2025-12-30|2025-12-31|2026-01-02|2026-01-05|2026-01-06|2026-01-07|2026-01-08|2026-01-09|2026-01-12|2026-01-13|2026-01-14|2026-01-15|2026-01-16|2026-01-20|2026-01-21|2026-01-22|2026-01-23|2026-01-26|2026-01-27|2026-01-28|2026-01-29|2026-01-30|2026-02-02|2026-02-03|2026-02-04|2026-02-05|2026-02-06|2026-02-09|2026-02-10|2026-02-11,2026-02-11 22:36:54,0.0
CrowdStrike,,2025-12-30|2025-12-31|2026-01-02|2026-01-05|2026-01-06|2026-01-07|2026-01-08|2026-01-09|2026-01-12|2026-01-13|2026-01-14|2026-01-15|2026-01-16|2026-01-20|2026-01-21|2026-01-22|2026-01-23|2026-01-26|2026-01-27|2026-01-28|2026-01-29|2026-01-30|2026-02-02|2026-02-03|2026-02-04|2026-02-05|2026-02-06|2026-02-09|2026-02-10|2026-02-11,2026-02-11 22:36:54,0.0
Pinterest,,2025-12-30|2025-12-31|2026-01-02|2026-01-05|2026-01-06|2026-01-07|2026-01-08|2026-01-09|2026-01-12|2026-01-13|2026-01-14|2026-01-15|2026-01-16|2026-01-20|2026-01-21|2026-01-22|2026-01-23|2026-01-26|2026-01-27|2026-01-28|2026-01-29|2026-01-30|2026-02-02|2026-02-03|2026-02-04|2026-02-05|2026-02-06|2026-02-09|2026-02-10|2026-02-11,2026-02-11 22:36:54,0.0
Instacart,,2025-12-30|2025-12-31|2026-01-02|2026-01-05|2026-01-06|2026-01-07|2026-01-08|2026-01-09|2026-01-12|2026-01-13|2026-01-14|2026-01-15|2026-01-16|2026-01-20|2026-01-21|2026-01-22|2026-01-23|2026-01-26|2026-01-27|2026-01-28|2026-01-29|2026-01-30|2026-02-02|2026-02-03|2026-02-04|2026-02-05|2026-02-06|2026-02-09|2026-02-10|2026-02-11,2026-02-11 22:36:54,0.0
Hillenbrand,,2025-12-29|2025-12-30|2025-12-31|2026-01-02|2026-01-05|2026-01-06|2026-01-07|2026-01-08|2026-01-09|2026-01-12|2026-01-13|2026-01-14|2026-01-15|2026-01-16|2026-01-20|2026-01-21|2026-01-22|2026-01-23|2026-01-26|2026-01-27|2026-01-28|2026-01-29|2026-01-30|2026-02-02|2026-02-03|2026-02-04|2026-02-05|2026-02-06|2026-02-09|2026-02-10,2026-02-11 22:36:54,0.0
Allison Transmission,,2025-12-30|2025-12-31|2026-01-02|2026-01-05|2026-01-06|2026-01-07|2026-01-08|2026-01-09|2026-01-12|2026-01-13|2026-01-14|2026-01-15|2026-01-16|2026-01-20|2026-01-21|2026-01-22|2026-01-23|2026-01-26|2026-01-27|2026-01-28|2026-01-29|2026-01-30|2026-02-02|2026-02-03|2026-02-04|2026-02-05|2026-02-06|2026-02-09|2026-02-10|2026-02-11,2026-02-11 22:36:54,0.0
Restoration Hardware,,2025-12-30|2025-12-31|2026-01-02|2026-01-05|2026-01-06|2026-01-07|2026-01-08|2026-01-09|2026-01-12|2026-01-13|2026-01-14|2026-01-15|2026-01-16|2026-01-20|2026-01-21|2026-01-22|2026-01-23|2026-01-26|2026-01-27|2026-01-28|2026-01-29|2026-01-30|2026-02-02|2026-02-03|2026-02-04|2026-02-05|2026-02-06|2026-02-09|2026-02-10|2026-02-11,2026-02-11 22:36:54,0.0
Brookdale Senior Living,,2025-12-30|2025-12-31|2026-01-02|2026-01-05|2026-01-06|2026-01-07|2026-01-08|2026-01-09|2026-01-12|2026-01-13|2026-01-14|2026-01-15|2026-01-16|2026-01-20|2026-01-21|2026-01-22|2026-01-23|2026-01-26|2026-01-27|2026-01-28|2026-01-29|2026-01-30|2026-02-02|2026-02-03|2026-02-04|2026-02-05|2026-02-06|2026-02-09|2026-02-10|2026-02-11,2026-02-11 22:36:54,0.0
QuidelOrtho,,2025-12-30|2025-12-31|2026-01-02|2026-01-05|2026-01-06|2026-01-07|2026-01-08|2026-01-09|2026-01-12|2026-01-13|2026-01-14|2026-01-15|2026-01-16|2026-01-20|2026-01-21|2026-01-22|2026-01-23|2026-01-26|2026-01-27|2026-01-28|2026-01-29|2026-01-30|2026-02-02|2026-02-03|2026-02-04|2026-02-05|2026-02-06|2026-02-09|2026-02-10|2026-02-11,2026-02-11 22:36:54,0.0
Trinity Industries,,2025-12-30|2025-12-31|2026-01-02|2026-01-05|2026-01-06|2026-01-07|2026-01-08|2026-01-09|2026-01-12|2026-01-13|2026-01-14|2026-01-15|2026-01-16|2026-01-20|2026-01-21|2026-01-22|2026-01-23|2026-01-26|2026-01-27|2026-01-28|2026-01-29|2026-01-30|2026-02-02|2026-02-03|2026-02-04|2026-02-05|2026-02-06|2026-02-09|2026-02-10|2026-02-11,2026-02-11 22:36:54,0.0
Teleflex,,2025-12-30|2025-12-31|2026-01-02|2026-01-05|2026-01-06|2026-01-07|2026-01-08|2026-01-09|2026-01-12|2026-01-13|2026-01-14|2026-01-15|2026-01-16|2026-01-20|2026-01-21|2026-01-22|2026-01-23|2026-01-26|2026-01-27|2026-01-28|2026-01-29|2026-01-30|2026-02-02|2026-02-03|2026-02-04|2026-02-05|2026-02-06|2026-02-09|2026-02-10|2026-02-11,2026-02-11 22:36:54,0.0
HEICO,,2025-12-30|2025-12-31|2026-01-02|2026-01-05|2026-01-06|2026-01-07|2026-01-08|2026-01-09|2026-01-12|2026-01-13|2026-01-14|2026-01-15|2026-01-16|2026-01-20|2026-01-21|2026-01-22|2026-01-23|2026-01-26|2026-01-27|2026-01-28|2026-01-29|2026-01-30|2026-02-02|2026-02-03|2026-02-04|2026-02-05|2026-02-06|2026-02-09|2026-02-10|2026-02-11,2026-02-11 22:36:54,0.0
Bruker,,2025-12-30|2025-12-31|2026-01-02|2026-01-05|2026-01-06|2026-01-07|2026-01-08|2026-01-09|2026-01-12|2026-01-13|2026-01-14|2026-01-15|2026-01-16|2026-01-20|2026-01-21|2026-01-22|2026-01-23|2026-01-26|2026-01-27|2026-01-28|2026-01-29|2026-01-30|2026-02-02|2026-02-03|2026-02-04|2026-02-05|2026-02-06|2026-02-09|2026-02-10|2026-02-11,2026-02-11 22:36:54,0.0
Carlyle Group,,2025-12-30|2025-12-31|2026-01-02|2026-01-05|2026-01-06|2026-01-07|2026-01-08|2026-01-09|2026-01-12|2026-01-13|2026-01-14|2026-01-15|2026-01-16|2026-01-20|2026-01-21|2026-01-22|2026-01-23|2026-01-26|2026-01-27|2026-01-28|2026-01-29|2026-01-30|2026-02-02|2026-02-03|2026-02-04|2026-02-05|2026-02-06|2026-02-09|2026-02-10|2026-02-11,2026-02-11 22:36:54,0.0
Energizer Holdings,,2025-12-30|2025-12-31|2026-01-02|2026-01-05|2026-01-06|2026-01-07|2026-01-08|2026-01-09|2026-01-12|2026-01-13|2026-01-14|2026-01-15|2026-01-16|2026-01-20|2026-01-21|2026-01-22|2026-01-23|2026-01-26|2026-01-27|2026-01-28|2026-01-29|2026-01-30|2026-02-02|2026-02-03|2026-02-04|2026-02-05|2026-02-06|2026-02-09|2026-02-10|2026-02-11,2026-02-11 22:36:54,0.0
Rackspace Technology,,2025-12-30|2025-12-31|2026-01-02|2026-01-05|2026-01-06|2026-01-07|2026-01-08|2026-01-09|2026-01-12|2026-01-13|2026-01-14|2026-01-15|2026-01-16|2026-01-20|2026-01-21|2026-01-22|2026-01-23|2026-01-26|2026-01-27|2026-01-28|2026-01-29|2026-01-30|2026-02-02|2026-02-03|2026-02-04|2026-02-05|2026-02-06|2026-02-09|2026-02-10|2026-02-11,2026-02-11 22:36:54,0.0
Waters Corporation,,2025-12-30|2025-12-31|2026-01-02|2026-01-05|2026-01-06|2026-01-07|2026-01-08|2026-01-09|2026-01-12|2026-01-13|2026-01-14|2026-01-15|2026-01-16|2026-01-20|2026-01-21|2026-01-22|2026-01-23|2026-01-26|2026-01-27|2026-01-28|2026-01-29|2026-01-30|2026-02-02|2026-02-03|2026-02-04|2026-02-05|2026-02-06|2026-02-09|2026-02-10|2026-02-11,2026-02-11 22:36:54,0.0
West Pharmaceutical Services,,2025-12-30|2025-12-31|2026-01-02|2026-01-05|2026-01-06|2026-01-07|2026-01-08|2026-01-09|2026-01-12|2026-01-13|2026-01-14|2026-01-15|2026-01-16|2026-01-20|2026-01-21|2026-01-22|2026-01-23|2026-01-26|2026-01-27|2026-01-28|2026-01-29|2026-01-30|2026-02-02|2026-02-03|2026-02-04|2026-02-05|2026-02-06|2026-02-09|2026-02-10|2026-02-11,2026-02-11 22:36:54,0.0
Carters Inc,,2025-12-30|2025-12-31|2026-01-02|2026-01-05|2026-01-06|2026-01-07|2026-01-08|2026-01-09|2026-01-12|2026-01-13|2026-01-14|2026-01-15|2026-01-16|2026-01-20|2026-01-21|2026-01-22|2026-01-23|2026-01-26|2026-01-27|2026-01-28|2026-01-29|2026-01-30|2026-02-02|2026-02-03|2026-02-04|2026-02-05|2026-02-06|2026-02-09|2026-02-10|2026-02-11,2026-02-11 22:36:54,0.0
SkyWest,,2025-12-30|2025-12-31|2026-01-02|2026-01-05|2026-01-06|2026-01-07|2026-01-08|2026-01-09|2026-01-12|2026-01-13|2026-01-14|2026-01-15|2026-01-16|2026-01-20|2026-01-21|2026-01-22|2026-01-23|2026-01-26|2026-01-27|2026-01-28|2026-01-29|2026-01-30|2026-02-02|2026-02-03|2026-02-04|2026-02-05|2026-02-06|2026-02-09|2026-02-10|2026-02-11,2026-02-11 22:36:54,0.0
Acadia Healthcare,,2025-12-30|2025-12-31|2026-01-02|2026-01-05|2026-01-06|2026-01-07|2026-01-08|2026-01-09|2026-01-12|2026-01-13|2026-01-14|2026-01-15|2026-01-16|2026-01-20|2026-01-21|2026-01-22|2026-01-23|2026-01-26|2026-01-27|2026-01-28|2026-01-29|2026-01-30|2026-02-02|2026-02-03|2026-02-04|2026-02-05|2026-02-06|2026-02-09|2026-02-10|2026-02-11,2026-02-11 22:36:54,0.0
Revvity,,2025-12-30|2025-12-31|2026-01-02|2026-01-05|2026-01-06|2026-01-07|2026-01-08|2026-01-09|2026-01-12|2026-01-13|2026-01-14|2026-01-15|2026-01-16|2026-01-20|2026-01-21|2026-01-22|2026-01-23|2026-01-26|2026-01-27|2026-01-28|2026-01-29|2026-01-30|2026-02-02|2026-02-03|2026-02-04|2026-02-05|2026-02-06|2026-02-09|2026-02-10|2026-02-11,2026-02-11 22:36:54,0.0
Portland General Electric,,2025-12-30|2025-12-31|2026-01-02|2026-01-05|2026-01-06|2026-01-07|2026-01-08|2026-01-09|2026-01-12|2026-01-13|2026-01-14|2026-01-15|2026-01-16|2026-01-20|2026-01-21|2026-01-22|2026-01-23|2026-01-26|2026-01-27|2026-01-28|2026-01-29|2026-01-30|2026-02-02|2026-02-03|2026-02-04|2026-02-05|2026-02-06|2026-02-09|2026-02-10|2026-02-11,2026-02-11 22:36:54,0.0
Woodward Inc,,2025-12-30|2025-12-31|2026-01-02|2026-01-05|2026-01-06|2026-01-07|2026-01-08|2026-01-09|2026-01-12|2026-01-13|2026-01-14|2026-01-15|2026-01-16|2026-01-20|2026-01-21|2026-01-22|2026-01-23|2026-01-26|2026-01-27|2026-01-28|2026-01-29|2026-01-30|2026-02-02|2026-02-03|2026-02-04|2026-02-05|2026-02-06|2026-02-09|2026-02-10|2026-02-11,2026-02-11 22:36:54,0.0
TEGNA,,2025-12-30|2025-12-31|2026-01-02|2026-01-05|2026-01-06|2026-01-07|2026-01-08|2026-01-09|2026-01-12|2026-01-13|2026-01-14|2026-01-15|2026-01-16|2026-01-20|2026-01-21|2026-01-22|2026-01-23|2026-01-26|2026-01-27|2026-01-28|2026-01-29|2026-01-30|2026-02-02|2026-02-03|2026-02-04|2026-02-05|2026-02-06|2026-02-09|2026-02-10|2026-02-11,2026-02-11 22:36:54,0.0
Sabre Corporation,,2025-12-30|2025-12-31|2026-01-02|2026-01-05|2026-01-06|2026-01-07|2026-01-08|2026-01-09|2026-01-12|2026-01-13|2026-01-14|2026-01-15|2026-01-16|2026-01-20|2026-01-21|2026-01-22|2026-01-23|2026-01-26|2026-01-27|2026-01-28|2026-01-29|2026-01-30|2026-02-02|2026-02-03|2026-02-04|2026-02-05|2026-02-06|2026-02-09|2026-02-10|2026-02-11,2026-02-11 22:36:54,0.0
Light & Wonder,,2026-01-27|2026-01-28|2026-01-29|2026-01-30|2026-02-02|2026-02-03|2026-02-04|2026-02-05|2026-02-06|2026-02-09|2026-02-10,2026-02-11 22:36:54,0.0
Vail Resorts,,2025-12-30|2025-12-31|2026-01-02|2026-01-05|2026-01-06|2026-01-07|2026-01-08|2026-01-09|2026-01-12|2026-01-13|2026-01-14|2026-01-15|2026-01-16|2026-01-20|2026-01-21|2026-01-22|2026-01-23|2026-01-26|2026-01-27|2026-01-28|2026-01-29|2026-01-30|2026-02-02|2026-02-03|2026-02-04|2026-02-05|2026-02-06|2026-02-09|2026-02-10|2026-02-11,2026-02-11 22:36:54,0.0
PennyMac Financial Services,,2025-12-30|2025-12-31|2026-01-02|2026-01-05|2026-01-06|2026-01-07|2026-01-08|2026-01-09|2026-01-12|2026-01-13|2026-01-14|2026-01-15|2026-01-16|2026-01-20|2026-01-21|2026-01-22|2026-01-23|2026-01-26|2026-01-27|2026-01-28|2026-01-29|2026-01-30|2026-02-02|2026-02-03|2026-02-04|2026-02-05|2026-02-06|2026-02-09|2026-02-10|2026-02-11,2026-02-11 22:36:54,0.0
Saia Inc,,2025-12-30|2025-12-31|2026-01-02|2026-01-05|2026-01-06|2026-01-07|2026-01-08|2026-01-09|2026-01-12|2026-01-13|2026-01-14|2026-01-15|2026-01-16|2026-01-20|2026-01-21|2026-01-22|2026-01-23|2026-01-26|2026-01-27|2026-01-28|2026-01-29|2026-01-30|2026-02-02|2026-02-03|2026-02-04|2026-02-05|2026-02-06|2026-02-09|2026-02-10|2026-02-11,2026-02-11 22:36:54,0.0
Equity Residential,,2025-12-30|2025-12-31|2026-01-02|2026-01-05|2026-01-06|2026-01-07|2026-01-08|2026-01-09|2026-01-12|2026-01-13|2026-01-14|2026-01-15|2026-01-16|2026-01-20|2026-01-21|2026-01-22|2026-01-23|2026-01-26|2026-01-27|2026-01-28|2026-01-29|2026-01-30|2026-02-02|2026-02-03|2026-02-04|2026-02-05|2026-02-06|2026-02-09|2026-02-10|2026-02-11,2026-02-11 22:36:54,0.0
Helmerich & Payne,,2025-12-30|2025-12-31|2026-01-02|2026-01-05|2026-01-06|2026-01-07|2026-01-08|2026-01-09|2026-01-12|2026-01-13|2026-01-14|2026-01-15|2026-01-16|2026-01-20|2026-01-21|2026-01-22|2026-01-23|2026-01-26|2026-01-27|2026-01-28|2026-01-29|2026-01-30|2026-02-02|2026-02-03|2026-02-04|2026-02-05|2026-02-06|2026-02-09|2026-02-10|2026-02-11,2026-02-11 22:36:54,0.0
Korn Ferry,,2025-12-30|2025-12-31|2026-01-02|2026-01-05|2026-01-06|2026-01-07|2026-01-08|2026-01-09|2026-01-12|2026-01-13|2026-01-14|2026-01-15|2026-01-16|2026-01-20|2026-01-21|2026-01-22|2026-01-23|2026-01-26|2026-01-27|2026-01-28|2026-01-29|2026-01-30|2026-02-02|2026-02-03|2026-02-04|2026-02-05|2026-02-06|2026-02-09|2026-02-10|2026-02-11,2026-02-11 22:36:54,0.0
PC Connection Inc,,2025-12-30|2025-12-31|2026-01-02|2026-01-05|2026-01-06|2026-01-07|2026-01-08|2026-01-09|2026-01-12|2026-01-13|2026-01-14|2026-01-15|2026-01-16|2026-01-20|2026-01-21|2026-01-22|2026-01-23|2026-01-26|2026-01-27|2026-01-28|2026-01-29|2026-01-30|2026-02-02|2026-02-03|2026-02-04|2026-02-05|2026-02-06|2026-02-09|2026-02-10|2026-02-11,2026-02-11 22:36:54,0.0
Curtiss-Wright,,2025-12-30|2025-12-31|2026-01-02|2026-01-05|2026-01-06|2026-01-07|2026-01-08|2026-01-09|2026-01-12|2026-01-13|2026-01-14|2026-01-15|2026-01-16|2026-01-20|2026-01-21|2026-01-22|2026-01-23|2026-01-26|2026-01-27|2026-01-28|2026-01-29|2026-01-30|2026-02-02|2026-02-03|2026-02-04|2026-02-05|2026-02-06|2026-02-09|2026-02-10|2026-02-11,2026-02-11 22:36:54,0.0
Sallie Mae,,2025-12-30|2025-12-31|2026-01-02|2026-01-05|2026-01-06|2026-01-07|2026-01-08|2026-01-09|2026-01-12|2026-01-13|2026-01-14|2026-01-15|2026-01-16|2026-01-20|2026-01-21|2026-01-22|2026-01-23|2026-01-26|2026-01-27|2026-01-28|2026-01-29|2026-01-30|2026-02-02|2026-02-03|2026-02-04|2026-02-05|2026-02-06|2026-02-09|2026-02-10|2026-02-11,2026-02-11 22:36:54,0.0
Benchmark Electronics,,2025-12-30|2025-12-31|2026-01-02|2026-01-05|2026-01-06|2026-01-07|2026-01-08|2026-01-09|2026-01-12|2026-01-13|2026-01-14|2026-01-15|2026-01-16|2026-01-20|2026-01-21|2026-01-22|2026-01-23|2026-01-26|2026-01-27|2026-01-28|2026-01-29|2026-01-30|2026-02-02|2026-02-03|2026-02-04|2026-02-05|2026-02-06|2026-02-09|2026-02-10|2026-02-11,2026-02-11 22:36:54,0.0
Pure Storage,,2025-12-30|2025-12-31|2026-01-02|2026-01-05|2026-01-06|2026-01-07|2026-01-08|2026-01-09|2026-01-12|2026-01-13|2026-01-14|2026-01-15|2026-01-16|2026-01-20|2026-01-21|2026-01-22|2026-01-23|2026-01-26|2026-01-27|2026-01-28|2026-01-29|2026-01-30|2026-02-02|2026-02-03|2026-02-04|2026-02-05|2026-02-06|2026-02-09|2026-02-10|2026-02-11,2026-02-11 22:36:54,0.0
Knife River Corporation,,2025-12-30|2025-12-31|2026-01-02|2026-01-05|2026-01-06|2026-01-07|2026-01-08|2026-01-09|2026-01-12|2026-01-13|2026-01-14|2026-01-15|2026-01-16|2026-01-20|2026-01-21|2026-01-22|2026-01-23|2026-01-26|2026-01-27|2026-01-28|2026-01-29|2026-01-30|2026-02-02|2026-02-03|2026-02-04|2026-02-05|2026-02-06|2026-02-09|2026-02-10|2026-02-11,2026-02-11 22:36:54,0.0
Caleres Inc,,2025-12-30|2025-12-31|2026-01-02|2026-01-05|2026-01-06|2026-01-07|2026-01-08|2026-01-09|2026-01-12|2026-01-13|2026-01-14|2026-01-15|2026-01-16|2026-01-20|2026-01-21|2026-01-22|2026-01-23|2026-01-26|2026-01-27|2026-01-28|2026-01-29|2026-01-30|2026-02-02|2026-02-03|2026-02-04|2026-02-05|2026-02-06|2026-02-09|2026-02-10|2026-02-11,2026-02-11 22:36:54,0.0
BrightView Holdings,,2025-12-30|2025-12-31|2026-01-02|2026-01-05|2026-01-06|2026-01-07|2026-01-08|2026-01-09|2026-01-12|2026-01-13|2026-01-14|2026-01-15|2026-01-16|2026-01-20|2026-01-21|2026-01-22|2026-01-23|2026-01-26|2026-01-27|2026-01-28|2026-01-29|2026-01-30|2026-02-02|2026-02-03|2026-02-04|2026-02-05|2026-02-06|2026-02-09|2026-02-10|2026-02-11,2026-02-11 22:36:54,0.0
Cooper-Standard,,2025-12-30|2025-12-31|2026-01-02|2026-01-05|2026-01-06|2026-01-07|2026-01-08|2026-01-09|2026-01-12|2026-01-13|2026-01-14|2026-01-15|2026-01-16|2026-01-20|2026-01-21|2026-01-22|2026-01-23|2026-01-26|2026-01-27|2026-01-28|2026-01-29|2026-01-30|2026-02-02|2026-02-03|2026-02-04|2026-02-05|2026-02-06|2026-02-09|2026-02-10|2026-02-11,2026-02-11 22:36:54,0.0
Primerica,,2025-12-30|2025-12-31|2026-01-02|2026-01-05|2026-01-06|2026-01-07|2026-01-08|2026-01-09|2026-01-12|2026-01-13|2026-01-14|2026-01-15|2026-01-16|2026-01-20|2026-01-21|2026-01-22|2026-01-23|2026-01-26|2026-01-27|2026-01-28|2026-01-29|2026-01-30|2026-02-02|2026-02-03|2026-02-04|2026-02-05|2026-02-06|2026-02-09|2026-02-10|2026-02-11,2026-02-11 22:36:54,0.0
F5,,2025-12-30|2025-12-31|2026-01-02|2026-01-05|2026-01-06|2026-01-07|2026-01-08|2026-01-09|2026-01-12|2026-01-13|2026-01-14|2026-01-15|2026-01-16|2026-01-20|2026-01-21|2026-01-22|2026-01-23|2026-01-26|2026-01-27|2026-01-28|2026-01-29|2026-01-30|2026-02-02|2026-02-03|2026-02-04|2026-02-05|2026-02-06|2026-02-09|2026-02-10|2026-02-11,2026-02-11 22:36:54,0.0
Matador Resources,,2025-12-30|2025-12-31|2026-01-02|2026-01-05|2026-01-06|2026-01-07|2026-01-08|2026-01-09|2026-01-12|2026-01-13|2026-01-14|2026-01-15|2026-01-16|2026-01-20|2026-01-21|2026-01-22|2026-01-23|2026-01-26|2026-01-27|2026-01-28|2026-01-29|2026-01-30|2026-02-02|2026-02-03|2026-02-04|2026-02-05|2026-02-06|2026-02-09|2026-02-10|2026-02-11,2026-02-11 22:36:54,0.0
Snowflake Inc,,2025-12-30|2025-12-31|2026-01-02|2026-01-05|2026-01-06|2026-01-07|2026-01-08|2026-01-09|2026-01-12|2026-01-13|2026-01-14|2026-01-15|2026-01-16|2026-01-20|2026-01-21|2026-01-22|2026-01-23|2026-01-26|2026-01-27|2026-01-28|2026-01-29|2026-01-30|2026-02-02|2026-02-03|2026-02-04|2026-02-05|2026-02-06|2026-02-09|2026-02-10|2026-02-11,2026-02-11 22:36:54,0.0
Viasat,,2025-12-30|2025-12-31|2026-01-02|2026-01-05|2026-01-06|2026-01-07|2026-01-08|2026-01-09|2026-01-12|2026-01-13|2026-01-14|2026-01-15|2026-01-16|2026-01-20|2026-01-21|2026-01-22|2026-01-23|2026-01-26|2026-01-27|2026-01-28|2026-01-29|2026-01-30|2026-02-02|2026-02-03|2026-02-04|2026-02-05|2026-02-06|2026-02-09|2026-02-10|2026-02-11,2026-02-11 22:36:54,0.0
California Resources,,2025-12-30|2025-12-31|2026-01-02|2026-01-05|2026-01-06|2026-01-07|2026-01-08|2026-01-09|2026-01-12|2026-01-13|2026-01-14|2026-01-15|2026-01-16|2026-01-20|2026-01-21|2026-01-22|2026-01-23|2026-01-26|2026-01-27|2026-01-28|2026-01-29|2026-01-30|2026-02-02|2026-02-03|2026-02-04|2026-02-05|2026-02-06|2026-02-09|2026-02-10|2026-02-11,2026-02-11 22:36:54,0.0
Peloton Interactive,,2025-12-30|2025-12-31|2026-01-02|2026-01-05|2026-01-06|2026-01-07|2026-01-08|2026-01-09|2026-01-12|2026-01-13|2026-01-14|2026-01-15|2026-01-16|2026-01-20|2026-01-21|2026-01-22|2026-01-23|2026-01-26|2026-01-27|2026-01-28|2026-01-29|2026-01-30|2026-02-02|2026-02-03|2026-02-04|2026-02-05|2026-02-06|2026-02-09|2026-02-10|2026-02-11,2026-02-11 22:36:54,0.0
Roblox,,2025-12-30|2025-12-31|2026-01-02|2026-01-05|2026-01-06|2026-01-07|2026-01-08|2026-01-09|2026-01-12|2026-01-13|2026-01-14|2026-01-15|2026-01-16|2026-01-20|2026-01-21|2026-01-22|2026-01-23|2026-01-26|2026-01-27|2026-01-28|2026-01-29|2026-01-30|2026-02-02|2026-02-03|2026-02-04|2026-02-05|2026-02-06|2026-02-09|2026-02-10|2026-02-11,2026-02-11 22:36:54,0.0
Installed Building Products,,2025-12-30|2025-12-31|2026-01-02|2026-01-05|2026-01-06|2026-01-07|2026-01-08|2026-01-09|2026-01-12|2026-01-13|2026-01-14|2026-01-15|2026-01-16|2026-01-20|2026-01-21|2026-01-22|2026-01-23|2026-01-26|2026-01-27|2026-01-28|2026-01-29|2026-01-30|2026-02-02|2026-02-03|2026-02-04|2026-02-05|2026-02-06|2026-02-09|2026-02-10|2026-02-11,2026-02-11 22:36:54,0.0
First National of Nebraska,,2025-12-29|2025-12-30|2025-12-31|2026-01-02|2026-01-05|2026-01-06|2026-01-07|2026-01-08|2026-01-09|2026-01-12|2026-01-13|2026-01-14|2026-01-15|2026-01-16|2026-01-20|2026-01-21|2026-01-22|2026-01-23|2026-01-26|2026-01-27|2026-01-28|2026-01-29|2026-01-30|2026-02-02|2026-02-03|2026-02-04|2026-02-05|2026-02-06|2026-02-09|2026-02-10,2026-02-11 22:36:54,0.0
Guess Inc,,2025-12-09|2025-12-10|2025-12-11|2025-12-12|2025-12-15|2025-12-16|2025-12-17|2025-12-18|2025-12-19|2025-12-22|2025-12-23|2025-12-24|2025-12-26|2025-12-29|2025-12-30|2025-12-31|2026-01-02|2026-01-05|2026-01-06|2026-01-07|2026-01-08|2026-01-09|2026-01-12|2026-01-13|2026-01-14|2026-01-15|2026-01-16|2026-01-20|2026-01-21|2026-01-22,2026-02-11 22:36:54,0.0
ESAB,,2025-12-29|2025-12-30|2025-12-31|2026-01-02|2026-01-05|2026-01-06|2026-01-07|2026-01-08|2026-01-09|2026-01-12|2026-01-13|2026-01-14|2026-01-15|2026-01-16|2026-01-20|2026-01-21|2026-01-22|2026-01-23|2026-01-26|2026-01-27|2026-01-28|2026-01-29|2026-01-30|2026-02-02|2026-02-03|2026-02-04|2026-02-05|2026-02-06|2026-02-09|2026-02-10,2026-02-11 22:36:54,0.0
AvalonBay Communities,,2025-12-30|2025-12-31|2026-01-02|2026-01-05|2026-01-06|2026-01-07|2026-01-08|2026-01-09|2026-01-12|2026-01-13|2026-01-14|2026-01-15|2026-01-16|2026-01-20|2026-01-21|2026-01-22|2026-01-23|2026-01-26|2026-01-27|2026-01-28|2026-01-29|2026-01-30|2026-02-02|2026-02-03|2026-02-04|2026-02-05|2026-02-06|2026-02-09|2026-02-10|2026-02-11,2026-02-11 22:36:54,0.0
DocuSign,,2025-12-30|2025-12-31|2026-01-02|2026-01-05|2026-01-06|2026-01-07|2026-01-08|2026-01-09|2026-01-12|2026-01-13|2026-01-14|2026-01-15|2026-01-16|2026-01-20|2026-01-21|2026-01-22|2026-01-23|2026-01-26|2026-01-27|2026-01-28|2026-01-29|2026-01-30|2026-02-02|2026-02-03|2026-02-04|2026-02-05|2026-02-06|2026-02-09|2026-02-10|2026-02-11,2026-02-11 22:36:54,0.0
Titan Machinery,,2025-12-30|2025-12-31|2026-01-02|2026-01-05|2026-01-06|2026-01-07|2026-01-08|2026-01-09|2026-01-12|2026-01-13|2026-01-14|2026-01-15|2026-01-16|2026-01-20|2026-01-21|2026-01-22|2026-01-23|2026-01-26|2026-01-27|2026-01-28|2026-01-29|2026-01-30|2026-02-02|2026-02-03|2026-02-04|2026-02-05|2026-02-06|2026-02-09|2026-02-10|2026-02-11,2026-02-11 22:36:54,0.0
Hovnanian Enterprises,,2025-12-30|2025-12-31|2026-01-02|2026-01-05|2026-01-06|2026-01-07|2026-01-08|2026-01-09|2026-01-12|2026-01-13|2026-01-14|2026-01-15|2026-01-16|2026-01-20|2026-01-21|2026-01-22|2026-01-23|2026-01-26|2026-01-27|2026-01-28|2026-01-29|2026-01-30|2026-02-02|2026-02-03|2026-02-04|2026-02-05|2026-02-06|2026-02-09|2026-02-10|2026-02-11,2026-02-11 22:36:54,0.0
Etsy,,2025-12-30|2025-12-31|2026-01-02|2026-01-05|2026-01-06|2026-01-07|2026-01-08|2026-01-09|2026-01-12|2026-01-13|2026-01-14|2026-01-15|2026-01-16|2026-01-20|2026-01-21|2026-01-22|2026-01-23|2026-01-26|2026-01-27|2026-01-28|2026-01-29|2026-01-30|2026-02-02|2026-02-03|2026-02-04|2026-02-05|2026-02-06|2026-02-09|2026-02-10|2026-02-11,2026-02-11 22:36:54,0.0
Surgery Partners,,2025-12-30|2025-12-31|2026-01-02|2026-01-05|2026-01-06|2026-01-07|2026-01-08|2026-01-09|2026-01-12|2026-01-13|2026-01-14|2026-01-15|2026-01-16|2026-01-20|2026-01-21|2026-01-22|2026-01-23|2026-01-26|2026-01-27|2026-01-28|2026-01-29|2026-01-30|2026-02-02|2026-02-03|2026-02-04|2026-02-05|2026-02-06|2026-02-09|2026-02-10|2026-02-11,2026-02-11 22:36:54,0.0
Columbia Banking System,,2025-12-30|2025-12-31|2026-01-02|2026-01-05|2026-01-06|2026-01-07|2026-01-08|2026-01-09|2026-01-12|2026-01-13|2026-01-14|2026-01-15|2026-01-16|2026-01-20|2026-01-21|2026-01-22|2026-01-23|2026-01-26|2026-01-27|2026-01-28|2026-01-29|2026-01-30|2026-02-02|2026-02-03|2026-02-04|2026-02-05|2026-02-06|2026-02-09|2026-02-10|2026-02-11,2026-02-11 22:36:54,0.0
Verisk Analytics,,2025-12-30|2025-12-31|2026-01-02|2026-01-05|2026-01-06|2026-01-07|2026-01-08|2026-01-09|2026-01-12|2026-01-13|2026-01-14|2026-01-15|2026-01-16|2026-01-20|2026-01-21|2026-01-22|2026-01-23|2026-01-26|2026-01-27|2026-01-28|2026-01-29|2026-01-30|2026-02-02|2026-02-03|2026-02-04|2026-02-05|2026-02-06|2026-02-09|2026-02-10|2026-02-11,2026-02-11 22:36:54,0.0
MasterBrand,,2025-12-30|2025-12-31|2026-01-02|2026-01-05|2026-01-06|2026-01-07|2026-01-08|2026-01-09|2026-01-12|2026-01-13|2026-01-14|2026-01-15|2026-01-16|2026-01-20|2026-01-21|2026-01-22|2026-01-23|2026-01-26|2026-01-27|2026-01-28|2026-01-29|2026-01-30|2026-02-02|2026-02-03|2026-02-04|2026-02-05|2026-02-06|2026-02-09|2026-02-10|2026-02-11,2026-02-11 22:36:54,0.0
AMC Networks,,2025-12-30|2025-12-31|2026-01-02|2026-01-05|2026-01-06|2026-01-07|2026-01-08|2026-01-09|2026-01-12|2026-01-13|2026-01-14|2026-01-15|2026-01-16|2026-01-20|2026-01-21|2026-01-22|2026-01-23|2026-01-26|2026-01-27|2026-01-28|2026-01-29|2026-01-30|2026-02-02|2026-02-03|2026-02-04|2026-02-05|2026-02-06|2026-02-09|2026-02-10|2026-02-11,2026-02-11 22:36:54,0.0
SBA Communications,,2025-12-30|2025-12-31|2026-01-02|2026-01-05|2026-01-06|2026-01-07|2026-01-08|2026-01-09|2026-01-12|2026-01-13|2026-01-14|2026-01-15|2026-01-16|2026-01-20|2026-01-21|2026-01-22|2026-01-23|2026-01-26|2026-01-27|2026-01-28|2026-01-29|2026-01-30|2026-02-02|2026-02-03|2026-02-04|2026-02-05|2026-02-06|2026-02-09|2026-02-10|2026-02-11,2026-02-11 22:36:54,0.0
Americold Realty Trust,,2025-12-30|2025-12-31|2026-01-02|2026-01-05|2026-01-06|2026-01-07|2026-01-08|2026-01-09|2026-01-12|2026-01-13|2026-01-14|2026-01-15|2026-01-16|2026-01-20|2026-01-21|2026-01-22|2026-01-23|2026-01-26|2026-01-27|2026-01-28|2026-01-29|2026-01-30|2026-02-02|2026-02-03|2026-02-04|2026-02-05|2026-02-06|2026-02-09|2026-02-10|2026-02-11,2026-02-11 22:36:54,0.0
NewMarket Corporation,,2025-12-30|2025-12-31|2026-01-02|2026-01-05|2026-01-06|2026-01-07|2026-01-08|2026-01-09|2026-01-12|2026-01-13|2026-01-14|2026-01-15|2026-01-16|2026-01-20|2026-01-21|2026-01-22|2026-01-23|2026-01-26|2026-01-27|2026-01-28|2026-01-29|2026-01-30|2026-02-02|2026-02-03|2026-02-04|2026-02-05|2026-02-06|2026-02-09|2026-02-10|2026-02-11,2026-02-11 22:36:54,0.0
Park Hotels & Resorts,,2025-12-30|2025-12-31|2026-01-02|2026-01-05|2026-01-06|2026-01-07|2026-01-08|2026-01-09|2026-01-12|2026-01-13|2026-01-14|2026-01-15|2026-01-16|2026-01-20|2026-01-21|2026-01-22|2026-01-23|2026-01-26|2026-01-27|2026-01-28|2026-01-29|2026-01-30|2026-02-02|2026-02-03|2026-02-04|2026-02-05|2026-02-06|2026-02-09|2026-02-10|2026-02-11,2026-02-11 22:36:54,0.0
Alexandria Real Estate Equities,,2025-12-30|2025-12-31|2026-01-02|2026-01-05|2026-01-06|2026-01-07|2026-01-08|2026-01-09|2026-01-12|2026-01-13|2026-01-14|2026-01-15|2026-01-16|2026-01-20|2026-01-21|2026-01-22|2026-01-23|2026-01-26|2026-01-27|2026-01-28|2026-01-29|2026-01-30|2026-02-02|2026-02-03|2026-02-04|2026-02-05|2026-02-06|2026-02-09|2026-02-10|2026-02-11,2026-02-11 22:36:54,0.0
Griffon Corporation,,2025-12-30|2025-12-31|2026-01-02|2026-01-05|2026-01-06|2026-01-07|2026-01-08|2026-01-09|2026-01-12|2026-01-13|2026-01-14|2026-01-15|2026-01-16|2026-01-20|2026-01-21|2026-01-22|2026-01-23|2026-01-26|2026-01-27|2026-01-28|2026-01-29|2026-01-30|2026-02-02|2026-02-03|2026-02-04|2026-02-05|2026-02-06|2026-02-09|2026-02-10|2026-02-11,2026-02-11 22:36:54,0.0
Air Lease,,2025-12-30|2025-12-31|2026-01-02|2026-01-05|2026-01-06|2026-01-07|2026-01-08|2026-01-09|2026-01-12|2026-01-13|2026-01-14|2026-01-15|2026-01-16|2026-01-20|2026-01-21|2026-01-22|2026-01-23|2026-01-26|2026-01-27|2026-01-28|2026-01-29|2026-01-30|2026-02-02|2026-02-03|2026-02-04|2026-02-05|2026-02-06|2026-02-09|2026-02-10|2026-02-11,2026-02-11 22:36:54,0.0
UL Solutions,,2025-12-30|2025-12-31|2026-01-02|2026-01-05|2026-01-06|2026-01-07|2026-01-08|2026-01-09|2026-01-12|2026-01-13|2026-01-14|2026-01-15|2026-01-16|2026-01-20|2026-01-21|2026-01-22|2026-01-23|2026-01-26|2026-01-27|2026-01-28|2026-01-29|2026-01-30|2026-02-02|2026-02-03|2026-02-04|2026-02-05|2026-02-06|2026-02-09|2026-02-10|2026-02-11,2026-02-11 22:36:54,0.0
Teradyne,,2025-12-30|2025-12-31|2026-01-02|2026-01-05|2026-01-06|2026-01-07|2026-01-08|2026-01-09|2026-01-12|2026-01-13|2026-01-14|2026-01-15|2026-01-16|2026-01-20|2026-01-21|2026-01-22|2026-01-23|2026-01-26|2026-01-27|2026-01-28|2026-01-29|2026-01-30|2026-02-02|2026-02-03|2026-02-04|2026-02-05|2026-02-06|2026-02-09|2026-02-10|2026-02-11,2026-02-11 22:36:54,0.0
OGE Energy,,2025-12-30|2025-12-31|2026-01-02|2026-01-05|2026-01-06|2026-01-07|2026-01-08|2026-01-09|2026-01-12|2026-01-13|2026-01-14|2026-01-15|2026-01-16|2026-01-20|2026-01-21|2026-01-22|2026-01-23|2026-01-26|2026-01-27|2026-01-28|2026-01-29|2026-01-30|2026-02-02|2026-02-03|2026-02-04|2026-02-05|2026-02-06|2026-02-09|2026-02-10|2026-02-11,2026-02-11 22:36:54,0.0
Bio-Rad Laboratories,,2025-12-30|2025-12-31|2026-01-02|2026-01-05|2026-01-06|2026-01-07|2026-01-08|2026-01-09|2026-01-12|2026-01-13|2026-01-14|2026-01-15|2026-01-16|2026-01-20|2026-01-21|2026-01-22|2026-01-23|2026-01-26|2026-01-27|2026-01-28|2026-01-29|2026-01-30|2026-02-02|2026-02-03|2026-02-04|2026-02-05|2026-02-06|2026-02-09|2026-02-10|2026-02-11,2026-02-11 22:36:54,0.0
Spire Inc,,2025-12-29|2025-12-30|2025-12-31|2026-01-02|2026-01-05|2026-01-06|2026-01-07|2026-01-08|2026-01-09|2026-01-12|2026-01-13|2026-01-14|2026-01-15|2026-01-16|2026-01-20|2026-01-21|2026-01-22|2026-01-23|2026-01-26|2026-01-27|2026-01-28|2026-01-29|2026-01-30|2026-02-02|2026-02-03|2026-02-04|2026-02-05|2026-02-06|2026-02-09|2026-02-10,2026-02-11 22:36:54,0.0
Cullen Frost Bankers,,2025-12-30|2025-12-31|2026-01-02|2026-01-05|2026-01-06|2026-01-07|2026-01-08|2026-01-09|2026-01-12|2026-01-13|2026-01-14|2026-01-15|2026-01-16|2026-01-20|2026-01-21|2026-01-22|2026-01-23|2026-01-26|2026-01-27|2026-01-28|2026-01-29|2026-01-30|2026-02-02|2026-02-03|2026-02-04|2026-02-05|2026-02-06|2026-02-09|2026-02-10|2026-02-11,2026-02-11 22:36:54,0.0
Extra Space Storage,,2025-12-30|2025-12-31|2026-01-02|2026-01-05|2026-01-06|2026-01-07|2026-01-08|2026-01-09|2026-01-12|2026-01-13|2026-01-14|2026-01-15|2026-01-16|2026-01-20|2026-01-21|2026-01-22|2026-01-23|2026-01-26|2026-01-27|2026-01-28|2026-01-29|2026-01-30|2026-02-02|2026-02-03|2026-02-04|2026-02-05|2026-02-06|2026-02-09|2026-02-10|2026-02-11,2026-02-11 22:36:54,0.0
REV Group,,2025-12-17|2025-12-18|2025-12-19|2025-12-22|2025-12-23|2025-12-24|2025-12-26|2025-12-29|2025-12-30|2025-12-31|2026-01-02|2026-01-05|2026-01-06|2026-01-07|2026-01-08|2026-01-09|2026-01-12|2026-01-13|2026-01-14|2026-01-15|2026-01-16|2026-01-20|2026-01-21|2026-01-22|2026-01-23|2026-01-26|2026-01-27|2026-01-28|2026-01-29|2026-01-30,2026-02-11 22:36:54,0.0
ProFrac Holding,,2025-12-30|2025-12-31|2026-01-02|2026-01-05|2026-01-06|2026-01-07|2026-01-08|2026-01-09|2026-01-12|2026-01-13|2026-01-14|2026-01-15|2026-01-16|2026-01-20|2026-01-21|2026-01-22|2026-01-23|2026-01-26|2026-01-27|2026-01-28|2026-01-29|2026-01-30|2026-02-02|2026-02-03|2026-02-04|2026-02-05|2026-02-06|2026-02-09|2026-02-10|2026-02-11,2026-02-11 22:36:54,0.0
Nordson,,2025-12-30|2025-12-31|2026-01-02|2026-01-05|2026-01-06|2026-01-07|2026-01-08|2026-01-09|2026-01-12|2026-01-13|2026-01-14|2026-01-15|2026-01-16|2026-01-20|2026-01-21|2026-01-22|2026-01-23|2026-01-26|2026-01-27|2026-01-28|2026-01-29|2026-01-30|2026-02-02|2026-02-03|2026-02-04|2026-02-05|2026-02-06|2026-02-09|2026-02-10|2026-02-11,2026-02-11 22:36:54,0.0
Valvoline Inc,,2025-12-30|2025-12-31|2026-01-02|2026-01-05|2026-01-06|2026-01-07|2026-01-08|2026-01-09|2026-01-12|2026-01-13|2026-01-14|2026-01-15|2026-01-16|2026-01-20|2026-01-21|2026-01-22|2026-01-23|2026-01-26|2026-01-27|2026-01-28|2026-01-29|2026-01-30|2026-02-02|2026-02-03|2026-02-04|2026-02-05|2026-02-06|2026-02-09|2026-02-10|2026-02-11,2026-02-11 22:36:54,0.0
Kontoor Brands,,2025-12-30|2025-12-31|2026-01-02|2026-01-05|2026-01-06|2026-01-07|2026-01-08|2026-01-09|2026-01-12|2026-01-13|2026-01-14|2026-01-15|2026-01-16|2026-01-20|2026-01-21|2026-01-22|2026-01-23|2026-01-26|2026-01-27|2026-01-28|2026-01-29|2026-01-30|2026-02-02|2026-02-03|2026-02-04|2026-02-05|2026-02-06|2026-02-09|2026-02-10|2026-02-11,2026-02-11 22:36:54,0.0
Skyline Champion,,2025-12-30|2025-12-31|2026-01-02|2026-01-05|2026-01-06|2026-01-07|2026-01-08|2026-01-09|2026-01-12|2026-01-13|2026-01-14|2026-01-15|2026-01-16|2026-01-20|2026-01-21|2026-01-22|2026-01-23|2026-01-26|2026-01-27|2026-01-28|2026-01-29|2026-01-30|2026-02-02|2026-02-03|2026-02-04|2026-02-05|2026-02-06|2026-02-09|2026-02-10|2026-02-11,2026-02-11 22:36:54,0.0
Teladoc Health,,2025-12-30|2025-12-31|2026-01-02|2026-01-05|2026-01-06|2026-01-07|2026-01-08|2026-01-09|2026-01-12|2026-01-13|2026-01-14|2026-01-15|2026-01-16|2026-01-20|2026-01-21|2026-01-22|2026-01-23|2026-01-26|2026-01-27|2026-01-28|2026-01-29|2026-01-30|2026-02-02|2026-02-03|2026-02-04|2026-02-05|2026-02-06|2026-02-09|2026-02-10|2026-02-11,2026-02-11 22:36:54,0.0
Louisiana-Pacific Corporation,,2025-12-30|2025-12-31|2026-01-02|2026-01-05|2026-01-06|2026-01-07|2026-01-08|2026-01-09|2026-01-12|2026-01-13|2026-01-14|2026-01-15|2026-01-16|2026-01-20|2026-01-21|2026-01-22|2026-01-23|2026-01-26|2026-01-27|2026-01-28|2026-01-29|2026-01-30|2026-02-02|2026-02-03|2026-02-04|2026-02-05|2026-02-06|2026-02-09|2026-02-10|2026-02-11,2026-02-11 22:36:54,0.0
Universal Corporation,,2025-12-30|2025-12-31|2026-01-02|2026-01-05|2026-01-06|2026-01-07|2026-01-08|2026-01-09|2026-01-12|2026-01-13|2026-01-14|2026-01-15|2026-01-16|2026-01-20|2026-01-21|2026-01-22|2026-01-23|2026-01-26|2026-01-27|2026-01-28|2026-01-29|2026-01-30|2026-02-02|2026-02-03|2026-02-04|2026-02-05|2026-02-06|2026-02-09|2026-02-10|2026-02-11,2026-02-11 22:36:54,0.0
Playtika Holding,,2025-12-30|2025-12-31|2026-01-02|2026-01-05|2026-01-06|2026-01-07|2026-01-08|2026-01-09|2026-01-12|2026-01-13|2026-01-14|2026-01-15|2026-01-16|2026-01-20|2026-01-21|2026-01-22|2026-01-23|2026-01-26|2026-01-27|2026-01-28|2026-01-29|2026-01-30|2026-02-02|2026-02-03|2026-02-04|2026-02-05|2026-02-06|2026-02-09|2026-02-10|2026-02-11,2026-02-11 22:36:54,0.0
Alliance Resource Partners,,2025-12-30|2025-12-31|2026-01-02|2026-01-05|2026-01-06|2026-01-07|2026-01-08|2026-01-09|2026-01-12|2026-01-13|2026-01-14|2026-01-15|2026-01-16|2026-01-20|2026-01-21|2026-01-22|2026-01-23|2026-01-26|2026-01-27|2026-01-28|2026-01-29|2026-01-30|2026-02-02|2026-02-03|2026-02-04|2026-02-05|2026-02-06|2026-02-09|2026-02-10|2026-02-11,2026-02-11 22:36:54,0.0
Envista Holdings,,2025-12-30|2025-12-31|2026-01-02|2026-01-05|2026-01-06|2026-01-07|2026-01-08|2026-01-09|2026-01-12|2026-01-13|2026-01-14|2026-01-15|2026-01-16|2026-01-20|2026-01-21|2026-01-22|2026-01-23|2026-01-26|2026-01-27|2026-01-28|2026-01-29|2026-01-30|2026-02-02|2026-02-03|2026-02-04|2026-02-05|2026-02-06|2026-02-09|2026-02-10|2026-02-11,2026-02-11 22:36:54,0.0
Shift4 Payments,,2025-12-30|2025-12-31|2026-01-02|2026-01-05|2026-01-06|2026-01-07|2026-01-08|2026-01-09|2026-01-12|2026-01-13|2026-01-14|2026-01-15|2026-01-16|2026-01-20|2026-01-21|2026-01-22|2026-01-23|2026-01-26|2026-01-27|2026-01-28|2026-01-29|2026-01-30|2026-02-02|2026-02-03|2026-02-04|2026-02-05|2026-02-06|2026-02-09|2026-02-10|2026-02-11,2026-02-11 22:36:54,0.0
Talen Energy,,2025-12-29|2025-12-30|2025-12-31|2026-01-02|2026-01-05|2026-01-06|2026-01-07|2026-01-08|2026-01-09|2026-01-12|2026-01-13|2026-01-14|2026-01-15|2026-01-16|2026-01-20|2026-01-21|2026-01-22|2026-01-23|2026-01-26|2026-01-27|2026-01-28|2026-01-29|2026-01-30|2026-02-02|2026-02-03|2026-02-04|2026-02-05|2026-02-06|2026-02-09|2026-02-10,2026-02-11 22:36:54,0.0
Carpenter Technology,,2025-12-30|2025-12-31|2026-01-02|2026-01-05|2026-01-06|2026-01-07|2026-01-08|2026-01-09|2026-01-12|2026-01-13|2026-01-14|2026-01-15|2026-01-16|2026-01-20|2026-01-21|2026-01-22|2026-01-23|2026-01-26|2026-01-27|2026-01-28|2026-01-29|2026-01-30|2026-02-02|2026-02-03|2026-02-04|2026-02-05|2026-02-06|2026-02-09|2026-02-10|2026-02-11,2026-02-11 22:36:54,0.0
WEX,,2025-12-30|2025-12-31|2026-01-02|2026-01-05|2026-01-06|2026-01-07|2026-01-08|2026-01-09|2026-01-12|2026-01-13|2026-01-14|2026-01-15|2026-01-16|2026-01-20|2026-01-21|2026-01-22|2026-01-23|2026-01-26|2026-01-27|2026-01-28|2026-01-29|2026-01-30|2026-02-02|2026-02-03|2026-02-04|2026-02-05|2026-02-06|2026-02-09|2026-02-10|2026-02-11,2026-02-11 22:36:54,0.0
Old National Bancorp,,2025-12-30|2025-12-31|2026-01-02|2026-01-05|2026-01-06|2026-01-07|2026-01-08|2026-01-09|2026-01-12|2026-01-13|2026-01-14|2026-01-15|2026-01-16|2026-01-20|2026-01-21|2026-01-22|2026-01-23|2026-01-26|2026-01-27|2026-01-28|2026-01-29|2026-01-30|2026-02-02|2026-02-03|2026-02-04|2026-02-05|2026-02-06|2026-02-09|2026-02-10|2026-02-11,2026-02-11 22:36:54,0.0
AGNC Investment,,2025-12-30|2025-12-31|2026-01-02|2026-01-05|2026-01-06|2026-01-07|2026-01-08|2026-01-09|2026-01-12|2026-01-13|2026-01-14|2026-01-15|2026-01-16|2026-01-20|2026-01-21|2026-01-22|2026-01-23|2026-01-26|2026-01-27|2026-01-28|2026-01-29|2026-01-30|2026-02-02|2026-02-03|2026-02-04|2026-02-05|2026-02-06|2026-02-09|2026-02-10|2026-02-11,2026-02-11 22:36:54,0.0
Wabash National,,2025-12-30|2025-12-31|2026-01-02|2026-01-05|2026-01-06|2026-01-07|2026-01-08|2026-01-09|2026-01-12|2026-01-13|2026-01-14|2026-01-15|2026-01-16|2026-01-20|2026-01-21|2026-01-22|2026-01-23|2026-01-26|2026-01-27|2026-01-28|2026-01-29|2026-01-30|2026-02-02|2026-02-03|2026-02-04|2026-02-05|2026-02-06|2026-02-09|2026-02-10|2026-02-11,2026-02-11 22:36:54,0.0
MSCI,,2025-12-30|2025-12-31|2026-01-02|2026-01-05|2026-01-06|2026-01-07|2026-01-08|2026-01-09|2026-01-12|2026-01-13|2026-01-14|2026-01-15|2026-01-16|2026-01-20|2026-01-21|2026-01-22|2026-01-23|2026-01-26|2026-01-27|2026-01-28|2026-01-29|2026-01-30|2026-02-02|2026-02-03|2026-02-04|2026-02-05|2026-02-06|2026-02-09|2026-02-10|2026-02-11,2026-02-11 22:36:54,0.0
Stagwell,,2025-12-30|2025-12-31|2026-01-02|2026-01-05|2026-01-06|2026-01-07|2026-01-08|2026-01-09|2026-01-12|2026-01-13|2026-01-14|2026-01-15|2026-01-16|2026-01-20|2026-01-21|2026-01-22|2026-01-23|2026-01-26|2026-01-27|2026-01-28|2026-01-29|2026-01-30|2026-02-02|2026-02-03|2026-02-04|2026-02-05|2026-02-06|2026-02-09|2026-02-10|2026-02-11,2026-02-11 22:36:54,0.0
Mativ,,2025-12-30|2025-12-31|2026-01-02|2026-01-05|2026-01-06|2026-01-07|2026-01-08|2026-01-09|2026-01-12|2026-01-13|2026-01-14|2026-01-15|2026-01-16|2026-01-20|2026-01-21|2026-01-22|2026-01-23|2026-01-26|2026-01-27|2026-01-28|2026-01-29|2026-01-30|2026-02-02|2026-02-03|2026-02-04|2026-02-05|2026-02-06|2026-02-09|2026-02-10|2026-02-11,2026-02-11 22:36:54,0.0
Belden,,2025-12-30|2025-12-31|2026-01-02|2026-01-05|2026-01-06|2026-01-07|2026-01-08|2026-01-09|2026-01-12|2026-01-13|2026-01-14|2026-01-15|2026-01-16|2026-01-20|2026-01-21|2026-01-22|2026-01-23|2026-01-26|2026-01-27|2026-01-28|2026-01-29|2026-01-30|2026-02-02|2026-02-03|2026-02-04|2026-02-05|2026-02-06|2026-02-09|2026-02-10|2026-02-11,2026-02-11 22:36:54,0.0
Allegiant Travel Company,,2025-12-30|2025-12-31|2026-01-02|2026-01-05|2026-01-06|2026-01-07|2026-01-08|2026-01-09|2026-01-12|2026-01-13|2026-01-14|2026-01-15|2026-01-16|2026-01-20|2026-01-21|2026-01-22|2026-01-23|2026-01-26|2026-01-27|2026-01-28|2026-01-29|2026-01-30|2026-02-02|2026-02-03|2026-02-04|2026-02-05|2026-02-06|2026-02-09|2026-02-10|2026-02-11,2026-02-11 22:36:54,0.0
Dropbox,,2025-12-30|2025-12-31|2026-01-02|2026-01-05|2026-01-06|2026-01-07|2026-01-08|2026-01-09|2026-01-12|2026-01-13|2026-01-14|2026-01-15|2026-01-16|2026-01-20|2026-01-21|2026-01-22|2026-01-23|2026-01-26|2026-01-27|2026-01-28|2026-01-29|2026-01-30|2026-02-02|2026-02-03|2026-02-04|2026-02-05|2026-02-06|2026-02-09|2026-02-10|2026-02-11,2026-02-11 22:36:54,0.0
