company,trends_history,date_history,last_updated,avg_interest
Walmart,77|78|80|75|76|80|70|71|78|78|73|68|75|72|77|58|77|74|77|77|74|70|78|75|79|78|75|76|79|80,2026-08-28|2026-08-31|2026-09-01|2026-09-02|2026-09-03|2026-09-04|2026-09-08|2026-09-09|2026-09-10|2026-09-11|2026-09-14|2026-09-15|2026-09-16|2026-09-17|2026-09-18|2026-09-21|2026-09-22|2026-09-23|2026-09-24|2026-09-25|2026-09-28|2026-09-29|2026-09-30|2026-10-01|2026-10-02|2026-10-05|2026-10-06|2026-10-07|2026-10-08|2026-10-09,2026-10-10 01:34:17,75.2
Amazon,71|72|75|78|72|72|76|76|74|69|70|69|71|67|73|69|70|72|72|70|70|74|75|78|80|80|100|99|87|81,2026-08-28|2026-08-31|2026-09-01|2026-09-02|2026-09-03|2026-09-04|2026-09-08|2026-09-09|2026-09-10|2026-09-11|2026-09-14|2026-09-15|2026-09-16|2026-09-17|2026-09-18|2026-09-21|2026-09-22|2026-09-23|2026-09-24|2026-09-25|2026-09-28|2026-09-29|2026-09-30|2026-10-01|2026-10-02|2026-10-05|2026-10-06|2026-10-07|2026-10-08|2026-10-09,2026-10-10 01:34:20,75.4
UnitedHealth,40|39|46|50|44|31|33|41|39|32|49|40|49|49|24|67|52|39|38|41|33|36|39|46|84|47|54|54|48|34,2026-08-28|2026-08-31|2026-09-01|2026-09-02|2026-09-03|2026-09-04|2026-09-08|2026-09-09|2026-09-10|2026-09-11|2026-09-14|2026-09-15|2026-09-16|2026-09-17|2026-09-18|2026-09-21|2026-09-22|2026-09-23|2026-09-24|2026-09-25|2026-09-28|2026-09-29|2026-09-30|2026-10-01|2026-10-02|2026-10-05|2026-10-06|2026-10-07|2026-10-08|2026-10-09,2026-10-10 01:34:24,43.9
Apple,49|48|49|51|51|49|52|100|76|59|58|55|56|55|59|55|60|56|56|53|52|49|52|49|51|50|50|47|47|51,2026-08-28|2026-08-31|2026-09-01|2026-09-02|2026-09-03|2026-09-04|2026-09-08|2026-09-09|2026-09-10|2026-09-11|2026-09-14|2026-09-15|2026-09-16|2026-09-17|2026-09-18|2026-09-21|2026-09-22|2026-09-23|2026-09-24|2026-09-25|2026-09-28|2026-09-29|2026-09-30|2026-10-01|2026-10-02|2026-10-05|2026-10-06|2026-10-07|2026-10-08|2026-10-09,2026-10-10 01:34:27,54.8
CVS Health,76|74|88|100|89|66|80|77|85|85|74|74|76|66|67|87|87|87|76|61|78|73|78|70|70|76|78|77|73|65,2026-08-28|2026-08-31|2026-09-01|2026-09-02|2026-09-03|2026-09-04|2026-09-08|2026-09-09|2026-09-10|2026-09-11|2026-09-14|2026-09-15|2026-09-16|2026-09-17|2026-09-18|2026-09-21|2026-09-22|2026-09-23|2026-09-24|2026-09-25|2026-09-28|2026-09-29|2026-09-30|2026-10-01|2026-10-02|2026-10-05|2026-10-06|2026-10-07|2026-10-08|2026-10-09,2026-10-10 01:34:30,77.1
Alphabet Inc,0|41|51|27|40|50|43|73|79|28|28|34|38|31|32|100|48|0|36|0|31|31|35|27|23|25|26|25|28|25,2026-08-28|2026-08-31|2026-09-01|2026-09-02|2026-09-03|2026-09-04|2026-09-08|2026-09-09|2026-09-10|2026-09-11|2026-09-14|2026-09-15|2026-09-16|2026-09-17|2026-09-18|2026-09-21|2026-09-22|2026-09-23|2026-09-24|2026-09-25|2026-09-28|2026-09-29|2026-09-30|2026-10-01|2026-10-02|2026-10-05|2026-10-06|2026-10-07|2026-10-08|2026-10-09,2026-10-10 01:34:34,35.2
Exxon Mobil,51|64|50|53|64|45|52|58|57|58|74|70|70|59|60|76|65|53|39|39|44|44|48|44|43|44|47|42|46|42,2026-08-28|2026-08-31|2026-09-01|2026-09-02|2026-09-03|2026-09-04|2026-09-08|2026-09-09|2026-09-10|2026-09-11|2026-09-14|2026-09-15|2026-09-16|2026-09-17|2026-09-18|2026-09-21|2026-09-22|2026-09-23|2026-09-24|2026-09-25|2026-09-28|2026-09-29|2026-09-30|2026-10-01|2026-10-02|2026-10-05|2026-10-06|2026-10-07|2026-10-08|2026-10-09,2026-10-10 01:34:37,53.4
McKesson,76|100|94|74|74|53|66|78|80|55|61|59|61|61|54|79|66|67|60|49|52|63|61|65|57|64|81|68|64|53,2026-08-28|2026-08-31|2026-09-01|2026-09-02|2026-09-03|2026-09-04|2026-09-08|2026-09-09|2026-09-10|2026-09-11|2026-09-14|2026-09-15|2026-09-16|2026-09-17|2026-09-18|2026-09-21|2026-09-22|2026-09-23|2026-09-24|2026-09-25|2026-09-28|2026-09-29|2026-09-30|2026-10-01|2026-10-02|2026-10-05|2026-10-06|2026-10-07|2026-10-08|2026-10-09,2026-10-10 01:34:40,66.5
Cencora,74|62|67|100|71|63|73|68|72|64|68|79|52|67|79|92|67|79|74|85|70|77|78|77|67|70|73|75|78|60,2026-08-28|2026-08-31|2026-09-01|2026-09-02|2026-09-03|2026-09-04|2026-09-08|2026-09-09|2026-09-10|2026-09-11|2026-09-14|2026-09-15|2026-09-16|2026-09-17|2026-09-18|2026-09-21|2026-09-22|2026-09-23|2026-09-24|2026-09-25|2026-09-28|2026-09-29|2026-09-30|2026-10-01|2026-10-02|2026-10-05|2026-10-06|2026-10-07|2026-10-08|2026-10-09,2026-10-10 01:34:43,72.7
JPMorgan Chase,87|69|87|79|72|71|79|70|85|66|64|100|81|87|55|67|80|80|97|71|69|77|72|76|71|72|79|73|69|68,2026-08-28|2026-08-31|2026-09-01|2026-09-02|2026-09-03|2026-09-04|2026-09-08|2026-09-09|2026-09-10|2026-09-11|2026-09-14|2026-09-15|2026-09-16|2026-09-17|2026-09-18|2026-09-21|2026-09-22|2026-09-23|2026-09-24|2026-09-25|2026-09-28|2026-09-29|2026-09-30|2026-10-01|2026-10-02|2026-10-05|2026-10-06|2026-10-07|2026-10-08|2026-10-09,2026-10-10 01:34:46,75.8
Costco,61|66|60|64|61|70|61|57|58|60|68|60|62|67|65|54|61|60|62|63|61|57|59|59|63|65|62|59|57|62,2026-08-28|2026-08-31|2026-09-01|2026-09-02|2026-09-03|2026-09-04|2026-09-08|2026-09-09|2026-09-10|2026-09-11|2026-09-14|2026-09-15|2026-09-16|2026-09-17|2026-09-18|2026-09-21|2026-09-22|2026-09-23|2026-09-24|2026-09-25|2026-09-28|2026-09-29|2026-09-30|2026-10-01|2026-10-02|2026-10-05|2026-10-06|2026-10-07|2026-10-08|2026-10-09,2026-10-10 01:34:49,61.5
Cigna,67|89|92|94|83|65|86|85|88|68|78|80|69|68|61|91|89|81|75|63|81|89|90|90|78|91|100|92|89|77,2026-08-28|2026-08-31|2026-09-01|2026-09-02|2026-09-03|2026-09-04|2026-09-08|2026-09-09|2026-09-10|2026-09-11|2026-09-14|2026-09-15|2026-09-16|2026-09-17|2026-09-18|2026-09-21|2026-09-22|2026-09-23|2026-09-24|2026-09-25|2026-09-28|2026-09-29|2026-09-30|2026-10-01|2026-10-02|2026-10-05|2026-10-06|2026-10-07|2026-10-08|2026-10-09,2026-10-10 01:34:53,81.6
Microsoft,67|100|85|81|74|63|75|77|79|64|69|69|70|70|59|76|78|68|68|59|67|70|67|69|60|68|72|69|79|66,2026-08-28|2026-08-31|2026-09-01|2026-09-02|2026-09-03|2026-09-04|2026-09-08|2026-09-09|2026-09-10|2026-09-11|2026-09-14|2026-09-15|2026-09-16|2026-09-17|2026-09-18|2026-09-21|2026-09-22|2026-09-23|2026-09-24|2026-09-25|2026-09-28|2026-09-29|2026-09-30|2026-10-01|2026-10-02|2026-10-05|2026-10-06|2026-10-07|2026-10-08|2026-10-09,2026-10-10 01:34:57,71.3
Cardinal Health,80|84|98|83|91|63|73|82|92|80|70|85|75|83|72|100|99|96|95|79|80|79|82|82|69|81|80|83|84|71,2026-08-28|2026-08-31|2026-09-01|2026-09-02|2026-09-03|2026-09-04|2026-09-08|2026-09-09|2026-09-10|2026-09-11|2026-09-14|2026-09-15|2026-09-16|2026-09-17|2026-09-18|2026-09-21|2026-09-22|2026-09-23|2026-09-24|2026-09-25|2026-09-28|2026-09-29|2026-09-30|2026-10-01|2026-10-02|2026-10-05|2026-10-06|2026-10-07|2026-10-08|2026-10-09,2026-10-10 01:35:00,82.4
Chevron,75|87|77|100|84|78|76|74|76|82|73|84|75|75|81|72|83|77|78|72|77|77|77|74|75|75|75|76|75|70,2026-08-28|2026-08-31|2026-09-01|2026-09-02|2026-09-03|2026-09-04|2026-09-08|2026-09-09|2026-09-10|2026-09-11|2026-09-14|2026-09-15|2026-09-16|2026-09-17|2026-09-18|2026-09-21|2026-09-22|2026-09-23|2026-09-24|2026-09-25|2026-09-28|2026-09-29|2026-09-30|2026-10-01|2026-10-02|2026-10-05|2026-10-06|2026-10-07|2026-10-08|2026-10-09,2026-10-10 01:35:03,77.7
Bank of America,65|64|100|88|70|63|60|55|56|57|56|53|51|46|53|54|49|47|47|49|53|52|58|68|71|66|63|60|60|64,2026-08-28|2026-08-31|2026-09-01|2026-09-02|2026-09-03|2026-09-04|2026-09-08|2026-09-09|2026-09-10|2026-09-11|2026-09-14|2026-09-15|2026-09-16|2026-09-17|2026-09-18|2026-09-21|2026-09-22|2026-09-23|2026-09-24|2026-09-25|2026-09-28|2026-09-29|2026-09-30|2026-10-01|2026-10-02|2026-10-05|2026-10-06|2026-10-07|2026-10-08|2026-10-09,2026-10-10 01:35:07,59.9
General Motors,65|95|100|77|55|55|62|64|64|55|60|62|66|68|55|67|76|48|64|52|58|57|64|81|55|61|59|53|54|72,2026-08-28|2026-08-31|2026-09-01|2026-09-02|2026-09-03|2026-09-04|2026-09-08|2026-09-09|2026-09-10|2026-09-11|2026-09-14|2026-09-15|2026-09-16|2026-09-17|2026-09-18|2026-09-21|2026-09-22|2026-09-23|2026-09-24|2026-09-25|2026-09-28|2026-09-29|2026-09-30|2026-10-01|2026-10-02|2026-10-05|2026-10-06|2026-10-07|2026-10-08|2026-10-09,2026-10-10 01:35:11,64.1
Ford Motor,88|100|87|91|86|85|86|78|85|87|96|89|93|93|82|99|90|94|88|83|84|81|89|88|85|85|87|82|81|77,2026-08-28|2026-08-31|2026-09-01|2026-09-02|2026-09-03|2026-09-04|2026-09-08|2026-09-09|2026-09-10|2026-09-11|2026-09-14|2026-09-15|2026-09-16|2026-09-17|2026-09-18|2026-09-21|2026-09-22|2026-09-23|2026-09-24|2026-09-25|2026-09-28|2026-09-29|2026-09-30|2026-10-01|2026-10-02|2026-10-05|2026-10-06|2026-10-07|2026-10-08|2026-10-09,2026-10-10 01:35:15,87.3
Elevance Health,59|75|89|86|73|61|64|90|83|65|82|58|93|71|64|79|73|100|67|65|73|83|75|70|63|74|73|75|70|60,2026-08-28|2026-08-31|2026-09-01|2026-09-02|2026-09-03|2026-09-04|2026-09-08|2026-09-09|2026-09-10|2026-09-11|2026-09-14|2026-09-15|2026-09-16|2026-09-17|2026-09-18|2026-09-21|2026-09-22|2026-09-23|2026-09-24|2026-09-25|2026-09-28|2026-09-29|2026-09-30|2026-10-01|2026-10-02|2026-10-05|2026-10-06|2026-10-07|2026-10-08|2026-10-09,2026-10-10 01:35:18,73.8
Citigroup,36|35|25|31|42|39|41|44|30|32|55|48|40|48|69|81|31|40|18|27|29|28|35|50|33|32|30|32|24|24,2026-08-28|2026-08-31|2026-09-01|2026-09-02|2026-09-03|2026-09-04|2026-09-08|2026-09-09|2026-09-10|2026-09-11|2026-09-14|2026-09-15|2026-09-16|2026-09-17|2026-09-18|2026-09-21|2026-09-22|2026-09-23|2026-09-24|2026-09-25|2026-09-28|2026-09-29|2026-09-30|2026-10-01|2026-10-02|2026-10-05|2026-10-06|2026-10-07|2026-10-08|2026-10-09,2026-10-10 01:35:21,37.6
Meta Platforms,33|24|33|47|50|38|37|41|38|44|42|30|42|48|32|100|49|66|65|46|37|33|32|25|28|33|27|29|26|25,2026-08-28|2026-08-31|2026-09-01|2026-09-02|2026-09-03|2026-09-04|2026-09-08|2026-09-09|2026-09-10|2026-09-11|2026-09-14|2026-09-15|2026-09-16|2026-09-17|2026-09-18|2026-09-21|2026-09-22|2026-09-23|2026-09-24|2026-09-25|2026-09-28|2026-09-29|2026-09-30|2026-10-01|2026-10-02|2026-10-05|2026-10-06|2026-10-07|2026-10-08|2026-10-09,2026-10-10 01:35:25,40.0
Centene,82|69|69|80|68|85|64|89|80|65|69|75|69|74|53|100|77|84|85|72|64|70|72|69|60|69|71|88|75|58,2026-08-28|2026-08-31|2026-09-01|2026-09-02|2026-09-03|2026-09-04|2026-09-08|2026-09-09|2026-09-10|2026-09-11|2026-09-14|2026-09-15|2026-09-16|2026-09-17|2026-09-18|2026-09-21|2026-09-22|2026-09-23|2026-09-24|2026-09-25|2026-09-28|2026-09-29|2026-09-30|2026-10-01|2026-10-02|2026-10-05|2026-10-06|2026-10-07|2026-10-08|2026-10-09,2026-10-10 01:35:28,73.5
The Home Depot Inc,0|0|0|0|0|0|0|0|0|0|0|0|0|0|0|0|0|0|0|0|88|100|55|48|47|42|92|74|71|66,2026-08-28|2026-08-31|2026-09-01|2026-09-02|2026-09-03|2026-09-04|2026-09-08|2026-09-09|2026-09-10|2026-09-11|2026-09-14|2026-09-15|2026-09-16|2026-09-17|2026-09-18|2026-09-21|2026-09-22|2026-09-23|2026-09-24|2026-09-25|2026-09-28|2026-09-29|2026-09-30|2026-10-01|2026-10-02|2026-10-05|2026-10-06|2026-10-07|2026-10-08|2026-10-09,2026-10-10 01:35:31,22.8
Fannie Mae,52|48|80|63|65|54|82|76|73|61|55|71|54|69|52|99|100|79|62|63|61|83|66|64|62|61|79|66|61|56,2026-08-28|2026-08-31|2026-09-01|2026-09-02|2026-09-03|2026-09-04|2026-09-08|2026-09-09|2026-09-10|2026-09-11|2026-09-14|2026-09-15|2026-09-16|2026-09-17|2026-09-18|2026-09-21|2026-09-22|2026-09-23|2026-09-24|2026-09-25|2026-09-28|2026-09-29|2026-09-30|2026-10-01|2026-10-02|2026-10-05|2026-10-06|2026-10-07|2026-10-08|2026-10-09,2026-10-10 01:35:35,67.2
Kroger,79|71|74|75|74|79|71|74|72|76|98|82|98|100|80|60|68|74|68|74|81|73|88|83|83|76|74|82|76|82,2026-08-28|2026-08-31|2026-09-01|2026-09-02|2026-09-03|2026-09-04|2026-09-08|2026-09-09|2026-09-10|2026-09-11|2026-09-14|2026-09-15|2026-09-16|2026-09-17|2026-09-18|2026-09-21|2026-09-22|2026-09-23|2026-09-24|2026-09-25|2026-09-28|2026-09-29|2026-09-30|2026-10-01|2026-10-02|2026-10-05|2026-10-06|2026-10-07|2026-10-08|2026-10-09,2026-10-10 01:35:40,78.2
Phillips 66,65|74|71|80|76|64|84|75|81|76|81|88|88|100|73|68|76|56|71|58|65|69|71|69|61|70|69|64|69|72,2026-08-28|2026-08-31|2026-09-01|2026-09-02|2026-09-03|2026-09-04|2026-09-08|2026-09-09|2026-09-10|2026-09-11|2026-09-14|2026-09-15|2026-09-16|2026-09-17|2026-09-18|2026-09-21|2026-09-22|2026-09-23|2026-09-24|2026-09-25|2026-09-28|2026-09-29|2026-09-30|2026-10-01|2026-10-02|2026-10-05|2026-10-06|2026-10-07|2026-10-08|2026-10-09,2026-10-10 01:35:44,72.8
Marathon Petroleum,41|37|56|43|31|33|36|60|66|35|42|52|56|44|48|0|72|55|50|35|39|36|38|42|39|38|42|45|50|44,2026-08-28|2026-08-31|2026-09-01|2026-09-02|2026-09-03|2026-09-04|2026-09-08|2026-09-09|2026-09-10|2026-09-11|2026-09-14|2026-09-15|2026-09-16|2026-09-17|2026-09-18|2026-09-21|2026-09-22|2026-09-23|2026-09-24|2026-09-25|2026-09-28|2026-09-29|2026-09-30|2026-10-01|2026-10-02|2026-10-05|2026-10-06|2026-10-07|2026-10-08|2026-10-09,2026-10-10 01:35:47,43.5
Verizon,70|76|74|74|84|78|68|86|100|91|82|78|75|73|88|84|89|80|77|75|77|77|78|78|78|79|77|74|73|82,2026-08-28|2026-08-31|2026-09-01|2026-09-02|2026-09-03|2026-09-04|2026-09-08|2026-09-09|2026-09-10|2026-09-11|2026-09-14|2026-09-15|2026-09-16|2026-09-17|2026-09-18|2026-09-21|2026-09-22|2026-09-23|2026-09-24|2026-09-25|2026-09-28|2026-09-29|2026-09-30|2026-10-01|2026-10-02|2026-10-05|2026-10-06|2026-10-07|2026-10-08|2026-10-09,2026-10-10 01:35:50,79.2
Nvidia,100|71|61|77|80|71|69|60|66|59|68|62|62|65|56|69|66|58|58|58|80|70|67|62|69|75|76|70|66|64,2026-08-28|2026-08-31|2026-09-01|2026-09-02|2026-09-03|2026-09-04|2026-09-08|2026-09-09|2026-09-10|2026-09-11|2026-09-14|2026-09-15|2026-09-16|2026-09-17|2026-09-18|2026-09-21|2026-09-22|2026-09-23|2026-09-24|2026-09-25|2026-09-28|2026-09-29|2026-09-30|2026-10-01|2026-10-02|2026-10-05|2026-10-06|2026-10-07|2026-10-08|2026-10-09,2026-10-10 01:35:54,67.8
Goldman Sachs,71|72|82|83|73|67|79|73|74|68|68|70|74|77|66|72|85|75|75|64|72|82|76|75|71|70|100|74|78|61,2026-08-28|2026-08-31|2026-09-01|2026-09-02|2026-09-03|2026-09-04|2026-09-08|2026-09-09|2026-09-10|2026-09-11|2026-09-14|2026-09-15|2026-09-16|2026-09-17|2026-09-18|2026-09-21|2026-09-22|2026-09-23|2026-09-24|2026-09-25|2026-09-28|2026-09-29|2026-09-30|2026-10-01|2026-10-02|2026-10-05|2026-10-06|2026-10-07|2026-10-08|2026-10-09,2026-10-10 01:35:58,74.2
Wells Fargo,90|91|100|92|87|91|84|84|87|85|75|75|75|71|76|67|71|69|71|74|80|85|95|98|98|92|85|90|89|98,2026-08-28|2026-08-31|2026-09-01|2026-09-02|2026-09-03|2026-09-04|2026-09-08|2026-09-09|2026-09-10|2026-09-11|2026-09-14|2026-09-15|2026-09-16|2026-09-17|2026-09-18|2026-09-21|2026-09-22|2026-09-23|2026-09-24|2026-09-25|2026-09-28|2026-09-29|2026-09-30|2026-10-01|2026-10-02|2026-10-05|2026-10-06|2026-10-07|2026-10-08|2026-10-09,2026-10-10 01:36:02,84.2
Valero Energy,73|0|100|0|0|0|0|73|83|0|82|0|0|0|0|0|0|79|0|0|28|21|22|22|17|32|26|32|37|43,2026-08-28|2026-08-31|2026-09-01|2026-09-02|2026-09-03|2026-09-04|2026-09-08|2026-09-09|2026-09-10|2026-09-11|2026-09-14|2026-09-15|2026-09-16|2026-09-17|2026-09-18|2026-09-21|2026-09-22|2026-09-23|2026-09-24|2026-09-25|2026-09-28|2026-09-29|2026-09-30|2026-10-01|2026-10-02|2026-10-05|2026-10-06|2026-10-07|2026-10-08|2026-10-09,2026-10-10 01:36:06,25.7
Comcast,100|90|90|81|74|61|55|74|74|78|88|73|41|42|41|58|57|45|46|40|43|48|54|44|46|55|52|47|49|46,2026-08-28|2026-08-31|2026-09-01|2026-09-02|2026-09-03|2026-09-04|2026-09-08|2026-09-09|2026-09-10|2026-09-11|2026-09-14|2026-09-15|2026-09-16|2026-09-17|2026-09-18|2026-09-21|2026-09-22|2026-09-23|2026-09-24|2026-09-25|2026-09-28|2026-09-29|2026-09-30|2026-10-01|2026-10-02|2026-10-05|2026-10-06|2026-10-07|2026-10-08|2026-10-09,2026-10-10 01:36:09,59.7
AT&T,83|75|79|75|62|70|68|80|100|84|88|83|70|66|82|86|87|75|73|72|76|81|78|74|83|79|75|72|79|86,2026-08-28|2026-08-31|2026-09-01|2026-09-02|2026-09-03|2026-09-04|2026-09-08|2026-09-09|2026-09-10|2026-09-11|2026-09-14|2026-09-15|2026-09-16|2026-09-17|2026-09-18|2026-09-21|2026-09-22|2026-09-23|2026-09-24|2026-09-25|2026-09-28|2026-09-29|2026-09-30|2026-10-01|2026-10-02|2026-10-05|2026-10-06|2026-10-07|2026-10-08|2026-10-09,2026-10-10 01:36:12,78.0
Freddie Mac,58|58|63|69|62|62|77|68|72|57|54|72|73|82|62|100|73|64|75|49|55|64|70|69|58|58|63|61|58|45,2026-08-28|2026-08-31|2026-09-01|2026-09-02|2026-09-03|2026-09-04|2026-09-08|2026-09-09|2026-09-10|2026-09-11|2026-09-14|2026-09-15|2026-09-16|2026-09-17|2026-09-18|2026-09-21|2026-09-22|2026-09-23|2026-09-24|2026-09-25|2026-09-28|2026-09-29|2026-09-30|2026-10-01|2026-10-02|2026-10-05|2026-10-06|2026-10-07|2026-10-08|2026-10-09,2026-10-10 01:36:16,65.0
Humana,52|83|73|63|61|49|61|63|56|52|56|54|52|53|52|69|70|65|64|53|61|65|73|100|87|87|88|82|82|80,2026-08-28|2026-08-31|2026-09-01|2026-09-02|2026-09-03|2026-09-04|2026-09-08|2026-09-09|2026-09-10|2026-09-11|2026-09-14|2026-09-15|2026-09-16|2026-09-17|2026-09-18|2026-09-21|2026-09-22|2026-09-23|2026-09-24|2026-09-25|2026-09-28|2026-09-29|2026-09-30|2026-10-01|2026-10-02|2026-10-05|2026-10-06|2026-10-07|2026-10-08|2026-10-09,2026-10-10 01:36:19,66.9
Morgan Stanley,72|70|81|77|74|67|74|79|79|77|75|78|80|71|65|100|86|97|85|67|76|86|89|91|81|96|94|83|84|76,2026-08-28|2026-08-31|2026-09-01|2026-09-02|2026-09-03|2026-09-04|2026-09-08|2026-09-09|2026-09-10|2026-09-11|2026-09-14|2026-09-15|2026-09-16|2026-09-17|2026-09-18|2026-09-21|2026-09-22|2026-09-23|2026-09-24|2026-09-25|2026-09-28|2026-09-29|2026-09-30|2026-10-01|2026-10-02|2026-10-05|2026-10-06|2026-10-07|2026-10-08|2026-10-09,2026-10-10 01:36:23,80.3
Target Corporation,64|88|68|65|75|66|83|71|58|79|67|84|74|40|86|0|100|61|83|87|66|74|64|60|59|71|71|62|65|56,2026-08-28|2026-08-31|2026-09-01|2026-09-02|2026-09-03|2026-09-04|2026-09-08|2026-09-09|2026-09-10|2026-09-11|2026-09-14|2026-09-15|2026-09-16|2026-09-17|2026-09-18|2026-09-21|2026-09-22|2026-09-23|2026-09-24|2026-09-25|2026-09-28|2026-09-29|2026-09-30|2026-10-01|2026-10-02|2026-10-05|2026-10-06|2026-10-07|2026-10-08|2026-10-09,2026-10-10 01:36:25,68.2
StoneX Group,0|0|0|0|0|0|0|0|0|0|0|0|0|0|0|0|0|100|0|0|9|9|8|6|9|6|6|10|8|10,2026-08-28|2026-08-31|2026-09-01|2026-09-02|2026-09-03|2026-09-04|2026-09-08|2026-09-09|2026-09-10|2026-09-11|2026-09-14|2026-09-15|2026-09-16|2026-09-17|2026-09-18|2026-09-21|2026-09-22|2026-09-23|2026-09-24|2026-09-25|2026-09-28|2026-09-29|2026-09-30|2026-10-01|2026-10-02|2026-10-05|2026-10-06|2026-10-07|2026-10-08|2026-10-09,2026-10-10 01:36:29,6.0
Tesla,94|86|78|84|91|100|90|84|82|81|94|93|90|84|86|72|86|87|87|88|93|86|85|87|94|86|81|80|81|84,2026-08-28|2026-08-31|2026-09-01|2026-09-02|2026-09-03|2026-09-04|2026-09-08|2026-09-09|2026-09-10|2026-09-11|2026-09-14|2026-09-15|2026-09-16|2026-09-17|2026-09-18|2026-09-21|2026-09-22|2026-09-23|2026-09-24|2026-09-25|2026-09-28|2026-09-29|2026-09-30|2026-10-01|2026-10-02|2026-10-05|2026-10-06|2026-10-07|2026-10-08|2026-10-09,2026-10-10 01:36:32,86.5
Dell Technologies,17|23|31|36|15|23|21|31|18|15|21|28|17|28|19|0|21|24|15|13|13|15|14|13|11|14|14|31|100|60,2026-08-28|2026-08-31|2026-09-01|2026-09-02|2026-09-03|2026-09-04|2026-09-08|2026-09-09|2026-09-10|2026-09-11|2026-09-14|2026-09-15|2026-09-16|2026-09-17|2026-09-18|2026-09-21|2026-09-22|2026-09-23|2026-09-24|2026-09-25|2026-09-28|2026-09-29|2026-09-30|2026-10-01|2026-10-02|2026-10-05|2026-10-06|2026-10-07|2026-10-08|2026-10-09,2026-10-10 01:36:35,23.4
PepsiCo,67|64|63|87|78|62|69|69|100|65|71|78|81|82|64|76|77|68|77|70|68|73|71|69|70|100|84|82|100|69,2026-08-28|2026-08-31|2026-09-01|2026-09-02|2026-09-03|2026-09-04|2026-09-08|2026-09-09|2026-09-10|2026-09-11|2026-09-14|2026-09-15|2026-09-16|2026-09-17|2026-09-18|2026-09-21|2026-09-22|2026-09-23|2026-09-24|2026-09-25|2026-09-28|2026-09-29|2026-09-30|2026-10-01|2026-10-02|2026-10-05|2026-10-06|2026-10-07|2026-10-08|2026-10-09,2026-10-10 01:36:39,75.1
The Walt Disney Company,47|100|93|84|83|46|16|9|9|9|0|4|5|0|6|0|7|5|4|4|4|4|5|4|4|6|4|4|4|3,2026-08-28|2026-08-31|2026-09-01|2026-09-02|2026-09-03|2026-09-04|2026-09-08|2026-09-09|2026-09-10|2026-09-11|2026-09-14|2026-09-15|2026-09-16|2026-09-17|2026-09-18|2026-09-21|2026-09-22|2026-09-23|2026-09-24|2026-09-25|2026-09-28|2026-09-29|2026-09-30|2026-10-01|2026-10-02|2026-10-05|2026-10-06|2026-10-07|2026-10-08|2026-10-09,2026-10-10 01:36:43,19.1
UPS,86|93|96|92|97|88|98|97|96|90|94|93|94|95|95|74|93|94|90|82|91|92|98|90|88|99|100|99|91|96,2026-08-28|2026-08-31|2026-09-01|2026-09-02|2026-09-03|2026-09-04|2026-09-08|2026-09-09|2026-09-10|2026-09-11|2026-09-14|2026-09-15|2026-09-16|2026-09-17|2026-09-18|2026-09-21|2026-09-22|2026-09-23|2026-09-24|2026-09-25|2026-09-28|2026-09-29|2026-09-30|2026-10-01|2026-10-02|2026-10-05|2026-10-06|2026-10-07|2026-10-08|2026-10-09,2026-10-10 01:36:47,92.7
Johnson & Johnson,64|68|66|88|98|68|83|70|72|62|79|65|78|60|67|100|81|75|67|67|73|73|67|60|61|73|63|69|75|64,2026-08-28|2026-08-31|2026-09-01|2026-09-02|2026-09-03|2026-09-04|2026-09-08|2026-09-09|2026-09-10|2026-09-11|2026-09-14|2026-09-15|2026-09-16|2026-09-17|2026-09-18|2026-09-21|2026-09-22|2026-09-23|2026-09-24|2026-09-25|2026-09-28|2026-09-29|2026-09-30|2026-10-01|2026-10-02|2026-10-05|2026-10-06|2026-10-07|2026-10-08|2026-10-09,2026-10-10 01:36:51,71.9
FedEx,91|100|90|90|89|84|93|94|90|89|80|82|86|80|83|83|90|86|82|75|83|85|92|87|86|88|93|94|94|93,2026-08-28|2026-08-31|2026-09-01|2026-09-02|2026-09-03|2026-09-04|2026-09-08|2026-09-09|2026-09-10|2026-09-11|2026-09-14|2026-09-15|2026-09-16|2026-09-17|2026-09-18|2026-09-21|2026-09-22|2026-09-23|2026-09-24|2026-09-25|2026-09-28|2026-09-29|2026-09-30|2026-10-01|2026-10-02|2026-10-05|2026-10-06|2026-10-07|2026-10-08|2026-10-09,2026-10-10 01:36:54,87.7
Archer Daniels Midland,0|0|0|0|0|0|0|0|0|0|0|0|0|0|0|0|0|0|0|0|78|88|83|76|80|93|100|85|88|64,2026-08-28|2026-08-31|2026-09-01|2026-09-02|2026-09-03|2026-09-04|2026-09-08|2026-09-09|2026-09-10|2026-09-11|2026-09-14|2026-09-15|2026-09-16|2026-09-17|2026-09-18|2026-09-21|2026-09-22|2026-09-23|2026-09-24|2026-09-25|2026-09-28|2026-09-29|2026-09-30|2026-10-01|2026-10-02|2026-10-05|2026-10-06|2026-10-07|2026-10-08|2026-10-09,2026-10-10 01:37:09,27.8
Procter & Gamble,0|34|35|36|53|60|69|67|40|0|69|33|0|41|52|0|97|46|0|82|42|41|39|35|33|49|53|43|38|34,2026-08-28|2026-08-31|2026-09-01|2026-09-02|2026-09-03|2026-09-04|2026-09-08|2026-09-09|2026-09-10|2026-09-11|2026-09-14|2026-09-15|2026-09-16|2026-09-17|2026-09-18|2026-09-21|2026-09-22|2026-09-23|2026-09-24|2026-09-25|2026-09-28|2026-09-29|2026-09-30|2026-10-01|2026-10-02|2026-10-05|2026-10-06|2026-10-07|2026-10-08|2026-10-09,2026-10-10 01:37:13,40.7
Lowe's Companies,,2026-08-28|2026-08-31|2026-09-01|2026-09-02|2026-09-03|2026-09-04|2026-09-08|2026-09-09|2026-09-10|2026-09-11|2026-09-14|2026-09-15|2026-09-16|2026-09-17|2026-09-18|2026-09-21|2026-09-22|2026-09-23|2026-09-24|2026-09-25|2026-09-28|2026-09-29|2026-09-30|2026-10-01|2026-10-02|2026-10-05|2026-10-06|2026-10-07|2026-10-08|2026-10-09,2026-10-10 01:37:47,0.0
Energy Transfer,,2026-07-29|2026-08-04|2026-08-07|2026-08-11|2026-09-14|2026-10-02|2026-10-05|2026-10-06|2026-10-09,2026-10-10 01:38:29,0.0
RTX,,2026-08-28|2026-08-31|2026-09-01|2026-09-02|2026-09-03|2026-09-04|2026-09-08|2026-09-09|2026-09-10|2026-09-11|2026-09-14|2026-09-15|2026-09-16|2026-09-17|2026-09-18|2026-09-21|2026-09-22|2026-09-23|2026-09-24|2026-09-25|2026-09-28|2026-09-29|2026-09-30|2026-10-01|2026-10-02|2026-10-05|2026-10-06|2026-10-07|2026-10-08|2026-10-09,2026-10-10 01:38:39,0.0
Albertsons,,2026-08-28|2026-08-31|2026-09-01|2026-09-02|2026-09-03|2026-09-04|2026-09-08|2026-09-09|2026-09-10|2026-09-11|2026-09-14|2026-09-15|2026-09-16|2026-09-17|2026-09-18|2026-09-21|2026-09-22|2026-09-23|2026-09-24|2026-09-25|2026-09-28|2026-09-29|2026-09-30|2026-10-01|2026-10-02|2026-10-05|2026-10-06|2026-10-07|2026-10-08|2026-10-09,2026-10-10 01:38:39,0.0
Sysco,,2026-08-28|2026-08-31|2026-09-01|2026-09-02|2026-09-03|2026-09-04|2026-09-08|2026-09-09|2026-09-10|2026-09-11|2026-09-14|2026-09-15|2026-09-16|2026-09-17|2026-09-18|2026-09-21|2026-09-22|2026-09-23|2026-09-24|2026-09-25|2026-09-28|2026-09-29|2026-09-30|2026-10-01|2026-10-02|2026-10-05|2026-10-06|2026-10-07|2026-10-08|2026-10-09,2026-10-10 01:38:39,0.0
Progressive Insurance,,2026-08-28|2026-08-31|2026-09-01|2026-09-02|2026-09-03|2026-09-04|2026-09-08|2026-09-09|2026-09-10|2026-09-11|2026-09-14|2026-09-15|2026-09-16|2026-09-17|2026-09-18|2026-09-21|2026-09-22|2026-09-23|2026-09-24|2026-09-25|2026-09-28|2026-09-29|2026-09-30|2026-10-01|2026-10-02|2026-10-05|2026-10-06|2026-10-07|2026-10-08|2026-10-09,2026-10-10 01:38:39,0.0
American Express,,2026-08-28|2026-08-31|2026-09-01|2026-09-02|2026-09-03|2026-09-04|2026-09-08|2026-09-09|2026-09-10|2026-09-11|2026-09-14|2026-09-15|2026-09-16|2026-09-17|2026-09-18|2026-09-21|2026-09-22|2026-09-23|2026-09-24|2026-09-25|2026-09-28|2026-09-29|2026-09-30|2026-10-01|2026-10-02|2026-10-05|2026-10-06|2026-10-07|2026-10-08|2026-10-09,2026-10-10 01:38:39,0.0
Lockheed Martin,,2026-08-28|2026-08-31|2026-09-01|2026-09-02|2026-09-03|2026-09-04|2026-09-08|2026-09-09|2026-09-10|2026-09-11|2026-09-14|2026-09-15|2026-09-16|2026-09-17|2026-09-18|2026-09-21|2026-09-22|2026-09-23|2026-09-24|2026-09-25|2026-09-28|2026-09-29|2026-09-30|2026-10-01|2026-10-02|2026-10-05|2026-10-06|2026-10-07|2026-10-08|2026-10-09,2026-10-10 01:38:39,0.0
MetLife Inc,,2026-08-28|2026-08-31|2026-09-01|2026-09-02|2026-09-03|2026-09-04|2026-09-08|2026-09-09|2026-09-10|2026-09-11|2026-09-14|2026-09-15|2026-09-16|2026-09-17|2026-09-18|2026-09-21|2026-09-22|2026-09-23|2026-09-24|2026-09-25|2026-09-28|2026-09-29|2026-09-30|2026-10-01|2026-10-02|2026-10-05|2026-10-06|2026-10-07|2026-10-08|2026-10-09,2026-10-10 01:38:39,0.0
HCA Healthcare,,2026-08-28|2026-08-31|2026-09-01|2026-09-02|2026-09-03|2026-09-04|2026-09-08|2026-09-09|2026-09-10|2026-09-11|2026-09-14|2026-09-15|2026-09-16|2026-09-17|2026-09-18|2026-09-21|2026-09-22|2026-09-23|2026-09-24|2026-09-25|2026-09-28|2026-09-29|2026-09-30|2026-10-01|2026-10-02|2026-10-05|2026-10-06|2026-10-07|2026-10-08|2026-10-09,2026-10-10 01:38:39,0.0
Prudential Financial,,2026-08-28|2026-08-31|2026-09-01|2026-09-02|2026-09-03|2026-09-04|2026-09-08|2026-09-09|2026-09-10|2026-09-11|2026-09-14|2026-09-15|2026-09-16|2026-09-17|2026-09-18|2026-09-21|2026-09-22|2026-09-23|2026-09-24|2026-09-25|2026-09-28|2026-09-29|2026-09-30|2026-10-01|2026-10-02|2026-10-05|2026-10-06|2026-10-07|2026-10-08|2026-10-09,2026-10-10 01:38:39,0.0
Boeing,,2026-08-28|2026-08-31|2026-09-01|2026-09-02|2026-09-03|2026-09-04|2026-09-08|2026-09-09|2026-09-10|2026-09-11|2026-09-14|2026-09-15|2026-09-16|2026-09-17|2026-09-18|2026-09-21|2026-09-22|2026-09-23|2026-09-24|2026-09-25|2026-09-28|2026-09-29|2026-09-30|2026-10-01|2026-10-02|2026-10-05|2026-10-06|2026-10-07|2026-10-08|2026-10-09,2026-10-10 01:38:39,0.0
Caterpillar,,2026-08-28|2026-08-31|2026-09-01|2026-09-02|2026-09-03|2026-09-04|2026-09-08|2026-09-09|2026-09-10|2026-09-11|2026-09-14|2026-09-15|2026-09-16|2026-09-17|2026-09-18|2026-09-21|2026-09-22|2026-09-23|2026-09-24|2026-09-25|2026-09-28|2026-09-29|2026-09-30|2026-10-01|2026-10-02|2026-10-05|2026-10-06|2026-10-07|2026-10-08|2026-10-09,2026-10-10 01:38:39,0.0
Merck,,2026-08-28|2026-08-31|2026-09-01|2026-09-02|2026-09-03|2026-09-04|2026-09-08|2026-09-09|2026-09-10|2026-09-11|2026-09-14|2026-09-15|2026-09-16|2026-09-17|2026-09-18|2026-09-21|2026-09-22|2026-09-23|2026-09-24|2026-09-25|2026-09-28|2026-09-29|2026-09-30|2026-10-01|2026-10-02|2026-10-05|2026-10-06|2026-10-07|2026-10-08|2026-10-09,2026-10-10 01:38:39,0.0
Allstate,,2026-08-28|2026-08-31|2026-09-01|2026-09-02|2026-09-03|2026-09-04|2026-09-08|2026-09-09|2026-09-10|2026-09-11|2026-09-14|2026-09-15|2026-09-16|2026-09-17|2026-09-18|2026-09-21|2026-09-22|2026-09-23|2026-09-24|2026-09-25|2026-09-28|2026-09-29|2026-09-30|2026-10-01|2026-10-02|2026-10-05|2026-10-06|2026-10-07|2026-10-08|2026-10-09,2026-10-10 01:38:39,0.0
Pfizer,,2026-08-28|2026-08-31|2026-09-01|2026-09-02|2026-09-03|2026-09-04|2026-09-08|2026-09-09|2026-09-10|2026-09-11|2026-09-14|2026-09-15|2026-09-16|2026-09-17|2026-09-18|2026-09-21|2026-09-22|2026-09-23|2026-09-24|2026-09-25|2026-09-28|2026-09-29|2026-09-30|2026-10-01|2026-10-02|2026-10-05|2026-10-06|2026-10-07|2026-10-08|2026-10-09,2026-10-10 01:38:39,0.0
IBM,,2026-08-28|2026-08-31|2026-09-01|2026-09-02|2026-09-03|2026-09-04|2026-09-08|2026-09-09|2026-09-10|2026-09-11|2026-09-14|2026-09-15|2026-09-16|2026-09-17|2026-09-18|2026-09-21|2026-09-22|2026-09-23|2026-09-24|2026-09-25|2026-09-28|2026-09-29|2026-09-30|2026-10-01|2026-10-02|2026-10-05|2026-10-06|2026-10-07|2026-10-08|2026-10-09,2026-10-10 01:38:39,0.0
Delta Air Lines,,2026-08-28|2026-08-31|2026-09-01|2026-09-02|2026-09-03|2026-09-04|2026-09-08|2026-09-09|2026-09-10|2026-09-11|2026-09-14|2026-09-15|2026-09-16|2026-09-17|2026-09-18|2026-09-21|2026-09-22|2026-09-23|2026-09-24|2026-09-25|2026-09-28|2026-09-29|2026-09-30|2026-10-01|2026-10-02|2026-10-05|2026-10-06|2026-10-07|2026-10-08|2026-10-09,2026-10-10 01:38:39,0.0
Publix Super Markets,,2026-08-28|2026-08-31|2026-09-01|2026-09-02|2026-09-03|2026-09-04|2026-09-08|2026-09-09|2026-09-10|2026-09-11|2026-09-14|2026-09-15|2026-09-16|2026-09-17|2026-09-18|2026-09-21|2026-09-22|2026-09-23|2026-09-24|2026-09-25|2026-09-28|2026-09-29|2026-09-30|2026-10-01|2026-10-02|2026-10-05|2026-10-06|2026-10-07|2026-10-08|2026-10-09,2026-10-10 01:38:39,0.0
TD Synnex,,2026-08-28|2026-08-31|2026-09-01|2026-09-02|2026-09-03|2026-09-04|2026-09-08|2026-09-09|2026-09-10|2026-09-11|2026-09-14|2026-09-15|2026-09-16|2026-09-17|2026-09-18|2026-09-21|2026-09-22|2026-09-23|2026-09-24|2026-09-25|2026-09-28|2026-09-29|2026-09-30|2026-10-01|2026-10-02|2026-10-05|2026-10-06|2026-10-07|2026-10-08|2026-10-09,2026-10-10 01:38:39,0.0
United Airlines,,2026-08-28|2026-08-31|2026-09-01|2026-09-02|2026-09-03|2026-09-04|2026-09-08|2026-09-09|2026-09-10|2026-09-11|2026-09-14|2026-09-15|2026-09-16|2026-09-17|2026-09-18|2026-09-21|2026-09-22|2026-09-23|2026-09-24|2026-09-25|2026-09-28|2026-09-29|2026-09-30|2026-10-01|2026-10-02|2026-10-05|2026-10-06|2026-10-07|2026-10-08|2026-10-09,2026-10-10 01:38:39,0.0
ConocoPhillips,,2026-08-28|2026-08-31|2026-09-01|2026-09-02|2026-09-03|2026-09-04|2026-09-08|2026-09-09|2026-09-10|2026-09-11|2026-09-14|2026-09-15|2026-09-16|2026-09-17|2026-09-18|2026-09-21|2026-09-22|2026-09-23|2026-09-24|2026-09-25|2026-09-28|2026-09-29|2026-09-30|2026-10-01|2026-10-02|2026-10-05|2026-10-06|2026-10-07|2026-10-08|2026-10-09,2026-10-10 01:38:39,0.0
TJX,,2026-08-28|2026-08-31|2026-09-01|2026-09-02|2026-09-03|2026-09-04|2026-09-08|2026-09-09|2026-09-10|2026-09-11|2026-09-14|2026-09-15|2026-09-16|2026-09-17|2026-09-18|2026-09-21|2026-09-22|2026-09-23|2026-09-24|2026-09-25|2026-09-28|2026-09-29|2026-09-30|2026-10-01|2026-10-02|2026-10-05|2026-10-06|2026-10-07|2026-10-08|2026-10-09,2026-10-10 01:38:39,0.0
AbbVie,,2026-08-28|2026-08-31|2026-09-01|2026-09-02|2026-09-03|2026-09-04|2026-09-08|2026-09-09|2026-09-10|2026-09-11|2026-09-14|2026-09-15|2026-09-16|2026-09-17|2026-09-18|2026-09-21|2026-09-22|2026-09-23|2026-09-24|2026-09-25|2026-09-28|2026-09-29|2026-09-30|2026-10-01|2026-10-02|2026-10-05|2026-10-06|2026-10-07|2026-10-08|2026-10-09,2026-10-10 01:38:39,0.0
Enterprise Products Partners,,2026-08-28|2026-08-31|2026-09-01|2026-09-02|2026-09-03|2026-09-04|2026-09-08|2026-09-09|2026-09-10|2026-09-11|2026-09-14|2026-09-15|2026-09-16|2026-09-17|2026-09-18|2026-09-21|2026-09-22|2026-09-23|2026-09-24|2026-09-25|2026-09-28|2026-09-29|2026-09-30|2026-10-01|2026-10-02|2026-10-05|2026-10-06|2026-10-07|2026-10-08|2026-10-09,2026-10-10 01:38:39,0.0
Charter Communications,,2026-08-28|2026-08-31|2026-09-01|2026-09-02|2026-09-03|2026-09-04|2026-09-08|2026-09-09|2026-09-10|2026-09-11|2026-09-14|2026-09-15|2026-09-16|2026-09-17|2026-09-18|2026-09-21|2026-09-22|2026-09-23|2026-09-24|2026-09-25|2026-09-28|2026-09-29|2026-09-30|2026-10-01|2026-10-02|2026-10-05|2026-10-06|2026-10-07|2026-10-08|2026-10-09,2026-10-10 01:38:39,0.0
Performance Food,,2026-08-28|2026-08-31|2026-09-01|2026-09-02|2026-09-03|2026-09-04|2026-09-08|2026-09-09|2026-09-10|2026-09-11|2026-09-14|2026-09-15|2026-09-16|2026-09-17|2026-09-18|2026-09-21|2026-09-22|2026-09-23|2026-09-24|2026-09-25|2026-09-28|2026-09-29|2026-09-30|2026-10-01|2026-10-02|2026-10-05|2026-10-06|2026-10-07|2026-10-08|2026-10-09,2026-10-10 01:38:39,0.0
American Airlines,,2026-08-28|2026-08-31|2026-09-01|2026-09-02|2026-09-03|2026-09-04|2026-09-08|2026-09-09|2026-09-10|2026-09-11|2026-09-14|2026-09-15|2026-09-16|2026-09-17|2026-09-18|2026-09-21|2026-09-22|2026-09-23|2026-09-24|2026-09-25|2026-09-28|2026-09-29|2026-09-30|2026-10-01|2026-10-02|2026-10-05|2026-10-06|2026-10-07|2026-10-08|2026-10-09,2026-10-10 01:38:39,0.0
Capital One,,2026-08-28|2026-08-31|2026-09-01|2026-09-02|2026-09-03|2026-09-04|2026-09-08|2026-09-09|2026-09-10|2026-09-11|2026-09-14|2026-09-15|2026-09-16|2026-09-17|2026-09-18|2026-09-21|2026-09-22|2026-09-23|2026-09-24|2026-09-25|2026-09-28|2026-09-29|2026-09-30|2026-10-01|2026-10-02|2026-10-05|2026-10-06|2026-10-07|2026-10-08|2026-10-09,2026-10-10 01:38:39,0.0
Cisco Systems,,2026-08-28|2026-08-31|2026-09-01|2026-09-02|2026-09-03|2026-09-04|2026-09-08|2026-09-09|2026-09-10|2026-09-11|2026-09-14|2026-09-15|2026-09-16|2026-09-17|2026-09-18|2026-09-21|2026-09-22|2026-09-23|2026-09-24|2026-09-25|2026-09-28|2026-09-29|2026-09-30|2026-10-01|2026-10-02|2026-10-05|2026-10-06|2026-10-07|2026-10-08|2026-10-09,2026-10-10 01:38:39,0.0
HP,,2026-08-28|2026-08-31|2026-09-01|2026-09-02|2026-09-03|2026-09-04|2026-09-08|2026-09-09|2026-09-10|2026-09-11|2026-09-14|2026-09-15|2026-09-16|2026-09-17|2026-09-18|2026-09-21|2026-09-22|2026-09-23|2026-09-24|2026-09-25|2026-09-28|2026-09-29|2026-09-30|2026-10-01|2026-10-02|2026-10-05|2026-10-06|2026-10-07|2026-10-08|2026-10-09,2026-10-10 01:38:39,0.0
Tyson Foods,,2026-08-28|2026-08-31|2026-09-01|2026-09-02|2026-09-03|2026-09-04|2026-09-08|2026-09-09|2026-09-10|2026-09-11|2026-09-14|2026-09-15|2026-09-16|2026-09-17|2026-09-18|2026-09-21|2026-09-22|2026-09-23|2026-09-24|2026-09-25|2026-09-28|2026-09-29|2026-09-30|2026-10-01|2026-10-02|2026-10-05|2026-10-06|2026-10-07|2026-10-08|2026-10-09,2026-10-10 01:38:39,0.0
Intel,,2026-08-28|2026-08-31|2026-09-01|2026-09-02|2026-09-03|2026-09-04|2026-09-08|2026-09-09|2026-09-10|2026-09-11|2026-09-14|2026-09-15|2026-09-16|2026-09-17|2026-09-18|2026-09-21|2026-09-22|2026-09-23|2026-09-24|2026-09-25|2026-09-28|2026-09-29|2026-09-30|2026-10-01|2026-10-02|2026-10-05|2026-10-06|2026-10-07|2026-10-08|2026-10-09,2026-10-10 01:38:39,0.0
Oracle,,2026-08-28|2026-08-31|2026-09-01|2026-09-02|2026-09-03|2026-09-04|2026-09-08|2026-09-09|2026-09-10|2026-09-11|2026-09-14|2026-09-15|2026-09-16|2026-09-17|2026-09-18|2026-09-21|2026-09-22|2026-09-23|2026-09-24|2026-09-25|2026-09-28|2026-09-29|2026-09-30|2026-10-01|2026-10-02|2026-10-05|2026-10-06|2026-10-07|2026-10-08|2026-10-09,2026-10-10 01:38:39,0.0
Broadcom,,2026-08-28|2026-08-31|2026-09-01|2026-09-02|2026-09-03|2026-09-04|2026-09-08|2026-09-09|2026-09-10|2026-09-11|2026-09-14|2026-09-15|2026-09-16|2026-09-17|2026-09-18|2026-09-21|2026-09-22|2026-09-23|2026-09-24|2026-09-25|2026-09-28|2026-09-29|2026-09-30|2026-10-01|2026-10-02|2026-10-05|2026-10-06|2026-10-07|2026-10-08|2026-10-09,2026-10-10 01:38:39,0.0
John Deere & Company,,2026-08-28|2026-08-31|2026-09-01|2026-09-02|2026-09-03|2026-09-04|2026-09-08|2026-09-09|2026-09-10|2026-09-11|2026-09-14|2026-09-15|2026-09-16|2026-09-17|2026-09-18|2026-09-21|2026-09-22|2026-09-23|2026-09-24|2026-09-25|2026-09-28|2026-09-29|2026-09-30|2026-10-01|2026-10-02|2026-10-05|2026-10-06|2026-10-07|2026-10-08|2026-10-09,2026-10-10 01:38:39,0.0
Nike,,2026-08-28|2026-08-31|2026-09-01|2026-09-02|2026-09-03|2026-09-04|2026-09-08|2026-09-09|2026-09-10|2026-09-11|2026-09-14|2026-09-15|2026-09-16|2026-09-17|2026-09-18|2026-09-21|2026-09-22|2026-09-23|2026-09-24|2026-09-25|2026-09-28|2026-09-29|2026-09-30|2026-10-01|2026-10-02|2026-10-05|2026-10-06|2026-10-07|2026-10-08|2026-10-09,2026-10-10 01:38:39,0.0
Plains GP,,2026-08-28|2026-08-31|2026-09-01|2026-09-02|2026-09-03|2026-09-04|2026-09-08|2026-09-09|2026-09-10|2026-09-11|2026-09-14|2026-09-15|2026-09-16|2026-09-17|2026-09-18|2026-09-21|2026-09-22|2026-09-23|2026-09-24|2026-09-25|2026-09-28|2026-09-29|2026-09-30|2026-10-01|2026-10-02|2026-10-05|2026-10-06|2026-10-07|2026-10-08|2026-10-09,2026-10-10 01:38:39,0.0
Bristol-Myers Squibb,,2026-08-28|2026-08-31|2026-09-01|2026-09-02|2026-09-03|2026-09-04|2026-09-08|2026-09-09|2026-09-10|2026-09-11|2026-09-14|2026-09-15|2026-09-16|2026-09-17|2026-09-18|2026-09-21|2026-09-22|2026-09-23|2026-09-24|2026-09-25|2026-09-28|2026-09-29|2026-09-30|2026-10-01|2026-10-02|2026-10-05|2026-10-06|2026-10-07|2026-10-08|2026-10-09,2026-10-10 01:38:39,0.0
Ingram Micro,,2026-08-28|2026-08-31|2026-09-01|2026-09-02|2026-09-03|2026-09-04|2026-09-08|2026-09-09|2026-09-10|2026-09-11|2026-09-14|2026-09-15|2026-09-16|2026-09-17|2026-09-18|2026-09-21|2026-09-22|2026-09-23|2026-09-24|2026-09-25|2026-09-28|2026-09-29|2026-09-30|2026-10-01|2026-10-02|2026-10-05|2026-10-06|2026-10-07|2026-10-08|2026-10-09,2026-10-10 01:38:39,0.0
General Dynamics,,2026-08-28|2026-08-31|2026-09-01|2026-09-02|2026-09-03|2026-09-04|2026-09-08|2026-09-09|2026-09-10|2026-09-11|2026-09-14|2026-09-15|2026-09-16|2026-09-17|2026-09-18|2026-09-21|2026-09-22|2026-09-23|2026-09-24|2026-09-25|2026-09-28|2026-09-29|2026-09-30|2026-10-01|2026-10-02|2026-10-05|2026-10-06|2026-10-07|2026-10-08|2026-10-09,2026-10-10 01:38:39,0.0
The Coca-Cola Company,,2026-08-28|2026-08-31|2026-09-01|2026-09-02|2026-09-03|2026-09-04|2026-09-08|2026-09-09|2026-09-10|2026-09-11|2026-09-14|2026-09-15|2026-09-16|2026-09-17|2026-09-18|2026-09-21|2026-09-22|2026-09-23|2026-09-24|2026-09-25|2026-09-28|2026-09-29|2026-09-30|2026-10-01|2026-10-02|2026-10-05|2026-10-06|2026-10-07|2026-10-08|2026-10-09,2026-10-10 01:38:39,0.0
The Travelers Indemnity Company,,2026-08-28|2026-08-31|2026-09-01|2026-09-02|2026-09-03|2026-09-04|2026-09-08|2026-09-09|2026-09-10|2026-09-11|2026-09-14|2026-09-15|2026-09-16|2026-09-17|2026-09-18|2026-09-21|2026-09-22|2026-09-23|2026-09-24|2026-09-25|2026-09-28|2026-09-29|2026-09-30|2026-10-01|2026-10-02|2026-10-05|2026-10-06|2026-10-07|2026-10-08|2026-10-09,2026-10-10 01:38:39,0.0
Eli Lilly,,2026-08-28|2026-08-31|2026-09-01|2026-09-02|2026-09-03|2026-09-04|2026-09-08|2026-09-09|2026-09-10|2026-09-11|2026-09-14|2026-09-15|2026-09-16|2026-09-17|2026-09-18|2026-09-21|2026-09-22|2026-09-23|2026-09-24|2026-09-25|2026-09-28|2026-09-29|2026-09-30|2026-10-01|2026-10-02|2026-10-05|2026-10-06|2026-10-07|2026-10-08|2026-10-09,2026-10-10 01:38:39,0.0
Uber Technologies,,2026-08-28|2026-08-31|2026-09-01|2026-09-02|2026-09-03|2026-09-04|2026-09-08|2026-09-09|2026-09-10|2026-09-11|2026-09-14|2026-09-15|2026-09-16|2026-09-17|2026-09-18|2026-09-21|2026-09-22|2026-09-23|2026-09-24|2026-09-25|2026-09-28|2026-09-29|2026-09-30|2026-10-01|2026-10-02|2026-10-05|2026-10-06|2026-10-07|2026-10-08|2026-10-09,2026-10-10 01:38:39,0.0
Thermo Fisher Scientific,,2026-08-28|2026-08-31|2026-09-01|2026-09-02|2026-09-03|2026-09-04|2026-09-08|2026-09-09|2026-09-10|2026-09-11|2026-09-14|2026-09-15|2026-09-16|2026-09-17|2026-09-18|2026-09-21|2026-09-22|2026-09-23|2026-09-24|2026-09-25|2026-09-28|2026-09-29|2026-09-30|2026-10-01|2026-10-02|2026-10-05|2026-10-06|2026-10-07|2026-10-08|2026-10-09,2026-10-10 01:38:39,0.0
US Bancorp,,2026-08-28|2026-08-31|2026-09-01|2026-09-02|2026-09-03|2026-09-04|2026-09-08|2026-09-09|2026-09-10|2026-09-11|2026-09-14|2026-09-15|2026-09-16|2026-09-17|2026-09-18|2026-09-21|2026-09-22|2026-09-23|2026-09-24|2026-09-25|2026-09-28|2026-09-29|2026-09-30|2026-10-01|2026-10-02|2026-10-05|2026-10-06|2026-10-07|2026-10-08|2026-10-09,2026-10-10 01:38:39,0.0
World Kinect,,2026-08-28|2026-08-31|2026-09-01|2026-09-02|2026-09-03|2026-09-04|2026-09-08|2026-09-09|2026-09-10|2026-09-11|2026-09-14|2026-09-15|2026-09-16|2026-09-17|2026-09-18|2026-09-21|2026-09-22|2026-09-23|2026-09-24|2026-09-25|2026-09-28|2026-09-29|2026-09-30|2026-10-01|2026-10-02|2026-10-05|2026-10-06|2026-10-07|2026-10-08|2026-10-09,2026-10-10 01:38:39,0.0
Abbott Laboratories,,2026-08-28|2026-08-31|2026-09-01|2026-09-02|2026-09-03|2026-09-04|2026-09-08|2026-09-09|2026-09-10|2026-09-11|2026-09-14|2026-09-15|2026-09-16|2026-09-17|2026-09-18|2026-09-21|2026-09-22|2026-09-23|2026-09-24|2026-09-25|2026-09-28|2026-09-29|2026-09-30|2026-10-01|2026-10-02|2026-10-05|2026-10-06|2026-10-07|2026-10-08|2026-10-09,2026-10-10 01:38:39,0.0
Best Buy,,2026-08-28|2026-08-31|2026-09-01|2026-09-02|2026-09-03|2026-09-04|2026-09-08|2026-09-09|2026-09-10|2026-09-11|2026-09-14|2026-09-15|2026-09-16|2026-09-17|2026-09-18|2026-09-21|2026-09-22|2026-09-23|2026-09-24|2026-09-25|2026-09-28|2026-09-29|2026-09-30|2026-10-01|2026-10-02|2026-10-05|2026-10-06|2026-10-07|2026-10-08|2026-10-09,2026-10-10 01:38:39,0.0
Northrop Grumman,,2026-08-28|2026-08-31|2026-09-01|2026-09-02|2026-09-03|2026-09-04|2026-09-08|2026-09-09|2026-09-10|2026-09-11|2026-09-14|2026-09-15|2026-09-16|2026-09-17|2026-09-18|2026-09-21|2026-09-22|2026-09-23|2026-09-24|2026-09-25|2026-09-28|2026-09-29|2026-09-30|2026-10-01|2026-10-02|2026-10-05|2026-10-06|2026-10-07|2026-10-08|2026-10-09,2026-10-10 01:38:39,0.0
Molina Healthcare,,2026-08-28|2026-08-31|2026-09-01|2026-09-02|2026-09-03|2026-09-04|2026-09-08|2026-09-09|2026-09-10|2026-09-11|2026-09-14|2026-09-15|2026-09-16|2026-09-17|2026-09-18|2026-09-21|2026-09-22|2026-09-23|2026-09-24|2026-09-25|2026-09-28|2026-09-29|2026-09-30|2026-10-01|2026-10-02|2026-10-05|2026-10-06|2026-10-07|2026-10-08|2026-10-09,2026-10-10 01:38:39,0.0
Dollar General Corporation,,2026-08-28|2026-08-31|2026-09-01|2026-09-02|2026-09-03|2026-09-04|2026-09-08|2026-09-09|2026-09-10|2026-09-11|2026-09-14|2026-09-15|2026-09-16|2026-09-17|2026-09-18|2026-09-21|2026-09-22|2026-09-23|2026-09-24|2026-09-25|2026-09-28|2026-09-29|2026-09-30|2026-10-01|2026-10-02|2026-10-05|2026-10-06|2026-10-07|2026-10-08|2026-10-09,2026-10-10 01:38:39,0.0
Warner Bros Discovery,,2026-10-05,2026-10-10 01:38:39,0.0
Netflix,,2026-08-28|2026-08-31|2026-09-01|2026-09-02|2026-09-03|2026-09-04|2026-09-08|2026-09-09|2026-09-10|2026-09-11|2026-09-14|2026-09-15|2026-09-16|2026-09-17|2026-09-18|2026-09-21|2026-09-22|2026-09-23|2026-09-24|2026-09-25|2026-09-28|2026-09-29|2026-09-30|2026-10-01|2026-10-02|2026-10-05|2026-10-06|2026-10-07|2026-10-08|2026-10-09,2026-10-10 01:38:39,0.0
Qualcomm,,2026-08-28|2026-08-31|2026-09-01|2026-09-02|2026-09-03|2026-09-04|2026-09-08|2026-09-09|2026-09-10|2026-09-11|2026-09-14|2026-09-15|2026-09-16|2026-09-17|2026-09-18|2026-09-21|2026-09-22|2026-09-23|2026-09-24|2026-09-25|2026-09-28|2026-09-29|2026-09-30|2026-10-01|2026-10-02|2026-10-05|2026-10-06|2026-10-07|2026-10-08|2026-10-09,2026-10-10 01:38:39,0.0
Honeywell,,2026-08-28|2026-08-31|2026-09-01|2026-09-02|2026-09-03|2026-09-04|2026-09-08|2026-09-09|2026-09-10|2026-09-11|2026-09-14|2026-09-15|2026-09-16|2026-09-17|2026-09-18|2026-09-21|2026-09-22|2026-09-23|2026-09-24|2026-09-25|2026-09-28|2026-09-29|2026-09-30|2026-10-01|2026-10-02|2026-10-05|2026-10-06|2026-10-07|2026-10-08|2026-10-09,2026-10-10 01:38:39,0.0
Salesforce,,2026-08-28|2026-08-31|2026-09-01|2026-09-02|2026-09-03|2026-09-04|2026-09-08|2026-09-09|2026-09-10|2026-09-11|2026-09-14|2026-09-15|2026-09-16|2026-09-17|2026-09-18|2026-09-21|2026-09-22|2026-09-23|2026-09-24|2026-09-25|2026-09-28|2026-09-29|2026-09-30|2026-10-01|2026-10-02|2026-10-05|2026-10-06|2026-10-07|2026-10-08|2026-10-09,2026-10-10 01:38:39,0.0
Philip Morris International,,2026-08-28|2026-08-31|2026-09-01|2026-09-02|2026-09-03|2026-09-04|2026-09-08|2026-09-09|2026-09-10|2026-09-11|2026-09-14|2026-09-15|2026-09-16|2026-09-17|2026-09-18|2026-09-21|2026-09-22|2026-09-23|2026-09-24|2026-09-25|2026-09-28|2026-09-29|2026-09-30|2026-10-01|2026-10-02|2026-10-05|2026-10-06|2026-10-07|2026-10-08|2026-10-09,2026-10-10 01:38:39,0.0
US Foods,,2026-08-28|2026-08-31|2026-09-01|2026-09-02|2026-09-03|2026-09-04|2026-09-08|2026-09-09|2026-09-10|2026-09-11|2026-09-14|2026-09-15|2026-09-16|2026-09-17|2026-09-18|2026-09-21|2026-09-22|2026-09-23|2026-09-24|2026-09-25|2026-09-28|2026-09-29|2026-09-30|2026-10-01|2026-10-02|2026-10-05|2026-10-06|2026-10-07|2026-10-08|2026-10-09,2026-10-10 01:38:39,0.0
DR Horton Inc,,2026-08-28|2026-08-31|2026-09-01|2026-09-02|2026-09-03|2026-09-04|2026-09-08|2026-09-09|2026-09-10|2026-09-11|2026-09-14|2026-09-15|2026-09-16|2026-09-17|2026-09-18|2026-09-21|2026-09-22|2026-09-23|2026-09-24|2026-09-25|2026-09-28|2026-09-29|2026-09-30|2026-10-01|2026-10-02|2026-10-05|2026-10-06|2026-10-07|2026-10-08|2026-10-09,2026-10-10 01:38:39,0.0
Lithia Motors,,2026-08-28|2026-08-31|2026-09-01|2026-09-02|2026-09-03|2026-09-04|2026-09-08|2026-09-09|2026-09-10|2026-09-11|2026-09-14|2026-09-15|2026-09-16|2026-09-17|2026-09-18|2026-09-21|2026-09-22|2026-09-23|2026-09-24|2026-09-25|2026-09-28|2026-09-29|2026-09-30|2026-10-01|2026-10-02|2026-10-05|2026-10-06|2026-10-07|2026-10-08|2026-10-09,2026-10-10 01:38:39,0.0
Mondelez,,2026-08-28|2026-08-31|2026-09-01|2026-09-02|2026-09-03|2026-09-04|2026-09-08|2026-09-09|2026-09-10|2026-09-11|2026-09-14|2026-09-15|2026-09-16|2026-09-17|2026-09-18|2026-09-21|2026-09-22|2026-09-23|2026-09-24|2026-09-25|2026-09-28|2026-09-29|2026-09-30|2026-10-01|2026-10-02|2026-10-05|2026-10-06|2026-10-07|2026-10-08|2026-10-09,2026-10-10 01:38:39,0.0
Starbucks,,2026-08-28|2026-08-31|2026-09-01|2026-09-02|2026-09-03|2026-09-04|2026-09-08|2026-09-09|2026-09-10|2026-09-11|2026-09-14|2026-09-15|2026-09-16|2026-09-17|2026-09-18|2026-09-21|2026-09-22|2026-09-23|2026-09-24|2026-09-25|2026-09-28|2026-09-29|2026-09-30|2026-10-01|2026-10-02|2026-10-05|2026-10-06|2026-10-07|2026-10-08|2026-10-09,2026-10-10 01:38:39,0.0
Visa Inc,,2026-08-28|2026-08-31|2026-09-01|2026-09-02|2026-09-03|2026-09-04|2026-09-08|2026-09-09|2026-09-10|2026-09-11|2026-09-14|2026-09-15|2026-09-16|2026-09-17|2026-09-18|2026-09-21|2026-09-22|2026-09-23|2026-09-24|2026-09-25|2026-09-28|2026-09-29|2026-09-30|2026-10-01|2026-10-02|2026-10-05|2026-10-06|2026-10-07|2026-10-08|2026-10-09,2026-10-10 01:38:39,0.0
CBRE Group,,2026-08-28|2026-08-31|2026-09-01|2026-09-02|2026-09-03|2026-09-04|2026-09-08|2026-09-09|2026-09-10|2026-09-11|2026-09-14|2026-09-15|2026-09-16|2026-09-17|2026-09-18|2026-09-21|2026-09-22|2026-09-23|2026-09-24|2026-09-25|2026-09-28|2026-09-29|2026-09-30|2026-10-01|2026-10-02|2026-10-05|2026-10-06|2026-10-07|2026-10-08|2026-10-09,2026-10-10 01:38:39,0.0
Lennar,,2026-08-28|2026-08-31|2026-09-01|2026-09-02|2026-09-03|2026-09-04|2026-09-08|2026-09-09|2026-09-10|2026-09-11|2026-09-14|2026-09-15|2026-09-16|2026-09-17|2026-09-18|2026-09-21|2026-09-22|2026-09-23|2026-09-24|2026-09-25|2026-09-28|2026-09-29|2026-09-30|2026-10-01|2026-10-02|2026-10-05|2026-10-06|2026-10-07|2026-10-08|2026-10-09,2026-10-10 01:38:39,0.0
GE Vernova,,2026-08-28|2026-08-31|2026-09-01|2026-09-02|2026-09-03|2026-09-04|2026-09-08|2026-09-09|2026-09-10|2026-09-11|2026-09-14|2026-09-15|2026-09-16|2026-09-17|2026-09-18|2026-09-21|2026-09-22|2026-09-23|2026-09-24|2026-09-25|2026-09-28|2026-09-29|2026-09-30|2026-10-01|2026-10-02|2026-10-05|2026-10-06|2026-10-07|2026-10-08|2026-10-09,2026-10-10 01:38:39,0.0
PNC Financial Services,,2026-08-28|2026-08-31|2026-09-01|2026-09-02|2026-09-03|2026-09-04|2026-09-08|2026-09-09|2026-09-10|2026-09-11|2026-09-14|2026-09-15|2026-09-16|2026-09-17|2026-09-18|2026-09-21|2026-09-22|2026-09-23|2026-09-24|2026-09-25|2026-09-28|2026-09-29|2026-09-30|2026-10-01|2026-10-02|2026-10-05|2026-10-06|2026-10-07|2026-10-08|2026-10-09,2026-10-10 01:38:39,0.0
Cummins Inc,,2026-08-28|2026-08-31|2026-09-01|2026-09-02|2026-09-03|2026-09-04|2026-09-08|2026-09-09|2026-09-10|2026-09-11|2026-09-14|2026-09-15|2026-09-16|2026-09-17|2026-09-18|2026-09-21|2026-09-22|2026-09-23|2026-09-24|2026-09-25|2026-09-28|2026-09-29|2026-09-30|2026-10-01|2026-10-02|2026-10-05|2026-10-06|2026-10-07|2026-10-08|2026-10-09,2026-10-10 01:38:39,0.0
Paccar,,2026-08-28|2026-08-31|2026-09-01|2026-09-02|2026-09-03|2026-09-04|2026-09-08|2026-09-09|2026-09-10|2026-09-11|2026-09-14|2026-09-15|2026-09-16|2026-09-17|2026-09-18|2026-09-21|2026-09-22|2026-09-23|2026-09-24|2026-09-25|2026-09-28|2026-09-29|2026-09-30|2026-10-01|2026-10-02|2026-10-05|2026-10-06|2026-10-07|2026-10-08|2026-10-09,2026-10-10 01:38:39,0.0
Amgen,,2026-08-28|2026-08-31|2026-09-01|2026-09-02|2026-09-03|2026-09-04|2026-09-08|2026-09-09|2026-09-10|2026-09-11|2026-09-14|2026-09-15|2026-09-16|2026-09-17|2026-09-18|2026-09-21|2026-09-22|2026-09-23|2026-09-24|2026-09-25|2026-09-28|2026-09-29|2026-09-30|2026-10-01|2026-10-02|2026-10-05|2026-10-06|2026-10-07|2026-10-08|2026-10-09,2026-10-10 01:38:39,0.0
PBF Energy,,2026-08-28|2026-08-31|2026-09-01|2026-09-02|2026-09-03|2026-09-04|2026-09-08|2026-09-09|2026-09-10|2026-09-11|2026-09-14|2026-09-15|2026-09-16|2026-09-17|2026-09-18|2026-09-21|2026-09-22|2026-09-23|2026-09-24|2026-09-25|2026-09-28|2026-09-29|2026-09-30|2026-10-01|2026-10-02|2026-10-05|2026-10-06|2026-10-07|2026-10-08|2026-10-09,2026-10-10 01:38:39,0.0
PayPal,,2026-08-28|2026-08-31|2026-09-01|2026-09-02|2026-09-03|2026-09-04|2026-09-08|2026-09-09|2026-09-10|2026-09-11|2026-09-14|2026-09-15|2026-09-16|2026-09-17|2026-09-18|2026-09-21|2026-09-22|2026-09-23|2026-09-24|2026-09-25|2026-09-28|2026-09-29|2026-09-30|2026-10-01|2026-10-02|2026-10-05|2026-10-06|2026-10-07|2026-10-08|2026-10-09,2026-10-10 01:38:39,0.0
United Natural Foods,,2026-08-28|2026-08-31|2026-09-01|2026-09-02|2026-09-03|2026-09-04|2026-09-08|2026-09-09|2026-09-10|2026-09-11|2026-09-14|2026-09-15|2026-09-16|2026-09-17|2026-09-18|2026-09-21|2026-09-22|2026-09-23|2026-09-24|2026-09-25|2026-09-28|2026-09-29|2026-09-30|2026-10-01|2026-10-02|2026-10-05|2026-10-06|2026-10-07|2026-10-08|2026-10-09,2026-10-10 01:38:39,0.0
Dollar Tree,,2026-08-28|2026-08-31|2026-09-01|2026-09-02|2026-09-03|2026-09-04|2026-09-08|2026-09-09|2026-09-10|2026-09-11|2026-09-14|2026-09-15|2026-09-16|2026-09-17|2026-09-18|2026-09-21|2026-09-22|2026-09-23|2026-09-24|2026-09-25|2026-09-28|2026-09-29|2026-09-30|2026-10-01|2026-10-02|2026-10-05|2026-10-06|2026-10-07|2026-10-08|2026-10-09,2026-10-10 01:38:39,0.0
Nucor,,2026-08-28|2026-08-31|2026-09-01|2026-09-02|2026-09-03|2026-09-04|2026-09-08|2026-09-09|2026-09-10|2026-09-11|2026-09-14|2026-09-15|2026-09-16|2026-09-17|2026-09-18|2026-09-21|2026-09-22|2026-09-23|2026-09-24|2026-09-25|2026-09-28|2026-09-29|2026-09-30|2026-10-01|2026-10-02|2026-10-05|2026-10-06|2026-10-07|2026-10-08|2026-10-09,2026-10-10 01:38:39,0.0
Penske Automotive,,2026-08-28|2026-08-31|2026-09-01|2026-09-02|2026-09-03|2026-09-04|2026-09-08|2026-09-09|2026-09-10|2026-09-11|2026-09-14|2026-09-15|2026-09-16|2026-09-17|2026-09-18|2026-09-21|2026-09-22|2026-09-23|2026-09-24|2026-09-25|2026-09-28|2026-09-29|2026-09-30|2026-10-01|2026-10-02|2026-10-05|2026-10-06|2026-10-07|2026-10-08|2026-10-09,2026-10-10 01:38:39,0.0
Coupang,,2026-08-28|2026-08-31|2026-09-01|2026-09-02|2026-09-03|2026-09-04|2026-09-08|2026-09-09|2026-09-10|2026-09-11|2026-09-14|2026-09-15|2026-09-16|2026-09-17|2026-09-18|2026-09-21|2026-09-22|2026-09-23|2026-09-24|2026-09-25|2026-09-28|2026-09-29|2026-09-30|2026-10-01|2026-10-02|2026-10-05|2026-10-06|2026-10-07|2026-10-08|2026-10-09,2026-10-10 01:38:39,0.0
Hewlett Packard Enterprise,,2026-08-28|2026-08-31|2026-09-01|2026-09-02|2026-09-03|2026-09-04|2026-09-08|2026-09-09|2026-09-10|2026-09-11|2026-09-14|2026-09-15|2026-09-16|2026-09-17|2026-09-18|2026-09-21|2026-09-22|2026-09-23|2026-09-24|2026-09-25|2026-09-28|2026-09-29|2026-09-30|2026-10-01|2026-10-02|2026-10-05|2026-10-06|2026-10-07|2026-10-08|2026-10-09,2026-10-10 01:38:39,0.0
Duke Energy Corporation,,2026-08-28|2026-08-31|2026-09-01|2026-09-02|2026-09-03|2026-09-04|2026-09-08|2026-09-09|2026-09-10|2026-09-11|2026-09-14|2026-09-15|2026-09-16|2026-09-17|2026-09-18|2026-09-21|2026-09-22|2026-09-23|2026-09-24|2026-09-25|2026-09-28|2026-09-29|2026-09-30|2026-10-01|2026-10-02|2026-10-05|2026-10-06|2026-10-07|2026-10-08|2026-10-09,2026-10-10 01:38:39,0.0
KKR & Co,,2026-08-28|2026-08-31|2026-09-01|2026-09-02|2026-09-03|2026-09-04|2026-09-08|2026-09-09|2026-09-10|2026-09-11|2026-09-14|2026-09-15|2026-09-16|2026-09-17|2026-09-18|2026-09-21|2026-09-22|2026-09-23|2026-09-24|2026-09-25|2026-09-28|2026-09-29|2026-09-30|2026-10-01|2026-10-02|2026-10-05|2026-10-06|2026-10-07|2026-10-08|2026-10-09,2026-10-10 01:38:39,0.0
Ferguson Enterprises,,2026-08-28|2026-08-31|2026-09-01|2026-09-02|2026-09-03|2026-09-04|2026-09-08|2026-09-09|2026-09-10|2026-09-11|2026-09-14|2026-09-15|2026-09-16|2026-09-17|2026-09-18|2026-09-21|2026-09-22|2026-09-23|2026-09-24|2026-09-25|2026-09-28|2026-09-29|2026-09-30|2026-10-01|2026-10-02|2026-10-05|2026-10-06|2026-10-07|2026-10-08|2026-10-09,2026-10-10 01:38:39,0.0
Paramount Global,,2026-08-28|2026-08-31|2026-09-01|2026-09-02|2026-09-03|2026-09-04|2026-09-08|2026-09-09|2026-09-10|2026-09-11|2026-09-14|2026-09-15|2026-09-16|2026-09-17|2026-09-18|2026-09-21|2026-09-22|2026-09-23|2026-09-24|2026-09-25|2026-09-28|2026-09-29|2026-09-30|2026-10-01|2026-10-02|2026-10-05|2026-10-06|2026-10-07|2026-10-08|2026-10-09,2026-10-10 01:38:39,0.0
Jabil,,2026-08-28|2026-08-31|2026-09-01|2026-09-02|2026-09-03|2026-09-04|2026-09-08|2026-09-09|2026-09-10|2026-09-11|2026-09-14|2026-09-15|2026-09-16|2026-09-17|2026-09-18|2026-09-21|2026-09-22|2026-09-23|2026-09-24|2026-09-25|2026-09-28|2026-09-29|2026-09-30|2026-10-01|2026-10-02|2026-10-05|2026-10-06|2026-10-07|2026-10-08|2026-10-09,2026-10-10 01:38:39,0.0
Gilead Sciences,,2026-08-28|2026-08-31|2026-09-01|2026-09-02|2026-09-03|2026-09-04|2026-09-08|2026-09-09|2026-09-10|2026-09-11|2026-09-14|2026-09-15|2026-09-16|2026-09-17|2026-09-18|2026-09-21|2026-09-22|2026-09-23|2026-09-24|2026-09-25|2026-09-28|2026-09-29|2026-09-30|2026-10-01|2026-10-02|2026-10-05|2026-10-06|2026-10-07|2026-10-08|2026-10-09,2026-10-10 01:38:39,0.0
HF Sinclair,,2026-08-28|2026-08-31|2026-09-01|2026-09-02|2026-09-03|2026-09-04|2026-09-08|2026-09-09|2026-09-10|2026-09-11|2026-09-14|2026-09-15|2026-09-16|2026-09-17|2026-09-18|2026-09-21|2026-09-22|2026-09-23|2026-09-24|2026-09-25|2026-09-28|2026-09-29|2026-09-30|2026-10-01|2026-10-02|2026-10-05|2026-10-06|2026-10-07|2026-10-08|2026-10-09,2026-10-10 01:38:39,0.0
CarMax,,2026-08-28|2026-08-31|2026-09-01|2026-09-02|2026-09-03|2026-09-04|2026-09-08|2026-09-09|2026-09-10|2026-09-11|2026-09-14|2026-09-15|2026-09-16|2026-09-17|2026-09-18|2026-09-21|2026-09-22|2026-09-23|2026-09-24|2026-09-25|2026-09-28|2026-09-29|2026-09-30|2026-10-01|2026-10-02|2026-10-05|2026-10-06|2026-10-07|2026-10-08|2026-10-09,2026-10-10 01:38:39,0.0
Mastercard,,2026-08-28|2026-08-31|2026-09-01|2026-09-02|2026-09-03|2026-09-04|2026-09-08|2026-09-09|2026-09-10|2026-09-11|2026-09-14|2026-09-15|2026-09-16|2026-09-17|2026-09-18|2026-09-21|2026-09-22|2026-09-23|2026-09-24|2026-09-25|2026-09-28|2026-09-29|2026-09-30|2026-10-01|2026-10-02|2026-10-05|2026-10-06|2026-10-07|2026-10-08|2026-10-09,2026-10-10 01:38:39,0.0
NRG Energy,,2026-08-28|2026-08-31|2026-09-01|2026-09-02|2026-09-03|2026-09-04|2026-09-08|2026-09-09|2026-09-10|2026-09-11|2026-09-14|2026-09-15|2026-09-16|2026-09-17|2026-09-18|2026-09-21|2026-09-22|2026-09-23|2026-09-24|2026-09-25|2026-09-28|2026-09-29|2026-09-30|2026-10-01|2026-10-02|2026-10-05|2026-10-06|2026-10-07|2026-10-08|2026-10-09,2026-10-10 01:38:39,0.0
Arrow Electronics,,2026-08-28|2026-08-31|2026-09-01|2026-09-02|2026-09-03|2026-09-04|2026-09-08|2026-09-09|2026-09-10|2026-09-11|2026-09-14|2026-09-15|2026-09-16|2026-09-17|2026-09-18|2026-09-21|2026-09-22|2026-09-23|2026-09-24|2026-09-25|2026-09-28|2026-09-29|2026-09-30|2026-10-01|2026-10-02|2026-10-05|2026-10-06|2026-10-07|2026-10-08|2026-10-09,2026-10-10 01:38:39,0.0
Baker Hughes,,2026-08-28|2026-08-31|2026-09-01|2026-09-02|2026-09-03|2026-09-04|2026-09-08|2026-09-09|2026-09-10|2026-09-11|2026-09-14|2026-09-15|2026-09-16|2026-09-17|2026-09-18|2026-09-21|2026-09-22|2026-09-23|2026-09-24|2026-09-25|2026-09-28|2026-09-29|2026-09-30|2026-10-01|2026-10-02|2026-10-05|2026-10-06|2026-10-07|2026-10-08|2026-10-09,2026-10-10 01:38:39,0.0
Southwest Airlines,,2026-08-28|2026-08-31|2026-09-01|2026-09-02|2026-09-03|2026-09-04|2026-09-08|2026-09-09|2026-09-10|2026-09-11|2026-09-14|2026-09-15|2026-09-16|2026-09-17|2026-09-18|2026-09-21|2026-09-22|2026-09-23|2026-09-24|2026-09-25|2026-09-28|2026-09-29|2026-09-30|2026-10-01|2026-10-02|2026-10-05|2026-10-06|2026-10-07|2026-10-08|2026-10-09,2026-10-10 01:38:39,0.0
AIG,,2026-08-28|2026-08-31|2026-09-01|2026-09-02|2026-09-03|2026-09-04|2026-09-08|2026-09-09|2026-09-10|2026-09-11|2026-09-14|2026-09-15|2026-09-16|2026-09-17|2026-09-18|2026-09-21|2026-09-22|2026-09-23|2026-09-24|2026-09-25|2026-09-28|2026-09-29|2026-09-30|2026-10-01|2026-10-02|2026-10-05|2026-10-06|2026-10-07|2026-10-08|2026-10-09,2026-10-10 01:38:39,0.0
Applied Materials,,2026-08-28|2026-08-31|2026-09-01|2026-09-02|2026-09-03|2026-09-04|2026-09-08|2026-09-09|2026-09-10|2026-09-11|2026-09-14|2026-09-15|2026-09-16|2026-09-17|2026-09-18|2026-09-21|2026-09-22|2026-09-23|2026-09-24|2026-09-25|2026-09-28|2026-09-29|2026-09-30|2026-10-01|2026-10-02|2026-10-05|2026-10-06|2026-10-07|2026-10-08|2026-10-09,2026-10-10 01:38:39,0.0
Occidental Petroleum,,2026-08-28|2026-08-31|2026-09-01|2026-09-02|2026-09-03|2026-09-04|2026-09-08|2026-09-09|2026-09-10|2026-09-11|2026-09-14|2026-09-15|2026-09-16|2026-09-17|2026-09-18|2026-09-21|2026-09-22|2026-09-23|2026-09-24|2026-09-25|2026-09-28|2026-09-29|2026-09-30|2026-10-01|2026-10-02|2026-10-05|2026-10-06|2026-10-07|2026-10-08|2026-10-09,2026-10-10 01:38:39,0.0
AutoNation,,2026-08-28|2026-08-31|2026-09-01|2026-09-02|2026-09-03|2026-09-04|2026-09-08|2026-09-09|2026-09-10|2026-09-11|2026-09-14|2026-09-15|2026-09-16|2026-09-17|2026-09-18|2026-09-21|2026-09-22|2026-09-23|2026-09-24|2026-09-25|2026-09-28|2026-09-29|2026-09-30|2026-10-01|2026-10-02|2026-10-05|2026-10-06|2026-10-07|2026-10-08|2026-10-09,2026-10-10 01:38:39,0.0
Southern Company,,2026-08-28|2026-08-31|2026-09-01|2026-09-02|2026-09-03|2026-09-04|2026-09-08|2026-09-09|2026-09-10|2026-09-11|2026-09-14|2026-09-15|2026-09-16|2026-09-17|2026-09-18|2026-09-21|2026-09-22|2026-09-23|2026-09-24|2026-09-25|2026-09-28|2026-09-29|2026-09-30|2026-10-01|2026-10-02|2026-10-05|2026-10-06|2026-10-07|2026-10-08|2026-10-09,2026-10-10 01:38:39,0.0
The Hartford Insurance,,2026-08-28|2026-08-31|2026-09-01|2026-09-02|2026-09-03|2026-09-04|2026-09-08|2026-09-09|2026-09-10|2026-09-11|2026-09-14|2026-09-15|2026-09-16|2026-09-17|2026-09-18|2026-09-21|2026-09-22|2026-09-23|2026-09-24|2026-09-25|2026-09-28|2026-09-29|2026-09-30|2026-10-01|2026-10-02|2026-10-05|2026-10-06|2026-10-07|2026-10-08|2026-10-09,2026-10-10 01:38:39,0.0
Apollo Global Management,,2026-08-28|2026-08-31|2026-09-01|2026-09-02|2026-09-03|2026-09-04|2026-09-08|2026-09-09|2026-09-10|2026-09-11|2026-09-14|2026-09-15|2026-09-16|2026-09-17|2026-09-18|2026-09-21|2026-09-22|2026-09-23|2026-09-24|2026-09-25|2026-09-28|2026-09-29|2026-09-30|2026-10-01|2026-10-02|2026-10-05|2026-10-06|2026-10-07|2026-10-08|2026-10-09,2026-10-10 01:38:39,0.0
Charles Schwab,,2026-08-28|2026-08-31|2026-09-01|2026-09-02|2026-09-03|2026-09-04|2026-09-08|2026-09-09|2026-09-10|2026-09-11|2026-09-14|2026-09-15|2026-09-16|2026-09-17|2026-09-18|2026-09-21|2026-09-22|2026-09-23|2026-09-24|2026-09-25|2026-09-28|2026-09-29|2026-09-30|2026-10-01|2026-10-02|2026-10-05|2026-10-06|2026-10-07|2026-10-08|2026-10-09,2026-10-10 01:38:39,0.0
McDonalds,,2026-08-28|2026-08-31|2026-09-01|2026-09-02|2026-09-03|2026-09-04|2026-09-08|2026-09-09|2026-09-10|2026-09-11|2026-09-14|2026-09-15|2026-09-16|2026-09-17|2026-09-18|2026-09-21|2026-09-22|2026-09-23|2026-09-24|2026-09-25|2026-09-28|2026-09-29|2026-09-30|2026-10-01|2026-10-02|2026-10-05|2026-10-06|2026-10-07|2026-10-08|2026-10-09,2026-10-10 01:38:39,0.0
Kraft Heinz,,2026-08-28|2026-08-31|2026-09-01|2026-09-02|2026-09-03|2026-09-04|2026-09-08|2026-09-09|2026-09-10|2026-09-11|2026-09-14|2026-09-15|2026-09-16|2026-09-17|2026-09-18|2026-09-21|2026-09-22|2026-09-23|2026-09-24|2026-09-25|2026-09-28|2026-09-29|2026-09-30|2026-10-01|2026-10-02|2026-10-05|2026-10-06|2026-10-07|2026-10-08|2026-10-09,2026-10-10 01:38:39,0.0
Advanced Micro Devices,,2026-08-28|2026-08-31|2026-09-01|2026-09-02|2026-09-03|2026-09-04|2026-09-08|2026-09-09|2026-09-10|2026-09-11|2026-09-14|2026-09-15|2026-09-16|2026-09-17|2026-09-18|2026-09-21|2026-09-22|2026-09-23|2026-09-24|2026-09-25|2026-09-28|2026-09-29|2026-09-30|2026-10-01|2026-10-02|2026-10-05|2026-10-06|2026-10-07|2026-10-08|2026-10-09,2026-10-10 01:38:39,0.0
Truist Financial,,2026-08-28|2026-08-31|2026-09-01|2026-09-02|2026-09-03|2026-09-04|2026-09-08|2026-09-09|2026-09-10|2026-09-11|2026-09-14|2026-09-15|2026-09-16|2026-09-17|2026-09-18|2026-09-21|2026-09-22|2026-09-23|2026-09-24|2026-09-25|2026-09-28|2026-09-29|2026-09-30|2026-10-01|2026-10-02|2026-10-05|2026-10-06|2026-10-07|2026-10-08|2026-10-09,2026-10-10 01:38:39,0.0
Freeport-McMoRan,,2026-08-28|2026-08-31|2026-09-01|2026-09-02|2026-09-03|2026-09-04|2026-09-08|2026-09-09|2026-09-10|2026-09-11|2026-09-14|2026-09-15|2026-09-16|2026-09-17|2026-09-18|2026-09-21|2026-09-22|2026-09-23|2026-09-24|2026-09-25|2026-09-28|2026-09-29|2026-09-30|2026-10-01|2026-10-02|2026-10-05|2026-10-06|2026-10-07|2026-10-08|2026-10-09,2026-10-10 01:38:39,0.0
Micron Technology,,2026-08-28|2026-08-31|2026-09-01|2026-09-02|2026-09-03|2026-09-04|2026-09-08|2026-09-09|2026-09-10|2026-09-11|2026-09-14|2026-09-15|2026-09-16|2026-09-17|2026-09-18|2026-09-21|2026-09-22|2026-09-23|2026-09-24|2026-09-25|2026-09-28|2026-09-29|2026-09-30|2026-10-01|2026-10-02|2026-10-05|2026-10-06|2026-10-07|2026-10-08|2026-10-09,2026-10-10 01:38:39,0.0
Marriott International,,2026-08-28|2026-08-31|2026-09-01|2026-09-02|2026-09-03|2026-09-04|2026-09-08|2026-09-09|2026-09-10|2026-09-11|2026-09-14|2026-09-15|2026-09-16|2026-09-17|2026-09-18|2026-09-21|2026-09-22|2026-09-23|2026-09-24|2026-09-25|2026-09-28|2026-09-29|2026-09-30|2026-10-01|2026-10-02|2026-10-05|2026-10-06|2026-10-07|2026-10-08|2026-10-09,2026-10-10 01:38:39,0.0
Carrier Global,,2026-08-28|2026-08-31|2026-09-01|2026-09-02|2026-09-03|2026-09-04|2026-09-08|2026-09-09|2026-09-10|2026-09-11|2026-09-14|2026-09-15|2026-09-16|2026-09-17|2026-09-18|2026-09-21|2026-09-22|2026-09-23|2026-09-24|2026-09-25|2026-09-28|2026-09-29|2026-09-30|2026-10-01|2026-10-02|2026-10-05|2026-10-06|2026-10-07|2026-10-08|2026-10-09,2026-10-10 01:38:39,0.0
NextEra Energy,,2026-08-28|2026-08-31|2026-09-01|2026-09-02|2026-09-03|2026-09-04|2026-09-08|2026-09-09|2026-09-10|2026-09-11|2026-09-14|2026-09-15|2026-09-16|2026-09-17|2026-09-18|2026-09-21|2026-09-22|2026-09-23|2026-09-24|2026-09-25|2026-09-28|2026-09-29|2026-09-30|2026-10-01|2026-10-02|2026-10-05|2026-10-06|2026-10-07|2026-10-08|2026-10-09,2026-10-10 01:38:39,0.0
3M Company,,2026-08-28|2026-08-31|2026-09-01|2026-09-02|2026-09-03|2026-09-04|2026-09-08|2026-09-09|2026-09-10|2026-09-11|2026-09-14|2026-09-15|2026-09-16|2026-09-17|2026-09-18|2026-09-21|2026-09-22|2026-09-23|2026-09-24|2026-09-25|2026-09-28|2026-09-29|2026-09-30|2026-10-01|2026-10-02|2026-10-05|2026-10-06|2026-10-07|2026-10-08|2026-10-09,2026-10-10 01:38:39,0.0
Pacific Gas and Electric Company,,2026-08-28|2026-08-31|2026-09-01|2026-09-02|2026-09-03|2026-09-04|2026-09-08|2026-09-09|2026-09-10|2026-09-11|2026-09-14|2026-09-15|2026-09-16|2026-09-17|2026-09-18|2026-09-21|2026-09-22|2026-09-23|2026-09-24|2026-09-25|2026-09-28|2026-09-29|2026-09-30|2026-10-01|2026-10-02|2026-10-05|2026-10-06|2026-10-07|2026-10-08|2026-10-09,2026-10-10 01:38:39,0.0
Union Pacific,,2026-08-28|2026-08-31|2026-09-01|2026-09-02|2026-09-03|2026-09-04|2026-09-08|2026-09-09|2026-09-10|2026-09-11|2026-09-14|2026-09-15|2026-09-16|2026-09-17|2026-09-18|2026-09-21|2026-09-22|2026-09-23|2026-09-24|2026-09-25|2026-09-28|2026-09-29|2026-09-30|2026-10-01|2026-10-02|2026-10-05|2026-10-06|2026-10-07|2026-10-08|2026-10-09,2026-10-10 01:38:39,0.0
Synchrony Financial,,2026-08-28|2026-08-31|2026-09-01|2026-09-02|2026-09-03|2026-09-04|2026-09-08|2026-09-09|2026-09-10|2026-09-11|2026-09-14|2026-09-15|2026-09-16|2026-09-17|2026-09-18|2026-09-21|2026-09-22|2026-09-23|2026-09-24|2026-09-25|2026-09-28|2026-09-29|2026-09-30|2026-10-01|2026-10-02|2026-10-05|2026-10-06|2026-10-07|2026-10-08|2026-10-09,2026-10-10 01:38:39,0.0
Danaher,,2026-08-28|2026-08-31|2026-09-01|2026-09-02|2026-09-03|2026-09-04|2026-09-08|2026-09-09|2026-09-10|2026-09-11|2026-09-14|2026-09-15|2026-09-16|2026-09-17|2026-09-18|2026-09-21|2026-09-22|2026-09-23|2026-09-24|2026-09-25|2026-09-28|2026-09-29|2026-09-30|2026-10-01|2026-10-02|2026-10-05|2026-10-06|2026-10-07|2026-10-08|2026-10-09,2026-10-10 01:38:39,0.0
Avnet,,2026-08-28|2026-08-31|2026-09-01|2026-09-02|2026-09-03|2026-09-04|2026-09-08|2026-09-09|2026-09-10|2026-09-11|2026-09-14|2026-09-15|2026-09-16|2026-09-17|2026-09-18|2026-09-21|2026-09-22|2026-09-23|2026-09-24|2026-09-25|2026-09-28|2026-09-29|2026-09-30|2026-10-01|2026-10-02|2026-10-05|2026-10-06|2026-10-07|2026-10-08|2026-10-09,2026-10-10 01:38:39,0.0
Booking Holdings,,2026-08-28|2026-08-31|2026-09-01|2026-09-02|2026-09-03|2026-09-04|2026-09-08|2026-09-09|2026-09-10|2026-09-11|2026-09-14|2026-09-15|2026-09-16|2026-09-17|2026-09-18|2026-09-21|2026-09-22|2026-09-23|2026-09-24|2026-09-25|2026-09-28|2026-09-29|2026-09-30|2026-10-01|2026-10-02|2026-10-05|2026-10-06|2026-10-07|2026-10-08|2026-10-09,2026-10-10 01:38:39,0.0
EOG Resources,,2026-08-28|2026-08-31|2026-09-01|2026-09-02|2026-09-03|2026-09-04|2026-09-08|2026-09-09|2026-09-10|2026-09-11|2026-09-14|2026-09-15|2026-09-16|2026-09-17|2026-09-18|2026-09-21|2026-09-22|2026-09-23|2026-09-24|2026-09-25|2026-09-28|2026-09-29|2026-09-30|2026-10-01|2026-10-02|2026-10-05|2026-10-06|2026-10-07|2026-10-08|2026-10-09,2026-10-10 01:38:39,0.0
Quanta Services,,2026-08-28|2026-08-31|2026-09-01|2026-09-02|2026-09-03|2026-09-04|2026-09-08|2026-09-09|2026-09-10|2026-09-11|2026-09-14|2026-09-15|2026-09-16|2026-09-17|2026-09-18|2026-09-21|2026-09-22|2026-09-23|2026-09-24|2026-09-25|2026-09-28|2026-09-29|2026-09-30|2026-10-01|2026-10-02|2026-10-05|2026-10-06|2026-10-07|2026-10-08|2026-10-09,2026-10-10 01:38:39,0.0
Constellation Energy,,2026-08-28|2026-08-31|2026-09-01|2026-09-02|2026-09-03|2026-09-04|2026-09-08|2026-09-09|2026-09-10|2026-09-11|2026-09-14|2026-09-15|2026-09-16|2026-09-17|2026-09-18|2026-09-21|2026-09-22|2026-09-23|2026-09-24|2026-09-25|2026-09-28|2026-09-29|2026-09-30|2026-10-01|2026-10-02|2026-10-05|2026-10-06|2026-10-07|2026-10-08|2026-10-09,2026-10-10 01:38:39,0.0
Genuine Parts Company,,2026-08-28|2026-08-31|2026-09-01|2026-09-02|2026-09-03|2026-09-04|2026-09-08|2026-09-09|2026-09-10|2026-09-11|2026-09-14|2026-09-15|2026-09-16|2026-09-17|2026-09-18|2026-09-21|2026-09-22|2026-09-23|2026-09-24|2026-09-25|2026-09-28|2026-09-29|2026-09-30|2026-10-01|2026-10-02|2026-10-05|2026-10-06|2026-10-07|2026-10-08|2026-10-09,2026-10-10 01:38:39,0.0
Jones Lang LaSalle,,2026-08-28|2026-08-31|2026-09-01|2026-09-02|2026-09-03|2026-09-04|2026-09-08|2026-09-09|2026-09-10|2026-09-11|2026-09-14|2026-09-15|2026-09-16|2026-09-17|2026-09-18|2026-09-21|2026-09-22|2026-09-23|2026-09-24|2026-09-25|2026-09-28|2026-09-29|2026-09-30|2026-10-01|2026-10-02|2026-10-05|2026-10-06|2026-10-07|2026-10-08|2026-10-09,2026-10-10 01:38:39,0.0
Lear Corporation,,2026-08-28|2026-08-31|2026-09-01|2026-09-02|2026-09-03|2026-09-04|2026-09-08|2026-09-09|2026-09-10|2026-09-11|2026-09-14|2026-09-15|2026-09-16|2026-09-17|2026-09-18|2026-09-21|2026-09-22|2026-09-23|2026-09-24|2026-09-25|2026-09-28|2026-09-29|2026-09-30|2026-10-01|2026-10-02|2026-10-05|2026-10-06|2026-10-07|2026-10-08|2026-10-09,2026-10-10 01:38:39,0.0
Live Nation Entertainment,,2026-08-28|2026-08-31|2026-09-01|2026-09-02|2026-09-03|2026-09-04|2026-09-08|2026-09-09|2026-09-10|2026-09-11|2026-09-14|2026-09-15|2026-09-16|2026-09-17|2026-09-18|2026-09-21|2026-09-22|2026-09-23|2026-09-24|2026-09-25|2026-09-28|2026-09-29|2026-09-30|2026-10-01|2026-10-02|2026-10-05|2026-10-06|2026-10-07|2026-10-08|2026-10-09,2026-10-10 01:38:39,0.0
Sherwin-Williams,,2026-08-28|2026-08-31|2026-09-01|2026-09-02|2026-09-03|2026-09-04|2026-09-08|2026-09-09|2026-09-10|2026-09-11|2026-09-14|2026-09-15|2026-09-16|2026-09-17|2026-09-18|2026-09-21|2026-09-22|2026-09-23|2026-09-24|2026-09-25|2026-09-28|2026-09-29|2026-09-30|2026-10-01|2026-10-02|2026-10-05|2026-10-06|2026-10-07|2026-10-08|2026-10-09,2026-10-10 01:38:39,0.0
Exelon,,2026-08-28|2026-08-31|2026-09-01|2026-09-02|2026-09-03|2026-09-04|2026-09-08|2026-09-09|2026-09-10|2026-09-11|2026-09-14|2026-09-15|2026-09-16|2026-09-17|2026-09-18|2026-09-21|2026-09-22|2026-09-23|2026-09-24|2026-09-25|2026-09-28|2026-09-29|2026-09-30|2026-10-01|2026-10-02|2026-10-05|2026-10-06|2026-10-07|2026-10-08|2026-10-09,2026-10-10 01:38:39,0.0
Macys,,2026-08-28|2026-08-31|2026-09-01|2026-09-02|2026-09-03|2026-09-04|2026-09-08|2026-09-09|2026-09-10|2026-09-11|2026-09-14|2026-09-15|2026-09-16|2026-09-17|2026-09-18|2026-09-21|2026-09-22|2026-09-23|2026-09-24|2026-09-25|2026-09-28|2026-09-29|2026-09-30|2026-10-01|2026-10-02|2026-10-05|2026-10-06|2026-10-07|2026-10-08|2026-10-09,2026-10-10 01:38:39,0.0
Halliburton,,2026-08-28|2026-08-31|2026-09-01|2026-09-02|2026-09-03|2026-09-04|2026-09-08|2026-09-09|2026-09-10|2026-09-11|2026-09-14|2026-09-15|2026-09-16|2026-09-17|2026-09-18|2026-09-21|2026-09-22|2026-09-23|2026-09-24|2026-09-25|2026-09-28|2026-09-29|2026-09-30|2026-10-01|2026-10-02|2026-10-05|2026-10-06|2026-10-07|2026-10-08|2026-10-09,2026-10-10 01:38:39,0.0
Stryker,,2026-08-28|2026-08-31|2026-09-01|2026-09-02|2026-09-03|2026-09-04|2026-09-08|2026-09-09|2026-09-10|2026-09-11|2026-09-14|2026-09-15|2026-09-16|2026-09-17|2026-09-18|2026-09-21|2026-09-22|2026-09-23|2026-09-24|2026-09-25|2026-09-28|2026-09-29|2026-09-30|2026-10-01|2026-10-02|2026-10-05|2026-10-06|2026-10-07|2026-10-08|2026-10-09,2026-10-10 01:38:39,0.0
Reinsurance Group of America,,2026-08-28|2026-08-31|2026-09-01|2026-09-02|2026-09-03|2026-09-04|2026-09-08|2026-09-09|2026-09-10|2026-09-11|2026-09-14|2026-09-15|2026-09-16|2026-09-17|2026-09-18|2026-09-21|2026-09-22|2026-09-23|2026-09-24|2026-09-25|2026-09-28|2026-09-29|2026-09-30|2026-10-01|2026-10-02|2026-10-05|2026-10-06|2026-10-07|2026-10-08|2026-10-09,2026-10-10 01:38:39,0.0
State Street,,2026-08-28|2026-08-31|2026-09-01|2026-09-02|2026-09-03|2026-09-04|2026-09-08|2026-09-09|2026-09-10|2026-09-11|2026-09-14|2026-09-15|2026-09-16|2026-09-17|2026-09-18|2026-09-21|2026-09-22|2026-09-23|2026-09-24|2026-09-25|2026-09-28|2026-09-29|2026-09-30|2026-10-01|2026-10-02|2026-10-05|2026-10-06|2026-10-07|2026-10-08|2026-10-09,2026-10-10 01:38:39,0.0
WESCO International,,2026-08-28|2026-08-31|2026-09-01|2026-09-02|2026-09-03|2026-09-04|2026-09-08|2026-09-09|2026-09-10|2026-09-11|2026-09-14|2026-09-15|2026-09-16|2026-09-17|2026-09-18|2026-09-21|2026-09-22|2026-09-23|2026-09-24|2026-09-25|2026-09-28|2026-09-29|2026-09-30|2026-10-01|2026-10-02|2026-10-05|2026-10-06|2026-10-07|2026-10-08|2026-10-09,2026-10-10 01:38:39,0.0
Oneok,,2026-08-28|2026-08-31|2026-09-01|2026-09-02|2026-09-03|2026-09-04|2026-09-08|2026-09-09|2026-09-10|2026-09-11|2026-09-14|2026-09-15|2026-09-16|2026-09-17|2026-09-18|2026-09-21|2026-09-22|2026-09-23|2026-09-24|2026-09-25|2026-09-28|2026-09-29|2026-09-30|2026-10-01|2026-10-02|2026-10-05|2026-10-06|2026-10-07|2026-10-08|2026-10-09,2026-10-10 01:38:39,0.0
Adobe,,2026-08-28|2026-08-31|2026-09-01|2026-09-02|2026-09-03|2026-09-04|2026-09-08|2026-09-09|2026-09-10|2026-09-11|2026-09-14|2026-09-15|2026-09-16|2026-09-17|2026-09-18|2026-09-21|2026-09-22|2026-09-23|2026-09-24|2026-09-25|2026-09-28|2026-09-29|2026-09-30|2026-10-01|2026-10-02|2026-10-05|2026-10-06|2026-10-07|2026-10-08|2026-10-09,2026-10-10 01:38:39,0.0
L3Harris Technologies,,2026-08-28|2026-08-31|2026-09-01|2026-09-02|2026-09-03|2026-09-04|2026-09-08|2026-09-09|2026-09-10|2026-09-11|2026-09-14|2026-09-15|2026-09-16|2026-09-17|2026-09-18|2026-09-21|2026-09-22|2026-09-23|2026-09-24|2026-09-25|2026-09-28|2026-09-29|2026-09-30|2026-10-01|2026-10-02|2026-10-05|2026-10-06|2026-10-07|2026-10-08|2026-10-09,2026-10-10 01:38:39,0.0
Ross Stores,,2026-08-28|2026-08-31|2026-09-01|2026-09-02|2026-09-03|2026-09-04|2026-09-08|2026-09-09|2026-09-10|2026-09-11|2026-09-14|2026-09-15|2026-09-16|2026-09-17|2026-09-18|2026-09-21|2026-09-22|2026-09-23|2026-09-24|2026-09-25|2026-09-28|2026-09-29|2026-09-30|2026-10-01|2026-10-02|2026-10-05|2026-10-06|2026-10-07|2026-10-08|2026-10-09,2026-10-10 01:38:39,0.0
CDW,,2026-08-28|2026-08-31|2026-09-01|2026-09-02|2026-09-03|2026-09-04|2026-09-08|2026-09-09|2026-09-10|2026-09-11|2026-09-14|2026-09-15|2026-09-16|2026-09-17|2026-09-18|2026-09-21|2026-09-22|2026-09-23|2026-09-24|2026-09-25|2026-09-28|2026-09-29|2026-09-30|2026-10-01|2026-10-02|2026-10-05|2026-10-06|2026-10-07|2026-10-08|2026-10-09,2026-10-10 01:38:39,0.0
Tenet Healthcare,,2026-08-28|2026-08-31|2026-09-01|2026-09-02|2026-09-03|2026-09-04|2026-09-08|2026-09-09|2026-09-10|2026-09-11|2026-09-14|2026-09-15|2026-09-16|2026-09-17|2026-09-18|2026-09-21|2026-09-22|2026-09-23|2026-09-24|2026-09-25|2026-09-28|2026-09-29|2026-09-30|2026-10-01|2026-10-02|2026-10-05|2026-10-06|2026-10-07|2026-10-08|2026-10-09,2026-10-10 01:38:39,0.0
BJ's Wholesale Club,,2026-08-28|2026-08-31|2026-09-01|2026-09-02|2026-09-03|2026-09-04|2026-09-08|2026-09-09|2026-09-10|2026-09-11|2026-09-14|2026-09-15|2026-09-16|2026-09-17|2026-09-18|2026-09-21|2026-09-22|2026-09-23|2026-09-24|2026-09-25|2026-09-28|2026-09-29|2026-09-30|2026-10-01|2026-10-02|2026-10-05|2026-10-06|2026-10-07|2026-10-08|2026-10-09,2026-10-10 01:38:39,0.0
Altria,,2026-08-28|2026-08-31|2026-09-01|2026-09-02|2026-09-03|2026-09-04|2026-09-08|2026-09-09|2026-09-10|2026-09-11|2026-09-14|2026-09-15|2026-09-16|2026-09-17|2026-09-18|2026-09-21|2026-09-22|2026-09-23|2026-09-24|2026-09-25|2026-09-28|2026-09-29|2026-09-30|2026-10-01|2026-10-02|2026-10-05|2026-10-06|2026-10-07|2026-10-08|2026-10-09,2026-10-10 01:38:39,0.0
BlackRock,,2026-08-28|2026-08-31|2026-09-01|2026-09-02|2026-09-03|2026-09-04|2026-09-08|2026-09-09|2026-09-10|2026-09-11|2026-09-14|2026-09-15|2026-09-16|2026-09-17|2026-09-18|2026-09-21|2026-09-22|2026-09-23|2026-09-24|2026-09-25|2026-09-28|2026-09-29|2026-09-30|2026-10-01|2026-10-02|2026-10-05|2026-10-06|2026-10-07|2026-10-08|2026-10-09,2026-10-10 01:38:39,0.0
Becton Dickinson,,2026-08-28|2026-08-31|2026-09-01|2026-09-02|2026-09-03|2026-09-04|2026-09-08|2026-09-09|2026-09-10|2026-09-11|2026-09-14|2026-09-15|2026-09-16|2026-09-17|2026-09-18|2026-09-21|2026-09-22|2026-09-23|2026-09-24|2026-09-25|2026-09-28|2026-09-29|2026-09-30|2026-10-01|2026-10-02|2026-10-05|2026-10-06|2026-10-07|2026-10-08|2026-10-09,2026-10-10 01:38:39,0.0
Colgate-Palmolive,,2026-08-28|2026-08-31|2026-09-01|2026-09-02|2026-09-03|2026-09-04|2026-09-08|2026-09-09|2026-09-10|2026-09-11|2026-09-14|2026-09-15|2026-09-16|2026-09-17|2026-09-18|2026-09-21|2026-09-22|2026-09-23|2026-09-24|2026-09-25|2026-09-28|2026-09-29|2026-09-30|2026-10-01|2026-10-02|2026-10-05|2026-10-06|2026-10-07|2026-10-08|2026-10-09,2026-10-10 01:38:39,0.0
Kimberly-Clark,,2026-08-28|2026-08-31|2026-09-01|2026-09-02|2026-09-03|2026-09-04|2026-09-08|2026-09-09|2026-09-10|2026-09-11|2026-09-14|2026-09-15|2026-09-16|2026-09-17|2026-09-18|2026-09-21|2026-09-22|2026-09-23|2026-09-24|2026-09-25|2026-09-28|2026-09-29|2026-09-30|2026-10-01|2026-10-02|2026-10-05|2026-10-06|2026-10-07|2026-10-08|2026-10-09,2026-10-10 01:38:39,0.0
Group 1 Automotive,,2026-08-28|2026-08-31|2026-09-01|2026-09-02|2026-09-03|2026-09-04|2026-09-08|2026-09-09|2026-09-10|2026-09-11|2026-09-14|2026-09-15|2026-09-16|2026-09-17|2026-09-18|2026-09-21|2026-09-22|2026-09-23|2026-09-24|2026-09-25|2026-09-28|2026-09-29|2026-09-30|2026-10-01|2026-10-02|2026-10-05|2026-10-06|2026-10-07|2026-10-08|2026-10-09,2026-10-10 01:38:39,0.0
Parker-Hannifin,,2026-08-28|2026-08-31|2026-09-01|2026-09-02|2026-09-03|2026-09-04|2026-09-08|2026-09-09|2026-09-10|2026-09-11|2026-09-14|2026-09-15|2026-09-16|2026-09-17|2026-09-18|2026-09-21|2026-09-22|2026-09-23|2026-09-24|2026-09-25|2026-09-28|2026-09-29|2026-09-30|2026-10-01|2026-10-02|2026-10-05|2026-10-06|2026-10-07|2026-10-08|2026-10-09,2026-10-10 01:38:39,0.0
General Mills,,2026-08-28|2026-08-31|2026-09-01|2026-09-02|2026-09-03|2026-09-04|2026-09-08|2026-09-09|2026-09-10|2026-09-11|2026-09-14|2026-09-15|2026-09-16|2026-09-17|2026-09-18|2026-09-21|2026-09-22|2026-09-23|2026-09-24|2026-09-25|2026-09-28|2026-09-29|2026-09-30|2026-10-01|2026-10-02|2026-10-05|2026-10-06|2026-10-07|2026-10-08|2026-10-09,2026-10-10 01:38:39,0.0
Cognizant Technology Solutions,,2026-08-28|2026-08-31|2026-09-01|2026-09-02|2026-09-03|2026-09-04|2026-09-08|2026-09-09|2026-09-10|2026-09-11|2026-09-14|2026-09-15|2026-09-16|2026-09-17|2026-09-18|2026-09-21|2026-09-22|2026-09-23|2026-09-24|2026-09-25|2026-09-28|2026-09-29|2026-09-30|2026-10-01|2026-10-02|2026-10-05|2026-10-06|2026-10-07|2026-10-08|2026-10-09,2026-10-10 01:38:39,0.0
American Electric Power,,2026-08-28|2026-08-31|2026-09-01|2026-09-02|2026-09-03|2026-09-04|2026-09-08|2026-09-09|2026-09-10|2026-09-11|2026-09-14|2026-09-15|2026-09-16|2026-09-17|2026-09-18|2026-09-21|2026-09-22|2026-09-23|2026-09-24|2026-09-25|2026-09-28|2026-09-29|2026-09-30|2026-10-01|2026-10-02|2026-10-05|2026-10-06|2026-10-07|2026-10-08|2026-10-09,2026-10-10 01:38:39,0.0
GE HealthCare Technologies,,2026-08-28|2026-08-31|2026-09-01|2026-09-02|2026-09-03|2026-09-04|2026-09-08|2026-09-09|2026-09-10|2026-09-11|2026-09-14|2026-09-15|2026-09-16|2026-09-17|2026-09-18|2026-09-21|2026-09-22|2026-09-23|2026-09-24|2026-09-25|2026-09-28|2026-09-29|2026-09-30|2026-10-01|2026-10-02|2026-10-05|2026-10-06|2026-10-07|2026-10-08|2026-10-09,2026-10-10 01:38:39,0.0
Automatic Data Processing,,2026-08-28|2026-08-31|2026-09-01|2026-09-02|2026-09-03|2026-09-04|2026-09-08|2026-09-09|2026-09-10|2026-09-11|2026-09-14|2026-09-15|2026-09-16|2026-09-17|2026-09-18|2026-09-21|2026-09-22|2026-09-23|2026-09-24|2026-09-25|2026-09-28|2026-09-29|2026-09-30|2026-10-01|2026-10-02|2026-10-05|2026-10-06|2026-10-07|2026-10-08|2026-10-09,2026-10-10 01:38:39,0.0
Cleveland-Cliffs,,2026-08-28|2026-08-31|2026-09-01|2026-09-02|2026-09-03|2026-09-04|2026-09-08|2026-09-09|2026-09-10|2026-09-11|2026-09-14|2026-09-15|2026-09-16|2026-09-17|2026-09-18|2026-09-21|2026-09-22|2026-09-23|2026-09-24|2026-09-25|2026-09-28|2026-09-29|2026-09-30|2026-10-01|2026-10-02|2026-10-05|2026-10-06|2026-10-07|2026-10-08|2026-10-09,2026-10-10 01:38:39,0.0
Aflac,,2026-08-28|2026-08-31|2026-09-01|2026-09-02|2026-09-03|2026-09-04|2026-09-08|2026-09-09|2026-09-10|2026-09-11|2026-09-14|2026-09-15|2026-09-16|2026-09-17|2026-09-18|2026-09-21|2026-09-22|2026-09-23|2026-09-24|2026-09-25|2026-09-28|2026-09-29|2026-09-30|2026-10-01|2026-10-02|2026-10-05|2026-10-06|2026-10-07|2026-10-08|2026-10-09,2026-10-10 01:38:39,0.0
Goodyear Tire & Rubber,,2026-08-28|2026-08-31|2026-09-01|2026-09-02|2026-09-03|2026-09-04|2026-09-08|2026-09-09|2026-09-10|2026-09-11|2026-09-14|2026-09-15|2026-09-16|2026-09-17|2026-09-18|2026-09-21|2026-09-22|2026-09-23|2026-09-24|2026-09-25|2026-09-28|2026-09-29|2026-09-30|2026-10-01|2026-10-02|2026-10-05|2026-10-06|2026-10-07|2026-10-08|2026-10-09,2026-10-10 01:38:39,0.0
Corebridge Financial,,2026-08-28|2026-08-31|2026-09-01|2026-09-02|2026-09-03|2026-09-04|2026-09-08|2026-09-09|2026-09-10|2026-09-11|2026-09-14|2026-09-15|2026-09-16|2026-09-17|2026-09-18|2026-09-21|2026-09-22|2026-09-23|2026-09-24|2026-09-25|2026-09-28|2026-09-29|2026-09-30|2026-10-01|2026-10-02|2026-10-05|2026-10-06|2026-10-07|2026-10-08|2026-10-09,2026-10-10 01:38:39,0.0
Newmont,,2026-08-28|2026-08-31|2026-09-01|2026-09-02|2026-09-03|2026-09-04|2026-09-08|2026-09-09|2026-09-10|2026-09-11|2026-09-14|2026-09-15|2026-09-16|2026-09-17|2026-09-18|2026-09-21|2026-09-22|2026-09-23|2026-09-24|2026-09-25|2026-09-28|2026-09-29|2026-09-30|2026-10-01|2026-10-02|2026-10-05|2026-10-06|2026-10-07|2026-10-08|2026-10-09,2026-10-10 01:38:39,0.0
International Paper,,2026-08-28|2026-08-31|2026-09-01|2026-09-02|2026-09-03|2026-09-04|2026-09-08|2026-09-09|2026-09-10|2026-09-11|2026-09-14|2026-09-15|2026-09-16|2026-09-17|2026-09-18|2026-09-21|2026-09-22|2026-09-23|2026-09-24|2026-09-25|2026-09-28|2026-09-29|2026-09-30|2026-10-01|2026-10-02|2026-10-05|2026-10-06|2026-10-07|2026-10-08|2026-10-09,2026-10-10 01:38:39,0.0
AutoZone,,2026-08-28|2026-08-31|2026-09-01|2026-09-02|2026-09-03|2026-09-04|2026-09-08|2026-09-09|2026-09-10|2026-09-11|2026-09-14|2026-09-15|2026-09-16|2026-09-17|2026-09-18|2026-09-21|2026-09-22|2026-09-23|2026-09-24|2026-09-25|2026-09-28|2026-09-29|2026-09-30|2026-10-01|2026-10-02|2026-10-05|2026-10-06|2026-10-07|2026-10-08|2026-10-09,2026-10-10 01:38:39,0.0
Lincoln National,,2026-08-28|2026-08-31|2026-09-01|2026-09-02|2026-09-03|2026-09-04|2026-09-08|2026-09-09|2026-09-10|2026-09-11|2026-09-14|2026-09-15|2026-09-16|2026-09-17|2026-09-18|2026-09-21|2026-09-22|2026-09-23|2026-09-24|2026-09-25|2026-09-28|2026-09-29|2026-09-30|2026-10-01|2026-10-02|2026-10-05|2026-10-06|2026-10-07|2026-10-08|2026-10-09,2026-10-10 01:38:39,0.0
PulteGroup,,2026-08-28|2026-08-31|2026-09-01|2026-09-02|2026-09-03|2026-09-04|2026-09-08|2026-09-09|2026-09-10|2026-09-11|2026-09-14|2026-09-15|2026-09-16|2026-09-17|2026-09-18|2026-09-21|2026-09-22|2026-09-23|2026-09-24|2026-09-25|2026-09-28|2026-09-29|2026-09-30|2026-10-01|2026-10-02|2026-10-05|2026-10-06|2026-10-07|2026-10-08|2026-10-09,2026-10-10 01:38:39,0.0
Ameriprise Financial,,2026-08-28|2026-08-31|2026-09-01|2026-09-02|2026-09-03|2026-09-04|2026-09-08|2026-09-09|2026-09-10|2026-09-11|2026-09-14|2026-09-15|2026-09-16|2026-09-17|2026-09-18|2026-09-21|2026-09-22|2026-09-23|2026-09-24|2026-09-25|2026-09-28|2026-09-29|2026-09-30|2026-10-01|2026-10-02|2026-10-05|2026-10-06|2026-10-07|2026-10-08|2026-10-09,2026-10-10 01:38:39,0.0
Murphy USA,,2026-08-28|2026-08-31|2026-09-01|2026-09-02|2026-09-03|2026-09-04|2026-09-08|2026-09-09|2026-09-10|2026-09-11|2026-09-14|2026-09-15|2026-09-16|2026-09-17|2026-09-18|2026-09-21|2026-09-22|2026-09-23|2026-09-24|2026-09-25|2026-09-28|2026-09-29|2026-09-30|2026-10-01|2026-10-02|2026-10-05|2026-10-06|2026-10-07|2026-10-08|2026-10-09,2026-10-10 01:38:39,0.0
ManpowerGroup,,2026-08-28|2026-08-31|2026-09-01|2026-09-02|2026-09-03|2026-09-04|2026-09-08|2026-09-09|2026-09-10|2026-09-11|2026-09-14|2026-09-15|2026-09-16|2026-09-17|2026-09-18|2026-09-21|2026-09-22|2026-09-23|2026-09-24|2026-09-25|2026-09-28|2026-09-29|2026-09-30|2026-10-01|2026-10-02|2026-10-05|2026-10-06|2026-10-07|2026-10-08|2026-10-09,2026-10-10 01:38:39,0.0
CH Robinson Worldwide,,2026-08-28|2026-08-31|2026-09-01|2026-09-02|2026-09-03|2026-09-04|2026-09-08|2026-09-09|2026-09-10|2026-09-11|2026-09-14|2026-09-15|2026-09-16|2026-09-17|2026-09-18|2026-09-21|2026-09-22|2026-09-23|2026-09-24|2026-09-25|2026-09-28|2026-09-29|2026-09-30|2026-10-01|2026-10-02|2026-10-05|2026-10-06|2026-10-07|2026-10-08|2026-10-09,2026-10-10 01:38:39,0.0
PPG Industries,,2026-08-28|2026-08-31|2026-09-01|2026-09-02|2026-09-03|2026-09-04|2026-09-08|2026-09-09|2026-09-10|2026-09-11|2026-09-14|2026-09-15|2026-09-16|2026-09-17|2026-09-18|2026-09-21|2026-09-22|2026-09-23|2026-09-24|2026-09-25|2026-09-28|2026-09-29|2026-09-30|2026-10-01|2026-10-02|2026-10-05|2026-10-06|2026-10-07|2026-10-08|2026-10-09,2026-10-10 01:38:39,0.0
Edison International,,2026-08-28|2026-08-31|2026-09-01|2026-09-02|2026-09-03|2026-09-04|2026-09-08|2026-09-09|2026-09-10|2026-09-11|2026-09-14|2026-09-15|2026-09-16|2026-09-17|2026-09-18|2026-09-21|2026-09-22|2026-09-23|2026-09-24|2026-09-25|2026-09-28|2026-09-29|2026-09-30|2026-10-01|2026-10-02|2026-10-05|2026-10-06|2026-10-07|2026-10-08|2026-10-09,2026-10-10 01:38:39,0.0
Steel Dynamics,,2026-08-28|2026-08-31|2026-09-01|2026-09-02|2026-09-03|2026-09-04|2026-09-08|2026-09-09|2026-09-10|2026-09-11|2026-09-14|2026-09-15|2026-09-16|2026-09-17|2026-09-18|2026-09-21|2026-09-22|2026-09-23|2026-09-24|2026-09-25|2026-09-28|2026-09-29|2026-09-30|2026-10-01|2026-10-02|2026-10-05|2026-10-06|2026-10-07|2026-10-08|2026-10-09,2026-10-10 01:38:39,0.0
Loews,,2026-08-28|2026-08-31|2026-09-01|2026-09-02|2026-09-03|2026-09-04|2026-09-08|2026-09-09|2026-09-10|2026-09-11|2026-09-14|2026-09-15|2026-09-16|2026-09-17|2026-09-18|2026-09-21|2026-09-22|2026-09-23|2026-09-24|2026-09-25|2026-09-28|2026-09-29|2026-09-30|2026-10-01|2026-10-02|2026-10-05|2026-10-06|2026-10-07|2026-10-08|2026-10-09,2026-10-10 01:38:39,0.0
Emerson Electric,,2026-08-28|2026-08-31|2026-09-01|2026-09-02|2026-09-03|2026-09-04|2026-09-08|2026-09-09|2026-09-10|2026-09-11|2026-09-14|2026-09-15|2026-09-16|2026-09-17|2026-09-18|2026-09-21|2026-09-22|2026-09-23|2026-09-24|2026-09-25|2026-09-28|2026-09-29|2026-09-30|2026-10-01|2026-10-02|2026-10-05|2026-10-06|2026-10-07|2026-10-08|2026-10-09,2026-10-10 01:38:39,0.0
Aramark,,2026-08-28|2026-08-31|2026-09-01|2026-09-02|2026-09-03|2026-09-04|2026-09-08|2026-09-09|2026-09-10|2026-09-11|2026-09-14|2026-09-15|2026-09-16|2026-09-17|2026-09-18|2026-09-21|2026-09-22|2026-09-23|2026-09-24|2026-09-25|2026-09-28|2026-09-29|2026-09-30|2026-10-01|2026-10-02|2026-10-05|2026-10-06|2026-10-07|2026-10-08|2026-10-09,2026-10-10 01:38:39,0.0
MGM Resorts International,,2026-08-28|2026-08-31|2026-09-01|2026-09-02|2026-09-03|2026-09-04|2026-09-08|2026-09-09|2026-09-10|2026-09-11|2026-09-14|2026-09-15|2026-09-16|2026-09-17|2026-09-18|2026-09-21|2026-09-22|2026-09-23|2026-09-24|2026-09-25|2026-09-28|2026-09-29|2026-09-30|2026-10-01|2026-10-02|2026-10-05|2026-10-06|2026-10-07|2026-10-08|2026-10-09,2026-10-10 01:38:39,0.0
Vistra,,2026-08-28|2026-08-31|2026-09-01|2026-09-02|2026-09-03|2026-09-04|2026-09-08|2026-09-09|2026-09-10|2026-09-11|2026-09-14|2026-09-15|2026-09-16|2026-09-17|2026-09-18|2026-09-21|2026-09-22|2026-09-23|2026-09-24|2026-09-25|2026-09-28|2026-09-29|2026-09-30|2026-10-01|2026-10-02|2026-10-05|2026-10-06|2026-10-07|2026-10-08|2026-10-09,2026-10-10 01:38:39,0.0
Asbury Automotive Group,,2026-08-28|2026-08-31|2026-09-01|2026-09-02|2026-09-03|2026-09-04|2026-09-08|2026-09-09|2026-09-10|2026-09-11|2026-09-14|2026-09-15|2026-09-16|2026-09-17|2026-09-18|2026-09-21|2026-09-22|2026-09-23|2026-09-24|2026-09-25|2026-09-28|2026-09-29|2026-09-30|2026-10-01|2026-10-02|2026-10-05|2026-10-06|2026-10-07|2026-10-08|2026-10-09,2026-10-10 01:38:39,0.0
WW Grainger,,2026-08-28|2026-08-31|2026-09-01|2026-09-02|2026-09-03|2026-09-04|2026-09-08|2026-09-09|2026-09-10|2026-09-11|2026-09-14|2026-09-15|2026-09-16|2026-09-17|2026-09-18|2026-09-21|2026-09-22|2026-09-23|2026-09-24|2026-09-25|2026-09-28|2026-09-29|2026-09-30|2026-10-01|2026-10-02|2026-10-05|2026-10-06|2026-10-07|2026-10-08|2026-10-09,2026-10-10 01:38:39,0.0
Global Partners,,2026-08-28|2026-08-31|2026-09-01|2026-09-02|2026-09-03|2026-09-04|2026-09-08|2026-09-09|2026-09-10|2026-09-11|2026-09-14|2026-09-15|2026-09-16|2026-09-17|2026-09-18|2026-09-21|2026-09-22|2026-09-23|2026-09-24|2026-09-25|2026-09-28|2026-09-29|2026-09-30|2026-10-01|2026-10-02|2026-10-05|2026-10-06|2026-10-07|2026-10-08|2026-10-09,2026-10-10 01:38:39,0.0
Jacobs Solutions,,2026-08-28|2026-08-31|2026-09-01|2026-09-02|2026-09-03|2026-09-04|2026-09-08|2026-09-09|2026-09-10|2026-09-11|2026-09-14|2026-09-15|2026-09-16|2026-09-17|2026-09-18|2026-09-21|2026-09-22|2026-09-23|2026-09-24|2026-09-25|2026-09-28|2026-09-29|2026-09-30|2026-10-01|2026-10-02|2026-10-05|2026-10-06|2026-10-07|2026-10-08|2026-10-09,2026-10-10 01:38:39,0.0
Corteva,,2026-08-28|2026-08-31|2026-09-01|2026-09-02|2026-09-03|2026-09-04|2026-09-08|2026-09-09|2026-09-10|2026-09-11|2026-09-14|2026-09-15|2026-09-16|2026-09-17|2026-09-18|2026-09-21|2026-09-22|2026-09-23|2026-09-24|2026-09-25|2026-09-28|2026-09-29|2026-09-30|2026-10-01|2026-10-02|2026-10-05|2026-10-06|2026-10-07|2026-10-08|2026-10-09,2026-10-10 01:38:39,0.0
Boston Scientific,,2026-08-28|2026-08-31|2026-09-01|2026-09-02|2026-09-03|2026-09-04|2026-09-08|2026-09-09|2026-09-10|2026-09-11|2026-09-14|2026-09-15|2026-09-16|2026-09-17|2026-09-18|2026-09-21|2026-09-22|2026-09-23|2026-09-24|2026-09-25|2026-09-28|2026-09-29|2026-09-30|2026-10-01|2026-10-02|2026-10-05|2026-10-06|2026-10-07|2026-10-08|2026-10-09,2026-10-10 01:38:39,0.0
O'Reilly Automotive,,2026-08-28|2026-08-31|2026-09-01|2026-09-02|2026-09-03|2026-09-04|2026-09-08|2026-09-09|2026-09-10|2026-09-11|2026-09-14|2026-09-15|2026-09-16|2026-09-17|2026-09-18|2026-09-21|2026-09-22|2026-09-23|2026-09-24|2026-09-25|2026-09-28|2026-09-29|2026-09-30|2026-10-01|2026-10-02|2026-10-05|2026-10-06|2026-10-07|2026-10-08|2026-10-09,2026-10-10 01:38:39,0.0
Leidos,,2026-08-28|2026-08-31|2026-09-01|2026-09-02|2026-09-03|2026-09-04|2026-09-08|2026-09-09|2026-09-10|2026-09-11|2026-09-14|2026-09-15|2026-09-16|2026-09-17|2026-09-18|2026-09-21|2026-09-22|2026-09-23|2026-09-24|2026-09-25|2026-09-28|2026-09-29|2026-09-30|2026-10-01|2026-10-02|2026-10-05|2026-10-06|2026-10-07|2026-10-08|2026-10-09,2026-10-10 01:38:39,0.0
Markel Group,,2026-08-28|2026-08-31|2026-09-01|2026-09-02|2026-09-03|2026-09-04|2026-09-08|2026-09-09|2026-09-10|2026-09-11|2026-09-14|2026-09-15|2026-09-16|2026-09-17|2026-09-18|2026-09-21|2026-09-22|2026-09-23|2026-09-24|2026-09-25|2026-09-28|2026-09-29|2026-09-30|2026-10-01|2026-10-02|2026-10-05|2026-10-06|2026-10-07|2026-10-08|2026-10-09,2026-10-10 01:38:39,0.0
Whirlpool Corporation,,2026-08-28|2026-08-31|2026-09-01|2026-09-02|2026-09-03|2026-09-04|2026-09-08|2026-09-09|2026-09-10|2026-09-11|2026-09-14|2026-09-15|2026-09-16|2026-09-17|2026-09-18|2026-09-21|2026-09-22|2026-09-23|2026-09-24|2026-09-25|2026-09-28|2026-09-29|2026-09-30|2026-10-01|2026-10-02|2026-10-05|2026-10-06|2026-10-07|2026-10-08|2026-10-09,2026-10-10 01:38:39,0.0
Builders FirstSource,,2026-08-28|2026-08-31|2026-09-01|2026-09-02|2026-09-03|2026-09-04|2026-09-08|2026-09-09|2026-09-10|2026-09-11|2026-09-14|2026-09-15|2026-09-16|2026-09-17|2026-09-18|2026-09-21|2026-09-22|2026-09-23|2026-09-24|2026-09-25|2026-09-28|2026-09-29|2026-09-30|2026-10-01|2026-10-02|2026-10-05|2026-10-06|2026-10-07|2026-10-08|2026-10-09,2026-10-10 01:38:39,0.0
Ally Financial,,2026-08-28|2026-08-31|2026-09-01|2026-09-02|2026-09-03|2026-09-04|2026-09-08|2026-09-09|2026-09-10|2026-09-11|2026-09-14|2026-09-15|2026-09-16|2026-09-17|2026-09-18|2026-09-21|2026-09-22|2026-09-23|2026-09-24|2026-09-25|2026-09-28|2026-09-29|2026-09-30|2026-10-01|2026-10-02|2026-10-05|2026-10-06|2026-10-07|2026-10-08|2026-10-09,2026-10-10 01:38:39,0.0
Targa Resources,,2026-08-28|2026-08-31|2026-09-01|2026-09-02|2026-09-03|2026-09-04|2026-09-08|2026-09-09|2026-09-10|2026-09-11|2026-09-14|2026-09-15|2026-09-16|2026-09-17|2026-09-18|2026-09-21|2026-09-22|2026-09-23|2026-09-24|2026-09-25|2026-09-28|2026-09-29|2026-09-30|2026-10-01|2026-10-02|2026-10-05|2026-10-06|2026-10-07|2026-10-08|2026-10-09,2026-10-10 01:38:39,0.0
Fluor,,2026-08-28|2026-08-31|2026-09-01|2026-09-02|2026-09-03|2026-09-04|2026-09-08|2026-09-09|2026-09-10|2026-09-11|2026-09-14|2026-09-15|2026-09-16|2026-09-17|2026-09-18|2026-09-21|2026-09-22|2026-09-23|2026-09-24|2026-09-25|2026-09-28|2026-09-29|2026-09-30|2026-10-01|2026-10-02|2026-10-05|2026-10-06|2026-10-07|2026-10-08|2026-10-09,2026-10-10 01:38:39,0.0
Intuit,,2026-08-28|2026-08-31|2026-09-01|2026-09-02|2026-09-03|2026-09-04|2026-09-08|2026-09-09|2026-09-10|2026-09-11|2026-09-14|2026-09-15|2026-09-16|2026-09-17|2026-09-18|2026-09-21|2026-09-22|2026-09-23|2026-09-24|2026-09-25|2026-09-28|2026-09-29|2026-09-30|2026-10-01|2026-10-02|2026-10-05|2026-10-06|2026-10-07|2026-10-08|2026-10-09,2026-10-10 01:38:39,0.0
AECOM,,2026-08-28|2026-08-31|2026-09-01|2026-09-02|2026-09-03|2026-09-04|2026-09-08|2026-09-09|2026-09-10|2026-09-11|2026-09-14|2026-09-15|2026-09-16|2026-09-17|2026-09-18|2026-09-21|2026-09-22|2026-09-23|2026-09-24|2026-09-25|2026-09-28|2026-09-29|2026-09-30|2026-10-01|2026-10-02|2026-10-05|2026-10-06|2026-10-07|2026-10-08|2026-10-09,2026-10-10 01:38:39,0.0
Kohl's,,2026-08-28|2026-08-31|2026-09-01|2026-09-02|2026-09-03|2026-09-04|2026-09-08|2026-09-09|2026-09-10|2026-09-11|2026-09-14|2026-09-15|2026-09-16|2026-09-17|2026-09-18|2026-09-21|2026-09-22|2026-09-23|2026-09-24|2026-09-25|2026-09-28|2026-09-29|2026-09-30|2026-10-01|2026-10-02|2026-10-05|2026-10-06|2026-10-07|2026-10-08|2026-10-09,2026-10-10 01:38:39,0.0
PrIncipal Financial,,2026-08-28|2026-08-31|2026-09-01|2026-09-02|2026-09-03|2026-09-04|2026-09-08|2026-09-09|2026-09-10|2026-09-11|2026-09-14|2026-09-15|2026-09-16|2026-09-17|2026-09-18|2026-09-21|2026-09-22|2026-09-23|2026-09-24|2026-09-25|2026-09-28|2026-09-29|2026-09-30|2026-10-01|2026-10-02|2026-10-05|2026-10-06|2026-10-07|2026-10-08|2026-10-09,2026-10-10 01:38:39,0.0
Dominion Energy,,2026-08-28|2026-08-31|2026-09-01|2026-09-02|2026-09-03|2026-09-04|2026-09-08|2026-09-09|2026-09-10|2026-09-11|2026-09-14|2026-09-15|2026-09-16|2026-09-17|2026-09-18|2026-09-21|2026-09-22|2026-09-23|2026-09-24|2026-09-25|2026-09-28|2026-09-29|2026-09-30|2026-10-01|2026-10-02|2026-10-05|2026-10-06|2026-10-07|2026-10-08|2026-10-09,2026-10-10 01:38:39,0.0
Kyndryl,,2026-08-28|2026-08-31|2026-09-01|2026-09-02|2026-09-03|2026-09-04|2026-09-08|2026-09-09|2026-09-10|2026-09-11|2026-09-14|2026-09-15|2026-09-16|2026-09-17|2026-09-18|2026-09-21|2026-09-22|2026-09-23|2026-09-24|2026-09-25|2026-09-28|2026-09-29|2026-09-30|2026-10-01|2026-10-02|2026-10-05|2026-10-06|2026-10-07|2026-10-08|2026-10-09,2026-10-10 01:38:39,0.0
Republic Services,,2026-08-28|2026-08-31|2026-09-01|2026-09-02|2026-09-03|2026-09-04|2026-09-08|2026-09-09|2026-09-10|2026-09-11|2026-09-14|2026-09-15|2026-09-16|2026-09-17|2026-09-18|2026-09-21|2026-09-22|2026-09-23|2026-09-24|2026-09-25|2026-09-28|2026-09-29|2026-09-30|2026-10-01|2026-10-02|2026-10-05|2026-10-06|2026-10-07|2026-10-08|2026-10-09,2026-10-10 01:38:39,0.0
Devon Energy,,2026-08-28|2026-08-31|2026-09-01|2026-09-02|2026-09-03|2026-09-04|2026-09-08|2026-09-09|2026-09-10|2026-09-11|2026-09-14|2026-09-15|2026-09-16|2026-09-17|2026-09-18|2026-09-21|2026-09-22|2026-09-23|2026-09-24|2026-09-25|2026-09-28|2026-09-29|2026-09-30|2026-10-01|2026-10-02|2026-10-05|2026-10-06|2026-10-07|2026-10-08|2026-10-09,2026-10-10 01:38:39,0.0
Illinois Tool Works,,2026-08-28|2026-08-31|2026-09-01|2026-09-02|2026-09-03|2026-09-04|2026-09-08|2026-09-09|2026-09-10|2026-09-11|2026-09-14|2026-09-15|2026-09-16|2026-09-17|2026-09-18|2026-09-21|2026-09-22|2026-09-23|2026-09-24|2026-09-25|2026-09-28|2026-09-29|2026-09-30|2026-10-01|2026-10-02|2026-10-05|2026-10-06|2026-10-07|2026-10-08|2026-10-09,2026-10-10 01:38:39,0.0
Northern Trust,,2026-08-28|2026-08-31|2026-09-01|2026-09-02|2026-09-03|2026-09-04|2026-09-08|2026-09-09|2026-09-10|2026-09-11|2026-09-14|2026-09-15|2026-09-16|2026-09-17|2026-09-18|2026-09-21|2026-09-22|2026-09-23|2026-09-24|2026-09-25|2026-09-28|2026-09-29|2026-09-30|2026-10-01|2026-10-02|2026-10-05|2026-10-06|2026-10-07|2026-10-08|2026-10-09,2026-10-10 01:38:39,0.0
Universal Health Services,,2026-08-28|2026-08-31|2026-09-01|2026-09-02|2026-09-03|2026-09-04|2026-09-08|2026-09-09|2026-09-10|2026-09-11|2026-09-14|2026-09-15|2026-09-16|2026-09-17|2026-09-18|2026-09-21|2026-09-22|2026-09-23|2026-09-24|2026-09-25|2026-09-28|2026-09-29|2026-09-30|2026-10-01|2026-10-02|2026-10-05|2026-10-06|2026-10-07|2026-10-08|2026-10-09,2026-10-10 01:38:39,0.0
Ecolab,,2026-08-28|2026-08-31|2026-09-01|2026-09-02|2026-09-03|2026-09-04|2026-09-08|2026-09-09|2026-09-10|2026-09-11|2026-09-14|2026-09-15|2026-09-16|2026-09-17|2026-09-18|2026-09-21|2026-09-22|2026-09-23|2026-09-24|2026-09-25|2026-09-28|2026-09-29|2026-09-30|2026-10-01|2026-10-02|2026-10-05|2026-10-06|2026-10-07|2026-10-08|2026-10-09,2026-10-10 01:38:39,0.0
Cheniere Energy,,2026-08-28|2026-08-31|2026-09-01|2026-09-02|2026-09-03|2026-09-04|2026-09-08|2026-09-09|2026-09-10|2026-09-11|2026-09-14|2026-09-15|2026-09-16|2026-09-17|2026-09-18|2026-09-21|2026-09-22|2026-09-23|2026-09-24|2026-09-25|2026-09-28|2026-09-29|2026-09-30|2026-10-01|2026-10-02|2026-10-05|2026-10-06|2026-10-07|2026-10-08|2026-10-09,2026-10-10 01:38:39,0.0
Omnicom Group,,2026-08-28|2026-08-31|2026-09-01|2026-09-02|2026-09-03|2026-09-04|2026-09-08|2026-09-09|2026-09-10|2026-09-11|2026-09-14|2026-09-15|2026-09-16|2026-09-17|2026-09-18|2026-09-21|2026-09-22|2026-09-23|2026-09-24|2026-09-25|2026-09-28|2026-09-29|2026-09-30|2026-10-01|2026-10-02|2026-10-05|2026-10-06|2026-10-07|2026-10-08|2026-10-09,2026-10-10 01:38:39,0.0
Texas Instruments,,2026-08-28|2026-08-31|2026-09-01|2026-09-02|2026-09-03|2026-09-04|2026-09-08|2026-09-09|2026-09-10|2026-09-11|2026-09-14|2026-09-15|2026-09-16|2026-09-17|2026-09-18|2026-09-21|2026-09-22|2026-09-23|2026-09-24|2026-09-25|2026-09-28|2026-09-29|2026-09-30|2026-10-01|2026-10-02|2026-10-05|2026-10-06|2026-10-07|2026-10-08|2026-10-09,2026-10-10 01:38:39,0.0
The Estee Lauder Companies,,2026-08-28|2026-08-31|2026-09-01|2026-09-02|2026-09-03|2026-09-04|2026-09-08|2026-09-09|2026-09-10|2026-09-11|2026-09-14|2026-09-15|2026-09-16|2026-09-17|2026-09-18|2026-09-21|2026-09-22|2026-09-23|2026-09-24|2026-09-25|2026-09-28|2026-09-29|2026-09-30|2026-10-01|2026-10-02|2026-10-05|2026-10-06|2026-10-07|2026-10-08|2026-10-09,2026-10-10 01:38:39,0.0
Kenvue,,2026-08-28|2026-08-31|2026-09-01|2026-09-02|2026-09-03|2026-09-04|2026-09-08|2026-09-09|2026-09-10|2026-09-11|2026-09-14|2026-09-15|2026-09-16|2026-09-17|2026-09-18|2026-09-21|2026-09-22|2026-09-23|2026-09-24|2026-09-25|2026-09-28|2026-09-29|2026-09-30|2026-10-01|2026-10-02|2026-10-05|2026-10-06|2026-10-07|2026-10-08|2026-10-09,2026-10-10 01:38:39,0.0
IQVIA,,2026-08-28|2026-08-31|2026-09-01|2026-09-02|2026-09-03|2026-09-04|2026-09-08|2026-09-09|2026-09-10|2026-09-11|2026-09-14|2026-09-15|2026-09-16|2026-09-17|2026-09-18|2026-09-21|2026-09-22|2026-09-23|2026-09-24|2026-09-25|2026-09-28|2026-09-29|2026-09-30|2026-10-01|2026-10-02|2026-10-05|2026-10-06|2026-10-07|2026-10-08|2026-10-09,2026-10-10 01:38:39,0.0
Stanley Black & Decker,,2026-08-28|2026-08-31|2026-09-01|2026-09-02|2026-09-03|2026-09-04|2026-09-08|2026-09-09|2026-09-10|2026-09-11|2026-09-14|2026-09-15|2026-09-16|2026-09-17|2026-09-18|2026-09-21|2026-09-22|2026-09-23|2026-09-24|2026-09-25|2026-09-28|2026-09-29|2026-09-30|2026-10-01|2026-10-02|2026-10-05|2026-10-06|2026-10-07|2026-10-08|2026-10-09,2026-10-10 01:38:39,0.0
Keurig Dr Pepper,,2026-08-28|2026-08-31|2026-09-01|2026-09-02|2026-09-03|2026-09-04|2026-09-08|2026-09-09|2026-09-10|2026-09-11|2026-09-14|2026-09-15|2026-09-16|2026-09-17|2026-09-18|2026-09-21|2026-09-22|2026-09-23|2026-09-24|2026-09-25|2026-09-28|2026-09-29|2026-09-30|2026-10-01|2026-10-02|2026-10-05|2026-10-06|2026-10-07|2026-10-08|2026-10-09,2026-10-10 01:38:39,0.0
United Rentals,,2026-08-28|2026-08-31|2026-09-01|2026-09-02|2026-09-03|2026-09-04|2026-09-08|2026-09-09|2026-09-10|2026-09-11|2026-09-14|2026-09-15|2026-09-16|2026-09-17|2026-09-18|2026-09-21|2026-09-22|2026-09-23|2026-09-24|2026-09-25|2026-09-28|2026-09-29|2026-09-30|2026-10-01|2026-10-02|2026-10-05|2026-10-06|2026-10-07|2026-10-08|2026-10-09,2026-10-10 01:38:39,0.0
Consolidated Edison,,2026-08-28|2026-08-31|2026-09-01|2026-09-02|2026-09-03|2026-09-04|2026-09-08|2026-09-09|2026-09-10|2026-09-11|2026-09-14|2026-09-15|2026-09-16|2026-09-17|2026-09-18|2026-09-21|2026-09-22|2026-09-23|2026-09-24|2026-09-25|2026-09-28|2026-09-29|2026-09-30|2026-10-01|2026-10-02|2026-10-05|2026-10-06|2026-10-07|2026-10-08|2026-10-09,2026-10-10 01:38:39,0.0
Amphenol,,2026-08-28|2026-08-31|2026-09-01|2026-09-02|2026-09-03|2026-09-04|2026-09-08|2026-09-09|2026-09-10|2026-09-11|2026-09-14|2026-09-15|2026-09-16|2026-09-17|2026-09-18|2026-09-21|2026-09-22|2026-09-23|2026-09-24|2026-09-25|2026-09-28|2026-09-29|2026-09-30|2026-10-01|2026-10-02|2026-10-05|2026-10-06|2026-10-07|2026-10-08|2026-10-09,2026-10-10 01:38:39,0.0
Baxter International,,2026-08-28|2026-08-31|2026-09-01|2026-09-02|2026-09-03|2026-09-04|2026-09-08|2026-09-09|2026-09-10|2026-09-11|2026-09-14|2026-09-15|2026-09-16|2026-09-17|2026-09-18|2026-09-21|2026-09-22|2026-09-23|2026-09-24|2026-09-25|2026-09-28|2026-09-29|2026-09-30|2026-10-01|2026-10-02|2026-10-05|2026-10-06|2026-10-07|2026-10-08|2026-10-09,2026-10-10 01:38:39,0.0
Kinder Morgan,,2026-08-28|2026-08-31|2026-09-01|2026-09-02|2026-09-03|2026-09-04|2026-09-08|2026-09-09|2026-09-10|2026-09-11|2026-09-14|2026-09-15|2026-09-16|2026-09-17|2026-09-18|2026-09-21|2026-09-22|2026-09-23|2026-09-24|2026-09-25|2026-09-28|2026-09-29|2026-09-30|2026-10-01|2026-10-02|2026-10-05|2026-10-06|2026-10-07|2026-10-08|2026-10-09,2026-10-10 01:38:39,0.0
First Citizens BancShares,,2026-08-28|2026-08-31|2026-09-01|2026-09-02|2026-09-03|2026-09-04|2026-09-08|2026-09-09|2026-09-10|2026-09-11|2026-09-14|2026-09-15|2026-09-16|2026-09-17|2026-09-18|2026-09-21|2026-09-22|2026-09-23|2026-09-24|2026-09-25|2026-09-28|2026-09-29|2026-09-30|2026-10-01|2026-10-02|2026-10-05|2026-10-06|2026-10-07|2026-10-08|2026-10-09,2026-10-10 01:38:39,0.0
Raymond James Financial,,2026-08-28|2026-08-31|2026-09-01|2026-09-02|2026-09-03|2026-09-04|2026-09-08|2026-09-09|2026-09-10|2026-09-11|2026-09-14|2026-09-15|2026-09-16|2026-09-17|2026-09-18|2026-09-21|2026-09-22|2026-09-23|2026-09-24|2026-09-25|2026-09-28|2026-09-29|2026-09-30|2026-10-01|2026-10-02|2026-10-05|2026-10-06|2026-10-07|2026-10-08|2026-10-09,2026-10-10 01:38:39,0.0
Lam Research,,2026-08-28|2026-08-31|2026-09-01|2026-09-02|2026-09-03|2026-09-04|2026-09-08|2026-09-09|2026-09-10|2026-09-11|2026-09-14|2026-09-15|2026-09-16|2026-09-17|2026-09-18|2026-09-21|2026-09-22|2026-09-23|2026-09-24|2026-09-25|2026-09-28|2026-09-29|2026-09-30|2026-10-01|2026-10-02|2026-10-05|2026-10-06|2026-10-07|2026-10-08|2026-10-09,2026-10-10 01:38:39,0.0
Tractor Supply Company,,2026-08-28|2026-08-31|2026-09-01|2026-09-02|2026-09-03|2026-09-04|2026-09-08|2026-09-09|2026-09-10|2026-09-11|2026-09-14|2026-09-15|2026-09-16|2026-09-17|2026-09-18|2026-09-21|2026-09-22|2026-09-23|2026-09-24|2026-09-25|2026-09-28|2026-09-29|2026-09-30|2026-10-01|2026-10-02|2026-10-05|2026-10-06|2026-10-07|2026-10-08|2026-10-09,2026-10-10 01:38:39,0.0
Caseys General Stores,,2026-08-28|2026-08-31|2026-09-01|2026-09-02|2026-09-03|2026-09-04|2026-09-08|2026-09-09|2026-09-10|2026-09-11|2026-09-14|2026-09-15|2026-09-16|2026-09-17|2026-09-18|2026-09-21|2026-09-22|2026-09-23|2026-09-24|2026-09-25|2026-09-28|2026-09-29|2026-09-30|2026-10-01|2026-10-02|2026-10-05|2026-10-06|2026-10-07|2026-10-08|2026-10-09,2026-10-10 01:38:39,0.0
Viatris,,2026-08-28|2026-08-31|2026-09-01|2026-09-02|2026-09-03|2026-09-04|2026-09-08|2026-09-09|2026-09-10|2026-09-11|2026-09-14|2026-09-15|2026-09-16|2026-09-17|2026-09-18|2026-09-21|2026-09-22|2026-09-23|2026-09-24|2026-09-25|2026-09-28|2026-09-29|2026-09-30|2026-10-01|2026-10-02|2026-10-05|2026-10-06|2026-10-07|2026-10-08|2026-10-09,2026-10-10 01:38:39,0.0
EMCOR Group,,2026-08-28|2026-08-31|2026-09-01|2026-09-02|2026-09-03|2026-09-04|2026-09-08|2026-09-09|2026-09-10|2026-09-11|2026-09-14|2026-09-15|2026-09-16|2026-09-17|2026-09-18|2026-09-21|2026-09-22|2026-09-23|2026-09-24|2026-09-25|2026-09-28|2026-09-29|2026-09-30|2026-10-01|2026-10-02|2026-10-05|2026-10-06|2026-10-07|2026-10-08|2026-10-09,2026-10-10 01:38:39,0.0
CSX,,2026-08-28|2026-08-31|2026-09-01|2026-09-02|2026-09-03|2026-09-04|2026-09-08|2026-09-09|2026-09-10|2026-09-11|2026-09-14|2026-09-15|2026-09-16|2026-09-17|2026-09-18|2026-09-21|2026-09-22|2026-09-23|2026-09-24|2026-09-25|2026-09-28|2026-09-29|2026-09-30|2026-10-01|2026-10-02|2026-10-05|2026-10-06|2026-10-07|2026-10-08|2026-10-09,2026-10-10 01:38:39,0.0
LKQ,,2026-08-28|2026-08-31|2026-09-01|2026-09-02|2026-09-03|2026-09-04|2026-09-08|2026-09-09|2026-09-10|2026-09-11|2026-09-14|2026-09-15|2026-09-16|2026-09-17|2026-09-18|2026-09-21|2026-09-22|2026-09-23|2026-09-24|2026-09-25|2026-09-28|2026-09-29|2026-09-30|2026-10-01|2026-10-02|2026-10-05|2026-10-06|2026-10-07|2026-10-08|2026-10-09,2026-10-10 01:38:39,0.0
Otis Worldwide,,2026-08-28|2026-08-31|2026-09-01|2026-09-02|2026-09-03|2026-09-04|2026-09-08|2026-09-09|2026-09-10|2026-09-11|2026-09-14|2026-09-15|2026-09-16|2026-09-17|2026-09-18|2026-09-21|2026-09-22|2026-09-23|2026-09-24|2026-09-25|2026-09-28|2026-09-29|2026-09-30|2026-10-01|2026-10-02|2026-10-05|2026-10-06|2026-10-07|2026-10-08|2026-10-09,2026-10-10 01:38:39,0.0
Sonic Automotive,,2026-08-28|2026-08-31|2026-09-01|2026-09-02|2026-09-03|2026-09-04|2026-09-08|2026-09-09|2026-09-10|2026-09-11|2026-09-14|2026-09-15|2026-09-16|2026-09-17|2026-09-18|2026-09-21|2026-09-22|2026-09-23|2026-09-24|2026-09-25|2026-09-28|2026-09-29|2026-09-30|2026-10-01|2026-10-02|2026-10-05|2026-10-06|2026-10-07|2026-10-08|2026-10-09,2026-10-10 01:38:39,0.0
S&P Global,,2026-08-28|2026-08-31|2026-09-01|2026-09-02|2026-09-03|2026-09-04|2026-09-08|2026-09-09|2026-09-10|2026-09-11|2026-09-14|2026-09-15|2026-09-16|2026-09-17|2026-09-18|2026-09-21|2026-09-22|2026-09-23|2026-09-24|2026-09-25|2026-09-28|2026-09-29|2026-09-30|2026-10-01|2026-10-02|2026-10-05|2026-10-06|2026-10-07|2026-10-08|2026-10-09,2026-10-10 01:38:39,0.0
Regeneron Pharmaceuticals,,2026-08-28|2026-08-31|2026-09-01|2026-09-02|2026-09-03|2026-09-04|2026-09-08|2026-09-09|2026-09-10|2026-09-11|2026-09-14|2026-09-15|2026-09-16|2026-09-17|2026-09-18|2026-09-21|2026-09-22|2026-09-23|2026-09-24|2026-09-25|2026-09-28|2026-09-29|2026-09-30|2026-10-01|2026-10-02|2026-10-05|2026-10-06|2026-10-07|2026-10-08|2026-10-09,2026-10-10 01:38:39,0.0
BorgWarner,,2026-08-28|2026-08-31|2026-09-01|2026-09-02|2026-09-03|2026-09-04|2026-09-08|2026-09-09|2026-09-10|2026-09-11|2026-09-14|2026-09-15|2026-09-16|2026-09-17|2026-09-18|2026-09-21|2026-09-22|2026-09-23|2026-09-24|2026-09-25|2026-09-28|2026-09-29|2026-09-30|2026-10-01|2026-10-02|2026-10-05|2026-10-06|2026-10-07|2026-10-08|2026-10-09,2026-10-10 01:38:39,0.0
Reliance Inc,,2026-08-28|2026-08-31|2026-09-01|2026-09-02|2026-09-03|2026-09-04|2026-09-08|2026-09-09|2026-09-10|2026-09-11|2026-09-14|2026-09-15|2026-09-16|2026-09-17|2026-09-18|2026-09-21|2026-09-22|2026-09-23|2026-09-24|2026-09-25|2026-09-28|2026-09-29|2026-09-30|2026-10-01|2026-10-02|2026-10-05|2026-10-06|2026-10-07|2026-10-08|2026-10-09,2026-10-10 01:38:39,0.0
Textron,,2026-08-28|2026-08-31|2026-09-01|2026-09-02|2026-09-03|2026-09-04|2026-09-08|2026-09-09|2026-09-10|2026-09-11|2026-09-14|2026-09-15|2026-09-16|2026-09-17|2026-09-18|2026-09-21|2026-09-22|2026-09-23|2026-09-24|2026-09-25|2026-09-28|2026-09-29|2026-09-30|2026-10-01|2026-10-02|2026-10-05|2026-10-06|2026-10-07|2026-10-08|2026-10-09,2026-10-10 01:38:39,0.0
Expedia,,2026-08-28|2026-08-31|2026-09-01|2026-09-02|2026-09-03|2026-09-04|2026-09-08|2026-09-09|2026-09-10|2026-09-11|2026-09-14|2026-09-15|2026-09-16|2026-09-17|2026-09-18|2026-09-21|2026-09-22|2026-09-23|2026-09-24|2026-09-25|2026-09-28|2026-09-29|2026-09-30|2026-10-01|2026-10-02|2026-10-05|2026-10-06|2026-10-07|2026-10-08|2026-10-09,2026-10-10 01:38:39,0.0
Fidelity National Financial,,2026-08-28|2026-08-31|2026-09-01|2026-09-02|2026-09-03|2026-09-04|2026-09-08|2026-09-09|2026-09-10|2026-09-11|2026-09-14|2026-09-15|2026-09-16|2026-09-17|2026-09-18|2026-09-21|2026-09-22|2026-09-23|2026-09-24|2026-09-25|2026-09-28|2026-09-29|2026-09-30|2026-10-01|2026-10-02|2026-10-05|2026-10-06|2026-10-07|2026-10-08|2026-10-09,2026-10-10 01:38:39,0.0
Carvana,,2026-08-28|2026-08-31|2026-09-01|2026-09-02|2026-09-03|2026-09-04|2026-09-08|2026-09-09|2026-09-10|2026-09-11|2026-09-14|2026-09-15|2026-09-16|2026-09-17|2026-09-18|2026-09-21|2026-09-22|2026-09-23|2026-09-24|2026-09-25|2026-09-28|2026-09-29|2026-09-30|2026-10-01|2026-10-02|2026-10-05|2026-10-06|2026-10-07|2026-10-08|2026-10-09,2026-10-10 01:38:39,0.0
DXC Technology,,2026-08-28|2026-08-31|2026-09-01|2026-09-02|2026-09-03|2026-09-04|2026-09-08|2026-09-09|2026-09-10|2026-09-11|2026-09-14|2026-09-15|2026-09-16|2026-09-17|2026-09-18|2026-09-21|2026-09-22|2026-09-23|2026-09-24|2026-09-25|2026-09-28|2026-09-29|2026-09-30|2026-10-01|2026-10-02|2026-10-05|2026-10-06|2026-10-07|2026-10-08|2026-10-09,2026-10-10 01:38:39,0.0
WR Berkley,,2026-08-28|2026-08-31|2026-09-01|2026-09-02|2026-09-03|2026-09-04|2026-09-08|2026-09-09|2026-09-10|2026-09-11|2026-09-14|2026-09-15|2026-09-16|2026-09-17|2026-09-18|2026-09-21|2026-09-22|2026-09-23|2026-09-24|2026-09-25|2026-09-28|2026-09-29|2026-09-30|2026-10-01|2026-10-02|2026-10-05|2026-10-06|2026-10-07|2026-10-08|2026-10-09,2026-10-10 01:38:39,0.0
M&T Bank,,2026-08-28|2026-08-31|2026-09-01|2026-09-02|2026-09-03|2026-09-04|2026-09-08|2026-09-09|2026-09-10|2026-09-11|2026-09-14|2026-09-15|2026-09-16|2026-09-17|2026-09-18|2026-09-21|2026-09-22|2026-09-23|2026-09-24|2026-09-25|2026-09-28|2026-09-29|2026-09-30|2026-10-01|2026-10-02|2026-10-05|2026-10-06|2026-10-07|2026-10-08|2026-10-09,2026-10-10 01:38:39,0.0
Dicks Sporting Goods,,2026-08-28|2026-08-31|2026-09-01|2026-09-02|2026-09-03|2026-09-04|2026-09-08|2026-09-09|2026-09-10|2026-09-11|2026-09-14|2026-09-15|2026-09-16|2026-09-17|2026-09-18|2026-09-21|2026-09-22|2026-09-23|2026-09-24|2026-09-25|2026-09-28|2026-09-29|2026-09-30|2026-10-01|2026-10-02|2026-10-05|2026-10-06|2026-10-07|2026-10-08|2026-10-09,2026-10-10 01:38:39,0.0
Xcel Energy,,2026-08-28|2026-08-31|2026-09-01|2026-09-02|2026-09-03|2026-09-04|2026-09-08|2026-09-09|2026-09-10|2026-09-11|2026-09-14|2026-09-15|2026-09-16|2026-09-17|2026-09-18|2026-09-21|2026-09-22|2026-09-23|2026-09-24|2026-09-25|2026-09-28|2026-09-29|2026-09-30|2026-10-01|2026-10-02|2026-10-05|2026-10-06|2026-10-07|2026-10-08|2026-10-09,2026-10-10 01:38:39,0.0
Fifth Third Bancorp,,2026-08-28|2026-08-31|2026-09-01|2026-09-02|2026-09-03|2026-09-04|2026-09-08|2026-09-09|2026-09-10|2026-09-11|2026-09-14|2026-09-15|2026-09-16|2026-09-17|2026-09-18|2026-09-21|2026-09-22|2026-09-23|2026-09-24|2026-09-25|2026-09-28|2026-09-29|2026-09-30|2026-10-01|2026-10-02|2026-10-05|2026-10-06|2026-10-07|2026-10-08|2026-10-09,2026-10-10 01:38:39,0.0
Blackstone,,2026-08-28|2026-08-31|2026-09-01|2026-09-02|2026-09-03|2026-09-04|2026-09-08|2026-09-09|2026-09-10|2026-09-11|2026-09-14|2026-09-15|2026-09-16|2026-09-17|2026-09-18|2026-09-21|2026-09-22|2026-09-23|2026-09-24|2026-09-25|2026-09-28|2026-09-29|2026-09-30|2026-10-01|2026-10-02|2026-10-05|2026-10-06|2026-10-07|2026-10-08|2026-10-09,2026-10-10 01:38:39,0.0
Sempra,,2026-08-28|2026-08-31|2026-09-01|2026-09-02|2026-09-03|2026-09-04|2026-09-08|2026-09-09|2026-09-10|2026-09-11|2026-09-14|2026-09-15|2026-09-16|2026-09-17|2026-09-18|2026-09-21|2026-09-22|2026-09-23|2026-09-24|2026-09-25|2026-09-28|2026-09-29|2026-09-30|2026-10-01|2026-10-02|2026-10-05|2026-10-06|2026-10-07|2026-10-08|2026-10-09,2026-10-10 01:38:39,0.0
Corning,,2026-08-28|2026-08-31|2026-09-01|2026-09-02|2026-09-03|2026-09-04|2026-09-08|2026-09-09|2026-09-10|2026-09-11|2026-09-14|2026-09-15|2026-09-16|2026-09-17|2026-09-18|2026-09-21|2026-09-22|2026-09-23|2026-09-24|2026-09-25|2026-09-28|2026-09-29|2026-09-30|2026-10-01|2026-10-02|2026-10-05|2026-10-06|2026-10-07|2026-10-08|2026-10-09,2026-10-10 01:38:39,0.0
Lumen Technologies,,2026-08-28|2026-08-31|2026-09-01|2026-09-02|2026-09-03|2026-09-04|2026-09-08|2026-09-09|2026-09-10|2026-09-11|2026-09-14|2026-09-15|2026-09-16|2026-09-17|2026-09-18|2026-09-21|2026-09-22|2026-09-23|2026-09-24|2026-09-25|2026-09-28|2026-09-29|2026-09-30|2026-10-01|2026-10-02|2026-10-05|2026-10-06|2026-10-07|2026-10-08|2026-10-09,2026-10-10 01:38:39,0.0
FirstEnergy Corp,,2026-08-28|2026-08-31|2026-09-01|2026-09-02|2026-09-03|2026-09-04|2026-09-08|2026-09-09|2026-09-10|2026-09-11|2026-09-14|2026-09-15|2026-09-16|2026-09-17|2026-09-18|2026-09-21|2026-09-22|2026-09-23|2026-09-24|2026-09-25|2026-09-28|2026-09-29|2026-09-30|2026-10-01|2026-10-02|2026-10-05|2026-10-06|2026-10-07|2026-10-08|2026-10-09,2026-10-10 01:38:39,0.0
Labcorp Holdings,,2026-08-28|2026-08-31|2026-09-01|2026-09-02|2026-09-03|2026-09-04|2026-09-08|2026-09-09|2026-09-10|2026-09-11|2026-09-14|2026-09-15|2026-09-16|2026-09-17|2026-09-18|2026-09-21|2026-09-22|2026-09-23|2026-09-24|2026-09-25|2026-09-28|2026-09-29|2026-09-30|2026-10-01|2026-10-02|2026-10-05|2026-10-06|2026-10-07|2026-10-08|2026-10-09,2026-10-10 01:38:39,0.0
Western Digital,,2026-08-28|2026-08-31|2026-09-01|2026-09-02|2026-09-03|2026-09-04|2026-09-08|2026-09-09|2026-09-10|2026-09-11|2026-09-14|2026-09-15|2026-09-16|2026-09-17|2026-09-18|2026-09-21|2026-09-22|2026-09-23|2026-09-24|2026-09-25|2026-09-28|2026-09-29|2026-09-30|2026-10-01|2026-10-02|2026-10-05|2026-10-06|2026-10-07|2026-10-08|2026-10-09,2026-10-10 01:38:39,0.0
Unum Group,,2026-08-28|2026-08-31|2026-09-01|2026-09-02|2026-09-03|2026-09-04|2026-09-08|2026-09-09|2026-09-10|2026-09-11|2026-09-14|2026-09-15|2026-09-16|2026-09-17|2026-09-18|2026-09-21|2026-09-22|2026-09-23|2026-09-24|2026-09-25|2026-09-28|2026-09-29|2026-09-30|2026-10-01|2026-10-02|2026-10-05|2026-10-06|2026-10-07|2026-10-08|2026-10-09,2026-10-10 01:38:39,0.0
DaVita,,2026-08-28|2026-08-31|2026-09-01|2026-09-02|2026-09-03|2026-09-04|2026-09-08|2026-09-09|2026-09-10|2026-09-11|2026-09-14|2026-09-15|2026-09-16|2026-09-17|2026-09-18|2026-09-21|2026-09-22|2026-09-23|2026-09-24|2026-09-25|2026-09-28|2026-09-29|2026-09-30|2026-10-01|2026-10-02|2026-10-05|2026-10-06|2026-10-07|2026-10-08|2026-10-09,2026-10-10 01:38:39,0.0
Henry Schein,,2026-08-28|2026-08-31|2026-09-01|2026-09-02|2026-09-03|2026-09-04|2026-09-08|2026-09-09|2026-09-10|2026-09-11|2026-09-14|2026-09-15|2026-09-16|2026-09-17|2026-09-18|2026-09-21|2026-09-22|2026-09-23|2026-09-24|2026-09-25|2026-09-28|2026-09-29|2026-09-30|2026-10-01|2026-10-02|2026-10-05|2026-10-06|2026-10-07|2026-10-08|2026-10-09,2026-10-10 01:38:39,0.0
Ryder System,,2026-08-28|2026-08-31|2026-09-01|2026-09-02|2026-09-03|2026-09-04|2026-09-08|2026-09-09|2026-09-10|2026-09-11|2026-09-14|2026-09-15|2026-09-16|2026-09-17|2026-09-18|2026-09-21|2026-09-22|2026-09-23|2026-09-24|2026-09-25|2026-09-28|2026-09-29|2026-09-30|2026-10-01|2026-10-02|2026-10-05|2026-10-06|2026-10-07|2026-10-08|2026-10-09,2026-10-10 01:38:39,0.0
Community Health Systems,,2026-08-28|2026-08-31|2026-09-01|2026-09-02|2026-09-03|2026-09-04|2026-09-08|2026-09-09|2026-09-10|2026-09-11|2026-09-14|2026-09-15|2026-09-16|2026-09-17|2026-09-18|2026-09-21|2026-09-22|2026-09-23|2026-09-24|2026-09-25|2026-09-28|2026-09-29|2026-09-30|2026-10-01|2026-10-02|2026-10-05|2026-10-06|2026-10-07|2026-10-08|2026-10-09,2026-10-10 01:38:39,0.0
Delek US,,2026-08-28|2026-08-31|2026-09-01|2026-09-02|2026-09-03|2026-09-04|2026-09-08|2026-09-09|2026-09-10|2026-09-11|2026-09-14|2026-09-15|2026-09-16|2026-09-17|2026-09-18|2026-09-21|2026-09-22|2026-09-23|2026-09-24|2026-09-25|2026-09-28|2026-09-29|2026-09-30|2026-10-01|2026-10-02|2026-10-05|2026-10-06|2026-10-07|2026-10-08|2026-10-09,2026-10-10 01:38:39,0.0
DTE Energy,,2026-08-28|2026-08-31|2026-09-01|2026-09-02|2026-09-03|2026-09-04|2026-09-08|2026-09-09|2026-09-10|2026-09-11|2026-09-14|2026-09-15|2026-09-16|2026-09-17|2026-09-18|2026-09-21|2026-09-22|2026-09-23|2026-09-24|2026-09-25|2026-09-28|2026-09-29|2026-09-30|2026-10-01|2026-10-02|2026-10-05|2026-10-06|2026-10-07|2026-10-08|2026-10-09,2026-10-10 01:38:39,0.0
Equitable Holdings,,2026-08-28|2026-08-31|2026-09-01|2026-09-02|2026-09-03|2026-09-04|2026-09-08|2026-09-09|2026-09-10|2026-09-11|2026-09-14|2026-09-15|2026-09-16|2026-09-17|2026-09-18|2026-09-21|2026-09-22|2026-09-23|2026-09-24|2026-09-25|2026-09-28|2026-09-29|2026-09-30|2026-10-01|2026-10-02|2026-10-05|2026-10-06|2026-10-07|2026-10-08|2026-10-09,2026-10-10 01:38:39,0.0
DuPont de Nemours,,2026-08-28|2026-08-31|2026-09-01|2026-09-02|2026-09-03|2026-09-04|2026-09-08|2026-09-09|2026-09-10|2026-09-11|2026-09-14|2026-09-15|2026-09-16|2026-09-17|2026-09-18|2026-09-21|2026-09-22|2026-09-23|2026-09-24|2026-09-25|2026-09-28|2026-09-29|2026-09-30|2026-10-01|2026-10-02|2026-10-05|2026-10-06|2026-10-07|2026-10-08|2026-10-09,2026-10-10 01:38:39,0.0
