company,trends_history,date_history,last_updated,avg_interest
Walmart,84|68|55|55|53|55|53|53|51|51|52|54|52|60|59|63|53|51|51|53|58|59|50|50|55|56|46|51|55|57,2025-12-31|2026-01-02|2026-01-05|2026-01-06|2026-01-07|2026-01-08|2026-01-09|2026-01-12|2026-01-13|2026-01-14|2026-01-15|2026-01-16|2026-01-20|2026-01-21|2026-01-22|2026-01-23|2026-01-26|2026-01-27|2026-01-28|2026-01-29|2026-01-30|2026-02-02|2026-02-03|2026-02-04|2026-02-05|2026-02-06|2026-02-09|2026-02-10|2026-02-11|2026-02-12,2026-02-13 15:07:49,55.4
Amazon,94|93|93|97|94|94|91|90|93|87|88|87|89|93|90|85|89|92|100|94|86|88|85|81|91|81|75|80|86|84,2025-12-31|2026-01-02|2026-01-05|2026-01-06|2026-01-07|2026-01-08|2026-01-09|2026-01-12|2026-01-13|2026-01-14|2026-01-15|2026-01-16|2026-01-20|2026-01-21|2026-01-22|2026-01-23|2026-01-26|2026-01-27|2026-01-28|2026-01-29|2026-01-30|2026-02-02|2026-02-03|2026-02-04|2026-02-05|2026-02-06|2026-02-09|2026-02-10|2026-02-11|2026-02-12,2026-02-13 15:07:54,89.0
UnitedHealth,17|19|18|27|22|22|22|29|30|23|21|24|20|27|26|21|38|100|55|36|16|15|15|22|19|15|18|20|15|13,2025-12-31|2026-01-02|2026-01-05|2026-01-06|2026-01-07|2026-01-08|2026-01-09|2026-01-12|2026-01-13|2026-01-14|2026-01-15|2026-01-16|2026-01-20|2026-01-21|2026-01-22|2026-01-23|2026-01-26|2026-01-27|2026-01-28|2026-01-29|2026-01-30|2026-02-02|2026-02-03|2026-02-04|2026-02-05|2026-02-06|2026-02-09|2026-02-10|2026-02-11|2026-02-12,2026-02-13 15:07:58,25.5
Apple,100|91|92|88|83|89|88|91|97|93|90|88|89|95|95|91|96|95|97|97|80|78|78|77|88|85|80|76|76|75,2025-12-31|2026-01-02|2026-01-05|2026-01-06|2026-01-07|2026-01-08|2026-01-09|2026-01-12|2026-01-13|2026-01-14|2026-01-15|2026-01-16|2026-01-20|2026-01-21|2026-01-22|2026-01-23|2026-01-26|2026-01-27|2026-01-28|2026-01-29|2026-01-30|2026-02-02|2026-02-03|2026-02-04|2026-02-05|2026-02-06|2026-02-09|2026-02-10|2026-02-11|2026-02-12,2026-02-13 15:08:01,87.9
CVS Health,69|82|88|88|93|78|80|74|88|83|78|76|81|84|84|77|78|100|94|93|61|69|72|70|66|61|60|77|72|67,2025-12-31|2026-01-02|2026-01-05|2026-01-06|2026-01-07|2026-01-08|2026-01-09|2026-01-12|2026-01-13|2026-01-14|2026-01-15|2026-01-16|2026-01-20|2026-01-21|2026-01-22|2026-01-23|2026-01-26|2026-01-27|2026-01-28|2026-01-29|2026-01-30|2026-02-02|2026-02-03|2026-02-04|2026-02-05|2026-02-06|2026-02-09|2026-02-10|2026-02-11|2026-02-12,2026-02-13 15:08:04,78.1
Alphabet Inc,66|52|67|69|64|83|83|85|88|80|53|71|53|96|64|100|61|91|59|100|48|55|53|74|85|57|87|71|59|52,2025-12-31|2026-01-02|2026-01-05|2026-01-06|2026-01-07|2026-01-08|2026-01-09|2026-01-12|2026-01-13|2026-01-14|2026-01-15|2026-01-16|2026-01-20|2026-01-21|2026-01-22|2026-01-23|2026-01-26|2026-01-27|2026-01-28|2026-01-29|2026-01-30|2026-02-02|2026-02-03|2026-02-04|2026-02-05|2026-02-06|2026-02-09|2026-02-10|2026-02-11|2026-02-12,2026-02-13 15:08:08,70.9
Exxon Mobil,19|18|100|73|59|44|48|48|48|44|40|39|31|38|33|34|35|42|27|40|32|26|31|34|34|32|34|39|33|29,2025-12-31|2026-01-02|2026-01-05|2026-01-06|2026-01-07|2026-01-08|2026-01-09|2026-01-12|2026-01-13|2026-01-14|2026-01-15|2026-01-16|2026-01-20|2026-01-21|2026-01-22|2026-01-23|2026-01-26|2026-01-27|2026-01-28|2026-01-29|2026-01-30|2026-02-02|2026-02-03|2026-02-04|2026-02-05|2026-02-06|2026-02-09|2026-02-10|2026-02-11|2026-02-12,2026-02-13 15:08:11,39.5
McKesson,55|57|77|88|100|90|88|84|89|90|95|79|85|92|93|79|69|86|81|93|75|78|82|86|100|80|68|90|78|83,2025-12-31|2026-01-02|2026-01-05|2026-01-06|2026-01-07|2026-01-08|2026-01-09|2026-01-12|2026-01-13|2026-01-14|2026-01-15|2026-01-16|2026-01-20|2026-01-21|2026-01-22|2026-01-23|2026-01-26|2026-01-27|2026-01-28|2026-01-29|2026-01-30|2026-02-02|2026-02-03|2026-02-04|2026-02-05|2026-02-06|2026-02-09|2026-02-10|2026-02-11|2026-02-12,2026-02-13 15:08:15,83.0
Cencora,33|44|72|66|81|80|66|75|69|65|82|79|85|84|75|85|50|75|87|80|68|70|72|98|100|77|64|82|77|79,2025-12-31|2026-01-02|2026-01-05|2026-01-06|2026-01-07|2026-01-08|2026-01-09|2026-01-12|2026-01-13|2026-01-14|2026-01-15|2026-01-16|2026-01-20|2026-01-21|2026-01-22|2026-01-23|2026-01-26|2026-01-27|2026-01-28|2026-01-29|2026-01-30|2026-02-02|2026-02-03|2026-02-04|2026-02-05|2026-02-06|2026-02-09|2026-02-10|2026-02-11|2026-02-12,2026-02-13 15:08:19,74.0
JPMorgan Chase,42|48|67|67|65|95|60|78|94|74|83|75|80|81|100|83|75|73|79|84|44|50|49|57|60|49|57|66|91|90,2025-12-31|2026-01-02|2026-01-05|2026-01-06|2026-01-07|2026-01-08|2026-01-09|2026-01-12|2026-01-13|2026-01-14|2026-01-15|2026-01-16|2026-01-20|2026-01-21|2026-01-22|2026-01-23|2026-01-26|2026-01-27|2026-01-28|2026-01-29|2026-01-30|2026-02-02|2026-02-03|2026-02-04|2026-02-05|2026-02-06|2026-02-09|2026-02-10|2026-02-11|2026-02-12,2026-02-13 15:08:21,70.5
Costco,100|77|71|72|66|65|67|64|66|62|62|65|68|68|66|68|60|59|60|61|72|66|63|61|60|62|48|55|57|57,2025-12-31|2026-01-02|2026-01-05|2026-01-06|2026-01-07|2026-01-08|2026-01-09|2026-01-12|2026-01-13|2026-01-14|2026-01-15|2026-01-16|2026-01-20|2026-01-21|2026-01-22|2026-01-23|2026-01-26|2026-01-27|2026-01-28|2026-01-29|2026-01-30|2026-02-02|2026-02-03|2026-02-04|2026-02-05|2026-02-06|2026-02-09|2026-02-10|2026-02-11|2026-02-12,2026-02-13 15:08:24,64.9
Cigna,50|71|86|100|81|75|64|72|75|68|64|60|70|67|65|55|57|67|64|70|59|64|68|65|63|53|55|62|61|60,2025-12-31|2026-01-02|2026-01-05|2026-01-06|2026-01-07|2026-01-08|2026-01-09|2026-01-12|2026-01-13|2026-01-14|2026-01-15|2026-01-16|2026-01-20|2026-01-21|2026-01-22|2026-01-23|2026-01-26|2026-01-27|2026-01-28|2026-01-29|2026-01-30|2026-02-02|2026-02-03|2026-02-04|2026-02-05|2026-02-06|2026-02-09|2026-02-10|2026-02-11|2026-02-12,2026-02-13 15:08:29,66.4
Microsoft,40|43|56|59|59|59|55|61|64|65|61|57|63|69|100|79|66|69|74|89|56|56|60|63|64|57|58|56|54|55,2025-12-31|2026-01-02|2026-01-05|2026-01-06|2026-01-07|2026-01-08|2026-01-09|2026-01-12|2026-01-13|2026-01-14|2026-01-15|2026-01-16|2026-01-20|2026-01-21|2026-01-22|2026-01-23|2026-01-26|2026-01-27|2026-01-28|2026-01-29|2026-01-30|2026-02-02|2026-02-03|2026-02-04|2026-02-05|2026-02-06|2026-02-09|2026-02-10|2026-02-11|2026-02-12,2026-02-13 15:08:32,62.2
Cardinal Health,50|57|72|74|83|85|69|77|90|88|84|71|68|82|100|80|85|76|76|81|70|69|81|75|83|79|62|74|75|69,2025-12-31|2026-01-02|2026-01-05|2026-01-06|2026-01-07|2026-01-08|2026-01-09|2026-01-12|2026-01-13|2026-01-14|2026-01-15|2026-01-16|2026-01-20|2026-01-21|2026-01-22|2026-01-23|2026-01-26|2026-01-27|2026-01-28|2026-01-29|2026-01-30|2026-02-02|2026-02-03|2026-02-04|2026-02-05|2026-02-06|2026-02-09|2026-02-10|2026-02-11|2026-02-12,2026-02-13 15:08:35,76.2
Chevron,18|20|100|75|57|46|44|37|30|29|26|27|23|25|23|20|24|24|24|26|24|22|21|22|24|22|24|23|22|22,2025-12-31|2026-01-02|2026-01-05|2026-01-06|2026-01-07|2026-01-08|2026-01-09|2026-01-12|2026-01-13|2026-01-14|2026-01-15|2026-01-16|2026-01-20|2026-01-21|2026-01-22|2026-01-23|2026-01-26|2026-01-27|2026-01-28|2026-01-29|2026-01-30|2026-02-02|2026-02-03|2026-02-04|2026-02-05|2026-02-06|2026-02-09|2026-02-10|2026-02-11|2026-02-12,2026-02-13 15:08:38,30.8
Bank of America,96|98|89|90|83|78|87|77|83|82|84|88|79|84|79|83|71|78|81|80|100|87|88|81|79|84|71|78|78|77,2025-12-31|2026-01-02|2026-01-05|2026-01-06|2026-01-07|2026-01-08|2026-01-09|2026-01-12|2026-01-13|2026-01-14|2026-01-15|2026-01-16|2026-01-20|2026-01-21|2026-01-22|2026-01-23|2026-01-26|2026-01-27|2026-01-28|2026-01-29|2026-01-30|2026-02-02|2026-02-03|2026-02-04|2026-02-05|2026-02-06|2026-02-09|2026-02-10|2026-02-11|2026-02-12,2026-02-13 15:08:43,83.1
General Motors,43|40|56|78|65|65|61|61|68|75|76|61|68|83|57|62|82|100|71|90|56|56|58|59|62|58|63|65|71|59,2025-12-31|2026-01-02|2026-01-05|2026-01-06|2026-01-07|2026-01-08|2026-01-09|2026-01-12|2026-01-13|2026-01-14|2026-01-15|2026-01-16|2026-01-20|2026-01-21|2026-01-22|2026-01-23|2026-01-26|2026-01-27|2026-01-28|2026-01-29|2026-01-30|2026-02-02|2026-02-03|2026-02-04|2026-02-05|2026-02-06|2026-02-09|2026-02-10|2026-02-11|2026-02-12,2026-02-13 15:08:46,65.6
Ford Motor,71|80|78|79|87|84|86|78|93|100|89|84|85|98|85|82|78|82|94|91|83|80|81|84|84|78|88|93|93|81,2025-12-31|2026-01-02|2026-01-05|2026-01-06|2026-01-07|2026-01-08|2026-01-09|2026-01-12|2026-01-13|2026-01-14|2026-01-15|2026-01-16|2026-01-20|2026-01-21|2026-01-22|2026-01-23|2026-01-26|2026-01-27|2026-01-28|2026-01-29|2026-01-30|2026-02-02|2026-02-03|2026-02-04|2026-02-05|2026-02-06|2026-02-09|2026-02-10|2026-02-11|2026-02-12,2026-02-13 15:08:50,85.0
Elevance Health,52|27|50|59|67|49|58|61|69|56|65|60|56|71|72|68|61|98|100|72|55|51|55|55|63|53|45|56|56|53,2025-12-31|2026-01-02|2026-01-05|2026-01-06|2026-01-07|2026-01-08|2026-01-09|2026-01-12|2026-01-13|2026-01-14|2026-01-15|2026-01-16|2026-01-20|2026-01-21|2026-01-22|2026-01-23|2026-01-26|2026-01-27|2026-01-28|2026-01-29|2026-01-30|2026-02-02|2026-02-03|2026-02-04|2026-02-05|2026-02-06|2026-02-09|2026-02-10|2026-02-11|2026-02-12,2026-02-13 15:08:53,60.4
Citigroup,28|31|32|49|40|37|36|41|65|99|88|58|38|57|51|51|48|47|46|69|72|43|32|35|46|39|36|40|100|81,2025-12-31|2026-01-02|2026-01-05|2026-01-06|2026-01-07|2026-01-08|2026-01-09|2026-01-12|2026-01-13|2026-01-14|2026-01-15|2026-01-16|2026-01-20|2026-01-21|2026-01-22|2026-01-23|2026-01-26|2026-01-27|2026-01-28|2026-01-29|2026-01-30|2026-02-02|2026-02-03|2026-02-04|2026-02-05|2026-02-06|2026-02-09|2026-02-10|2026-02-11|2026-02-12,2026-02-13 15:08:57,51.2
Meta Platforms,25|29|29|24|36|31|32|35|51|46|40|34|43|60|56|42|36|53|82|100|18|15|12|17|21|16|18|21|13|12,2025-12-31|2026-01-02|2026-01-05|2026-01-06|2026-01-07|2026-01-08|2026-01-09|2026-01-12|2026-01-13|2026-01-14|2026-01-15|2026-01-16|2026-01-20|2026-01-21|2026-01-22|2026-01-23|2026-01-26|2026-01-27|2026-01-28|2026-01-29|2026-01-30|2026-02-02|2026-02-03|2026-02-04|2026-02-05|2026-02-06|2026-02-09|2026-02-10|2026-02-11|2026-02-12,2026-02-13 15:09:00,34.9
Centene,39|48|65|60|63|65|57|55|63|69|61|58|77|100|72|70|71|84|96|97|79|80|70|70|73|85|53|64|70|69,2025-12-31|2026-01-02|2026-01-05|2026-01-06|2026-01-07|2026-01-08|2026-01-09|2026-01-12|2026-01-13|2026-01-14|2026-01-15|2026-01-16|2026-01-20|2026-01-21|2026-01-22|2026-01-23|2026-01-26|2026-01-27|2026-01-28|2026-01-29|2026-01-30|2026-02-02|2026-02-03|2026-02-04|2026-02-05|2026-02-06|2026-02-09|2026-02-10|2026-02-11|2026-02-12,2026-02-13 15:09:03,69.4
The Home Depot Inc,0|0|0|0|100|0|0|0|0|0|0|0|0|0|0|0|0|0|0|0|9|10|11|13|11|15|12|15|12|13,2025-12-31|2026-01-02|2026-01-05|2026-01-06|2026-01-07|2026-01-08|2026-01-09|2026-01-12|2026-01-13|2026-01-14|2026-01-15|2026-01-16|2026-01-20|2026-01-21|2026-01-22|2026-01-23|2026-01-26|2026-01-27|2026-01-28|2026-01-29|2026-01-30|2026-02-02|2026-02-03|2026-02-04|2026-02-05|2026-02-06|2026-02-09|2026-02-10|2026-02-11|2026-02-12,2026-02-13 15:09:07,7.4
Fannie Mae,46|57|66|59|62|100|68|64|64|73|60|69|66|75|58|60|62|64|58|46|49|57|57|58|47|42|52|53|64|34,2026-01-02|2026-01-05|2026-01-06|2026-01-07|2026-01-08|2026-01-09|2026-01-12|2026-01-13|2026-01-14|2026-01-15|2026-01-16|2026-01-20|2026-01-21|2026-01-22|2026-01-23|2026-01-26|2026-01-27|2026-01-28|2026-01-29|2026-01-30|2026-02-02|2026-02-03|2026-02-04|2026-02-05|2026-02-06|2026-02-09|2026-02-10|2026-02-11|2026-02-12|2026-02-13,2026-02-13 15:09:11,59.7
Kroger,100|59|49|52|53|49|51|49|48|52|46|52|50|63|70|71|58|49|52|50|56|49|47|53|53|54|48|49|55|51,2025-12-31|2026-01-02|2026-01-05|2026-01-06|2026-01-07|2026-01-08|2026-01-09|2026-01-12|2026-01-13|2026-01-14|2026-01-15|2026-01-16|2026-01-20|2026-01-21|2026-01-22|2026-01-23|2026-01-26|2026-01-27|2026-01-28|2026-01-29|2026-01-30|2026-02-02|2026-02-03|2026-02-04|2026-02-05|2026-02-06|2026-02-09|2026-02-10|2026-02-11|2026-02-12,2026-02-13 15:09:13,54.6
Phillips 66,46|41|100|78|93|79|74|69|43|57|50|46|69|61|68|67|57|71|55|60|51|51|54|64|71|54|58|56|54|55,2025-12-31|2026-01-02|2026-01-05|2026-01-06|2026-01-07|2026-01-08|2026-01-09|2026-01-12|2026-01-13|2026-01-14|2026-01-15|2026-01-16|2026-01-20|2026-01-21|2026-01-22|2026-01-23|2026-01-26|2026-01-27|2026-01-28|2026-01-29|2026-01-30|2026-02-02|2026-02-03|2026-02-04|2026-02-05|2026-02-06|2026-02-09|2026-02-10|2026-02-11|2026-02-12,2026-02-13 15:09:16,61.7
Marathon Petroleum,36|31|100|86|58|58|87|62|50|40|41|51|52|68|31|27|59|63|60|52|40|47|67|56|58|50|40|46|53|46,2025-12-31|2026-01-02|2026-01-05|2026-01-06|2026-01-07|2026-01-08|2026-01-09|2026-01-12|2026-01-13|2026-01-14|2026-01-15|2026-01-16|2026-01-20|2026-01-21|2026-01-22|2026-01-23|2026-01-26|2026-01-27|2026-01-28|2026-01-29|2026-01-30|2026-02-02|2026-02-03|2026-02-04|2026-02-05|2026-02-06|2026-02-09|2026-02-10|2026-02-11|2026-02-12,2026-02-13 15:09:19,53.8
Verizon,6|7|6|6|6|6|6|6|6|100|52|13|6|6|6|6|5|5|5|6|6|5|5|5|6|5|5|5|5|6,2025-12-31|2026-01-02|2026-01-05|2026-01-06|2026-01-07|2026-01-08|2026-01-09|2026-01-12|2026-01-13|2026-01-14|2026-01-15|2026-01-16|2026-01-20|2026-01-21|2026-01-22|2026-01-23|2026-01-26|2026-01-27|2026-01-28|2026-01-29|2026-01-30|2026-02-02|2026-02-03|2026-02-04|2026-02-05|2026-02-06|2026-02-09|2026-02-10|2026-02-11|2026-02-12,2026-02-13 15:09:22,10.6
Nvidia,65|79|76|100|90|79|70|64|66|65|68|60|72|74|68|63|67|64|68|73|50|54|55|59|62|62|54|55|51|51,2025-12-31|2026-01-02|2026-01-05|2026-01-06|2026-01-07|2026-01-08|2026-01-09|2026-01-12|2026-01-13|2026-01-14|2026-01-15|2026-01-16|2026-01-20|2026-01-21|2026-01-22|2026-01-23|2026-01-26|2026-01-27|2026-01-28|2026-01-29|2026-01-30|2026-02-02|2026-02-03|2026-02-04|2026-02-05|2026-02-06|2026-02-09|2026-02-10|2026-02-11|2026-02-12,2026-02-13 15:09:26,66.1
Goldman Sachs,52|69|75|89|87|79|70|76|78|74|100|75|75|92|74|83|69|74|77|98|68|73|67|72|75|62|68|76|83|75,2025-12-31|2026-01-02|2026-01-05|2026-01-06|2026-01-07|2026-01-08|2026-01-09|2026-01-12|2026-01-13|2026-01-14|2026-01-15|2026-01-16|2026-01-20|2026-01-21|2026-01-22|2026-01-23|2026-01-26|2026-01-27|2026-01-28|2026-01-29|2026-01-30|2026-02-02|2026-02-03|2026-02-04|2026-02-05|2026-02-06|2026-02-09|2026-02-10|2026-02-11|2026-02-12,2026-02-13 15:09:29,76.2
Wells Fargo,100|98|89|91|86|82|85|78|84|83|88|87|84|86|87|85|78|82|83|86|93|90|90|82|84|86|71|81|83|83,2025-12-31|2026-01-02|2026-01-05|2026-01-06|2026-01-07|2026-01-08|2026-01-09|2026-01-12|2026-01-13|2026-01-14|2026-01-15|2026-01-16|2026-01-20|2026-01-21|2026-01-22|2026-01-23|2026-01-26|2026-01-27|2026-01-28|2026-01-29|2026-01-30|2026-02-02|2026-02-03|2026-02-04|2026-02-05|2026-02-06|2026-02-09|2026-02-10|2026-02-11|2026-02-12,2026-02-13 15:09:33,85.5
Valero Energy,0|35|100|69|40|40|39|0|26|31|0|0|0|70|0|0|0|0|0|45|11|12|13|14|18|12|13|19|35|40,2025-12-31|2026-01-02|2026-01-05|2026-01-06|2026-01-07|2026-01-08|2026-01-09|2026-01-12|2026-01-13|2026-01-14|2026-01-15|2026-01-16|2026-01-20|2026-01-21|2026-01-22|2026-01-23|2026-01-26|2026-01-27|2026-01-28|2026-01-29|2026-01-30|2026-02-02|2026-02-03|2026-02-04|2026-02-05|2026-02-06|2026-02-09|2026-02-10|2026-02-11|2026-02-12,2026-02-13 15:09:37,22.7
Comcast,96|100|97|98|92|96|88|95|91|89|90|92|93|94|100|99|85|87|82|89|95|95|93|89|85|88|87|84|83|81,2025-12-31|2026-01-02|2026-01-05|2026-01-06|2026-01-07|2026-01-08|2026-01-09|2026-01-12|2026-01-13|2026-01-14|2026-01-15|2026-01-16|2026-01-20|2026-01-21|2026-01-22|2026-01-23|2026-01-26|2026-01-27|2026-01-28|2026-01-29|2026-01-30|2026-02-02|2026-02-03|2026-02-04|2026-02-05|2026-02-06|2026-02-09|2026-02-10|2026-02-11|2026-02-12,2026-02-13 15:09:41,91.1
AT&T,84|81|79|79|75|77|79|73|80|97|100|86|72|76|86|82|74|73|75|78|77|76|77|70|77|77|72|74|81|83,2025-12-31|2026-01-02|2026-01-05|2026-01-06|2026-01-07|2026-01-08|2026-01-09|2026-01-12|2026-01-13|2026-01-14|2026-01-15|2026-01-16|2026-01-20|2026-01-21|2026-01-22|2026-01-23|2026-01-26|2026-01-27|2026-01-28|2026-01-29|2026-01-30|2026-02-02|2026-02-03|2026-02-04|2026-02-05|2026-02-06|2026-02-09|2026-02-10|2026-02-11|2026-02-12,2026-02-13 15:09:44,79.0
Freddie Mac,44|51|48|56|55|66|100|66|65|58|71|60|57|68|56|47|45|55|56|67|36|41|47|45|43|39|37|44|41|46,2025-12-31|2026-01-02|2026-01-05|2026-01-06|2026-01-07|2026-01-08|2026-01-09|2026-01-12|2026-01-13|2026-01-14|2026-01-15|2026-01-16|2026-01-20|2026-01-21|2026-01-22|2026-01-23|2026-01-26|2026-01-27|2026-01-28|2026-01-29|2026-01-30|2026-02-02|2026-02-03|2026-02-04|2026-02-05|2026-02-06|2026-02-09|2026-02-10|2026-02-11|2026-02-12,2026-02-13 15:09:48,53.7
Humana,61|99|100|97|88|84|70|77|83|75|73|63|78|76|69|61|63|83|81|77|63|77|76|75|70|62|60|71|75|68,2025-12-31|2026-01-02|2026-01-05|2026-01-06|2026-01-07|2026-01-08|2026-01-09|2026-01-12|2026-01-13|2026-01-14|2026-01-15|2026-01-16|2026-01-20|2026-01-21|2026-01-22|2026-01-23|2026-01-26|2026-01-27|2026-01-28|2026-01-29|2026-01-30|2026-02-02|2026-02-03|2026-02-04|2026-02-05|2026-02-06|2026-02-09|2026-02-10|2026-02-11|2026-02-12,2026-02-13 15:09:52,75.2
Morgan Stanley,52|75|78|91|94|86|81|78|87|76|100|81|74|84|86|76|71|89|84|98|77|81|81|78|80|78|68|84|85|79,2025-12-31|2026-01-02|2026-01-05|2026-01-06|2026-01-07|2026-01-08|2026-01-09|2026-01-12|2026-01-13|2026-01-14|2026-01-15|2026-01-16|2026-01-20|2026-01-21|2026-01-22|2026-01-23|2026-01-26|2026-01-27|2026-01-28|2026-01-29|2026-01-30|2026-02-02|2026-02-03|2026-02-04|2026-02-05|2026-02-06|2026-02-09|2026-02-10|2026-02-11|2026-02-12,2026-02-13 15:09:56,81.1
Target Corporation,49|60|71|88|78|66|58|90|87|98|71|71|68|100|88|71|67|95|97|86|44|62|60|61|62|55|58|69|65|58,2025-12-31|2026-01-02|2026-01-05|2026-01-06|2026-01-07|2026-01-08|2026-01-09|2026-01-12|2026-01-13|2026-01-14|2026-01-15|2026-01-16|2026-01-20|2026-01-21|2026-01-22|2026-01-23|2026-01-26|2026-01-27|2026-01-28|2026-01-29|2026-01-30|2026-02-02|2026-02-03|2026-02-04|2026-02-05|2026-02-06|2026-02-09|2026-02-10|2026-02-11|2026-02-12,2026-02-13 15:09:59,71.8
StoneX Group,0|0|0|0|0|0|0|0|0|0|0|0|0|0|0|0|0|0|0|0|71|76|52|71|100|90|60|66|61|93,2025-12-31|2026-01-02|2026-01-05|2026-01-06|2026-01-07|2026-01-08|2026-01-09|2026-01-12|2026-01-13|2026-01-14|2026-01-15|2026-01-16|2026-01-20|2026-01-21|2026-01-22|2026-01-23|2026-01-26|2026-01-27|2026-01-28|2026-01-29|2026-01-30|2026-02-02|2026-02-03|2026-02-04|2026-02-05|2026-02-06|2026-02-09|2026-02-10|2026-02-11|2026-02-12,2026-02-13 15:10:02,24.7
Tesla,62|67|55|60|57|57|57|53|55|60|57|56|55|60|59|61|56|55|66|100|65|54|55|51|55|55|45|47|50|50,2025-12-31|2026-01-02|2026-01-05|2026-01-06|2026-01-07|2026-01-08|2026-01-09|2026-01-12|2026-01-13|2026-01-14|2026-01-15|2026-01-16|2026-01-20|2026-01-21|2026-01-22|2026-01-23|2026-01-26|2026-01-27|2026-01-28|2026-01-29|2026-01-30|2026-02-02|2026-02-03|2026-02-04|2026-02-05|2026-02-06|2026-02-09|2026-02-10|2026-02-11|2026-02-12,2026-02-13 15:10:06,57.8
Dell Technologies,,2025-12-31|2026-01-02|2026-01-05|2026-01-06|2026-01-07|2026-01-08|2026-01-09|2026-01-12|2026-01-13|2026-01-14|2026-01-15|2026-01-16|2026-01-20|2026-01-21|2026-01-22|2026-01-23|2026-01-26|2026-01-27|2026-01-28|2026-01-29|2026-01-30|2026-02-02|2026-02-03|2026-02-04|2026-02-05|2026-02-06|2026-02-09|2026-02-10|2026-02-11|2026-02-12,2026-02-13 15:10:41,0.0
PepsiCo,,2025-12-31|2026-01-02|2026-01-05|2026-01-06|2026-01-07|2026-01-08|2026-01-09|2026-01-12|2026-01-13|2026-01-14|2026-01-15|2026-01-16|2026-01-20|2026-01-21|2026-01-22|2026-01-23|2026-01-26|2026-01-27|2026-01-28|2026-01-29|2026-01-30|2026-02-02|2026-02-03|2026-02-04|2026-02-05|2026-02-06|2026-02-09|2026-02-10|2026-02-11|2026-02-12,2026-02-13 15:11:23,0.0
The Walt Disney Company,,2025-12-31|2026-01-02|2026-01-05|2026-01-06|2026-01-07|2026-01-08|2026-01-09|2026-01-12|2026-01-13|2026-01-14|2026-01-15|2026-01-16|2026-01-20|2026-01-21|2026-01-22|2026-01-23|2026-01-26|2026-01-27|2026-01-28|2026-01-29|2026-01-30|2026-02-02|2026-02-03|2026-02-04|2026-02-05|2026-02-06|2026-02-09|2026-02-10|2026-02-11|2026-02-12,2026-02-13 15:11:33,0.0
UPS,,2025-12-31|2026-01-02|2026-01-05|2026-01-06|2026-01-07|2026-01-08|2026-01-09|2026-01-12|2026-01-13|2026-01-14|2026-01-15|2026-01-16|2026-01-20|2026-01-21|2026-01-22|2026-01-23|2026-01-26|2026-01-27|2026-01-28|2026-01-29|2026-01-30|2026-02-02|2026-02-03|2026-02-04|2026-02-05|2026-02-06|2026-02-09|2026-02-10|2026-02-11|2026-02-12,2026-02-13 15:11:33,0.0
Johnson & Johnson,,2025-12-31|2026-01-02|2026-01-05|2026-01-06|2026-01-07|2026-01-08|2026-01-09|2026-01-12|2026-01-13|2026-01-14|2026-01-15|2026-01-16|2026-01-20|2026-01-21|2026-01-22|2026-01-23|2026-01-26|2026-01-27|2026-01-28|2026-01-29|2026-01-30|2026-02-02|2026-02-03|2026-02-04|2026-02-05|2026-02-06|2026-02-09|2026-02-10|2026-02-11|2026-02-12,2026-02-13 15:11:33,0.0
FedEx,,2025-12-31|2026-01-02|2026-01-05|2026-01-06|2026-01-07|2026-01-08|2026-01-09|2026-01-12|2026-01-13|2026-01-14|2026-01-15|2026-01-16|2026-01-20|2026-01-21|2026-01-22|2026-01-23|2026-01-26|2026-01-27|2026-01-28|2026-01-29|2026-01-30|2026-02-02|2026-02-03|2026-02-04|2026-02-05|2026-02-06|2026-02-09|2026-02-10|2026-02-11|2026-02-12,2026-02-13 15:11:33,0.0
Archer Daniels Midland,,2025-12-31|2026-01-02|2026-01-05|2026-01-06|2026-01-07|2026-01-08|2026-01-09|2026-01-12|2026-01-13|2026-01-14|2026-01-15|2026-01-16|2026-01-20|2026-01-21|2026-01-22|2026-01-23|2026-01-26|2026-01-27|2026-01-28|2026-01-29|2026-01-30|2026-02-02|2026-02-03|2026-02-04|2026-02-05|2026-02-06|2026-02-09|2026-02-10|2026-02-11|2026-02-12,2026-02-13 15:11:33,0.0
Procter & Gamble,,2025-12-31|2026-01-02|2026-01-05|2026-01-06|2026-01-07|2026-01-08|2026-01-09|2026-01-12|2026-01-13|2026-01-14|2026-01-15|2026-01-16|2026-01-20|2026-01-21|2026-01-22|2026-01-23|2026-01-26|2026-01-27|2026-01-28|2026-01-29|2026-01-30|2026-02-02|2026-02-03|2026-02-04|2026-02-05|2026-02-06|2026-02-09|2026-02-10|2026-02-11|2026-02-12,2026-02-13 15:11:33,0.0
Lowe's Companies,,2025-12-31|2026-01-02|2026-01-05|2026-01-06|2026-01-07|2026-01-08|2026-01-09|2026-01-12|2026-01-13|2026-01-14|2026-01-15|2026-01-16|2026-01-20|2026-01-21|2026-01-22|2026-01-23|2026-01-26|2026-01-27|2026-01-28|2026-01-29|2026-01-30|2026-02-02|2026-02-03|2026-02-04|2026-02-05|2026-02-06|2026-02-09|2026-02-10|2026-02-11|2026-02-12,2026-02-13 15:11:33,0.0
Energy Transfer,,2025-12-31|2026-01-02|2026-01-05|2026-01-06|2026-01-07|2026-01-08|2026-01-09|2026-01-12|2026-01-13|2026-01-14|2026-01-15|2026-01-16|2026-01-20|2026-01-21|2026-01-22|2026-01-23|2026-01-26|2026-01-27|2026-01-28|2026-01-29|2026-01-30|2026-02-02|2026-02-03|2026-02-04|2026-02-05|2026-02-06|2026-02-09|2026-02-10|2026-02-11|2026-02-12,2026-02-13 15:11:33,0.0
RTX,,2025-12-31|2026-01-02|2026-01-05|2026-01-06|2026-01-07|2026-01-08|2026-01-09|2026-01-12|2026-01-13|2026-01-14|2026-01-15|2026-01-16|2026-01-20|2026-01-21|2026-01-22|2026-01-23|2026-01-26|2026-01-27|2026-01-28|2026-01-29|2026-01-30|2026-02-02|2026-02-03|2026-02-04|2026-02-05|2026-02-06|2026-02-09|2026-02-10|2026-02-11|2026-02-12,2026-02-13 15:11:33,0.0
Albertsons,,2025-12-31|2026-01-02|2026-01-05|2026-01-06|2026-01-07|2026-01-08|2026-01-09|2026-01-12|2026-01-13|2026-01-14|2026-01-15|2026-01-16|2026-01-20|2026-01-21|2026-01-22|2026-01-23|2026-01-26|2026-01-27|2026-01-28|2026-01-29|2026-01-30|2026-02-02|2026-02-03|2026-02-04|2026-02-05|2026-02-06|2026-02-09|2026-02-10|2026-02-11|2026-02-12,2026-02-13 15:11:33,0.0
Sysco,,2025-12-31|2026-01-02|2026-01-05|2026-01-06|2026-01-07|2026-01-08|2026-01-09|2026-01-12|2026-01-13|2026-01-14|2026-01-15|2026-01-16|2026-01-20|2026-01-21|2026-01-22|2026-01-23|2026-01-26|2026-01-27|2026-01-28|2026-01-29|2026-01-30|2026-02-02|2026-02-03|2026-02-04|2026-02-05|2026-02-06|2026-02-09|2026-02-10|2026-02-11|2026-02-12,2026-02-13 15:11:33,0.0
Progressive Insurance,,2025-12-31|2026-01-02|2026-01-05|2026-01-06|2026-01-07|2026-01-08|2026-01-09|2026-01-12|2026-01-13|2026-01-14|2026-01-15|2026-01-16|2026-01-20|2026-01-21|2026-01-22|2026-01-23|2026-01-26|2026-01-27|2026-01-28|2026-01-29|2026-01-30|2026-02-02|2026-02-03|2026-02-04|2026-02-05|2026-02-06|2026-02-09|2026-02-10|2026-02-11|2026-02-12,2026-02-13 15:11:33,0.0
American Express,,2025-12-31|2026-01-02|2026-01-05|2026-01-06|2026-01-07|2026-01-08|2026-01-09|2026-01-12|2026-01-13|2026-01-14|2026-01-15|2026-01-16|2026-01-20|2026-01-21|2026-01-22|2026-01-23|2026-01-26|2026-01-27|2026-01-28|2026-01-29|2026-01-30|2026-02-02|2026-02-03|2026-02-04|2026-02-05|2026-02-06|2026-02-09|2026-02-10|2026-02-11|2026-02-12,2026-02-13 15:11:33,0.0
Lockheed Martin,,2025-12-31|2026-01-02|2026-01-05|2026-01-06|2026-01-07|2026-01-08|2026-01-09|2026-01-12|2026-01-13|2026-01-14|2026-01-15|2026-01-16|2026-01-20|2026-01-21|2026-01-22|2026-01-23|2026-01-26|2026-01-27|2026-01-28|2026-01-29|2026-01-30|2026-02-02|2026-02-03|2026-02-04|2026-02-05|2026-02-06|2026-02-09|2026-02-10|2026-02-11|2026-02-12,2026-02-13 15:11:33,0.0
MetLife Inc,,2025-12-31|2026-01-02|2026-01-05|2026-01-06|2026-01-07|2026-01-08|2026-01-09|2026-01-12|2026-01-13|2026-01-14|2026-01-15|2026-01-16|2026-01-20|2026-01-21|2026-01-22|2026-01-23|2026-01-26|2026-01-27|2026-01-28|2026-01-29|2026-01-30|2026-02-02|2026-02-03|2026-02-04|2026-02-05|2026-02-06|2026-02-09|2026-02-10|2026-02-11|2026-02-12,2026-02-13 15:11:33,0.0
HCA Healthcare,,2025-12-31|2026-01-02|2026-01-05|2026-01-06|2026-01-07|2026-01-08|2026-01-09|2026-01-12|2026-01-13|2026-01-14|2026-01-15|2026-01-16|2026-01-20|2026-01-21|2026-01-22|2026-01-23|2026-01-26|2026-01-27|2026-01-28|2026-01-29|2026-01-30|2026-02-02|2026-02-03|2026-02-04|2026-02-05|2026-02-06|2026-02-09|2026-02-10|2026-02-11|2026-02-12,2026-02-13 15:11:33,0.0
Prudential Financial,,2025-12-31|2026-01-02|2026-01-05|2026-01-06|2026-01-07|2026-01-08|2026-01-09|2026-01-12|2026-01-13|2026-01-14|2026-01-15|2026-01-16|2026-01-20|2026-01-21|2026-01-22|2026-01-23|2026-01-26|2026-01-27|2026-01-28|2026-01-29|2026-01-30|2026-02-02|2026-02-03|2026-02-04|2026-02-05|2026-02-06|2026-02-09|2026-02-10|2026-02-11|2026-02-12,2026-02-13 15:11:33,0.0
Boeing,,2025-12-31|2026-01-02|2026-01-05|2026-01-06|2026-01-07|2026-01-08|2026-01-09|2026-01-12|2026-01-13|2026-01-14|2026-01-15|2026-01-16|2026-01-20|2026-01-21|2026-01-22|2026-01-23|2026-01-26|2026-01-27|2026-01-28|2026-01-29|2026-01-30|2026-02-02|2026-02-03|2026-02-04|2026-02-05|2026-02-06|2026-02-09|2026-02-10|2026-02-11|2026-02-12,2026-02-13 15:11:33,0.0
Caterpillar,,2025-12-31|2026-01-02|2026-01-05|2026-01-06|2026-01-07|2026-01-08|2026-01-09|2026-01-12|2026-01-13|2026-01-14|2026-01-15|2026-01-16|2026-01-20|2026-01-21|2026-01-22|2026-01-23|2026-01-26|2026-01-27|2026-01-28|2026-01-29|2026-01-30|2026-02-02|2026-02-03|2026-02-04|2026-02-05|2026-02-06|2026-02-09|2026-02-10|2026-02-11|2026-02-12,2026-02-13 15:11:33,0.0
Merck,,2025-12-31|2026-01-02|2026-01-05|2026-01-06|2026-01-07|2026-01-08|2026-01-09|2026-01-12|2026-01-13|2026-01-14|2026-01-15|2026-01-16|2026-01-20|2026-01-21|2026-01-22|2026-01-23|2026-01-26|2026-01-27|2026-01-28|2026-01-29|2026-01-30|2026-02-02|2026-02-03|2026-02-04|2026-02-05|2026-02-06|2026-02-09|2026-02-10|2026-02-11|2026-02-12,2026-02-13 15:11:33,0.0
Allstate,,2025-12-31|2026-01-02|2026-01-05|2026-01-06|2026-01-07|2026-01-08|2026-01-09|2026-01-12|2026-01-13|2026-01-14|2026-01-15|2026-01-16|2026-01-20|2026-01-21|2026-01-22|2026-01-23|2026-01-26|2026-01-27|2026-01-28|2026-01-29|2026-01-30|2026-02-02|2026-02-03|2026-02-04|2026-02-05|2026-02-06|2026-02-09|2026-02-10|2026-02-11|2026-02-12,2026-02-13 15:11:33,0.0
Pfizer,,2025-12-31|2026-01-02|2026-01-05|2026-01-06|2026-01-07|2026-01-08|2026-01-09|2026-01-12|2026-01-13|2026-01-14|2026-01-15|2026-01-16|2026-01-20|2026-01-21|2026-01-22|2026-01-23|2026-01-26|2026-01-27|2026-01-28|2026-01-29|2026-01-30|2026-02-02|2026-02-03|2026-02-04|2026-02-05|2026-02-06|2026-02-09|2026-02-10|2026-02-11|2026-02-12,2026-02-13 15:11:33,0.0
IBM,,2025-12-31|2026-01-02|2026-01-05|2026-01-06|2026-01-07|2026-01-08|2026-01-09|2026-01-12|2026-01-13|2026-01-14|2026-01-15|2026-01-16|2026-01-20|2026-01-21|2026-01-22|2026-01-23|2026-01-26|2026-01-27|2026-01-28|2026-01-29|2026-01-30|2026-02-02|2026-02-03|2026-02-04|2026-02-05|2026-02-06|2026-02-09|2026-02-10|2026-02-11|2026-02-12,2026-02-13 15:11:33,0.0
Delta Air Lines,,2025-12-31|2026-01-02|2026-01-05|2026-01-06|2026-01-07|2026-01-08|2026-01-09|2026-01-12|2026-01-13|2026-01-14|2026-01-15|2026-01-16|2026-01-20|2026-01-21|2026-01-22|2026-01-23|2026-01-26|2026-01-27|2026-01-28|2026-01-29|2026-01-30|2026-02-02|2026-02-03|2026-02-04|2026-02-05|2026-02-06|2026-02-09|2026-02-10|2026-02-11|2026-02-12,2026-02-13 15:11:33,0.0
Publix Super Markets,,2025-12-31|2026-01-02|2026-01-05|2026-01-06|2026-01-07|2026-01-08|2026-01-09|2026-01-12|2026-01-13|2026-01-14|2026-01-15|2026-01-16|2026-01-20|2026-01-21|2026-01-22|2026-01-23|2026-01-26|2026-01-27|2026-01-28|2026-01-29|2026-01-30|2026-02-02|2026-02-03|2026-02-04|2026-02-05|2026-02-06|2026-02-09|2026-02-10|2026-02-11|2026-02-12,2026-02-13 15:11:33,0.0
TD Synnex,,2025-12-31|2026-01-02|2026-01-05|2026-01-06|2026-01-07|2026-01-08|2026-01-09|2026-01-12|2026-01-13|2026-01-14|2026-01-15|2026-01-16|2026-01-20|2026-01-21|2026-01-22|2026-01-23|2026-01-26|2026-01-27|2026-01-28|2026-01-29|2026-01-30|2026-02-02|2026-02-03|2026-02-04|2026-02-05|2026-02-06|2026-02-09|2026-02-10|2026-02-11|2026-02-12,2026-02-13 15:11:33,0.0
United Airlines,,2025-12-31|2026-01-02|2026-01-05|2026-01-06|2026-01-07|2026-01-08|2026-01-09|2026-01-12|2026-01-13|2026-01-14|2026-01-15|2026-01-16|2026-01-20|2026-01-21|2026-01-22|2026-01-23|2026-01-26|2026-01-27|2026-01-28|2026-01-29|2026-01-30|2026-02-02|2026-02-03|2026-02-04|2026-02-05|2026-02-06|2026-02-09|2026-02-10|2026-02-11|2026-02-12,2026-02-13 15:11:33,0.0
ConocoPhillips,,2025-12-31|2026-01-02|2026-01-05|2026-01-06|2026-01-07|2026-01-08|2026-01-09|2026-01-12|2026-01-13|2026-01-14|2026-01-15|2026-01-16|2026-01-20|2026-01-21|2026-01-22|2026-01-23|2026-01-26|2026-01-27|2026-01-28|2026-01-29|2026-01-30|2026-02-02|2026-02-03|2026-02-04|2026-02-05|2026-02-06|2026-02-09|2026-02-10|2026-02-11|2026-02-12,2026-02-13 15:11:33,0.0
TJX,,2025-12-31|2026-01-02|2026-01-05|2026-01-06|2026-01-07|2026-01-08|2026-01-09|2026-01-12|2026-01-13|2026-01-14|2026-01-15|2026-01-16|2026-01-20|2026-01-21|2026-01-22|2026-01-23|2026-01-26|2026-01-27|2026-01-28|2026-01-29|2026-01-30|2026-02-02|2026-02-03|2026-02-04|2026-02-05|2026-02-06|2026-02-09|2026-02-10|2026-02-11|2026-02-12,2026-02-13 15:11:33,0.0
AbbVie,,2025-12-31|2026-01-02|2026-01-05|2026-01-06|2026-01-07|2026-01-08|2026-01-09|2026-01-12|2026-01-13|2026-01-14|2026-01-15|2026-01-16|2026-01-20|2026-01-21|2026-01-22|2026-01-23|2026-01-26|2026-01-27|2026-01-28|2026-01-29|2026-01-30|2026-02-02|2026-02-03|2026-02-04|2026-02-05|2026-02-06|2026-02-09|2026-02-10|2026-02-11|2026-02-12,2026-02-13 15:11:33,0.0
Enterprise Products Partners,,2025-12-31|2026-01-02|2026-01-05|2026-01-06|2026-01-07|2026-01-08|2026-01-09|2026-01-12|2026-01-13|2026-01-14|2026-01-15|2026-01-16|2026-01-20|2026-01-21|2026-01-22|2026-01-23|2026-01-26|2026-01-27|2026-01-28|2026-01-29|2026-01-30|2026-02-02|2026-02-03|2026-02-04|2026-02-05|2026-02-06|2026-02-09|2026-02-10|2026-02-11|2026-02-12,2026-02-13 15:11:33,0.0
Charter Communications,,2025-12-31|2026-01-02|2026-01-05|2026-01-06|2026-01-07|2026-01-08|2026-01-09|2026-01-12|2026-01-13|2026-01-14|2026-01-15|2026-01-16|2026-01-20|2026-01-21|2026-01-22|2026-01-23|2026-01-26|2026-01-27|2026-01-28|2026-01-29|2026-01-30|2026-02-02|2026-02-03|2026-02-04|2026-02-05|2026-02-06|2026-02-09|2026-02-10|2026-02-11|2026-02-12,2026-02-13 15:11:33,0.0
Performance Food,,2025-12-31|2026-01-02|2026-01-05|2026-01-06|2026-01-07|2026-01-08|2026-01-09|2026-01-12|2026-01-13|2026-01-14|2026-01-15|2026-01-16|2026-01-20|2026-01-21|2026-01-22|2026-01-23|2026-01-26|2026-01-27|2026-01-28|2026-01-29|2026-01-30|2026-02-02|2026-02-03|2026-02-04|2026-02-05|2026-02-06|2026-02-09|2026-02-10|2026-02-11|2026-02-12,2026-02-13 15:11:33,0.0
American Airlines,,2025-12-31|2026-01-02|2026-01-05|2026-01-06|2026-01-07|2026-01-08|2026-01-09|2026-01-12|2026-01-13|2026-01-14|2026-01-15|2026-01-16|2026-01-20|2026-01-21|2026-01-22|2026-01-23|2026-01-26|2026-01-27|2026-01-28|2026-01-29|2026-01-30|2026-02-02|2026-02-03|2026-02-04|2026-02-05|2026-02-06|2026-02-09|2026-02-10|2026-02-11|2026-02-12,2026-02-13 15:11:33,0.0
Capital One,,2025-12-31|2026-01-02|2026-01-05|2026-01-06|2026-01-07|2026-01-08|2026-01-09|2026-01-12|2026-01-13|2026-01-14|2026-01-15|2026-01-16|2026-01-20|2026-01-21|2026-01-22|2026-01-23|2026-01-26|2026-01-27|2026-01-28|2026-01-29|2026-01-30|2026-02-02|2026-02-03|2026-02-04|2026-02-05|2026-02-06|2026-02-09|2026-02-10|2026-02-11|2026-02-12,2026-02-13 15:11:33,0.0
Cisco Systems,,2025-12-31|2026-01-02|2026-01-05|2026-01-06|2026-01-07|2026-01-08|2026-01-09|2026-01-12|2026-01-13|2026-01-14|2026-01-15|2026-01-16|2026-01-20|2026-01-21|2026-01-22|2026-01-23|2026-01-26|2026-01-27|2026-01-28|2026-01-29|2026-01-30|2026-02-02|2026-02-03|2026-02-04|2026-02-05|2026-02-06|2026-02-09|2026-02-10|2026-02-11|2026-02-12,2026-02-13 15:11:33,0.0
HP,,2025-12-31|2026-01-02|2026-01-05|2026-01-06|2026-01-07|2026-01-08|2026-01-09|2026-01-12|2026-01-13|2026-01-14|2026-01-15|2026-01-16|2026-01-20|2026-01-21|2026-01-22|2026-01-23|2026-01-26|2026-01-27|2026-01-28|2026-01-29|2026-01-30|2026-02-02|2026-02-03|2026-02-04|2026-02-05|2026-02-06|2026-02-09|2026-02-10|2026-02-11|2026-02-12,2026-02-13 15:11:33,0.0
Tyson Foods,,2025-12-31|2026-01-02|2026-01-05|2026-01-06|2026-01-07|2026-01-08|2026-01-09|2026-01-12|2026-01-13|2026-01-14|2026-01-15|2026-01-16|2026-01-20|2026-01-21|2026-01-22|2026-01-23|2026-01-26|2026-01-27|2026-01-28|2026-01-29|2026-01-30|2026-02-02|2026-02-03|2026-02-04|2026-02-05|2026-02-06|2026-02-09|2026-02-10|2026-02-11|2026-02-12,2026-02-13 15:11:33,0.0
Intel,,2025-12-31|2026-01-02|2026-01-05|2026-01-06|2026-01-07|2026-01-08|2026-01-09|2026-01-12|2026-01-13|2026-01-14|2026-01-15|2026-01-16|2026-01-20|2026-01-21|2026-01-22|2026-01-23|2026-01-26|2026-01-27|2026-01-28|2026-01-29|2026-01-30|2026-02-02|2026-02-03|2026-02-04|2026-02-05|2026-02-06|2026-02-09|2026-02-10|2026-02-11|2026-02-12,2026-02-13 15:11:33,0.0
Oracle,,2025-12-31|2026-01-02|2026-01-05|2026-01-06|2026-01-07|2026-01-08|2026-01-09|2026-01-12|2026-01-13|2026-01-14|2026-01-15|2026-01-16|2026-01-20|2026-01-21|2026-01-22|2026-01-23|2026-01-26|2026-01-27|2026-01-28|2026-01-29|2026-01-30|2026-02-02|2026-02-03|2026-02-04|2026-02-05|2026-02-06|2026-02-09|2026-02-10|2026-02-11|2026-02-12,2026-02-13 15:11:33,0.0
Broadcom,,2025-12-31|2026-01-02|2026-01-05|2026-01-06|2026-01-07|2026-01-08|2026-01-09|2026-01-12|2026-01-13|2026-01-14|2026-01-15|2026-01-16|2026-01-20|2026-01-21|2026-01-22|2026-01-23|2026-01-26|2026-01-27|2026-01-28|2026-01-29|2026-01-30|2026-02-02|2026-02-03|2026-02-04|2026-02-05|2026-02-06|2026-02-09|2026-02-10|2026-02-11|2026-02-12,2026-02-13 15:11:33,0.0
John Deere & Company,,2025-12-31|2026-01-02|2026-01-05|2026-01-06|2026-01-07|2026-01-08|2026-01-09|2026-01-12|2026-01-13|2026-01-14|2026-01-15|2026-01-16|2026-01-20|2026-01-21|2026-01-22|2026-01-23|2026-01-26|2026-01-27|2026-01-28|2026-01-29|2026-01-30|2026-02-02|2026-02-03|2026-02-04|2026-02-05|2026-02-06|2026-02-09|2026-02-10|2026-02-11|2026-02-12,2026-02-13 15:11:33,0.0
Nike,,2025-12-31|2026-01-02|2026-01-05|2026-01-06|2026-01-07|2026-01-08|2026-01-09|2026-01-12|2026-01-13|2026-01-14|2026-01-15|2026-01-16|2026-01-20|2026-01-21|2026-01-22|2026-01-23|2026-01-26|2026-01-27|2026-01-28|2026-01-29|2026-01-30|2026-02-02|2026-02-03|2026-02-04|2026-02-05|2026-02-06|2026-02-09|2026-02-10|2026-02-11|2026-02-12,2026-02-13 15:11:33,0.0
Plains GP,,2025-12-31|2026-01-02|2026-01-05|2026-01-06|2026-01-07|2026-01-08|2026-01-09|2026-01-12|2026-01-13|2026-01-14|2026-01-15|2026-01-16|2026-01-20|2026-01-21|2026-01-22|2026-01-23|2026-01-26|2026-01-27|2026-01-28|2026-01-29|2026-01-30|2026-02-02|2026-02-03|2026-02-04|2026-02-05|2026-02-06|2026-02-09|2026-02-10|2026-02-11|2026-02-12,2026-02-13 15:11:33,0.0
Bristol-Myers Squibb,,2025-12-31|2026-01-02|2026-01-05|2026-01-06|2026-01-07|2026-01-08|2026-01-09|2026-01-12|2026-01-13|2026-01-14|2026-01-15|2026-01-16|2026-01-20|2026-01-21|2026-01-22|2026-01-23|2026-01-26|2026-01-27|2026-01-28|2026-01-29|2026-01-30|2026-02-02|2026-02-03|2026-02-04|2026-02-05|2026-02-06|2026-02-09|2026-02-10|2026-02-11|2026-02-12,2026-02-13 15:11:33,0.0
Ingram Micro,,2025-12-31|2026-01-02|2026-01-05|2026-01-06|2026-01-07|2026-01-08|2026-01-09|2026-01-12|2026-01-13|2026-01-14|2026-01-15|2026-01-16|2026-01-20|2026-01-21|2026-01-22|2026-01-23|2026-01-26|2026-01-27|2026-01-28|2026-01-29|2026-01-30|2026-02-02|2026-02-03|2026-02-04|2026-02-05|2026-02-06|2026-02-09|2026-02-10|2026-02-11|2026-02-12,2026-02-13 15:11:33,0.0
General Dynamics,,2025-12-31|2026-01-02|2026-01-05|2026-01-06|2026-01-07|2026-01-08|2026-01-09|2026-01-12|2026-01-13|2026-01-14|2026-01-15|2026-01-16|2026-01-20|2026-01-21|2026-01-22|2026-01-23|2026-01-26|2026-01-27|2026-01-28|2026-01-29|2026-01-30|2026-02-02|2026-02-03|2026-02-04|2026-02-05|2026-02-06|2026-02-09|2026-02-10|2026-02-11|2026-02-12,2026-02-13 15:11:33,0.0
The Coca-Cola Company,,2025-12-31|2026-01-02|2026-01-05|2026-01-06|2026-01-07|2026-01-08|2026-01-09|2026-01-12|2026-01-13|2026-01-14|2026-01-15|2026-01-16|2026-01-20|2026-01-21|2026-01-22|2026-01-23|2026-01-26|2026-01-27|2026-01-28|2026-01-29|2026-01-30|2026-02-02|2026-02-03|2026-02-04|2026-02-05|2026-02-06|2026-02-09|2026-02-10|2026-02-11|2026-02-12,2026-02-13 15:11:33,0.0
Travelers Insurance,,2025-12-31|2026-01-02|2026-01-05|2026-01-06|2026-01-07|2026-01-08|2026-01-09|2026-01-12|2026-01-13|2026-01-14|2026-01-15|2026-01-16|2026-01-20|2026-01-21|2026-01-22|2026-01-23|2026-01-26|2026-01-27|2026-01-28|2026-01-29|2026-01-30|2026-02-02|2026-02-03|2026-02-04|2026-02-05|2026-02-06|2026-02-09|2026-02-10|2026-02-11|2026-02-12,2026-02-13 15:11:33,0.0
Eli Lilly,,2025-12-31|2026-01-02|2026-01-05|2026-01-06|2026-01-07|2026-01-08|2026-01-09|2026-01-12|2026-01-13|2026-01-14|2026-01-15|2026-01-16|2026-01-20|2026-01-21|2026-01-22|2026-01-23|2026-01-26|2026-01-27|2026-01-28|2026-01-29|2026-01-30|2026-02-02|2026-02-03|2026-02-04|2026-02-05|2026-02-06|2026-02-09|2026-02-10|2026-02-11|2026-02-12,2026-02-13 15:11:33,0.0
Uber Technologies,,2025-12-31|2026-01-02|2026-01-05|2026-01-06|2026-01-07|2026-01-08|2026-01-09|2026-01-12|2026-01-13|2026-01-14|2026-01-15|2026-01-16|2026-01-20|2026-01-21|2026-01-22|2026-01-23|2026-01-26|2026-01-27|2026-01-28|2026-01-29|2026-01-30|2026-02-02|2026-02-03|2026-02-04|2026-02-05|2026-02-06|2026-02-09|2026-02-10|2026-02-11|2026-02-12,2026-02-13 15:11:33,0.0
Thermo Fisher Scientific,,2025-12-31|2026-01-02|2026-01-05|2026-01-06|2026-01-07|2026-01-08|2026-01-09|2026-01-12|2026-01-13|2026-01-14|2026-01-15|2026-01-16|2026-01-20|2026-01-21|2026-01-22|2026-01-23|2026-01-26|2026-01-27|2026-01-28|2026-01-29|2026-01-30|2026-02-02|2026-02-03|2026-02-04|2026-02-05|2026-02-06|2026-02-09|2026-02-10|2026-02-11|2026-02-12,2026-02-13 15:11:33,0.0
US Bancorp,,2025-12-31|2026-01-02|2026-01-05|2026-01-06|2026-01-07|2026-01-08|2026-01-09|2026-01-12|2026-01-13|2026-01-14|2026-01-15|2026-01-16|2026-01-20|2026-01-21|2026-01-22|2026-01-23|2026-01-26|2026-01-27|2026-01-28|2026-01-29|2026-01-30|2026-02-02|2026-02-03|2026-02-04|2026-02-05|2026-02-06|2026-02-09|2026-02-10|2026-02-11|2026-02-12,2026-02-13 15:11:33,0.0
World Kinect,,2025-12-31|2026-01-02|2026-01-05|2026-01-06|2026-01-07|2026-01-08|2026-01-09|2026-01-12|2026-01-13|2026-01-14|2026-01-15|2026-01-16|2026-01-20|2026-01-21|2026-01-22|2026-01-23|2026-01-26|2026-01-27|2026-01-28|2026-01-29|2026-01-30|2026-02-02|2026-02-03|2026-02-04|2026-02-05|2026-02-06|2026-02-09|2026-02-10|2026-02-11|2026-02-12,2026-02-13 15:11:33,0.0
Abbott Laboratories,,2025-12-31|2026-01-02|2026-01-05|2026-01-06|2026-01-07|2026-01-08|2026-01-09|2026-01-12|2026-01-13|2026-01-14|2026-01-15|2026-01-16|2026-01-20|2026-01-21|2026-01-22|2026-01-23|2026-01-26|2026-01-27|2026-01-28|2026-01-29|2026-01-30|2026-02-02|2026-02-03|2026-02-04|2026-02-05|2026-02-06|2026-02-09|2026-02-10|2026-02-11|2026-02-12,2026-02-13 15:11:33,0.0
Best Buy,,2025-12-31|2026-01-02|2026-01-05|2026-01-06|2026-01-07|2026-01-08|2026-01-09|2026-01-12|2026-01-13|2026-01-14|2026-01-15|2026-01-16|2026-01-20|2026-01-21|2026-01-22|2026-01-23|2026-01-26|2026-01-27|2026-01-28|2026-01-29|2026-01-30|2026-02-02|2026-02-03|2026-02-04|2026-02-05|2026-02-06|2026-02-09|2026-02-10|2026-02-11|2026-02-12,2026-02-13 15:11:33,0.0
Northrop Grumman,,2025-12-31|2026-01-02|2026-01-05|2026-01-06|2026-01-07|2026-01-08|2026-01-09|2026-01-12|2026-01-13|2026-01-14|2026-01-15|2026-01-16|2026-01-20|2026-01-21|2026-01-22|2026-01-23|2026-01-26|2026-01-27|2026-01-28|2026-01-29|2026-01-30|2026-02-02|2026-02-03|2026-02-04|2026-02-05|2026-02-06|2026-02-09|2026-02-10|2026-02-11|2026-02-12,2026-02-13 15:11:33,0.0
Molina Healthcare,,2025-12-31|2026-01-02|2026-01-05|2026-01-06|2026-01-07|2026-01-08|2026-01-09|2026-01-12|2026-01-13|2026-01-14|2026-01-15|2026-01-16|2026-01-20|2026-01-21|2026-01-22|2026-01-23|2026-01-26|2026-01-27|2026-01-28|2026-01-29|2026-01-30|2026-02-02|2026-02-03|2026-02-04|2026-02-05|2026-02-06|2026-02-09|2026-02-10|2026-02-11|2026-02-12,2026-02-13 15:11:33,0.0
Dollar General Corporation,,2025-12-31|2026-01-02|2026-01-05|2026-01-06|2026-01-07|2026-01-08|2026-01-09|2026-01-12|2026-01-13|2026-01-14|2026-01-15|2026-01-16|2026-01-20|2026-01-21|2026-01-22|2026-01-23|2026-01-26|2026-01-27|2026-01-28|2026-01-29|2026-01-30|2026-02-02|2026-02-03|2026-02-04|2026-02-05|2026-02-06|2026-02-09|2026-02-10|2026-02-11|2026-02-12,2026-02-13 15:11:33,0.0
Bank of New York Mellon,,2025-12-31|2026-01-02|2026-01-05|2026-01-06|2026-01-07|2026-01-08|2026-01-09|2026-01-12|2026-01-13|2026-01-14|2026-01-15|2026-01-16|2026-01-20|2026-01-21|2026-01-22|2026-01-23|2026-01-26|2026-01-27|2026-01-28|2026-01-29|2026-01-30|2026-02-02|2026-02-03|2026-02-04|2026-02-05|2026-02-06|2026-02-09|2026-02-10|2026-02-11|2026-02-12,2026-02-13 15:11:33,0.0
Warner Bros Discovery,,2025-12-31|2026-01-02|2026-01-05|2026-01-06|2026-01-07|2026-01-08|2026-01-09|2026-01-12|2026-01-13|2026-01-14|2026-01-15|2026-01-16|2026-01-20|2026-01-21|2026-01-22|2026-01-23|2026-01-26|2026-01-27|2026-01-28|2026-01-29|2026-01-30|2026-02-02|2026-02-03|2026-02-04|2026-02-05|2026-02-06|2026-02-09|2026-02-10|2026-02-11|2026-02-12,2026-02-13 15:11:33,0.0
Netflix,,2025-12-31|2026-01-02|2026-01-05|2026-01-06|2026-01-07|2026-01-08|2026-01-09|2026-01-12|2026-01-13|2026-01-14|2026-01-15|2026-01-16|2026-01-20|2026-01-21|2026-01-22|2026-01-23|2026-01-26|2026-01-27|2026-01-28|2026-01-29|2026-01-30|2026-02-02|2026-02-03|2026-02-04|2026-02-05|2026-02-06|2026-02-09|2026-02-10|2026-02-11|2026-02-12,2026-02-13 15:11:33,0.0
Qualcomm,,2025-12-31|2026-01-02|2026-01-05|2026-01-06|2026-01-07|2026-01-08|2026-01-09|2026-01-12|2026-01-13|2026-01-14|2026-01-15|2026-01-16|2026-01-20|2026-01-21|2026-01-22|2026-01-23|2026-01-26|2026-01-27|2026-01-28|2026-01-29|2026-01-30|2026-02-02|2026-02-03|2026-02-04|2026-02-05|2026-02-06|2026-02-09|2026-02-10|2026-02-11|2026-02-12,2026-02-13 15:11:33,0.0
Honeywell,,2025-12-31|2026-01-02|2026-01-05|2026-01-06|2026-01-07|2026-01-08|2026-01-09|2026-01-12|2026-01-13|2026-01-14|2026-01-15|2026-01-16|2026-01-20|2026-01-21|2026-01-22|2026-01-23|2026-01-26|2026-01-27|2026-01-28|2026-01-29|2026-01-30|2026-02-02|2026-02-03|2026-02-04|2026-02-05|2026-02-06|2026-02-09|2026-02-10|2026-02-11|2026-02-12,2026-02-13 15:11:33,0.0
Salesforce,,2025-12-31|2026-01-02|2026-01-05|2026-01-06|2026-01-07|2026-01-08|2026-01-09|2026-01-12|2026-01-13|2026-01-14|2026-01-15|2026-01-16|2026-01-20|2026-01-21|2026-01-22|2026-01-23|2026-01-26|2026-01-27|2026-01-28|2026-01-29|2026-01-30|2026-02-02|2026-02-03|2026-02-04|2026-02-05|2026-02-06|2026-02-09|2026-02-10|2026-02-11|2026-02-12,2026-02-13 15:11:33,0.0
Philip Morris International,,2025-12-31|2026-01-02|2026-01-05|2026-01-06|2026-01-07|2026-01-08|2026-01-09|2026-01-12|2026-01-13|2026-01-14|2026-01-15|2026-01-16|2026-01-20|2026-01-21|2026-01-22|2026-01-23|2026-01-26|2026-01-27|2026-01-28|2026-01-29|2026-01-30|2026-02-02|2026-02-03|2026-02-04|2026-02-05|2026-02-06|2026-02-09|2026-02-10|2026-02-11|2026-02-12,2026-02-13 15:11:33,0.0
US Foods,,2025-12-31|2026-01-02|2026-01-05|2026-01-06|2026-01-07|2026-01-08|2026-01-09|2026-01-12|2026-01-13|2026-01-14|2026-01-15|2026-01-16|2026-01-20|2026-01-21|2026-01-22|2026-01-23|2026-01-26|2026-01-27|2026-01-28|2026-01-29|2026-01-30|2026-02-02|2026-02-03|2026-02-04|2026-02-05|2026-02-06|2026-02-09|2026-02-10|2026-02-11|2026-02-12,2026-02-13 15:11:33,0.0
DR Horton Inc,,2025-12-31|2026-01-02|2026-01-05|2026-01-06|2026-01-07|2026-01-08|2026-01-09|2026-01-12|2026-01-13|2026-01-14|2026-01-15|2026-01-16|2026-01-20|2026-01-21|2026-01-22|2026-01-23|2026-01-26|2026-01-27|2026-01-28|2026-01-29|2026-01-30|2026-02-02|2026-02-03|2026-02-04|2026-02-05|2026-02-06|2026-02-09|2026-02-10|2026-02-11|2026-02-12,2026-02-13 15:11:33,0.0
Lithia Motors,,2025-12-31|2026-01-02|2026-01-05|2026-01-06|2026-01-07|2026-01-08|2026-01-09|2026-01-12|2026-01-13|2026-01-14|2026-01-15|2026-01-16|2026-01-20|2026-01-21|2026-01-22|2026-01-23|2026-01-26|2026-01-27|2026-01-28|2026-01-29|2026-01-30|2026-02-02|2026-02-03|2026-02-04|2026-02-05|2026-02-06|2026-02-09|2026-02-10|2026-02-11|2026-02-12,2026-02-13 15:11:33,0.0
Mondelez,,2025-12-31|2026-01-02|2026-01-05|2026-01-06|2026-01-07|2026-01-08|2026-01-09|2026-01-12|2026-01-13|2026-01-14|2026-01-15|2026-01-16|2026-01-20|2026-01-21|2026-01-22|2026-01-23|2026-01-26|2026-01-27|2026-01-28|2026-01-29|2026-01-30|2026-02-02|2026-02-03|2026-02-04|2026-02-05|2026-02-06|2026-02-09|2026-02-10|2026-02-11|2026-02-12,2026-02-13 15:11:33,0.0
Starbucks,,2025-12-31|2026-01-02|2026-01-05|2026-01-06|2026-01-07|2026-01-08|2026-01-09|2026-01-12|2026-01-13|2026-01-14|2026-01-15|2026-01-16|2026-01-20|2026-01-21|2026-01-22|2026-01-23|2026-01-26|2026-01-27|2026-01-28|2026-01-29|2026-01-30|2026-02-02|2026-02-03|2026-02-04|2026-02-05|2026-02-06|2026-02-09|2026-02-10|2026-02-11|2026-02-12,2026-02-13 15:11:33,0.0
Visa Inc,,2025-12-31|2026-01-02|2026-01-05|2026-01-06|2026-01-07|2026-01-08|2026-01-09|2026-01-12|2026-01-13|2026-01-14|2026-01-15|2026-01-16|2026-01-20|2026-01-21|2026-01-22|2026-01-23|2026-01-26|2026-01-27|2026-01-28|2026-01-29|2026-01-30|2026-02-02|2026-02-03|2026-02-04|2026-02-05|2026-02-06|2026-02-09|2026-02-10|2026-02-11|2026-02-12,2026-02-13 15:11:33,0.0
CBRE Group,,2025-12-31|2026-01-02|2026-01-05|2026-01-06|2026-01-07|2026-01-08|2026-01-09|2026-01-12|2026-01-13|2026-01-14|2026-01-15|2026-01-16|2026-01-20|2026-01-21|2026-01-22|2026-01-23|2026-01-26|2026-01-27|2026-01-28|2026-01-29|2026-01-30|2026-02-02|2026-02-03|2026-02-04|2026-02-05|2026-02-06|2026-02-09|2026-02-10|2026-02-11|2026-02-12,2026-02-13 15:11:33,0.0
Lennar,,2025-12-31|2026-01-02|2026-01-05|2026-01-06|2026-01-07|2026-01-08|2026-01-09|2026-01-12|2026-01-13|2026-01-14|2026-01-15|2026-01-16|2026-01-20|2026-01-21|2026-01-22|2026-01-23|2026-01-26|2026-01-27|2026-01-28|2026-01-29|2026-01-30|2026-02-02|2026-02-03|2026-02-04|2026-02-05|2026-02-06|2026-02-09|2026-02-10|2026-02-11|2026-02-12,2026-02-13 15:11:33,0.0
GE Vernova,,2025-12-31|2026-01-02|2026-01-05|2026-01-06|2026-01-07|2026-01-08|2026-01-09|2026-01-12|2026-01-13|2026-01-14|2026-01-15|2026-01-16|2026-01-20|2026-01-21|2026-01-22|2026-01-23|2026-01-26|2026-01-27|2026-01-28|2026-01-29|2026-01-30|2026-02-02|2026-02-03|2026-02-04|2026-02-05|2026-02-06|2026-02-09|2026-02-10|2026-02-11|2026-02-12,2026-02-13 15:11:33,0.0
PNC Financial Services,,2025-12-31|2026-01-02|2026-01-05|2026-01-06|2026-01-07|2026-01-08|2026-01-09|2026-01-12|2026-01-13|2026-01-14|2026-01-15|2026-01-16|2026-01-20|2026-01-21|2026-01-22|2026-01-23|2026-01-26|2026-01-27|2026-01-28|2026-01-29|2026-01-30|2026-02-02|2026-02-03|2026-02-04|2026-02-05|2026-02-06|2026-02-09|2026-02-10|2026-02-11|2026-02-12,2026-02-13 15:11:33,0.0
Cummins Inc,,2025-12-31|2026-01-02|2026-01-05|2026-01-06|2026-01-07|2026-01-08|2026-01-09|2026-01-12|2026-01-13|2026-01-14|2026-01-15|2026-01-16|2026-01-20|2026-01-21|2026-01-22|2026-01-23|2026-01-26|2026-01-27|2026-01-28|2026-01-29|2026-01-30|2026-02-02|2026-02-03|2026-02-04|2026-02-05|2026-02-06|2026-02-09|2026-02-10|2026-02-11|2026-02-12,2026-02-13 15:11:33,0.0
Paccar,,2025-12-31|2026-01-02|2026-01-05|2026-01-06|2026-01-07|2026-01-08|2026-01-09|2026-01-12|2026-01-13|2026-01-14|2026-01-15|2026-01-16|2026-01-20|2026-01-21|2026-01-22|2026-01-23|2026-01-26|2026-01-27|2026-01-28|2026-01-29|2026-01-30|2026-02-02|2026-02-03|2026-02-04|2026-02-05|2026-02-06|2026-02-09|2026-02-10|2026-02-11|2026-02-12,2026-02-13 15:11:33,0.0
Amgen,,2025-12-31|2026-01-02|2026-01-05|2026-01-06|2026-01-07|2026-01-08|2026-01-09|2026-01-12|2026-01-13|2026-01-14|2026-01-15|2026-01-16|2026-01-20|2026-01-21|2026-01-22|2026-01-23|2026-01-26|2026-01-27|2026-01-28|2026-01-29|2026-01-30|2026-02-02|2026-02-03|2026-02-04|2026-02-05|2026-02-06|2026-02-09|2026-02-10|2026-02-11|2026-02-12,2026-02-13 15:11:33,0.0
PBF Energy,,2025-12-31|2026-01-02|2026-01-05|2026-01-06|2026-01-07|2026-01-08|2026-01-09|2026-01-12|2026-01-13|2026-01-14|2026-01-15|2026-01-16|2026-01-20|2026-01-21|2026-01-22|2026-01-23|2026-01-26|2026-01-27|2026-01-28|2026-01-29|2026-01-30|2026-02-02|2026-02-03|2026-02-04|2026-02-05|2026-02-06|2026-02-09|2026-02-10|2026-02-11|2026-02-12,2026-02-13 15:11:33,0.0
PayPal,,2025-12-31|2026-01-02|2026-01-05|2026-01-06|2026-01-07|2026-01-08|2026-01-09|2026-01-12|2026-01-13|2026-01-14|2026-01-15|2026-01-16|2026-01-20|2026-01-21|2026-01-22|2026-01-23|2026-01-26|2026-01-27|2026-01-28|2026-01-29|2026-01-30|2026-02-02|2026-02-03|2026-02-04|2026-02-05|2026-02-06|2026-02-09|2026-02-10|2026-02-11|2026-02-12,2026-02-13 15:11:33,0.0
United Natural Foods,,2025-12-31|2026-01-02|2026-01-05|2026-01-06|2026-01-07|2026-01-08|2026-01-09|2026-01-12|2026-01-13|2026-01-14|2026-01-15|2026-01-16|2026-01-20|2026-01-21|2026-01-22|2026-01-23|2026-01-26|2026-01-27|2026-01-28|2026-01-29|2026-01-30|2026-02-02|2026-02-03|2026-02-04|2026-02-05|2026-02-06|2026-02-09|2026-02-10|2026-02-11|2026-02-12,2026-02-13 15:11:33,0.0
Dollar Tree,,2025-12-31|2026-01-02|2026-01-05|2026-01-06|2026-01-07|2026-01-08|2026-01-09|2026-01-12|2026-01-13|2026-01-14|2026-01-15|2026-01-16|2026-01-20|2026-01-21|2026-01-22|2026-01-23|2026-01-26|2026-01-27|2026-01-28|2026-01-29|2026-01-30|2026-02-02|2026-02-03|2026-02-04|2026-02-05|2026-02-06|2026-02-09|2026-02-10|2026-02-11|2026-02-12,2026-02-13 15:11:33,0.0
Nucor,,2025-12-31|2026-01-02|2026-01-05|2026-01-06|2026-01-07|2026-01-08|2026-01-09|2026-01-12|2026-01-13|2026-01-14|2026-01-15|2026-01-16|2026-01-20|2026-01-21|2026-01-22|2026-01-23|2026-01-26|2026-01-27|2026-01-28|2026-01-29|2026-01-30|2026-02-02|2026-02-03|2026-02-04|2026-02-05|2026-02-06|2026-02-09|2026-02-10|2026-02-11|2026-02-12,2026-02-13 15:11:33,0.0
Penske Automotive,,2025-12-31|2026-01-02|2026-01-05|2026-01-06|2026-01-07|2026-01-08|2026-01-09|2026-01-12|2026-01-13|2026-01-14|2026-01-15|2026-01-16|2026-01-20|2026-01-21|2026-01-22|2026-01-23|2026-01-26|2026-01-27|2026-01-28|2026-01-29|2026-01-30|2026-02-02|2026-02-03|2026-02-04|2026-02-05|2026-02-06|2026-02-09|2026-02-10|2026-02-11|2026-02-12,2026-02-13 15:11:33,0.0
Coupang,,2025-12-31|2026-01-02|2026-01-05|2026-01-06|2026-01-07|2026-01-08|2026-01-09|2026-01-12|2026-01-13|2026-01-14|2026-01-15|2026-01-16|2026-01-20|2026-01-21|2026-01-22|2026-01-23|2026-01-26|2026-01-27|2026-01-28|2026-01-29|2026-01-30|2026-02-02|2026-02-03|2026-02-04|2026-02-05|2026-02-06|2026-02-09|2026-02-10|2026-02-11|2026-02-12,2026-02-13 15:11:33,0.0
Hewlett Packard Enterprise,,2025-12-31|2026-01-02|2026-01-05|2026-01-06|2026-01-07|2026-01-08|2026-01-09|2026-01-12|2026-01-13|2026-01-14|2026-01-15|2026-01-16|2026-01-20|2026-01-21|2026-01-22|2026-01-23|2026-01-26|2026-01-27|2026-01-28|2026-01-29|2026-01-30|2026-02-02|2026-02-03|2026-02-04|2026-02-05|2026-02-06|2026-02-09|2026-02-10|2026-02-11|2026-02-12,2026-02-13 15:11:33,0.0
Duke Energy Corporation,,2025-12-31|2026-01-02|2026-01-05|2026-01-06|2026-01-07|2026-01-08|2026-01-09|2026-01-12|2026-01-13|2026-01-14|2026-01-15|2026-01-16|2026-01-20|2026-01-21|2026-01-22|2026-01-23|2026-01-26|2026-01-27|2026-01-28|2026-01-29|2026-01-30|2026-02-02|2026-02-03|2026-02-04|2026-02-05|2026-02-06|2026-02-09|2026-02-10|2026-02-11|2026-02-12,2026-02-13 15:11:33,0.0
KKR & Co,,2025-12-31|2026-01-02|2026-01-05|2026-01-06|2026-01-07|2026-01-08|2026-01-09|2026-01-12|2026-01-13|2026-01-14|2026-01-15|2026-01-16|2026-01-20|2026-01-21|2026-01-22|2026-01-23|2026-01-26|2026-01-27|2026-01-28|2026-01-29|2026-01-30|2026-02-02|2026-02-03|2026-02-04|2026-02-05|2026-02-06|2026-02-09|2026-02-10|2026-02-11|2026-02-12,2026-02-13 15:11:33,0.0
Ferguson Enterprises,,2025-12-31|2026-01-02|2026-01-05|2026-01-06|2026-01-07|2026-01-08|2026-01-09|2026-01-12|2026-01-13|2026-01-14|2026-01-15|2026-01-16|2026-01-20|2026-01-21|2026-01-22|2026-01-23|2026-01-26|2026-01-27|2026-01-28|2026-01-29|2026-01-30|2026-02-02|2026-02-03|2026-02-04|2026-02-05|2026-02-06|2026-02-09|2026-02-10|2026-02-11|2026-02-12,2026-02-13 15:11:33,0.0
Jabil,,2025-12-31|2026-01-02|2026-01-05|2026-01-06|2026-01-07|2026-01-08|2026-01-09|2026-01-12|2026-01-13|2026-01-14|2026-01-15|2026-01-16|2026-01-20|2026-01-21|2026-01-22|2026-01-23|2026-01-26|2026-01-27|2026-01-28|2026-01-29|2026-01-30|2026-02-02|2026-02-03|2026-02-04|2026-02-05|2026-02-06|2026-02-09|2026-02-10|2026-02-11|2026-02-12,2026-02-13 15:11:33,0.0
Gilead Sciences,,2025-12-31|2026-01-02|2026-01-05|2026-01-06|2026-01-07|2026-01-08|2026-01-09|2026-01-12|2026-01-13|2026-01-14|2026-01-15|2026-01-16|2026-01-20|2026-01-21|2026-01-22|2026-01-23|2026-01-26|2026-01-27|2026-01-28|2026-01-29|2026-01-30|2026-02-02|2026-02-03|2026-02-04|2026-02-05|2026-02-06|2026-02-09|2026-02-10|2026-02-11|2026-02-12,2026-02-13 15:11:33,0.0
HF Sinclair,,2025-12-31|2026-01-02|2026-01-05|2026-01-06|2026-01-07|2026-01-08|2026-01-09|2026-01-12|2026-01-13|2026-01-14|2026-01-15|2026-01-16|2026-01-20|2026-01-21|2026-01-22|2026-01-23|2026-01-26|2026-01-27|2026-01-28|2026-01-29|2026-01-30|2026-02-02|2026-02-03|2026-02-04|2026-02-05|2026-02-06|2026-02-09|2026-02-10|2026-02-11|2026-02-12,2026-02-13 15:11:33,0.0
CarMax,,2025-12-31|2026-01-02|2026-01-05|2026-01-06|2026-01-07|2026-01-08|2026-01-09|2026-01-12|2026-01-13|2026-01-14|2026-01-15|2026-01-16|2026-01-20|2026-01-21|2026-01-22|2026-01-23|2026-01-26|2026-01-27|2026-01-28|2026-01-29|2026-01-30|2026-02-02|2026-02-03|2026-02-04|2026-02-05|2026-02-06|2026-02-09|2026-02-10|2026-02-11|2026-02-12,2026-02-13 15:11:33,0.0
Mastercard,,2025-12-31|2026-01-02|2026-01-05|2026-01-06|2026-01-07|2026-01-08|2026-01-09|2026-01-12|2026-01-13|2026-01-14|2026-01-15|2026-01-16|2026-01-20|2026-01-21|2026-01-22|2026-01-23|2026-01-26|2026-01-27|2026-01-28|2026-01-29|2026-01-30|2026-02-02|2026-02-03|2026-02-04|2026-02-05|2026-02-06|2026-02-09|2026-02-10|2026-02-11|2026-02-12,2026-02-13 15:11:33,0.0
NRG Energy,,2025-12-31|2026-01-02|2026-01-05|2026-01-06|2026-01-07|2026-01-08|2026-01-09|2026-01-12|2026-01-13|2026-01-14|2026-01-15|2026-01-16|2026-01-20|2026-01-21|2026-01-22|2026-01-23|2026-01-26|2026-01-27|2026-01-28|2026-01-29|2026-01-30|2026-02-02|2026-02-03|2026-02-04|2026-02-05|2026-02-06|2026-02-09|2026-02-10|2026-02-11|2026-02-12,2026-02-13 15:11:33,0.0
Arrow Electronics,,2025-12-31|2026-01-02|2026-01-05|2026-01-06|2026-01-07|2026-01-08|2026-01-09|2026-01-12|2026-01-13|2026-01-14|2026-01-15|2026-01-16|2026-01-20|2026-01-21|2026-01-22|2026-01-23|2026-01-26|2026-01-27|2026-01-28|2026-01-29|2026-01-30|2026-02-02|2026-02-03|2026-02-04|2026-02-05|2026-02-06|2026-02-09|2026-02-10|2026-02-11|2026-02-12,2026-02-13 15:11:33,0.0
Baker Hughes,,2025-12-31|2026-01-02|2026-01-05|2026-01-06|2026-01-07|2026-01-08|2026-01-09|2026-01-12|2026-01-13|2026-01-14|2026-01-15|2026-01-16|2026-01-20|2026-01-21|2026-01-22|2026-01-23|2026-01-26|2026-01-27|2026-01-28|2026-01-29|2026-01-30|2026-02-02|2026-02-03|2026-02-04|2026-02-05|2026-02-06|2026-02-09|2026-02-10|2026-02-11|2026-02-12,2026-02-13 15:11:33,0.0
Southwest Airlines,,2025-12-31|2026-01-02|2026-01-05|2026-01-06|2026-01-07|2026-01-08|2026-01-09|2026-01-12|2026-01-13|2026-01-14|2026-01-15|2026-01-16|2026-01-20|2026-01-21|2026-01-22|2026-01-23|2026-01-26|2026-01-27|2026-01-28|2026-01-29|2026-01-30|2026-02-02|2026-02-03|2026-02-04|2026-02-05|2026-02-06|2026-02-09|2026-02-10|2026-02-11|2026-02-12,2026-02-13 15:11:33,0.0
AIG,,2025-12-31|2026-01-02|2026-01-05|2026-01-06|2026-01-07|2026-01-08|2026-01-09|2026-01-12|2026-01-13|2026-01-14|2026-01-15|2026-01-16|2026-01-20|2026-01-21|2026-01-22|2026-01-23|2026-01-26|2026-01-27|2026-01-28|2026-01-29|2026-01-30|2026-02-02|2026-02-03|2026-02-04|2026-02-05|2026-02-06|2026-02-09|2026-02-10|2026-02-11|2026-02-12,2026-02-13 15:11:33,0.0
Applied Materials,,2025-12-31|2026-01-02|2026-01-05|2026-01-06|2026-01-07|2026-01-08|2026-01-09|2026-01-12|2026-01-13|2026-01-14|2026-01-15|2026-01-16|2026-01-20|2026-01-21|2026-01-22|2026-01-23|2026-01-26|2026-01-27|2026-01-28|2026-01-29|2026-01-30|2026-02-02|2026-02-03|2026-02-04|2026-02-05|2026-02-06|2026-02-09|2026-02-10|2026-02-11|2026-02-12,2026-02-13 15:11:33,0.0
Occidental Petroleum,,2025-12-31|2026-01-02|2026-01-05|2026-01-06|2026-01-07|2026-01-08|2026-01-09|2026-01-12|2026-01-13|2026-01-14|2026-01-15|2026-01-16|2026-01-20|2026-01-21|2026-01-22|2026-01-23|2026-01-26|2026-01-27|2026-01-28|2026-01-29|2026-01-30|2026-02-02|2026-02-03|2026-02-04|2026-02-05|2026-02-06|2026-02-09|2026-02-10|2026-02-11|2026-02-12,2026-02-13 15:11:33,0.0
AutoNation,,2025-12-31|2026-01-02|2026-01-05|2026-01-06|2026-01-07|2026-01-08|2026-01-09|2026-01-12|2026-01-13|2026-01-14|2026-01-15|2026-01-16|2026-01-20|2026-01-21|2026-01-22|2026-01-23|2026-01-26|2026-01-27|2026-01-28|2026-01-29|2026-01-30|2026-02-02|2026-02-03|2026-02-04|2026-02-05|2026-02-06|2026-02-09|2026-02-10|2026-02-11|2026-02-12,2026-02-13 15:11:33,0.0
Southern Company,,2025-12-31|2026-01-02|2026-01-05|2026-01-06|2026-01-07|2026-01-08|2026-01-09|2026-01-12|2026-01-13|2026-01-14|2026-01-15|2026-01-16|2026-01-20|2026-01-21|2026-01-22|2026-01-23|2026-01-26|2026-01-27|2026-01-28|2026-01-29|2026-01-30|2026-02-02|2026-02-03|2026-02-04|2026-02-05|2026-02-06|2026-02-09|2026-02-10|2026-02-11|2026-02-12,2026-02-13 15:11:33,0.0
The Hartford Insurance,,2025-12-31|2026-01-02|2026-01-05|2026-01-06|2026-01-07|2026-01-08|2026-01-09|2026-01-12|2026-01-13|2026-01-14|2026-01-15|2026-01-16|2026-01-20|2026-01-21|2026-01-22|2026-01-23|2026-01-26|2026-01-27|2026-01-28|2026-01-29|2026-01-30|2026-02-02|2026-02-03|2026-02-04|2026-02-05|2026-02-06|2026-02-09|2026-02-10|2026-02-11|2026-02-12,2026-02-13 15:11:33,0.0
Apollo Global Management,,2025-12-31|2026-01-02|2026-01-05|2026-01-06|2026-01-07|2026-01-08|2026-01-09|2026-01-12|2026-01-13|2026-01-14|2026-01-15|2026-01-16|2026-01-20|2026-01-21|2026-01-22|2026-01-23|2026-01-26|2026-01-27|2026-01-28|2026-01-29|2026-01-30|2026-02-02|2026-02-03|2026-02-04|2026-02-05|2026-02-06|2026-02-09|2026-02-10|2026-02-11|2026-02-12,2026-02-13 15:11:33,0.0
Charles Schwab,,2025-12-31|2026-01-02|2026-01-05|2026-01-06|2026-01-07|2026-01-08|2026-01-09|2026-01-12|2026-01-13|2026-01-14|2026-01-15|2026-01-16|2026-01-20|2026-01-21|2026-01-22|2026-01-23|2026-01-26|2026-01-27|2026-01-28|2026-01-29|2026-01-30|2026-02-02|2026-02-03|2026-02-04|2026-02-05|2026-02-06|2026-02-09|2026-02-10|2026-02-11|2026-02-12,2026-02-13 15:11:33,0.0
McDonalds,,2025-12-31|2026-01-02|2026-01-05|2026-01-06|2026-01-07|2026-01-08|2026-01-09|2026-01-12|2026-01-13|2026-01-14|2026-01-15|2026-01-16|2026-01-20|2026-01-21|2026-01-22|2026-01-23|2026-01-26|2026-01-27|2026-01-28|2026-01-29|2026-01-30|2026-02-02|2026-02-03|2026-02-04|2026-02-05|2026-02-06|2026-02-09|2026-02-10|2026-02-11|2026-02-12,2026-02-13 15:11:33,0.0
Kraft Heinz,,2025-12-31|2026-01-02|2026-01-05|2026-01-06|2026-01-07|2026-01-08|2026-01-09|2026-01-12|2026-01-13|2026-01-14|2026-01-15|2026-01-16|2026-01-20|2026-01-21|2026-01-22|2026-01-23|2026-01-26|2026-01-27|2026-01-28|2026-01-29|2026-01-30|2026-02-02|2026-02-03|2026-02-04|2026-02-05|2026-02-06|2026-02-09|2026-02-10|2026-02-11|2026-02-12,2026-02-13 15:11:33,0.0
Advanced Micro Devices,,2025-12-31|2026-01-02|2026-01-05|2026-01-06|2026-01-07|2026-01-08|2026-01-09|2026-01-12|2026-01-13|2026-01-14|2026-01-15|2026-01-16|2026-01-20|2026-01-21|2026-01-22|2026-01-23|2026-01-26|2026-01-27|2026-01-28|2026-01-29|2026-01-30|2026-02-02|2026-02-03|2026-02-04|2026-02-05|2026-02-06|2026-02-09|2026-02-10|2026-02-11|2026-02-12,2026-02-13 15:11:33,0.0
Truist Financial,,2025-12-31|2026-01-02|2026-01-05|2026-01-06|2026-01-07|2026-01-08|2026-01-09|2026-01-12|2026-01-13|2026-01-14|2026-01-15|2026-01-16|2026-01-20|2026-01-21|2026-01-22|2026-01-23|2026-01-26|2026-01-27|2026-01-28|2026-01-29|2026-01-30|2026-02-02|2026-02-03|2026-02-04|2026-02-05|2026-02-06|2026-02-09|2026-02-10|2026-02-11|2026-02-12,2026-02-13 15:11:33,0.0
Freeport-McMoRan,,2025-12-31|2026-01-02|2026-01-05|2026-01-06|2026-01-07|2026-01-08|2026-01-09|2026-01-12|2026-01-13|2026-01-14|2026-01-15|2026-01-16|2026-01-20|2026-01-21|2026-01-22|2026-01-23|2026-01-26|2026-01-27|2026-01-28|2026-01-29|2026-01-30|2026-02-02|2026-02-03|2026-02-04|2026-02-05|2026-02-06|2026-02-09|2026-02-10|2026-02-11|2026-02-12,2026-02-13 15:11:33,0.0
Micron Technology,,2025-12-31|2026-01-02|2026-01-05|2026-01-06|2026-01-07|2026-01-08|2026-01-09|2026-01-12|2026-01-13|2026-01-14|2026-01-15|2026-01-16|2026-01-20|2026-01-21|2026-01-22|2026-01-23|2026-01-26|2026-01-27|2026-01-28|2026-01-29|2026-01-30|2026-02-02|2026-02-03|2026-02-04|2026-02-05|2026-02-06|2026-02-09|2026-02-10|2026-02-11|2026-02-12,2026-02-13 15:11:33,0.0
Marriott International,,2025-12-31|2026-01-02|2026-01-05|2026-01-06|2026-01-07|2026-01-08|2026-01-09|2026-01-12|2026-01-13|2026-01-14|2026-01-15|2026-01-16|2026-01-20|2026-01-21|2026-01-22|2026-01-23|2026-01-26|2026-01-27|2026-01-28|2026-01-29|2026-01-30|2026-02-02|2026-02-03|2026-02-04|2026-02-05|2026-02-06|2026-02-09|2026-02-10|2026-02-11|2026-02-12,2026-02-13 15:11:33,0.0
Carrier Global,,2025-12-31|2026-01-02|2026-01-05|2026-01-06|2026-01-07|2026-01-08|2026-01-09|2026-01-12|2026-01-13|2026-01-14|2026-01-15|2026-01-16|2026-01-20|2026-01-21|2026-01-22|2026-01-23|2026-01-26|2026-01-27|2026-01-28|2026-01-29|2026-01-30|2026-02-02|2026-02-03|2026-02-04|2026-02-05|2026-02-06|2026-02-09|2026-02-10|2026-02-11|2026-02-12,2026-02-13 15:11:33,0.0
NextEra Energy,,2025-12-31|2026-01-02|2026-01-05|2026-01-06|2026-01-07|2026-01-08|2026-01-09|2026-01-12|2026-01-13|2026-01-14|2026-01-15|2026-01-16|2026-01-20|2026-01-21|2026-01-22|2026-01-23|2026-01-26|2026-01-27|2026-01-28|2026-01-29|2026-01-30|2026-02-02|2026-02-03|2026-02-04|2026-02-05|2026-02-06|2026-02-09|2026-02-10|2026-02-11|2026-02-12,2026-02-13 15:11:33,0.0
3M Company,,2025-12-31|2026-01-02|2026-01-05|2026-01-06|2026-01-07|2026-01-08|2026-01-09|2026-01-12|2026-01-13|2026-01-14|2026-01-15|2026-01-16|2026-01-20|2026-01-21|2026-01-22|2026-01-23|2026-01-26|2026-01-27|2026-01-28|2026-01-29|2026-01-30|2026-02-02|2026-02-03|2026-02-04|2026-02-05|2026-02-06|2026-02-09|2026-02-10|2026-02-11|2026-02-12,2026-02-13 15:11:33,0.0
Marsh,,2025-12-31|2026-01-02|2026-01-05|2026-01-06|2026-01-07|2026-01-08|2026-01-09|2026-01-12|2026-01-13|2026-01-14|2026-01-15|2026-01-16|2026-01-20|2026-01-21|2026-01-22|2026-01-23|2026-01-26|2026-01-27|2026-01-28|2026-01-29|2026-01-30|2026-02-02|2026-02-03|2026-02-04|2026-02-05|2026-02-06|2026-02-09|2026-02-10|2026-02-11|2026-02-12,2026-02-13 15:11:33,0.0
Pacific Gas and Electric Company,,2025-12-31|2026-01-02|2026-01-05|2026-01-06|2026-01-07|2026-01-08|2026-01-09|2026-01-12|2026-01-13|2026-01-14|2026-01-15|2026-01-16|2026-01-20|2026-01-21|2026-01-22|2026-01-23|2026-01-26|2026-01-27|2026-01-28|2026-01-29|2026-01-30|2026-02-02|2026-02-03|2026-02-04|2026-02-05|2026-02-06|2026-02-09|2026-02-10|2026-02-11|2026-02-12,2026-02-13 15:11:33,0.0
Union Pacific,,2025-12-31|2026-01-02|2026-01-05|2026-01-06|2026-01-07|2026-01-08|2026-01-09|2026-01-12|2026-01-13|2026-01-14|2026-01-15|2026-01-16|2026-01-20|2026-01-21|2026-01-22|2026-01-23|2026-01-26|2026-01-27|2026-01-28|2026-01-29|2026-01-30|2026-02-02|2026-02-03|2026-02-04|2026-02-05|2026-02-06|2026-02-09|2026-02-10|2026-02-11|2026-02-12,2026-02-13 15:11:33,0.0
Synchrony Financial,,2025-12-31|2026-01-02|2026-01-05|2026-01-06|2026-01-07|2026-01-08|2026-01-09|2026-01-12|2026-01-13|2026-01-14|2026-01-15|2026-01-16|2026-01-20|2026-01-21|2026-01-22|2026-01-23|2026-01-26|2026-01-27|2026-01-28|2026-01-29|2026-01-30|2026-02-02|2026-02-03|2026-02-04|2026-02-05|2026-02-06|2026-02-09|2026-02-10|2026-02-11|2026-02-12,2026-02-13 15:11:33,0.0
Danaher,,2025-12-31|2026-01-02|2026-01-05|2026-01-06|2026-01-07|2026-01-08|2026-01-09|2026-01-12|2026-01-13|2026-01-14|2026-01-15|2026-01-16|2026-01-20|2026-01-21|2026-01-22|2026-01-23|2026-01-26|2026-01-27|2026-01-28|2026-01-29|2026-01-30|2026-02-02|2026-02-03|2026-02-04|2026-02-05|2026-02-06|2026-02-09|2026-02-10|2026-02-11|2026-02-12,2026-02-13 15:11:33,0.0
Avnet,,2025-12-31|2026-01-02|2026-01-05|2026-01-06|2026-01-07|2026-01-08|2026-01-09|2026-01-12|2026-01-13|2026-01-14|2026-01-15|2026-01-16|2026-01-20|2026-01-21|2026-01-22|2026-01-23|2026-01-26|2026-01-27|2026-01-28|2026-01-29|2026-01-30|2026-02-02|2026-02-03|2026-02-04|2026-02-05|2026-02-06|2026-02-09|2026-02-10|2026-02-11|2026-02-12,2026-02-13 15:11:33,0.0
Booking Holdings,,2025-12-31|2026-01-02|2026-01-05|2026-01-06|2026-01-07|2026-01-08|2026-01-09|2026-01-12|2026-01-13|2026-01-14|2026-01-15|2026-01-16|2026-01-20|2026-01-21|2026-01-22|2026-01-23|2026-01-26|2026-01-27|2026-01-28|2026-01-29|2026-01-30|2026-02-02|2026-02-03|2026-02-04|2026-02-05|2026-02-06|2026-02-09|2026-02-10|2026-02-11|2026-02-12,2026-02-13 15:11:33,0.0
EOG Resources,,2025-12-31|2026-01-02|2026-01-05|2026-01-06|2026-01-07|2026-01-08|2026-01-09|2026-01-12|2026-01-13|2026-01-14|2026-01-15|2026-01-16|2026-01-20|2026-01-21|2026-01-22|2026-01-23|2026-01-26|2026-01-27|2026-01-28|2026-01-29|2026-01-30|2026-02-02|2026-02-03|2026-02-04|2026-02-05|2026-02-06|2026-02-09|2026-02-10|2026-02-11|2026-02-12,2026-02-13 15:11:33,0.0
Quanta Services,,2025-12-31|2026-01-02|2026-01-05|2026-01-06|2026-01-07|2026-01-08|2026-01-09|2026-01-12|2026-01-13|2026-01-14|2026-01-15|2026-01-16|2026-01-20|2026-01-21|2026-01-22|2026-01-23|2026-01-26|2026-01-27|2026-01-28|2026-01-29|2026-01-30|2026-02-02|2026-02-03|2026-02-04|2026-02-05|2026-02-06|2026-02-09|2026-02-10|2026-02-11|2026-02-12,2026-02-13 15:11:33,0.0
Constellation Energy,,2025-12-31|2026-01-02|2026-01-05|2026-01-06|2026-01-07|2026-01-08|2026-01-09|2026-01-12|2026-01-13|2026-01-14|2026-01-15|2026-01-16|2026-01-20|2026-01-21|2026-01-22|2026-01-23|2026-01-26|2026-01-27|2026-01-28|2026-01-29|2026-01-30|2026-02-02|2026-02-03|2026-02-04|2026-02-05|2026-02-06|2026-02-09|2026-02-10|2026-02-11|2026-02-12,2026-02-13 15:11:33,0.0
Genuine Parts Company,,2025-12-31|2026-01-02|2026-01-05|2026-01-06|2026-01-07|2026-01-08|2026-01-09|2026-01-12|2026-01-13|2026-01-14|2026-01-15|2026-01-16|2026-01-20|2026-01-21|2026-01-22|2026-01-23|2026-01-26|2026-01-27|2026-01-28|2026-01-29|2026-01-30|2026-02-02|2026-02-03|2026-02-04|2026-02-05|2026-02-06|2026-02-09|2026-02-10|2026-02-11|2026-02-12,2026-02-13 15:11:33,0.0
Jones Lang LaSalle,,2025-12-31|2026-01-02|2026-01-05|2026-01-06|2026-01-07|2026-01-08|2026-01-09|2026-01-12|2026-01-13|2026-01-14|2026-01-15|2026-01-16|2026-01-20|2026-01-21|2026-01-22|2026-01-23|2026-01-26|2026-01-27|2026-01-28|2026-01-29|2026-01-30|2026-02-02|2026-02-03|2026-02-04|2026-02-05|2026-02-06|2026-02-09|2026-02-10|2026-02-11|2026-02-12,2026-02-13 15:11:33,0.0
Lear Corporation,,2025-12-31|2026-01-02|2026-01-05|2026-01-06|2026-01-07|2026-01-08|2026-01-09|2026-01-12|2026-01-13|2026-01-14|2026-01-15|2026-01-16|2026-01-20|2026-01-21|2026-01-22|2026-01-23|2026-01-26|2026-01-27|2026-01-28|2026-01-29|2026-01-30|2026-02-02|2026-02-03|2026-02-04|2026-02-05|2026-02-06|2026-02-09|2026-02-10|2026-02-11|2026-02-12,2026-02-13 15:11:33,0.0
Live Nation Entertainment,,2025-12-31|2026-01-02|2026-01-05|2026-01-06|2026-01-07|2026-01-08|2026-01-09|2026-01-12|2026-01-13|2026-01-14|2026-01-15|2026-01-16|2026-01-20|2026-01-21|2026-01-22|2026-01-23|2026-01-26|2026-01-27|2026-01-28|2026-01-29|2026-01-30|2026-02-02|2026-02-03|2026-02-04|2026-02-05|2026-02-06|2026-02-09|2026-02-10|2026-02-11|2026-02-12,2026-02-13 15:11:33,0.0
Sherwin-Williams,,2025-12-31|2026-01-02|2026-01-05|2026-01-06|2026-01-07|2026-01-08|2026-01-09|2026-01-12|2026-01-13|2026-01-14|2026-01-15|2026-01-16|2026-01-20|2026-01-21|2026-01-22|2026-01-23|2026-01-26|2026-01-27|2026-01-28|2026-01-29|2026-01-30|2026-02-02|2026-02-03|2026-02-04|2026-02-05|2026-02-06|2026-02-09|2026-02-10|2026-02-11|2026-02-12,2026-02-13 15:11:33,0.0
Exelon,,2025-12-31|2026-01-02|2026-01-05|2026-01-06|2026-01-07|2026-01-08|2026-01-09|2026-01-12|2026-01-13|2026-01-14|2026-01-15|2026-01-16|2026-01-20|2026-01-21|2026-01-22|2026-01-23|2026-01-26|2026-01-27|2026-01-28|2026-01-29|2026-01-30|2026-02-02|2026-02-03|2026-02-04|2026-02-05|2026-02-06|2026-02-09|2026-02-10|2026-02-11|2026-02-12,2026-02-13 15:11:33,0.0
Macys,,2025-12-31|2026-01-02|2026-01-05|2026-01-06|2026-01-07|2026-01-08|2026-01-09|2026-01-12|2026-01-13|2026-01-14|2026-01-15|2026-01-16|2026-01-20|2026-01-21|2026-01-22|2026-01-23|2026-01-26|2026-01-27|2026-01-28|2026-01-29|2026-01-30|2026-02-02|2026-02-03|2026-02-04|2026-02-05|2026-02-06|2026-02-09|2026-02-10|2026-02-11|2026-02-12,2026-02-13 15:11:33,0.0
Halliburton,,2025-12-31|2026-01-02|2026-01-05|2026-01-06|2026-01-07|2026-01-08|2026-01-09|2026-01-12|2026-01-13|2026-01-14|2026-01-15|2026-01-16|2026-01-20|2026-01-21|2026-01-22|2026-01-23|2026-01-26|2026-01-27|2026-01-28|2026-01-29|2026-01-30|2026-02-02|2026-02-03|2026-02-04|2026-02-05|2026-02-06|2026-02-09|2026-02-10|2026-02-11|2026-02-12,2026-02-13 15:11:33,0.0
Stryker,,2025-12-31|2026-01-02|2026-01-05|2026-01-06|2026-01-07|2026-01-08|2026-01-09|2026-01-12|2026-01-13|2026-01-14|2026-01-15|2026-01-16|2026-01-20|2026-01-21|2026-01-22|2026-01-23|2026-01-26|2026-01-27|2026-01-28|2026-01-29|2026-01-30|2026-02-02|2026-02-03|2026-02-04|2026-02-05|2026-02-06|2026-02-09|2026-02-10|2026-02-11|2026-02-12,2026-02-13 15:11:33,0.0
Reinsurance Group of America,,2025-12-31|2026-01-02|2026-01-05|2026-01-06|2026-01-07|2026-01-08|2026-01-09|2026-01-12|2026-01-13|2026-01-14|2026-01-15|2026-01-16|2026-01-20|2026-01-21|2026-01-22|2026-01-23|2026-01-26|2026-01-27|2026-01-28|2026-01-29|2026-01-30|2026-02-02|2026-02-03|2026-02-04|2026-02-05|2026-02-06|2026-02-09|2026-02-10|2026-02-11|2026-02-12,2026-02-13 15:11:33,0.0
State Street,,2025-12-31|2026-01-02|2026-01-05|2026-01-06|2026-01-07|2026-01-08|2026-01-09|2026-01-12|2026-01-13|2026-01-14|2026-01-15|2026-01-16|2026-01-20|2026-01-21|2026-01-22|2026-01-23|2026-01-26|2026-01-27|2026-01-28|2026-01-29|2026-01-30|2026-02-02|2026-02-03|2026-02-04|2026-02-05|2026-02-06|2026-02-09|2026-02-10|2026-02-11|2026-02-12,2026-02-13 15:11:33,0.0
WESCO International,,2025-12-31|2026-01-02|2026-01-05|2026-01-06|2026-01-07|2026-01-08|2026-01-09|2026-01-12|2026-01-13|2026-01-14|2026-01-15|2026-01-16|2026-01-20|2026-01-21|2026-01-22|2026-01-23|2026-01-26|2026-01-27|2026-01-28|2026-01-29|2026-01-30|2026-02-02|2026-02-03|2026-02-04|2026-02-05|2026-02-06|2026-02-09|2026-02-10|2026-02-11|2026-02-12,2026-02-13 15:11:33,0.0
Oneok,,2025-12-31|2026-01-02|2026-01-05|2026-01-06|2026-01-07|2026-01-08|2026-01-09|2026-01-12|2026-01-13|2026-01-14|2026-01-15|2026-01-16|2026-01-20|2026-01-21|2026-01-22|2026-01-23|2026-01-26|2026-01-27|2026-01-28|2026-01-29|2026-01-30|2026-02-02|2026-02-03|2026-02-04|2026-02-05|2026-02-06|2026-02-09|2026-02-10|2026-02-11|2026-02-12,2026-02-13 15:11:33,0.0
Adobe,,2025-12-31|2026-01-02|2026-01-05|2026-01-06|2026-01-07|2026-01-08|2026-01-09|2026-01-12|2026-01-13|2026-01-14|2026-01-15|2026-01-16|2026-01-20|2026-01-21|2026-01-22|2026-01-23|2026-01-26|2026-01-27|2026-01-28|2026-01-29|2026-01-30|2026-02-02|2026-02-03|2026-02-04|2026-02-05|2026-02-06|2026-02-09|2026-02-10|2026-02-11|2026-02-12,2026-02-13 15:11:33,0.0
L3Harris Technologies,,2025-12-31|2026-01-02|2026-01-05|2026-01-06|2026-01-07|2026-01-08|2026-01-09|2026-01-12|2026-01-13|2026-01-14|2026-01-15|2026-01-16|2026-01-20|2026-01-21|2026-01-22|2026-01-23|2026-01-26|2026-01-27|2026-01-28|2026-01-29|2026-01-30|2026-02-02|2026-02-03|2026-02-04|2026-02-05|2026-02-06|2026-02-09|2026-02-10|2026-02-11|2026-02-12,2026-02-13 15:11:33,0.0
Ross Stores,,2025-12-31|2026-01-02|2026-01-05|2026-01-06|2026-01-07|2026-01-08|2026-01-09|2026-01-12|2026-01-13|2026-01-14|2026-01-15|2026-01-16|2026-01-20|2026-01-21|2026-01-22|2026-01-23|2026-01-26|2026-01-27|2026-01-28|2026-01-29|2026-01-30|2026-02-02|2026-02-03|2026-02-04|2026-02-05|2026-02-06|2026-02-09|2026-02-10|2026-02-11|2026-02-12,2026-02-13 15:11:33,0.0
CDW,,2025-12-31|2026-01-02|2026-01-05|2026-01-06|2026-01-07|2026-01-08|2026-01-09|2026-01-12|2026-01-13|2026-01-14|2026-01-15|2026-01-16|2026-01-20|2026-01-21|2026-01-22|2026-01-23|2026-01-26|2026-01-27|2026-01-28|2026-01-29|2026-01-30|2026-02-02|2026-02-03|2026-02-04|2026-02-05|2026-02-06|2026-02-09|2026-02-10|2026-02-11|2026-02-12,2026-02-13 15:11:33,0.0
Tenet Healthcare,,2025-12-31|2026-01-02|2026-01-05|2026-01-06|2026-01-07|2026-01-08|2026-01-09|2026-01-12|2026-01-13|2026-01-14|2026-01-15|2026-01-16|2026-01-20|2026-01-21|2026-01-22|2026-01-23|2026-01-26|2026-01-27|2026-01-28|2026-01-29|2026-01-30|2026-02-02|2026-02-03|2026-02-04|2026-02-05|2026-02-06|2026-02-09|2026-02-10|2026-02-11|2026-02-12,2026-02-13 15:11:33,0.0
BJ's Wholesale Club,,2025-12-31|2026-01-02|2026-01-05|2026-01-06|2026-01-07|2026-01-08|2026-01-09|2026-01-12|2026-01-13|2026-01-14|2026-01-15|2026-01-16|2026-01-20|2026-01-21|2026-01-22|2026-01-23|2026-01-26|2026-01-27|2026-01-28|2026-01-29|2026-01-30|2026-02-02|2026-02-03|2026-02-04|2026-02-05|2026-02-06|2026-02-09|2026-02-10|2026-02-11|2026-02-12,2026-02-13 15:11:33,0.0
Altria,,2025-12-31|2026-01-02|2026-01-05|2026-01-06|2026-01-07|2026-01-08|2026-01-09|2026-01-12|2026-01-13|2026-01-14|2026-01-15|2026-01-16|2026-01-20|2026-01-21|2026-01-22|2026-01-23|2026-01-26|2026-01-27|2026-01-28|2026-01-29|2026-01-30|2026-02-02|2026-02-03|2026-02-04|2026-02-05|2026-02-06|2026-02-09|2026-02-10|2026-02-11|2026-02-12,2026-02-13 15:11:33,0.0
BlackRock,,2025-12-31|2026-01-02|2026-01-05|2026-01-06|2026-01-07|2026-01-08|2026-01-09|2026-01-12|2026-01-13|2026-01-14|2026-01-15|2026-01-16|2026-01-20|2026-01-21|2026-01-22|2026-01-23|2026-01-26|2026-01-27|2026-01-28|2026-01-29|2026-01-30|2026-02-02|2026-02-03|2026-02-04|2026-02-05|2026-02-06|2026-02-09|2026-02-10|2026-02-11|2026-02-12,2026-02-13 15:11:33,0.0
Becton Dickinson,,2025-12-31|2026-01-02|2026-01-05|2026-01-06|2026-01-07|2026-01-08|2026-01-09|2026-01-12|2026-01-13|2026-01-14|2026-01-15|2026-01-16|2026-01-20|2026-01-21|2026-01-22|2026-01-23|2026-01-26|2026-01-27|2026-01-28|2026-01-29|2026-01-30|2026-02-02|2026-02-03|2026-02-04|2026-02-05|2026-02-06|2026-02-09|2026-02-10|2026-02-11|2026-02-12,2026-02-13 15:11:33,0.0
Colgate-Palmolive,,2025-12-31|2026-01-02|2026-01-05|2026-01-06|2026-01-07|2026-01-08|2026-01-09|2026-01-12|2026-01-13|2026-01-14|2026-01-15|2026-01-16|2026-01-20|2026-01-21|2026-01-22|2026-01-23|2026-01-26|2026-01-27|2026-01-28|2026-01-29|2026-01-30|2026-02-02|2026-02-03|2026-02-04|2026-02-05|2026-02-06|2026-02-09|2026-02-10|2026-02-11|2026-02-12,2026-02-13 15:11:33,0.0
Kimberly-Clark,,2025-12-31|2026-01-02|2026-01-05|2026-01-06|2026-01-07|2026-01-08|2026-01-09|2026-01-12|2026-01-13|2026-01-14|2026-01-15|2026-01-16|2026-01-20|2026-01-21|2026-01-22|2026-01-23|2026-01-26|2026-01-27|2026-01-28|2026-01-29|2026-01-30|2026-02-02|2026-02-03|2026-02-04|2026-02-05|2026-02-06|2026-02-09|2026-02-10|2026-02-11|2026-02-12,2026-02-13 15:11:33,0.0
Group 1 Automotive,,2025-12-31|2026-01-02|2026-01-05|2026-01-06|2026-01-07|2026-01-08|2026-01-09|2026-01-12|2026-01-13|2026-01-14|2026-01-15|2026-01-16|2026-01-20|2026-01-21|2026-01-22|2026-01-23|2026-01-26|2026-01-27|2026-01-28|2026-01-29|2026-01-30|2026-02-02|2026-02-03|2026-02-04|2026-02-05|2026-02-06|2026-02-09|2026-02-10|2026-02-11|2026-02-12,2026-02-13 15:11:33,0.0
Parker-Hannifin,,2025-12-31|2026-01-02|2026-01-05|2026-01-06|2026-01-07|2026-01-08|2026-01-09|2026-01-12|2026-01-13|2026-01-14|2026-01-15|2026-01-16|2026-01-20|2026-01-21|2026-01-22|2026-01-23|2026-01-26|2026-01-27|2026-01-28|2026-01-29|2026-01-30|2026-02-02|2026-02-03|2026-02-04|2026-02-05|2026-02-06|2026-02-09|2026-02-10|2026-02-11|2026-02-12,2026-02-13 15:11:33,0.0
General Mills,,2025-12-31|2026-01-02|2026-01-05|2026-01-06|2026-01-07|2026-01-08|2026-01-09|2026-01-12|2026-01-13|2026-01-14|2026-01-15|2026-01-16|2026-01-20|2026-01-21|2026-01-22|2026-01-23|2026-01-26|2026-01-27|2026-01-28|2026-01-29|2026-01-30|2026-02-02|2026-02-03|2026-02-04|2026-02-05|2026-02-06|2026-02-09|2026-02-10|2026-02-11|2026-02-12,2026-02-13 15:11:33,0.0
Cognizant Technology Solutions,,2025-12-31|2026-01-02|2026-01-05|2026-01-06|2026-01-07|2026-01-08|2026-01-09|2026-01-12|2026-01-13|2026-01-14|2026-01-15|2026-01-16|2026-01-20|2026-01-21|2026-01-22|2026-01-23|2026-01-26|2026-01-27|2026-01-28|2026-01-29|2026-01-30|2026-02-02|2026-02-03|2026-02-04|2026-02-05|2026-02-06|2026-02-09|2026-02-10|2026-02-11|2026-02-12,2026-02-13 15:11:33,0.0
American Electric Power,,2025-12-31|2026-01-02|2026-01-05|2026-01-06|2026-01-07|2026-01-08|2026-01-09|2026-01-12|2026-01-13|2026-01-14|2026-01-15|2026-01-16|2026-01-20|2026-01-21|2026-01-22|2026-01-23|2026-01-26|2026-01-27|2026-01-28|2026-01-29|2026-01-30|2026-02-02|2026-02-03|2026-02-04|2026-02-05|2026-02-06|2026-02-09|2026-02-10|2026-02-11|2026-02-12,2026-02-13 15:11:33,0.0
GE HealthCare Technologies,,2025-12-31|2026-01-02|2026-01-05|2026-01-06|2026-01-07|2026-01-08|2026-01-09|2026-01-12|2026-01-13|2026-01-14|2026-01-15|2026-01-16|2026-01-20|2026-01-21|2026-01-22|2026-01-23|2026-01-26|2026-01-27|2026-01-28|2026-01-29|2026-01-30|2026-02-02|2026-02-03|2026-02-04|2026-02-05|2026-02-06|2026-02-09|2026-02-10|2026-02-11|2026-02-12,2026-02-13 15:11:33,0.0
Automatic Data Processing,,2025-12-31|2026-01-02|2026-01-05|2026-01-06|2026-01-07|2026-01-08|2026-01-09|2026-01-12|2026-01-13|2026-01-14|2026-01-15|2026-01-16|2026-01-20|2026-01-21|2026-01-22|2026-01-23|2026-01-26|2026-01-27|2026-01-28|2026-01-29|2026-01-30|2026-02-02|2026-02-03|2026-02-04|2026-02-05|2026-02-06|2026-02-09|2026-02-10|2026-02-11|2026-02-12,2026-02-13 15:11:33,0.0
Cleveland-Cliffs,,2025-12-31|2026-01-02|2026-01-05|2026-01-06|2026-01-07|2026-01-08|2026-01-09|2026-01-12|2026-01-13|2026-01-14|2026-01-15|2026-01-16|2026-01-20|2026-01-21|2026-01-22|2026-01-23|2026-01-26|2026-01-27|2026-01-28|2026-01-29|2026-01-30|2026-02-02|2026-02-03|2026-02-04|2026-02-05|2026-02-06|2026-02-09|2026-02-10|2026-02-11|2026-02-12,2026-02-13 15:11:33,0.0
Aflac,,2025-12-31|2026-01-02|2026-01-05|2026-01-06|2026-01-07|2026-01-08|2026-01-09|2026-01-12|2026-01-13|2026-01-14|2026-01-15|2026-01-16|2026-01-20|2026-01-21|2026-01-22|2026-01-23|2026-01-26|2026-01-27|2026-01-28|2026-01-29|2026-01-30|2026-02-02|2026-02-03|2026-02-04|2026-02-05|2026-02-06|2026-02-09|2026-02-10|2026-02-11|2026-02-12,2026-02-13 15:11:33,0.0
Goodyear Tire & Rubber,,2025-12-31|2026-01-02|2026-01-05|2026-01-06|2026-01-07|2026-01-08|2026-01-09|2026-01-12|2026-01-13|2026-01-14|2026-01-15|2026-01-16|2026-01-20|2026-01-21|2026-01-22|2026-01-23|2026-01-26|2026-01-27|2026-01-28|2026-01-29|2026-01-30|2026-02-02|2026-02-03|2026-02-04|2026-02-05|2026-02-06|2026-02-09|2026-02-10|2026-02-11|2026-02-12,2026-02-13 15:11:33,0.0
Corebridge Financial,,2025-12-31|2026-01-02|2026-01-05|2026-01-06|2026-01-07|2026-01-08|2026-01-09|2026-01-12|2026-01-13|2026-01-14|2026-01-15|2026-01-16|2026-01-20|2026-01-21|2026-01-22|2026-01-23|2026-01-26|2026-01-27|2026-01-28|2026-01-29|2026-01-30|2026-02-02|2026-02-03|2026-02-04|2026-02-05|2026-02-06|2026-02-09|2026-02-10|2026-02-11|2026-02-12,2026-02-13 15:11:33,0.0
Newmont,,2025-12-31|2026-01-02|2026-01-05|2026-01-06|2026-01-07|2026-01-08|2026-01-09|2026-01-12|2026-01-13|2026-01-14|2026-01-15|2026-01-16|2026-01-20|2026-01-21|2026-01-22|2026-01-23|2026-01-26|2026-01-27|2026-01-28|2026-01-29|2026-01-30|2026-02-02|2026-02-03|2026-02-04|2026-02-05|2026-02-06|2026-02-09|2026-02-10|2026-02-11|2026-02-12,2026-02-13 15:11:33,0.0
International Paper,,2025-12-31|2026-01-02|2026-01-05|2026-01-06|2026-01-07|2026-01-08|2026-01-09|2026-01-12|2026-01-13|2026-01-14|2026-01-15|2026-01-16|2026-01-20|2026-01-21|2026-01-22|2026-01-23|2026-01-26|2026-01-27|2026-01-28|2026-01-29|2026-01-30|2026-02-02|2026-02-03|2026-02-04|2026-02-05|2026-02-06|2026-02-09|2026-02-10|2026-02-11|2026-02-12,2026-02-13 15:11:33,0.0
AutoZone,,2025-12-31|2026-01-02|2026-01-05|2026-01-06|2026-01-07|2026-01-08|2026-01-09|2026-01-12|2026-01-13|2026-01-14|2026-01-15|2026-01-16|2026-01-20|2026-01-21|2026-01-22|2026-01-23|2026-01-26|2026-01-27|2026-01-28|2026-01-29|2026-01-30|2026-02-02|2026-02-03|2026-02-04|2026-02-05|2026-02-06|2026-02-09|2026-02-10|2026-02-11|2026-02-12,2026-02-13 15:11:33,0.0
Lincoln National,,2025-12-31|2026-01-02|2026-01-05|2026-01-06|2026-01-07|2026-01-08|2026-01-09|2026-01-12|2026-01-13|2026-01-14|2026-01-15|2026-01-16|2026-01-20|2026-01-21|2026-01-22|2026-01-23|2026-01-26|2026-01-27|2026-01-28|2026-01-29|2026-01-30|2026-02-02|2026-02-03|2026-02-04|2026-02-05|2026-02-06|2026-02-09|2026-02-10|2026-02-11|2026-02-12,2026-02-13 15:11:33,0.0
PulteGroup,,2025-12-31|2026-01-02|2026-01-05|2026-01-06|2026-01-07|2026-01-08|2026-01-09|2026-01-12|2026-01-13|2026-01-14|2026-01-15|2026-01-16|2026-01-20|2026-01-21|2026-01-22|2026-01-23|2026-01-26|2026-01-27|2026-01-28|2026-01-29|2026-01-30|2026-02-02|2026-02-03|2026-02-04|2026-02-05|2026-02-06|2026-02-09|2026-02-10|2026-02-11|2026-02-12,2026-02-13 15:11:33,0.0
Ameriprise Financial,,2025-12-31|2026-01-02|2026-01-05|2026-01-06|2026-01-07|2026-01-08|2026-01-09|2026-01-12|2026-01-13|2026-01-14|2026-01-15|2026-01-16|2026-01-20|2026-01-21|2026-01-22|2026-01-23|2026-01-26|2026-01-27|2026-01-28|2026-01-29|2026-01-30|2026-02-02|2026-02-03|2026-02-04|2026-02-05|2026-02-06|2026-02-09|2026-02-10|2026-02-11|2026-02-12,2026-02-13 15:11:33,0.0
Murphy USA,,2025-12-31|2026-01-02|2026-01-05|2026-01-06|2026-01-07|2026-01-08|2026-01-09|2026-01-12|2026-01-13|2026-01-14|2026-01-15|2026-01-16|2026-01-20|2026-01-21|2026-01-22|2026-01-23|2026-01-26|2026-01-27|2026-01-28|2026-01-29|2026-01-30|2026-02-02|2026-02-03|2026-02-04|2026-02-05|2026-02-06|2026-02-09|2026-02-10|2026-02-11|2026-02-12,2026-02-13 15:11:33,0.0
ManpowerGroup,,2025-12-31|2026-01-02|2026-01-05|2026-01-06|2026-01-07|2026-01-08|2026-01-09|2026-01-12|2026-01-13|2026-01-14|2026-01-15|2026-01-16|2026-01-20|2026-01-21|2026-01-22|2026-01-23|2026-01-26|2026-01-27|2026-01-28|2026-01-29|2026-01-30|2026-02-02|2026-02-03|2026-02-04|2026-02-05|2026-02-06|2026-02-09|2026-02-10|2026-02-11|2026-02-12,2026-02-13 15:11:33,0.0
CH Robinson Worldwide,,2025-12-31|2026-01-02|2026-01-05|2026-01-06|2026-01-07|2026-01-08|2026-01-09|2026-01-12|2026-01-13|2026-01-14|2026-01-15|2026-01-16|2026-01-20|2026-01-21|2026-01-22|2026-01-23|2026-01-26|2026-01-27|2026-01-28|2026-01-29|2026-01-30|2026-02-02|2026-02-03|2026-02-04|2026-02-05|2026-02-06|2026-02-09|2026-02-10|2026-02-11|2026-02-12,2026-02-13 15:11:33,0.0
PPG Industries,,2025-12-31|2026-01-02|2026-01-05|2026-01-06|2026-01-07|2026-01-08|2026-01-09|2026-01-12|2026-01-13|2026-01-14|2026-01-15|2026-01-16|2026-01-20|2026-01-21|2026-01-22|2026-01-23|2026-01-26|2026-01-27|2026-01-28|2026-01-29|2026-01-30|2026-02-02|2026-02-03|2026-02-04|2026-02-05|2026-02-06|2026-02-09|2026-02-10|2026-02-11|2026-02-12,2026-02-13 15:11:33,0.0
Edison International,,2025-12-31|2026-01-02|2026-01-05|2026-01-06|2026-01-07|2026-01-08|2026-01-09|2026-01-12|2026-01-13|2026-01-14|2026-01-15|2026-01-16|2026-01-20|2026-01-21|2026-01-22|2026-01-23|2026-01-26|2026-01-27|2026-01-28|2026-01-29|2026-01-30|2026-02-02|2026-02-03|2026-02-04|2026-02-05|2026-02-06|2026-02-09|2026-02-10|2026-02-11|2026-02-12,2026-02-13 15:11:33,0.0
Steel Dynamics,,2025-12-31|2026-01-02|2026-01-05|2026-01-06|2026-01-07|2026-01-08|2026-01-09|2026-01-12|2026-01-13|2026-01-14|2026-01-15|2026-01-16|2026-01-20|2026-01-21|2026-01-22|2026-01-23|2026-01-26|2026-01-27|2026-01-28|2026-01-29|2026-01-30|2026-02-02|2026-02-03|2026-02-04|2026-02-05|2026-02-06|2026-02-09|2026-02-10|2026-02-11|2026-02-12,2026-02-13 15:11:33,0.0
Loews,,2025-12-31|2026-01-02|2026-01-05|2026-01-06|2026-01-07|2026-01-08|2026-01-09|2026-01-12|2026-01-13|2026-01-14|2026-01-15|2026-01-16|2026-01-20|2026-01-21|2026-01-22|2026-01-23|2026-01-26|2026-01-27|2026-01-28|2026-01-29|2026-01-30|2026-02-02|2026-02-03|2026-02-04|2026-02-05|2026-02-06|2026-02-09|2026-02-10|2026-02-11|2026-02-12,2026-02-13 15:11:33,0.0
Emerson Electric,,2025-12-31|2026-01-02|2026-01-05|2026-01-06|2026-01-07|2026-01-08|2026-01-09|2026-01-12|2026-01-13|2026-01-14|2026-01-15|2026-01-16|2026-01-20|2026-01-21|2026-01-22|2026-01-23|2026-01-26|2026-01-27|2026-01-28|2026-01-29|2026-01-30|2026-02-02|2026-02-03|2026-02-04|2026-02-05|2026-02-06|2026-02-09|2026-02-10|2026-02-11|2026-02-12,2026-02-13 15:11:33,0.0
Aramark,,2025-12-31|2026-01-02|2026-01-05|2026-01-06|2026-01-07|2026-01-08|2026-01-09|2026-01-12|2026-01-13|2026-01-14|2026-01-15|2026-01-16|2026-01-20|2026-01-21|2026-01-22|2026-01-23|2026-01-26|2026-01-27|2026-01-28|2026-01-29|2026-01-30|2026-02-02|2026-02-03|2026-02-04|2026-02-05|2026-02-06|2026-02-09|2026-02-10|2026-02-11|2026-02-12,2026-02-13 15:11:33,0.0
MGM Resorts International,,2025-12-31|2026-01-02|2026-01-05|2026-01-06|2026-01-07|2026-01-08|2026-01-09|2026-01-12|2026-01-13|2026-01-14|2026-01-15|2026-01-16|2026-01-20|2026-01-21|2026-01-22|2026-01-23|2026-01-26|2026-01-27|2026-01-28|2026-01-29|2026-01-30|2026-02-02|2026-02-03|2026-02-04|2026-02-05|2026-02-06|2026-02-09|2026-02-10|2026-02-11|2026-02-12,2026-02-13 15:11:33,0.0
Vistra,,2025-12-31|2026-01-02|2026-01-05|2026-01-06|2026-01-07|2026-01-08|2026-01-09|2026-01-12|2026-01-13|2026-01-14|2026-01-15|2026-01-16|2026-01-20|2026-01-21|2026-01-22|2026-01-23|2026-01-26|2026-01-27|2026-01-28|2026-01-29|2026-01-30|2026-02-02|2026-02-03|2026-02-04|2026-02-05|2026-02-06|2026-02-09|2026-02-10|2026-02-11|2026-02-12,2026-02-13 15:11:33,0.0
Asbury Automotive Group,,2025-12-31|2026-01-02|2026-01-05|2026-01-06|2026-01-07|2026-01-08|2026-01-09|2026-01-12|2026-01-13|2026-01-14|2026-01-15|2026-01-16|2026-01-20|2026-01-21|2026-01-22|2026-01-23|2026-01-26|2026-01-27|2026-01-28|2026-01-29|2026-01-30|2026-02-02|2026-02-03|2026-02-04|2026-02-05|2026-02-06|2026-02-09|2026-02-10|2026-02-11|2026-02-12,2026-02-13 15:11:33,0.0
WW Grainger,,2025-12-31|2026-01-02|2026-01-05|2026-01-06|2026-01-07|2026-01-08|2026-01-09|2026-01-12|2026-01-13|2026-01-14|2026-01-15|2026-01-16|2026-01-20|2026-01-21|2026-01-22|2026-01-23|2026-01-26|2026-01-27|2026-01-28|2026-01-29|2026-01-30|2026-02-02|2026-02-03|2026-02-04|2026-02-05|2026-02-06|2026-02-09|2026-02-10|2026-02-11|2026-02-12,2026-02-13 15:11:33,0.0
Global Partners,,2025-12-31|2026-01-02|2026-01-05|2026-01-06|2026-01-07|2026-01-08|2026-01-09|2026-01-12|2026-01-13|2026-01-14|2026-01-15|2026-01-16|2026-01-20|2026-01-21|2026-01-22|2026-01-23|2026-01-26|2026-01-27|2026-01-28|2026-01-29|2026-01-30|2026-02-02|2026-02-03|2026-02-04|2026-02-05|2026-02-06|2026-02-09|2026-02-10|2026-02-11|2026-02-12,2026-02-13 15:11:33,0.0
Jacobs Solutions,,2025-12-31|2026-01-02|2026-01-05|2026-01-06|2026-01-07|2026-01-08|2026-01-09|2026-01-12|2026-01-13|2026-01-14|2026-01-15|2026-01-16|2026-01-20|2026-01-21|2026-01-22|2026-01-23|2026-01-26|2026-01-27|2026-01-28|2026-01-29|2026-01-30|2026-02-02|2026-02-03|2026-02-04|2026-02-05|2026-02-06|2026-02-09|2026-02-10|2026-02-11|2026-02-12,2026-02-13 15:11:33,0.0
Corteva,,2025-12-31|2026-01-02|2026-01-05|2026-01-06|2026-01-07|2026-01-08|2026-01-09|2026-01-12|2026-01-13|2026-01-14|2026-01-15|2026-01-16|2026-01-20|2026-01-21|2026-01-22|2026-01-23|2026-01-26|2026-01-27|2026-01-28|2026-01-29|2026-01-30|2026-02-02|2026-02-03|2026-02-04|2026-02-05|2026-02-06|2026-02-09|2026-02-10|2026-02-11|2026-02-12,2026-02-13 15:11:33,0.0
Boston Scientific,,2025-12-31|2026-01-02|2026-01-05|2026-01-06|2026-01-07|2026-01-08|2026-01-09|2026-01-12|2026-01-13|2026-01-14|2026-01-15|2026-01-16|2026-01-20|2026-01-21|2026-01-22|2026-01-23|2026-01-26|2026-01-27|2026-01-28|2026-01-29|2026-01-30|2026-02-02|2026-02-03|2026-02-04|2026-02-05|2026-02-06|2026-02-09|2026-02-10|2026-02-11|2026-02-12,2026-02-13 15:11:33,0.0
O'Reilly Automotive,,2025-12-31|2026-01-02|2026-01-05|2026-01-06|2026-01-07|2026-01-08|2026-01-09|2026-01-12|2026-01-13|2026-01-14|2026-01-15|2026-01-16|2026-01-20|2026-01-21|2026-01-22|2026-01-23|2026-01-26|2026-01-27|2026-01-28|2026-01-29|2026-01-30|2026-02-02|2026-02-03|2026-02-04|2026-02-05|2026-02-06|2026-02-09|2026-02-10|2026-02-11|2026-02-12,2026-02-13 15:11:33,0.0
Leidos,,2025-12-31|2026-01-02|2026-01-05|2026-01-06|2026-01-07|2026-01-08|2026-01-09|2026-01-12|2026-01-13|2026-01-14|2026-01-15|2026-01-16|2026-01-20|2026-01-21|2026-01-22|2026-01-23|2026-01-26|2026-01-27|2026-01-28|2026-01-29|2026-01-30|2026-02-02|2026-02-03|2026-02-04|2026-02-05|2026-02-06|2026-02-09|2026-02-10|2026-02-11|2026-02-12,2026-02-13 15:11:33,0.0
Markel Group,,2025-12-31|2026-01-02|2026-01-05|2026-01-06|2026-01-07|2026-01-08|2026-01-09|2026-01-12|2026-01-13|2026-01-14|2026-01-15|2026-01-16|2026-01-20|2026-01-21|2026-01-22|2026-01-23|2026-01-26|2026-01-27|2026-01-28|2026-01-29|2026-01-30|2026-02-02|2026-02-03|2026-02-04|2026-02-05|2026-02-06|2026-02-09|2026-02-10|2026-02-11|2026-02-12,2026-02-13 15:11:33,0.0
Whirlpool,,2025-12-31|2026-01-02|2026-01-05|2026-01-06|2026-01-07|2026-01-08|2026-01-09|2026-01-12|2026-01-13|2026-01-14|2026-01-15|2026-01-16|2026-01-20|2026-01-21|2026-01-22|2026-01-23|2026-01-26|2026-01-27|2026-01-28|2026-01-29|2026-01-30|2026-02-02|2026-02-03|2026-02-04|2026-02-05|2026-02-06|2026-02-09|2026-02-10|2026-02-11|2026-02-12,2026-02-13 15:11:33,0.0
Builders FirstSource,,2025-12-31|2026-01-02|2026-01-05|2026-01-06|2026-01-07|2026-01-08|2026-01-09|2026-01-12|2026-01-13|2026-01-14|2026-01-15|2026-01-16|2026-01-20|2026-01-21|2026-01-22|2026-01-23|2026-01-26|2026-01-27|2026-01-28|2026-01-29|2026-01-30|2026-02-02|2026-02-03|2026-02-04|2026-02-05|2026-02-06|2026-02-09|2026-02-10|2026-02-11|2026-02-12,2026-02-13 15:11:33,0.0
Ally Financial,,2025-12-31|2026-01-02|2026-01-05|2026-01-06|2026-01-07|2026-01-08|2026-01-09|2026-01-12|2026-01-13|2026-01-14|2026-01-15|2026-01-16|2026-01-20|2026-01-21|2026-01-22|2026-01-23|2026-01-26|2026-01-27|2026-01-28|2026-01-29|2026-01-30|2026-02-02|2026-02-03|2026-02-04|2026-02-05|2026-02-06|2026-02-09|2026-02-10|2026-02-11|2026-02-12,2026-02-13 15:11:33,0.0
Targa Resources,,2025-12-31|2026-01-02|2026-01-05|2026-01-06|2026-01-07|2026-01-08|2026-01-09|2026-01-12|2026-01-13|2026-01-14|2026-01-15|2026-01-16|2026-01-20|2026-01-21|2026-01-22|2026-01-23|2026-01-26|2026-01-27|2026-01-28|2026-01-29|2026-01-30|2026-02-02|2026-02-03|2026-02-04|2026-02-05|2026-02-06|2026-02-09|2026-02-10|2026-02-11|2026-02-12,2026-02-13 15:11:33,0.0
Fluor,,2025-12-31|2026-01-02|2026-01-05|2026-01-06|2026-01-07|2026-01-08|2026-01-09|2026-01-12|2026-01-13|2026-01-14|2026-01-15|2026-01-16|2026-01-20|2026-01-21|2026-01-22|2026-01-23|2026-01-26|2026-01-27|2026-01-28|2026-01-29|2026-01-30|2026-02-02|2026-02-03|2026-02-04|2026-02-05|2026-02-06|2026-02-09|2026-02-10|2026-02-11|2026-02-12,2026-02-13 15:11:33,0.0
Intuit,,2025-12-31|2026-01-02|2026-01-05|2026-01-06|2026-01-07|2026-01-08|2026-01-09|2026-01-12|2026-01-13|2026-01-14|2026-01-15|2026-01-16|2026-01-20|2026-01-21|2026-01-22|2026-01-23|2026-01-26|2026-01-27|2026-01-28|2026-01-29|2026-01-30|2026-02-02|2026-02-03|2026-02-04|2026-02-05|2026-02-06|2026-02-09|2026-02-10|2026-02-11|2026-02-12,2026-02-13 15:11:33,0.0
AECOM,,2025-12-31|2026-01-02|2026-01-05|2026-01-06|2026-01-07|2026-01-08|2026-01-09|2026-01-12|2026-01-13|2026-01-14|2026-01-15|2026-01-16|2026-01-20|2026-01-21|2026-01-22|2026-01-23|2026-01-26|2026-01-27|2026-01-28|2026-01-29|2026-01-30|2026-02-02|2026-02-03|2026-02-04|2026-02-05|2026-02-06|2026-02-09|2026-02-10|2026-02-11|2026-02-12,2026-02-13 15:11:33,0.0
Kohl's,,2025-12-31|2026-01-02|2026-01-05|2026-01-06|2026-01-07|2026-01-08|2026-01-09|2026-01-12|2026-01-13|2026-01-14|2026-01-15|2026-01-16|2026-01-20|2026-01-21|2026-01-22|2026-01-23|2026-01-26|2026-01-27|2026-01-28|2026-01-29|2026-01-30|2026-02-02|2026-02-03|2026-02-04|2026-02-05|2026-02-06|2026-02-09|2026-02-10|2026-02-11|2026-02-12,2026-02-13 15:11:33,0.0
PrIncipal Financial,,2025-12-31|2026-01-02|2026-01-05|2026-01-06|2026-01-07|2026-01-08|2026-01-09|2026-01-12|2026-01-13|2026-01-14|2026-01-15|2026-01-16|2026-01-20|2026-01-21|2026-01-22|2026-01-23|2026-01-26|2026-01-27|2026-01-28|2026-01-29|2026-01-30|2026-02-02|2026-02-03|2026-02-04|2026-02-05|2026-02-06|2026-02-09|2026-02-10|2026-02-11|2026-02-12,2026-02-13 15:11:33,0.0
Dominion Energy,,2025-12-31|2026-01-02|2026-01-05|2026-01-06|2026-01-07|2026-01-08|2026-01-09|2026-01-12|2026-01-13|2026-01-14|2026-01-15|2026-01-16|2026-01-20|2026-01-21|2026-01-22|2026-01-23|2026-01-26|2026-01-27|2026-01-28|2026-01-29|2026-01-30|2026-02-02|2026-02-03|2026-02-04|2026-02-05|2026-02-06|2026-02-09|2026-02-10|2026-02-11|2026-02-12,2026-02-13 15:11:33,0.0
Kyndryl,,2025-12-31|2026-01-02|2026-01-05|2026-01-06|2026-01-07|2026-01-08|2026-01-09|2026-01-12|2026-01-13|2026-01-14|2026-01-15|2026-01-16|2026-01-20|2026-01-21|2026-01-22|2026-01-23|2026-01-26|2026-01-27|2026-01-28|2026-01-29|2026-01-30|2026-02-02|2026-02-03|2026-02-04|2026-02-05|2026-02-06|2026-02-09|2026-02-10|2026-02-11|2026-02-12,2026-02-13 15:11:33,0.0
Republic Services,,2025-12-31|2026-01-02|2026-01-05|2026-01-06|2026-01-07|2026-01-08|2026-01-09|2026-01-12|2026-01-13|2026-01-14|2026-01-15|2026-01-16|2026-01-20|2026-01-21|2026-01-22|2026-01-23|2026-01-26|2026-01-27|2026-01-28|2026-01-29|2026-01-30|2026-02-02|2026-02-03|2026-02-04|2026-02-05|2026-02-06|2026-02-09|2026-02-10|2026-02-11|2026-02-12,2026-02-13 15:11:33,0.0
Devon Energy,,2025-12-31|2026-01-02|2026-01-05|2026-01-06|2026-01-07|2026-01-08|2026-01-09|2026-01-12|2026-01-13|2026-01-14|2026-01-15|2026-01-16|2026-01-20|2026-01-21|2026-01-22|2026-01-23|2026-01-26|2026-01-27|2026-01-28|2026-01-29|2026-01-30|2026-02-02|2026-02-03|2026-02-04|2026-02-05|2026-02-06|2026-02-09|2026-02-10|2026-02-11|2026-02-12,2026-02-13 15:11:33,0.0
Illinois Tool Works,,2025-12-31|2026-01-02|2026-01-05|2026-01-06|2026-01-07|2026-01-08|2026-01-09|2026-01-12|2026-01-13|2026-01-14|2026-01-15|2026-01-16|2026-01-20|2026-01-21|2026-01-22|2026-01-23|2026-01-26|2026-01-27|2026-01-28|2026-01-29|2026-01-30|2026-02-02|2026-02-03|2026-02-04|2026-02-05|2026-02-06|2026-02-09|2026-02-10|2026-02-11|2026-02-12,2026-02-13 15:11:33,0.0
Northern Trust,,2025-12-31|2026-01-02|2026-01-05|2026-01-06|2026-01-07|2026-01-08|2026-01-09|2026-01-12|2026-01-13|2026-01-14|2026-01-15|2026-01-16|2026-01-20|2026-01-21|2026-01-22|2026-01-23|2026-01-26|2026-01-27|2026-01-28|2026-01-29|2026-01-30|2026-02-02|2026-02-03|2026-02-04|2026-02-05|2026-02-06|2026-02-09|2026-02-10|2026-02-11|2026-02-12,2026-02-13 15:11:33,0.0
Universal Health Services,,2025-12-31|2026-01-02|2026-01-05|2026-01-06|2026-01-07|2026-01-08|2026-01-09|2026-01-12|2026-01-13|2026-01-14|2026-01-15|2026-01-16|2026-01-20|2026-01-21|2026-01-22|2026-01-23|2026-01-26|2026-01-27|2026-01-28|2026-01-29|2026-01-30|2026-02-02|2026-02-03|2026-02-04|2026-02-05|2026-02-06|2026-02-09|2026-02-10|2026-02-11|2026-02-12,2026-02-13 15:11:33,0.0
EchoStar,,2025-12-31|2026-01-02|2026-01-05|2026-01-06|2026-01-07|2026-01-08|2026-01-09|2026-01-12|2026-01-13|2026-01-14|2026-01-15|2026-01-16|2026-01-20|2026-01-21|2026-01-22|2026-01-23|2026-01-26|2026-01-27|2026-01-28|2026-01-29|2026-01-30|2026-02-02|2026-02-03|2026-02-04|2026-02-05|2026-02-06|2026-02-09|2026-02-10|2026-02-11|2026-02-12,2026-02-13 15:11:33,0.0
Ecolab,,2025-12-31|2026-01-02|2026-01-05|2026-01-06|2026-01-07|2026-01-08|2026-01-09|2026-01-12|2026-01-13|2026-01-14|2026-01-15|2026-01-16|2026-01-20|2026-01-21|2026-01-22|2026-01-23|2026-01-26|2026-01-27|2026-01-28|2026-01-29|2026-01-30|2026-02-02|2026-02-03|2026-02-04|2026-02-05|2026-02-06|2026-02-09|2026-02-10|2026-02-11|2026-02-12,2026-02-13 15:11:33,0.0
Cheniere Energy,,2025-12-31|2026-01-02|2026-01-05|2026-01-06|2026-01-07|2026-01-08|2026-01-09|2026-01-12|2026-01-13|2026-01-14|2026-01-15|2026-01-16|2026-01-20|2026-01-21|2026-01-22|2026-01-23|2026-01-26|2026-01-27|2026-01-28|2026-01-29|2026-01-30|2026-02-02|2026-02-03|2026-02-04|2026-02-05|2026-02-06|2026-02-09|2026-02-10|2026-02-11|2026-02-12,2026-02-13 15:11:33,0.0
Omnicom Group,,2025-12-31|2026-01-02|2026-01-05|2026-01-06|2026-01-07|2026-01-08|2026-01-09|2026-01-12|2026-01-13|2026-01-14|2026-01-15|2026-01-16|2026-01-20|2026-01-21|2026-01-22|2026-01-23|2026-01-26|2026-01-27|2026-01-28|2026-01-29|2026-01-30|2026-02-02|2026-02-03|2026-02-04|2026-02-05|2026-02-06|2026-02-09|2026-02-10|2026-02-11|2026-02-12,2026-02-13 15:11:33,0.0
Texas Instruments,,2025-12-31|2026-01-02|2026-01-05|2026-01-06|2026-01-07|2026-01-08|2026-01-09|2026-01-12|2026-01-13|2026-01-14|2026-01-15|2026-01-16|2026-01-20|2026-01-21|2026-01-22|2026-01-23|2026-01-26|2026-01-27|2026-01-28|2026-01-29|2026-01-30|2026-02-02|2026-02-03|2026-02-04|2026-02-05|2026-02-06|2026-02-09|2026-02-10|2026-02-11|2026-02-12,2026-02-13 15:11:33,0.0
The Estee Lauder Companies,,2025-12-31|2026-01-02|2026-01-05|2026-01-06|2026-01-07|2026-01-08|2026-01-09|2026-01-12|2026-01-13|2026-01-14|2026-01-15|2026-01-16|2026-01-20|2026-01-21|2026-01-22|2026-01-23|2026-01-26|2026-01-27|2026-01-28|2026-01-29|2026-01-30|2026-02-02|2026-02-03|2026-02-04|2026-02-05|2026-02-06|2026-02-09|2026-02-10|2026-02-11|2026-02-12,2026-02-13 15:11:33,0.0
Kenvue,,2025-12-31|2026-01-02|2026-01-05|2026-01-06|2026-01-07|2026-01-08|2026-01-09|2026-01-12|2026-01-13|2026-01-14|2026-01-15|2026-01-16|2026-01-20|2026-01-21|2026-01-22|2026-01-23|2026-01-26|2026-01-27|2026-01-28|2026-01-29|2026-01-30|2026-02-02|2026-02-03|2026-02-04|2026-02-05|2026-02-06|2026-02-09|2026-02-10|2026-02-11|2026-02-12,2026-02-13 15:11:33,0.0
IQVIA,,2025-12-31|2026-01-02|2026-01-05|2026-01-06|2026-01-07|2026-01-08|2026-01-09|2026-01-12|2026-01-13|2026-01-14|2026-01-15|2026-01-16|2026-01-20|2026-01-21|2026-01-22|2026-01-23|2026-01-26|2026-01-27|2026-01-28|2026-01-29|2026-01-30|2026-02-02|2026-02-03|2026-02-04|2026-02-05|2026-02-06|2026-02-09|2026-02-10|2026-02-11|2026-02-12,2026-02-13 15:11:33,0.0
Stanley Black & Decker,,2025-12-31|2026-01-02|2026-01-05|2026-01-06|2026-01-07|2026-01-08|2026-01-09|2026-01-12|2026-01-13|2026-01-14|2026-01-15|2026-01-16|2026-01-20|2026-01-21|2026-01-22|2026-01-23|2026-01-26|2026-01-27|2026-01-28|2026-01-29|2026-01-30|2026-02-02|2026-02-03|2026-02-04|2026-02-05|2026-02-06|2026-02-09|2026-02-10|2026-02-11|2026-02-12,2026-02-13 15:11:33,0.0
Keurig Dr Pepper,,2025-12-31|2026-01-02|2026-01-05|2026-01-06|2026-01-07|2026-01-08|2026-01-09|2026-01-12|2026-01-13|2026-01-14|2026-01-15|2026-01-16|2026-01-20|2026-01-21|2026-01-22|2026-01-23|2026-01-26|2026-01-27|2026-01-28|2026-01-29|2026-01-30|2026-02-02|2026-02-03|2026-02-04|2026-02-05|2026-02-06|2026-02-09|2026-02-10|2026-02-11|2026-02-12,2026-02-13 15:11:33,0.0
United Rentals,,2025-12-31|2026-01-02|2026-01-05|2026-01-06|2026-01-07|2026-01-08|2026-01-09|2026-01-12|2026-01-13|2026-01-14|2026-01-15|2026-01-16|2026-01-20|2026-01-21|2026-01-22|2026-01-23|2026-01-26|2026-01-27|2026-01-28|2026-01-29|2026-01-30|2026-02-02|2026-02-03|2026-02-04|2026-02-05|2026-02-06|2026-02-09|2026-02-10|2026-02-11|2026-02-12,2026-02-13 15:11:33,0.0
Consolidated Edison,,2025-12-31|2026-01-02|2026-01-05|2026-01-06|2026-01-07|2026-01-08|2026-01-09|2026-01-12|2026-01-13|2026-01-14|2026-01-15|2026-01-16|2026-01-20|2026-01-21|2026-01-22|2026-01-23|2026-01-26|2026-01-27|2026-01-28|2026-01-29|2026-01-30|2026-02-02|2026-02-03|2026-02-04|2026-02-05|2026-02-06|2026-02-09|2026-02-10|2026-02-11|2026-02-12,2026-02-13 15:11:33,0.0
Amphenol,,2025-12-31|2026-01-02|2026-01-05|2026-01-06|2026-01-07|2026-01-08|2026-01-09|2026-01-12|2026-01-13|2026-01-14|2026-01-15|2026-01-16|2026-01-20|2026-01-21|2026-01-22|2026-01-23|2026-01-26|2026-01-27|2026-01-28|2026-01-29|2026-01-30|2026-02-02|2026-02-03|2026-02-04|2026-02-05|2026-02-06|2026-02-09|2026-02-10|2026-02-11|2026-02-12,2026-02-13 15:11:33,0.0
Baxter International,,2025-12-31|2026-01-02|2026-01-05|2026-01-06|2026-01-07|2026-01-08|2026-01-09|2026-01-12|2026-01-13|2026-01-14|2026-01-15|2026-01-16|2026-01-20|2026-01-21|2026-01-22|2026-01-23|2026-01-26|2026-01-27|2026-01-28|2026-01-29|2026-01-30|2026-02-02|2026-02-03|2026-02-04|2026-02-05|2026-02-06|2026-02-09|2026-02-10|2026-02-11|2026-02-12,2026-02-13 15:11:33,0.0
Kinder Morgan,,2025-12-31|2026-01-02|2026-01-05|2026-01-06|2026-01-07|2026-01-08|2026-01-09|2026-01-12|2026-01-13|2026-01-14|2026-01-15|2026-01-16|2026-01-20|2026-01-21|2026-01-22|2026-01-23|2026-01-26|2026-01-27|2026-01-28|2026-01-29|2026-01-30|2026-02-02|2026-02-03|2026-02-04|2026-02-05|2026-02-06|2026-02-09|2026-02-10|2026-02-11|2026-02-12,2026-02-13 15:11:33,0.0
First Citizens BancShares,,2025-12-31|2026-01-02|2026-01-05|2026-01-06|2026-01-07|2026-01-08|2026-01-09|2026-01-12|2026-01-13|2026-01-14|2026-01-15|2026-01-16|2026-01-20|2026-01-21|2026-01-22|2026-01-23|2026-01-26|2026-01-27|2026-01-28|2026-01-29|2026-01-30|2026-02-02|2026-02-03|2026-02-04|2026-02-05|2026-02-06|2026-02-09|2026-02-10|2026-02-11|2026-02-12,2026-02-13 15:11:33,0.0
Raymond James Financial,,2025-12-31|2026-01-02|2026-01-05|2026-01-06|2026-01-07|2026-01-08|2026-01-09|2026-01-12|2026-01-13|2026-01-14|2026-01-15|2026-01-16|2026-01-20|2026-01-21|2026-01-22|2026-01-23|2026-01-26|2026-01-27|2026-01-28|2026-01-29|2026-01-30|2026-02-02|2026-02-03|2026-02-04|2026-02-05|2026-02-06|2026-02-09|2026-02-10|2026-02-11|2026-02-12,2026-02-13 15:11:33,0.0
Lam Research,,2025-12-31|2026-01-02|2026-01-05|2026-01-06|2026-01-07|2026-01-08|2026-01-09|2026-01-12|2026-01-13|2026-01-14|2026-01-15|2026-01-16|2026-01-20|2026-01-21|2026-01-22|2026-01-23|2026-01-26|2026-01-27|2026-01-28|2026-01-29|2026-01-30|2026-02-02|2026-02-03|2026-02-04|2026-02-05|2026-02-06|2026-02-09|2026-02-10|2026-02-11|2026-02-12,2026-02-13 15:11:33,0.0
Tractor Supply,,2025-12-31|2026-01-02|2026-01-05|2026-01-06|2026-01-07|2026-01-08|2026-01-09|2026-01-12|2026-01-13|2026-01-14|2026-01-15|2026-01-16|2026-01-20|2026-01-21|2026-01-22|2026-01-23|2026-01-26|2026-01-27|2026-01-28|2026-01-29|2026-01-30|2026-02-02|2026-02-03|2026-02-04|2026-02-05|2026-02-06|2026-02-09|2026-02-10|2026-02-11|2026-02-12,2026-02-13 15:11:33,0.0
Caseys General Stores,,2025-12-31|2026-01-02|2026-01-05|2026-01-06|2026-01-07|2026-01-08|2026-01-09|2026-01-12|2026-01-13|2026-01-14|2026-01-15|2026-01-16|2026-01-20|2026-01-21|2026-01-22|2026-01-23|2026-01-26|2026-01-27|2026-01-28|2026-01-29|2026-01-30|2026-02-02|2026-02-03|2026-02-04|2026-02-05|2026-02-06|2026-02-09|2026-02-10|2026-02-11|2026-02-12,2026-02-13 15:11:33,0.0
Viatris,,2025-12-31|2026-01-02|2026-01-05|2026-01-06|2026-01-07|2026-01-08|2026-01-09|2026-01-12|2026-01-13|2026-01-14|2026-01-15|2026-01-16|2026-01-20|2026-01-21|2026-01-22|2026-01-23|2026-01-26|2026-01-27|2026-01-28|2026-01-29|2026-01-30|2026-02-02|2026-02-03|2026-02-04|2026-02-05|2026-02-06|2026-02-09|2026-02-10|2026-02-11|2026-02-12,2026-02-13 15:11:33,0.0
EMCOR Group,,2025-12-31|2026-01-02|2026-01-05|2026-01-06|2026-01-07|2026-01-08|2026-01-09|2026-01-12|2026-01-13|2026-01-14|2026-01-15|2026-01-16|2026-01-20|2026-01-21|2026-01-22|2026-01-23|2026-01-26|2026-01-27|2026-01-28|2026-01-29|2026-01-30|2026-02-02|2026-02-03|2026-02-04|2026-02-05|2026-02-06|2026-02-09|2026-02-10|2026-02-11|2026-02-12,2026-02-13 15:11:33,0.0
CSX,,2025-12-31|2026-01-02|2026-01-05|2026-01-06|2026-01-07|2026-01-08|2026-01-09|2026-01-12|2026-01-13|2026-01-14|2026-01-15|2026-01-16|2026-01-20|2026-01-21|2026-01-22|2026-01-23|2026-01-26|2026-01-27|2026-01-28|2026-01-29|2026-01-30|2026-02-02|2026-02-03|2026-02-04|2026-02-05|2026-02-06|2026-02-09|2026-02-10|2026-02-11|2026-02-12,2026-02-13 15:11:33,0.0
LKQ,,2025-12-31|2026-01-02|2026-01-05|2026-01-06|2026-01-07|2026-01-08|2026-01-09|2026-01-12|2026-01-13|2026-01-14|2026-01-15|2026-01-16|2026-01-20|2026-01-21|2026-01-22|2026-01-23|2026-01-26|2026-01-27|2026-01-28|2026-01-29|2026-01-30|2026-02-02|2026-02-03|2026-02-04|2026-02-05|2026-02-06|2026-02-09|2026-02-10|2026-02-11|2026-02-12,2026-02-13 15:11:33,0.0
Otis Worldwide,,2025-12-31|2026-01-02|2026-01-05|2026-01-06|2026-01-07|2026-01-08|2026-01-09|2026-01-12|2026-01-13|2026-01-14|2026-01-15|2026-01-16|2026-01-20|2026-01-21|2026-01-22|2026-01-23|2026-01-26|2026-01-27|2026-01-28|2026-01-29|2026-01-30|2026-02-02|2026-02-03|2026-02-04|2026-02-05|2026-02-06|2026-02-09|2026-02-10|2026-02-11|2026-02-12,2026-02-13 15:11:33,0.0
Sonic Automotive,,2025-12-31|2026-01-02|2026-01-05|2026-01-06|2026-01-07|2026-01-08|2026-01-09|2026-01-12|2026-01-13|2026-01-14|2026-01-15|2026-01-16|2026-01-20|2026-01-21|2026-01-22|2026-01-23|2026-01-26|2026-01-27|2026-01-28|2026-01-29|2026-01-30|2026-02-02|2026-02-03|2026-02-04|2026-02-05|2026-02-06|2026-02-09|2026-02-10|2026-02-11|2026-02-12,2026-02-13 15:11:33,0.0
S&P Global,,2025-12-31|2026-01-02|2026-01-05|2026-01-06|2026-01-07|2026-01-08|2026-01-09|2026-01-12|2026-01-13|2026-01-14|2026-01-15|2026-01-16|2026-01-20|2026-01-21|2026-01-22|2026-01-23|2026-01-26|2026-01-27|2026-01-28|2026-01-29|2026-01-30|2026-02-02|2026-02-03|2026-02-04|2026-02-05|2026-02-06|2026-02-09|2026-02-10|2026-02-11|2026-02-12,2026-02-13 15:11:33,0.0
Regeneron Pharmaceuticals,,2025-12-31|2026-01-02|2026-01-05|2026-01-06|2026-01-07|2026-01-08|2026-01-09|2026-01-12|2026-01-13|2026-01-14|2026-01-15|2026-01-16|2026-01-20|2026-01-21|2026-01-22|2026-01-23|2026-01-26|2026-01-27|2026-01-28|2026-01-29|2026-01-30|2026-02-02|2026-02-03|2026-02-04|2026-02-05|2026-02-06|2026-02-09|2026-02-10|2026-02-11|2026-02-12,2026-02-13 15:11:33,0.0
BorgWarner,,2025-12-31|2026-01-02|2026-01-05|2026-01-06|2026-01-07|2026-01-08|2026-01-09|2026-01-12|2026-01-13|2026-01-14|2026-01-15|2026-01-16|2026-01-20|2026-01-21|2026-01-22|2026-01-23|2026-01-26|2026-01-27|2026-01-28|2026-01-29|2026-01-30|2026-02-02|2026-02-03|2026-02-04|2026-02-05|2026-02-06|2026-02-09|2026-02-10|2026-02-11|2026-02-12,2026-02-13 15:11:33,0.0
Reliance Inc,,2025-12-31|2026-01-02|2026-01-05|2026-01-06|2026-01-07|2026-01-08|2026-01-09|2026-01-12|2026-01-13|2026-01-14|2026-01-15|2026-01-16|2026-01-20|2026-01-21|2026-01-22|2026-01-23|2026-01-26|2026-01-27|2026-01-28|2026-01-29|2026-01-30|2026-02-02|2026-02-03|2026-02-04|2026-02-05|2026-02-06|2026-02-09|2026-02-10|2026-02-11|2026-02-12,2026-02-13 15:11:33,0.0
Textron,,2025-12-31|2026-01-02|2026-01-05|2026-01-06|2026-01-07|2026-01-08|2026-01-09|2026-01-12|2026-01-13|2026-01-14|2026-01-15|2026-01-16|2026-01-20|2026-01-21|2026-01-22|2026-01-23|2026-01-26|2026-01-27|2026-01-28|2026-01-29|2026-01-30|2026-02-02|2026-02-03|2026-02-04|2026-02-05|2026-02-06|2026-02-09|2026-02-10|2026-02-11|2026-02-12,2026-02-13 15:11:33,0.0
Expedia,,2025-12-31|2026-01-02|2026-01-05|2026-01-06|2026-01-07|2026-01-08|2026-01-09|2026-01-12|2026-01-13|2026-01-14|2026-01-15|2026-01-16|2026-01-20|2026-01-21|2026-01-22|2026-01-23|2026-01-26|2026-01-27|2026-01-28|2026-01-29|2026-01-30|2026-02-02|2026-02-03|2026-02-04|2026-02-05|2026-02-06|2026-02-09|2026-02-10|2026-02-11|2026-02-12,2026-02-13 15:11:33,0.0
Fidelity National Financial,,2025-12-31|2026-01-02|2026-01-05|2026-01-06|2026-01-07|2026-01-08|2026-01-09|2026-01-12|2026-01-13|2026-01-14|2026-01-15|2026-01-16|2026-01-20|2026-01-21|2026-01-22|2026-01-23|2026-01-26|2026-01-27|2026-01-28|2026-01-29|2026-01-30|2026-02-02|2026-02-03|2026-02-04|2026-02-05|2026-02-06|2026-02-09|2026-02-10|2026-02-11|2026-02-12,2026-02-13 15:11:33,0.0
Carvana,,2025-12-31|2026-01-02|2026-01-05|2026-01-06|2026-01-07|2026-01-08|2026-01-09|2026-01-12|2026-01-13|2026-01-14|2026-01-15|2026-01-16|2026-01-20|2026-01-21|2026-01-22|2026-01-23|2026-01-26|2026-01-27|2026-01-28|2026-01-29|2026-01-30|2026-02-02|2026-02-03|2026-02-04|2026-02-05|2026-02-06|2026-02-09|2026-02-10|2026-02-11|2026-02-12,2026-02-13 15:11:33,0.0
DXC Technology,,2025-12-31|2026-01-02|2026-01-05|2026-01-06|2026-01-07|2026-01-08|2026-01-09|2026-01-12|2026-01-13|2026-01-14|2026-01-15|2026-01-16|2026-01-20|2026-01-21|2026-01-22|2026-01-23|2026-01-26|2026-01-27|2026-01-28|2026-01-29|2026-01-30|2026-02-02|2026-02-03|2026-02-04|2026-02-05|2026-02-06|2026-02-09|2026-02-10|2026-02-11|2026-02-12,2026-02-13 15:11:33,0.0
WR Berkley,,2025-12-31|2026-01-02|2026-01-05|2026-01-06|2026-01-07|2026-01-08|2026-01-09|2026-01-12|2026-01-13|2026-01-14|2026-01-15|2026-01-16|2026-01-20|2026-01-21|2026-01-22|2026-01-23|2026-01-26|2026-01-27|2026-01-28|2026-01-29|2026-01-30|2026-02-02|2026-02-03|2026-02-04|2026-02-05|2026-02-06|2026-02-09|2026-02-10|2026-02-11|2026-02-12,2026-02-13 15:11:33,0.0
M&T Bank,,2025-12-31|2026-01-02|2026-01-05|2026-01-06|2026-01-07|2026-01-08|2026-01-09|2026-01-12|2026-01-13|2026-01-14|2026-01-15|2026-01-16|2026-01-20|2026-01-21|2026-01-22|2026-01-23|2026-01-26|2026-01-27|2026-01-28|2026-01-29|2026-01-30|2026-02-02|2026-02-03|2026-02-04|2026-02-05|2026-02-06|2026-02-09|2026-02-10|2026-02-11|2026-02-12,2026-02-13 15:11:33,0.0
Dicks Sporting Goods,,2025-12-31|2026-01-02|2026-01-05|2026-01-06|2026-01-07|2026-01-08|2026-01-09|2026-01-12|2026-01-13|2026-01-14|2026-01-15|2026-01-16|2026-01-20|2026-01-21|2026-01-22|2026-01-23|2026-01-26|2026-01-27|2026-01-28|2026-01-29|2026-01-30|2026-02-02|2026-02-03|2026-02-04|2026-02-05|2026-02-06|2026-02-09|2026-02-10|2026-02-11|2026-02-12,2026-02-13 15:11:33,0.0
Xcel Energy,,2025-12-31|2026-01-02|2026-01-05|2026-01-06|2026-01-07|2026-01-08|2026-01-09|2026-01-12|2026-01-13|2026-01-14|2026-01-15|2026-01-16|2026-01-20|2026-01-21|2026-01-22|2026-01-23|2026-01-26|2026-01-27|2026-01-28|2026-01-29|2026-01-30|2026-02-02|2026-02-03|2026-02-04|2026-02-05|2026-02-06|2026-02-09|2026-02-10|2026-02-11|2026-02-12,2026-02-13 15:11:33,0.0
Fifth Third Bancorp,,2025-12-31|2026-01-02|2026-01-05|2026-01-06|2026-01-07|2026-01-08|2026-01-09|2026-01-12|2026-01-13|2026-01-14|2026-01-15|2026-01-16|2026-01-20|2026-01-21|2026-01-22|2026-01-23|2026-01-26|2026-01-27|2026-01-28|2026-01-29|2026-01-30|2026-02-02|2026-02-03|2026-02-04|2026-02-05|2026-02-06|2026-02-09|2026-02-10|2026-02-11|2026-02-12,2026-02-13 15:11:33,0.0
Blackstone,,2025-12-31|2026-01-02|2026-01-05|2026-01-06|2026-01-07|2026-01-08|2026-01-09|2026-01-12|2026-01-13|2026-01-14|2026-01-15|2026-01-16|2026-01-20|2026-01-21|2026-01-22|2026-01-23|2026-01-26|2026-01-27|2026-01-28|2026-01-29|2026-01-30|2026-02-02|2026-02-03|2026-02-04|2026-02-05|2026-02-06|2026-02-09|2026-02-10|2026-02-11|2026-02-12,2026-02-13 15:11:33,0.0
Sempra,,2025-12-31|2026-01-02|2026-01-05|2026-01-06|2026-01-07|2026-01-08|2026-01-09|2026-01-12|2026-01-13|2026-01-14|2026-01-15|2026-01-16|2026-01-20|2026-01-21|2026-01-22|2026-01-23|2026-01-26|2026-01-27|2026-01-28|2026-01-29|2026-01-30|2026-02-02|2026-02-03|2026-02-04|2026-02-05|2026-02-06|2026-02-09|2026-02-10|2026-02-11|2026-02-12,2026-02-13 15:11:33,0.0
Corning,,2025-12-31|2026-01-02|2026-01-05|2026-01-06|2026-01-07|2026-01-08|2026-01-09|2026-01-12|2026-01-13|2026-01-14|2026-01-15|2026-01-16|2026-01-20|2026-01-21|2026-01-22|2026-01-23|2026-01-26|2026-01-27|2026-01-28|2026-01-29|2026-01-30|2026-02-02|2026-02-03|2026-02-04|2026-02-05|2026-02-06|2026-02-09|2026-02-10|2026-02-11|2026-02-12,2026-02-13 15:11:33,0.0
Lumen Technologies,,2025-12-31|2026-01-02|2026-01-05|2026-01-06|2026-01-07|2026-01-08|2026-01-09|2026-01-12|2026-01-13|2026-01-14|2026-01-15|2026-01-16|2026-01-20|2026-01-21|2026-01-22|2026-01-23|2026-01-26|2026-01-27|2026-01-28|2026-01-29|2026-01-30|2026-02-02|2026-02-03|2026-02-04|2026-02-05|2026-02-06|2026-02-09|2026-02-10|2026-02-11|2026-02-12,2026-02-13 15:11:33,0.0
FirstEnergy Corp,,2025-12-31|2026-01-02|2026-01-05|2026-01-06|2026-01-07|2026-01-08|2026-01-09|2026-01-12|2026-01-13|2026-01-14|2026-01-15|2026-01-16|2026-01-20|2026-01-21|2026-01-22|2026-01-23|2026-01-26|2026-01-27|2026-01-28|2026-01-29|2026-01-30|2026-02-02|2026-02-03|2026-02-04|2026-02-05|2026-02-06|2026-02-09|2026-02-10|2026-02-11|2026-02-12,2026-02-13 15:11:33,0.0
Labcorp Holdings,,2025-12-31|2026-01-02|2026-01-05|2026-01-06|2026-01-07|2026-01-08|2026-01-09|2026-01-12|2026-01-13|2026-01-14|2026-01-15|2026-01-16|2026-01-20|2026-01-21|2026-01-22|2026-01-23|2026-01-26|2026-01-27|2026-01-28|2026-01-29|2026-01-30|2026-02-02|2026-02-03|2026-02-04|2026-02-05|2026-02-06|2026-02-09|2026-02-10|2026-02-11|2026-02-12,2026-02-13 15:11:33,0.0
Western Digital,,2025-12-31|2026-01-02|2026-01-05|2026-01-06|2026-01-07|2026-01-08|2026-01-09|2026-01-12|2026-01-13|2026-01-14|2026-01-15|2026-01-16|2026-01-20|2026-01-21|2026-01-22|2026-01-23|2026-01-26|2026-01-27|2026-01-28|2026-01-29|2026-01-30|2026-02-02|2026-02-03|2026-02-04|2026-02-05|2026-02-06|2026-02-09|2026-02-10|2026-02-11|2026-02-12,2026-02-13 15:11:33,0.0
Unum Group,,2025-12-31|2026-01-02|2026-01-05|2026-01-06|2026-01-07|2026-01-08|2026-01-09|2026-01-12|2026-01-13|2026-01-14|2026-01-15|2026-01-16|2026-01-20|2026-01-21|2026-01-22|2026-01-23|2026-01-26|2026-01-27|2026-01-28|2026-01-29|2026-01-30|2026-02-02|2026-02-03|2026-02-04|2026-02-05|2026-02-06|2026-02-09|2026-02-10|2026-02-11|2026-02-12,2026-02-13 15:11:33,0.0
DaVita,,2025-12-31|2026-01-02|2026-01-05|2026-01-06|2026-01-07|2026-01-08|2026-01-09|2026-01-12|2026-01-13|2026-01-14|2026-01-15|2026-01-16|2026-01-20|2026-01-21|2026-01-22|2026-01-23|2026-01-26|2026-01-27|2026-01-28|2026-01-29|2026-01-30|2026-02-02|2026-02-03|2026-02-04|2026-02-05|2026-02-06|2026-02-09|2026-02-10|2026-02-11|2026-02-12,2026-02-13 15:11:33,0.0
Henry Schein,,2025-12-31|2026-01-02|2026-01-05|2026-01-06|2026-01-07|2026-01-08|2026-01-09|2026-01-12|2026-01-13|2026-01-14|2026-01-15|2026-01-16|2026-01-20|2026-01-21|2026-01-22|2026-01-23|2026-01-26|2026-01-27|2026-01-28|2026-01-29|2026-01-30|2026-02-02|2026-02-03|2026-02-04|2026-02-05|2026-02-06|2026-02-09|2026-02-10|2026-02-11|2026-02-12,2026-02-13 15:11:33,0.0
Ryder System,,2025-12-31|2026-01-02|2026-01-05|2026-01-06|2026-01-07|2026-01-08|2026-01-09|2026-01-12|2026-01-13|2026-01-14|2026-01-15|2026-01-16|2026-01-20|2026-01-21|2026-01-22|2026-01-23|2026-01-26|2026-01-27|2026-01-28|2026-01-29|2026-01-30|2026-02-02|2026-02-03|2026-02-04|2026-02-05|2026-02-06|2026-02-09|2026-02-10|2026-02-11|2026-02-12,2026-02-13 15:11:33,0.0
Community Health Systems,,2025-12-31|2026-01-02|2026-01-05|2026-01-06|2026-01-07|2026-01-08|2026-01-09|2026-01-12|2026-01-13|2026-01-14|2026-01-15|2026-01-16|2026-01-20|2026-01-21|2026-01-22|2026-01-23|2026-01-26|2026-01-27|2026-01-28|2026-01-29|2026-01-30|2026-02-02|2026-02-03|2026-02-04|2026-02-05|2026-02-06|2026-02-09|2026-02-10|2026-02-11|2026-02-12,2026-02-13 15:11:33,0.0
Delek US,,2025-12-31|2026-01-02|2026-01-05|2026-01-06|2026-01-07|2026-01-08|2026-01-09|2026-01-12|2026-01-13|2026-01-14|2026-01-15|2026-01-16|2026-01-20|2026-01-21|2026-01-22|2026-01-23|2026-01-26|2026-01-27|2026-01-28|2026-01-29|2026-01-30|2026-02-02|2026-02-03|2026-02-04|2026-02-05|2026-02-06|2026-02-09|2026-02-10|2026-02-11|2026-02-12,2026-02-13 15:11:33,0.0
DTE Energy,,2025-12-31|2026-01-02|2026-01-05|2026-01-06|2026-01-07|2026-01-08|2026-01-09|2026-01-12|2026-01-13|2026-01-14|2026-01-15|2026-01-16|2026-01-20|2026-01-21|2026-01-22|2026-01-23|2026-01-26|2026-01-27|2026-01-28|2026-01-29|2026-01-30|2026-02-02|2026-02-03|2026-02-04|2026-02-05|2026-02-06|2026-02-09|2026-02-10|2026-02-11|2026-02-12,2026-02-13 15:11:33,0.0
Equitable Holdings,0|0|0|0|0|0|0|0|0|0|0|0|0|0|0|0|0|0|0|0|96|85|53|98|100|85|79|73|77|82,2025-12-31|2026-01-02|2026-01-05|2026-01-06|2026-01-07|2026-01-08|2026-01-09|2026-01-12|2026-01-13|2026-01-14|2026-01-15|2026-01-16|2026-01-20|2026-01-21|2026-01-22|2026-01-23|2026-01-26|2026-01-27|2026-01-28|2026-01-29|2026-01-30|2026-02-02|2026-02-03|2026-02-04|2026-02-05|2026-02-06|2026-02-09|2026-02-10|2026-02-11|2026-02-12,2026-02-13 18:56:34,27.6
DuPont de Nemours,0|0|0|0|0|0|0|0|0|0|0|0|0|0|0|0|0|0|0|0|37|96|76|66|65|69|72|66|100|77,2025-12-31|2026-01-02|2026-01-05|2026-01-06|2026-01-07|2026-01-08|2026-01-09|2026-01-12|2026-01-13|2026-01-14|2026-01-15|2026-01-16|2026-01-20|2026-01-21|2026-01-22|2026-01-23|2026-01-26|2026-01-27|2026-01-28|2026-01-29|2026-01-30|2026-02-02|2026-02-03|2026-02-04|2026-02-05|2026-02-06|2026-02-09|2026-02-10|2026-02-11|2026-02-12,2026-02-13 18:56:48,24.1
LPL Financial,53|62|76|98|89|81|81|76|76|71|78|85|69|81|86|50|70|81|97|100|72|77|91|84|86|86|77|94|97|93,2025-12-31|2026-01-02|2026-01-05|2026-01-06|2026-01-07|2026-01-08|2026-01-09|2026-01-12|2026-01-13|2026-01-14|2026-01-15|2026-01-16|2026-01-20|2026-01-21|2026-01-22|2026-01-23|2026-01-26|2026-01-27|2026-01-28|2026-01-29|2026-01-30|2026-02-02|2026-02-03|2026-02-04|2026-02-05|2026-02-06|2026-02-09|2026-02-10|2026-02-11|2026-02-12,2026-02-13 18:56:52,80.6
Citizens Financial Group,0|0|0|0|0|0|71|0|81|70|0|0|0|100|74|73|0|0|0|81|26|38|28|36|37|40|37|37|38|37,2025-12-31|2026-01-02|2026-01-05|2026-01-06|2026-01-07|2026-01-08|2026-01-09|2026-01-12|2026-01-13|2026-01-14|2026-01-15|2026-01-16|2026-01-20|2026-01-21|2026-01-22|2026-01-23|2026-01-26|2026-01-27|2026-01-28|2026-01-29|2026-01-30|2026-02-02|2026-02-03|2026-02-04|2026-02-05|2026-02-06|2026-02-09|2026-02-10|2026-02-11|2026-02-12,2026-02-13 18:56:55,30.1
MasTec,49|52|61|87|88|70|85|79|97|73|80|77|80|80|56|88|80|46|100|84|63|63|73|68|79|75|55|76|78|73,2025-12-31|2026-01-02|2026-01-05|2026-01-06|2026-01-07|2026-01-08|2026-01-09|2026-01-12|2026-01-13|2026-01-14|2026-01-15|2026-01-16|2026-01-20|2026-01-21|2026-01-22|2026-01-23|2026-01-26|2026-01-27|2026-01-28|2026-01-29|2026-01-30|2026-02-02|2026-02-03|2026-02-04|2026-02-05|2026-02-06|2026-02-09|2026-02-10|2026-02-11|2026-02-12,2026-02-13 18:56:58,73.8
AES,68|76|80|84|74|75|77|86|86|82|82|83|92|88|81|89|93|90|87|98|87|94|100|86|88|83|81|87|100|96,2025-12-31|2026-01-02|2026-01-05|2026-01-06|2026-01-07|2026-01-08|2026-01-09|2026-01-12|2026-01-13|2026-01-14|2026-01-15|2026-01-16|2026-01-20|2026-01-21|2026-01-22|2026-01-23|2026-01-26|2026-01-27|2026-01-28|2026-01-29|2026-01-30|2026-02-02|2026-02-03|2026-02-04|2026-02-05|2026-02-06|2026-02-09|2026-02-10|2026-02-11|2026-02-12,2026-02-13 18:57:02,85.8
Norfolk Southern,70|58|84|55|83|85|73|78|77|63|77|75|72|82|76|60|68|100|81|94|65|75|71|76|75|80|62|75|71|71,2025-12-31|2026-01-02|2026-01-05|2026-01-06|2026-01-07|2026-01-08|2026-01-09|2026-01-12|2026-01-13|2026-01-14|2026-01-15|2026-01-16|2026-01-20|2026-01-21|2026-01-22|2026-01-23|2026-01-26|2026-01-27|2026-01-28|2026-01-29|2026-01-30|2026-02-02|2026-02-03|2026-02-04|2026-02-05|2026-02-06|2026-02-09|2026-02-10|2026-02-11|2026-02-12,2026-02-13 18:57:05,74.4
Air Products & Chemicals,0|0|0|0|0|0|0|0|0|0|0|0|0|0|0|0|0|0|0|0|0|70|0|0|0|0|0|0|66|100,2025-12-31|2026-01-02|2026-01-05|2026-01-06|2026-01-07|2026-01-08|2026-01-09|2026-01-12|2026-01-13|2026-01-14|2026-01-15|2026-01-16|2026-01-20|2026-01-21|2026-01-22|2026-01-23|2026-01-26|2026-01-27|2026-01-28|2026-01-29|2026-01-30|2026-02-02|2026-02-03|2026-02-04|2026-02-05|2026-02-06|2026-02-09|2026-02-10|2026-02-11|2026-02-12,2026-02-13 18:57:09,7.9
JB Hunt Transport Services,,2025-12-31|2026-01-02|2026-01-05|2026-01-06|2026-01-07|2026-01-08|2026-01-09|2026-01-12|2026-01-13|2026-01-14|2026-01-15|2026-01-16|2026-01-20|2026-01-21|2026-01-22|2026-01-23|2026-01-26|2026-01-27|2026-01-28|2026-01-29|2026-01-30|2026-02-02|2026-02-03|2026-02-04|2026-02-05|2026-02-06|2026-02-09|2026-02-10|2026-02-11|2026-02-12,2026-02-13 18:57:13,0.0
Ball Corporation,39|0|27|46|35|43|0|34|34|32|54|40|46|41|39|51|37|27|51|59|21|27|29|29|30|23|25|28|100|83,2025-12-31|2026-01-02|2026-01-05|2026-01-06|2026-01-07|2026-01-08|2026-01-09|2026-01-12|2026-01-13|2026-01-14|2026-01-15|2026-01-16|2026-01-20|2026-01-21|2026-01-22|2026-01-23|2026-01-26|2026-01-27|2026-01-28|2026-01-29|2026-01-30|2026-02-02|2026-02-03|2026-02-04|2026-02-05|2026-02-06|2026-02-09|2026-02-10|2026-02-11|2026-02-12,2026-02-13 18:57:14,37.7
Conagra Brands,0|0|43|36|52|50|36|42|0|54|58|40|0|44|42|45|52|38|0|51|31|33|30|36|62|28|82|59|47|44,2025-12-31|2026-01-02|2026-01-05|2026-01-06|2026-01-07|2026-01-08|2026-01-09|2026-01-12|2026-01-13|2026-01-14|2026-01-15|2026-01-16|2026-01-20|2026-01-21|2026-01-22|2026-01-23|2026-01-26|2026-01-27|2026-01-28|2026-01-29|2026-01-30|2026-02-02|2026-02-03|2026-02-04|2026-02-05|2026-02-06|2026-02-09|2026-02-10|2026-02-11|2026-02-12,2026-02-13 18:57:18,37.8
Huntington Bancshares,0|0|0|0|0|0|0|0|85|0|0|0|0|100|0|0|0|0|0|0|6|16|13|12|12|9|12|15|14|9,2025-12-31|2026-01-02|2026-01-05|2026-01-06|2026-01-07|2026-01-08|2026-01-09|2026-01-12|2026-01-13|2026-01-14|2026-01-15|2026-01-16|2026-01-20|2026-01-21|2026-01-22|2026-01-23|2026-01-26|2026-01-27|2026-01-28|2026-01-29|2026-01-30|2026-02-02|2026-02-03|2026-02-04|2026-02-05|2026-02-06|2026-02-09|2026-02-10|2026-02-11|2026-02-12,2026-02-13 18:57:22,10.1
Hormel Foods,0|0|0|0|0|65|69|0|76|0|59|0|66|0|0|64|62|53|100|55|30|35|40|40|55|39|35|54|44|43,2025-12-31|2026-01-02|2026-01-05|2026-01-06|2026-01-07|2026-01-08|2026-01-09|2026-01-12|2026-01-13|2026-01-14|2026-01-15|2026-01-16|2026-01-20|2026-01-21|2026-01-22|2026-01-23|2026-01-26|2026-01-27|2026-01-28|2026-01-29|2026-01-30|2026-02-02|2026-02-03|2026-02-04|2026-02-05|2026-02-06|2026-02-09|2026-02-10|2026-02-11|2026-02-12,2026-02-13 18:57:26,36.1
Eversource Energy,0|0|76|100|0|0|57|0|88|0|0|0|0|69|0|0|0|0|79|72|39|40|41|38|43|36|38|43|36|43,2025-12-31|2026-01-02|2026-01-05|2026-01-06|2026-01-07|2026-01-08|2026-01-09|2026-01-12|2026-01-13|2026-01-14|2026-01-15|2026-01-16|2026-01-20|2026-01-21|2026-01-22|2026-01-23|2026-01-26|2026-01-27|2026-01-28|2026-01-29|2026-01-30|2026-02-02|2026-02-03|2026-02-04|2026-02-05|2026-02-06|2026-02-09|2026-02-10|2026-02-11|2026-02-12,2026-02-13 18:57:30,31.3
Alcoa Corporation,0|0|0|0|0|0|0|0|0|0|0|0|0|0|0|0|0|0|0|0|0|67|76|100|0|0|48|70|97|73,2025-12-31|2026-01-02|2026-01-05|2026-01-06|2026-01-07|2026-01-08|2026-01-09|2026-01-12|2026-01-13|2026-01-14|2026-01-15|2026-01-16|2026-01-20|2026-01-21|2026-01-22|2026-01-23|2026-01-26|2026-01-27|2026-01-28|2026-01-29|2026-01-30|2026-02-02|2026-02-03|2026-02-04|2026-02-05|2026-02-06|2026-02-09|2026-02-10|2026-02-11|2026-02-12,2026-02-13 18:57:34,17.7
Entergy,15|18|21|18|19|18|17|15|18|22|20|20|18|24|21|20|67|44|41|44|37|25|23|21|23|17|15|15|43|48,2025-12-31|2026-01-02|2026-01-05|2026-01-06|2026-01-07|2026-01-08|2026-01-09|2026-01-12|2026-01-13|2026-01-14|2026-01-15|2026-01-16|2026-01-20|2026-01-21|2026-01-22|2026-01-23|2026-01-26|2026-01-27|2026-01-28|2026-01-29|2026-01-30|2026-02-02|2026-02-03|2026-02-04|2026-02-05|2026-02-06|2026-02-09|2026-02-10|2026-02-11|2026-02-12,2026-02-13 18:57:38,25.6
Assurant,72|92|100|90|72|87|87|86|84|89|86|92|74|80|80|80|80|93|95|96|91|93|91|87|90|82|70|85|84|87,2025-12-31|2026-01-02|2026-01-05|2026-01-06|2026-01-07|2026-01-08|2026-01-09|2026-01-12|2026-01-13|2026-01-14|2026-01-15|2026-01-16|2026-01-20|2026-01-21|2026-01-22|2026-01-23|2026-01-26|2026-01-27|2026-01-28|2026-01-29|2026-01-30|2026-02-02|2026-02-03|2026-02-04|2026-02-05|2026-02-06|2026-02-09|2026-02-10|2026-02-11|2026-02-12,2026-02-13 18:57:42,85.8
Chewy,92|99|86|90|86|83|89|88|91|84|91|93|88|95|90|87|93|91|87|92|90|89|89|84|85|87|76|84|86|88,2025-12-31|2026-01-02|2026-01-05|2026-01-06|2026-01-07|2026-01-08|2026-01-09|2026-01-12|2026-01-13|2026-01-14|2026-01-15|2026-01-16|2026-01-20|2026-01-21|2026-01-22|2026-01-23|2026-01-26|2026-01-27|2026-01-28|2026-01-29|2026-01-30|2026-02-02|2026-02-03|2026-02-04|2026-02-05|2026-02-06|2026-02-09|2026-02-10|2026-02-11|2026-02-12,2026-02-13 18:57:45,88.4
Wayfair,80|87|77|73|70|68|69|76|66|63|65|69|69|63|64|60|82|64|66|74|65|76|70|82|83|83|65|74|73|73,2025-12-31|2026-01-02|2026-01-05|2026-01-06|2026-01-07|2026-01-08|2026-01-09|2026-01-12|2026-01-13|2026-01-14|2026-01-15|2026-01-16|2026-01-20|2026-01-21|2026-01-22|2026-01-23|2026-01-26|2026-01-27|2026-01-28|2026-01-29|2026-01-30|2026-02-02|2026-02-03|2026-02-04|2026-02-05|2026-02-06|2026-02-09|2026-02-10|2026-02-11|2026-02-12,2026-02-13 18:57:47,71.6
Avis Budget,79|74|63|83|72|60|72|67|81|80|72|77|66|73|100|75|84|87|85|99|61|67|63|69|71|62|60|75|72|76,2025-12-31|2026-01-02|2026-01-05|2026-01-06|2026-01-07|2026-01-08|2026-01-09|2026-01-12|2026-01-13|2026-01-14|2026-01-15|2026-01-16|2026-01-20|2026-01-21|2026-01-22|2026-01-23|2026-01-26|2026-01-27|2026-01-28|2026-01-29|2026-01-30|2026-02-02|2026-02-03|2026-02-04|2026-02-05|2026-02-06|2026-02-09|2026-02-10|2026-02-11|2026-02-12,2026-02-13 18:57:51,74.2
Intercontinental Exchange,0|0|37|44|59|45|0|0|64|0|59|0|67|63|66|46|0|52|63|100|29|36|36|35|49|30|27|40|32|34,2025-12-31|2026-01-02|2026-01-05|2026-01-06|2026-01-07|2026-01-08|2026-01-09|2026-01-12|2026-01-13|2026-01-14|2026-01-15|2026-01-16|2026-01-20|2026-01-21|2026-01-22|2026-01-23|2026-01-26|2026-01-27|2026-01-28|2026-01-29|2026-01-30|2026-02-02|2026-02-03|2026-02-04|2026-02-05|2026-02-06|2026-02-09|2026-02-10|2026-02-11|2026-02-12,2026-02-13 18:57:55,37.1
Alaska Airlines,79|80|86|90|100|83|73|76|79|73|79|75|72|77|77|74|78|74|76|73|69|74|72|70|72|70|60|72|72|78,2025-12-31|2026-01-02|2026-01-05|2026-01-06|2026-01-07|2026-01-08|2026-01-09|2026-01-12|2026-01-13|2026-01-14|2026-01-15|2026-01-16|2026-01-20|2026-01-21|2026-01-22|2026-01-23|2026-01-26|2026-01-27|2026-01-28|2026-01-29|2026-01-30|2026-02-02|2026-02-03|2026-02-04|2026-02-05|2026-02-06|2026-02-09|2026-02-10|2026-02-11|2026-02-12,2026-02-13 18:57:57,76.1
GXO Logistics,0|37|0|68|54|40|0|0|43|44|33|33|0|48|0|41|0|44|0|0|28|33|31|27|33|23|100|29|32|32,2025-12-31|2026-01-02|2026-01-05|2026-01-06|2026-01-07|2026-01-08|2026-01-09|2026-01-12|2026-01-13|2026-01-14|2026-01-15|2026-01-16|2026-01-20|2026-01-21|2026-01-22|2026-01-23|2026-01-26|2026-01-27|2026-01-28|2026-01-29|2026-01-30|2026-02-02|2026-02-03|2026-02-04|2026-02-05|2026-02-06|2026-02-09|2026-02-10|2026-02-11|2026-02-12,2026-02-13 18:58:00,28.4
AGCO,11|8|11|12|9|14|12|9|17|16|20|25|47|76|34|57|73|33|50|100|49|42|16|53|63|36|18|23|14|14,2025-12-31|2026-01-02|2026-01-05|2026-01-06|2026-01-07|2026-01-08|2026-01-09|2026-01-12|2026-01-13|2026-01-14|2026-01-15|2026-01-16|2026-01-20|2026-01-21|2026-01-22|2026-01-23|2026-01-26|2026-01-27|2026-01-28|2026-01-29|2026-01-30|2026-02-02|2026-02-03|2026-02-04|2026-02-05|2026-02-06|2026-02-09|2026-02-10|2026-02-11|2026-02-12,2026-02-13 18:58:04,32.1
Molson Coors Beverage,0|0|0|0|0|0|0|0|0|0|0|0|0|0|0|0|0|0|0|0|69|65|100|69|63|99|76|47|52|84,2025-12-31|2026-01-02|2026-01-05|2026-01-06|2026-01-07|2026-01-08|2026-01-09|2026-01-12|2026-01-13|2026-01-14|2026-01-15|2026-01-16|2026-01-20|2026-01-21|2026-01-22|2026-01-23|2026-01-26|2026-01-27|2026-01-28|2026-01-29|2026-01-30|2026-02-02|2026-02-03|2026-02-04|2026-02-05|2026-02-06|2026-02-09|2026-02-10|2026-02-11|2026-02-12,2026-02-13 18:58:09,24.1
Huntington Ingalls Industries,0|0|0|0|0|0|0|0|0|0|0|0|0|0|66|0|0|100|0|0|22|22|20|21|44|29|22|24|86|80,2025-12-31|2026-01-02|2026-01-05|2026-01-06|2026-01-07|2026-01-08|2026-01-09|2026-01-12|2026-01-13|2026-01-14|2026-01-15|2026-01-16|2026-01-20|2026-01-21|2026-01-22|2026-01-23|2026-01-26|2026-01-27|2026-01-28|2026-01-29|2026-01-30|2026-02-02|2026-02-03|2026-02-04|2026-02-05|2026-02-06|2026-02-09|2026-02-10|2026-02-11|2026-02-12,2026-02-13 18:58:12,17.9
International Flavors & Fragrances,0|0|0|0|0|0|0|0|0|0|0|0|0|0|0|0|0|0|0|0|0|0|59|0|0|0|62|63|100|58,2025-12-31|2026-01-02|2026-01-05|2026-01-06|2026-01-07|2026-01-08|2026-01-09|2026-01-12|2026-01-13|2026-01-14|2026-01-15|2026-01-16|2026-01-20|2026-01-21|2026-01-22|2026-01-23|2026-01-26|2026-01-27|2026-01-28|2026-01-29|2026-01-30|2026-02-02|2026-02-03|2026-02-04|2026-02-05|2026-02-06|2026-02-09|2026-02-10|2026-02-11|2026-02-12,2026-02-13 18:58:14,11.4
Darden Restaurants,5|6|9|9|7|12|9|9|10|9|10|8|11|7|0|9|9|9|8|4|8|7|15|100|31|19|9|10|9|10,2025-12-31|2026-01-02|2026-01-05|2026-01-06|2026-01-07|2026-01-08|2026-01-09|2026-01-12|2026-01-13|2026-01-14|2026-01-15|2026-01-16|2026-01-20|2026-01-21|2026-01-22|2026-01-23|2026-01-26|2026-01-27|2026-01-28|2026-01-29|2026-01-30|2026-02-02|2026-02-03|2026-02-04|2026-02-05|2026-02-06|2026-02-09|2026-02-10|2026-02-11|2026-02-12,2026-02-13 18:58:18,12.6
CIncinnati Financial,0|65|48|60|54|65|65|65|74|72|0|70|65|79|84|56|85|100|59|52|37|43|38|49|44|38|46|46|42|40,2025-12-31|2026-01-02|2026-01-05|2026-01-06|2026-01-07|2026-01-08|2026-01-09|2026-01-12|2026-01-13|2026-01-14|2026-01-15|2026-01-16|2026-01-20|2026-01-21|2026-01-22|2026-01-23|2026-01-26|2026-01-27|2026-01-28|2026-01-29|2026-01-30|2026-02-02|2026-02-03|2026-02-04|2026-02-05|2026-02-06|2026-02-09|2026-02-10|2026-02-11|2026-02-12,2026-02-13 18:58:22,54.7
Chipotle Mexican Grill,82|56|85|84|100|70|84|60|66|88|89|88|46|76|56|71|69|65|96|81|58|69|75|76|62|67|66|73|81|75,2025-12-31|2026-01-02|2026-01-05|2026-01-06|2026-01-07|2026-01-08|2026-01-09|2026-01-12|2026-01-13|2026-01-14|2026-01-15|2026-01-16|2026-01-20|2026-01-21|2026-01-22|2026-01-23|2026-01-26|2026-01-27|2026-01-28|2026-01-29|2026-01-30|2026-02-02|2026-02-03|2026-02-04|2026-02-05|2026-02-06|2026-02-09|2026-02-10|2026-02-11|2026-02-12,2026-02-13 18:58:25,73.8
Yum China,0|0|0|0|0|0|0|0|0|0|0|0|0|0|0|0|0|0|0|0|46|40|61|100|91|77|56|72|49|58,2025-12-31|2026-01-02|2026-01-05|2026-01-06|2026-01-07|2026-01-08|2026-01-09|2026-01-12|2026-01-13|2026-01-14|2026-01-15|2026-01-16|2026-01-20|2026-01-21|2026-01-22|2026-01-23|2026-01-26|2026-01-27|2026-01-28|2026-01-29|2026-01-30|2026-02-02|2026-02-03|2026-02-04|2026-02-05|2026-02-06|2026-02-09|2026-02-10|2026-02-11|2026-02-12,2026-02-13 18:58:29,21.7
Las Vegas Sands,0|0|53|60|0|57|53|0|0|0|0|0|0|0|64|75|52|55|53|100|38|40|31|34|38|30|29|40|35|33,2025-12-31|2026-01-02|2026-01-05|2026-01-06|2026-01-07|2026-01-08|2026-01-09|2026-01-12|2026-01-13|2026-01-14|2026-01-15|2026-01-16|2026-01-20|2026-01-21|2026-01-22|2026-01-23|2026-01-26|2026-01-27|2026-01-28|2026-01-29|2026-01-30|2026-02-02|2026-02-03|2026-02-04|2026-02-05|2026-02-06|2026-02-09|2026-02-10|2026-02-11|2026-02-12,2026-02-13 18:58:33,32.3
Ulta Beauty,10|9|8|7|7|7|8|9|9|9|9|9|14|100|16|8|5|5|5|5|5|5|5|5|5|5|4|5|5|6,2025-12-31|2026-01-02|2026-01-05|2026-01-06|2026-01-07|2026-01-08|2026-01-09|2026-01-12|2026-01-13|2026-01-14|2026-01-15|2026-01-16|2026-01-20|2026-01-21|2026-01-22|2026-01-23|2026-01-26|2026-01-27|2026-01-28|2026-01-29|2026-01-30|2026-02-02|2026-02-03|2026-02-04|2026-02-05|2026-02-06|2026-02-09|2026-02-10|2026-02-11|2026-02-12,2026-02-13 18:58:37,10.3
Caesars Entertainment,96|99|0|63|95|46|0|58|77|0|80|0|97|100|70|77|0|65|0|54|44|48|46|52|49|41|45|60|50|39,2025-12-31|2026-01-02|2026-01-05|2026-01-06|2026-01-07|2026-01-08|2026-01-09|2026-01-12|2026-01-13|2026-01-14|2026-01-15|2026-01-16|2026-01-20|2026-01-21|2026-01-22|2026-01-23|2026-01-26|2026-01-27|2026-01-28|2026-01-29|2026-01-30|2026-02-02|2026-02-03|2026-02-04|2026-02-05|2026-02-06|2026-02-09|2026-02-10|2026-02-11|2026-02-12,2026-02-13 18:58:41,51.7
The Andersons Inc,0|0|0|0|0|0|0|0|0|0|0|0|0|0|0|0|0|0|0|0|0|0|75|0|63|0|62|0|0|100,2025-12-31|2026-01-02|2026-01-05|2026-01-06|2026-01-07|2026-01-08|2026-01-09|2026-01-12|2026-01-13|2026-01-14|2026-01-15|2026-01-16|2026-01-20|2026-01-21|2026-01-22|2026-01-23|2026-01-26|2026-01-27|2026-01-28|2026-01-29|2026-01-30|2026-02-02|2026-02-03|2026-02-04|2026-02-05|2026-02-06|2026-02-09|2026-02-10|2026-02-11|2026-02-12,2026-02-13 18:58:44,10.0
Hershey,86|84|75|76|79|76|80|80|80|81|80|82|74|76|70|67|69|69|77|70|74|73|79|78|81|83|71|80|88|89,2025-12-31|2026-01-02|2026-01-05|2026-01-06|2026-01-07|2026-01-08|2026-01-09|2026-01-12|2026-01-13|2026-01-14|2026-01-15|2026-01-16|2026-01-20|2026-01-21|2026-01-22|2026-01-23|2026-01-26|2026-01-27|2026-01-28|2026-01-29|2026-01-30|2026-02-02|2026-02-03|2026-02-04|2026-02-05|2026-02-06|2026-02-09|2026-02-10|2026-02-11|2026-02-12,2026-02-13 18:58:48,77.6
Hilton Worldwide,0|0|53|0|0|0|0|0|62|0|98|63|100|89|77|61|78|50|52|52|27|25|21|34|51|45|29|33|31|15,2025-12-31|2026-01-02|2026-01-05|2026-01-06|2026-01-07|2026-01-08|2026-01-09|2026-01-12|2026-01-13|2026-01-14|2026-01-15|2026-01-16|2026-01-20|2026-01-21|2026-01-22|2026-01-23|2026-01-26|2026-01-27|2026-01-28|2026-01-29|2026-01-30|2026-02-02|2026-02-03|2026-02-04|2026-02-05|2026-02-06|2026-02-09|2026-02-10|2026-02-11|2026-02-12,2026-02-13 18:58:51,38.2
Hilton Grand Vacations,60|64|50|49|50|42|39|49|49|45|46|39|39|48|42|43|44|46|47|45|56|48|38|40|35|35|32|36|38|36,2025-12-31|2026-01-02|2026-01-05|2026-01-06|2026-01-07|2026-01-08|2026-01-09|2026-01-12|2026-01-13|2026-01-14|2026-01-15|2026-01-16|2026-01-20|2026-01-21|2026-01-22|2026-01-23|2026-01-26|2026-01-27|2026-01-28|2026-01-29|2026-01-30|2026-02-02|2026-02-03|2026-02-04|2026-02-05|2026-02-06|2026-02-09|2026-02-10|2026-02-11|2026-02-12,2026-02-13 18:58:55,44.3
The Mosaic Company,,2025-12-31|2026-01-02|2026-01-05|2026-01-06|2026-01-07|2026-01-08|2026-01-09|2026-01-12|2026-01-13|2026-01-14|2026-01-15|2026-01-16|2026-01-20|2026-01-21|2026-01-22|2026-01-23|2026-01-26|2026-01-27|2026-01-28|2026-01-29|2026-01-30|2026-02-02|2026-02-03|2026-02-04|2026-02-05|2026-02-06|2026-02-09|2026-02-10|2026-02-11|2026-02-12,2026-02-13 18:59:30,0.0
Airbnb,,2025-12-31|2026-01-02|2026-01-05|2026-01-06|2026-01-07|2026-01-08|2026-01-09|2026-01-12|2026-01-13|2026-01-14|2026-01-15|2026-01-16|2026-01-20|2026-01-21|2026-01-22|2026-01-23|2026-01-26|2026-01-27|2026-01-28|2026-01-29|2026-01-30|2026-02-02|2026-02-03|2026-02-04|2026-02-05|2026-02-06|2026-02-09|2026-02-10|2026-02-11|2026-02-12,2026-02-13 19:00:12,0.0
Diamondback Energy,,2025-12-31|2026-01-02|2026-01-05|2026-01-06|2026-01-07|2026-01-08|2026-01-09|2026-01-12|2026-01-13|2026-01-14|2026-01-15|2026-01-16|2026-01-20|2026-01-21|2026-01-22|2026-01-23|2026-01-26|2026-01-27|2026-01-28|2026-01-29|2026-01-30|2026-02-02|2026-02-03|2026-02-04|2026-02-05|2026-02-06|2026-02-09|2026-02-10|2026-02-11|2026-02-12,2026-02-13 19:00:22,0.0
American Tower,,2025-12-31|2026-01-02|2026-01-05|2026-01-06|2026-01-07|2026-01-08|2026-01-09|2026-01-12|2026-01-13|2026-01-14|2026-01-15|2026-01-16|2026-01-20|2026-01-21|2026-01-22|2026-01-23|2026-01-26|2026-01-27|2026-01-28|2026-01-29|2026-01-30|2026-02-02|2026-02-03|2026-02-04|2026-02-05|2026-02-06|2026-02-09|2026-02-10|2026-02-11|2026-02-12,2026-02-13 19:00:22,0.0
Vertex Pharmaceuticals,,2025-12-31|2026-01-02|2026-01-05|2026-01-06|2026-01-07|2026-01-08|2026-01-09|2026-01-12|2026-01-13|2026-01-14|2026-01-15|2026-01-16|2026-01-20|2026-01-21|2026-01-22|2026-01-23|2026-01-26|2026-01-27|2026-01-28|2026-01-29|2026-01-30|2026-02-02|2026-02-03|2026-02-04|2026-02-05|2026-02-06|2026-02-09|2026-02-10|2026-02-11|2026-02-12,2026-02-13 19:00:22,0.0
ServiceNow,,2025-12-31|2026-01-02|2026-01-05|2026-01-06|2026-01-07|2026-01-08|2026-01-09|2026-01-12|2026-01-13|2026-01-14|2026-01-15|2026-01-16|2026-01-20|2026-01-21|2026-01-22|2026-01-23|2026-01-26|2026-01-27|2026-01-28|2026-01-29|2026-01-30|2026-02-02|2026-02-03|2026-02-04|2026-02-05|2026-02-06|2026-02-09|2026-02-10|2026-02-11|2026-02-12,2026-02-13 19:00:22,0.0
Owens Corning,,2025-12-31|2026-01-02|2026-01-05|2026-01-06|2026-01-07|2026-01-08|2026-01-09|2026-01-12|2026-01-13|2026-01-14|2026-01-15|2026-01-16|2026-01-20|2026-01-21|2026-01-22|2026-01-23|2026-01-26|2026-01-27|2026-01-28|2026-01-29|2026-01-30|2026-02-02|2026-02-03|2026-02-04|2026-02-05|2026-02-06|2026-02-09|2026-02-10|2026-02-11|2026-02-12,2026-02-13 19:00:22,0.0
Advance Auto Parts,,2025-12-31|2026-01-02|2026-01-05|2026-01-06|2026-01-07|2026-01-08|2026-01-09|2026-01-12|2026-01-13|2026-01-14|2026-01-15|2026-01-16|2026-01-20|2026-01-21|2026-01-22|2026-01-23|2026-01-26|2026-01-27|2026-01-28|2026-01-29|2026-01-30|2026-02-02|2026-02-03|2026-02-04|2026-02-05|2026-02-06|2026-02-09|2026-02-10|2026-02-11|2026-02-12,2026-02-13 19:00:22,0.0
Toll Brothers,,2025-12-31|2026-01-02|2026-01-05|2026-01-06|2026-01-07|2026-01-08|2026-01-09|2026-01-12|2026-01-13|2026-01-14|2026-01-15|2026-01-16|2026-01-20|2026-01-21|2026-01-22|2026-01-23|2026-01-26|2026-01-27|2026-01-28|2026-01-29|2026-01-30|2026-02-02|2026-02-03|2026-02-04|2026-02-05|2026-02-06|2026-02-09|2026-02-10|2026-02-11|2026-02-12,2026-02-13 19:00:22,0.0
Mohawk Industries,,2025-12-31|2026-01-02|2026-01-05|2026-01-06|2026-01-07|2026-01-08|2026-01-09|2026-01-12|2026-01-13|2026-01-14|2026-01-15|2026-01-16|2026-01-20|2026-01-21|2026-01-22|2026-01-23|2026-01-26|2026-01-27|2026-01-28|2026-01-29|2026-01-30|2026-02-02|2026-02-03|2026-02-04|2026-02-05|2026-02-06|2026-02-09|2026-02-10|2026-02-11|2026-02-12,2026-02-13 19:00:22,0.0
Motorola Solutions,,2025-12-31|2026-01-02|2026-01-05|2026-01-06|2026-01-07|2026-01-08|2026-01-09|2026-01-12|2026-01-13|2026-01-14|2026-01-15|2026-01-16|2026-01-20|2026-01-21|2026-01-22|2026-01-23|2026-01-26|2026-01-27|2026-01-28|2026-01-29|2026-01-30|2026-02-02|2026-02-03|2026-02-04|2026-02-05|2026-02-06|2026-02-09|2026-02-10|2026-02-11|2026-02-12,2026-02-13 19:00:22,0.0
Oshkosh Corporation,,2025-12-31|2026-01-02|2026-01-05|2026-01-06|2026-01-07|2026-01-08|2026-01-09|2026-01-12|2026-01-13|2026-01-14|2026-01-15|2026-01-16|2026-01-20|2026-01-21|2026-01-22|2026-01-23|2026-01-26|2026-01-27|2026-01-28|2026-01-29|2026-01-30|2026-02-02|2026-02-03|2026-02-04|2026-02-05|2026-02-06|2026-02-09|2026-02-10|2026-02-11|2026-02-12,2026-02-13 19:00:22,0.0
DoorDash,,2025-12-31|2026-01-02|2026-01-05|2026-01-06|2026-01-07|2026-01-08|2026-01-09|2026-01-12|2026-01-13|2026-01-14|2026-01-15|2026-01-16|2026-01-20|2026-01-21|2026-01-22|2026-01-23|2026-01-26|2026-01-27|2026-01-28|2026-01-29|2026-01-30|2026-02-02|2026-02-03|2026-02-04|2026-02-05|2026-02-06|2026-02-09|2026-02-10|2026-02-11|2026-02-12,2026-02-13 19:00:22,0.0
Owens & Minor,,2025-12-31|2026-01-02|2026-01-05|2026-01-06|2026-01-07|2026-01-08|2026-01-09|2026-01-12|2026-01-13|2026-01-14|2026-01-15|2026-01-16|2026-01-20|2026-01-21|2026-01-22|2026-01-23|2026-01-26|2026-01-27|2026-01-28|2026-01-29|2026-01-30|2026-02-02|2026-02-03|2026-02-04|2026-02-05|2026-02-06|2026-02-09|2026-02-10|2026-02-11|2026-02-12,2026-02-13 19:00:22,0.0
NVR Inc,,2025-12-31|2026-01-02|2026-01-05|2026-01-06|2026-01-07|2026-01-08|2026-01-09|2026-01-12|2026-01-13|2026-01-14|2026-01-15|2026-01-16|2026-01-20|2026-01-21|2026-01-22|2026-01-23|2026-01-26|2026-01-27|2026-01-28|2026-01-29|2026-01-30|2026-02-02|2026-02-03|2026-02-04|2026-02-05|2026-02-06|2026-02-09|2026-02-10|2026-02-11|2026-02-12,2026-02-13 19:00:22,0.0
Booz Allen Hamilton,,2025-12-31|2026-01-02|2026-01-05|2026-01-06|2026-01-07|2026-01-08|2026-01-09|2026-01-12|2026-01-13|2026-01-14|2026-01-15|2026-01-16|2026-01-20|2026-01-21|2026-01-22|2026-01-23|2026-01-26|2026-01-27|2026-01-28|2026-01-29|2026-01-30|2026-02-02|2026-02-03|2026-02-04|2026-02-05|2026-02-06|2026-02-09|2026-02-10|2026-02-11|2026-02-12,2026-02-13 19:00:22,0.0
Burlington Stores,,2025-12-31|2026-01-02|2026-01-05|2026-01-06|2026-01-07|2026-01-08|2026-01-09|2026-01-12|2026-01-13|2026-01-14|2026-01-15|2026-01-16|2026-01-20|2026-01-21|2026-01-22|2026-01-23|2026-01-26|2026-01-27|2026-01-28|2026-01-29|2026-01-30|2026-02-02|2026-02-03|2026-02-04|2026-02-05|2026-02-06|2026-02-09|2026-02-10|2026-02-11|2026-02-12,2026-02-13 19:00:22,0.0
Expeditors International of Washington,,2025-12-31|2026-01-02|2026-01-05|2026-01-06|2026-01-07|2026-01-08|2026-01-09|2026-01-12|2026-01-13|2026-01-14|2026-01-15|2026-01-16|2026-01-20|2026-01-21|2026-01-22|2026-01-23|2026-01-26|2026-01-27|2026-01-28|2026-01-29|2026-01-30|2026-02-02|2026-02-03|2026-02-04|2026-02-05|2026-02-06|2026-02-09|2026-02-10|2026-02-11|2026-02-12,2026-02-13 19:00:22,0.0
Lululemon athletica,,2025-12-31|2026-01-02|2026-01-05|2026-01-06|2026-01-07|2026-01-08|2026-01-09|2026-01-12|2026-01-13|2026-01-14|2026-01-15|2026-01-16|2026-01-20|2026-01-21|2026-01-22|2026-01-23|2026-01-26|2026-01-27|2026-01-28|2026-01-29|2026-01-30|2026-02-02|2026-02-03|2026-02-04|2026-02-05|2026-02-06|2026-02-09|2026-02-10|2026-02-11|2026-02-12,2026-02-13 19:00:22,0.0
Fidelity National Information Services,,2025-12-31|2026-01-02|2026-01-05|2026-01-06|2026-01-07|2026-01-08|2026-01-09|2026-01-12|2026-01-13|2026-01-14|2026-01-15|2026-01-16|2026-01-20|2026-01-21|2026-01-22|2026-01-23|2026-01-26|2026-01-27|2026-01-28|2026-01-29|2026-01-30|2026-02-02|2026-02-03|2026-02-04|2026-02-05|2026-02-06|2026-02-09|2026-02-10|2026-02-11|2026-02-12,2026-02-13 19:00:22,0.0
Jefferies Financial,,2025-12-31|2026-01-02|2026-01-05|2026-01-06|2026-01-07|2026-01-08|2026-01-09|2026-01-12|2026-01-13|2026-01-14|2026-01-15|2026-01-16|2026-01-20|2026-01-21|2026-01-22|2026-01-23|2026-01-26|2026-01-27|2026-01-28|2026-01-29|2026-01-30|2026-02-02|2026-02-03|2026-02-04|2026-02-05|2026-02-06|2026-02-09|2026-02-10|2026-02-11|2026-02-12,2026-02-13 19:00:22,0.0
Williams Companies,,2025-12-31|2026-01-02|2026-01-05|2026-01-06|2026-01-07|2026-01-08|2026-01-09|2026-01-12|2026-01-13|2026-01-14|2026-01-15|2026-01-16|2026-01-20|2026-01-21|2026-01-22|2026-01-23|2026-01-26|2026-01-27|2026-01-28|2026-01-29|2026-01-30|2026-02-02|2026-02-03|2026-02-04|2026-02-05|2026-02-06|2026-02-09|2026-02-10|2026-02-11|2026-02-12,2026-02-13 19:00:22,0.0
VF Corporation,,2025-12-31|2026-01-02|2026-01-05|2026-01-06|2026-01-07|2026-01-08|2026-01-09|2026-01-12|2026-01-13|2026-01-14|2026-01-15|2026-01-16|2026-01-20|2026-01-21|2026-01-22|2026-01-23|2026-01-26|2026-01-27|2026-01-28|2026-01-29|2026-01-30|2026-02-02|2026-02-03|2026-02-04|2026-02-05|2026-02-06|2026-02-09|2026-02-10|2026-02-11|2026-02-12,2026-02-13 19:00:22,0.0
Autoliv,,2025-12-31|2026-01-02|2026-01-05|2026-01-06|2026-01-07|2026-01-08|2026-01-09|2026-01-12|2026-01-13|2026-01-14|2026-01-15|2026-01-16|2026-01-20|2026-01-21|2026-01-22|2026-01-23|2026-01-26|2026-01-27|2026-01-28|2026-01-29|2026-01-30|2026-02-02|2026-02-03|2026-02-04|2026-02-05|2026-02-06|2026-02-09|2026-02-10|2026-02-11|2026-02-12,2026-02-13 19:00:22,0.0
Westinghouse Air Brake Technologies,,2025-12-31|2026-01-02|2026-01-05|2026-01-06|2026-01-07|2026-01-08|2026-01-09|2026-01-12|2026-01-13|2026-01-14|2026-01-15|2026-01-16|2026-01-20|2026-01-21|2026-01-22|2026-01-23|2026-01-26|2026-01-27|2026-01-28|2026-01-29|2026-01-30|2026-02-02|2026-02-03|2026-02-04|2026-02-05|2026-02-06|2026-02-09|2026-02-10|2026-02-11|2026-02-12,2026-02-13 19:00:22,0.0
Public Service Enterprise Group,,2025-12-31|2026-01-02|2026-01-05|2026-01-06|2026-01-07|2026-01-08|2026-01-09|2026-01-12|2026-01-13|2026-01-14|2026-01-15|2026-01-16|2026-01-20|2026-01-21|2026-01-22|2026-01-23|2026-01-26|2026-01-27|2026-01-28|2026-01-29|2026-01-30|2026-02-02|2026-02-03|2026-02-04|2026-02-05|2026-02-06|2026-02-09|2026-02-10|2026-02-11|2026-02-12,2026-02-13 19:00:22,0.0
Ebay,,2025-12-31|2026-01-02|2026-01-05|2026-01-06|2026-01-07|2026-01-08|2026-01-09|2026-01-12|2026-01-13|2026-01-14|2026-01-15|2026-01-16|2026-01-20|2026-01-21|2026-01-22|2026-01-23|2026-01-26|2026-01-27|2026-01-28|2026-01-29|2026-01-30|2026-02-02|2026-02-03|2026-02-04|2026-02-05|2026-02-06|2026-02-09|2026-02-10|2026-02-11|2026-02-12,2026-02-13 19:00:22,0.0
Celanese,,2025-12-31|2026-01-02|2026-01-05|2026-01-06|2026-01-07|2026-01-08|2026-01-09|2026-01-12|2026-01-13|2026-01-14|2026-01-15|2026-01-16|2026-01-20|2026-01-21|2026-01-22|2026-01-23|2026-01-26|2026-01-27|2026-01-28|2026-01-29|2026-01-30|2026-02-02|2026-02-03|2026-02-04|2026-02-05|2026-02-06|2026-02-09|2026-02-10|2026-02-11|2026-02-12,2026-02-13 19:00:22,0.0
Global Payments,,2025-12-31|2026-01-02|2026-01-05|2026-01-06|2026-01-07|2026-01-08|2026-01-09|2026-01-12|2026-01-13|2026-01-14|2026-01-15|2026-01-16|2026-01-20|2026-01-21|2026-01-22|2026-01-23|2026-01-26|2026-01-27|2026-01-28|2026-01-29|2026-01-30|2026-02-02|2026-02-03|2026-02-04|2026-02-05|2026-02-06|2026-02-09|2026-02-10|2026-02-11|2026-02-12,2026-02-13 19:00:22,0.0
News Corp,,2025-12-31|2026-01-02|2026-01-05|2026-01-06|2026-01-07|2026-01-08|2026-01-09|2026-01-12|2026-01-13|2026-01-14|2026-01-15|2026-01-16|2026-01-20|2026-01-21|2026-01-22|2026-01-23|2026-01-26|2026-01-27|2026-01-28|2026-01-29|2026-01-30|2026-02-02|2026-02-03|2026-02-04|2026-02-05|2026-02-06|2026-02-09|2026-02-10|2026-02-11|2026-02-12,2026-02-13 19:00:22,0.0
THOR Industries,,2025-12-31|2026-01-02|2026-01-05|2026-01-06|2026-01-07|2026-01-08|2026-01-09|2026-01-12|2026-01-13|2026-01-14|2026-01-15|2026-01-16|2026-01-20|2026-01-21|2026-01-22|2026-01-23|2026-01-26|2026-01-27|2026-01-28|2026-01-29|2026-01-30|2026-02-02|2026-02-03|2026-02-04|2026-02-05|2026-02-06|2026-02-09|2026-02-10|2026-02-11|2026-02-12,2026-02-13 19:00:22,0.0
Icahn Enterprises,,2025-12-31|2026-01-02|2026-01-05|2026-01-06|2026-01-07|2026-01-08|2026-01-09|2026-01-12|2026-01-13|2026-01-14|2026-01-15|2026-01-16|2026-01-20|2026-01-21|2026-01-22|2026-01-23|2026-01-26|2026-01-27|2026-01-28|2026-01-29|2026-01-30|2026-02-02|2026-02-03|2026-02-04|2026-02-05|2026-02-06|2026-02-09|2026-02-10|2026-02-11|2026-02-12,2026-02-13 19:00:22,0.0
Constellation Brands,,2025-12-31|2026-01-02|2026-01-05|2026-01-06|2026-01-07|2026-01-08|2026-01-09|2026-01-12|2026-01-13|2026-01-14|2026-01-15|2026-01-16|2026-01-20|2026-01-21|2026-01-22|2026-01-23|2026-01-26|2026-01-27|2026-01-28|2026-01-29|2026-01-30|2026-02-02|2026-02-03|2026-02-04|2026-02-05|2026-02-06|2026-02-09|2026-02-10|2026-02-11|2026-02-12,2026-02-13 19:00:22,0.0
Quest Diagnostics,,2025-12-31|2026-01-02|2026-01-05|2026-01-06|2026-01-07|2026-01-08|2026-01-09|2026-01-12|2026-01-13|2026-01-14|2026-01-15|2026-01-16|2026-01-20|2026-01-21|2026-01-22|2026-01-23|2026-01-26|2026-01-27|2026-01-28|2026-01-29|2026-01-30|2026-02-02|2026-02-03|2026-02-04|2026-02-05|2026-02-06|2026-02-09|2026-02-10|2026-02-11|2026-02-12,2026-02-13 19:00:22,0.0
KLA,,2025-12-31|2026-01-02|2026-01-05|2026-01-06|2026-01-07|2026-01-08|2026-01-09|2026-01-12|2026-01-13|2026-01-14|2026-01-15|2026-01-16|2026-01-20|2026-01-21|2026-01-22|2026-01-23|2026-01-26|2026-01-27|2026-01-28|2026-01-29|2026-01-30|2026-02-02|2026-02-03|2026-02-04|2026-02-05|2026-02-06|2026-02-09|2026-02-10|2026-02-11|2026-02-12,2026-02-13 19:00:22,0.0
QXO Building Products,,2025-12-31|2026-01-02|2026-01-05|2026-01-06|2026-01-07|2026-01-08|2026-01-09|2026-01-12|2026-01-13|2026-01-14|2026-01-15|2026-01-16|2026-01-20|2026-01-21|2026-01-22|2026-01-23|2026-01-26|2026-01-27|2026-01-28|2026-01-29|2026-01-30|2026-02-02|2026-02-03|2026-02-04|2026-02-05|2026-02-06|2026-02-09|2026-02-10|2026-02-11|2026-02-12,2026-02-13 19:00:22,0.0
APA,,2025-12-31|2026-01-02|2026-01-05|2026-01-06|2026-01-07|2026-01-08|2026-01-09|2026-01-12|2026-01-13|2026-01-14|2026-01-15|2026-01-16|2026-01-20|2026-01-21|2026-01-22|2026-01-23|2026-01-26|2026-01-27|2026-01-28|2026-01-29|2026-01-30|2026-02-02|2026-02-03|2026-02-04|2026-02-05|2026-02-06|2026-02-09|2026-02-10|2026-02-11|2026-02-12,2026-02-13 19:00:22,0.0
Biogen,,2025-12-31|2026-01-02|2026-01-05|2026-01-06|2026-01-07|2026-01-08|2026-01-09|2026-01-12|2026-01-13|2026-01-14|2026-01-15|2026-01-16|2026-01-20|2026-01-21|2026-01-22|2026-01-23|2026-01-26|2026-01-27|2026-01-28|2026-01-29|2026-01-30|2026-02-02|2026-02-03|2026-02-04|2026-02-05|2026-02-06|2026-02-09|2026-02-10|2026-02-11|2026-02-12,2026-02-13 19:00:22,0.0
The Campbells Company,,2025-12-31|2026-01-02|2026-01-05|2026-01-06|2026-01-07|2026-01-08|2026-01-09|2026-01-12|2026-01-13|2026-01-14|2026-01-15|2026-01-16|2026-01-20|2026-01-21|2026-01-22|2026-01-23|2026-01-26|2026-01-27|2026-01-28|2026-01-29|2026-01-30|2026-02-02|2026-02-03|2026-02-04|2026-02-05|2026-02-06|2026-02-09|2026-02-10|2026-02-11|2026-02-12,2026-02-13 19:00:22,0.0
Concentrix,,2025-12-31|2026-01-02|2026-01-05|2026-01-06|2026-01-07|2026-01-08|2026-01-09|2026-01-12|2026-01-13|2026-01-14|2026-01-15|2026-01-16|2026-01-20|2026-01-21|2026-01-22|2026-01-23|2026-01-26|2026-01-27|2026-01-28|2026-01-29|2026-01-30|2026-02-02|2026-02-03|2026-02-04|2026-02-05|2026-02-06|2026-02-09|2026-02-10|2026-02-11|2026-02-12,2026-02-13 19:00:22,0.0
Cintas,,2025-12-31|2026-01-02|2026-01-05|2026-01-06|2026-01-07|2026-01-08|2026-01-09|2026-01-12|2026-01-13|2026-01-14|2026-01-15|2026-01-16|2026-01-20|2026-01-21|2026-01-22|2026-01-23|2026-01-26|2026-01-27|2026-01-28|2026-01-29|2026-01-30|2026-02-02|2026-02-03|2026-02-04|2026-02-05|2026-02-06|2026-02-09|2026-02-10|2026-02-11|2026-02-12,2026-02-13 19:00:22,0.0
Analog Devices,,2025-12-31|2026-01-02|2026-01-05|2026-01-06|2026-01-07|2026-01-08|2026-01-09|2026-01-12|2026-01-13|2026-01-14|2026-01-15|2026-01-16|2026-01-20|2026-01-21|2026-01-22|2026-01-23|2026-01-26|2026-01-27|2026-01-28|2026-01-29|2026-01-30|2026-02-02|2026-02-03|2026-02-04|2026-02-05|2026-02-06|2026-02-09|2026-02-10|2026-02-11|2026-02-12,2026-02-13 19:00:22,0.0
Eastman Chemical,,2025-12-31|2026-01-02|2026-01-05|2026-01-06|2026-01-07|2026-01-08|2026-01-09|2026-01-12|2026-01-13|2026-01-14|2026-01-15|2026-01-16|2026-01-20|2026-01-21|2026-01-22|2026-01-23|2026-01-26|2026-01-27|2026-01-28|2026-01-29|2026-01-30|2026-02-02|2026-02-03|2026-02-04|2026-02-05|2026-02-06|2026-02-09|2026-02-10|2026-02-11|2026-02-12,2026-02-13 19:00:22,0.0
Interactive Brokers,,2025-12-31|2026-01-02|2026-01-05|2026-01-06|2026-01-07|2026-01-08|2026-01-09|2026-01-12|2026-01-13|2026-01-14|2026-01-15|2026-01-16|2026-01-20|2026-01-21|2026-01-22|2026-01-23|2026-01-26|2026-01-27|2026-01-28|2026-01-29|2026-01-30|2026-02-02|2026-02-03|2026-02-04|2026-02-05|2026-02-06|2026-02-09|2026-02-10|2026-02-11|2026-02-12,2026-02-13 19:00:22,0.0
Regions Financial,,2025-12-31|2026-01-02|2026-01-05|2026-01-06|2026-01-07|2026-01-08|2026-01-09|2026-01-12|2026-01-13|2026-01-14|2026-01-15|2026-01-16|2026-01-20|2026-01-21|2026-01-22|2026-01-23|2026-01-26|2026-01-27|2026-01-28|2026-01-29|2026-01-30|2026-02-02|2026-02-03|2026-02-04|2026-02-05|2026-02-06|2026-02-09|2026-02-10|2026-02-11|2026-02-12,2026-02-13 19:00:22,0.0
JetBlue Airways,,2025-12-31|2026-01-02|2026-01-05|2026-01-06|2026-01-07|2026-01-08|2026-01-09|2026-01-12|2026-01-13|2026-01-14|2026-01-15|2026-01-16|2026-01-20|2026-01-21|2026-01-22|2026-01-23|2026-01-26|2026-01-27|2026-01-28|2026-01-29|2026-01-30|2026-02-02|2026-02-03|2026-02-04|2026-02-05|2026-02-06|2026-02-09|2026-02-10|2026-02-11|2026-02-12,2026-02-13 19:00:22,0.0
Zoetis,,2025-12-31|2026-01-02|2026-01-05|2026-01-06|2026-01-07|2026-01-08|2026-01-09|2026-01-12|2026-01-13|2026-01-14|2026-01-15|2026-01-16|2026-01-20|2026-01-21|2026-01-22|2026-01-23|2026-01-26|2026-01-27|2026-01-28|2026-01-29|2026-01-30|2026-02-02|2026-02-03|2026-02-04|2026-02-05|2026-02-06|2026-02-09|2026-02-10|2026-02-11|2026-02-12,2026-02-13 19:00:22,0.0
KeyCorp,,2025-12-31|2026-01-02|2026-01-05|2026-01-06|2026-01-07|2026-01-08|2026-01-09|2026-01-12|2026-01-13|2026-01-14|2026-01-15|2026-01-16|2026-01-20|2026-01-21|2026-01-22|2026-01-23|2026-01-26|2026-01-27|2026-01-28|2026-01-29|2026-01-30|2026-02-02|2026-02-03|2026-02-04|2026-02-05|2026-02-06|2026-02-09|2026-02-10|2026-02-11|2026-02-12,2026-02-13 19:00:22,0.0
Oscar Health,,2025-12-31|2026-01-02|2026-01-05|2026-01-06|2026-01-07|2026-01-08|2026-01-09|2026-01-12|2026-01-13|2026-01-14|2026-01-15|2026-01-16|2026-01-20|2026-01-21|2026-01-22|2026-01-23|2026-01-26|2026-01-27|2026-01-28|2026-01-29|2026-01-30|2026-02-02|2026-02-03|2026-02-04|2026-02-05|2026-02-06|2026-02-09|2026-02-10|2026-02-11|2026-02-12,2026-02-13 19:00:22,0.0
Ovintiv,,2025-12-31|2026-01-02|2026-01-05|2026-01-06|2026-01-07|2026-01-08|2026-01-09|2026-01-12|2026-01-13|2026-01-14|2026-01-15|2026-01-16|2026-01-20|2026-01-21|2026-01-22|2026-01-23|2026-01-26|2026-01-27|2026-01-28|2026-01-29|2026-01-30|2026-02-02|2026-02-03|2026-02-04|2026-02-05|2026-02-06|2026-02-09|2026-02-10|2026-02-11|2026-02-12,2026-02-13 19:00:22,0.0
Seaboard,,2025-12-31|2026-01-02|2026-01-05|2026-01-06|2026-01-07|2026-01-08|2026-01-09|2026-01-12|2026-01-13|2026-01-14|2026-01-15|2026-01-16|2026-01-20|2026-01-21|2026-01-22|2026-01-23|2026-01-26|2026-01-27|2026-01-28|2026-01-29|2026-01-30|2026-02-02|2026-02-03|2026-02-04|2026-02-05|2026-02-06|2026-02-09|2026-02-10|2026-02-11|2026-02-12,2026-02-13 19:00:22,0.0
Hertz,,2025-12-31|2026-01-02|2026-01-05|2026-01-06|2026-01-07|2026-01-08|2026-01-09|2026-01-12|2026-01-13|2026-01-14|2026-01-15|2026-01-16|2026-01-20|2026-01-21|2026-01-22|2026-01-23|2026-01-26|2026-01-27|2026-01-28|2026-01-29|2026-01-30|2026-02-02|2026-02-03|2026-02-04|2026-02-05|2026-02-06|2026-02-09|2026-02-10|2026-02-11|2026-02-12,2026-02-13 19:00:22,0.0
NOV,,2025-12-31|2026-01-02|2026-01-05|2026-01-06|2026-01-07|2026-01-08|2026-01-09|2026-01-12|2026-01-13|2026-01-14|2026-01-15|2026-01-16|2026-01-20|2026-01-21|2026-01-22|2026-01-23|2026-01-26|2026-01-27|2026-01-28|2026-01-29|2026-01-30|2026-02-02|2026-02-03|2026-02-04|2026-02-05|2026-02-06|2026-02-09|2026-02-10|2026-02-11|2026-02-12,2026-02-13 19:00:22,0.0
Graphic Packaging,,2025-12-31|2026-01-02|2026-01-05|2026-01-06|2026-01-07|2026-01-08|2026-01-09|2026-01-12|2026-01-13|2026-01-14|2026-01-15|2026-01-16|2026-01-20|2026-01-21|2026-01-22|2026-01-23|2026-01-26|2026-01-27|2026-01-28|2026-01-29|2026-01-30|2026-02-02|2026-02-03|2026-02-04|2026-02-05|2026-02-06|2026-02-09|2026-02-10|2026-02-11|2026-02-12,2026-02-13 19:00:22,0.0
Avery Dennison,,2025-12-31|2026-01-02|2026-01-05|2026-01-06|2026-01-07|2026-01-08|2026-01-09|2026-01-12|2026-01-13|2026-01-14|2026-01-15|2026-01-16|2026-01-20|2026-01-21|2026-01-22|2026-01-23|2026-01-26|2026-01-27|2026-01-28|2026-01-29|2026-01-30|2026-02-02|2026-02-03|2026-02-04|2026-02-05|2026-02-06|2026-02-09|2026-02-10|2026-02-11|2026-02-12,2026-02-13 19:00:22,0.0
Equinix,,2025-12-31|2026-01-02|2026-01-05|2026-01-06|2026-01-07|2026-01-08|2026-01-09|2026-01-12|2026-01-13|2026-01-14|2026-01-15|2026-01-16|2026-01-20|2026-01-21|2026-01-22|2026-01-23|2026-01-26|2026-01-27|2026-01-28|2026-01-29|2026-01-30|2026-02-02|2026-02-03|2026-02-04|2026-02-05|2026-02-06|2026-02-09|2026-02-10|2026-02-11|2026-02-12,2026-02-13 19:00:22,0.0
Insight Enterprises,,2025-12-31|2026-01-02|2026-01-05|2026-01-06|2026-01-07|2026-01-08|2026-01-09|2026-01-12|2026-01-13|2026-01-14|2026-01-15|2026-01-16|2026-01-20|2026-01-21|2026-01-22|2026-01-23|2026-01-26|2026-01-27|2026-01-28|2026-01-29|2026-01-30|2026-02-02|2026-02-03|2026-02-04|2026-02-05|2026-02-06|2026-02-09|2026-02-10|2026-02-11|2026-02-12,2026-02-13 19:00:22,0.0
Sirius XM,,2025-12-31|2026-01-02|2026-01-05|2026-01-06|2026-01-07|2026-01-08|2026-01-09|2026-01-12|2026-01-13|2026-01-14|2026-01-15|2026-01-16|2026-01-20|2026-01-21|2026-01-22|2026-01-23|2026-01-26|2026-01-27|2026-01-28|2026-01-29|2026-01-30|2026-02-02|2026-02-03|2026-02-04|2026-02-05|2026-02-06|2026-02-09|2026-02-10|2026-02-11|2026-02-12,2026-02-13 19:00:22,0.0
PVH,,2025-12-31|2026-01-02|2026-01-05|2026-01-06|2026-01-07|2026-01-08|2026-01-09|2026-01-12|2026-01-13|2026-01-14|2026-01-15|2026-01-16|2026-01-20|2026-01-21|2026-01-22|2026-01-23|2026-01-26|2026-01-27|2026-01-28|2026-01-29|2026-01-30|2026-02-02|2026-02-03|2026-02-04|2026-02-05|2026-02-06|2026-02-09|2026-02-10|2026-02-11|2026-02-12,2026-02-13 19:00:22,0.0
CenterPoint Energy,,2025-12-31|2026-01-02|2026-01-05|2026-01-06|2026-01-07|2026-01-08|2026-01-09|2026-01-12|2026-01-13|2026-01-14|2026-01-15|2026-01-16|2026-01-20|2026-01-21|2026-01-22|2026-01-23|2026-01-26|2026-01-27|2026-01-28|2026-01-29|2026-01-30|2026-02-02|2026-02-03|2026-02-04|2026-02-05|2026-02-06|2026-02-09|2026-02-10|2026-02-11|2026-02-12,2026-02-13 19:00:22,0.0
WEC Energy,,2025-12-31|2026-01-02|2026-01-05|2026-01-06|2026-01-07|2026-01-08|2026-01-09|2026-01-12|2026-01-13|2026-01-14|2026-01-15|2026-01-16|2026-01-20|2026-01-21|2026-01-22|2026-01-23|2026-01-26|2026-01-27|2026-01-28|2026-01-29|2026-01-30|2026-02-02|2026-02-03|2026-02-04|2026-02-05|2026-02-06|2026-02-09|2026-02-10|2026-02-11|2026-02-12,2026-02-13 19:00:22,0.0
Xylem Inc,,2025-12-31|2026-01-02|2026-01-05|2026-01-06|2026-01-07|2026-01-08|2026-01-09|2026-01-12|2026-01-13|2026-01-14|2026-01-15|2026-01-16|2026-01-20|2026-01-21|2026-01-22|2026-01-23|2026-01-26|2026-01-27|2026-01-28|2026-01-29|2026-01-30|2026-02-02|2026-02-03|2026-02-04|2026-02-05|2026-02-06|2026-02-09|2026-02-10|2026-02-11|2026-02-12,2026-02-13 19:00:22,0.0
Franklin Resources,,2025-12-31|2026-01-02|2026-01-05|2026-01-06|2026-01-07|2026-01-08|2026-01-09|2026-01-12|2026-01-13|2026-01-14|2026-01-15|2026-01-16|2026-01-20|2026-01-21|2026-01-22|2026-01-23|2026-01-26|2026-01-27|2026-01-28|2026-01-29|2026-01-30|2026-02-02|2026-02-03|2026-02-04|2026-02-05|2026-02-06|2026-02-09|2026-02-10|2026-02-11|2026-02-12,2026-02-13 19:00:22,0.0
PPL Corporation,,2025-12-31|2026-01-02|2026-01-05|2026-01-06|2026-01-07|2026-01-08|2026-01-09|2026-01-12|2026-01-13|2026-01-14|2026-01-15|2026-01-16|2026-01-20|2026-01-21|2026-01-22|2026-01-23|2026-01-26|2026-01-27|2026-01-28|2026-01-29|2026-01-30|2026-02-02|2026-02-03|2026-02-04|2026-02-05|2026-02-06|2026-02-09|2026-02-10|2026-02-11|2026-02-12,2026-02-13 19:00:22,0.0
Workday,,2025-12-31|2026-01-02|2026-01-05|2026-01-06|2026-01-07|2026-01-08|2026-01-09|2026-01-12|2026-01-13|2026-01-14|2026-01-15|2026-01-16|2026-01-20|2026-01-21|2026-01-22|2026-01-23|2026-01-26|2026-01-27|2026-01-28|2026-01-29|2026-01-30|2026-02-02|2026-02-03|2026-02-04|2026-02-05|2026-02-06|2026-02-09|2026-02-10|2026-02-11|2026-02-12,2026-02-13 19:00:22,0.0
Dover Corporation,,2025-12-31|2026-01-02|2026-01-05|2026-01-06|2026-01-07|2026-01-08|2026-01-09|2026-01-12|2026-01-13|2026-01-14|2026-01-15|2026-01-16|2026-01-20|2026-01-21|2026-01-22|2026-01-23|2026-01-26|2026-01-27|2026-01-28|2026-01-29|2026-01-30|2026-02-02|2026-02-03|2026-02-04|2026-02-05|2026-02-06|2026-02-09|2026-02-10|2026-02-11|2026-02-12,2026-02-13 19:00:22,0.0
Packaging Corp of America,,2025-12-31|2026-01-02|2026-01-05|2026-01-06|2026-01-07|2026-01-08|2026-01-09|2026-01-12|2026-01-13|2026-01-14|2026-01-15|2026-01-16|2026-01-20|2026-01-21|2026-01-22|2026-01-23|2026-01-26|2026-01-27|2026-01-28|2026-01-29|2026-01-30|2026-02-02|2026-02-03|2026-02-04|2026-02-05|2026-02-06|2026-02-09|2026-02-10|2026-02-11|2026-02-12,2026-02-13 19:00:22,0.0
ABM Industries,,2025-12-31|2026-01-02|2026-01-05|2026-01-06|2026-01-07|2026-01-08|2026-01-09|2026-01-12|2026-01-13|2026-01-14|2026-01-15|2026-01-16|2026-01-20|2026-01-21|2026-01-22|2026-01-23|2026-01-26|2026-01-27|2026-01-28|2026-01-29|2026-01-30|2026-02-02|2026-02-03|2026-02-04|2026-02-05|2026-02-06|2026-02-09|2026-02-10|2026-02-11|2026-02-12,2026-02-13 19:00:22,0.0
Intuitive Surgical,,2025-12-31|2026-01-02|2026-01-05|2026-01-06|2026-01-07|2026-01-08|2026-01-09|2026-01-12|2026-01-13|2026-01-14|2026-01-15|2026-01-16|2026-01-20|2026-01-21|2026-01-22|2026-01-23|2026-01-26|2026-01-27|2026-01-28|2026-01-29|2026-01-30|2026-02-02|2026-02-03|2026-02-04|2026-02-05|2026-02-06|2026-02-09|2026-02-10|2026-02-11|2026-02-12,2026-02-13 19:00:22,0.0
American Financial Group,,2025-12-31|2026-01-02|2026-01-05|2026-01-06|2026-01-07|2026-01-08|2026-01-09|2026-01-12|2026-01-13|2026-01-14|2026-01-15|2026-01-16|2026-01-20|2026-01-21|2026-01-22|2026-01-23|2026-01-26|2026-01-27|2026-01-28|2026-01-29|2026-01-30|2026-02-02|2026-02-03|2026-02-04|2026-02-05|2026-02-06|2026-02-09|2026-02-10|2026-02-11|2026-02-12,2026-02-13 19:00:22,0.0
Rockwell Automation,,2025-12-31|2026-01-02|2026-01-05|2026-01-06|2026-01-07|2026-01-08|2026-01-09|2026-01-12|2026-01-13|2026-01-14|2026-01-15|2026-01-16|2026-01-20|2026-01-21|2026-01-22|2026-01-23|2026-01-26|2026-01-27|2026-01-28|2026-01-29|2026-01-30|2026-02-02|2026-02-03|2026-02-04|2026-02-05|2026-02-06|2026-02-09|2026-02-10|2026-02-11|2026-02-12,2026-02-13 19:00:22,0.0
Solventum,,2025-12-31|2026-01-02|2026-01-05|2026-01-06|2026-01-07|2026-01-08|2026-01-09|2026-01-12|2026-01-13|2026-01-14|2026-01-15|2026-01-16|2026-01-20|2026-01-21|2026-01-22|2026-01-23|2026-01-26|2026-01-27|2026-01-28|2026-01-29|2026-01-30|2026-02-02|2026-02-03|2026-02-04|2026-02-05|2026-02-06|2026-02-09|2026-02-10|2026-02-11|2026-02-12,2026-02-13 19:00:22,0.0
Old Republic International,,2025-12-31|2026-01-02|2026-01-05|2026-01-06|2026-01-07|2026-01-08|2026-01-09|2026-01-12|2026-01-13|2026-01-14|2026-01-15|2026-01-16|2026-01-20|2026-01-21|2026-01-22|2026-01-23|2026-01-26|2026-01-27|2026-01-28|2026-01-29|2026-01-30|2026-02-02|2026-02-03|2026-02-04|2026-02-05|2026-02-06|2026-02-09|2026-02-10|2026-02-11|2026-02-12,2026-02-13 19:00:22,0.0
Prologis,,2025-12-31|2026-01-02|2026-01-05|2026-01-06|2026-01-07|2026-01-08|2026-01-09|2026-01-12|2026-01-13|2026-01-14|2026-01-15|2026-01-16|2026-01-20|2026-01-21|2026-01-22|2026-01-23|2026-01-26|2026-01-27|2026-01-28|2026-01-29|2026-01-30|2026-02-02|2026-02-03|2026-02-04|2026-02-05|2026-02-06|2026-02-09|2026-02-10|2026-02-11|2026-02-12,2026-02-13 19:00:22,0.0
JM Smucker,,2025-12-31|2026-01-02|2026-01-05|2026-01-06|2026-01-07|2026-01-08|2026-01-09|2026-01-12|2026-01-13|2026-01-14|2026-01-15|2026-01-16|2026-01-20|2026-01-21|2026-01-22|2026-01-23|2026-01-26|2026-01-27|2026-01-28|2026-01-29|2026-01-30|2026-02-02|2026-02-03|2026-02-04|2026-02-05|2026-02-06|2026-02-09|2026-02-10|2026-02-11|2026-02-12,2026-02-13 19:00:22,0.0
Taylor Morrison Home,,2025-12-31|2026-01-02|2026-01-05|2026-01-06|2026-01-07|2026-01-08|2026-01-09|2026-01-12|2026-01-13|2026-01-14|2026-01-15|2026-01-16|2026-01-20|2026-01-21|2026-01-22|2026-01-23|2026-01-26|2026-01-27|2026-01-28|2026-01-29|2026-01-30|2026-02-02|2026-02-03|2026-02-04|2026-02-05|2026-02-06|2026-02-09|2026-02-10|2026-02-11|2026-02-12,2026-02-13 19:00:22,0.0
XPO,,2025-12-31|2026-01-02|2026-01-05|2026-01-06|2026-01-07|2026-01-08|2026-01-09|2026-01-12|2026-01-13|2026-01-14|2026-01-15|2026-01-16|2026-01-20|2026-01-21|2026-01-22|2026-01-23|2026-01-26|2026-01-27|2026-01-28|2026-01-29|2026-01-30|2026-02-02|2026-02-03|2026-02-04|2026-02-05|2026-02-06|2026-02-09|2026-02-10|2026-02-11|2026-02-12,2026-02-13 19:00:22,0.0
Voya Financial,,2025-12-31|2026-01-02|2026-01-05|2026-01-06|2026-01-07|2026-01-08|2026-01-09|2026-01-12|2026-01-13|2026-01-14|2026-01-15|2026-01-16|2026-01-20|2026-01-21|2026-01-22|2026-01-23|2026-01-26|2026-01-27|2026-01-28|2026-01-29|2026-01-30|2026-02-02|2026-02-03|2026-02-04|2026-02-05|2026-02-06|2026-02-09|2026-02-10|2026-02-11|2026-02-12,2026-02-13 19:00:22,0.0
Palo Alto Networks,,2025-12-31|2026-01-02|2026-01-05|2026-01-06|2026-01-07|2026-01-08|2026-01-09|2026-01-12|2026-01-13|2026-01-14|2026-01-15|2026-01-16|2026-01-20|2026-01-21|2026-01-22|2026-01-23|2026-01-26|2026-01-27|2026-01-28|2026-01-29|2026-01-30|2026-02-02|2026-02-03|2026-02-04|2026-02-05|2026-02-06|2026-02-09|2026-02-10|2026-02-11|2026-02-12,2026-02-13 19:00:22,0.0
Vertiv,,2025-12-31|2026-01-02|2026-01-05|2026-01-06|2026-01-07|2026-01-08|2026-01-09|2026-01-12|2026-01-13|2026-01-14|2026-01-15|2026-01-16|2026-01-20|2026-01-21|2026-01-22|2026-01-23|2026-01-26|2026-01-27|2026-01-28|2026-01-29|2026-01-30|2026-02-02|2026-02-03|2026-02-04|2026-02-05|2026-02-06|2026-02-09|2026-02-10|2026-02-11|2026-02-12,2026-02-13 19:00:22,0.0
Welltower,,2025-12-31|2026-01-02|2026-01-05|2026-01-06|2026-01-07|2026-01-08|2026-01-09|2026-01-12|2026-01-13|2026-01-14|2026-01-15|2026-01-16|2026-01-20|2026-01-21|2026-01-22|2026-01-23|2026-01-26|2026-01-27|2026-01-28|2026-01-29|2026-01-30|2026-02-02|2026-02-03|2026-02-04|2026-02-05|2026-02-06|2026-02-09|2026-02-10|2026-02-11|2026-02-12,2026-02-13 19:00:22,0.0
Par Pacific,,2025-12-31|2026-01-02|2026-01-05|2026-01-06|2026-01-07|2026-01-08|2026-01-09|2026-01-12|2026-01-13|2026-01-14|2026-01-15|2026-01-16|2026-01-20|2026-01-21|2026-01-22|2026-01-23|2026-01-26|2026-01-27|2026-01-28|2026-01-29|2026-01-30|2026-02-02|2026-02-03|2026-02-04|2026-02-05|2026-02-06|2026-02-09|2026-02-10|2026-02-11|2026-02-12,2026-02-13 19:00:22,0.0
TransDigm,,2025-12-31|2026-01-02|2026-01-05|2026-01-06|2026-01-07|2026-01-08|2026-01-09|2026-01-12|2026-01-13|2026-01-14|2026-01-15|2026-01-16|2026-01-20|2026-01-21|2026-01-22|2026-01-23|2026-01-26|2026-01-27|2026-01-28|2026-01-29|2026-01-30|2026-02-02|2026-02-03|2026-02-04|2026-02-05|2026-02-06|2026-02-09|2026-02-10|2026-02-11|2026-02-12,2026-02-13 19:00:22,0.0
Commercial Metals,,2025-12-31|2026-01-02|2026-01-05|2026-01-06|2026-01-07|2026-01-08|2026-01-09|2026-01-12|2026-01-13|2026-01-14|2026-01-15|2026-01-16|2026-01-20|2026-01-21|2026-01-22|2026-01-23|2026-01-26|2026-01-27|2026-01-28|2026-01-29|2026-01-30|2026-02-02|2026-02-03|2026-02-04|2026-02-05|2026-02-06|2026-02-09|2026-02-10|2026-02-11|2026-02-12,2026-02-13 19:00:22,0.0
Post Holdings,,2025-12-31|2026-01-02|2026-01-05|2026-01-06|2026-01-07|2026-01-08|2026-01-09|2026-01-12|2026-01-13|2026-01-14|2026-01-15|2026-01-16|2026-01-20|2026-01-21|2026-01-22|2026-01-23|2026-01-26|2026-01-27|2026-01-28|2026-01-29|2026-01-30|2026-02-02|2026-02-03|2026-02-04|2026-02-05|2026-02-06|2026-02-09|2026-02-10|2026-02-11|2026-02-12,2026-02-13 19:00:22,0.0
Masco,,2025-12-31|2026-01-02|2026-01-05|2026-01-06|2026-01-07|2026-01-08|2026-01-09|2026-01-12|2026-01-13|2026-01-14|2026-01-15|2026-01-16|2026-01-20|2026-01-21|2026-01-22|2026-01-23|2026-01-26|2026-01-27|2026-01-28|2026-01-29|2026-01-30|2026-02-02|2026-02-03|2026-02-04|2026-02-05|2026-02-06|2026-02-09|2026-02-10|2026-02-11|2026-02-12,2026-02-13 19:00:22,0.0
Rush Enterprises,,2025-12-31|2026-01-02|2026-01-05|2026-01-06|2026-01-07|2026-01-08|2026-01-09|2026-01-12|2026-01-13|2026-01-14|2026-01-15|2026-01-16|2026-01-20|2026-01-21|2026-01-22|2026-01-23|2026-01-26|2026-01-27|2026-01-28|2026-01-29|2026-01-30|2026-02-02|2026-02-03|2026-02-04|2026-02-05|2026-02-06|2026-02-09|2026-02-10|2026-02-11|2026-02-12,2026-02-13 19:00:22,0.0
KBR,,2025-12-31|2026-01-02|2026-01-05|2026-01-06|2026-01-07|2026-01-08|2026-01-09|2026-01-12|2026-01-13|2026-01-14|2026-01-15|2026-01-16|2026-01-20|2026-01-21|2026-01-22|2026-01-23|2026-01-26|2026-01-27|2026-01-28|2026-01-29|2026-01-30|2026-02-02|2026-02-03|2026-02-04|2026-02-05|2026-02-06|2026-02-09|2026-02-10|2026-02-11|2026-02-12,2026-02-13 19:00:22,0.0
Sprouts Farmers Market,,2025-12-31|2026-01-02|2026-01-05|2026-01-06|2026-01-07|2026-01-08|2026-01-09|2026-01-12|2026-01-13|2026-01-14|2026-01-15|2026-01-16|2026-01-20|2026-01-21|2026-01-22|2026-01-23|2026-01-26|2026-01-27|2026-01-28|2026-01-29|2026-01-30|2026-02-02|2026-02-03|2026-02-04|2026-02-05|2026-02-06|2026-02-09|2026-02-10|2026-02-11|2026-02-12,2026-02-13 19:00:22,0.0
Williams-Sonoma,,2025-12-31|2026-01-02|2026-01-05|2026-01-06|2026-01-07|2026-01-08|2026-01-09|2026-01-12|2026-01-13|2026-01-14|2026-01-15|2026-01-16|2026-01-20|2026-01-21|2026-01-22|2026-01-23|2026-01-26|2026-01-27|2026-01-28|2026-01-29|2026-01-30|2026-02-02|2026-02-03|2026-02-04|2026-02-05|2026-02-06|2026-02-09|2026-02-10|2026-02-11|2026-02-12,2026-02-13 19:00:22,0.0
Zimmer Biomet,,2025-12-31|2026-01-02|2026-01-05|2026-01-06|2026-01-07|2026-01-08|2026-01-09|2026-01-12|2026-01-13|2026-01-14|2026-01-15|2026-01-16|2026-01-20|2026-01-21|2026-01-22|2026-01-23|2026-01-26|2026-01-27|2026-01-28|2026-01-29|2026-01-30|2026-02-02|2026-02-03|2026-02-04|2026-02-05|2026-02-06|2026-02-09|2026-02-10|2026-02-11|2026-02-12,2026-02-13 19:00:22,0.0
CACI International,,2025-12-31|2026-01-02|2026-01-05|2026-01-06|2026-01-07|2026-01-08|2026-01-09|2026-01-12|2026-01-13|2026-01-14|2026-01-15|2026-01-16|2026-01-20|2026-01-21|2026-01-22|2026-01-23|2026-01-26|2026-01-27|2026-01-28|2026-01-29|2026-01-30|2026-02-02|2026-02-03|2026-02-04|2026-02-05|2026-02-06|2026-02-09|2026-02-10|2026-02-11|2026-02-12,2026-02-13 19:00:22,0.0
Microchip Technology,,2025-12-31|2026-01-02|2026-01-05|2026-01-06|2026-01-07|2026-01-08|2026-01-09|2026-01-12|2026-01-13|2026-01-14|2026-01-15|2026-01-16|2026-01-20|2026-01-21|2026-01-22|2026-01-23|2026-01-26|2026-01-27|2026-01-28|2026-01-29|2026-01-30|2026-02-02|2026-02-03|2026-02-04|2026-02-05|2026-02-06|2026-02-09|2026-02-10|2026-02-11|2026-02-12,2026-02-13 19:00:22,0.0
Watsco,,2025-12-31|2026-01-02|2026-01-05|2026-01-06|2026-01-07|2026-01-08|2026-01-09|2026-01-12|2026-01-13|2026-01-14|2026-01-15|2026-01-16|2026-01-20|2026-01-21|2026-01-22|2026-01-23|2026-01-26|2026-01-27|2026-01-28|2026-01-29|2026-01-30|2026-02-02|2026-02-03|2026-02-04|2026-02-05|2026-02-06|2026-02-09|2026-02-10|2026-02-11|2026-02-12,2026-02-13 19:00:22,0.0
Newell Brands,,2025-12-31|2026-01-02|2026-01-05|2026-01-06|2026-01-07|2026-01-08|2026-01-09|2026-01-12|2026-01-13|2026-01-14|2026-01-15|2026-01-16|2026-01-20|2026-01-21|2026-01-22|2026-01-23|2026-01-26|2026-01-27|2026-01-28|2026-01-29|2026-01-30|2026-02-02|2026-02-03|2026-02-04|2026-02-05|2026-02-06|2026-02-09|2026-02-10|2026-02-11|2026-02-12,2026-02-13 19:00:22,0.0
ARKO,,2025-12-31|2026-01-02|2026-01-05|2026-01-06|2026-01-07|2026-01-08|2026-01-09|2026-01-12|2026-01-13|2026-01-14|2026-01-15|2026-01-16|2026-01-20|2026-01-21|2026-01-22|2026-01-23|2026-01-26|2026-01-27|2026-01-28|2026-01-29|2026-01-30|2026-02-02|2026-02-03|2026-02-04|2026-02-05|2026-02-06|2026-02-09|2026-02-10|2026-02-11|2026-02-12,2026-02-13 19:00:22,0.0
Sanmina,,2025-12-31|2026-01-02|2026-01-05|2026-01-06|2026-01-07|2026-01-08|2026-01-09|2026-01-12|2026-01-13|2026-01-14|2026-01-15|2026-01-16|2026-01-20|2026-01-21|2026-01-22|2026-01-23|2026-01-26|2026-01-27|2026-01-28|2026-01-29|2026-01-30|2026-02-02|2026-02-03|2026-02-04|2026-02-05|2026-02-06|2026-02-09|2026-02-10|2026-02-11|2026-02-12,2026-02-13 19:00:22,0.0
Electronic Arts,,2025-12-31|2026-01-02|2026-01-05|2026-01-06|2026-01-07|2026-01-08|2026-01-09|2026-01-12|2026-01-13|2026-01-14|2026-01-15|2026-01-16|2026-01-20|2026-01-21|2026-01-22|2026-01-23|2026-01-26|2026-01-27|2026-01-28|2026-01-29|2026-01-30|2026-02-02|2026-02-03|2026-02-04|2026-02-05|2026-02-06|2026-02-09|2026-02-10|2026-02-11|2026-02-12,2026-02-13 19:00:22,0.0
Yum Brands,,2025-12-31|2026-01-02|2026-01-05|2026-01-06|2026-01-07|2026-01-08|2026-01-09|2026-01-12|2026-01-13|2026-01-14|2026-01-15|2026-01-16|2026-01-20|2026-01-21|2026-01-22|2026-01-23|2026-01-26|2026-01-27|2026-01-28|2026-01-29|2026-01-30|2026-02-02|2026-02-03|2026-02-04|2026-02-05|2026-02-06|2026-02-09|2026-02-10|2026-02-11|2026-02-12,2026-02-13 19:00:22,0.0
Fastenal,,2025-12-31|2026-01-02|2026-01-05|2026-01-06|2026-01-07|2026-01-08|2026-01-09|2026-01-12|2026-01-13|2026-01-14|2026-01-15|2026-01-16|2026-01-20|2026-01-21|2026-01-22|2026-01-23|2026-01-26|2026-01-27|2026-01-28|2026-01-29|2026-01-30|2026-02-02|2026-02-03|2026-02-04|2026-02-05|2026-02-06|2026-02-09|2026-02-10|2026-02-11|2026-02-12,2026-02-13 19:00:22,0.0
CMS Energy,,2025-12-31|2026-01-02|2026-01-05|2026-01-06|2026-01-07|2026-01-08|2026-01-09|2026-01-12|2026-01-13|2026-01-14|2026-01-15|2026-01-16|2026-01-20|2026-01-21|2026-01-22|2026-01-23|2026-01-26|2026-01-27|2026-01-28|2026-01-29|2026-01-30|2026-02-02|2026-02-03|2026-02-04|2026-02-05|2026-02-06|2026-02-09|2026-02-10|2026-02-11|2026-02-12,2026-02-13 19:00:22,0.0
Monster Beverage,,2025-12-31|2026-01-02|2026-01-05|2026-01-06|2026-01-07|2026-01-08|2026-01-09|2026-01-12|2026-01-13|2026-01-14|2026-01-15|2026-01-16|2026-01-20|2026-01-21|2026-01-22|2026-01-23|2026-01-26|2026-01-27|2026-01-28|2026-01-29|2026-01-30|2026-02-02|2026-02-03|2026-02-04|2026-02-05|2026-02-06|2026-02-09|2026-02-10|2026-02-11|2026-02-12,2026-02-13 19:00:22,0.0
Science Applications International,,2025-12-31|2026-01-02|2026-01-05|2026-01-06|2026-01-07|2026-01-08|2026-01-09|2026-01-12|2026-01-13|2026-01-14|2026-01-15|2026-01-16|2026-01-20|2026-01-21|2026-01-22|2026-01-23|2026-01-26|2026-01-27|2026-01-28|2026-01-29|2026-01-30|2026-02-02|2026-02-03|2026-02-04|2026-02-05|2026-02-06|2026-02-09|2026-02-10|2026-02-11|2026-02-12,2026-02-13 19:00:22,0.0
Core & Main,,2025-12-31|2026-01-02|2026-01-05|2026-01-06|2026-01-07|2026-01-08|2026-01-09|2026-01-12|2026-01-13|2026-01-14|2026-01-15|2026-01-16|2026-01-20|2026-01-21|2026-01-22|2026-01-23|2026-01-26|2026-01-27|2026-01-28|2026-01-29|2026-01-30|2026-02-02|2026-02-03|2026-02-04|2026-02-05|2026-02-06|2026-02-09|2026-02-10|2026-02-11|2026-02-12,2026-02-13 19:00:22,0.0
Howmet Aerospace,,2025-12-31|2026-01-02|2026-01-05|2026-01-06|2026-01-07|2026-01-08|2026-01-09|2026-01-12|2026-01-13|2026-01-14|2026-01-15|2026-01-16|2026-01-20|2026-01-21|2026-01-22|2026-01-23|2026-01-26|2026-01-27|2026-01-28|2026-01-29|2026-01-30|2026-02-02|2026-02-03|2026-02-04|2026-02-05|2026-02-06|2026-02-09|2026-02-10|2026-02-11|2026-02-12,2026-02-13 19:00:22,0.0
Ingredion,,2025-12-31|2026-01-02|2026-01-05|2026-01-06|2026-01-07|2026-01-08|2026-01-09|2026-01-12|2026-01-13|2026-01-14|2026-01-15|2026-01-16|2026-01-20|2026-01-21|2026-01-22|2026-01-23|2026-01-26|2026-01-27|2026-01-28|2026-01-29|2026-01-30|2026-02-02|2026-02-03|2026-02-04|2026-02-05|2026-02-06|2026-02-09|2026-02-10|2026-02-11|2026-02-12,2026-02-13 19:00:22,0.0
Vulcan Materials,,2025-12-31|2026-01-02|2026-01-05|2026-01-06|2026-01-07|2026-01-08|2026-01-09|2026-01-12|2026-01-13|2026-01-14|2026-01-15|2026-01-16|2026-01-20|2026-01-21|2026-01-22|2026-01-23|2026-01-26|2026-01-27|2026-01-28|2026-01-29|2026-01-30|2026-02-02|2026-02-03|2026-02-04|2026-02-05|2026-02-06|2026-02-09|2026-02-10|2026-02-11|2026-02-12,2026-02-13 19:00:22,0.0
Smurfit Westrock,,2025-12-31|2026-01-02|2026-01-05|2026-01-06|2026-01-07|2026-01-08|2026-01-09|2026-01-12|2026-01-13|2026-01-14|2026-01-15|2026-01-16|2026-01-20|2026-01-21|2026-01-22|2026-01-23|2026-01-26|2026-01-27|2026-01-28|2026-01-29|2026-01-30|2026-02-02|2026-02-03|2026-02-04|2026-02-05|2026-02-06|2026-02-09|2026-02-10|2026-02-11|2026-02-12,2026-02-13 19:00:22,0.0
Crown Holdings,,2025-12-31|2026-01-02|2026-01-05|2026-01-06|2026-01-07|2026-01-08|2026-01-09|2026-01-12|2026-01-13|2026-01-14|2026-01-15|2026-01-16|2026-01-20|2026-01-21|2026-01-22|2026-01-23|2026-01-26|2026-01-27|2026-01-28|2026-01-29|2026-01-30|2026-02-02|2026-02-03|2026-02-04|2026-02-05|2026-02-06|2026-02-09|2026-02-10|2026-02-11|2026-02-12,2026-02-13 19:00:22,0.0
Dana Incorporated,,2025-12-31|2026-01-02|2026-01-05|2026-01-06|2026-01-07|2026-01-08|2026-01-09|2026-01-12|2026-01-13|2026-01-14|2026-01-15|2026-01-16|2026-01-20|2026-01-21|2026-01-22|2026-01-23|2026-01-26|2026-01-27|2026-01-28|2026-01-29|2026-01-30|2026-02-02|2026-02-03|2026-02-04|2026-02-05|2026-02-06|2026-02-09|2026-02-10|2026-02-11|2026-02-12,2026-02-13 19:00:22,0.0
Albemarle Corporation,,2025-12-31|2026-01-02|2026-01-05|2026-01-06|2026-01-07|2026-01-08|2026-01-09|2026-01-12|2026-01-13|2026-01-14|2026-01-15|2026-01-16|2026-01-20|2026-01-21|2026-01-22|2026-01-23|2026-01-26|2026-01-27|2026-01-28|2026-01-29|2026-01-30|2026-02-02|2026-02-03|2026-02-04|2026-02-05|2026-02-06|2026-02-09|2026-02-10|2026-02-11|2026-02-12,2026-02-13 19:00:22,0.0
Polaris Inc,,2025-12-31|2026-01-02|2026-01-05|2026-01-06|2026-01-07|2026-01-08|2026-01-09|2026-01-12|2026-01-13|2026-01-14|2026-01-15|2026-01-16|2026-01-20|2026-01-21|2026-01-22|2026-01-23|2026-01-26|2026-01-27|2026-01-28|2026-01-29|2026-01-30|2026-02-02|2026-02-03|2026-02-04|2026-02-05|2026-02-06|2026-02-09|2026-02-10|2026-02-11|2026-02-12,2026-02-13 19:00:22,0.0
UGI Utilities Inc,,2025-12-31|2026-01-02|2026-01-05|2026-01-06|2026-01-07|2026-01-08|2026-01-09|2026-01-12|2026-01-13|2026-01-14|2026-01-15|2026-01-16|2026-01-20|2026-01-21|2026-01-22|2026-01-23|2026-01-26|2026-01-27|2026-01-28|2026-01-29|2026-01-30|2026-02-02|2026-02-03|2026-02-04|2026-02-05|2026-02-06|2026-02-09|2026-02-10|2026-02-11|2026-02-12,2026-02-13 19:00:22,0.0
Expand Energy Corporation,,2025-12-31|2026-01-02|2026-01-05|2026-01-06|2026-01-07|2026-01-08|2026-01-09|2026-01-12|2026-01-13|2026-01-14|2026-01-15|2026-01-16|2026-01-20|2026-01-21|2026-01-22|2026-01-23|2026-01-26|2026-01-27|2026-01-28|2026-01-29|2026-01-30|2026-02-02|2026-02-03|2026-02-04|2026-02-05|2026-02-06|2026-02-09|2026-02-10|2026-02-11|2026-02-12,2026-02-13 19:00:22,0.0
NGL Energy Partners,,2025-12-31|2026-01-02|2026-01-05|2026-01-06|2026-01-07|2026-01-08|2026-01-09|2026-01-12|2026-01-13|2026-01-14|2026-01-15|2026-01-16|2026-01-20|2026-01-21|2026-01-22|2026-01-23|2026-01-26|2026-01-27|2026-01-28|2026-01-29|2026-01-30|2026-02-02|2026-02-03|2026-02-04|2026-02-05|2026-02-06|2026-02-09|2026-02-10|2026-02-11|2026-02-12,2026-02-13 19:00:22,0.0
ON Semiconductor,,2025-12-31|2026-01-02|2026-01-05|2026-01-06|2026-01-07|2026-01-08|2026-01-09|2026-01-12|2026-01-13|2026-01-14|2026-01-15|2026-01-16|2026-01-20|2026-01-21|2026-01-22|2026-01-23|2026-01-26|2026-01-27|2026-01-28|2026-01-29|2026-01-30|2026-02-02|2026-02-03|2026-02-04|2026-02-05|2026-02-06|2026-02-09|2026-02-10|2026-02-11|2026-02-12,2026-02-13 19:00:22,0.0
Flagstar Financial,,2025-12-31|2026-01-02|2026-01-05|2026-01-06|2026-01-07|2026-01-08|2026-01-09|2026-01-12|2026-01-13|2026-01-14|2026-01-15|2026-01-16|2026-01-20|2026-01-21|2026-01-22|2026-01-23|2026-01-26|2026-01-27|2026-01-28|2026-01-29|2026-01-30|2026-02-02|2026-02-03|2026-02-04|2026-02-05|2026-02-06|2026-02-09|2026-02-10|2026-02-11|2026-02-12,2026-02-13 19:00:22,0.0
Weyerhaeuser,,2025-12-31|2026-01-02|2026-01-05|2026-01-06|2026-01-07|2026-01-08|2026-01-09|2026-01-12|2026-01-13|2026-01-14|2026-01-15|2026-01-16|2026-01-20|2026-01-21|2026-01-22|2026-01-23|2026-01-26|2026-01-27|2026-01-28|2026-01-29|2026-01-30|2026-02-02|2026-02-03|2026-02-04|2026-02-05|2026-02-06|2026-02-09|2026-02-10|2026-02-11|2026-02-12,2026-02-13 19:00:22,0.0
Genworth Financial,,2025-12-31|2026-01-02|2026-01-05|2026-01-06|2026-01-07|2026-01-08|2026-01-09|2026-01-12|2026-01-13|2026-01-14|2026-01-15|2026-01-16|2026-01-20|2026-01-21|2026-01-22|2026-01-23|2026-01-26|2026-01-27|2026-01-28|2026-01-29|2026-01-30|2026-02-02|2026-02-03|2026-02-04|2026-02-05|2026-02-06|2026-02-09|2026-02-10|2026-02-11|2026-02-12,2026-02-13 19:00:22,0.0
Bath & Body Works,,2025-12-31|2026-01-02|2026-01-05|2026-01-06|2026-01-07|2026-01-08|2026-01-09|2026-01-12|2026-01-13|2026-01-14|2026-01-15|2026-01-16|2026-01-20|2026-01-21|2026-01-22|2026-01-23|2026-01-26|2026-01-27|2026-01-28|2026-01-29|2026-01-30|2026-02-02|2026-02-03|2026-02-04|2026-02-05|2026-02-06|2026-02-09|2026-02-10|2026-02-11|2026-02-12,2026-02-13 19:00:22,0.0
Clorox,,2025-12-31|2026-01-02|2026-01-05|2026-01-06|2026-01-07|2026-01-08|2026-01-09|2026-01-12|2026-01-13|2026-01-14|2026-01-15|2026-01-16|2026-01-20|2026-01-21|2026-01-22|2026-01-23|2026-01-26|2026-01-27|2026-01-28|2026-01-29|2026-01-30|2026-02-02|2026-02-03|2026-02-04|2026-02-05|2026-02-06|2026-02-09|2026-02-10|2026-02-11|2026-02-12,2026-02-13 19:00:22,0.0
RPM International,,2025-12-31|2026-01-02|2026-01-05|2026-01-06|2026-01-07|2026-01-08|2026-01-09|2026-01-12|2026-01-13|2026-01-14|2026-01-15|2026-01-16|2026-01-20|2026-01-21|2026-01-22|2026-01-23|2026-01-26|2026-01-27|2026-01-28|2026-01-29|2026-01-30|2026-02-02|2026-02-03|2026-02-04|2026-02-05|2026-02-06|2026-02-09|2026-02-10|2026-02-11|2026-02-12,2026-02-13 19:00:22,0.0
UFP Industries,,2025-12-31|2026-01-02|2026-01-05|2026-01-06|2026-01-07|2026-01-08|2026-01-09|2026-01-12|2026-01-13|2026-01-14|2026-01-15|2026-01-16|2026-01-20|2026-01-21|2026-01-22|2026-01-23|2026-01-26|2026-01-27|2026-01-28|2026-01-29|2026-01-30|2026-02-02|2026-02-03|2026-02-04|2026-02-05|2026-02-06|2026-02-09|2026-02-10|2026-02-11|2026-02-12,2026-02-13 19:00:22,0.0
Ameren,,2025-12-31|2026-01-02|2026-01-05|2026-01-06|2026-01-07|2026-01-08|2026-01-09|2026-01-12|2026-01-13|2026-01-14|2026-01-15|2026-01-16|2026-01-20|2026-01-21|2026-01-22|2026-01-23|2026-01-26|2026-01-27|2026-01-28|2026-01-29|2026-01-30|2026-02-02|2026-02-03|2026-02-04|2026-02-05|2026-02-06|2026-02-09|2026-02-10|2026-02-11|2026-02-12,2026-02-13 19:00:22,0.0
Knight Swift Transportation,,2025-12-31|2026-01-02|2026-01-05|2026-01-06|2026-01-07|2026-01-08|2026-01-09|2026-01-12|2026-01-13|2026-01-14|2026-01-15|2026-01-16|2026-01-20|2026-01-21|2026-01-22|2026-01-23|2026-01-26|2026-01-27|2026-01-28|2026-01-29|2026-01-30|2026-02-02|2026-02-03|2026-02-04|2026-02-05|2026-02-06|2026-02-09|2026-02-10|2026-02-11|2026-02-12,2026-02-13 19:00:22,0.0
Super Micro Computer,,2025-12-31|2026-01-02|2026-01-05|2026-01-06|2026-01-07|2026-01-08|2026-01-09|2026-01-12|2026-01-13|2026-01-14|2026-01-15|2026-01-16|2026-01-20|2026-01-21|2026-01-22|2026-01-23|2026-01-26|2026-01-27|2026-01-28|2026-01-29|2026-01-30|2026-02-02|2026-02-03|2026-02-04|2026-02-05|2026-02-06|2026-02-09|2026-02-10|2026-02-11|2026-02-12,2026-02-13 19:00:22,0.0
O-I Glass,,2025-12-31|2026-01-02|2026-01-05|2026-01-06|2026-01-07|2026-01-08|2026-01-09|2026-01-12|2026-01-13|2026-01-14|2026-01-15|2026-01-16|2026-01-20|2026-01-21|2026-01-22|2026-01-23|2026-01-26|2026-01-27|2026-01-28|2026-01-29|2026-01-30|2026-02-02|2026-02-03|2026-02-04|2026-02-05|2026-02-06|2026-02-09|2026-02-10|2026-02-11|2026-02-12,2026-02-13 19:00:22,0.0
CommScope,,2025-12-31|2026-01-02|2026-01-05|2026-01-06|2026-01-07|2026-01-08|2026-01-09|2026-01-12|2026-01-13|2026-01-14|2026-01-15|2026-01-16|2026-01-20|2026-01-21|2026-01-22|2026-01-23|2026-01-26|2026-01-27|2026-01-28|2026-01-29|2026-01-30|2026-02-02|2026-02-03|2026-02-04|2026-02-05|2026-02-06|2026-02-09|2026-02-10|2026-02-11|2026-02-12,2026-02-13 19:00:22,0.0
Crown Castle,,2025-12-31|2026-01-02|2026-01-05|2026-01-06|2026-01-07|2026-01-08|2026-01-09|2026-01-12|2026-01-13|2026-01-14|2026-01-15|2026-01-16|2026-01-20|2026-01-21|2026-01-22|2026-01-23|2026-01-26|2026-01-27|2026-01-28|2026-01-29|2026-01-30|2026-02-02|2026-02-03|2026-02-04|2026-02-05|2026-02-06|2026-02-09|2026-02-10|2026-02-11|2026-02-12,2026-02-13 19:00:22,0.0
Avantor,,2025-12-31|2026-01-02|2026-01-05|2026-01-06|2026-01-07|2026-01-08|2026-01-09|2026-01-12|2026-01-13|2026-01-14|2026-01-15|2026-01-16|2026-01-20|2026-01-21|2026-01-22|2026-01-23|2026-01-26|2026-01-27|2026-01-28|2026-01-29|2026-01-30|2026-02-02|2026-02-03|2026-02-04|2026-02-05|2026-02-06|2026-02-09|2026-02-10|2026-02-11|2026-02-12,2026-02-13 19:00:22,0.0
Opendoor Technologies,,2025-12-31|2026-01-02|2026-01-05|2026-01-06|2026-01-07|2026-01-08|2026-01-09|2026-01-12|2026-01-13|2026-01-14|2026-01-15|2026-01-16|2026-01-20|2026-01-21|2026-01-22|2026-01-23|2026-01-26|2026-01-27|2026-01-28|2026-01-29|2026-01-30|2026-02-02|2026-02-03|2026-02-04|2026-02-05|2026-02-06|2026-02-09|2026-02-10|2026-02-11|2026-02-12,2026-02-13 19:00:22,0.0
APi Group,,2025-12-31|2026-01-02|2026-01-05|2026-01-06|2026-01-07|2026-01-08|2026-01-09|2026-01-12|2026-01-13|2026-01-14|2026-01-15|2026-01-16|2026-01-20|2026-01-21|2026-01-22|2026-01-23|2026-01-26|2026-01-27|2026-01-28|2026-01-29|2026-01-30|2026-02-02|2026-02-03|2026-02-04|2026-02-05|2026-02-06|2026-02-09|2026-02-10|2026-02-11|2026-02-12,2026-02-13 19:00:22,0.0
EQT,,2025-12-31|2026-01-02|2026-01-05|2026-01-06|2026-01-07|2026-01-08|2026-01-09|2026-01-12|2026-01-13|2026-01-14|2026-01-15|2026-01-16|2026-01-20|2026-01-21|2026-01-22|2026-01-23|2026-01-26|2026-01-27|2026-01-28|2026-01-29|2026-01-30|2026-02-02|2026-02-03|2026-02-04|2026-02-05|2026-02-06|2026-02-09|2026-02-10|2026-02-11|2026-02-12,2026-02-13 19:00:22,0.0
Xerox,,2025-12-31|2026-01-02|2026-01-05|2026-01-06|2026-01-07|2026-01-08|2026-01-09|2026-01-12|2026-01-13|2026-01-14|2026-01-15|2026-01-16|2026-01-20|2026-01-21|2026-01-22|2026-01-23|2026-01-26|2026-01-27|2026-01-28|2026-01-29|2026-01-30|2026-02-02|2026-02-03|2026-02-04|2026-02-05|2026-02-06|2026-02-09|2026-02-10|2026-02-11|2026-02-12,2026-02-13 19:00:22,0.0
Ingersoll Rand,,2025-12-31|2026-01-02|2026-01-05|2026-01-06|2026-01-07|2026-01-08|2026-01-09|2026-01-12|2026-01-13|2026-01-14|2026-01-15|2026-01-16|2026-01-20|2026-01-21|2026-01-22|2026-01-23|2026-01-26|2026-01-27|2026-01-28|2026-01-29|2026-01-30|2026-02-02|2026-02-03|2026-02-04|2026-02-05|2026-02-06|2026-02-09|2026-02-10|2026-02-11|2026-02-12,2026-02-13 19:00:22,0.0
Dillards,,2025-12-31|2026-01-02|2026-01-05|2026-01-06|2026-01-07|2026-01-08|2026-01-09|2026-01-12|2026-01-13|2026-01-14|2026-01-15|2026-01-16|2026-01-20|2026-01-21|2026-01-22|2026-01-23|2026-01-26|2026-01-27|2026-01-28|2026-01-29|2026-01-30|2026-02-02|2026-02-03|2026-02-04|2026-02-05|2026-02-06|2026-02-09|2026-02-10|2026-02-11|2026-02-12,2026-02-13 19:00:22,0.0
Martin Marietta Materials,,2025-12-31|2026-01-02|2026-01-05|2026-01-06|2026-01-07|2026-01-08|2026-01-09|2026-01-12|2026-01-13|2026-01-14|2026-01-15|2026-01-16|2026-01-20|2026-01-21|2026-01-22|2026-01-23|2026-01-26|2026-01-27|2026-01-28|2026-01-29|2026-01-30|2026-02-02|2026-02-03|2026-02-04|2026-02-05|2026-02-06|2026-02-09|2026-02-10|2026-02-11|2026-02-12,2026-02-13 19:00:22,0.0
Moderna,,2025-12-31|2026-01-02|2026-01-05|2026-01-06|2026-01-07|2026-01-08|2026-01-09|2026-01-12|2026-01-13|2026-01-14|2026-01-15|2026-01-16|2026-01-20|2026-01-21|2026-01-22|2026-01-23|2026-01-26|2026-01-27|2026-01-28|2026-01-29|2026-01-30|2026-02-02|2026-02-03|2026-02-04|2026-02-05|2026-02-06|2026-02-09|2026-02-10|2026-02-11|2026-02-12,2026-02-13 19:00:22,0.0
Boise Cascade,,2025-12-31|2026-01-02|2026-01-05|2026-01-06|2026-01-07|2026-01-08|2026-01-09|2026-01-12|2026-01-13|2026-01-14|2026-01-15|2026-01-16|2026-01-20|2026-01-21|2026-01-22|2026-01-23|2026-01-26|2026-01-27|2026-01-28|2026-01-29|2026-01-30|2026-02-02|2026-02-03|2026-02-04|2026-02-05|2026-02-06|2026-02-09|2026-02-10|2026-02-11|2026-02-12,2026-02-13 19:00:22,0.0
Agilent Technologies,,2025-12-31|2026-01-02|2026-01-05|2026-01-06|2026-01-07|2026-01-08|2026-01-09|2026-01-12|2026-01-13|2026-01-14|2026-01-15|2026-01-16|2026-01-20|2026-01-21|2026-01-22|2026-01-23|2026-01-26|2026-01-27|2026-01-28|2026-01-29|2026-01-30|2026-02-02|2026-02-03|2026-02-04|2026-02-05|2026-02-06|2026-02-09|2026-02-10|2026-02-11|2026-02-12,2026-02-13 19:00:22,0.0
Olin Corporation,,2025-12-31|2026-01-02|2026-01-05|2026-01-06|2026-01-07|2026-01-08|2026-01-09|2026-01-12|2026-01-13|2026-01-14|2026-01-15|2026-01-16|2026-01-20|2026-01-21|2026-01-22|2026-01-23|2026-01-26|2026-01-27|2026-01-28|2026-01-29|2026-01-30|2026-02-02|2026-02-03|2026-02-04|2026-02-05|2026-02-06|2026-02-09|2026-02-10|2026-02-11|2026-02-12,2026-02-13 19:00:22,0.0
Darling Ingredients,,2025-12-31|2026-01-02|2026-01-05|2026-01-06|2026-01-07|2026-01-08|2026-01-09|2026-01-12|2026-01-13|2026-01-14|2026-01-15|2026-01-16|2026-01-20|2026-01-21|2026-01-22|2026-01-23|2026-01-26|2026-01-27|2026-01-28|2026-01-29|2026-01-30|2026-02-02|2026-02-03|2026-02-04|2026-02-05|2026-02-06|2026-02-09|2026-02-10|2026-02-11|2026-02-12,2026-02-13 19:00:22,0.0
Sonoco Products,,2025-12-31|2026-01-02|2026-01-05|2026-01-06|2026-01-07|2026-01-08|2026-01-09|2026-01-12|2026-01-13|2026-01-14|2026-01-15|2026-01-16|2026-01-20|2026-01-21|2026-01-22|2026-01-23|2026-01-26|2026-01-27|2026-01-28|2026-01-29|2026-01-30|2026-02-02|2026-02-03|2026-02-04|2026-02-05|2026-02-06|2026-02-09|2026-02-10|2026-02-11|2026-02-12,2026-02-13 19:00:22,0.0
Hyatt Hotels,,2025-12-31|2026-01-02|2026-01-05|2026-01-06|2026-01-07|2026-01-08|2026-01-09|2026-01-12|2026-01-13|2026-01-14|2026-01-15|2026-01-16|2026-01-20|2026-01-21|2026-01-22|2026-01-23|2026-01-26|2026-01-27|2026-01-28|2026-01-29|2026-01-30|2026-02-02|2026-02-03|2026-02-04|2026-02-05|2026-02-06|2026-02-09|2026-02-10|2026-02-11|2026-02-12,2026-02-13 19:00:22,0.0
Select Medical Holdings,,2025-12-31|2026-01-02|2026-01-05|2026-01-06|2026-01-07|2026-01-08|2026-01-09|2026-01-12|2026-01-13|2026-01-14|2026-01-15|2026-01-16|2026-01-20|2026-01-21|2026-01-22|2026-01-23|2026-01-26|2026-01-27|2026-01-28|2026-01-29|2026-01-30|2026-02-02|2026-02-03|2026-02-04|2026-02-05|2026-02-06|2026-02-09|2026-02-10|2026-02-11|2026-02-12,2026-02-13 19:00:22,0.0
McCormick & Company,,2025-12-31|2026-01-02|2026-01-05|2026-01-06|2026-01-07|2026-01-08|2026-01-09|2026-01-12|2026-01-13|2026-01-14|2026-01-15|2026-01-16|2026-01-20|2026-01-21|2026-01-22|2026-01-23|2026-01-26|2026-01-27|2026-01-28|2026-01-29|2026-01-30|2026-02-02|2026-02-03|2026-02-04|2026-02-05|2026-02-06|2026-02-09|2026-02-10|2026-02-11|2026-02-12,2026-02-13 19:00:22,0.0
Tapestry,,2025-12-31|2026-01-02|2026-01-05|2026-01-06|2026-01-07|2026-01-08|2026-01-09|2026-01-12|2026-01-13|2026-01-14|2026-01-15|2026-01-16|2026-01-20|2026-01-21|2026-01-22|2026-01-23|2026-01-26|2026-01-27|2026-01-28|2026-01-29|2026-01-30|2026-02-02|2026-02-03|2026-02-04|2026-02-05|2026-02-06|2026-02-09|2026-02-10|2026-02-11|2026-02-12,2026-02-13 19:00:22,0.0
CF Industries,,2025-12-31|2026-01-02|2026-01-05|2026-01-06|2026-01-07|2026-01-08|2026-01-09|2026-01-12|2026-01-13|2026-01-14|2026-01-15|2026-01-16|2026-01-20|2026-01-21|2026-01-22|2026-01-23|2026-01-26|2026-01-27|2026-01-28|2026-01-29|2026-01-30|2026-02-02|2026-02-03|2026-02-04|2026-02-05|2026-02-06|2026-02-09|2026-02-10|2026-02-11|2026-02-12,2026-02-13 19:00:22,0.0
Ametek,,2025-12-31|2026-01-02|2026-01-05|2026-01-06|2026-01-07|2026-01-08|2026-01-09|2026-01-12|2026-01-13|2026-01-14|2026-01-15|2026-01-16|2026-01-20|2026-01-21|2026-01-22|2026-01-23|2026-01-26|2026-01-27|2026-01-28|2026-01-29|2026-01-30|2026-02-02|2026-02-03|2026-02-04|2026-02-05|2026-02-06|2026-02-09|2026-02-10|2026-02-11|2026-02-12,2026-02-13 19:00:22,0.0
Wynn Resorts,,2025-12-31|2026-01-02|2026-01-05|2026-01-06|2026-01-07|2026-01-08|2026-01-09|2026-01-12|2026-01-13|2026-01-14|2026-01-15|2026-01-16|2026-01-20|2026-01-21|2026-01-22|2026-01-23|2026-01-26|2026-01-27|2026-01-28|2026-01-29|2026-01-30|2026-02-02|2026-02-03|2026-02-04|2026-02-05|2026-02-06|2026-02-09|2026-02-10|2026-02-11|2026-02-12,2026-02-13 19:00:22,0.0
Amkor Technology,,2025-12-31|2026-01-02|2026-01-05|2026-01-06|2026-01-07|2026-01-08|2026-01-09|2026-01-12|2026-01-13|2026-01-14|2026-01-15|2026-01-16|2026-01-20|2026-01-21|2026-01-22|2026-01-23|2026-01-26|2026-01-27|2026-01-28|2026-01-29|2026-01-30|2026-02-02|2026-02-03|2026-02-04|2026-02-05|2026-02-06|2026-02-09|2026-02-10|2026-02-11|2026-02-12,2026-02-13 19:00:22,0.0
Insperity,,2025-12-31|2026-01-02|2026-01-05|2026-01-06|2026-01-07|2026-01-08|2026-01-09|2026-01-12|2026-01-13|2026-01-14|2026-01-15|2026-01-16|2026-01-20|2026-01-21|2026-01-22|2026-01-23|2026-01-26|2026-01-27|2026-01-28|2026-01-29|2026-01-30|2026-02-02|2026-02-03|2026-02-04|2026-02-05|2026-02-06|2026-02-09|2026-02-10|2026-02-11|2026-02-12,2026-02-13 19:00:22,0.0
T Rowe Price,,2025-12-31|2026-01-02|2026-01-05|2026-01-06|2026-01-07|2026-01-08|2026-01-09|2026-01-12|2026-01-13|2026-01-14|2026-01-15|2026-01-16|2026-01-20|2026-01-21|2026-01-22|2026-01-23|2026-01-26|2026-01-27|2026-01-28|2026-01-29|2026-01-30|2026-02-02|2026-02-03|2026-02-04|2026-02-05|2026-02-06|2026-02-09|2026-02-10|2026-02-11|2026-02-12,2026-02-13 19:00:22,0.0
Ralph Lauren,,2025-12-31|2026-01-02|2026-01-05|2026-01-06|2026-01-07|2026-01-08|2026-01-09|2026-01-12|2026-01-13|2026-01-14|2026-01-15|2026-01-16|2026-01-20|2026-01-21|2026-01-22|2026-01-23|2026-01-26|2026-01-27|2026-01-28|2026-01-29|2026-01-30|2026-02-02|2026-02-03|2026-02-04|2026-02-05|2026-02-06|2026-02-09|2026-02-10|2026-02-11|2026-02-12,2026-02-13 19:00:22,0.0
KB Home,,2025-12-31|2026-01-02|2026-01-05|2026-01-06|2026-01-07|2026-01-08|2026-01-09|2026-01-12|2026-01-13|2026-01-14|2026-01-15|2026-01-16|2026-01-20|2026-01-21|2026-01-22|2026-01-23|2026-01-26|2026-01-27|2026-01-28|2026-01-29|2026-01-30|2026-02-02|2026-02-03|2026-02-04|2026-02-05|2026-02-06|2026-02-09|2026-02-10|2026-02-11|2026-02-12,2026-02-13 19:00:22,0.0
Brunswick Corporation,,2025-12-31|2026-01-02|2026-01-05|2026-01-06|2026-01-07|2026-01-08|2026-01-09|2026-01-12|2026-01-13|2026-01-14|2026-01-15|2026-01-16|2026-01-20|2026-01-21|2026-01-22|2026-01-23|2026-01-26|2026-01-27|2026-01-28|2026-01-29|2026-01-30|2026-02-02|2026-02-03|2026-02-04|2026-02-05|2026-02-06|2026-02-09|2026-02-10|2026-02-11|2026-02-12,2026-02-13 19:00:22,0.0
Robert Half,,2025-12-31|2026-01-02|2026-01-05|2026-01-06|2026-01-07|2026-01-08|2026-01-09|2026-01-12|2026-01-13|2026-01-14|2026-01-15|2026-01-16|2026-01-20|2026-01-21|2026-01-22|2026-01-23|2026-01-26|2026-01-27|2026-01-28|2026-01-29|2026-01-30|2026-02-02|2026-02-03|2026-02-04|2026-02-05|2026-02-06|2026-02-09|2026-02-10|2026-02-11|2026-02-12,2026-02-13 19:00:22,0.0
PENN Entertainment,,2025-12-31|2026-01-02|2026-01-05|2026-01-06|2026-01-07|2026-01-08|2026-01-09|2026-01-12|2026-01-13|2026-01-14|2026-01-15|2026-01-16|2026-01-20|2026-01-21|2026-01-22|2026-01-23|2026-01-26|2026-01-27|2026-01-28|2026-01-29|2026-01-30|2026-02-02|2026-02-03|2026-02-04|2026-02-05|2026-02-06|2026-02-09|2026-02-10|2026-02-11|2026-02-12,2026-02-13 19:00:22,0.0
NetApp,,2025-12-31|2026-01-02|2026-01-05|2026-01-06|2026-01-07|2026-01-08|2026-01-09|2026-01-12|2026-01-13|2026-01-14|2026-01-15|2026-01-16|2026-01-20|2026-01-21|2026-01-22|2026-01-23|2026-01-26|2026-01-27|2026-01-28|2026-01-29|2026-01-30|2026-02-02|2026-02-03|2026-02-04|2026-02-05|2026-02-06|2026-02-09|2026-02-10|2026-02-11|2026-02-12,2026-02-13 19:00:22,0.0
Organon,,2025-12-31|2026-01-02|2026-01-05|2026-01-06|2026-01-07|2026-01-08|2026-01-09|2026-01-12|2026-01-13|2026-01-14|2026-01-15|2026-01-16|2026-01-20|2026-01-21|2026-01-22|2026-01-23|2026-01-26|2026-01-27|2026-01-28|2026-01-29|2026-01-30|2026-02-02|2026-02-03|2026-02-04|2026-02-05|2026-02-06|2026-02-09|2026-02-10|2026-02-11|2026-02-12,2026-02-13 19:00:22,0.0
Petco Health and Wellness,,2025-12-31|2026-01-02|2026-01-05|2026-01-06|2026-01-07|2026-01-08|2026-01-09|2026-01-12|2026-01-13|2026-01-14|2026-01-15|2026-01-16|2026-01-20|2026-01-21|2026-01-22|2026-01-23|2026-01-26|2026-01-27|2026-01-28|2026-01-29|2026-01-30|2026-02-02|2026-02-03|2026-02-04|2026-02-05|2026-02-06|2026-02-09|2026-02-10|2026-02-11|2026-02-12,2026-02-13 19:00:22,0.0
Regal Rexnord,,2025-12-31|2026-01-02|2026-01-05|2026-01-06|2026-01-07|2026-01-08|2026-01-09|2026-01-12|2026-01-13|2026-01-14|2026-01-15|2026-01-16|2026-01-20|2026-01-21|2026-01-22|2026-01-23|2026-01-26|2026-01-27|2026-01-28|2026-01-29|2026-01-30|2026-02-02|2026-02-03|2026-02-04|2026-02-05|2026-02-06|2026-02-09|2026-02-10|2026-02-11|2026-02-12,2026-02-13 19:00:22,0.0
Resideo Technologies,,2025-12-31|2026-01-02|2026-01-05|2026-01-06|2026-01-07|2026-01-08|2026-01-09|2026-01-12|2026-01-13|2026-01-14|2026-01-15|2026-01-16|2026-01-20|2026-01-21|2026-01-22|2026-01-23|2026-01-26|2026-01-27|2026-01-28|2026-01-29|2026-01-30|2026-02-02|2026-02-03|2026-02-04|2026-02-05|2026-02-06|2026-02-09|2026-02-10|2026-02-11|2026-02-12,2026-02-13 19:00:22,0.0
Camping World,,2025-12-31|2026-01-02|2026-01-05|2026-01-06|2026-01-07|2026-01-08|2026-01-09|2026-01-12|2026-01-13|2026-01-14|2026-01-15|2026-01-16|2026-01-20|2026-01-21|2026-01-22|2026-01-23|2026-01-26|2026-01-27|2026-01-28|2026-01-29|2026-01-30|2026-02-02|2026-02-03|2026-02-04|2026-02-05|2026-02-06|2026-02-09|2026-02-10|2026-02-11|2026-02-12,2026-02-13 19:00:22,0.0
Huntsman Corporation,,2025-12-31|2026-01-02|2026-01-05|2026-01-06|2026-01-07|2026-01-08|2026-01-09|2026-01-12|2026-01-13|2026-01-14|2026-01-15|2026-01-16|2026-01-20|2026-01-21|2026-01-22|2026-01-23|2026-01-26|2026-01-27|2026-01-28|2026-01-29|2026-01-30|2026-02-02|2026-02-03|2026-02-04|2026-02-05|2026-02-06|2026-02-09|2026-02-10|2026-02-11|2026-02-12,2026-02-13 19:00:22,0.0
Victorias Secret,,2025-12-31|2026-01-02|2026-01-05|2026-01-06|2026-01-07|2026-01-08|2026-01-09|2026-01-12|2026-01-13|2026-01-14|2026-01-15|2026-01-16|2026-01-20|2026-01-21|2026-01-22|2026-01-23|2026-01-26|2026-01-27|2026-01-28|2026-01-29|2026-01-30|2026-02-02|2026-02-03|2026-02-04|2026-02-05|2026-02-06|2026-02-09|2026-02-10|2026-02-11|2026-02-12,2026-02-13 19:00:22,0.0
Levi Strauss,,2025-12-31|2026-01-02|2026-01-05|2026-01-06|2026-01-07|2026-01-08|2026-01-09|2026-01-12|2026-01-13|2026-01-14|2026-01-15|2026-01-16|2026-01-20|2026-01-21|2026-01-22|2026-01-23|2026-01-26|2026-01-27|2026-01-28|2026-01-29|2026-01-30|2026-02-02|2026-02-03|2026-02-04|2026-02-05|2026-02-06|2026-02-09|2026-02-10|2026-02-11|2026-02-12,2026-02-13 19:00:22,0.0
Roper Technologies,,2025-12-31|2026-01-02|2026-01-05|2026-01-06|2026-01-07|2026-01-08|2026-01-09|2026-01-12|2026-01-13|2026-01-14|2026-01-15|2026-01-16|2026-01-20|2026-01-21|2026-01-22|2026-01-23|2026-01-26|2026-01-27|2026-01-28|2026-01-29|2026-01-30|2026-02-02|2026-02-03|2026-02-04|2026-02-05|2026-02-06|2026-02-09|2026-02-10|2026-02-11|2026-02-12,2026-02-13 19:00:22,0.0
Academy Sports and Outdoors,,2025-12-31|2026-01-02|2026-01-05|2026-01-06|2026-01-07|2026-01-08|2026-01-09|2026-01-12|2026-01-13|2026-01-14|2026-01-15|2026-01-16|2026-01-20|2026-01-21|2026-01-22|2026-01-23|2026-01-26|2026-01-27|2026-01-28|2026-01-29|2026-01-30|2026-02-02|2026-02-03|2026-02-04|2026-02-05|2026-02-06|2026-02-09|2026-02-10|2026-02-11|2026-02-12,2026-02-13 19:00:22,0.0
Meritage Homes,,2025-12-31|2026-01-02|2026-01-05|2026-01-06|2026-01-07|2026-01-08|2026-01-09|2026-01-12|2026-01-13|2026-01-14|2026-01-15|2026-01-16|2026-01-20|2026-01-21|2026-01-22|2026-01-23|2026-01-26|2026-01-27|2026-01-28|2026-01-29|2026-01-30|2026-02-02|2026-02-03|2026-02-04|2026-02-05|2026-02-06|2026-02-09|2026-02-10|2026-02-11|2026-02-12,2026-02-13 19:00:22,0.0
American Axle & Manufacturing,,2025-12-31|2026-01-02|2026-01-05|2026-01-06|2026-01-07|2026-01-08|2026-01-09|2026-01-12|2026-01-13|2026-01-14|2026-01-15|2026-01-16|2026-01-20|2026-01-21|2026-01-22|2026-01-23|2026-01-26|2026-01-27|2026-01-28|2026-01-29|2026-01-30|2026-02-02|2026-02-03|2026-02-04|2026-02-05|2026-02-06|2026-02-09|2026-02-10|2026-02-11|2026-02-12,2026-02-13 19:00:22,0.0
Fortive,,2025-12-31|2026-01-02|2026-01-05|2026-01-06|2026-01-07|2026-01-08|2026-01-09|2026-01-12|2026-01-13|2026-01-14|2026-01-15|2026-01-16|2026-01-20|2026-01-21|2026-01-22|2026-01-23|2026-01-26|2026-01-27|2026-01-28|2026-01-29|2026-01-30|2026-02-02|2026-02-03|2026-02-04|2026-02-05|2026-02-06|2026-02-09|2026-02-10|2026-02-11|2026-02-12,2026-02-13 19:00:22,0.0
Nasdaq Inc,,2025-12-31|2026-01-02|2026-01-05|2026-01-06|2026-01-07|2026-01-08|2026-01-09|2026-01-12|2026-01-13|2026-01-14|2026-01-15|2026-01-16|2026-01-20|2026-01-21|2026-01-22|2026-01-23|2026-01-26|2026-01-27|2026-01-28|2026-01-29|2026-01-30|2026-02-02|2026-02-03|2026-02-04|2026-02-05|2026-02-06|2026-02-09|2026-02-10|2026-02-11|2026-02-12,2026-02-13 19:00:22,0.0
Broadridge Financial Solutions,,2025-12-31|2026-01-02|2026-01-05|2026-01-06|2026-01-07|2026-01-08|2026-01-09|2026-01-12|2026-01-13|2026-01-14|2026-01-15|2026-01-16|2026-01-20|2026-01-21|2026-01-22|2026-01-23|2026-01-26|2026-01-27|2026-01-28|2026-01-29|2026-01-30|2026-02-02|2026-02-03|2026-02-04|2026-02-05|2026-02-06|2026-02-09|2026-02-10|2026-02-11|2026-02-12,2026-02-13 19:00:22,0.0
Warner Music Group,,2025-12-31|2026-01-02|2026-01-05|2026-01-06|2026-01-07|2026-01-08|2026-01-09|2026-01-12|2026-01-13|2026-01-14|2026-01-15|2026-01-16|2026-01-20|2026-01-21|2026-01-22|2026-01-23|2026-01-26|2026-01-27|2026-01-28|2026-01-29|2026-01-30|2026-02-02|2026-02-03|2026-02-04|2026-02-05|2026-02-06|2026-02-09|2026-02-10|2026-02-11|2026-02-12,2026-02-13 19:00:22,0.0
Chemours,,2025-12-31|2026-01-02|2026-01-05|2026-01-06|2026-01-07|2026-01-08|2026-01-09|2026-01-12|2026-01-13|2026-01-14|2026-01-15|2026-01-16|2026-01-20|2026-01-21|2026-01-22|2026-01-23|2026-01-26|2026-01-27|2026-01-28|2026-01-29|2026-01-30|2026-02-02|2026-02-03|2026-02-04|2026-02-05|2026-02-06|2026-02-09|2026-02-10|2026-02-11|2026-02-12,2026-02-13 19:00:22,0.0
ADT,,2025-12-31|2026-01-02|2026-01-05|2026-01-06|2026-01-07|2026-01-08|2026-01-09|2026-01-12|2026-01-13|2026-01-14|2026-01-15|2026-01-16|2026-01-20|2026-01-21|2026-01-22|2026-01-23|2026-01-26|2026-01-27|2026-01-28|2026-01-29|2026-01-30|2026-02-02|2026-02-03|2026-02-04|2026-02-05|2026-02-06|2026-02-09|2026-02-10|2026-02-11|2026-02-12,2026-02-13 19:00:22,0.0
Edwards Lifesciences,,2025-12-31|2026-01-02|2026-01-05|2026-01-06|2026-01-07|2026-01-08|2026-01-09|2026-01-12|2026-01-13|2026-01-14|2026-01-15|2026-01-16|2026-01-20|2026-01-21|2026-01-22|2026-01-23|2026-01-26|2026-01-27|2026-01-28|2026-01-29|2026-01-30|2026-02-02|2026-02-03|2026-02-04|2026-02-05|2026-02-06|2026-02-09|2026-02-10|2026-02-11|2026-02-12,2026-02-13 19:00:22,0.0
First American Financial,,2025-12-31|2026-01-02|2026-01-05|2026-01-06|2026-01-07|2026-01-08|2026-01-09|2026-01-12|2026-01-13|2026-01-14|2026-01-15|2026-01-16|2026-01-20|2026-01-21|2026-01-22|2026-01-23|2026-01-26|2026-01-27|2026-01-28|2026-01-29|2026-01-30|2026-02-02|2026-02-03|2026-02-04|2026-02-05|2026-02-06|2026-02-09|2026-02-10|2026-02-11|2026-02-12,2026-02-13 19:00:22,0.0
Hanover Insurance Group,,2025-12-31|2026-01-02|2026-01-05|2026-01-06|2026-01-07|2026-01-08|2026-01-09|2026-01-12|2026-01-13|2026-01-14|2026-01-15|2026-01-16|2026-01-20|2026-01-21|2026-01-22|2026-01-23|2026-01-26|2026-01-27|2026-01-28|2026-01-29|2026-01-30|2026-02-02|2026-02-03|2026-02-04|2026-02-05|2026-02-06|2026-02-09|2026-02-10|2026-02-11|2026-02-12,2026-02-13 19:00:22,0.0
Silgan,,2025-12-31|2026-01-02|2026-01-05|2026-01-06|2026-01-07|2026-01-08|2026-01-09|2026-01-12|2026-01-13|2026-01-14|2026-01-15|2026-01-16|2026-01-20|2026-01-21|2026-01-22|2026-01-23|2026-01-26|2026-01-27|2026-01-28|2026-01-29|2026-01-30|2026-02-02|2026-02-03|2026-02-04|2026-02-05|2026-02-06|2026-02-09|2026-02-10|2026-02-11|2026-02-12,2026-02-13 19:00:22,0.0
Moodys Corporation,,2025-12-31|2026-01-02|2026-01-05|2026-01-06|2026-01-07|2026-01-08|2026-01-09|2026-01-12|2026-01-13|2026-01-14|2026-01-15|2026-01-16|2026-01-20|2026-01-21|2026-01-22|2026-01-23|2026-01-26|2026-01-27|2026-01-28|2026-01-29|2026-01-30|2026-02-02|2026-02-03|2026-02-04|2026-02-05|2026-02-06|2026-02-09|2026-02-10|2026-02-11|2026-02-12,2026-02-13 19:00:22,0.0
Coterra Energy,,2025-12-31|2026-01-02|2026-01-05|2026-01-06|2026-01-07|2026-01-08|2026-01-09|2026-01-12|2026-01-13|2026-01-14|2026-01-15|2026-01-16|2026-01-20|2026-01-21|2026-01-22|2026-01-23|2026-01-26|2026-01-27|2026-01-28|2026-01-29|2026-01-30|2026-02-02|2026-02-03|2026-02-04|2026-02-05|2026-02-06|2026-02-09|2026-02-10|2026-02-11|2026-02-12,2026-02-13 19:00:22,0.0
Gartner,,2025-12-31|2026-01-02|2026-01-05|2026-01-06|2026-01-07|2026-01-08|2026-01-09|2026-01-12|2026-01-13|2026-01-14|2026-01-15|2026-01-16|2026-01-20|2026-01-21|2026-01-22|2026-01-23|2026-01-26|2026-01-27|2026-01-28|2026-01-29|2026-01-30|2026-02-02|2026-02-03|2026-02-04|2026-02-05|2026-02-06|2026-02-09|2026-02-10|2026-02-11|2026-02-12,2026-02-13 19:00:22,0.0
Under Armour,,2025-12-31|2026-01-02|2026-01-05|2026-01-06|2026-01-07|2026-01-08|2026-01-09|2026-01-12|2026-01-13|2026-01-14|2026-01-15|2026-01-16|2026-01-20|2026-01-21|2026-01-22|2026-01-23|2026-01-26|2026-01-27|2026-01-28|2026-01-29|2026-01-30|2026-02-02|2026-02-03|2026-02-04|2026-02-05|2026-02-06|2026-02-09|2026-02-10|2026-02-11|2026-02-12,2026-02-13 19:00:22,0.0
Ingles Markets,,2025-12-31|2026-01-02|2026-01-05|2026-01-06|2026-01-07|2026-01-08|2026-01-09|2026-01-12|2026-01-13|2026-01-14|2026-01-15|2026-01-16|2026-01-20|2026-01-21|2026-01-22|2026-01-23|2026-01-26|2026-01-27|2026-01-28|2026-01-29|2026-01-30|2026-02-02|2026-02-03|2026-02-04|2026-02-05|2026-02-06|2026-02-09|2026-02-10|2026-02-11|2026-02-12,2026-02-13 19:00:22,0.0
Church & Dwight,,2025-12-31|2026-01-02|2026-01-05|2026-01-06|2026-01-07|2026-01-08|2026-01-09|2026-01-12|2026-01-13|2026-01-14|2026-01-15|2026-01-16|2026-01-20|2026-01-21|2026-01-22|2026-01-23|2026-01-26|2026-01-27|2026-01-28|2026-01-29|2026-01-30|2026-02-02|2026-02-03|2026-02-04|2026-02-05|2026-02-06|2026-02-09|2026-02-10|2026-02-11|2026-02-12,2026-02-13 19:00:22,0.0
Old Dominion Freight Line,,2025-12-31|2026-01-02|2026-01-05|2026-01-06|2026-01-07|2026-01-08|2026-01-09|2026-01-12|2026-01-13|2026-01-14|2026-01-15|2026-01-16|2026-01-20|2026-01-21|2026-01-22|2026-01-23|2026-01-26|2026-01-27|2026-01-28|2026-01-29|2026-01-30|2026-02-02|2026-02-03|2026-02-04|2026-02-05|2026-02-06|2026-02-09|2026-02-10|2026-02-11|2026-02-12,2026-02-13 19:00:22,0.0
U-Haul,,2025-12-31|2026-01-02|2026-01-05|2026-01-06|2026-01-07|2026-01-08|2026-01-09|2026-01-12|2026-01-13|2026-01-14|2026-01-15|2026-01-16|2026-01-20|2026-01-21|2026-01-22|2026-01-23|2026-01-26|2026-01-27|2026-01-28|2026-01-29|2026-01-30|2026-02-02|2026-02-03|2026-02-04|2026-02-05|2026-02-06|2026-02-09|2026-02-10|2026-02-11|2026-02-12,2026-02-13 19:00:22,0.0
Arista Networks,,2025-12-31|2026-01-02|2026-01-05|2026-01-06|2026-01-07|2026-01-08|2026-01-09|2026-01-12|2026-01-13|2026-01-14|2026-01-15|2026-01-16|2026-01-20|2026-01-21|2026-01-22|2026-01-23|2026-01-26|2026-01-27|2026-01-28|2026-01-29|2026-01-30|2026-02-02|2026-02-03|2026-02-04|2026-02-05|2026-02-06|2026-02-09|2026-02-10|2026-02-11|2026-02-12,2026-02-13 19:00:22,0.0
Synopsys,,2025-12-31|2026-01-02|2026-01-05|2026-01-06|2026-01-07|2026-01-08|2026-01-09|2026-01-12|2026-01-13|2026-01-14|2026-01-15|2026-01-16|2026-01-20|2026-01-21|2026-01-22|2026-01-23|2026-01-26|2026-01-27|2026-01-28|2026-01-29|2026-01-30|2026-02-02|2026-02-03|2026-02-04|2026-02-05|2026-02-06|2026-02-09|2026-02-10|2026-02-11|2026-02-12,2026-02-13 19:00:22,0.0
Harley-Davidson,,2025-12-31|2026-01-02|2026-01-05|2026-01-06|2026-01-07|2026-01-08|2026-01-09|2026-01-12|2026-01-13|2026-01-14|2026-01-15|2026-01-16|2026-01-20|2026-01-21|2026-01-22|2026-01-23|2026-01-26|2026-01-27|2026-01-28|2026-01-29|2026-01-30|2026-02-02|2026-02-03|2026-02-04|2026-02-05|2026-02-06|2026-02-09|2026-02-10|2026-02-11|2026-02-12,2026-02-13 19:00:22,0.0
Frontier Communications,,2025-12-08|2025-12-09|2025-12-10|2025-12-11|2025-12-12|2025-12-15|2025-12-16|2025-12-17|2025-12-18|2025-12-19|2025-12-22|2025-12-23|2025-12-24|2025-12-26|2025-12-29|2025-12-30|2025-12-31|2026-01-02|2026-01-05|2026-01-06|2026-01-07|2026-01-08|2026-01-09|2026-01-12|2026-01-13|2026-01-14|2026-01-15|2026-01-16|2026-01-20|2026-01-21,2026-02-13 19:00:22,0.0
Primoris Services,,2025-12-31|2026-01-02|2026-01-05|2026-01-06|2026-01-07|2026-01-08|2026-01-09|2026-01-12|2026-01-13|2026-01-14|2026-01-15|2026-01-16|2026-01-20|2026-01-21|2026-01-22|2026-01-23|2026-01-26|2026-01-27|2026-01-28|2026-01-29|2026-01-30|2026-02-02|2026-02-03|2026-02-04|2026-02-05|2026-02-06|2026-02-09|2026-02-10|2026-02-11|2026-02-12,2026-02-13 19:00:22,0.0
Carlisle Companies,,2025-12-31|2026-01-02|2026-01-05|2026-01-06|2026-01-07|2026-01-08|2026-01-09|2026-01-12|2026-01-13|2026-01-14|2026-01-15|2026-01-16|2026-01-20|2026-01-21|2026-01-22|2026-01-23|2026-01-26|2026-01-27|2026-01-28|2026-01-29|2026-01-30|2026-02-02|2026-02-03|2026-02-04|2026-02-05|2026-02-06|2026-02-09|2026-02-10|2026-02-11|2026-02-12,2026-02-13 19:00:22,0.0
Simon Property Group,,2025-12-31|2026-01-02|2026-01-05|2026-01-06|2026-01-07|2026-01-08|2026-01-09|2026-01-12|2026-01-13|2026-01-14|2026-01-15|2026-01-16|2026-01-20|2026-01-21|2026-01-22|2026-01-23|2026-01-26|2026-01-27|2026-01-28|2026-01-29|2026-01-30|2026-02-02|2026-02-03|2026-02-04|2026-02-05|2026-02-06|2026-02-09|2026-02-10|2026-02-11|2026-02-12,2026-02-13 19:00:22,0.0
Anywhere Real Estate Inc,,2025-11-25|2025-11-26|2025-11-28|2025-12-01|2025-12-02|2025-12-03|2025-12-04|2025-12-05|2025-12-08|2025-12-09|2025-12-10|2025-12-11|2025-12-12|2025-12-15|2025-12-16|2025-12-17|2025-12-18|2025-12-19|2025-12-22|2025-12-23|2025-12-24|2025-12-26|2025-12-29|2025-12-30|2025-12-31|2026-01-02|2026-01-05|2026-01-06|2026-01-07|2026-01-08,2026-02-13 19:00:22,0.0
Teledyne Technologies,,2025-12-31|2026-01-02|2026-01-05|2026-01-06|2026-01-07|2026-01-08|2026-01-09|2026-01-12|2026-01-13|2026-01-14|2026-01-15|2026-01-16|2026-01-20|2026-01-21|2026-01-22|2026-01-23|2026-01-26|2026-01-27|2026-01-28|2026-01-29|2026-01-30|2026-02-02|2026-02-03|2026-02-04|2026-02-05|2026-02-06|2026-02-09|2026-02-10|2026-02-11|2026-02-12,2026-02-13 19:00:22,0.0
CME Group,,2025-12-31|2026-01-02|2026-01-05|2026-01-06|2026-01-07|2026-01-08|2026-01-09|2026-01-12|2026-01-13|2026-01-14|2026-01-15|2026-01-16|2026-01-20|2026-01-21|2026-01-22|2026-01-23|2026-01-26|2026-01-27|2026-01-28|2026-01-29|2026-01-30|2026-02-02|2026-02-03|2026-02-04|2026-02-05|2026-02-06|2026-02-09|2026-02-10|2026-02-11|2026-02-12,2026-02-13 19:00:22,0.0
Coty,,2025-12-31|2026-01-02|2026-01-05|2026-01-06|2026-01-07|2026-01-08|2026-01-09|2026-01-12|2026-01-13|2026-01-14|2026-01-15|2026-01-16|2026-01-20|2026-01-21|2026-01-22|2026-01-23|2026-01-26|2026-01-27|2026-01-28|2026-01-29|2026-01-30|2026-02-02|2026-02-03|2026-02-04|2026-02-05|2026-02-06|2026-02-09|2026-02-10|2026-02-11|2026-02-12,2026-02-13 19:00:22,0.0
Pool Corporation,,2025-12-31|2026-01-02|2026-01-05|2026-01-06|2026-01-07|2026-01-08|2026-01-09|2026-01-12|2026-01-13|2026-01-14|2026-01-15|2026-01-16|2026-01-20|2026-01-21|2026-01-22|2026-01-23|2026-01-26|2026-01-27|2026-01-28|2026-01-29|2026-01-30|2026-02-02|2026-02-03|2026-02-04|2026-02-05|2026-02-06|2026-02-09|2026-02-10|2026-02-11|2026-02-12,2026-02-13 19:00:22,0.0
Evergy,,2025-12-31|2026-01-02|2026-01-05|2026-01-06|2026-01-07|2026-01-08|2026-01-09|2026-01-12|2026-01-13|2026-01-14|2026-01-15|2026-01-16|2026-01-20|2026-01-21|2026-01-22|2026-01-23|2026-01-26|2026-01-27|2026-01-28|2026-01-29|2026-01-30|2026-02-02|2026-02-03|2026-02-04|2026-02-05|2026-02-06|2026-02-09|2026-02-10|2026-02-11|2026-02-12,2026-02-13 19:00:22,0.0
Marvell Technology,,2025-12-31|2026-01-02|2026-01-05|2026-01-06|2026-01-07|2026-01-08|2026-01-09|2026-01-12|2026-01-13|2026-01-14|2026-01-15|2026-01-16|2026-01-20|2026-01-21|2026-01-22|2026-01-23|2026-01-26|2026-01-27|2026-01-28|2026-01-29|2026-01-30|2026-02-02|2026-02-03|2026-02-04|2026-02-05|2026-02-06|2026-02-09|2026-02-10|2026-02-11|2026-02-12,2026-02-13 19:00:22,0.0
NiSource,,2025-12-31|2026-01-02|2026-01-05|2026-01-06|2026-01-07|2026-01-08|2026-01-09|2026-01-12|2026-01-13|2026-01-14|2026-01-15|2026-01-16|2026-01-20|2026-01-21|2026-01-22|2026-01-23|2026-01-26|2026-01-27|2026-01-28|2026-01-29|2026-01-30|2026-02-02|2026-02-03|2026-02-04|2026-02-05|2026-02-06|2026-02-09|2026-02-10|2026-02-11|2026-02-12,2026-02-13 19:00:22,0.0
SS&C Technologies,,2025-12-31|2026-01-02|2026-01-05|2026-01-06|2026-01-07|2026-01-08|2026-01-09|2026-01-12|2026-01-13|2026-01-14|2026-01-15|2026-01-16|2026-01-20|2026-01-21|2026-01-22|2026-01-23|2026-01-26|2026-01-27|2026-01-28|2026-01-29|2026-01-30|2026-02-02|2026-02-03|2026-02-04|2026-02-05|2026-02-06|2026-02-09|2026-02-10|2026-02-11|2026-02-12,2026-02-13 19:00:22,0.0
Schneider National,,2025-12-31|2026-01-02|2026-01-05|2026-01-06|2026-01-07|2026-01-08|2026-01-09|2026-01-12|2026-01-13|2026-01-14|2026-01-15|2026-01-16|2026-01-20|2026-01-21|2026-01-22|2026-01-23|2026-01-26|2026-01-27|2026-01-28|2026-01-29|2026-01-30|2026-02-02|2026-02-03|2026-02-04|2026-02-05|2026-02-06|2026-02-09|2026-02-10|2026-02-11|2026-02-12,2026-02-13 19:00:22,0.0
Autodesk,,2025-12-31|2026-01-02|2026-01-05|2026-01-06|2026-01-07|2026-01-08|2026-01-09|2026-01-12|2026-01-13|2026-01-14|2026-01-15|2026-01-16|2026-01-20|2026-01-21|2026-01-22|2026-01-23|2026-01-26|2026-01-27|2026-01-28|2026-01-29|2026-01-30|2026-02-02|2026-02-03|2026-02-04|2026-02-05|2026-02-06|2026-02-09|2026-02-10|2026-02-11|2026-02-12,2026-02-13 19:00:22,0.0
Sealed Air Corporation,,2025-12-31|2026-01-02|2026-01-05|2026-01-06|2026-01-07|2026-01-08|2026-01-09|2026-01-12|2026-01-13|2026-01-14|2026-01-15|2026-01-16|2026-01-20|2026-01-21|2026-01-22|2026-01-23|2026-01-26|2026-01-27|2026-01-28|2026-01-29|2026-01-30|2026-02-02|2026-02-03|2026-02-04|2026-02-05|2026-02-06|2026-02-09|2026-02-10|2026-02-11|2026-02-12,2026-02-13 19:00:22,0.0
Iron Mountain,,2025-12-31|2026-01-02|2026-01-05|2026-01-06|2026-01-07|2026-01-08|2026-01-09|2026-01-12|2026-01-13|2026-01-14|2026-01-15|2026-01-16|2026-01-20|2026-01-21|2026-01-22|2026-01-23|2026-01-26|2026-01-27|2026-01-28|2026-01-29|2026-01-30|2026-02-02|2026-02-03|2026-02-04|2026-02-05|2026-02-06|2026-02-09|2026-02-10|2026-02-11|2026-02-12,2026-02-13 19:00:22,0.0
Digital Realty Trust,,2025-12-31|2026-01-02|2026-01-05|2026-01-06|2026-01-07|2026-01-08|2026-01-09|2026-01-12|2026-01-13|2026-01-14|2026-01-15|2026-01-16|2026-01-20|2026-01-21|2026-01-22|2026-01-23|2026-01-26|2026-01-27|2026-01-28|2026-01-29|2026-01-30|2026-02-02|2026-02-03|2026-02-04|2026-02-05|2026-02-06|2026-02-09|2026-02-10|2026-02-11|2026-02-12,2026-02-13 19:00:22,0.0
Keysight Technologies,,2025-12-31|2026-01-02|2026-01-05|2026-01-06|2026-01-07|2026-01-08|2026-01-09|2026-01-12|2026-01-13|2026-01-14|2026-01-15|2026-01-16|2026-01-20|2026-01-21|2026-01-22|2026-01-23|2026-01-26|2026-01-27|2026-01-28|2026-01-29|2026-01-30|2026-02-02|2026-02-03|2026-02-04|2026-02-05|2026-02-06|2026-02-09|2026-02-10|2026-02-11|2026-02-12,2026-02-13 19:00:22,0.0
Globe Life,,2025-12-31|2026-01-02|2026-01-05|2026-01-06|2026-01-07|2026-01-08|2026-01-09|2026-01-12|2026-01-13|2026-01-14|2026-01-15|2026-01-16|2026-01-20|2026-01-21|2026-01-22|2026-01-23|2026-01-26|2026-01-27|2026-01-28|2026-01-29|2026-01-30|2026-02-02|2026-02-03|2026-02-04|2026-02-05|2026-02-06|2026-02-09|2026-02-10|2026-02-11|2026-02-12,2026-02-13 19:00:22,0.0
Parsons Corporation,,2025-12-31|2026-01-02|2026-01-05|2026-01-06|2026-01-07|2026-01-08|2026-01-09|2026-01-12|2026-01-13|2026-01-14|2026-01-15|2026-01-16|2026-01-20|2026-01-21|2026-01-22|2026-01-23|2026-01-26|2026-01-27|2026-01-28|2026-01-29|2026-01-30|2026-02-02|2026-02-03|2026-02-04|2026-02-05|2026-02-06|2026-02-09|2026-02-10|2026-02-11|2026-02-12,2026-02-13 19:00:22,0.0
Mattel,,2025-12-31|2026-01-02|2026-01-05|2026-01-06|2026-01-07|2026-01-08|2026-01-09|2026-01-12|2026-01-13|2026-01-14|2026-01-15|2026-01-16|2026-01-20|2026-01-21|2026-01-22|2026-01-23|2026-01-26|2026-01-27|2026-01-28|2026-01-29|2026-01-30|2026-02-02|2026-02-03|2026-02-04|2026-02-05|2026-02-06|2026-02-09|2026-02-10|2026-02-11|2026-02-12,2026-02-13 19:00:22,0.0
Southwest Gas Holdings,,2025-12-31|2026-01-02|2026-01-05|2026-01-06|2026-01-07|2026-01-08|2026-01-09|2026-01-12|2026-01-13|2026-01-14|2026-01-15|2026-01-16|2026-01-20|2026-01-21|2026-01-22|2026-01-23|2026-01-26|2026-01-27|2026-01-28|2026-01-29|2026-01-30|2026-02-02|2026-02-03|2026-02-04|2026-02-05|2026-02-06|2026-02-09|2026-02-10|2026-02-11|2026-02-12,2026-02-13 19:00:22,0.0
Clean Harbors,,2025-12-31|2026-01-02|2026-01-05|2026-01-06|2026-01-07|2026-01-08|2026-01-09|2026-01-12|2026-01-13|2026-01-14|2026-01-15|2026-01-16|2026-01-20|2026-01-21|2026-01-22|2026-01-23|2026-01-26|2026-01-27|2026-01-28|2026-01-29|2026-01-30|2026-02-02|2026-02-03|2026-02-04|2026-02-05|2026-02-06|2026-02-09|2026-02-10|2026-02-11|2026-02-12,2026-02-13 19:00:22,0.0
Hubbell Incorporated,,2025-12-31|2026-01-02|2026-01-05|2026-01-06|2026-01-07|2026-01-08|2026-01-09|2026-01-12|2026-01-13|2026-01-14|2026-01-15|2026-01-16|2026-01-20|2026-01-21|2026-01-22|2026-01-23|2026-01-26|2026-01-27|2026-01-28|2026-01-29|2026-01-30|2026-02-02|2026-02-03|2026-02-04|2026-02-05|2026-02-06|2026-02-09|2026-02-10|2026-02-11|2026-02-12,2026-02-13 19:00:22,0.0
Lamb Weston,,2025-12-31|2026-01-02|2026-01-05|2026-01-06|2026-01-07|2026-01-08|2026-01-09|2026-01-12|2026-01-13|2026-01-14|2026-01-15|2026-01-16|2026-01-20|2026-01-21|2026-01-22|2026-01-23|2026-01-26|2026-01-27|2026-01-28|2026-01-29|2026-01-30|2026-02-02|2026-02-03|2026-02-04|2026-02-05|2026-02-06|2026-02-09|2026-02-10|2026-02-11|2026-02-12,2026-02-13 19:00:22,0.0
Take-Two Interactive Software,,2025-12-31|2026-01-02|2026-01-05|2026-01-06|2026-01-07|2026-01-08|2026-01-09|2026-01-12|2026-01-13|2026-01-14|2026-01-15|2026-01-16|2026-01-20|2026-01-21|2026-01-22|2026-01-23|2026-01-26|2026-01-27|2026-01-28|2026-01-29|2026-01-30|2026-02-02|2026-02-03|2026-02-04|2026-02-05|2026-02-06|2026-02-09|2026-02-10|2026-02-11|2026-02-12,2026-02-13 19:00:22,0.0
Landstar System,,2025-12-31|2026-01-02|2026-01-05|2026-01-06|2026-01-07|2026-01-08|2026-01-09|2026-01-12|2026-01-13|2026-01-14|2026-01-15|2026-01-16|2026-01-20|2026-01-21|2026-01-22|2026-01-23|2026-01-26|2026-01-27|2026-01-28|2026-01-29|2026-01-30|2026-02-02|2026-02-03|2026-02-04|2026-02-05|2026-02-06|2026-02-09|2026-02-10|2026-02-11|2026-02-12,2026-02-13 19:00:22,0.0
Host Hotels & Resorts,,2025-12-31|2026-01-02|2026-01-05|2026-01-06|2026-01-07|2026-01-08|2026-01-09|2026-01-12|2026-01-13|2026-01-14|2026-01-15|2026-01-16|2026-01-20|2026-01-21|2026-01-22|2026-01-23|2026-01-26|2026-01-27|2026-01-28|2026-01-29|2026-01-30|2026-02-02|2026-02-03|2026-02-04|2026-02-05|2026-02-06|2026-02-09|2026-02-10|2026-02-11|2026-02-12,2026-02-13 19:00:22,0.0
Fortinet,,2025-12-31|2026-01-02|2026-01-05|2026-01-06|2026-01-07|2026-01-08|2026-01-09|2026-01-12|2026-01-13|2026-01-14|2026-01-15|2026-01-16|2026-01-20|2026-01-21|2026-01-22|2026-01-23|2026-01-26|2026-01-27|2026-01-28|2026-01-29|2026-01-30|2026-02-02|2026-02-03|2026-02-04|2026-02-05|2026-02-06|2026-02-09|2026-02-10|2026-02-11|2026-02-12,2026-02-13 19:00:22,0.0
OneMain,,2025-12-31|2026-01-02|2026-01-05|2026-01-06|2026-01-07|2026-01-08|2026-01-09|2026-01-12|2026-01-13|2026-01-14|2026-01-15|2026-01-16|2026-01-20|2026-01-21|2026-01-22|2026-01-23|2026-01-26|2026-01-27|2026-01-28|2026-01-29|2026-01-30|2026-02-02|2026-02-03|2026-02-04|2026-02-05|2026-02-06|2026-02-09|2026-02-10|2026-02-11|2026-02-12,2026-02-13 19:00:22,0.0
GameStop,,2025-12-31|2026-01-02|2026-01-05|2026-01-06|2026-01-07|2026-01-08|2026-01-09|2026-01-12|2026-01-13|2026-01-14|2026-01-15|2026-01-16|2026-01-20|2026-01-21|2026-01-22|2026-01-23|2026-01-26|2026-01-27|2026-01-28|2026-01-29|2026-01-30|2026-02-02|2026-02-03|2026-02-04|2026-02-05|2026-02-06|2026-02-09|2026-02-10|2026-02-11|2026-02-12,2026-02-13 19:00:22,0.0
Equifax,,2025-12-31|2026-01-02|2026-01-05|2026-01-06|2026-01-07|2026-01-08|2026-01-09|2026-01-12|2026-01-13|2026-01-14|2026-01-15|2026-01-16|2026-01-20|2026-01-21|2026-01-22|2026-01-23|2026-01-26|2026-01-27|2026-01-28|2026-01-29|2026-01-30|2026-02-02|2026-02-03|2026-02-04|2026-02-05|2026-02-06|2026-02-09|2026-02-10|2026-02-11|2026-02-12,2026-02-13 19:00:22,0.0
American Eagle Outfitters,,2025-12-31|2026-01-02|2026-01-05|2026-01-06|2026-01-07|2026-01-08|2026-01-09|2026-01-12|2026-01-13|2026-01-14|2026-01-15|2026-01-16|2026-01-20|2026-01-21|2026-01-22|2026-01-23|2026-01-26|2026-01-27|2026-01-28|2026-01-29|2026-01-30|2026-02-02|2026-02-03|2026-02-04|2026-02-05|2026-02-06|2026-02-09|2026-02-10|2026-02-11|2026-02-12,2026-02-13 19:00:22,0.0
Greif,,2025-12-31|2026-01-02|2026-01-05|2026-01-06|2026-01-07|2026-01-08|2026-01-09|2026-01-12|2026-01-13|2026-01-14|2026-01-15|2026-01-16|2026-01-20|2026-01-21|2026-01-22|2026-01-23|2026-01-26|2026-01-27|2026-01-28|2026-01-29|2026-01-30|2026-02-02|2026-02-03|2026-02-04|2026-02-05|2026-02-06|2026-02-09|2026-02-10|2026-02-11|2026-02-12,2026-02-13 19:00:22,0.0
Comfort Systems USA,,2025-12-31|2026-01-02|2026-01-05|2026-01-06|2026-01-07|2026-01-08|2026-01-09|2026-01-12|2026-01-13|2026-01-14|2026-01-15|2026-01-16|2026-01-20|2026-01-21|2026-01-22|2026-01-23|2026-01-26|2026-01-27|2026-01-28|2026-01-29|2026-01-30|2026-02-02|2026-02-03|2026-02-04|2026-02-05|2026-02-06|2026-02-09|2026-02-10|2026-02-11|2026-02-12,2026-02-13 19:00:22,0.0
TopBuild,,2025-12-31|2026-01-02|2026-01-05|2026-01-06|2026-01-07|2026-01-08|2026-01-09|2026-01-12|2026-01-13|2026-01-14|2026-01-15|2026-01-16|2026-01-20|2026-01-21|2026-01-22|2026-01-23|2026-01-26|2026-01-27|2026-01-28|2026-01-29|2026-01-30|2026-02-02|2026-02-03|2026-02-04|2026-02-05|2026-02-06|2026-02-09|2026-02-10|2026-02-11|2026-02-12,2026-02-13 19:00:22,0.0
Bread Financial,,2025-12-31|2026-01-02|2026-01-05|2026-01-06|2026-01-07|2026-01-08|2026-01-09|2026-01-12|2026-01-13|2026-01-14|2026-01-15|2026-01-16|2026-01-20|2026-01-21|2026-01-22|2026-01-23|2026-01-26|2026-01-27|2026-01-28|2026-01-29|2026-01-30|2026-02-02|2026-02-03|2026-02-04|2026-02-05|2026-02-06|2026-02-09|2026-02-10|2026-02-11|2026-02-12,2026-02-13 19:00:22,0.0
Coherent,,2025-12-31|2026-01-02|2026-01-05|2026-01-06|2026-01-07|2026-01-08|2026-01-09|2026-01-12|2026-01-13|2026-01-14|2026-01-15|2026-01-16|2026-01-20|2026-01-21|2026-01-22|2026-01-23|2026-01-26|2026-01-27|2026-01-28|2026-01-29|2026-01-30|2026-02-02|2026-02-03|2026-02-04|2026-02-05|2026-02-06|2026-02-09|2026-02-10|2026-02-11|2026-02-12,2026-02-13 19:00:22,0.0
Telephone & Data Systems,,2025-12-31|2026-01-02|2026-01-05|2026-01-06|2026-01-07|2026-01-08|2026-01-09|2026-01-12|2026-01-13|2026-01-14|2026-01-15|2026-01-16|2026-01-20|2026-01-21|2026-01-22|2026-01-23|2026-01-26|2026-01-27|2026-01-28|2026-01-29|2026-01-30|2026-02-02|2026-02-03|2026-02-04|2026-02-05|2026-02-06|2026-02-09|2026-02-10|2026-02-11|2026-02-12,2026-02-13 19:00:22,0.0
Stifel Financial,,2025-12-31|2026-01-02|2026-01-05|2026-01-06|2026-01-07|2026-01-08|2026-01-09|2026-01-12|2026-01-13|2026-01-14|2026-01-15|2026-01-16|2026-01-20|2026-01-21|2026-01-22|2026-01-23|2026-01-26|2026-01-27|2026-01-28|2026-01-29|2026-01-30|2026-02-02|2026-02-03|2026-02-04|2026-02-05|2026-02-06|2026-02-09|2026-02-10|2026-02-11|2026-02-12,2026-02-13 19:00:22,0.0
Urban Outfitters,,2025-12-31|2026-01-02|2026-01-05|2026-01-06|2026-01-07|2026-01-08|2026-01-09|2026-01-12|2026-01-13|2026-01-14|2026-01-15|2026-01-16|2026-01-20|2026-01-21|2026-01-22|2026-01-23|2026-01-26|2026-01-27|2026-01-28|2026-01-29|2026-01-30|2026-02-02|2026-02-03|2026-02-04|2026-02-05|2026-02-06|2026-02-09|2026-02-10|2026-02-11|2026-02-12,2026-02-13 19:00:22,0.0
Terex,,2025-12-31|2026-01-02|2026-01-05|2026-01-06|2026-01-07|2026-01-08|2026-01-09|2026-01-12|2026-01-13|2026-01-14|2026-01-15|2026-01-16|2026-01-20|2026-01-21|2026-01-22|2026-01-23|2026-01-26|2026-01-27|2026-01-28|2026-01-29|2026-01-30|2026-02-02|2026-02-03|2026-02-04|2026-02-05|2026-02-06|2026-02-09|2026-02-10|2026-02-11|2026-02-12,2026-02-13 19:00:22,0.0
Ryerson Holding,,2025-12-31|2026-01-02|2026-01-05|2026-01-06|2026-01-07|2026-01-08|2026-01-09|2026-01-12|2026-01-13|2026-01-14|2026-01-15|2026-01-16|2026-01-20|2026-01-21|2026-01-22|2026-01-23|2026-01-26|2026-01-27|2026-01-28|2026-01-29|2026-01-30|2026-02-02|2026-02-03|2026-02-04|2026-02-05|2026-02-06|2026-02-09|2026-02-10|2026-02-11|2026-02-12,2026-02-13 19:00:22,0.0
Snap-on,,2025-12-31|2026-01-02|2026-01-05|2026-01-06|2026-01-07|2026-01-08|2026-01-09|2026-01-12|2026-01-13|2026-01-14|2026-01-15|2026-01-16|2026-01-20|2026-01-21|2026-01-22|2026-01-23|2026-01-26|2026-01-27|2026-01-28|2026-01-29|2026-01-30|2026-02-02|2026-02-03|2026-02-04|2026-02-05|2026-02-06|2026-02-09|2026-02-10|2026-02-11|2026-02-12,2026-02-13 19:00:22,0.0
Flowers Foods,,2025-12-31|2026-01-02|2026-01-05|2026-01-06|2026-01-07|2026-01-08|2026-01-09|2026-01-12|2026-01-13|2026-01-14|2026-01-15|2026-01-16|2026-01-20|2026-01-21|2026-01-22|2026-01-23|2026-01-26|2026-01-27|2026-01-28|2026-01-29|2026-01-30|2026-02-02|2026-02-03|2026-02-04|2026-02-05|2026-02-06|2026-02-09|2026-02-10|2026-02-11|2026-02-12,2026-02-13 19:00:22,0.0
First Horizon,,2025-12-31|2026-01-02|2026-01-05|2026-01-06|2026-01-07|2026-01-08|2026-01-09|2026-01-12|2026-01-13|2026-01-14|2026-01-15|2026-01-16|2026-01-20|2026-01-21|2026-01-22|2026-01-23|2026-01-26|2026-01-27|2026-01-28|2026-01-29|2026-01-30|2026-02-02|2026-02-03|2026-02-04|2026-02-05|2026-02-06|2026-02-09|2026-02-10|2026-02-11|2026-02-12,2026-02-13 19:00:22,0.0
Paychex,,2025-12-31|2026-01-02|2026-01-05|2026-01-06|2026-01-07|2026-01-08|2026-01-09|2026-01-12|2026-01-13|2026-01-14|2026-01-15|2026-01-16|2026-01-20|2026-01-21|2026-01-22|2026-01-23|2026-01-26|2026-01-27|2026-01-28|2026-01-29|2026-01-30|2026-02-02|2026-02-03|2026-02-04|2026-02-05|2026-02-06|2026-02-09|2026-02-10|2026-02-11|2026-02-12,2026-02-13 19:00:22,0.0
Hasbro,,2025-12-31|2026-01-02|2026-01-05|2026-01-06|2026-01-07|2026-01-08|2026-01-09|2026-01-12|2026-01-13|2026-01-14|2026-01-15|2026-01-16|2026-01-20|2026-01-21|2026-01-22|2026-01-23|2026-01-26|2026-01-27|2026-01-28|2026-01-29|2026-01-30|2026-02-02|2026-02-03|2026-02-04|2026-02-05|2026-02-06|2026-02-09|2026-02-10|2026-02-11|2026-02-12,2026-02-13 19:00:22,0.0
Ares Management,,2025-12-31|2026-01-02|2026-01-05|2026-01-06|2026-01-07|2026-01-08|2026-01-09|2026-01-12|2026-01-13|2026-01-14|2026-01-15|2026-01-16|2026-01-20|2026-01-21|2026-01-22|2026-01-23|2026-01-26|2026-01-27|2026-01-28|2026-01-29|2026-01-30|2026-02-02|2026-02-03|2026-02-04|2026-02-05|2026-02-06|2026-02-09|2026-02-10|2026-02-11|2026-02-12,2026-02-13 19:00:22,0.0
Lennox International,,2025-12-31|2026-01-02|2026-01-05|2026-01-06|2026-01-07|2026-01-08|2026-01-09|2026-01-12|2026-01-13|2026-01-14|2026-01-15|2026-01-16|2026-01-20|2026-01-21|2026-01-22|2026-01-23|2026-01-26|2026-01-27|2026-01-28|2026-01-29|2026-01-30|2026-02-02|2026-02-03|2026-02-04|2026-02-05|2026-02-06|2026-02-09|2026-02-10|2026-02-11|2026-02-12,2026-02-13 19:00:22,0.0
Peabody Energy,,2025-12-31|2026-01-02|2026-01-05|2026-01-06|2026-01-07|2026-01-08|2026-01-09|2026-01-12|2026-01-13|2026-01-14|2026-01-15|2026-01-16|2026-01-20|2026-01-21|2026-01-22|2026-01-23|2026-01-26|2026-01-27|2026-01-28|2026-01-29|2026-01-30|2026-02-02|2026-02-03|2026-02-04|2026-02-05|2026-02-06|2026-02-09|2026-02-10|2026-02-11|2026-02-12,2026-02-13 19:00:22,0.0
Kemper Corporation,,2025-12-31|2026-01-02|2026-01-05|2026-01-06|2026-01-07|2026-01-08|2026-01-09|2026-01-12|2026-01-13|2026-01-14|2026-01-15|2026-01-16|2026-01-20|2026-01-21|2026-01-22|2026-01-23|2026-01-26|2026-01-27|2026-01-28|2026-01-29|2026-01-30|2026-02-02|2026-02-03|2026-02-04|2026-02-05|2026-02-06|2026-02-09|2026-02-10|2026-02-11|2026-02-12,2026-02-13 19:00:22,0.0
Nexstar Media Group,,2025-12-31|2026-01-02|2026-01-05|2026-01-06|2026-01-07|2026-01-08|2026-01-09|2026-01-12|2026-01-13|2026-01-14|2026-01-15|2026-01-16|2026-01-20|2026-01-21|2026-01-22|2026-01-23|2026-01-26|2026-01-27|2026-01-28|2026-01-29|2026-01-30|2026-02-02|2026-02-03|2026-02-04|2026-02-05|2026-02-06|2026-02-09|2026-02-10|2026-02-11|2026-02-12,2026-02-13 19:00:22,0.0
TriNet Group,,2025-12-31|2026-01-02|2026-01-05|2026-01-06|2026-01-07|2026-01-08|2026-01-09|2026-01-12|2026-01-13|2026-01-14|2026-01-15|2026-01-16|2026-01-20|2026-01-21|2026-01-22|2026-01-23|2026-01-26|2026-01-27|2026-01-28|2026-01-29|2026-01-30|2026-02-02|2026-02-03|2026-02-04|2026-02-05|2026-02-06|2026-02-09|2026-02-10|2026-02-11|2026-02-12,2026-02-13 19:00:22,0.0
Worthington Enterprises,,2025-12-31|2026-01-02|2026-01-05|2026-01-06|2026-01-07|2026-01-08|2026-01-09|2026-01-12|2026-01-13|2026-01-14|2026-01-15|2026-01-16|2026-01-20|2026-01-21|2026-01-22|2026-01-23|2026-01-26|2026-01-27|2026-01-28|2026-01-29|2026-01-30|2026-02-02|2026-02-03|2026-02-04|2026-02-05|2026-02-06|2026-02-09|2026-02-10|2026-02-11|2026-02-12,2026-02-13 19:00:22,0.0
Maximus,,2025-12-31|2026-01-02|2026-01-05|2026-01-06|2026-01-07|2026-01-08|2026-01-09|2026-01-12|2026-01-13|2026-01-14|2026-01-15|2026-01-16|2026-01-20|2026-01-21|2026-01-22|2026-01-23|2026-01-26|2026-01-27|2026-01-28|2026-01-29|2026-01-30|2026-02-02|2026-02-03|2026-02-04|2026-02-05|2026-02-06|2026-02-09|2026-02-10|2026-02-11|2026-02-12,2026-02-13 19:00:22,0.0
Compass Group,,2025-12-31|2026-01-02|2026-01-05|2026-01-06|2026-01-07|2026-01-08|2026-01-09|2026-01-12|2026-01-13|2026-01-14|2026-01-15|2026-01-16|2026-01-20|2026-01-21|2026-01-22|2026-01-23|2026-01-26|2026-01-27|2026-01-28|2026-01-29|2026-01-30|2026-02-02|2026-02-03|2026-02-04|2026-02-05|2026-02-06|2026-02-09|2026-02-10|2026-02-11|2026-02-12,2026-02-13 19:00:22,0.0
Brinks Company,,2025-12-31|2026-01-02|2026-01-05|2026-01-06|2026-01-07|2026-01-08|2026-01-09|2026-01-12|2026-01-13|2026-01-14|2026-01-15|2026-01-16|2026-01-20|2026-01-21|2026-01-22|2026-01-23|2026-01-26|2026-01-27|2026-01-28|2026-01-29|2026-01-30|2026-02-02|2026-02-03|2026-02-04|2026-02-05|2026-02-06|2026-02-09|2026-02-10|2026-02-11|2026-02-12,2026-02-13 19:00:22,0.0
Kelly Services Inc,,2025-12-31|2026-01-02|2026-01-05|2026-01-06|2026-01-07|2026-01-08|2026-01-09|2026-01-12|2026-01-13|2026-01-14|2026-01-15|2026-01-16|2026-01-20|2026-01-21|2026-01-22|2026-01-23|2026-01-26|2026-01-27|2026-01-28|2026-01-29|2026-01-30|2026-02-02|2026-02-03|2026-02-04|2026-02-05|2026-02-06|2026-02-09|2026-02-10|2026-02-11|2026-02-12,2026-02-13 19:00:22,0.0
Navient,,2025-12-31|2026-01-02|2026-01-05|2026-01-06|2026-01-07|2026-01-08|2026-01-09|2026-01-12|2026-01-13|2026-01-14|2026-01-15|2026-01-16|2026-01-20|2026-01-21|2026-01-22|2026-01-23|2026-01-26|2026-01-27|2026-01-28|2026-01-29|2026-01-30|2026-02-02|2026-02-03|2026-02-04|2026-02-05|2026-02-06|2026-02-09|2026-02-10|2026-02-11|2026-02-12,2026-02-13 19:00:22,0.0
AMC Entertainment,,2025-12-31|2026-01-02|2026-01-05|2026-01-06|2026-01-07|2026-01-08|2026-01-09|2026-01-12|2026-01-13|2026-01-14|2026-01-15|2026-01-16|2026-01-20|2026-01-21|2026-01-22|2026-01-23|2026-01-26|2026-01-27|2026-01-28|2026-01-29|2026-01-30|2026-02-02|2026-02-03|2026-02-04|2026-02-05|2026-02-06|2026-02-09|2026-02-10|2026-02-11|2026-02-12,2026-02-13 19:00:22,0.0
Encompass Health,,2025-12-31|2026-01-02|2026-01-05|2026-01-06|2026-01-07|2026-01-08|2026-01-09|2026-01-12|2026-01-13|2026-01-14|2026-01-15|2026-01-16|2026-01-20|2026-01-21|2026-01-22|2026-01-23|2026-01-26|2026-01-27|2026-01-28|2026-01-29|2026-01-30|2026-02-02|2026-02-03|2026-02-04|2026-02-05|2026-02-06|2026-02-09|2026-02-10|2026-02-11|2026-02-12,2026-02-13 19:00:22,0.0
Skyworks Solutions,,2025-12-31|2026-01-02|2026-01-05|2026-01-06|2026-01-07|2026-01-08|2026-01-09|2026-01-12|2026-01-13|2026-01-14|2026-01-15|2026-01-16|2026-01-20|2026-01-21|2026-01-22|2026-01-23|2026-01-26|2026-01-27|2026-01-28|2026-01-29|2026-01-30|2026-02-02|2026-02-03|2026-02-04|2026-02-05|2026-02-06|2026-02-09|2026-02-10|2026-02-11|2026-02-12,2026-02-13 19:00:22,0.0
Timken,,2025-12-31|2026-01-02|2026-01-05|2026-01-06|2026-01-07|2026-01-08|2026-01-09|2026-01-12|2026-01-13|2026-01-14|2026-01-15|2026-01-16|2026-01-20|2026-01-21|2026-01-22|2026-01-23|2026-01-26|2026-01-27|2026-01-28|2026-01-29|2026-01-30|2026-02-02|2026-02-03|2026-02-04|2026-02-05|2026-02-06|2026-02-09|2026-02-10|2026-02-11|2026-02-12,2026-02-13 19:00:22,0.0
Liberty Energy,,2025-12-31|2026-01-02|2026-01-05|2026-01-06|2026-01-07|2026-01-08|2026-01-09|2026-01-12|2026-01-13|2026-01-14|2026-01-15|2026-01-16|2026-01-20|2026-01-21|2026-01-22|2026-01-23|2026-01-26|2026-01-27|2026-01-28|2026-01-29|2026-01-30|2026-02-02|2026-02-03|2026-02-04|2026-02-05|2026-02-06|2026-02-09|2026-02-10|2026-02-11|2026-02-12,2026-02-13 19:00:22,0.0
Marriott Vacations Worldwide,,2025-12-31|2026-01-02|2026-01-05|2026-01-06|2026-01-07|2026-01-08|2026-01-09|2026-01-12|2026-01-13|2026-01-14|2026-01-15|2026-01-16|2026-01-20|2026-01-21|2026-01-22|2026-01-23|2026-01-26|2026-01-27|2026-01-28|2026-01-29|2026-01-30|2026-02-02|2026-02-03|2026-02-04|2026-02-05|2026-02-06|2026-02-09|2026-02-10|2026-02-11|2026-02-12,2026-02-13 19:00:22,0.0
Leggett & Platt,,2025-12-31|2026-01-02|2026-01-05|2026-01-06|2026-01-07|2026-01-08|2026-01-09|2026-01-12|2026-01-13|2026-01-14|2026-01-15|2026-01-16|2026-01-20|2026-01-21|2026-01-22|2026-01-23|2026-01-26|2026-01-27|2026-01-28|2026-01-29|2026-01-30|2026-02-02|2026-02-03|2026-02-04|2026-02-05|2026-02-06|2026-02-09|2026-02-10|2026-02-11|2026-02-12,2026-02-13 19:00:22,0.0
Weis Markets,,2025-12-31|2026-01-02|2026-01-05|2026-01-06|2026-01-07|2026-01-08|2026-01-09|2026-01-12|2026-01-13|2026-01-14|2026-01-15|2026-01-16|2026-01-20|2026-01-21|2026-01-22|2026-01-23|2026-01-26|2026-01-27|2026-01-28|2026-01-29|2026-01-30|2026-02-02|2026-02-03|2026-02-04|2026-02-05|2026-02-06|2026-02-09|2026-02-10|2026-02-11|2026-02-12,2026-02-13 19:00:22,0.0
Pinnacle West Capital,,2025-12-31|2026-01-02|2026-01-05|2026-01-06|2026-01-07|2026-01-08|2026-01-09|2026-01-12|2026-01-13|2026-01-14|2026-01-15|2026-01-16|2026-01-20|2026-01-21|2026-01-22|2026-01-23|2026-01-26|2026-01-27|2026-01-28|2026-01-29|2026-01-30|2026-02-02|2026-02-03|2026-02-04|2026-02-05|2026-02-06|2026-02-09|2026-02-10|2026-02-11|2026-02-12,2026-02-13 19:00:22,0.0
EPAM Systems,0|0|0|0|0|0|0|100|0|0|0|0|0|0|0|0|0|0|0|0|11|14|16|13|14|8|15|12|12|12,2025-12-31|2026-01-02|2026-01-05|2026-01-06|2026-01-07|2026-01-08|2026-01-09|2026-01-12|2026-01-13|2026-01-14|2026-01-15|2026-01-16|2026-01-20|2026-01-21|2026-01-22|2026-01-23|2026-01-26|2026-01-27|2026-01-28|2026-01-29|2026-01-30|2026-02-02|2026-02-03|2026-02-04|2026-02-05|2026-02-06|2026-02-09|2026-02-10|2026-02-11|2026-02-12,2026-02-13 22:37:07,7.6
Antero Resources,0|0|0|0|0|0|0|0|0|0|0|0|0|0|0|0|82|0|100|0|33|44|46|39|37|22|29|28|50|62,2025-12-31|2026-01-02|2026-01-05|2026-01-06|2026-01-07|2026-01-08|2026-01-09|2026-01-12|2026-01-13|2026-01-14|2026-01-15|2026-01-16|2026-01-20|2026-01-21|2026-01-22|2026-01-23|2026-01-26|2026-01-27|2026-01-28|2026-01-29|2026-01-30|2026-02-02|2026-02-03|2026-02-04|2026-02-05|2026-02-06|2026-02-09|2026-02-10|2026-02-11|2026-02-12,2026-02-13 22:37:10,19.1
Bloomin Brands,0|52|0|100|0|0|0|47|45|41|0|0|50|0|0|0|0|81|50|0|39|37|38|38|37|38|28|33|35|40,2025-12-31|2026-01-02|2026-01-05|2026-01-06|2026-01-07|2026-01-08|2026-01-09|2026-01-12|2026-01-13|2026-01-14|2026-01-15|2026-01-16|2026-01-20|2026-01-21|2026-01-22|2026-01-23|2026-01-26|2026-01-27|2026-01-28|2026-01-29|2026-01-30|2026-02-02|2026-02-03|2026-02-04|2026-02-05|2026-02-06|2026-02-09|2026-02-10|2026-02-11|2026-02-12,2026-02-13 22:37:14,27.6
MDU Resources Group,0|0|0|0|0|0|0|0|0|0|0|0|0|0|0|0|0|0|0|0|0|0|0|0|0|0|0|100|0|0,2025-12-31|2026-01-02|2026-01-05|2026-01-06|2026-01-07|2026-01-08|2026-01-09|2026-01-12|2026-01-13|2026-01-14|2026-01-15|2026-01-16|2026-01-20|2026-01-21|2026-01-22|2026-01-23|2026-01-26|2026-01-27|2026-01-28|2026-01-29|2026-01-30|2026-02-02|2026-02-03|2026-02-04|2026-02-05|2026-02-06|2026-02-09|2026-02-10|2026-02-11|2026-02-12,2026-02-13 22:37:18,3.3
Texas Roadhouse,95|76|42|42|42|42|56|41|40|40|41|57|38|38|41|51|47|45|44|46|65|46|42|41|51|61|33|40|44|56,2025-12-31|2026-01-02|2026-01-05|2026-01-06|2026-01-07|2026-01-08|2026-01-09|2026-01-12|2026-01-13|2026-01-14|2026-01-15|2026-01-16|2026-01-20|2026-01-21|2026-01-22|2026-01-23|2026-01-26|2026-01-27|2026-01-28|2026-01-29|2026-01-30|2026-02-02|2026-02-03|2026-02-04|2026-02-05|2026-02-06|2026-02-09|2026-02-10|2026-02-11|2026-02-12,2026-02-13 22:37:22,48.1
Mercury General,0|0|0|78|0|0|0|52|53|0|88|0|0|85|57|0|80|68|92|86|23|25|29|25|29|22|29|25|24|25,2025-12-31|2026-01-02|2026-01-05|2026-01-06|2026-01-07|2026-01-08|2026-01-09|2026-01-12|2026-01-13|2026-01-14|2026-01-15|2026-01-16|2026-01-20|2026-01-21|2026-01-22|2026-01-23|2026-01-26|2026-01-27|2026-01-28|2026-01-29|2026-01-30|2026-02-02|2026-02-03|2026-02-04|2026-02-05|2026-02-06|2026-02-09|2026-02-10|2026-02-11|2026-02-12,2026-02-13 22:37:25,33.2
Fortune Brands Innovations,0|0|0|0|0|0|0|0|100|0|0|0|0|0|0|0|0|0|0|0|10|10|8|7|10|9|10|12|7|20,2025-12-31|2026-01-02|2026-01-05|2026-01-06|2026-01-07|2026-01-08|2026-01-09|2026-01-12|2026-01-13|2026-01-14|2026-01-15|2026-01-16|2026-01-20|2026-01-21|2026-01-22|2026-01-23|2026-01-26|2026-01-27|2026-01-28|2026-01-29|2026-01-30|2026-02-02|2026-02-03|2026-02-04|2026-02-05|2026-02-06|2026-02-09|2026-02-10|2026-02-11|2026-02-12,2026-02-13 22:37:28,6.8
Zions Bancorp,0|0|0|0|0|0|0|0|0|0|0|0|0|0|0|0|0|0|0|0|0|50|0|83|100|0|0|81|66|70,2025-12-31|2026-01-02|2026-01-05|2026-01-06|2026-01-07|2026-01-08|2026-01-09|2026-01-12|2026-01-13|2026-01-14|2026-01-15|2026-01-16|2026-01-20|2026-01-21|2026-01-22|2026-01-23|2026-01-26|2026-01-27|2026-01-28|2026-01-29|2026-01-30|2026-02-02|2026-02-03|2026-02-04|2026-02-05|2026-02-06|2026-02-09|2026-02-10|2026-02-11|2026-02-12,2026-02-13 22:37:31,15.0
JELD-WEN Holding,0|0|0|0|0|100|0|0|0|0|0|0|0|0|0|0|0|0|0|0|0|0|0|0|0|0|0|0|0|0,2025-12-31|2026-01-02|2026-01-05|2026-01-06|2026-01-07|2026-01-08|2026-01-09|2026-01-12|2026-01-13|2026-01-14|2026-01-15|2026-01-16|2026-01-20|2026-01-21|2026-01-22|2026-01-23|2026-01-26|2026-01-27|2026-01-28|2026-01-29|2026-01-30|2026-02-02|2026-02-03|2026-02-04|2026-02-05|2026-02-06|2026-02-09|2026-02-10|2026-02-11|2026-02-12,2026-02-13 22:37:34,3.3
Snap Inc,0|0|49|53|48|54|66|62|55|64|53|53|47|72|59|75|57|82|100|90|40|42|46|60|76|54|43|54|45|46,2025-12-31|2026-01-02|2026-01-05|2026-01-06|2026-01-07|2026-01-08|2026-01-09|2026-01-12|2026-01-13|2026-01-14|2026-01-15|2026-01-16|2026-01-20|2026-01-21|2026-01-22|2026-01-23|2026-01-26|2026-01-27|2026-01-28|2026-01-29|2026-01-30|2026-02-02|2026-02-03|2026-02-04|2026-02-05|2026-02-06|2026-02-09|2026-02-10|2026-02-11|2026-02-12,2026-02-13 22:37:37,54.8
Zebra Technologies,0|38|33|45|49|48|38|35|32|48|0|0|48|73|37|38|100|42|49|60|31|34|34|40|37|32|33|53|42|55,2025-12-31|2026-01-02|2026-01-05|2026-01-06|2026-01-07|2026-01-08|2026-01-09|2026-01-12|2026-01-13|2026-01-14|2026-01-15|2026-01-16|2026-01-20|2026-01-21|2026-01-22|2026-01-23|2026-01-26|2026-01-27|2026-01-28|2026-01-29|2026-01-30|2026-02-02|2026-02-03|2026-02-04|2026-02-05|2026-02-06|2026-02-09|2026-02-10|2026-02-11|2026-02-12,2026-02-13 22:37:40,40.1
Agilon Health,0|0|0|0|0|0|0|0|0|0|0|0|0|0|0|0|0|0|0|0|51|52|47|56|59|49|39|80|100|85,2025-12-31|2026-01-02|2026-01-05|2026-01-06|2026-01-07|2026-01-08|2026-01-09|2026-01-12|2026-01-13|2026-01-14|2026-01-15|2026-01-16|2026-01-20|2026-01-21|2026-01-22|2026-01-23|2026-01-26|2026-01-27|2026-01-28|2026-01-29|2026-01-30|2026-02-02|2026-02-03|2026-02-04|2026-02-05|2026-02-06|2026-02-09|2026-02-10|2026-02-11|2026-02-12,2026-02-13 22:37:43,20.6
Toro Company,0|0|0|0|0|48|56|50|50|42|82|76|58|64|76|0|59|100|74|87|28|32|31|29|37|26|29|31|32|29,2025-12-31|2026-01-02|2026-01-05|2026-01-06|2026-01-07|2026-01-08|2026-01-09|2026-01-12|2026-01-13|2026-01-14|2026-01-15|2026-01-16|2026-01-20|2026-01-21|2026-01-22|2026-01-23|2026-01-26|2026-01-27|2026-01-28|2026-01-29|2026-01-30|2026-02-02|2026-02-03|2026-02-04|2026-02-05|2026-02-06|2026-02-09|2026-02-10|2026-02-11|2026-02-12,2026-02-13 22:37:47,40.9
Zoom Video Communications,0|0|0|0|0|0|0|0|0|100|0|0|0|0|0|0|0|0|0|0|13|14|9|12|20|0|11|10|10|10,2025-12-31|2026-01-02|2026-01-05|2026-01-06|2026-01-07|2026-01-08|2026-01-09|2026-01-12|2026-01-13|2026-01-14|2026-01-15|2026-01-16|2026-01-20|2026-01-21|2026-01-22|2026-01-23|2026-01-26|2026-01-27|2026-01-28|2026-01-29|2026-01-30|2026-02-02|2026-02-03|2026-02-04|2026-02-05|2026-02-06|2026-02-09|2026-02-10|2026-02-11|2026-02-12,2026-02-13 22:37:50,7.0
Tetra Tech,0|28|40|0|27|31|25|48|29|55|25|46|35|36|62|38|87|41|67|79|30|31|38|36|36|29|66|74|71|51,2025-12-31|2026-01-02|2026-01-05|2026-01-06|2026-01-07|2026-01-08|2026-01-09|2026-01-12|2026-01-13|2026-01-14|2026-01-15|2026-01-16|2026-01-20|2026-01-21|2026-01-22|2026-01-23|2026-01-26|2026-01-27|2026-01-28|2026-01-29|2026-01-30|2026-02-02|2026-02-03|2026-02-04|2026-02-05|2026-02-06|2026-02-09|2026-02-10|2026-02-11|2026-02-12,2026-02-13 22:37:53,42.0
Public Storage,88|89|76|84|76|68|66|63|66|66|65|60|62|68|77|66|70|80|76|80|64|74|83|62|63|65|50|53|51|52,2025-12-31|2026-01-02|2026-01-05|2026-01-06|2026-01-07|2026-01-08|2026-01-09|2026-01-12|2026-01-13|2026-01-14|2026-01-15|2026-01-16|2026-01-20|2026-01-21|2026-01-22|2026-01-23|2026-01-26|2026-01-27|2026-01-28|2026-01-29|2026-01-30|2026-02-02|2026-02-03|2026-02-04|2026-02-05|2026-02-06|2026-02-09|2026-02-10|2026-02-11|2026-02-12,2026-02-13 22:37:56,68.8
Illumina Inc,0|0|0|0|0|0|0|0|0|0|0|0|0|0|0|0|0|0|0|0|40|42|44|39|84|60|58|35|100|76,2025-12-31|2026-01-02|2026-01-05|2026-01-06|2026-01-07|2026-01-08|2026-01-09|2026-01-12|2026-01-13|2026-01-14|2026-01-15|2026-01-16|2026-01-20|2026-01-21|2026-01-22|2026-01-23|2026-01-26|2026-01-27|2026-01-28|2026-01-29|2026-01-30|2026-02-02|2026-02-03|2026-02-04|2026-02-05|2026-02-06|2026-02-09|2026-02-10|2026-02-11|2026-02-12,2026-02-13 22:37:59,19.3
Ventas Inc,0|0|0|0|0|0|0|0|0|0|0|0|0|0|0|0|0|0|0|0|43|51|21|54|77|26|20|33|59|100,2025-12-31|2026-01-02|2026-01-05|2026-01-06|2026-01-07|2026-01-08|2026-01-09|2026-01-12|2026-01-13|2026-01-14|2026-01-15|2026-01-16|2026-01-20|2026-01-21|2026-01-22|2026-01-23|2026-01-26|2026-01-27|2026-01-28|2026-01-29|2026-01-30|2026-02-02|2026-02-03|2026-02-04|2026-02-05|2026-02-06|2026-02-09|2026-02-10|2026-02-11|2026-02-12,2026-02-13 22:38:03,16.1
FMC Corporation,0|0|0|0|0|0|0|0|0|0|0|0|0|0|0|0|0|0|0|0|12|21|18|28|49|38|26|33|24|22,2025-12-31|2026-01-02|2026-01-05|2026-01-06|2026-01-07|2026-01-08|2026-01-09|2026-01-12|2026-01-13|2026-01-14|2026-01-15|2026-01-16|2026-01-20|2026-01-21|2026-01-22|2026-01-23|2026-01-26|2026-01-27|2026-01-28|2026-01-29|2026-01-30|2026-02-02|2026-02-03|2026-02-04|2026-02-05|2026-02-06|2026-02-09|2026-02-10|2026-02-11|2026-02-12,2026-02-13 22:38:06,9.0
ArcBest,0|0|63|47|52|100|69|0|62|59|83|84|95|54|73|0|0|79|57|68|71|58|60|66|60|55|50|58|64|54,2025-12-31|2026-01-02|2026-01-05|2026-01-06|2026-01-07|2026-01-08|2026-01-09|2026-01-12|2026-01-13|2026-01-14|2026-01-15|2026-01-16|2026-01-20|2026-01-21|2026-01-22|2026-01-23|2026-01-26|2026-01-27|2026-01-28|2026-01-29|2026-01-30|2026-02-02|2026-02-03|2026-02-04|2026-02-05|2026-02-06|2026-02-09|2026-02-10|2026-02-11|2026-02-12,2026-02-13 22:38:10,54.7
Dominos Pizza Inc,0|0|0|0|0|0|0|0|0|0|0|0|0|0|0|0|0|0|0|0|84|0|100|0|0|0|0|90|0|81,2025-12-31|2026-01-02|2026-01-05|2026-01-06|2026-01-07|2026-01-08|2026-01-09|2026-01-12|2026-01-13|2026-01-14|2026-01-15|2026-01-16|2026-01-20|2026-01-21|2026-01-22|2026-01-23|2026-01-26|2026-01-27|2026-01-28|2026-01-29|2026-01-30|2026-02-02|2026-02-03|2026-02-04|2026-02-05|2026-02-06|2026-02-09|2026-02-10|2026-02-11|2026-02-12,2026-02-13 22:38:13,11.8
ASGN,0|0|0|92|0|85|0|0|0|0|0|0|100|0|0|0|0|0|0|0|33|32|28|48|48|34|24|29|48|44,2025-12-31|2026-01-02|2026-01-05|2026-01-06|2026-01-07|2026-01-08|2026-01-09|2026-01-12|2026-01-13|2026-01-14|2026-01-15|2026-01-16|2026-01-20|2026-01-21|2026-01-22|2026-01-23|2026-01-26|2026-01-27|2026-01-28|2026-01-29|2026-01-30|2026-02-02|2026-02-03|2026-02-04|2026-02-05|2026-02-06|2026-02-09|2026-02-10|2026-02-11|2026-02-12,2026-02-13 22:38:17,21.5
Rivian Automotive,0|0|0|0|0|0|0|0|0|0|0|0|0|0|0|0|0|0|0|0|44|64|63|73|51|63|56|70|64|100,2025-12-31|2026-01-02|2026-01-05|2026-01-06|2026-01-07|2026-01-08|2026-01-09|2026-01-12|2026-01-13|2026-01-14|2026-01-15|2026-01-16|2026-01-20|2026-01-21|2026-01-22|2026-01-23|2026-01-26|2026-01-27|2026-01-28|2026-01-29|2026-01-30|2026-02-02|2026-02-03|2026-02-04|2026-02-05|2026-02-06|2026-02-09|2026-02-10|2026-02-11|2026-02-12,2026-02-13 22:38:21,21.6
Elanco Animal Health,0|0|0|0|0|0|0|0|0|0|0|0|0|0|0|0|0|0|0|0|79|84|77|92|58|62|63|53|100|70,2025-12-31|2026-01-02|2026-01-05|2026-01-06|2026-01-07|2026-01-08|2026-01-09|2026-01-12|2026-01-13|2026-01-14|2026-01-15|2026-01-16|2026-01-20|2026-01-21|2026-01-22|2026-01-23|2026-01-26|2026-01-27|2026-01-28|2026-01-29|2026-01-30|2026-02-02|2026-02-03|2026-02-04|2026-02-05|2026-02-06|2026-02-09|2026-02-10|2026-02-11|2026-02-12,2026-02-13 22:38:24,24.6
Graham Holdings Company,0|0|0|0|0|0|0|0|0|0|0|100|0|0|0|0|0|0|0|0|0|7|0|0|0|0|0|0|0|0,2025-12-31|2026-01-02|2026-01-05|2026-01-06|2026-01-07|2026-01-08|2026-01-09|2026-01-12|2026-01-13|2026-01-14|2026-01-15|2026-01-16|2026-01-20|2026-01-21|2026-01-22|2026-01-23|2026-01-26|2026-01-27|2026-01-28|2026-01-29|2026-01-30|2026-02-02|2026-02-03|2026-02-04|2026-02-05|2026-02-06|2026-02-09|2026-02-10|2026-02-11|2026-02-12,2026-02-13 22:38:27,3.6
Floor & Decor,39|74|63|91|68|76|80|73|74|72|64|78|63|84|53|56|73|81|47|82|66|57|57|55|56|53|67|69|65|63,2025-12-31|2026-01-02|2026-01-05|2026-01-06|2026-01-07|2026-01-08|2026-01-09|2026-01-12|2026-01-13|2026-01-14|2026-01-15|2026-01-16|2026-01-20|2026-01-21|2026-01-22|2026-01-23|2026-01-26|2026-01-27|2026-01-28|2026-01-29|2026-01-30|2026-02-02|2026-02-03|2026-02-04|2026-02-05|2026-02-06|2026-02-09|2026-02-10|2026-02-11|2026-02-12,2026-02-13 22:38:31,66.6
Applied Industrial Technologies,0|0|0|0|0|100|0|0|0|49|59|0|0|80|84|91|0|0|60|0|40|42|41|46|46|48|38|45|47|46,2025-12-31|2026-01-02|2026-01-05|2026-01-06|2026-01-07|2026-01-08|2026-01-09|2026-01-12|2026-01-13|2026-01-14|2026-01-15|2026-01-16|2026-01-20|2026-01-21|2026-01-22|2026-01-23|2026-01-26|2026-01-27|2026-01-28|2026-01-29|2026-01-30|2026-02-02|2026-02-03|2026-02-04|2026-02-05|2026-02-06|2026-02-09|2026-02-10|2026-02-11|2026-02-12,2026-02-13 22:38:35,32.1
PriceSmart,100|55|53|53|39|63|58|63|43|46|87|99|53|63|56|43|0|70|32|73|40|43|46|40|54|44|36|36|44|44,2025-12-31|2026-01-02|2026-01-05|2026-01-06|2026-01-07|2026-01-08|2026-01-09|2026-01-12|2026-01-13|2026-01-14|2026-01-15|2026-01-16|2026-01-20|2026-01-21|2026-01-22|2026-01-23|2026-01-26|2026-01-27|2026-01-28|2026-01-29|2026-01-30|2026-02-02|2026-02-03|2026-02-04|2026-02-05|2026-02-06|2026-02-09|2026-02-10|2026-02-11|2026-02-12,2026-02-13 22:38:39,52.5
Lyft,88|80|73|69|74|67|71|73|63|64|69|73|74|72|76|74|81|77|80|85|79|74|76|71|73|69|68|81|86|81,2025-12-31|2026-01-02|2026-01-05|2026-01-06|2026-01-07|2026-01-08|2026-01-09|2026-01-12|2026-01-13|2026-01-14|2026-01-15|2026-01-16|2026-01-20|2026-01-21|2026-01-22|2026-01-23|2026-01-26|2026-01-27|2026-01-28|2026-01-29|2026-01-30|2026-02-02|2026-02-03|2026-02-04|2026-02-05|2026-02-06|2026-02-09|2026-02-10|2026-02-11|2026-02-12,2026-02-13 22:38:46,74.7
Ciena,25|34|58|53|50|100|50|39|37|36|44|36|41|45|36|53|36|39|47|41|38|36|42|39|51|39|36|41|38|37,2025-12-31|2026-01-02|2026-01-05|2026-01-06|2026-01-07|2026-01-08|2026-01-09|2026-01-12|2026-01-13|2026-01-14|2026-01-15|2026-01-16|2026-01-20|2026-01-21|2026-01-22|2026-01-23|2026-01-26|2026-01-27|2026-01-28|2026-01-29|2026-01-30|2026-02-02|2026-02-03|2026-02-04|2026-02-05|2026-02-06|2026-02-09|2026-02-10|2026-02-11|2026-02-12,2026-02-13 22:38:50,43.2
IAC inc,0|0|0|0|0|0|0|0|0|0|0|0|0|0|0|0|0|0|0|0|94|0|59|100|77|61|58|74|62|0,2025-12-31|2026-01-02|2026-01-05|2026-01-06|2026-01-07|2026-01-08|2026-01-09|2026-01-12|2026-01-13|2026-01-14|2026-01-15|2026-01-16|2026-01-20|2026-01-21|2026-01-22|2026-01-23|2026-01-26|2026-01-27|2026-01-28|2026-01-29|2026-01-30|2026-02-02|2026-02-03|2026-02-04|2026-02-05|2026-02-06|2026-02-09|2026-02-10|2026-02-11|2026-02-12,2026-02-13 22:38:54,19.5
Western Union,69|63|66|63|60|57|70|67|56|63|68|66|57|71|61|68|61|70|65|71|68|66|69|74|100|77|61|67|62|68,2025-12-31|2026-01-02|2026-01-05|2026-01-06|2026-01-07|2026-01-08|2026-01-09|2026-01-12|2026-01-13|2026-01-14|2026-01-15|2026-01-16|2026-01-20|2026-01-21|2026-01-22|2026-01-23|2026-01-26|2026-01-27|2026-01-28|2026-01-29|2026-01-30|2026-02-02|2026-02-03|2026-02-04|2026-02-05|2026-02-06|2026-02-09|2026-02-10|2026-02-11|2026-02-12,2026-02-13 22:38:57,66.8
Flowserve,0|0|46|54|62|89|70|25|52|49|46|51|55|100|58|25|56|40|63|63|44|56|44|54|73|62|40|53|48|44,2025-12-31|2026-01-02|2026-01-05|2026-01-06|2026-01-07|2026-01-08|2026-01-09|2026-01-12|2026-01-13|2026-01-14|2026-01-15|2026-01-16|2026-01-20|2026-01-21|2026-01-22|2026-01-23|2026-01-26|2026-01-27|2026-01-28|2026-01-29|2026-01-30|2026-02-02|2026-02-03|2026-02-04|2026-02-05|2026-02-06|2026-02-09|2026-02-10|2026-02-11|2026-02-12,2026-02-13 22:39:00,50.7
Western Alliance Bancorp,,2025-12-31|2026-01-02|2026-01-05|2026-01-06|2026-01-07|2026-01-08|2026-01-09|2026-01-12|2026-01-13|2026-01-14|2026-01-15|2026-01-16|2026-01-20|2026-01-21|2026-01-22|2026-01-23|2026-01-26|2026-01-27|2026-01-28|2026-01-29|2026-01-30|2026-02-02|2026-02-03|2026-02-04|2026-02-05|2026-02-06|2026-02-09|2026-02-10|2026-02-11|2026-02-12,2026-02-13 22:39:04,0.0
Option Care Health,42|69|84|71|73|45|64|68|88|80|61|54|51|94|81|74|74|100|94|79|51|59|49|51|53|46|47|51|49|49,2025-12-31|2026-01-02|2026-01-05|2026-01-06|2026-01-07|2026-01-08|2026-01-09|2026-01-12|2026-01-13|2026-01-14|2026-01-15|2026-01-16|2026-01-20|2026-01-21|2026-01-22|2026-01-23|2026-01-26|2026-01-27|2026-01-28|2026-01-29|2026-01-30|2026-02-02|2026-02-03|2026-02-04|2026-02-05|2026-02-06|2026-02-09|2026-02-10|2026-02-11|2026-02-12,2026-02-13 22:39:04,65.0
SiteOne Landscape Supply,76|0|0|0|83|0|0|0|57|61|52|0|100|67|0|69|0|94|0|63|52|48|44|44|40|35|43|52|55|50,2025-12-31|2026-01-02|2026-01-05|2026-01-06|2026-01-07|2026-01-08|2026-01-09|2026-01-12|2026-01-13|2026-01-14|2026-01-15|2026-01-16|2026-01-20|2026-01-21|2026-01-22|2026-01-23|2026-01-26|2026-01-27|2026-01-28|2026-01-29|2026-01-30|2026-02-02|2026-02-03|2026-02-04|2026-02-05|2026-02-06|2026-02-09|2026-02-10|2026-02-11|2026-02-12,2026-02-13 22:39:08,39.5
Topgolf Callaway Brands,0|0|0|0|0|0|0|0|0|0|0|0|0|0|0|0|0|0|0|0|32|62|20|38|50|42|28|21|17|0,2025-12-31|2026-01-02|2026-01-05|2026-01-06|2026-01-07|2026-01-08|2026-01-09|2026-01-12|2026-01-13|2026-01-14|2026-01-15|2026-01-16|2026-01-20|2026-01-21|2026-01-22|2026-01-23|2026-01-26|2026-01-27|2026-01-28|2026-01-29|2026-01-30|2026-02-02|2026-02-03|2026-02-04|2026-02-05|2026-02-06|2026-02-09|2026-02-10|2026-02-11|2026-02-12,2026-02-13 22:39:12,10.3
eXp World,0|0|0|0|0|0|0|0|0|70|0|66|0|0|0|94|80|71|0|65|35|32|32|37|37|37|30|34|33|33,2025-12-31|2026-01-02|2026-01-05|2026-01-06|2026-01-07|2026-01-08|2026-01-09|2026-01-12|2026-01-13|2026-01-14|2026-01-15|2026-01-16|2026-01-20|2026-01-21|2026-01-22|2026-01-23|2026-01-26|2026-01-27|2026-01-28|2026-01-29|2026-01-30|2026-02-02|2026-02-03|2026-02-04|2026-02-05|2026-02-06|2026-02-09|2026-02-10|2026-02-11|2026-02-12,2026-02-13 22:39:16,26.2
Abercrombie & Fitch,56|50|22|48|46|50|59|54|54|38|45|42|57|48|39|43|43|44|44|44|32|36|34|36|36|34|98|100|58|57,2025-12-31|2026-01-02|2026-01-05|2026-01-06|2026-01-07|2026-01-08|2026-01-09|2026-01-12|2026-01-13|2026-01-14|2026-01-15|2026-01-16|2026-01-20|2026-01-21|2026-01-22|2026-01-23|2026-01-26|2026-01-27|2026-01-28|2026-01-29|2026-01-30|2026-02-02|2026-02-03|2026-02-04|2026-02-05|2026-02-06|2026-02-09|2026-02-10|2026-02-11|2026-02-12,2026-02-13 22:39:19,48.2
Atmos Energy,79|100|77|78|74|79|81|76|73|64|94|95|85|97|87|90|73|68|69|84|89|90|86|79|87|83|66|80|78|86,2025-12-31|2026-01-02|2026-01-05|2026-01-06|2026-01-07|2026-01-08|2026-01-09|2026-01-12|2026-01-13|2026-01-14|2026-01-15|2026-01-16|2026-01-20|2026-01-21|2026-01-22|2026-01-23|2026-01-26|2026-01-27|2026-01-28|2026-01-29|2026-01-30|2026-02-02|2026-02-03|2026-02-04|2026-02-05|2026-02-06|2026-02-09|2026-02-10|2026-02-11|2026-02-12,2026-02-13 22:39:22,81.6
Brown & Brown,44|49|45|50|46|55|59|49|55|55|58|48|51|57|60|60|61|68|50|61|33|37|37|39|45|39|95|85|57|58,2025-12-31|2026-01-02|2026-01-05|2026-01-06|2026-01-07|2026-01-08|2026-01-09|2026-01-12|2026-01-13|2026-01-14|2026-01-15|2026-01-16|2026-01-20|2026-01-21|2026-01-22|2026-01-23|2026-01-26|2026-01-27|2026-01-28|2026-01-29|2026-01-30|2026-02-02|2026-02-03|2026-02-04|2026-02-05|2026-02-06|2026-02-09|2026-02-10|2026-02-11|2026-02-12,2026-02-13 22:39:26,53.5
GoDaddy,,2025-12-31|2026-01-02|2026-01-05|2026-01-06|2026-01-07|2026-01-08|2026-01-09|2026-01-12|2026-01-13|2026-01-14|2026-01-15|2026-01-16|2026-01-20|2026-01-21|2026-01-22|2026-01-23|2026-01-26|2026-01-27|2026-01-28|2026-01-29|2026-01-30|2026-02-02|2026-02-03|2026-02-04|2026-02-05|2026-02-06|2026-02-09|2026-02-10|2026-02-11|2026-02-12,2026-02-13 22:40:00,0.0
American Water Works,,2025-12-31|2026-01-02|2026-01-05|2026-01-06|2026-01-07|2026-01-08|2026-01-09|2026-01-12|2026-01-13|2026-01-14|2026-01-15|2026-01-16|2026-01-20|2026-01-21|2026-01-22|2026-01-23|2026-01-26|2026-01-27|2026-01-28|2026-01-29|2026-01-30|2026-02-02|2026-02-03|2026-02-04|2026-02-05|2026-02-06|2026-02-09|2026-02-10|2026-02-11|2026-02-12,2026-02-13 22:40:41,0.0
Selective Insurance Group,,2025-12-31|2026-01-02|2026-01-05|2026-01-06|2026-01-07|2026-01-08|2026-01-09|2026-01-12|2026-01-13|2026-01-14|2026-01-15|2026-01-16|2026-01-20|2026-01-21|2026-01-22|2026-01-23|2026-01-26|2026-01-27|2026-01-28|2026-01-29|2026-01-30|2026-02-02|2026-02-03|2026-02-04|2026-02-05|2026-02-06|2026-02-09|2026-02-10|2026-02-11|2026-02-12,2026-02-13 22:40:51,0.0
Advantage Solutions,,2025-12-31|2026-01-02|2026-01-05|2026-01-06|2026-01-07|2026-01-08|2026-01-09|2026-01-12|2026-01-13|2026-01-14|2026-01-15|2026-01-16|2026-01-20|2026-01-21|2026-01-22|2026-01-23|2026-01-26|2026-01-27|2026-01-28|2026-01-29|2026-01-30|2026-02-02|2026-02-03|2026-02-04|2026-02-05|2026-02-06|2026-02-09|2026-02-10|2026-02-11|2026-02-12,2026-02-13 22:40:51,0.0
ResMed,,2025-12-31|2026-01-02|2026-01-05|2026-01-06|2026-01-07|2026-01-08|2026-01-09|2026-01-12|2026-01-13|2026-01-14|2026-01-15|2026-01-16|2026-01-20|2026-01-21|2026-01-22|2026-01-23|2026-01-26|2026-01-27|2026-01-28|2026-01-29|2026-01-30|2026-02-02|2026-02-03|2026-02-04|2026-02-05|2026-02-06|2026-02-09|2026-02-10|2026-02-11|2026-02-12,2026-02-13 22:40:51,0.0
Plexus Corp,,2025-12-31|2026-01-02|2026-01-05|2026-01-06|2026-01-07|2026-01-08|2026-01-09|2026-01-12|2026-01-13|2026-01-14|2026-01-15|2026-01-16|2026-01-20|2026-01-21|2026-01-22|2026-01-23|2026-01-26|2026-01-27|2026-01-28|2026-01-29|2026-01-30|2026-02-02|2026-02-03|2026-02-04|2026-02-05|2026-02-06|2026-02-09|2026-02-10|2026-02-11|2026-02-12,2026-02-13 22:40:51,0.0
Hub Group,,2025-12-31|2026-01-02|2026-01-05|2026-01-06|2026-01-07|2026-01-08|2026-01-09|2026-01-12|2026-01-13|2026-01-14|2026-01-15|2026-01-16|2026-01-20|2026-01-21|2026-01-22|2026-01-23|2026-01-26|2026-01-27|2026-01-28|2026-01-29|2026-01-30|2026-02-02|2026-02-03|2026-02-04|2026-02-05|2026-02-06|2026-02-09|2026-02-10|2026-02-11|2026-02-12,2026-02-13 22:40:51,0.0
Lincoln Electric,,2025-12-31|2026-01-02|2026-01-05|2026-01-06|2026-01-07|2026-01-08|2026-01-09|2026-01-12|2026-01-13|2026-01-14|2026-01-15|2026-01-16|2026-01-20|2026-01-21|2026-01-22|2026-01-23|2026-01-26|2026-01-27|2026-01-28|2026-01-29|2026-01-30|2026-02-02|2026-02-03|2026-02-04|2026-02-05|2026-02-06|2026-02-09|2026-02-10|2026-02-11|2026-02-12,2026-02-13 22:40:51,0.0
NCR Atleos,,2025-12-31|2026-01-02|2026-01-05|2026-01-06|2026-01-07|2026-01-08|2026-01-09|2026-01-12|2026-01-13|2026-01-14|2026-01-15|2026-01-16|2026-01-20|2026-01-21|2026-01-22|2026-01-23|2026-01-26|2026-01-27|2026-01-28|2026-01-29|2026-01-30|2026-02-02|2026-02-03|2026-02-04|2026-02-05|2026-02-06|2026-02-09|2026-02-10|2026-02-11|2026-02-12,2026-02-13 22:40:51,0.0
Calumet Inc,,2025-12-31|2026-01-02|2026-01-05|2026-01-06|2026-01-07|2026-01-08|2026-01-09|2026-01-12|2026-01-13|2026-01-14|2026-01-15|2026-01-16|2026-01-20|2026-01-21|2026-01-22|2026-01-23|2026-01-26|2026-01-27|2026-01-28|2026-01-29|2026-01-30|2026-02-02|2026-02-03|2026-02-04|2026-02-05|2026-02-06|2026-02-09|2026-02-10|2026-02-11|2026-02-12,2026-02-13 22:40:51,0.0
Dycom Industries,,2025-12-31|2026-01-02|2026-01-05|2026-01-06|2026-01-07|2026-01-08|2026-01-09|2026-01-12|2026-01-13|2026-01-14|2026-01-15|2026-01-16|2026-01-20|2026-01-21|2026-01-22|2026-01-23|2026-01-26|2026-01-27|2026-01-28|2026-01-29|2026-01-30|2026-02-02|2026-02-03|2026-02-04|2026-02-05|2026-02-06|2026-02-09|2026-02-10|2026-02-11|2026-02-12,2026-02-13 22:40:51,0.0
Valmont Industries,,2025-12-31|2026-01-02|2026-01-05|2026-01-06|2026-01-07|2026-01-08|2026-01-09|2026-01-12|2026-01-13|2026-01-14|2026-01-15|2026-01-16|2026-01-20|2026-01-21|2026-01-22|2026-01-23|2026-01-26|2026-01-27|2026-01-28|2026-01-29|2026-01-30|2026-02-02|2026-02-03|2026-02-04|2026-02-05|2026-02-06|2026-02-09|2026-02-10|2026-02-11|2026-02-12,2026-02-13 22:40:51,0.0
ATI Inc,,2025-12-31|2026-01-02|2026-01-05|2026-01-06|2026-01-07|2026-01-08|2026-01-09|2026-01-12|2026-01-13|2026-01-14|2026-01-15|2026-01-16|2026-01-20|2026-01-21|2026-01-22|2026-01-23|2026-01-26|2026-01-27|2026-01-28|2026-01-29|2026-01-30|2026-02-02|2026-02-03|2026-02-04|2026-02-05|2026-02-06|2026-02-09|2026-02-10|2026-02-11|2026-02-12,2026-02-13 22:40:51,0.0
Twilio,,2025-12-31|2026-01-02|2026-01-05|2026-01-06|2026-01-07|2026-01-08|2026-01-09|2026-01-12|2026-01-13|2026-01-14|2026-01-15|2026-01-16|2026-01-20|2026-01-21|2026-01-22|2026-01-23|2026-01-26|2026-01-27|2026-01-28|2026-01-29|2026-01-30|2026-02-02|2026-02-03|2026-02-04|2026-02-05|2026-02-06|2026-02-09|2026-02-10|2026-02-11|2026-02-12,2026-02-13 22:40:51,0.0
CNO Financial Group,,2025-12-31|2026-01-02|2026-01-05|2026-01-06|2026-01-07|2026-01-08|2026-01-09|2026-01-12|2026-01-13|2026-01-14|2026-01-15|2026-01-16|2026-01-20|2026-01-21|2026-01-22|2026-01-23|2026-01-26|2026-01-27|2026-01-28|2026-01-29|2026-01-30|2026-02-02|2026-02-03|2026-02-04|2026-02-05|2026-02-06|2026-02-09|2026-02-10|2026-02-11|2026-02-12,2026-02-13 22:40:51,0.0
Patterson-UTI Energy,,2025-12-31|2026-01-02|2026-01-05|2026-01-06|2026-01-07|2026-01-08|2026-01-09|2026-01-12|2026-01-13|2026-01-14|2026-01-15|2026-01-16|2026-01-20|2026-01-21|2026-01-22|2026-01-23|2026-01-26|2026-01-27|2026-01-28|2026-01-29|2026-01-30|2026-02-02|2026-02-03|2026-02-04|2026-02-05|2026-02-06|2026-02-09|2026-02-10|2026-02-11|2026-02-12,2026-02-13 22:40:51,0.0
Brinker International,,2025-12-31|2026-01-02|2026-01-05|2026-01-06|2026-01-07|2026-01-08|2026-01-09|2026-01-12|2026-01-13|2026-01-14|2026-01-15|2026-01-16|2026-01-20|2026-01-21|2026-01-22|2026-01-23|2026-01-26|2026-01-27|2026-01-28|2026-01-29|2026-01-30|2026-02-02|2026-02-03|2026-02-04|2026-02-05|2026-02-06|2026-02-09|2026-02-10|2026-02-11|2026-02-12,2026-02-13 22:40:51,0.0
Charles River Laboratories International,,2025-12-31|2026-01-02|2026-01-05|2026-01-06|2026-01-07|2026-01-08|2026-01-09|2026-01-12|2026-01-13|2026-01-14|2026-01-15|2026-01-16|2026-01-20|2026-01-21|2026-01-22|2026-01-23|2026-01-26|2026-01-27|2026-01-28|2026-01-29|2026-01-30|2026-02-02|2026-02-03|2026-02-04|2026-02-05|2026-02-06|2026-02-09|2026-02-10|2026-02-11|2026-02-12,2026-02-13 22:40:51,0.0
Hyster-Yale,,2025-12-31|2026-01-02|2026-01-05|2026-01-06|2026-01-07|2026-01-08|2026-01-09|2026-01-12|2026-01-13|2026-01-14|2026-01-15|2026-01-16|2026-01-20|2026-01-21|2026-01-22|2026-01-23|2026-01-26|2026-01-27|2026-01-28|2026-01-29|2026-01-30|2026-02-02|2026-02-03|2026-02-04|2026-02-05|2026-02-06|2026-02-09|2026-02-10|2026-02-11|2026-02-12,2026-02-13 22:40:51,0.0
Brighthouse Financial,,2025-12-31|2026-01-02|2026-01-05|2026-01-06|2026-01-07|2026-01-08|2026-01-09|2026-01-12|2026-01-13|2026-01-14|2026-01-15|2026-01-16|2026-01-20|2026-01-21|2026-01-22|2026-01-23|2026-01-26|2026-01-27|2026-01-28|2026-01-29|2026-01-30|2026-02-02|2026-02-03|2026-02-04|2026-02-05|2026-02-06|2026-02-09|2026-02-10|2026-02-11|2026-02-12,2026-02-13 22:40:51,0.0
Service Corp International,,2025-12-31|2026-01-02|2026-01-05|2026-01-06|2026-01-07|2026-01-08|2026-01-09|2026-01-12|2026-01-13|2026-01-14|2026-01-15|2026-01-16|2026-01-20|2026-01-21|2026-01-22|2026-01-23|2026-01-26|2026-01-27|2026-01-28|2026-01-29|2026-01-30|2026-02-02|2026-02-03|2026-02-04|2026-02-05|2026-02-06|2026-02-09|2026-02-10|2026-02-11|2026-02-12,2026-02-13 22:40:51,0.0
CrossAmerica Partners,,2025-12-31|2026-01-02|2026-01-05|2026-01-06|2026-01-07|2026-01-08|2026-01-09|2026-01-12|2026-01-13|2026-01-14|2026-01-15|2026-01-16|2026-01-20|2026-01-21|2026-01-22|2026-01-23|2026-01-26|2026-01-27|2026-01-28|2026-01-29|2026-01-30|2026-02-02|2026-02-03|2026-02-04|2026-02-05|2026-02-06|2026-02-09|2026-02-10|2026-02-11|2026-02-12,2026-02-13 22:40:51,0.0
Cadence,,2025-12-31|2026-01-02|2026-01-05|2026-01-06|2026-01-07|2026-01-08|2026-01-09|2026-01-12|2026-01-13|2026-01-14|2026-01-15|2026-01-16|2026-01-20|2026-01-21|2026-01-22|2026-01-23|2026-01-26|2026-01-27|2026-01-28|2026-01-29|2026-01-30|2026-02-02|2026-02-03|2026-02-04|2026-02-05|2026-02-06|2026-02-09|2026-02-10|2026-02-11|2026-02-12,2026-02-13 22:40:51,0.0
MillerKnoll,,2025-12-31|2026-01-02|2026-01-05|2026-01-06|2026-01-07|2026-01-08|2026-01-09|2026-01-12|2026-01-13|2026-01-14|2026-01-15|2026-01-16|2026-01-20|2026-01-21|2026-01-22|2026-01-23|2026-01-26|2026-01-27|2026-01-28|2026-01-29|2026-01-30|2026-02-02|2026-02-03|2026-02-04|2026-02-05|2026-02-06|2026-02-09|2026-02-10|2026-02-11|2026-02-12,2026-02-13 22:40:51,0.0
Realty Income,,2025-12-31|2026-01-02|2026-01-05|2026-01-06|2026-01-07|2026-01-08|2026-01-09|2026-01-12|2026-01-13|2026-01-14|2026-01-15|2026-01-16|2026-01-20|2026-01-21|2026-01-22|2026-01-23|2026-01-26|2026-01-27|2026-01-28|2026-01-29|2026-01-30|2026-02-02|2026-02-03|2026-02-04|2026-02-05|2026-02-06|2026-02-09|2026-02-10|2026-02-11|2026-02-12,2026-02-13 22:40:51,0.0
Middleby,,2025-12-31|2026-01-02|2026-01-05|2026-01-06|2026-01-07|2026-01-08|2026-01-09|2026-01-12|2026-01-13|2026-01-14|2026-01-15|2026-01-16|2026-01-20|2026-01-21|2026-01-22|2026-01-23|2026-01-26|2026-01-27|2026-01-28|2026-01-29|2026-01-30|2026-02-02|2026-02-03|2026-02-04|2026-02-05|2026-02-06|2026-02-09|2026-02-10|2026-02-11|2026-02-12,2026-02-13 22:40:51,0.0
M/I Homes,,2025-12-31|2026-01-02|2026-01-05|2026-01-06|2026-01-07|2026-01-08|2026-01-09|2026-01-12|2026-01-13|2026-01-14|2026-01-15|2026-01-16|2026-01-20|2026-01-21|2026-01-22|2026-01-23|2026-01-26|2026-01-27|2026-01-28|2026-01-29|2026-01-30|2026-02-02|2026-02-03|2026-02-04|2026-02-05|2026-02-06|2026-02-09|2026-02-10|2026-02-11|2026-02-12,2026-02-13 22:40:51,0.0
Hologic,,2025-12-31|2026-01-02|2026-01-05|2026-01-06|2026-01-07|2026-01-08|2026-01-09|2026-01-12|2026-01-13|2026-01-14|2026-01-15|2026-01-16|2026-01-20|2026-01-21|2026-01-22|2026-01-23|2026-01-26|2026-01-27|2026-01-28|2026-01-29|2026-01-30|2026-02-02|2026-02-03|2026-02-04|2026-02-05|2026-02-06|2026-02-09|2026-02-10|2026-02-11|2026-02-12,2026-02-13 22:40:51,0.0
Alliant Energy,,2025-12-31|2026-01-02|2026-01-05|2026-01-06|2026-01-07|2026-01-08|2026-01-09|2026-01-12|2026-01-13|2026-01-14|2026-01-15|2026-01-16|2026-01-20|2026-01-21|2026-01-22|2026-01-23|2026-01-26|2026-01-27|2026-01-28|2026-01-29|2026-01-30|2026-02-02|2026-02-03|2026-02-04|2026-02-05|2026-02-06|2026-02-09|2026-02-10|2026-02-11|2026-02-12,2026-02-13 22:40:51,0.0
Generac,,2025-12-31|2026-01-02|2026-01-05|2026-01-06|2026-01-07|2026-01-08|2026-01-09|2026-01-12|2026-01-13|2026-01-14|2026-01-15|2026-01-16|2026-01-20|2026-01-21|2026-01-22|2026-01-23|2026-01-26|2026-01-27|2026-01-28|2026-01-29|2026-01-30|2026-02-02|2026-02-03|2026-02-04|2026-02-05|2026-02-06|2026-02-09|2026-02-10|2026-02-11|2026-02-12,2026-02-13 22:40:51,0.0
MSC Industrial Direct,,2025-12-31|2026-01-02|2026-01-05|2026-01-06|2026-01-07|2026-01-08|2026-01-09|2026-01-12|2026-01-13|2026-01-14|2026-01-15|2026-01-16|2026-01-20|2026-01-21|2026-01-22|2026-01-23|2026-01-26|2026-01-27|2026-01-28|2026-01-29|2026-01-30|2026-02-02|2026-02-03|2026-02-04|2026-02-05|2026-02-06|2026-02-09|2026-02-10|2026-02-11|2026-02-12,2026-02-13 22:40:51,0.0
Rocket Companies,,2025-12-31|2026-01-02|2026-01-05|2026-01-06|2026-01-07|2026-01-08|2026-01-09|2026-01-12|2026-01-13|2026-01-14|2026-01-15|2026-01-16|2026-01-20|2026-01-21|2026-01-22|2026-01-23|2026-01-26|2026-01-27|2026-01-28|2026-01-29|2026-01-30|2026-02-02|2026-02-03|2026-02-04|2026-02-05|2026-02-06|2026-02-09|2026-02-10|2026-02-11|2026-02-12,2026-02-13 22:40:51,0.0
Upbound Group,,2025-12-31|2026-01-02|2026-01-05|2026-01-06|2026-01-07|2026-01-08|2026-01-09|2026-01-12|2026-01-13|2026-01-14|2026-01-15|2026-01-16|2026-01-20|2026-01-21|2026-01-22|2026-01-23|2026-01-26|2026-01-27|2026-01-28|2026-01-29|2026-01-30|2026-02-02|2026-02-03|2026-02-04|2026-02-05|2026-02-06|2026-02-09|2026-02-10|2026-02-11|2026-02-12,2026-02-13 22:40:51,0.0
East West Bancorp,,2025-12-31|2026-01-02|2026-01-05|2026-01-06|2026-01-07|2026-01-08|2026-01-09|2026-01-12|2026-01-13|2026-01-14|2026-01-15|2026-01-16|2026-01-20|2026-01-21|2026-01-22|2026-01-23|2026-01-26|2026-01-27|2026-01-28|2026-01-29|2026-01-30|2026-02-02|2026-02-03|2026-02-04|2026-02-05|2026-02-06|2026-02-09|2026-02-10|2026-02-11|2026-02-12,2026-02-13 22:40:51,0.0
Grocery Outlet Holding,,2025-12-31|2026-01-02|2026-01-05|2026-01-06|2026-01-07|2026-01-08|2026-01-09|2026-01-12|2026-01-13|2026-01-14|2026-01-15|2026-01-16|2026-01-20|2026-01-21|2026-01-22|2026-01-23|2026-01-26|2026-01-27|2026-01-28|2026-01-29|2026-01-30|2026-02-02|2026-02-03|2026-02-04|2026-02-05|2026-02-06|2026-02-09|2026-02-10|2026-02-11|2026-02-12,2026-02-13 22:40:51,0.0
Dentsply Sirona,,2025-12-31|2026-01-02|2026-01-05|2026-01-06|2026-01-07|2026-01-08|2026-01-09|2026-01-12|2026-01-13|2026-01-14|2026-01-15|2026-01-16|2026-01-20|2026-01-21|2026-01-22|2026-01-23|2026-01-26|2026-01-27|2026-01-28|2026-01-29|2026-01-30|2026-02-02|2026-02-03|2026-02-04|2026-02-05|2026-02-06|2026-02-09|2026-02-10|2026-02-11|2026-02-12,2026-02-13 22:40:51,0.0
V2X,,2025-12-31|2026-01-02|2026-01-05|2026-01-06|2026-01-07|2026-01-08|2026-01-09|2026-01-12|2026-01-13|2026-01-14|2026-01-15|2026-01-16|2026-01-20|2026-01-21|2026-01-22|2026-01-23|2026-01-26|2026-01-27|2026-01-28|2026-01-29|2026-01-30|2026-02-02|2026-02-03|2026-02-04|2026-02-05|2026-02-06|2026-02-09|2026-02-10|2026-02-11|2026-02-12,2026-02-13 22:40:51,0.0
Crocs,,2025-12-31|2026-01-02|2026-01-05|2026-01-06|2026-01-07|2026-01-08|2026-01-09|2026-01-12|2026-01-13|2026-01-14|2026-01-15|2026-01-16|2026-01-20|2026-01-21|2026-01-22|2026-01-23|2026-01-26|2026-01-27|2026-01-28|2026-01-29|2026-01-30|2026-02-02|2026-02-03|2026-02-04|2026-02-05|2026-02-06|2026-02-09|2026-02-10|2026-02-11|2026-02-12,2026-02-13 22:40:51,0.0
Spectrum Brands,,2025-12-31|2026-01-02|2026-01-05|2026-01-06|2026-01-07|2026-01-08|2026-01-09|2026-01-12|2026-01-13|2026-01-14|2026-01-15|2026-01-16|2026-01-20|2026-01-21|2026-01-22|2026-01-23|2026-01-26|2026-01-27|2026-01-28|2026-01-29|2026-01-30|2026-02-02|2026-02-03|2026-02-04|2026-02-05|2026-02-06|2026-02-09|2026-02-10|2026-02-11|2026-02-12,2026-02-13 22:40:51,0.0
Visteon,,2025-12-31|2026-01-02|2026-01-05|2026-01-06|2026-01-07|2026-01-08|2026-01-09|2026-01-12|2026-01-13|2026-01-14|2026-01-15|2026-01-16|2026-01-20|2026-01-21|2026-01-22|2026-01-23|2026-01-26|2026-01-27|2026-01-28|2026-01-29|2026-01-30|2026-02-02|2026-02-03|2026-02-04|2026-02-05|2026-02-06|2026-02-09|2026-02-10|2026-02-11|2026-02-12,2026-02-13 22:40:51,0.0
Acuity Inc,,2025-12-31|2026-01-02|2026-01-05|2026-01-06|2026-01-07|2026-01-08|2026-01-09|2026-01-12|2026-01-13|2026-01-14|2026-01-15|2026-01-16|2026-01-20|2026-01-21|2026-01-22|2026-01-23|2026-01-26|2026-01-27|2026-01-28|2026-01-29|2026-01-30|2026-02-02|2026-02-03|2026-02-04|2026-02-05|2026-02-06|2026-02-09|2026-02-10|2026-02-11|2026-02-12,2026-02-13 22:40:51,0.0
The Greenbrier Companies,,2025-12-31|2026-01-02|2026-01-05|2026-01-06|2026-01-07|2026-01-08|2026-01-09|2026-01-12|2026-01-13|2026-01-14|2026-01-15|2026-01-16|2026-01-20|2026-01-21|2026-01-22|2026-01-23|2026-01-26|2026-01-27|2026-01-28|2026-01-29|2026-01-30|2026-02-02|2026-02-03|2026-02-04|2026-02-05|2026-02-06|2026-02-09|2026-02-10|2026-02-11|2026-02-12,2026-02-13 22:40:51,0.0
Webster Financial,,2025-12-31|2026-01-02|2026-01-05|2026-01-06|2026-01-07|2026-01-08|2026-01-09|2026-01-12|2026-01-13|2026-01-14|2026-01-15|2026-01-16|2026-01-20|2026-01-21|2026-01-22|2026-01-23|2026-01-26|2026-01-27|2026-01-28|2026-01-29|2026-01-30|2026-02-02|2026-02-03|2026-02-04|2026-02-05|2026-02-06|2026-02-09|2026-02-10|2026-02-11|2026-02-12,2026-02-13 22:40:51,0.0
Cabot Corporation,,2025-12-31|2026-01-02|2026-01-05|2026-01-06|2026-01-07|2026-01-08|2026-01-09|2026-01-12|2026-01-13|2026-01-14|2026-01-15|2026-01-16|2026-01-20|2026-01-21|2026-01-22|2026-01-23|2026-01-26|2026-01-27|2026-01-28|2026-01-29|2026-01-30|2026-02-02|2026-02-03|2026-02-04|2026-02-05|2026-02-06|2026-02-09|2026-02-10|2026-02-11|2026-02-12,2026-02-13 22:40:51,0.0
RXO Inc,,2025-12-31|2026-01-02|2026-01-05|2026-01-06|2026-01-07|2026-01-08|2026-01-09|2026-01-12|2026-01-13|2026-01-14|2026-01-15|2026-01-16|2026-01-20|2026-01-21|2026-01-22|2026-01-23|2026-01-26|2026-01-27|2026-01-28|2026-01-29|2026-01-30|2026-02-02|2026-02-03|2026-02-04|2026-02-05|2026-02-06|2026-02-09|2026-02-10|2026-02-11|2026-02-12,2026-02-13 22:40:51,0.0
Chord Energy,,2025-12-31|2026-01-02|2026-01-05|2026-01-06|2026-01-07|2026-01-08|2026-01-09|2026-01-12|2026-01-13|2026-01-14|2026-01-15|2026-01-16|2026-01-20|2026-01-21|2026-01-22|2026-01-23|2026-01-26|2026-01-27|2026-01-28|2026-01-29|2026-01-30|2026-02-02|2026-02-03|2026-02-04|2026-02-05|2026-02-06|2026-02-09|2026-02-10|2026-02-11|2026-02-12,2026-02-13 22:40:51,0.0
Popular Inc,,2025-12-31|2026-01-02|2026-01-05|2026-01-06|2026-01-07|2026-01-08|2026-01-09|2026-01-12|2026-01-13|2026-01-14|2026-01-15|2026-01-16|2026-01-20|2026-01-21|2026-01-22|2026-01-23|2026-01-26|2026-01-27|2026-01-28|2026-01-29|2026-01-30|2026-02-02|2026-02-03|2026-02-04|2026-02-05|2026-02-06|2026-02-09|2026-02-10|2026-02-11|2026-02-12,2026-02-13 22:40:51,0.0
Garrett Motion Inc,,2025-12-31|2026-01-02|2026-01-05|2026-01-06|2026-01-07|2026-01-08|2026-01-09|2026-01-12|2026-01-13|2026-01-14|2026-01-15|2026-01-16|2026-01-20|2026-01-21|2026-01-22|2026-01-23|2026-01-26|2026-01-27|2026-01-28|2026-01-29|2026-01-30|2026-02-02|2026-02-03|2026-02-04|2026-02-05|2026-02-06|2026-02-09|2026-02-10|2026-02-11|2026-02-12,2026-02-13 22:40:51,0.0
Tutor Perini Corporation,,2025-12-31|2026-01-02|2026-01-05|2026-01-06|2026-01-07|2026-01-08|2026-01-09|2026-01-12|2026-01-13|2026-01-14|2026-01-15|2026-01-16|2026-01-20|2026-01-21|2026-01-22|2026-01-23|2026-01-26|2026-01-27|2026-01-28|2026-01-29|2026-01-30|2026-02-02|2026-02-03|2026-02-04|2026-02-05|2026-02-06|2026-02-09|2026-02-10|2026-02-11|2026-02-12,2026-02-13 22:40:51,0.0
Copart,,2025-12-31|2026-01-02|2026-01-05|2026-01-06|2026-01-07|2026-01-08|2026-01-09|2026-01-12|2026-01-13|2026-01-14|2026-01-15|2026-01-16|2026-01-20|2026-01-21|2026-01-22|2026-01-23|2026-01-26|2026-01-27|2026-01-28|2026-01-29|2026-01-30|2026-02-02|2026-02-03|2026-02-04|2026-02-05|2026-02-06|2026-02-09|2026-02-10|2026-02-11|2026-02-12,2026-02-13 22:40:51,0.0
Toast Inc,,2025-12-31|2026-01-02|2026-01-05|2026-01-06|2026-01-07|2026-01-08|2026-01-09|2026-01-12|2026-01-13|2026-01-14|2026-01-15|2026-01-16|2026-01-20|2026-01-21|2026-01-22|2026-01-23|2026-01-26|2026-01-27|2026-01-28|2026-01-29|2026-01-30|2026-02-02|2026-02-03|2026-02-04|2026-02-05|2026-02-06|2026-02-09|2026-02-10|2026-02-11|2026-02-12,2026-02-13 22:40:51,0.0
Align Technology,,2025-12-31|2026-01-02|2026-01-05|2026-01-06|2026-01-07|2026-01-08|2026-01-09|2026-01-12|2026-01-13|2026-01-14|2026-01-15|2026-01-16|2026-01-20|2026-01-21|2026-01-22|2026-01-23|2026-01-26|2026-01-27|2026-01-28|2026-01-29|2026-01-30|2026-02-02|2026-02-03|2026-02-04|2026-02-05|2026-02-06|2026-02-09|2026-02-10|2026-02-11|2026-02-12,2026-02-13 22:40:51,0.0
A O Smith,,2025-12-31|2026-01-02|2026-01-05|2026-01-06|2026-01-07|2026-01-08|2026-01-09|2026-01-12|2026-01-13|2026-01-14|2026-01-15|2026-01-16|2026-01-20|2026-01-21|2026-01-22|2026-01-23|2026-01-26|2026-01-27|2026-01-28|2026-01-29|2026-01-30|2026-02-02|2026-02-03|2026-02-04|2026-02-05|2026-02-06|2026-02-09|2026-02-10|2026-02-11|2026-02-12,2026-02-13 22:40:51,0.0
TransUnion,,2025-12-31|2026-01-02|2026-01-05|2026-01-06|2026-01-07|2026-01-08|2026-01-09|2026-01-12|2026-01-13|2026-01-14|2026-01-15|2026-01-16|2026-01-20|2026-01-21|2026-01-22|2026-01-23|2026-01-26|2026-01-27|2026-01-28|2026-01-29|2026-01-30|2026-02-02|2026-02-03|2026-02-04|2026-02-05|2026-02-06|2026-02-09|2026-02-10|2026-02-11|2026-02-12,2026-02-13 22:40:51,0.0
NCR Voyix,,2025-12-31|2026-01-02|2026-01-05|2026-01-06|2026-01-07|2026-01-08|2026-01-09|2026-01-12|2026-01-13|2026-01-14|2026-01-15|2026-01-16|2026-01-20|2026-01-21|2026-01-22|2026-01-23|2026-01-26|2026-01-27|2026-01-28|2026-01-29|2026-01-30|2026-02-02|2026-02-03|2026-02-04|2026-02-05|2026-02-06|2026-02-09|2026-02-10|2026-02-11|2026-02-12,2026-02-13 22:40:51,0.0
Akamai Technologies,,2025-12-31|2026-01-02|2026-01-05|2026-01-06|2026-01-07|2026-01-08|2026-01-09|2026-01-12|2026-01-13|2026-01-14|2026-01-15|2026-01-16|2026-01-20|2026-01-21|2026-01-22|2026-01-23|2026-01-26|2026-01-27|2026-01-28|2026-01-29|2026-01-30|2026-02-02|2026-02-03|2026-02-04|2026-02-05|2026-02-06|2026-02-09|2026-02-10|2026-02-11|2026-02-12,2026-02-13 22:40:51,0.0
Trimble Inc,,2025-12-31|2026-01-02|2026-01-05|2026-01-06|2026-01-07|2026-01-08|2026-01-09|2026-01-12|2026-01-13|2026-01-14|2026-01-15|2026-01-16|2026-01-20|2026-01-21|2026-01-22|2026-01-23|2026-01-26|2026-01-27|2026-01-28|2026-01-29|2026-01-30|2026-02-02|2026-02-03|2026-02-04|2026-02-05|2026-02-06|2026-02-09|2026-02-10|2026-02-11|2026-02-12,2026-02-13 22:40:51,0.0
AMN Healthcare Services,,2025-12-31|2026-01-02|2026-01-05|2026-01-06|2026-01-07|2026-01-08|2026-01-09|2026-01-12|2026-01-13|2026-01-14|2026-01-15|2026-01-16|2026-01-20|2026-01-21|2026-01-22|2026-01-23|2026-01-26|2026-01-27|2026-01-28|2026-01-29|2026-01-30|2026-02-02|2026-02-03|2026-02-04|2026-02-05|2026-02-06|2026-02-09|2026-02-10|2026-02-11|2026-02-12,2026-02-13 22:40:51,0.0
Mettler-Toledo International,,2025-12-31|2026-01-02|2026-01-05|2026-01-06|2026-01-07|2026-01-08|2026-01-09|2026-01-12|2026-01-13|2026-01-14|2026-01-15|2026-01-16|2026-01-20|2026-01-21|2026-01-22|2026-01-23|2026-01-26|2026-01-27|2026-01-28|2026-01-29|2026-01-30|2026-02-02|2026-02-03|2026-02-04|2026-02-05|2026-02-06|2026-02-09|2026-02-10|2026-02-11|2026-02-12,2026-02-13 22:40:51,0.0
ScanSource,,2025-12-31|2026-01-02|2026-01-05|2026-01-06|2026-01-07|2026-01-08|2026-01-09|2026-01-12|2026-01-13|2026-01-14|2026-01-15|2026-01-16|2026-01-20|2026-01-21|2026-01-22|2026-01-23|2026-01-26|2026-01-27|2026-01-28|2026-01-29|2026-01-30|2026-02-02|2026-02-03|2026-02-04|2026-02-05|2026-02-06|2026-02-09|2026-02-10|2026-02-11|2026-02-12,2026-02-13 22:40:51,0.0
LCI Industries,,2025-12-31|2026-01-02|2026-01-05|2026-01-06|2026-01-07|2026-01-08|2026-01-09|2026-01-12|2026-01-13|2026-01-14|2026-01-15|2026-01-16|2026-01-20|2026-01-21|2026-01-22|2026-01-23|2026-01-26|2026-01-27|2026-01-28|2026-01-29|2026-01-30|2026-02-02|2026-02-03|2026-02-04|2026-02-05|2026-02-06|2026-02-09|2026-02-10|2026-02-11|2026-02-12,2026-02-13 22:40:51,0.0
Cboe Global Markets,,2025-12-31|2026-01-02|2026-01-05|2026-01-06|2026-01-07|2026-01-08|2026-01-09|2026-01-12|2026-01-13|2026-01-14|2026-01-15|2026-01-16|2026-01-20|2026-01-21|2026-01-22|2026-01-23|2026-01-26|2026-01-27|2026-01-28|2026-01-29|2026-01-30|2026-02-02|2026-02-03|2026-02-04|2026-02-05|2026-02-06|2026-02-09|2026-02-10|2026-02-11|2026-02-12,2026-02-13 22:40:51,0.0
Diebold Nixdorf,,2025-12-31|2026-01-02|2026-01-05|2026-01-06|2026-01-07|2026-01-08|2026-01-09|2026-01-12|2026-01-13|2026-01-14|2026-01-15|2026-01-16|2026-01-20|2026-01-21|2026-01-22|2026-01-23|2026-01-26|2026-01-27|2026-01-28|2026-01-29|2026-01-30|2026-02-02|2026-02-03|2026-02-04|2026-02-05|2026-02-06|2026-02-09|2026-02-10|2026-02-11|2026-02-12,2026-02-13 22:40:51,0.0
Corpay,,2025-12-31|2026-01-02|2026-01-05|2026-01-06|2026-01-07|2026-01-08|2026-01-09|2026-01-12|2026-01-13|2026-01-14|2026-01-15|2026-01-16|2026-01-20|2026-01-21|2026-01-22|2026-01-23|2026-01-26|2026-01-27|2026-01-28|2026-01-29|2026-01-30|2026-02-02|2026-02-03|2026-02-04|2026-02-05|2026-02-06|2026-02-09|2026-02-10|2026-02-11|2026-02-12,2026-02-13 22:40:51,0.0
iHeartMedia,,2025-12-31|2026-01-02|2026-01-05|2026-01-06|2026-01-07|2026-01-08|2026-01-09|2026-01-12|2026-01-13|2026-01-14|2026-01-15|2026-01-16|2026-01-20|2026-01-21|2026-01-22|2026-01-23|2026-01-26|2026-01-27|2026-01-28|2026-01-29|2026-01-30|2026-02-02|2026-02-03|2026-02-04|2026-02-05|2026-02-06|2026-02-09|2026-02-10|2026-02-11|2026-02-12,2026-02-13 22:40:51,0.0
Dream Finders Homes,,2025-12-31|2026-01-02|2026-01-05|2026-01-06|2026-01-07|2026-01-08|2026-01-09|2026-01-12|2026-01-13|2026-01-14|2026-01-15|2026-01-16|2026-01-20|2026-01-21|2026-01-22|2026-01-23|2026-01-26|2026-01-27|2026-01-28|2026-01-29|2026-01-30|2026-02-02|2026-02-03|2026-02-04|2026-02-05|2026-02-06|2026-02-09|2026-02-10|2026-02-11|2026-02-12,2026-02-13 22:40:51,0.0
Boyd Gaming,,2025-12-31|2026-01-02|2026-01-05|2026-01-06|2026-01-07|2026-01-08|2026-01-09|2026-01-12|2026-01-13|2026-01-14|2026-01-15|2026-01-16|2026-01-20|2026-01-21|2026-01-22|2026-01-23|2026-01-26|2026-01-27|2026-01-28|2026-01-29|2026-01-30|2026-02-02|2026-02-03|2026-02-04|2026-02-05|2026-02-06|2026-02-09|2026-02-10|2026-02-11|2026-02-12,2026-02-13 22:40:51,0.0
Ensign Group,,2025-12-31|2026-01-02|2026-01-05|2026-01-06|2026-01-07|2026-01-08|2026-01-09|2026-01-12|2026-01-13|2026-01-14|2026-01-15|2026-01-16|2026-01-20|2026-01-21|2026-01-22|2026-01-23|2026-01-26|2026-01-27|2026-01-28|2026-01-29|2026-01-30|2026-02-02|2026-02-03|2026-02-04|2026-02-05|2026-02-06|2026-02-09|2026-02-10|2026-02-11|2026-02-12,2026-02-13 22:40:51,0.0
Sally Beauty,,2025-12-31|2026-01-02|2026-01-05|2026-01-06|2026-01-07|2026-01-08|2026-01-09|2026-01-12|2026-01-13|2026-01-14|2026-01-15|2026-01-16|2026-01-20|2026-01-21|2026-01-22|2026-01-23|2026-01-26|2026-01-27|2026-01-28|2026-01-29|2026-01-30|2026-02-02|2026-02-03|2026-02-04|2026-02-05|2026-02-06|2026-02-09|2026-02-10|2026-02-11|2026-02-12,2026-02-13 22:40:51,0.0
Conduent,,2025-12-31|2026-01-02|2026-01-05|2026-01-06|2026-01-07|2026-01-08|2026-01-09|2026-01-12|2026-01-13|2026-01-14|2026-01-15|2026-01-16|2026-01-20|2026-01-21|2026-01-22|2026-01-23|2026-01-26|2026-01-27|2026-01-28|2026-01-29|2026-01-30|2026-02-02|2026-02-03|2026-02-04|2026-02-05|2026-02-06|2026-02-09|2026-02-10|2026-02-11|2026-02-12,2026-02-13 22:40:51,0.0
Sylvamo,,2025-12-31|2026-01-02|2026-01-05|2026-01-06|2026-01-07|2026-01-08|2026-01-09|2026-01-12|2026-01-13|2026-01-14|2026-01-15|2026-01-16|2026-01-20|2026-01-21|2026-01-22|2026-01-23|2026-01-26|2026-01-27|2026-01-28|2026-01-29|2026-01-30|2026-02-02|2026-02-03|2026-02-04|2026-02-05|2026-02-06|2026-02-09|2026-02-10|2026-02-11|2026-02-12,2026-02-13 22:40:51,0.0
Tri Pointe Homes,,2025-12-31|2026-01-02|2026-01-05|2026-01-06|2026-01-07|2026-01-08|2026-01-09|2026-01-12|2026-01-13|2026-01-14|2026-01-15|2026-01-16|2026-01-20|2026-01-21|2026-01-22|2026-01-23|2026-01-26|2026-01-27|2026-01-28|2026-01-29|2026-01-30|2026-02-02|2026-02-03|2026-02-04|2026-02-05|2026-02-06|2026-02-09|2026-02-10|2026-02-11|2026-02-12,2026-02-13 22:40:51,0.0
EnerSys,,2025-12-31|2026-01-02|2026-01-05|2026-01-06|2026-01-07|2026-01-08|2026-01-09|2026-01-12|2026-01-13|2026-01-14|2026-01-15|2026-01-16|2026-01-20|2026-01-21|2026-01-22|2026-01-23|2026-01-26|2026-01-27|2026-01-28|2026-01-29|2026-01-30|2026-02-02|2026-02-03|2026-02-04|2026-02-05|2026-02-06|2026-02-09|2026-02-10|2026-02-11|2026-02-12,2026-02-13 22:40:51,0.0
Incyte,,2025-12-31|2026-01-02|2026-01-05|2026-01-06|2026-01-07|2026-01-08|2026-01-09|2026-01-12|2026-01-13|2026-01-14|2026-01-15|2026-01-16|2026-01-20|2026-01-21|2026-01-22|2026-01-23|2026-01-26|2026-01-27|2026-01-28|2026-01-29|2026-01-30|2026-02-02|2026-02-03|2026-02-04|2026-02-05|2026-02-06|2026-02-09|2026-02-10|2026-02-11|2026-02-12,2026-02-13 22:40:51,0.0
Century Communities,,2025-12-31|2026-01-02|2026-01-05|2026-01-06|2026-01-07|2026-01-08|2026-01-09|2026-01-12|2026-01-13|2026-01-14|2026-01-15|2026-01-16|2026-01-20|2026-01-21|2026-01-22|2026-01-23|2026-01-26|2026-01-27|2026-01-28|2026-01-29|2026-01-30|2026-02-02|2026-02-03|2026-02-04|2026-02-05|2026-02-06|2026-02-09|2026-02-10|2026-02-11|2026-02-12,2026-02-13 22:40:51,0.0
Rithm Capital,,2025-12-31|2026-01-02|2026-01-05|2026-01-06|2026-01-07|2026-01-08|2026-01-09|2026-01-12|2026-01-13|2026-01-14|2026-01-15|2026-01-16|2026-01-20|2026-01-21|2026-01-22|2026-01-23|2026-01-26|2026-01-27|2026-01-28|2026-01-29|2026-01-30|2026-02-02|2026-02-03|2026-02-04|2026-02-05|2026-02-06|2026-02-09|2026-02-10|2026-02-11|2026-02-12,2026-02-13 22:40:51,0.0
Euronet Worldwide,,2025-12-31|2026-01-02|2026-01-05|2026-01-06|2026-01-07|2026-01-08|2026-01-09|2026-01-12|2026-01-13|2026-01-14|2026-01-15|2026-01-16|2026-01-20|2026-01-21|2026-01-22|2026-01-23|2026-01-26|2026-01-27|2026-01-28|2026-01-29|2026-01-30|2026-02-02|2026-02-03|2026-02-04|2026-02-05|2026-02-06|2026-02-09|2026-02-10|2026-02-11|2026-02-12,2026-02-13 22:40:51,0.0
Hawaiian Electric Industries,,2025-12-31|2026-01-02|2026-01-05|2026-01-06|2026-01-07|2026-01-08|2026-01-09|2026-01-12|2026-01-13|2026-01-14|2026-01-15|2026-01-16|2026-01-20|2026-01-21|2026-01-22|2026-01-23|2026-01-26|2026-01-27|2026-01-28|2026-01-29|2026-01-30|2026-02-02|2026-02-03|2026-02-04|2026-02-05|2026-02-06|2026-02-09|2026-02-10|2026-02-11|2026-02-12,2026-02-13 22:40:51,0.0
DraftKings,,2025-12-31|2026-01-02|2026-01-05|2026-01-06|2026-01-07|2026-01-08|2026-01-09|2026-01-12|2026-01-13|2026-01-14|2026-01-15|2026-01-16|2026-01-20|2026-01-21|2026-01-22|2026-01-23|2026-01-26|2026-01-27|2026-01-28|2026-01-29|2026-01-30|2026-02-02|2026-02-03|2026-02-04|2026-02-05|2026-02-06|2026-02-09|2026-02-10|2026-02-11|2026-02-12,2026-02-13 22:40:51,0.0
IDEXX Laboratories,,2025-12-31|2026-01-02|2026-01-05|2026-01-06|2026-01-07|2026-01-08|2026-01-09|2026-01-12|2026-01-13|2026-01-14|2026-01-15|2026-01-16|2026-01-20|2026-01-21|2026-01-22|2026-01-23|2026-01-26|2026-01-27|2026-01-28|2026-01-29|2026-01-30|2026-02-02|2026-02-03|2026-02-04|2026-02-05|2026-02-06|2026-02-09|2026-02-10|2026-02-11|2026-02-12,2026-02-13 22:40:51,0.0
MYR Group,,2025-12-31|2026-01-02|2026-01-05|2026-01-06|2026-01-07|2026-01-08|2026-01-09|2026-01-12|2026-01-13|2026-01-14|2026-01-15|2026-01-16|2026-01-20|2026-01-21|2026-01-22|2026-01-23|2026-01-26|2026-01-27|2026-01-28|2026-01-29|2026-01-30|2026-02-02|2026-02-03|2026-02-04|2026-02-05|2026-02-06|2026-02-09|2026-02-10|2026-02-11|2026-02-12,2026-02-13 22:40:51,0.0
Deckers Outdoor,,2025-12-31|2026-01-02|2026-01-05|2026-01-06|2026-01-07|2026-01-08|2026-01-09|2026-01-12|2026-01-13|2026-01-14|2026-01-15|2026-01-16|2026-01-20|2026-01-21|2026-01-22|2026-01-23|2026-01-26|2026-01-27|2026-01-28|2026-01-29|2026-01-30|2026-02-02|2026-02-03|2026-02-04|2026-02-05|2026-02-06|2026-02-09|2026-02-10|2026-02-11|2026-02-12,2026-02-13 22:40:51,0.0
DexCom,,2025-12-31|2026-01-02|2026-01-05|2026-01-06|2026-01-07|2026-01-08|2026-01-09|2026-01-12|2026-01-13|2026-01-14|2026-01-15|2026-01-16|2026-01-20|2026-01-21|2026-01-22|2026-01-23|2026-01-26|2026-01-27|2026-01-28|2026-01-29|2026-01-30|2026-02-02|2026-02-03|2026-02-04|2026-02-05|2026-02-06|2026-02-09|2026-02-10|2026-02-11|2026-02-12,2026-02-13 22:40:51,0.0
MKS Instruments,,2025-12-31|2026-01-02|2026-01-05|2026-01-06|2026-01-07|2026-01-08|2026-01-09|2026-01-12|2026-01-13|2026-01-14|2026-01-15|2026-01-16|2026-01-20|2026-01-21|2026-01-22|2026-01-23|2026-01-26|2026-01-27|2026-01-28|2026-01-29|2026-01-30|2026-02-02|2026-02-03|2026-02-04|2026-02-05|2026-02-06|2026-02-09|2026-02-10|2026-02-11|2026-02-12,2026-02-13 22:40:52,0.0
VICI Properties,,2025-12-31|2026-01-02|2026-01-05|2026-01-06|2026-01-07|2026-01-08|2026-01-09|2026-01-12|2026-01-13|2026-01-14|2026-01-15|2026-01-16|2026-01-20|2026-01-21|2026-01-22|2026-01-23|2026-01-26|2026-01-27|2026-01-28|2026-01-29|2026-01-30|2026-02-02|2026-02-03|2026-02-04|2026-02-05|2026-02-06|2026-02-09|2026-02-10|2026-02-11|2026-02-12,2026-02-13 22:40:52,0.0
Cooper Cos,,2025-12-31|2026-01-02|2026-01-05|2026-01-06|2026-01-07|2026-01-08|2026-01-09|2026-01-12|2026-01-13|2026-01-14|2026-01-15|2026-01-16|2026-01-20|2026-01-21|2026-01-22|2026-01-23|2026-01-26|2026-01-27|2026-01-28|2026-01-29|2026-01-30|2026-02-02|2026-02-03|2026-02-04|2026-02-05|2026-02-06|2026-02-09|2026-02-10|2026-02-11|2026-02-12,2026-02-13 22:40:52,0.0
Frontier Airlines,,2025-12-31|2026-01-02|2026-01-05|2026-01-06|2026-01-07|2026-01-08|2026-01-09|2026-01-12|2026-01-13|2026-01-14|2026-01-15|2026-01-16|2026-01-20|2026-01-21|2026-01-22|2026-01-23|2026-01-26|2026-01-27|2026-01-28|2026-01-29|2026-01-30|2026-02-02|2026-02-03|2026-02-04|2026-02-05|2026-02-06|2026-02-09|2026-02-10|2026-02-11|2026-02-12,2026-02-13 22:40:52,0.0
Qorvo,,2025-12-31|2026-01-02|2026-01-05|2026-01-06|2026-01-07|2026-01-08|2026-01-09|2026-01-12|2026-01-13|2026-01-14|2026-01-15|2026-01-16|2026-01-20|2026-01-21|2026-01-22|2026-01-23|2026-01-26|2026-01-27|2026-01-28|2026-01-29|2026-01-30|2026-02-02|2026-02-03|2026-02-04|2026-02-05|2026-02-06|2026-02-09|2026-02-10|2026-02-11|2026-02-12,2026-02-13 22:40:52,0.0
Five Below,,2025-12-31|2026-01-02|2026-01-05|2026-01-06|2026-01-07|2026-01-08|2026-01-09|2026-01-12|2026-01-13|2026-01-14|2026-01-15|2026-01-16|2026-01-20|2026-01-21|2026-01-22|2026-01-23|2026-01-26|2026-01-27|2026-01-28|2026-01-29|2026-01-30|2026-02-02|2026-02-03|2026-02-04|2026-02-05|2026-02-06|2026-02-09|2026-02-10|2026-02-11|2026-02-12,2026-02-13 22:40:52,0.0
TreeHouse Foods,,2025-12-29|2025-12-30|2025-12-31|2026-01-02|2026-01-05|2026-01-06|2026-01-07|2026-01-08|2026-01-09|2026-01-12|2026-01-13|2026-01-14|2026-01-15|2026-01-16|2026-01-20|2026-01-21|2026-01-22|2026-01-23|2026-01-26|2026-01-27|2026-01-28|2026-01-29|2026-01-30|2026-02-02|2026-02-03|2026-02-04|2026-02-05|2026-02-06|2026-02-09|2026-02-10,2026-02-13 22:40:52,0.0
Scotts Miracle-Gro,,2025-12-31|2026-01-02|2026-01-05|2026-01-06|2026-01-07|2026-01-08|2026-01-09|2026-01-12|2026-01-13|2026-01-14|2026-01-15|2026-01-16|2026-01-20|2026-01-21|2026-01-22|2026-01-23|2026-01-26|2026-01-27|2026-01-28|2026-01-29|2026-01-30|2026-02-02|2026-02-03|2026-02-04|2026-02-05|2026-02-06|2026-02-09|2026-02-10|2026-02-11|2026-02-12,2026-02-13 22:40:52,0.0
Atlassian,,2025-12-31|2026-01-02|2026-01-05|2026-01-06|2026-01-07|2026-01-08|2026-01-09|2026-01-12|2026-01-13|2026-01-14|2026-01-15|2026-01-16|2026-01-20|2026-01-21|2026-01-22|2026-01-23|2026-01-26|2026-01-27|2026-01-28|2026-01-29|2026-01-30|2026-02-02|2026-02-03|2026-02-04|2026-02-05|2026-02-06|2026-02-09|2026-02-10|2026-02-11|2026-02-12,2026-02-13 22:40:52,0.0
Entegris,,2025-12-31|2026-01-02|2026-01-05|2026-01-06|2026-01-07|2026-01-08|2026-01-09|2026-01-12|2026-01-13|2026-01-14|2026-01-15|2026-01-16|2026-01-20|2026-01-21|2026-01-22|2026-01-23|2026-01-26|2026-01-27|2026-01-28|2026-01-29|2026-01-30|2026-02-02|2026-02-03|2026-02-04|2026-02-05|2026-02-06|2026-02-09|2026-02-10|2026-02-11|2026-02-12,2026-02-13 22:40:52,0.0
Atkore,,2025-12-31|2026-01-02|2026-01-05|2026-01-06|2026-01-07|2026-01-08|2026-01-09|2026-01-12|2026-01-13|2026-01-14|2026-01-15|2026-01-16|2026-01-20|2026-01-21|2026-01-22|2026-01-23|2026-01-26|2026-01-27|2026-01-28|2026-01-29|2026-01-30|2026-02-02|2026-02-03|2026-02-04|2026-02-05|2026-02-06|2026-02-09|2026-02-10|2026-02-11|2026-02-12,2026-02-13 22:40:52,0.0
HB Fuller,,2025-12-31|2026-01-02|2026-01-05|2026-01-06|2026-01-07|2026-01-08|2026-01-09|2026-01-12|2026-01-13|2026-01-14|2026-01-15|2026-01-16|2026-01-20|2026-01-21|2026-01-22|2026-01-23|2026-01-26|2026-01-27|2026-01-28|2026-01-29|2026-01-30|2026-02-02|2026-02-03|2026-02-04|2026-02-05|2026-02-06|2026-02-09|2026-02-10|2026-02-11|2026-02-12,2026-02-13 22:40:52,0.0
Granite Construction,,2025-12-31|2026-01-02|2026-01-05|2026-01-06|2026-01-07|2026-01-08|2026-01-09|2026-01-12|2026-01-13|2026-01-14|2026-01-15|2026-01-16|2026-01-20|2026-01-21|2026-01-22|2026-01-23|2026-01-26|2026-01-27|2026-01-28|2026-01-29|2026-01-30|2026-02-02|2026-02-03|2026-02-04|2026-02-05|2026-02-06|2026-02-09|2026-02-10|2026-02-11|2026-02-12,2026-02-13 22:40:52,0.0
Winnebago Industries,,2025-12-31|2026-01-02|2026-01-05|2026-01-06|2026-01-07|2026-01-08|2026-01-09|2026-01-12|2026-01-13|2026-01-14|2026-01-15|2026-01-16|2026-01-20|2026-01-21|2026-01-22|2026-01-23|2026-01-26|2026-01-27|2026-01-28|2026-01-29|2026-01-30|2026-02-02|2026-02-03|2026-02-04|2026-02-05|2026-02-06|2026-02-09|2026-02-10|2026-02-11|2026-02-12,2026-02-13 22:40:52,0.0
FTI Consulting,,2025-12-31|2026-01-02|2026-01-05|2026-01-06|2026-01-07|2026-01-08|2026-01-09|2026-01-12|2026-01-13|2026-01-14|2026-01-15|2026-01-16|2026-01-20|2026-01-21|2026-01-22|2026-01-23|2026-01-26|2026-01-27|2026-01-28|2026-01-29|2026-01-30|2026-02-02|2026-02-03|2026-02-04|2026-02-05|2026-02-06|2026-02-09|2026-02-10|2026-02-11|2026-02-12,2026-02-13 22:40:52,0.0
AptarGroup,,2025-12-31|2026-01-02|2026-01-05|2026-01-06|2026-01-07|2026-01-08|2026-01-09|2026-01-12|2026-01-13|2026-01-14|2026-01-15|2026-01-16|2026-01-20|2026-01-21|2026-01-22|2026-01-23|2026-01-26|2026-01-27|2026-01-28|2026-01-29|2026-01-30|2026-02-02|2026-02-03|2026-02-04|2026-02-05|2026-02-06|2026-02-09|2026-02-10|2026-02-11|2026-02-12,2026-02-13 22:40:52,0.0
Columbia Sportswear,,2025-12-31|2026-01-02|2026-01-05|2026-01-06|2026-01-07|2026-01-08|2026-01-09|2026-01-12|2026-01-13|2026-01-14|2026-01-15|2026-01-16|2026-01-20|2026-01-21|2026-01-22|2026-01-23|2026-01-26|2026-01-27|2026-01-28|2026-01-29|2026-01-30|2026-02-02|2026-02-03|2026-02-04|2026-02-05|2026-02-06|2026-02-09|2026-02-10|2026-02-11|2026-02-12,2026-02-13 22:40:52,0.0
Roku,,2025-12-31|2026-01-02|2026-01-05|2026-01-06|2026-01-07|2026-01-08|2026-01-09|2026-01-12|2026-01-13|2026-01-14|2026-01-15|2026-01-16|2026-01-20|2026-01-21|2026-01-22|2026-01-23|2026-01-26|2026-01-27|2026-01-28|2026-01-29|2026-01-30|2026-02-02|2026-02-03|2026-02-04|2026-02-05|2026-02-06|2026-02-09|2026-02-10|2026-02-11|2026-02-12,2026-02-13 22:40:52,0.0
Civitas Resources,,2025-12-16|2025-12-17|2025-12-18|2025-12-19|2025-12-22|2025-12-23|2025-12-24|2025-12-26|2025-12-29|2025-12-30|2025-12-31|2026-01-02|2026-01-05|2026-01-06|2026-01-07|2026-01-08|2026-01-09|2026-01-12|2026-01-13|2026-01-14|2026-01-15|2026-01-16|2026-01-20|2026-01-21|2026-01-22|2026-01-23|2026-01-26|2026-01-27|2026-01-28|2026-01-29,2026-02-13 22:40:52,0.0
Alpha Metallurgical Resources,,2025-12-31|2026-01-02|2026-01-05|2026-01-06|2026-01-07|2026-01-08|2026-01-09|2026-01-12|2026-01-13|2026-01-14|2026-01-15|2026-01-16|2026-01-20|2026-01-21|2026-01-22|2026-01-23|2026-01-26|2026-01-27|2026-01-28|2026-01-29|2026-01-30|2026-02-02|2026-02-03|2026-02-04|2026-02-05|2026-02-06|2026-02-09|2026-02-10|2026-02-11|2026-02-12,2026-02-13 22:40:52,0.0
Patrick Industries,,2025-12-31|2026-01-02|2026-01-05|2026-01-06|2026-01-07|2026-01-08|2026-01-09|2026-01-12|2026-01-13|2026-01-14|2026-01-15|2026-01-16|2026-01-20|2026-01-21|2026-01-22|2026-01-23|2026-01-26|2026-01-27|2026-01-28|2026-01-29|2026-01-30|2026-02-02|2026-02-03|2026-02-04|2026-02-05|2026-02-06|2026-02-09|2026-02-10|2026-02-11|2026-02-12,2026-02-13 22:40:52,0.0
Murphy Oil,,2025-12-31|2026-01-02|2026-01-05|2026-01-06|2026-01-07|2026-01-08|2026-01-09|2026-01-12|2026-01-13|2026-01-14|2026-01-15|2026-01-16|2026-01-20|2026-01-21|2026-01-22|2026-01-23|2026-01-26|2026-01-27|2026-01-28|2026-01-29|2026-01-30|2026-02-02|2026-02-03|2026-02-04|2026-02-05|2026-02-06|2026-02-09|2026-02-10|2026-02-11|2026-02-12,2026-02-13 22:40:52,0.0
Synovus Financial,,2025-11-19|2025-11-20|2025-11-21|2025-11-24|2025-11-25|2025-11-26|2025-11-28|2025-12-01|2025-12-02|2025-12-03|2025-12-04|2025-12-05|2025-12-08|2025-12-09|2025-12-10|2025-12-11|2025-12-12|2025-12-15|2025-12-16|2025-12-17|2025-12-18|2025-12-19|2025-12-22|2025-12-23|2025-12-24|2025-12-26|2025-12-29|2025-12-30|2025-12-31|2026-01-02,2026-02-13 22:40:52,0.0
Cracker Barrel Old Country Store,,2025-12-31|2026-01-02|2026-01-05|2026-01-06|2026-01-07|2026-01-08|2026-01-09|2026-01-12|2026-01-13|2026-01-14|2026-01-15|2026-01-16|2026-01-20|2026-01-21|2026-01-22|2026-01-23|2026-01-26|2026-01-27|2026-01-28|2026-01-29|2026-01-30|2026-02-02|2026-02-03|2026-02-04|2026-02-05|2026-02-06|2026-02-09|2026-02-10|2026-02-11|2026-02-12,2026-02-13 22:40:52,0.0
Cheesecake Factory,,2025-12-31|2026-01-02|2026-01-05|2026-01-06|2026-01-07|2026-01-08|2026-01-09|2026-01-12|2026-01-13|2026-01-14|2026-01-15|2026-01-16|2026-01-20|2026-01-21|2026-01-22|2026-01-23|2026-01-26|2026-01-27|2026-01-28|2026-01-29|2026-01-30|2026-02-02|2026-02-03|2026-02-04|2026-02-05|2026-02-06|2026-02-09|2026-02-10|2026-02-11|2026-02-12,2026-02-13 22:40:52,0.0
CNX Resources,,2025-12-31|2026-01-02|2026-01-05|2026-01-06|2026-01-07|2026-01-08|2026-01-09|2026-01-12|2026-01-13|2026-01-14|2026-01-15|2026-01-16|2026-01-20|2026-01-21|2026-01-22|2026-01-23|2026-01-26|2026-01-27|2026-01-28|2026-01-29|2026-01-30|2026-02-02|2026-02-03|2026-02-04|2026-02-05|2026-02-06|2026-02-09|2026-02-10|2026-02-11|2026-02-12,2026-02-13 22:40:52,0.0
Chefs Warehouse,,2025-12-31|2026-01-02|2026-01-05|2026-01-06|2026-01-07|2026-01-08|2026-01-09|2026-01-12|2026-01-13|2026-01-14|2026-01-15|2026-01-16|2026-01-20|2026-01-21|2026-01-22|2026-01-23|2026-01-26|2026-01-27|2026-01-28|2026-01-29|2026-01-30|2026-02-02|2026-02-03|2026-02-04|2026-02-05|2026-02-06|2026-02-09|2026-02-10|2026-02-11|2026-02-12,2026-02-13 22:40:52,0.0
Donaldson Company,,2025-12-31|2026-01-02|2026-01-05|2026-01-06|2026-01-07|2026-01-08|2026-01-09|2026-01-12|2026-01-13|2026-01-14|2026-01-15|2026-01-16|2026-01-20|2026-01-21|2026-01-22|2026-01-23|2026-01-26|2026-01-27|2026-01-28|2026-01-29|2026-01-30|2026-02-02|2026-02-03|2026-02-04|2026-02-05|2026-02-06|2026-02-09|2026-02-10|2026-02-11|2026-02-12,2026-02-13 22:40:52,0.0
Mueller Industries,,2025-12-31|2026-01-02|2026-01-05|2026-01-06|2026-01-07|2026-01-08|2026-01-09|2026-01-12|2026-01-13|2026-01-14|2026-01-15|2026-01-16|2026-01-20|2026-01-21|2026-01-22|2026-01-23|2026-01-26|2026-01-27|2026-01-28|2026-01-29|2026-01-30|2026-02-02|2026-02-03|2026-02-04|2026-02-05|2026-02-06|2026-02-09|2026-02-10|2026-02-11|2026-02-12,2026-02-13 22:40:52,0.0
Chart Industries,,2025-12-31|2026-01-02|2026-01-05|2026-01-06|2026-01-07|2026-01-08|2026-01-09|2026-01-12|2026-01-13|2026-01-14|2026-01-15|2026-01-16|2026-01-20|2026-01-21|2026-01-22|2026-01-23|2026-01-26|2026-01-27|2026-01-28|2026-01-29|2026-01-30|2026-02-02|2026-02-03|2026-02-04|2026-02-05|2026-02-06|2026-02-09|2026-02-10|2026-02-11|2026-02-12,2026-02-13 22:40:52,0.0
Alight Solutions,,2025-12-31|2026-01-02|2026-01-05|2026-01-06|2026-01-07|2026-01-08|2026-01-09|2026-01-12|2026-01-13|2026-01-14|2026-01-15|2026-01-16|2026-01-20|2026-01-21|2026-01-22|2026-01-23|2026-01-26|2026-01-27|2026-01-28|2026-01-29|2026-01-30|2026-02-02|2026-02-03|2026-02-04|2026-02-05|2026-02-06|2026-02-09|2026-02-10|2026-02-11|2026-02-12,2026-02-13 22:40:52,0.0
Vishay Intertechnology,,2025-12-31|2026-01-02|2026-01-05|2026-01-06|2026-01-07|2026-01-08|2026-01-09|2026-01-12|2026-01-13|2026-01-14|2026-01-15|2026-01-16|2026-01-20|2026-01-21|2026-01-22|2026-01-23|2026-01-26|2026-01-27|2026-01-28|2026-01-29|2026-01-30|2026-02-02|2026-02-03|2026-02-04|2026-02-05|2026-02-06|2026-02-09|2026-02-10|2026-02-11|2026-02-12,2026-02-13 22:40:52,0.0
Range Resources,,2025-12-31|2026-01-02|2026-01-05|2026-01-06|2026-01-07|2026-01-08|2026-01-09|2026-01-12|2026-01-13|2026-01-14|2026-01-15|2026-01-16|2026-01-20|2026-01-21|2026-01-22|2026-01-23|2026-01-26|2026-01-27|2026-01-28|2026-01-29|2026-01-30|2026-02-02|2026-02-03|2026-02-04|2026-02-05|2026-02-06|2026-02-09|2026-02-10|2026-02-11|2026-02-12,2026-02-13 22:40:52,0.0
Valley National Bancorp,,2025-12-31|2026-01-02|2026-01-05|2026-01-06|2026-01-07|2026-01-08|2026-01-09|2026-01-12|2026-01-13|2026-01-14|2026-01-15|2026-01-16|2026-01-20|2026-01-21|2026-01-22|2026-01-23|2026-01-26|2026-01-27|2026-01-28|2026-01-29|2026-01-30|2026-02-02|2026-02-03|2026-02-04|2026-02-05|2026-02-06|2026-02-09|2026-02-10|2026-02-11|2026-02-12,2026-02-13 22:40:52,0.0
Match Group,,2025-12-31|2026-01-02|2026-01-05|2026-01-06|2026-01-07|2026-01-08|2026-01-09|2026-01-12|2026-01-13|2026-01-14|2026-01-15|2026-01-16|2026-01-20|2026-01-21|2026-01-22|2026-01-23|2026-01-26|2026-01-27|2026-01-28|2026-01-29|2026-01-30|2026-02-02|2026-02-03|2026-02-04|2026-02-05|2026-02-06|2026-02-09|2026-02-10|2026-02-11|2026-02-12,2026-02-13 22:40:52,0.0
Gen Digital,,2025-12-31|2026-01-02|2026-01-05|2026-01-06|2026-01-07|2026-01-08|2026-01-09|2026-01-12|2026-01-13|2026-01-14|2026-01-15|2026-01-16|2026-01-20|2026-01-21|2026-01-22|2026-01-23|2026-01-26|2026-01-27|2026-01-28|2026-01-29|2026-01-30|2026-02-02|2026-02-03|2026-02-04|2026-02-05|2026-02-06|2026-02-09|2026-02-10|2026-02-11|2026-02-12,2026-02-13 22:40:52,0.0
Wintrust Financial,,2025-12-31|2026-01-02|2026-01-05|2026-01-06|2026-01-07|2026-01-08|2026-01-09|2026-01-12|2026-01-13|2026-01-14|2026-01-15|2026-01-16|2026-01-20|2026-01-21|2026-01-22|2026-01-23|2026-01-26|2026-01-27|2026-01-28|2026-01-29|2026-01-30|2026-02-02|2026-02-03|2026-02-04|2026-02-05|2026-02-06|2026-02-09|2026-02-10|2026-02-11|2026-02-12,2026-02-13 22:40:52,0.0
First Solar,,2025-12-31|2026-01-02|2026-01-05|2026-01-06|2026-01-07|2026-01-08|2026-01-09|2026-01-12|2026-01-13|2026-01-14|2026-01-15|2026-01-16|2026-01-20|2026-01-21|2026-01-22|2026-01-23|2026-01-26|2026-01-27|2026-01-28|2026-01-29|2026-01-30|2026-02-02|2026-02-03|2026-02-04|2026-02-05|2026-02-06|2026-02-09|2026-02-10|2026-02-11|2026-02-12,2026-02-13 22:40:52,0.0
Central Garden & Pet,,2025-12-31|2026-01-02|2026-01-05|2026-01-06|2026-01-07|2026-01-08|2026-01-09|2026-01-12|2026-01-13|2026-01-14|2026-01-15|2026-01-16|2026-01-20|2026-01-21|2026-01-22|2026-01-23|2026-01-26|2026-01-27|2026-01-28|2026-01-29|2026-01-30|2026-02-02|2026-02-03|2026-02-04|2026-02-05|2026-02-06|2026-02-09|2026-02-10|2026-02-11|2026-02-12,2026-02-13 22:40:52,0.0
Green Plains Inc,,2025-12-31|2026-01-02|2026-01-05|2026-01-06|2026-01-07|2026-01-08|2026-01-09|2026-01-12|2026-01-13|2026-01-14|2026-01-15|2026-01-16|2026-01-20|2026-01-21|2026-01-22|2026-01-23|2026-01-26|2026-01-27|2026-01-28|2026-01-29|2026-01-30|2026-02-02|2026-02-03|2026-02-04|2026-02-05|2026-02-06|2026-02-09|2026-02-10|2026-02-11|2026-02-12,2026-02-13 22:40:52,0.0
Werner Enterprises,,2025-12-31|2026-01-02|2026-01-05|2026-01-06|2026-01-07|2026-01-08|2026-01-09|2026-01-12|2026-01-13|2026-01-14|2026-01-15|2026-01-16|2026-01-20|2026-01-21|2026-01-22|2026-01-23|2026-01-26|2026-01-27|2026-01-28|2026-01-29|2026-01-30|2026-02-02|2026-02-03|2026-02-04|2026-02-05|2026-02-06|2026-02-09|2026-02-10|2026-02-11|2026-02-12,2026-02-13 22:40:52,0.0
AppLovin,,2025-12-31|2026-01-02|2026-01-05|2026-01-06|2026-01-07|2026-01-08|2026-01-09|2026-01-12|2026-01-13|2026-01-14|2026-01-15|2026-01-16|2026-01-20|2026-01-21|2026-01-22|2026-01-23|2026-01-26|2026-01-27|2026-01-28|2026-01-29|2026-01-30|2026-02-02|2026-02-03|2026-02-04|2026-02-05|2026-02-06|2026-02-09|2026-02-10|2026-02-11|2026-02-12,2026-02-13 22:40:52,0.0
ITT,,2025-12-31|2026-01-02|2026-01-05|2026-01-06|2026-01-07|2026-01-08|2026-01-09|2026-01-12|2026-01-13|2026-01-14|2026-01-15|2026-01-16|2026-01-20|2026-01-21|2026-01-22|2026-01-23|2026-01-26|2026-01-27|2026-01-28|2026-01-29|2026-01-30|2026-02-02|2026-02-03|2026-02-04|2026-02-05|2026-02-06|2026-02-09|2026-02-10|2026-02-11|2026-02-12,2026-02-13 22:40:52,0.0
Herc Rentals,,2025-12-31|2026-01-02|2026-01-05|2026-01-06|2026-01-07|2026-01-08|2026-01-09|2026-01-12|2026-01-13|2026-01-14|2026-01-15|2026-01-16|2026-01-20|2026-01-21|2026-01-22|2026-01-23|2026-01-26|2026-01-27|2026-01-28|2026-01-29|2026-01-30|2026-02-02|2026-02-03|2026-02-04|2026-02-05|2026-02-06|2026-02-09|2026-02-10|2026-02-11|2026-02-12,2026-02-13 22:40:52,0.0
Gray Television,,2025-12-31|2026-01-02|2026-01-05|2026-01-06|2026-01-07|2026-01-08|2026-01-09|2026-01-12|2026-01-13|2026-01-14|2026-01-15|2026-01-16|2026-01-20|2026-01-21|2026-01-22|2026-01-23|2026-01-26|2026-01-27|2026-01-28|2026-01-29|2026-01-30|2026-02-02|2026-02-03|2026-02-04|2026-02-05|2026-02-06|2026-02-09|2026-02-10|2026-02-11|2026-02-12,2026-02-13 22:40:52,0.0
IDEX,,2025-12-31|2026-01-02|2026-01-05|2026-01-06|2026-01-07|2026-01-08|2026-01-09|2026-01-12|2026-01-13|2026-01-14|2026-01-15|2026-01-16|2026-01-20|2026-01-21|2026-01-22|2026-01-23|2026-01-26|2026-01-27|2026-01-28|2026-01-29|2026-01-30|2026-02-02|2026-02-03|2026-02-04|2026-02-05|2026-02-06|2026-02-09|2026-02-10|2026-02-11|2026-02-12,2026-02-13 22:40:52,0.0
Boston Properties,,2025-12-31|2026-01-02|2026-01-05|2026-01-06|2026-01-07|2026-01-08|2026-01-09|2026-01-12|2026-01-13|2026-01-14|2026-01-15|2026-01-16|2026-01-20|2026-01-21|2026-01-22|2026-01-23|2026-01-26|2026-01-27|2026-01-28|2026-01-29|2026-01-30|2026-02-02|2026-02-03|2026-02-04|2026-02-05|2026-02-06|2026-02-09|2026-02-10|2026-02-11|2026-02-12,2026-02-13 22:40:52,0.0
Pitney Bowes,,2025-12-31|2026-01-02|2026-01-05|2026-01-06|2026-01-07|2026-01-08|2026-01-09|2026-01-12|2026-01-13|2026-01-14|2026-01-15|2026-01-16|2026-01-20|2026-01-21|2026-01-22|2026-01-23|2026-01-26|2026-01-27|2026-01-28|2026-01-29|2026-01-30|2026-02-02|2026-02-03|2026-02-04|2026-02-05|2026-02-06|2026-02-09|2026-02-10|2026-02-11|2026-02-12,2026-02-13 22:40:52,0.0
Sun Communities,,2025-12-31|2026-01-02|2026-01-05|2026-01-06|2026-01-07|2026-01-08|2026-01-09|2026-01-12|2026-01-13|2026-01-14|2026-01-15|2026-01-16|2026-01-20|2026-01-21|2026-01-22|2026-01-23|2026-01-26|2026-01-27|2026-01-28|2026-01-29|2026-01-30|2026-02-02|2026-02-03|2026-02-04|2026-02-05|2026-02-06|2026-02-09|2026-02-10|2026-02-11|2026-02-12,2026-02-13 22:40:52,0.0
AdaptHealth,,2025-12-31|2026-01-02|2026-01-05|2026-01-06|2026-01-07|2026-01-08|2026-01-09|2026-01-12|2026-01-13|2026-01-14|2026-01-15|2026-01-16|2026-01-20|2026-01-21|2026-01-22|2026-01-23|2026-01-26|2026-01-27|2026-01-28|2026-01-29|2026-01-30|2026-02-02|2026-02-03|2026-02-04|2026-02-05|2026-02-06|2026-02-09|2026-02-10|2026-02-11|2026-02-12,2026-02-13 22:40:52,0.0
Genesis Energy,,2025-12-31|2026-01-02|2026-01-05|2026-01-06|2026-01-07|2026-01-08|2026-01-09|2026-01-12|2026-01-13|2026-01-14|2026-01-15|2026-01-16|2026-01-20|2026-01-21|2026-01-22|2026-01-23|2026-01-26|2026-01-27|2026-01-28|2026-01-29|2026-01-30|2026-02-02|2026-02-03|2026-02-04|2026-02-05|2026-02-06|2026-02-09|2026-02-10|2026-02-11|2026-02-12,2026-02-13 22:40:52,0.0
Jackson Financial,,2025-12-31|2026-01-02|2026-01-05|2026-01-06|2026-01-07|2026-01-08|2026-01-09|2026-01-12|2026-01-13|2026-01-14|2026-01-15|2026-01-16|2026-01-20|2026-01-21|2026-01-22|2026-01-23|2026-01-26|2026-01-27|2026-01-28|2026-01-29|2026-01-30|2026-02-02|2026-02-03|2026-02-04|2026-02-05|2026-02-06|2026-02-09|2026-02-10|2026-02-11|2026-02-12,2026-02-13 22:40:52,0.0
FirstCash,,2025-12-31|2026-01-02|2026-01-05|2026-01-06|2026-01-07|2026-01-08|2026-01-09|2026-01-12|2026-01-13|2026-01-14|2026-01-15|2026-01-16|2026-01-20|2026-01-21|2026-01-22|2026-01-23|2026-01-26|2026-01-27|2026-01-28|2026-01-29|2026-01-30|2026-02-02|2026-02-03|2026-02-04|2026-02-05|2026-02-06|2026-02-09|2026-02-10|2026-02-11|2026-02-12,2026-02-13 22:40:52,0.0
Cal-Maine Foods,,2025-12-31|2026-01-02|2026-01-05|2026-01-06|2026-01-07|2026-01-08|2026-01-09|2026-01-12|2026-01-13|2026-01-14|2026-01-15|2026-01-16|2026-01-20|2026-01-21|2026-01-22|2026-01-23|2026-01-26|2026-01-27|2026-01-28|2026-01-29|2026-01-30|2026-02-02|2026-02-03|2026-02-04|2026-02-05|2026-02-06|2026-02-09|2026-02-10|2026-02-11|2026-02-12,2026-02-13 22:40:52,0.0
Avient,,2025-12-31|2026-01-02|2026-01-05|2026-01-06|2026-01-07|2026-01-08|2026-01-09|2026-01-12|2026-01-13|2026-01-14|2026-01-15|2026-01-16|2026-01-20|2026-01-21|2026-01-22|2026-01-23|2026-01-26|2026-01-27|2026-01-28|2026-01-29|2026-01-30|2026-02-02|2026-02-03|2026-02-04|2026-02-05|2026-02-06|2026-02-09|2026-02-10|2026-02-11|2026-02-12,2026-02-13 22:40:52,0.0
BlueLinx,,2025-12-31|2026-01-02|2026-01-05|2026-01-06|2026-01-07|2026-01-08|2026-01-09|2026-01-12|2026-01-13|2026-01-14|2026-01-15|2026-01-16|2026-01-20|2026-01-21|2026-01-22|2026-01-23|2026-01-26|2026-01-27|2026-01-28|2026-01-29|2026-01-30|2026-02-02|2026-02-03|2026-02-04|2026-02-05|2026-02-06|2026-02-09|2026-02-10|2026-02-11|2026-02-12,2026-02-13 22:40:52,0.0
Sinclair,,2025-12-31|2026-01-02|2026-01-05|2026-01-06|2026-01-07|2026-01-08|2026-01-09|2026-01-12|2026-01-13|2026-01-14|2026-01-15|2026-01-16|2026-01-20|2026-01-21|2026-01-22|2026-01-23|2026-01-26|2026-01-27|2026-01-28|2026-01-29|2026-01-30|2026-02-02|2026-02-03|2026-02-04|2026-02-05|2026-02-06|2026-02-09|2026-02-10|2026-02-11|2026-02-12,2026-02-13 22:40:52,0.0
BOK Financial,,2025-12-31|2026-01-02|2026-01-05|2026-01-06|2026-01-07|2026-01-08|2026-01-09|2026-01-12|2026-01-13|2026-01-14|2026-01-15|2026-01-16|2026-01-20|2026-01-21|2026-01-22|2026-01-23|2026-01-26|2026-01-27|2026-01-28|2026-01-29|2026-01-30|2026-02-02|2026-02-03|2026-02-04|2026-02-05|2026-02-06|2026-02-09|2026-02-10|2026-02-11|2026-02-12,2026-02-13 22:40:52,0.0
Permian Resources,,2025-12-31|2026-01-02|2026-01-05|2026-01-06|2026-01-07|2026-01-08|2026-01-09|2026-01-12|2026-01-13|2026-01-14|2026-01-15|2026-01-16|2026-01-20|2026-01-21|2026-01-22|2026-01-23|2026-01-26|2026-01-27|2026-01-28|2026-01-29|2026-01-30|2026-02-02|2026-02-03|2026-02-04|2026-02-05|2026-02-06|2026-02-09|2026-02-10|2026-02-11|2026-02-12,2026-02-13 22:40:52,0.0
PACS Group,,2025-12-31|2026-01-02|2026-01-05|2026-01-06|2026-01-07|2026-01-08|2026-01-09|2026-01-12|2026-01-13|2026-01-14|2026-01-15|2026-01-16|2026-01-20|2026-01-21|2026-01-22|2026-01-23|2026-01-26|2026-01-27|2026-01-28|2026-01-29|2026-01-30|2026-02-02|2026-02-03|2026-02-04|2026-02-05|2026-02-06|2026-02-09|2026-02-10|2026-02-11|2026-02-12,2026-02-13 22:40:52,0.0
Coinbase Global,,2025-12-31|2026-01-02|2026-01-05|2026-01-06|2026-01-07|2026-01-08|2026-01-09|2026-01-12|2026-01-13|2026-01-14|2026-01-15|2026-01-16|2026-01-20|2026-01-21|2026-01-22|2026-01-23|2026-01-26|2026-01-27|2026-01-28|2026-01-29|2026-01-30|2026-02-02|2026-02-03|2026-02-04|2026-02-05|2026-02-06|2026-02-09|2026-02-10|2026-02-11|2026-02-12,2026-02-13 22:40:52,0.0
Western Midstream Partners,,2025-12-31|2026-01-02|2026-01-05|2026-01-06|2026-01-07|2026-01-08|2026-01-09|2026-01-12|2026-01-13|2026-01-14|2026-01-15|2026-01-16|2026-01-20|2026-01-21|2026-01-22|2026-01-23|2026-01-26|2026-01-27|2026-01-28|2026-01-29|2026-01-30|2026-02-02|2026-02-03|2026-02-04|2026-02-05|2026-02-06|2026-02-09|2026-02-10|2026-02-11|2026-02-12,2026-02-13 22:40:52,0.0
G-III Apparel Group,,2025-12-31|2026-01-02|2026-01-05|2026-01-06|2026-01-07|2026-01-08|2026-01-09|2026-01-12|2026-01-13|2026-01-14|2026-01-15|2026-01-16|2026-01-20|2026-01-21|2026-01-22|2026-01-23|2026-01-26|2026-01-27|2026-01-28|2026-01-29|2026-01-30|2026-02-02|2026-02-03|2026-02-04|2026-02-05|2026-02-06|2026-02-09|2026-02-10|2026-02-11|2026-02-12,2026-02-13 22:40:52,0.0
Vontier,,2025-12-31|2026-01-02|2026-01-05|2026-01-06|2026-01-07|2026-01-08|2026-01-09|2026-01-12|2026-01-13|2026-01-14|2026-01-15|2026-01-16|2026-01-20|2026-01-21|2026-01-22|2026-01-23|2026-01-26|2026-01-27|2026-01-28|2026-01-29|2026-01-30|2026-02-02|2026-02-03|2026-02-04|2026-02-05|2026-02-06|2026-02-09|2026-02-10|2026-02-11|2026-02-12,2026-02-13 22:40:52,0.0
Matson Inc,,2025-12-31|2026-01-02|2026-01-05|2026-01-06|2026-01-07|2026-01-08|2026-01-09|2026-01-12|2026-01-13|2026-01-14|2026-01-15|2026-01-16|2026-01-20|2026-01-21|2026-01-22|2026-01-23|2026-01-26|2026-01-27|2026-01-28|2026-01-29|2026-01-30|2026-02-02|2026-02-03|2026-02-04|2026-02-05|2026-02-06|2026-02-09|2026-02-10|2026-02-11|2026-02-12,2026-02-13 22:40:52,0.0
Kirby Corporation,,2025-12-31|2026-01-02|2026-01-05|2026-01-06|2026-01-07|2026-01-08|2026-01-09|2026-01-12|2026-01-13|2026-01-14|2026-01-15|2026-01-16|2026-01-20|2026-01-21|2026-01-22|2026-01-23|2026-01-26|2026-01-27|2026-01-28|2026-01-29|2026-01-30|2026-02-02|2026-02-03|2026-02-04|2026-02-05|2026-02-06|2026-02-09|2026-02-10|2026-02-11|2026-02-12,2026-02-13 22:40:52,0.0
Kaiser Aluminum,,2025-12-31|2026-01-02|2026-01-05|2026-01-06|2026-01-07|2026-01-08|2026-01-09|2026-01-12|2026-01-13|2026-01-14|2026-01-15|2026-01-16|2026-01-20|2026-01-21|2026-01-22|2026-01-23|2026-01-26|2026-01-27|2026-01-28|2026-01-29|2026-01-30|2026-02-02|2026-02-03|2026-02-04|2026-02-05|2026-02-06|2026-02-09|2026-02-10|2026-02-11|2026-02-12,2026-02-13 22:40:52,0.0
Designer Brands Inc,,2025-12-31|2026-01-02|2026-01-05|2026-01-06|2026-01-07|2026-01-08|2026-01-09|2026-01-12|2026-01-13|2026-01-14|2026-01-15|2026-01-16|2026-01-20|2026-01-21|2026-01-22|2026-01-23|2026-01-26|2026-01-27|2026-01-28|2026-01-29|2026-01-30|2026-02-02|2026-02-03|2026-02-04|2026-02-05|2026-02-06|2026-02-09|2026-02-10|2026-02-11|2026-02-12,2026-02-13 22:40:52,0.0
Rollins Inc,,2025-12-31|2026-01-02|2026-01-05|2026-01-06|2026-01-07|2026-01-08|2026-01-09|2026-01-12|2026-01-13|2026-01-14|2026-01-15|2026-01-16|2026-01-20|2026-01-21|2026-01-22|2026-01-23|2026-01-26|2026-01-27|2026-01-28|2026-01-29|2026-01-30|2026-02-02|2026-02-03|2026-02-04|2026-02-05|2026-02-06|2026-02-09|2026-02-10|2026-02-11|2026-02-12,2026-02-13 22:40:52,0.0
Advanced Drainage Systems,,2025-12-31|2026-01-02|2026-01-05|2026-01-06|2026-01-07|2026-01-08|2026-01-09|2026-01-12|2026-01-13|2026-01-14|2026-01-15|2026-01-16|2026-01-20|2026-01-21|2026-01-22|2026-01-23|2026-01-26|2026-01-27|2026-01-28|2026-01-29|2026-01-30|2026-02-02|2026-02-03|2026-02-04|2026-02-05|2026-02-06|2026-02-09|2026-02-10|2026-02-11|2026-02-12,2026-02-13 22:40:52,0.0
Cinemark,,2025-12-31|2026-01-02|2026-01-05|2026-01-06|2026-01-07|2026-01-08|2026-01-09|2026-01-12|2026-01-13|2026-01-14|2026-01-15|2026-01-16|2026-01-20|2026-01-21|2026-01-22|2026-01-23|2026-01-26|2026-01-27|2026-01-28|2026-01-29|2026-01-30|2026-02-02|2026-02-03|2026-02-04|2026-02-05|2026-02-06|2026-02-09|2026-02-10|2026-02-11|2026-02-12,2026-02-13 22:40:52,0.0
CrowdStrike,,2025-12-31|2026-01-02|2026-01-05|2026-01-06|2026-01-07|2026-01-08|2026-01-09|2026-01-12|2026-01-13|2026-01-14|2026-01-15|2026-01-16|2026-01-20|2026-01-21|2026-01-22|2026-01-23|2026-01-26|2026-01-27|2026-01-28|2026-01-29|2026-01-30|2026-02-02|2026-02-03|2026-02-04|2026-02-05|2026-02-06|2026-02-09|2026-02-10|2026-02-11|2026-02-12,2026-02-13 22:40:52,0.0
Pinterest,,2025-12-31|2026-01-02|2026-01-05|2026-01-06|2026-01-07|2026-01-08|2026-01-09|2026-01-12|2026-01-13|2026-01-14|2026-01-15|2026-01-16|2026-01-20|2026-01-21|2026-01-22|2026-01-23|2026-01-26|2026-01-27|2026-01-28|2026-01-29|2026-01-30|2026-02-02|2026-02-03|2026-02-04|2026-02-05|2026-02-06|2026-02-09|2026-02-10|2026-02-11|2026-02-12,2026-02-13 22:40:52,0.0
Instacart,,2025-12-31|2026-01-02|2026-01-05|2026-01-06|2026-01-07|2026-01-08|2026-01-09|2026-01-12|2026-01-13|2026-01-14|2026-01-15|2026-01-16|2026-01-20|2026-01-21|2026-01-22|2026-01-23|2026-01-26|2026-01-27|2026-01-28|2026-01-29|2026-01-30|2026-02-02|2026-02-03|2026-02-04|2026-02-05|2026-02-06|2026-02-09|2026-02-10|2026-02-11|2026-02-12,2026-02-13 22:40:52,0.0
Hillenbrand,,2025-12-29|2025-12-30|2025-12-31|2026-01-02|2026-01-05|2026-01-06|2026-01-07|2026-01-08|2026-01-09|2026-01-12|2026-01-13|2026-01-14|2026-01-15|2026-01-16|2026-01-20|2026-01-21|2026-01-22|2026-01-23|2026-01-26|2026-01-27|2026-01-28|2026-01-29|2026-01-30|2026-02-02|2026-02-03|2026-02-04|2026-02-05|2026-02-06|2026-02-09|2026-02-10,2026-02-13 22:40:52,0.0
Allison Transmission,,2025-12-31|2026-01-02|2026-01-05|2026-01-06|2026-01-07|2026-01-08|2026-01-09|2026-01-12|2026-01-13|2026-01-14|2026-01-15|2026-01-16|2026-01-20|2026-01-21|2026-01-22|2026-01-23|2026-01-26|2026-01-27|2026-01-28|2026-01-29|2026-01-30|2026-02-02|2026-02-03|2026-02-04|2026-02-05|2026-02-06|2026-02-09|2026-02-10|2026-02-11|2026-02-12,2026-02-13 22:40:52,0.0
Restoration Hardware,,2025-12-31|2026-01-02|2026-01-05|2026-01-06|2026-01-07|2026-01-08|2026-01-09|2026-01-12|2026-01-13|2026-01-14|2026-01-15|2026-01-16|2026-01-20|2026-01-21|2026-01-22|2026-01-23|2026-01-26|2026-01-27|2026-01-28|2026-01-29|2026-01-30|2026-02-02|2026-02-03|2026-02-04|2026-02-05|2026-02-06|2026-02-09|2026-02-10|2026-02-11|2026-02-12,2026-02-13 22:40:52,0.0
Brookdale Senior Living,,2025-12-31|2026-01-02|2026-01-05|2026-01-06|2026-01-07|2026-01-08|2026-01-09|2026-01-12|2026-01-13|2026-01-14|2026-01-15|2026-01-16|2026-01-20|2026-01-21|2026-01-22|2026-01-23|2026-01-26|2026-01-27|2026-01-28|2026-01-29|2026-01-30|2026-02-02|2026-02-03|2026-02-04|2026-02-05|2026-02-06|2026-02-09|2026-02-10|2026-02-11|2026-02-12,2026-02-13 22:40:52,0.0
QuidelOrtho,,2025-12-31|2026-01-02|2026-01-05|2026-01-06|2026-01-07|2026-01-08|2026-01-09|2026-01-12|2026-01-13|2026-01-14|2026-01-15|2026-01-16|2026-01-20|2026-01-21|2026-01-22|2026-01-23|2026-01-26|2026-01-27|2026-01-28|2026-01-29|2026-01-30|2026-02-02|2026-02-03|2026-02-04|2026-02-05|2026-02-06|2026-02-09|2026-02-10|2026-02-11|2026-02-12,2026-02-13 22:40:52,0.0
Trinity Industries,,2025-12-31|2026-01-02|2026-01-05|2026-01-06|2026-01-07|2026-01-08|2026-01-09|2026-01-12|2026-01-13|2026-01-14|2026-01-15|2026-01-16|2026-01-20|2026-01-21|2026-01-22|2026-01-23|2026-01-26|2026-01-27|2026-01-28|2026-01-29|2026-01-30|2026-02-02|2026-02-03|2026-02-04|2026-02-05|2026-02-06|2026-02-09|2026-02-10|2026-02-11|2026-02-12,2026-02-13 22:40:52,0.0
Teleflex,,2025-12-31|2026-01-02|2026-01-05|2026-01-06|2026-01-07|2026-01-08|2026-01-09|2026-01-12|2026-01-13|2026-01-14|2026-01-15|2026-01-16|2026-01-20|2026-01-21|2026-01-22|2026-01-23|2026-01-26|2026-01-27|2026-01-28|2026-01-29|2026-01-30|2026-02-02|2026-02-03|2026-02-04|2026-02-05|2026-02-06|2026-02-09|2026-02-10|2026-02-11|2026-02-12,2026-02-13 22:40:52,0.0
HEICO,,2025-12-31|2026-01-02|2026-01-05|2026-01-06|2026-01-07|2026-01-08|2026-01-09|2026-01-12|2026-01-13|2026-01-14|2026-01-15|2026-01-16|2026-01-20|2026-01-21|2026-01-22|2026-01-23|2026-01-26|2026-01-27|2026-01-28|2026-01-29|2026-01-30|2026-02-02|2026-02-03|2026-02-04|2026-02-05|2026-02-06|2026-02-09|2026-02-10|2026-02-11|2026-02-12,2026-02-13 22:40:52,0.0
Bruker,,2025-12-31|2026-01-02|2026-01-05|2026-01-06|2026-01-07|2026-01-08|2026-01-09|2026-01-12|2026-01-13|2026-01-14|2026-01-15|2026-01-16|2026-01-20|2026-01-21|2026-01-22|2026-01-23|2026-01-26|2026-01-27|2026-01-28|2026-01-29|2026-01-30|2026-02-02|2026-02-03|2026-02-04|2026-02-05|2026-02-06|2026-02-09|2026-02-10|2026-02-11|2026-02-12,2026-02-13 22:40:52,0.0
Carlyle Group,,2025-12-31|2026-01-02|2026-01-05|2026-01-06|2026-01-07|2026-01-08|2026-01-09|2026-01-12|2026-01-13|2026-01-14|2026-01-15|2026-01-16|2026-01-20|2026-01-21|2026-01-22|2026-01-23|2026-01-26|2026-01-27|2026-01-28|2026-01-29|2026-01-30|2026-02-02|2026-02-03|2026-02-04|2026-02-05|2026-02-06|2026-02-09|2026-02-10|2026-02-11|2026-02-12,2026-02-13 22:40:52,0.0
Energizer Holdings,,2025-12-31|2026-01-02|2026-01-05|2026-01-06|2026-01-07|2026-01-08|2026-01-09|2026-01-12|2026-01-13|2026-01-14|2026-01-15|2026-01-16|2026-01-20|2026-01-21|2026-01-22|2026-01-23|2026-01-26|2026-01-27|2026-01-28|2026-01-29|2026-01-30|2026-02-02|2026-02-03|2026-02-04|2026-02-05|2026-02-06|2026-02-09|2026-02-10|2026-02-11|2026-02-12,2026-02-13 22:40:52,0.0
Rackspace Technology,,2025-12-31|2026-01-02|2026-01-05|2026-01-06|2026-01-07|2026-01-08|2026-01-09|2026-01-12|2026-01-13|2026-01-14|2026-01-15|2026-01-16|2026-01-20|2026-01-21|2026-01-22|2026-01-23|2026-01-26|2026-01-27|2026-01-28|2026-01-29|2026-01-30|2026-02-02|2026-02-03|2026-02-04|2026-02-05|2026-02-06|2026-02-09|2026-02-10|2026-02-11|2026-02-12,2026-02-13 22:40:52,0.0
Waters Corporation,,2025-12-31|2026-01-02|2026-01-05|2026-01-06|2026-01-07|2026-01-08|2026-01-09|2026-01-12|2026-01-13|2026-01-14|2026-01-15|2026-01-16|2026-01-20|2026-01-21|2026-01-22|2026-01-23|2026-01-26|2026-01-27|2026-01-28|2026-01-29|2026-01-30|2026-02-02|2026-02-03|2026-02-04|2026-02-05|2026-02-06|2026-02-09|2026-02-10|2026-02-11|2026-02-12,2026-02-13 22:40:52,0.0
West Pharmaceutical Services,,2025-12-31|2026-01-02|2026-01-05|2026-01-06|2026-01-07|2026-01-08|2026-01-09|2026-01-12|2026-01-13|2026-01-14|2026-01-15|2026-01-16|2026-01-20|2026-01-21|2026-01-22|2026-01-23|2026-01-26|2026-01-27|2026-01-28|2026-01-29|2026-01-30|2026-02-02|2026-02-03|2026-02-04|2026-02-05|2026-02-06|2026-02-09|2026-02-10|2026-02-11|2026-02-12,2026-02-13 22:40:52,0.0
Carters Inc,,2025-12-31|2026-01-02|2026-01-05|2026-01-06|2026-01-07|2026-01-08|2026-01-09|2026-01-12|2026-01-13|2026-01-14|2026-01-15|2026-01-16|2026-01-20|2026-01-21|2026-01-22|2026-01-23|2026-01-26|2026-01-27|2026-01-28|2026-01-29|2026-01-30|2026-02-02|2026-02-03|2026-02-04|2026-02-05|2026-02-06|2026-02-09|2026-02-10|2026-02-11|2026-02-12,2026-02-13 22:40:52,0.0
SkyWest,,2025-12-31|2026-01-02|2026-01-05|2026-01-06|2026-01-07|2026-01-08|2026-01-09|2026-01-12|2026-01-13|2026-01-14|2026-01-15|2026-01-16|2026-01-20|2026-01-21|2026-01-22|2026-01-23|2026-01-26|2026-01-27|2026-01-28|2026-01-29|2026-01-30|2026-02-02|2026-02-03|2026-02-04|2026-02-05|2026-02-06|2026-02-09|2026-02-10|2026-02-11|2026-02-12,2026-02-13 22:40:52,0.0
Acadia Healthcare,,2025-12-31|2026-01-02|2026-01-05|2026-01-06|2026-01-07|2026-01-08|2026-01-09|2026-01-12|2026-01-13|2026-01-14|2026-01-15|2026-01-16|2026-01-20|2026-01-21|2026-01-22|2026-01-23|2026-01-26|2026-01-27|2026-01-28|2026-01-29|2026-01-30|2026-02-02|2026-02-03|2026-02-04|2026-02-05|2026-02-06|2026-02-09|2026-02-10|2026-02-11|2026-02-12,2026-02-13 22:40:52,0.0
Revvity,,2025-12-31|2026-01-02|2026-01-05|2026-01-06|2026-01-07|2026-01-08|2026-01-09|2026-01-12|2026-01-13|2026-01-14|2026-01-15|2026-01-16|2026-01-20|2026-01-21|2026-01-22|2026-01-23|2026-01-26|2026-01-27|2026-01-28|2026-01-29|2026-01-30|2026-02-02|2026-02-03|2026-02-04|2026-02-05|2026-02-06|2026-02-09|2026-02-10|2026-02-11|2026-02-12,2026-02-13 22:40:52,0.0
Portland General Electric,,2025-12-31|2026-01-02|2026-01-05|2026-01-06|2026-01-07|2026-01-08|2026-01-09|2026-01-12|2026-01-13|2026-01-14|2026-01-15|2026-01-16|2026-01-20|2026-01-21|2026-01-22|2026-01-23|2026-01-26|2026-01-27|2026-01-28|2026-01-29|2026-01-30|2026-02-02|2026-02-03|2026-02-04|2026-02-05|2026-02-06|2026-02-09|2026-02-10|2026-02-11|2026-02-12,2026-02-13 22:40:52,0.0
Woodward Inc,,2025-12-31|2026-01-02|2026-01-05|2026-01-06|2026-01-07|2026-01-08|2026-01-09|2026-01-12|2026-01-13|2026-01-14|2026-01-15|2026-01-16|2026-01-20|2026-01-21|2026-01-22|2026-01-23|2026-01-26|2026-01-27|2026-01-28|2026-01-29|2026-01-30|2026-02-02|2026-02-03|2026-02-04|2026-02-05|2026-02-06|2026-02-09|2026-02-10|2026-02-11|2026-02-12,2026-02-13 22:40:52,0.0
TEGNA,,2025-12-31|2026-01-02|2026-01-05|2026-01-06|2026-01-07|2026-01-08|2026-01-09|2026-01-12|2026-01-13|2026-01-14|2026-01-15|2026-01-16|2026-01-20|2026-01-21|2026-01-22|2026-01-23|2026-01-26|2026-01-27|2026-01-28|2026-01-29|2026-01-30|2026-02-02|2026-02-03|2026-02-04|2026-02-05|2026-02-06|2026-02-09|2026-02-10|2026-02-11|2026-02-12,2026-02-13 22:40:52,0.0
Sabre Corporation,,2025-12-31|2026-01-02|2026-01-05|2026-01-06|2026-01-07|2026-01-08|2026-01-09|2026-01-12|2026-01-13|2026-01-14|2026-01-15|2026-01-16|2026-01-20|2026-01-21|2026-01-22|2026-01-23|2026-01-26|2026-01-27|2026-01-28|2026-01-29|2026-01-30|2026-02-02|2026-02-03|2026-02-04|2026-02-05|2026-02-06|2026-02-09|2026-02-10|2026-02-11|2026-02-12,2026-02-13 22:40:52,0.0
Light & Wonder,,2026-01-27|2026-01-28|2026-01-29|2026-01-30|2026-02-02|2026-02-03|2026-02-04|2026-02-05|2026-02-06|2026-02-09|2026-02-10|2026-02-11|2026-02-12,2026-02-13 22:40:52,0.0
Vail Resorts,,2025-12-31|2026-01-02|2026-01-05|2026-01-06|2026-01-07|2026-01-08|2026-01-09|2026-01-12|2026-01-13|2026-01-14|2026-01-15|2026-01-16|2026-01-20|2026-01-21|2026-01-22|2026-01-23|2026-01-26|2026-01-27|2026-01-28|2026-01-29|2026-01-30|2026-02-02|2026-02-03|2026-02-04|2026-02-05|2026-02-06|2026-02-09|2026-02-10|2026-02-11|2026-02-12,2026-02-13 22:40:52,0.0
PennyMac Financial Services,,2025-12-31|2026-01-02|2026-01-05|2026-01-06|2026-01-07|2026-01-08|2026-01-09|2026-01-12|2026-01-13|2026-01-14|2026-01-15|2026-01-16|2026-01-20|2026-01-21|2026-01-22|2026-01-23|2026-01-26|2026-01-27|2026-01-28|2026-01-29|2026-01-30|2026-02-02|2026-02-03|2026-02-04|2026-02-05|2026-02-06|2026-02-09|2026-02-10|2026-02-11|2026-02-12,2026-02-13 22:40:52,0.0
Saia Inc,,2025-12-31|2026-01-02|2026-01-05|2026-01-06|2026-01-07|2026-01-08|2026-01-09|2026-01-12|2026-01-13|2026-01-14|2026-01-15|2026-01-16|2026-01-20|2026-01-21|2026-01-22|2026-01-23|2026-01-26|2026-01-27|2026-01-28|2026-01-29|2026-01-30|2026-02-02|2026-02-03|2026-02-04|2026-02-05|2026-02-06|2026-02-09|2026-02-10|2026-02-11|2026-02-12,2026-02-13 22:40:52,0.0
Equity Residential,,2025-12-31|2026-01-02|2026-01-05|2026-01-06|2026-01-07|2026-01-08|2026-01-09|2026-01-12|2026-01-13|2026-01-14|2026-01-15|2026-01-16|2026-01-20|2026-01-21|2026-01-22|2026-01-23|2026-01-26|2026-01-27|2026-01-28|2026-01-29|2026-01-30|2026-02-02|2026-02-03|2026-02-04|2026-02-05|2026-02-06|2026-02-09|2026-02-10|2026-02-11|2026-02-12,2026-02-13 22:40:52,0.0
Helmerich & Payne,,2025-12-31|2026-01-02|2026-01-05|2026-01-06|2026-01-07|2026-01-08|2026-01-09|2026-01-12|2026-01-13|2026-01-14|2026-01-15|2026-01-16|2026-01-20|2026-01-21|2026-01-22|2026-01-23|2026-01-26|2026-01-27|2026-01-28|2026-01-29|2026-01-30|2026-02-02|2026-02-03|2026-02-04|2026-02-05|2026-02-06|2026-02-09|2026-02-10|2026-02-11|2026-02-12,2026-02-13 22:40:52,0.0
Korn Ferry,,2025-12-31|2026-01-02|2026-01-05|2026-01-06|2026-01-07|2026-01-08|2026-01-09|2026-01-12|2026-01-13|2026-01-14|2026-01-15|2026-01-16|2026-01-20|2026-01-21|2026-01-22|2026-01-23|2026-01-26|2026-01-27|2026-01-28|2026-01-29|2026-01-30|2026-02-02|2026-02-03|2026-02-04|2026-02-05|2026-02-06|2026-02-09|2026-02-10|2026-02-11|2026-02-12,2026-02-13 22:40:52,0.0
PC Connection Inc,,2025-12-31|2026-01-02|2026-01-05|2026-01-06|2026-01-07|2026-01-08|2026-01-09|2026-01-12|2026-01-13|2026-01-14|2026-01-15|2026-01-16|2026-01-20|2026-01-21|2026-01-22|2026-01-23|2026-01-26|2026-01-27|2026-01-28|2026-01-29|2026-01-30|2026-02-02|2026-02-03|2026-02-04|2026-02-05|2026-02-06|2026-02-09|2026-02-10|2026-02-11|2026-02-12,2026-02-13 22:40:52,0.0
Curtiss-Wright,,2025-12-31|2026-01-02|2026-01-05|2026-01-06|2026-01-07|2026-01-08|2026-01-09|2026-01-12|2026-01-13|2026-01-14|2026-01-15|2026-01-16|2026-01-20|2026-01-21|2026-01-22|2026-01-23|2026-01-26|2026-01-27|2026-01-28|2026-01-29|2026-01-30|2026-02-02|2026-02-03|2026-02-04|2026-02-05|2026-02-06|2026-02-09|2026-02-10|2026-02-11|2026-02-12,2026-02-13 22:40:52,0.0
Sallie Mae,,2025-12-31|2026-01-02|2026-01-05|2026-01-06|2026-01-07|2026-01-08|2026-01-09|2026-01-12|2026-01-13|2026-01-14|2026-01-15|2026-01-16|2026-01-20|2026-01-21|2026-01-22|2026-01-23|2026-01-26|2026-01-27|2026-01-28|2026-01-29|2026-01-30|2026-02-02|2026-02-03|2026-02-04|2026-02-05|2026-02-06|2026-02-09|2026-02-10|2026-02-11|2026-02-12,2026-02-13 22:40:52,0.0
Benchmark Electronics,,2025-12-31|2026-01-02|2026-01-05|2026-01-06|2026-01-07|2026-01-08|2026-01-09|2026-01-12|2026-01-13|2026-01-14|2026-01-15|2026-01-16|2026-01-20|2026-01-21|2026-01-22|2026-01-23|2026-01-26|2026-01-27|2026-01-28|2026-01-29|2026-01-30|2026-02-02|2026-02-03|2026-02-04|2026-02-05|2026-02-06|2026-02-09|2026-02-10|2026-02-11|2026-02-12,2026-02-13 22:40:52,0.0
Pure Storage,,2025-12-31|2026-01-02|2026-01-05|2026-01-06|2026-01-07|2026-01-08|2026-01-09|2026-01-12|2026-01-13|2026-01-14|2026-01-15|2026-01-16|2026-01-20|2026-01-21|2026-01-22|2026-01-23|2026-01-26|2026-01-27|2026-01-28|2026-01-29|2026-01-30|2026-02-02|2026-02-03|2026-02-04|2026-02-05|2026-02-06|2026-02-09|2026-02-10|2026-02-11|2026-02-12,2026-02-13 22:40:52,0.0
Knife River Corporation,,2025-12-31|2026-01-02|2026-01-05|2026-01-06|2026-01-07|2026-01-08|2026-01-09|2026-01-12|2026-01-13|2026-01-14|2026-01-15|2026-01-16|2026-01-20|2026-01-21|2026-01-22|2026-01-23|2026-01-26|2026-01-27|2026-01-28|2026-01-29|2026-01-30|2026-02-02|2026-02-03|2026-02-04|2026-02-05|2026-02-06|2026-02-09|2026-02-10|2026-02-11|2026-02-12,2026-02-13 22:40:52,0.0
Caleres Inc,,2025-12-31|2026-01-02|2026-01-05|2026-01-06|2026-01-07|2026-01-08|2026-01-09|2026-01-12|2026-01-13|2026-01-14|2026-01-15|2026-01-16|2026-01-20|2026-01-21|2026-01-22|2026-01-23|2026-01-26|2026-01-27|2026-01-28|2026-01-29|2026-01-30|2026-02-02|2026-02-03|2026-02-04|2026-02-05|2026-02-06|2026-02-09|2026-02-10|2026-02-11|2026-02-12,2026-02-13 22:40:52,0.0
BrightView Holdings,,2025-12-31|2026-01-02|2026-01-05|2026-01-06|2026-01-07|2026-01-08|2026-01-09|2026-01-12|2026-01-13|2026-01-14|2026-01-15|2026-01-16|2026-01-20|2026-01-21|2026-01-22|2026-01-23|2026-01-26|2026-01-27|2026-01-28|2026-01-29|2026-01-30|2026-02-02|2026-02-03|2026-02-04|2026-02-05|2026-02-06|2026-02-09|2026-02-10|2026-02-11|2026-02-12,2026-02-13 22:40:52,0.0
Cooper-Standard,,2025-12-31|2026-01-02|2026-01-05|2026-01-06|2026-01-07|2026-01-08|2026-01-09|2026-01-12|2026-01-13|2026-01-14|2026-01-15|2026-01-16|2026-01-20|2026-01-21|2026-01-22|2026-01-23|2026-01-26|2026-01-27|2026-01-28|2026-01-29|2026-01-30|2026-02-02|2026-02-03|2026-02-04|2026-02-05|2026-02-06|2026-02-09|2026-02-10|2026-02-11|2026-02-12,2026-02-13 22:40:52,0.0
Primerica,,2025-12-31|2026-01-02|2026-01-05|2026-01-06|2026-01-07|2026-01-08|2026-01-09|2026-01-12|2026-01-13|2026-01-14|2026-01-15|2026-01-16|2026-01-20|2026-01-21|2026-01-22|2026-01-23|2026-01-26|2026-01-27|2026-01-28|2026-01-29|2026-01-30|2026-02-02|2026-02-03|2026-02-04|2026-02-05|2026-02-06|2026-02-09|2026-02-10|2026-02-11|2026-02-12,2026-02-13 22:40:52,0.0
F5,,2025-12-31|2026-01-02|2026-01-05|2026-01-06|2026-01-07|2026-01-08|2026-01-09|2026-01-12|2026-01-13|2026-01-14|2026-01-15|2026-01-16|2026-01-20|2026-01-21|2026-01-22|2026-01-23|2026-01-26|2026-01-27|2026-01-28|2026-01-29|2026-01-30|2026-02-02|2026-02-03|2026-02-04|2026-02-05|2026-02-06|2026-02-09|2026-02-10|2026-02-11|2026-02-12,2026-02-13 22:40:52,0.0
Matador Resources,,2025-12-31|2026-01-02|2026-01-05|2026-01-06|2026-01-07|2026-01-08|2026-01-09|2026-01-12|2026-01-13|2026-01-14|2026-01-15|2026-01-16|2026-01-20|2026-01-21|2026-01-22|2026-01-23|2026-01-26|2026-01-27|2026-01-28|2026-01-29|2026-01-30|2026-02-02|2026-02-03|2026-02-04|2026-02-05|2026-02-06|2026-02-09|2026-02-10|2026-02-11|2026-02-12,2026-02-13 22:40:52,0.0
Snowflake Inc,,2025-12-31|2026-01-02|2026-01-05|2026-01-06|2026-01-07|2026-01-08|2026-01-09|2026-01-12|2026-01-13|2026-01-14|2026-01-15|2026-01-16|2026-01-20|2026-01-21|2026-01-22|2026-01-23|2026-01-26|2026-01-27|2026-01-28|2026-01-29|2026-01-30|2026-02-02|2026-02-03|2026-02-04|2026-02-05|2026-02-06|2026-02-09|2026-02-10|2026-02-11|2026-02-12,2026-02-13 22:40:52,0.0
Viasat,,2025-12-31|2026-01-02|2026-01-05|2026-01-06|2026-01-07|2026-01-08|2026-01-09|2026-01-12|2026-01-13|2026-01-14|2026-01-15|2026-01-16|2026-01-20|2026-01-21|2026-01-22|2026-01-23|2026-01-26|2026-01-27|2026-01-28|2026-01-29|2026-01-30|2026-02-02|2026-02-03|2026-02-04|2026-02-05|2026-02-06|2026-02-09|2026-02-10|2026-02-11|2026-02-12,2026-02-13 22:40:52,0.0
California Resources,,2025-12-31|2026-01-02|2026-01-05|2026-01-06|2026-01-07|2026-01-08|2026-01-09|2026-01-12|2026-01-13|2026-01-14|2026-01-15|2026-01-16|2026-01-20|2026-01-21|2026-01-22|2026-01-23|2026-01-26|2026-01-27|2026-01-28|2026-01-29|2026-01-30|2026-02-02|2026-02-03|2026-02-04|2026-02-05|2026-02-06|2026-02-09|2026-02-10|2026-02-11|2026-02-12,2026-02-13 22:40:52,0.0
Peloton Interactive,,2025-12-31|2026-01-02|2026-01-05|2026-01-06|2026-01-07|2026-01-08|2026-01-09|2026-01-12|2026-01-13|2026-01-14|2026-01-15|2026-01-16|2026-01-20|2026-01-21|2026-01-22|2026-01-23|2026-01-26|2026-01-27|2026-01-28|2026-01-29|2026-01-30|2026-02-02|2026-02-03|2026-02-04|2026-02-05|2026-02-06|2026-02-09|2026-02-10|2026-02-11|2026-02-12,2026-02-13 22:40:52,0.0
Roblox,,2025-12-31|2026-01-02|2026-01-05|2026-01-06|2026-01-07|2026-01-08|2026-01-09|2026-01-12|2026-01-13|2026-01-14|2026-01-15|2026-01-16|2026-01-20|2026-01-21|2026-01-22|2026-01-23|2026-01-26|2026-01-27|2026-01-28|2026-01-29|2026-01-30|2026-02-02|2026-02-03|2026-02-04|2026-02-05|2026-02-06|2026-02-09|2026-02-10|2026-02-11|2026-02-12,2026-02-13 22:40:52,0.0
Installed Building Products,,2025-12-31|2026-01-02|2026-01-05|2026-01-06|2026-01-07|2026-01-08|2026-01-09|2026-01-12|2026-01-13|2026-01-14|2026-01-15|2026-01-16|2026-01-20|2026-01-21|2026-01-22|2026-01-23|2026-01-26|2026-01-27|2026-01-28|2026-01-29|2026-01-30|2026-02-02|2026-02-03|2026-02-04|2026-02-05|2026-02-06|2026-02-09|2026-02-10|2026-02-11|2026-02-12,2026-02-13 22:40:52,0.0
First National of Nebraska,,2025-12-31|2026-01-02|2026-01-05|2026-01-06|2026-01-07|2026-01-08|2026-01-09|2026-01-12|2026-01-13|2026-01-14|2026-01-15|2026-01-16|2026-01-20|2026-01-21|2026-01-22|2026-01-23|2026-01-26|2026-01-27|2026-01-28|2026-01-29|2026-01-30|2026-02-02|2026-02-03|2026-02-04|2026-02-05|2026-02-06|2026-02-09|2026-02-10|2026-02-11|2026-02-12,2026-02-13 22:40:52,0.0
Guess Inc,,2025-12-09|2025-12-10|2025-12-11|2025-12-12|2025-12-15|2025-12-16|2025-12-17|2025-12-18|2025-12-19|2025-12-22|2025-12-23|2025-12-24|2025-12-26|2025-12-29|2025-12-30|2025-12-31|2026-01-02|2026-01-05|2026-01-06|2026-01-07|2026-01-08|2026-01-09|2026-01-12|2026-01-13|2026-01-14|2026-01-15|2026-01-16|2026-01-20|2026-01-21|2026-01-22,2026-02-13 22:40:52,0.0
ESAB,,2025-12-31|2026-01-02|2026-01-05|2026-01-06|2026-01-07|2026-01-08|2026-01-09|2026-01-12|2026-01-13|2026-01-14|2026-01-15|2026-01-16|2026-01-20|2026-01-21|2026-01-22|2026-01-23|2026-01-26|2026-01-27|2026-01-28|2026-01-29|2026-01-30|2026-02-02|2026-02-03|2026-02-04|2026-02-05|2026-02-06|2026-02-09|2026-02-10|2026-02-11|2026-02-12,2026-02-13 22:40:52,0.0
AvalonBay Communities,,2025-12-31|2026-01-02|2026-01-05|2026-01-06|2026-01-07|2026-01-08|2026-01-09|2026-01-12|2026-01-13|2026-01-14|2026-01-15|2026-01-16|2026-01-20|2026-01-21|2026-01-22|2026-01-23|2026-01-26|2026-01-27|2026-01-28|2026-01-29|2026-01-30|2026-02-02|2026-02-03|2026-02-04|2026-02-05|2026-02-06|2026-02-09|2026-02-10|2026-02-11|2026-02-12,2026-02-13 22:40:52,0.0
DocuSign,,2025-12-31|2026-01-02|2026-01-05|2026-01-06|2026-01-07|2026-01-08|2026-01-09|2026-01-12|2026-01-13|2026-01-14|2026-01-15|2026-01-16|2026-01-20|2026-01-21|2026-01-22|2026-01-23|2026-01-26|2026-01-27|2026-01-28|2026-01-29|2026-01-30|2026-02-02|2026-02-03|2026-02-04|2026-02-05|2026-02-06|2026-02-09|2026-02-10|2026-02-11|2026-02-12,2026-02-13 22:40:52,0.0
Titan Machinery,,2025-12-31|2026-01-02|2026-01-05|2026-01-06|2026-01-07|2026-01-08|2026-01-09|2026-01-12|2026-01-13|2026-01-14|2026-01-15|2026-01-16|2026-01-20|2026-01-21|2026-01-22|2026-01-23|2026-01-26|2026-01-27|2026-01-28|2026-01-29|2026-01-30|2026-02-02|2026-02-03|2026-02-04|2026-02-05|2026-02-06|2026-02-09|2026-02-10|2026-02-11|2026-02-12,2026-02-13 22:40:52,0.0
Hovnanian Enterprises,,2025-12-31|2026-01-02|2026-01-05|2026-01-06|2026-01-07|2026-01-08|2026-01-09|2026-01-12|2026-01-13|2026-01-14|2026-01-15|2026-01-16|2026-01-20|2026-01-21|2026-01-22|2026-01-23|2026-01-26|2026-01-27|2026-01-28|2026-01-29|2026-01-30|2026-02-02|2026-02-03|2026-02-04|2026-02-05|2026-02-06|2026-02-09|2026-02-10|2026-02-11|2026-02-12,2026-02-13 22:40:52,0.0
Etsy,,2025-12-31|2026-01-02|2026-01-05|2026-01-06|2026-01-07|2026-01-08|2026-01-09|2026-01-12|2026-01-13|2026-01-14|2026-01-15|2026-01-16|2026-01-20|2026-01-21|2026-01-22|2026-01-23|2026-01-26|2026-01-27|2026-01-28|2026-01-29|2026-01-30|2026-02-02|2026-02-03|2026-02-04|2026-02-05|2026-02-06|2026-02-09|2026-02-10|2026-02-11|2026-02-12,2026-02-13 22:40:52,0.0
Surgery Partners,,2025-12-31|2026-01-02|2026-01-05|2026-01-06|2026-01-07|2026-01-08|2026-01-09|2026-01-12|2026-01-13|2026-01-14|2026-01-15|2026-01-16|2026-01-20|2026-01-21|2026-01-22|2026-01-23|2026-01-26|2026-01-27|2026-01-28|2026-01-29|2026-01-30|2026-02-02|2026-02-03|2026-02-04|2026-02-05|2026-02-06|2026-02-09|2026-02-10|2026-02-11|2026-02-12,2026-02-13 22:40:52,0.0
Columbia Banking System,,2025-12-31|2026-01-02|2026-01-05|2026-01-06|2026-01-07|2026-01-08|2026-01-09|2026-01-12|2026-01-13|2026-01-14|2026-01-15|2026-01-16|2026-01-20|2026-01-21|2026-01-22|2026-01-23|2026-01-26|2026-01-27|2026-01-28|2026-01-29|2026-01-30|2026-02-02|2026-02-03|2026-02-04|2026-02-05|2026-02-06|2026-02-09|2026-02-10|2026-02-11|2026-02-12,2026-02-13 22:40:52,0.0
Verisk Analytics,,2025-12-31|2026-01-02|2026-01-05|2026-01-06|2026-01-07|2026-01-08|2026-01-09|2026-01-12|2026-01-13|2026-01-14|2026-01-15|2026-01-16|2026-01-20|2026-01-21|2026-01-22|2026-01-23|2026-01-26|2026-01-27|2026-01-28|2026-01-29|2026-01-30|2026-02-02|2026-02-03|2026-02-04|2026-02-05|2026-02-06|2026-02-09|2026-02-10|2026-02-11|2026-02-12,2026-02-13 22:40:52,0.0
MasterBrand,,2025-12-31|2026-01-02|2026-01-05|2026-01-06|2026-01-07|2026-01-08|2026-01-09|2026-01-12|2026-01-13|2026-01-14|2026-01-15|2026-01-16|2026-01-20|2026-01-21|2026-01-22|2026-01-23|2026-01-26|2026-01-27|2026-01-28|2026-01-29|2026-01-30|2026-02-02|2026-02-03|2026-02-04|2026-02-05|2026-02-06|2026-02-09|2026-02-10|2026-02-11|2026-02-12,2026-02-13 22:40:52,0.0
AMC Networks,,2025-12-31|2026-01-02|2026-01-05|2026-01-06|2026-01-07|2026-01-08|2026-01-09|2026-01-12|2026-01-13|2026-01-14|2026-01-15|2026-01-16|2026-01-20|2026-01-21|2026-01-22|2026-01-23|2026-01-26|2026-01-27|2026-01-28|2026-01-29|2026-01-30|2026-02-02|2026-02-03|2026-02-04|2026-02-05|2026-02-06|2026-02-09|2026-02-10|2026-02-11|2026-02-12,2026-02-13 22:40:52,0.0
SBA Communications,,2025-12-31|2026-01-02|2026-01-05|2026-01-06|2026-01-07|2026-01-08|2026-01-09|2026-01-12|2026-01-13|2026-01-14|2026-01-15|2026-01-16|2026-01-20|2026-01-21|2026-01-22|2026-01-23|2026-01-26|2026-01-27|2026-01-28|2026-01-29|2026-01-30|2026-02-02|2026-02-03|2026-02-04|2026-02-05|2026-02-06|2026-02-09|2026-02-10|2026-02-11|2026-02-12,2026-02-13 22:40:52,0.0
Americold Realty Trust,,2025-12-31|2026-01-02|2026-01-05|2026-01-06|2026-01-07|2026-01-08|2026-01-09|2026-01-12|2026-01-13|2026-01-14|2026-01-15|2026-01-16|2026-01-20|2026-01-21|2026-01-22|2026-01-23|2026-01-26|2026-01-27|2026-01-28|2026-01-29|2026-01-30|2026-02-02|2026-02-03|2026-02-04|2026-02-05|2026-02-06|2026-02-09|2026-02-10|2026-02-11|2026-02-12,2026-02-13 22:40:52,0.0
NewMarket Corporation,,2025-12-31|2026-01-02|2026-01-05|2026-01-06|2026-01-07|2026-01-08|2026-01-09|2026-01-12|2026-01-13|2026-01-14|2026-01-15|2026-01-16|2026-01-20|2026-01-21|2026-01-22|2026-01-23|2026-01-26|2026-01-27|2026-01-28|2026-01-29|2026-01-30|2026-02-02|2026-02-03|2026-02-04|2026-02-05|2026-02-06|2026-02-09|2026-02-10|2026-02-11|2026-02-12,2026-02-13 22:40:52,0.0
Park Hotels & Resorts,,2025-12-31|2026-01-02|2026-01-05|2026-01-06|2026-01-07|2026-01-08|2026-01-09|2026-01-12|2026-01-13|2026-01-14|2026-01-15|2026-01-16|2026-01-20|2026-01-21|2026-01-22|2026-01-23|2026-01-26|2026-01-27|2026-01-28|2026-01-29|2026-01-30|2026-02-02|2026-02-03|2026-02-04|2026-02-05|2026-02-06|2026-02-09|2026-02-10|2026-02-11|2026-02-12,2026-02-13 22:40:52,0.0
Alexandria Real Estate Equities,,2025-12-31|2026-01-02|2026-01-05|2026-01-06|2026-01-07|2026-01-08|2026-01-09|2026-01-12|2026-01-13|2026-01-14|2026-01-15|2026-01-16|2026-01-20|2026-01-21|2026-01-22|2026-01-23|2026-01-26|2026-01-27|2026-01-28|2026-01-29|2026-01-30|2026-02-02|2026-02-03|2026-02-04|2026-02-05|2026-02-06|2026-02-09|2026-02-10|2026-02-11|2026-02-12,2026-02-13 22:40:52,0.0
Griffon Corporation,,2025-12-31|2026-01-02|2026-01-05|2026-01-06|2026-01-07|2026-01-08|2026-01-09|2026-01-12|2026-01-13|2026-01-14|2026-01-15|2026-01-16|2026-01-20|2026-01-21|2026-01-22|2026-01-23|2026-01-26|2026-01-27|2026-01-28|2026-01-29|2026-01-30|2026-02-02|2026-02-03|2026-02-04|2026-02-05|2026-02-06|2026-02-09|2026-02-10|2026-02-11|2026-02-12,2026-02-13 22:40:52,0.0
Air Lease,,2025-12-31|2026-01-02|2026-01-05|2026-01-06|2026-01-07|2026-01-08|2026-01-09|2026-01-12|2026-01-13|2026-01-14|2026-01-15|2026-01-16|2026-01-20|2026-01-21|2026-01-22|2026-01-23|2026-01-26|2026-01-27|2026-01-28|2026-01-29|2026-01-30|2026-02-02|2026-02-03|2026-02-04|2026-02-05|2026-02-06|2026-02-09|2026-02-10|2026-02-11|2026-02-12,2026-02-13 22:40:52,0.0
UL Solutions,,2025-12-31|2026-01-02|2026-01-05|2026-01-06|2026-01-07|2026-01-08|2026-01-09|2026-01-12|2026-01-13|2026-01-14|2026-01-15|2026-01-16|2026-01-20|2026-01-21|2026-01-22|2026-01-23|2026-01-26|2026-01-27|2026-01-28|2026-01-29|2026-01-30|2026-02-02|2026-02-03|2026-02-04|2026-02-05|2026-02-06|2026-02-09|2026-02-10|2026-02-11|2026-02-12,2026-02-13 22:40:52,0.0
Teradyne,,2025-12-31|2026-01-02|2026-01-05|2026-01-06|2026-01-07|2026-01-08|2026-01-09|2026-01-12|2026-01-13|2026-01-14|2026-01-15|2026-01-16|2026-01-20|2026-01-21|2026-01-22|2026-01-23|2026-01-26|2026-01-27|2026-01-28|2026-01-29|2026-01-30|2026-02-02|2026-02-03|2026-02-04|2026-02-05|2026-02-06|2026-02-09|2026-02-10|2026-02-11|2026-02-12,2026-02-13 22:40:52,0.0
OGE Energy,,2025-12-31|2026-01-02|2026-01-05|2026-01-06|2026-01-07|2026-01-08|2026-01-09|2026-01-12|2026-01-13|2026-01-14|2026-01-15|2026-01-16|2026-01-20|2026-01-21|2026-01-22|2026-01-23|2026-01-26|2026-01-27|2026-01-28|2026-01-29|2026-01-30|2026-02-02|2026-02-03|2026-02-04|2026-02-05|2026-02-06|2026-02-09|2026-02-10|2026-02-11|2026-02-12,2026-02-13 22:40:52,0.0
Bio-Rad Laboratories,,2025-12-31|2026-01-02|2026-01-05|2026-01-06|2026-01-07|2026-01-08|2026-01-09|2026-01-12|2026-01-13|2026-01-14|2026-01-15|2026-01-16|2026-01-20|2026-01-21|2026-01-22|2026-01-23|2026-01-26|2026-01-27|2026-01-28|2026-01-29|2026-01-30|2026-02-02|2026-02-03|2026-02-04|2026-02-05|2026-02-06|2026-02-09|2026-02-10|2026-02-11|2026-02-12,2026-02-13 22:40:52,0.0
Spire Inc,,2025-12-31|2026-01-02|2026-01-05|2026-01-06|2026-01-07|2026-01-08|2026-01-09|2026-01-12|2026-01-13|2026-01-14|2026-01-15|2026-01-16|2026-01-20|2026-01-21|2026-01-22|2026-01-23|2026-01-26|2026-01-27|2026-01-28|2026-01-29|2026-01-30|2026-02-02|2026-02-03|2026-02-04|2026-02-05|2026-02-06|2026-02-09|2026-02-10|2026-02-11|2026-02-12,2026-02-13 22:40:52,0.0
Cullen Frost Bankers,,2025-12-31|2026-01-02|2026-01-05|2026-01-06|2026-01-07|2026-01-08|2026-01-09|2026-01-12|2026-01-13|2026-01-14|2026-01-15|2026-01-16|2026-01-20|2026-01-21|2026-01-22|2026-01-23|2026-01-26|2026-01-27|2026-01-28|2026-01-29|2026-01-30|2026-02-02|2026-02-03|2026-02-04|2026-02-05|2026-02-06|2026-02-09|2026-02-10|2026-02-11|2026-02-12,2026-02-13 22:40:52,0.0
Extra Space Storage,,2025-12-31|2026-01-02|2026-01-05|2026-01-06|2026-01-07|2026-01-08|2026-01-09|2026-01-12|2026-01-13|2026-01-14|2026-01-15|2026-01-16|2026-01-20|2026-01-21|2026-01-22|2026-01-23|2026-01-26|2026-01-27|2026-01-28|2026-01-29|2026-01-30|2026-02-02|2026-02-03|2026-02-04|2026-02-05|2026-02-06|2026-02-09|2026-02-10|2026-02-11|2026-02-12,2026-02-13 22:40:52,0.0
REV Group,,2025-12-17|2025-12-18|2025-12-19|2025-12-22|2025-12-23|2025-12-24|2025-12-26|2025-12-29|2025-12-30|2025-12-31|2026-01-02|2026-01-05|2026-01-06|2026-01-07|2026-01-08|2026-01-09|2026-01-12|2026-01-13|2026-01-14|2026-01-15|2026-01-16|2026-01-20|2026-01-21|2026-01-22|2026-01-23|2026-01-26|2026-01-27|2026-01-28|2026-01-29|2026-01-30,2026-02-13 22:40:52,0.0
ProFrac Holding,,2025-12-31|2026-01-02|2026-01-05|2026-01-06|2026-01-07|2026-01-08|2026-01-09|2026-01-12|2026-01-13|2026-01-14|2026-01-15|2026-01-16|2026-01-20|2026-01-21|2026-01-22|2026-01-23|2026-01-26|2026-01-27|2026-01-28|2026-01-29|2026-01-30|2026-02-02|2026-02-03|2026-02-04|2026-02-05|2026-02-06|2026-02-09|2026-02-10|2026-02-11|2026-02-12,2026-02-13 22:40:52,0.0
Nordson,,2025-12-31|2026-01-02|2026-01-05|2026-01-06|2026-01-07|2026-01-08|2026-01-09|2026-01-12|2026-01-13|2026-01-14|2026-01-15|2026-01-16|2026-01-20|2026-01-21|2026-01-22|2026-01-23|2026-01-26|2026-01-27|2026-01-28|2026-01-29|2026-01-30|2026-02-02|2026-02-03|2026-02-04|2026-02-05|2026-02-06|2026-02-09|2026-02-10|2026-02-11|2026-02-12,2026-02-13 22:40:52,0.0
Valvoline Inc,,2025-12-31|2026-01-02|2026-01-05|2026-01-06|2026-01-07|2026-01-08|2026-01-09|2026-01-12|2026-01-13|2026-01-14|2026-01-15|2026-01-16|2026-01-20|2026-01-21|2026-01-22|2026-01-23|2026-01-26|2026-01-27|2026-01-28|2026-01-29|2026-01-30|2026-02-02|2026-02-03|2026-02-04|2026-02-05|2026-02-06|2026-02-09|2026-02-10|2026-02-11|2026-02-12,2026-02-13 22:40:52,0.0
Kontoor Brands,,2025-12-31|2026-01-02|2026-01-05|2026-01-06|2026-01-07|2026-01-08|2026-01-09|2026-01-12|2026-01-13|2026-01-14|2026-01-15|2026-01-16|2026-01-20|2026-01-21|2026-01-22|2026-01-23|2026-01-26|2026-01-27|2026-01-28|2026-01-29|2026-01-30|2026-02-02|2026-02-03|2026-02-04|2026-02-05|2026-02-06|2026-02-09|2026-02-10|2026-02-11|2026-02-12,2026-02-13 22:40:52,0.0
Skyline Champion,,2025-12-31|2026-01-02|2026-01-05|2026-01-06|2026-01-07|2026-01-08|2026-01-09|2026-01-12|2026-01-13|2026-01-14|2026-01-15|2026-01-16|2026-01-20|2026-01-21|2026-01-22|2026-01-23|2026-01-26|2026-01-27|2026-01-28|2026-01-29|2026-01-30|2026-02-02|2026-02-03|2026-02-04|2026-02-05|2026-02-06|2026-02-09|2026-02-10|2026-02-11|2026-02-12,2026-02-13 22:40:52,0.0
Teladoc Health,,2025-12-31|2026-01-02|2026-01-05|2026-01-06|2026-01-07|2026-01-08|2026-01-09|2026-01-12|2026-01-13|2026-01-14|2026-01-15|2026-01-16|2026-01-20|2026-01-21|2026-01-22|2026-01-23|2026-01-26|2026-01-27|2026-01-28|2026-01-29|2026-01-30|2026-02-02|2026-02-03|2026-02-04|2026-02-05|2026-02-06|2026-02-09|2026-02-10|2026-02-11|2026-02-12,2026-02-13 22:40:52,0.0
Louisiana-Pacific Corporation,,2025-12-31|2026-01-02|2026-01-05|2026-01-06|2026-01-07|2026-01-08|2026-01-09|2026-01-12|2026-01-13|2026-01-14|2026-01-15|2026-01-16|2026-01-20|2026-01-21|2026-01-22|2026-01-23|2026-01-26|2026-01-27|2026-01-28|2026-01-29|2026-01-30|2026-02-02|2026-02-03|2026-02-04|2026-02-05|2026-02-06|2026-02-09|2026-02-10|2026-02-11|2026-02-12,2026-02-13 22:40:52,0.0
Universal Corporation,,2025-12-31|2026-01-02|2026-01-05|2026-01-06|2026-01-07|2026-01-08|2026-01-09|2026-01-12|2026-01-13|2026-01-14|2026-01-15|2026-01-16|2026-01-20|2026-01-21|2026-01-22|2026-01-23|2026-01-26|2026-01-27|2026-01-28|2026-01-29|2026-01-30|2026-02-02|2026-02-03|2026-02-04|2026-02-05|2026-02-06|2026-02-09|2026-02-10|2026-02-11|2026-02-12,2026-02-13 22:40:52,0.0
Playtika Holding,,2025-12-31|2026-01-02|2026-01-05|2026-01-06|2026-01-07|2026-01-08|2026-01-09|2026-01-12|2026-01-13|2026-01-14|2026-01-15|2026-01-16|2026-01-20|2026-01-21|2026-01-22|2026-01-23|2026-01-26|2026-01-27|2026-01-28|2026-01-29|2026-01-30|2026-02-02|2026-02-03|2026-02-04|2026-02-05|2026-02-06|2026-02-09|2026-02-10|2026-02-11|2026-02-12,2026-02-13 22:40:52,0.0
Alliance Resource Partners,,2025-12-31|2026-01-02|2026-01-05|2026-01-06|2026-01-07|2026-01-08|2026-01-09|2026-01-12|2026-01-13|2026-01-14|2026-01-15|2026-01-16|2026-01-20|2026-01-21|2026-01-22|2026-01-23|2026-01-26|2026-01-27|2026-01-28|2026-01-29|2026-01-30|2026-02-02|2026-02-03|2026-02-04|2026-02-05|2026-02-06|2026-02-09|2026-02-10|2026-02-11|2026-02-12,2026-02-13 22:40:52,0.0
Envista Holdings,,2025-12-31|2026-01-02|2026-01-05|2026-01-06|2026-01-07|2026-01-08|2026-01-09|2026-01-12|2026-01-13|2026-01-14|2026-01-15|2026-01-16|2026-01-20|2026-01-21|2026-01-22|2026-01-23|2026-01-26|2026-01-27|2026-01-28|2026-01-29|2026-01-30|2026-02-02|2026-02-03|2026-02-04|2026-02-05|2026-02-06|2026-02-09|2026-02-10|2026-02-11|2026-02-12,2026-02-13 22:40:52,0.0
Shift4 Payments,,2025-12-31|2026-01-02|2026-01-05|2026-01-06|2026-01-07|2026-01-08|2026-01-09|2026-01-12|2026-01-13|2026-01-14|2026-01-15|2026-01-16|2026-01-20|2026-01-21|2026-01-22|2026-01-23|2026-01-26|2026-01-27|2026-01-28|2026-01-29|2026-01-30|2026-02-02|2026-02-03|2026-02-04|2026-02-05|2026-02-06|2026-02-09|2026-02-10|2026-02-11|2026-02-12,2026-02-13 22:40:52,0.0
Talen Energy,,2025-12-31|2026-01-02|2026-01-05|2026-01-06|2026-01-07|2026-01-08|2026-01-09|2026-01-12|2026-01-13|2026-01-14|2026-01-15|2026-01-16|2026-01-20|2026-01-21|2026-01-22|2026-01-23|2026-01-26|2026-01-27|2026-01-28|2026-01-29|2026-01-30|2026-02-02|2026-02-03|2026-02-04|2026-02-05|2026-02-06|2026-02-09|2026-02-10|2026-02-11|2026-02-12,2026-02-13 22:40:52,0.0
Carpenter Technology,,2025-12-31|2026-01-02|2026-01-05|2026-01-06|2026-01-07|2026-01-08|2026-01-09|2026-01-12|2026-01-13|2026-01-14|2026-01-15|2026-01-16|2026-01-20|2026-01-21|2026-01-22|2026-01-23|2026-01-26|2026-01-27|2026-01-28|2026-01-29|2026-01-30|2026-02-02|2026-02-03|2026-02-04|2026-02-05|2026-02-06|2026-02-09|2026-02-10|2026-02-11|2026-02-12,2026-02-13 22:40:52,0.0
WEX,,2025-12-31|2026-01-02|2026-01-05|2026-01-06|2026-01-07|2026-01-08|2026-01-09|2026-01-12|2026-01-13|2026-01-14|2026-01-15|2026-01-16|2026-01-20|2026-01-21|2026-01-22|2026-01-23|2026-01-26|2026-01-27|2026-01-28|2026-01-29|2026-01-30|2026-02-02|2026-02-03|2026-02-04|2026-02-05|2026-02-06|2026-02-09|2026-02-10|2026-02-11|2026-02-12,2026-02-13 22:40:52,0.0
Old National Bancorp,,2025-12-31|2026-01-02|2026-01-05|2026-01-06|2026-01-07|2026-01-08|2026-01-09|2026-01-12|2026-01-13|2026-01-14|2026-01-15|2026-01-16|2026-01-20|2026-01-21|2026-01-22|2026-01-23|2026-01-26|2026-01-27|2026-01-28|2026-01-29|2026-01-30|2026-02-02|2026-02-03|2026-02-04|2026-02-05|2026-02-06|2026-02-09|2026-02-10|2026-02-11|2026-02-12,2026-02-13 22:40:52,0.0
AGNC Investment,,2025-12-31|2026-01-02|2026-01-05|2026-01-06|2026-01-07|2026-01-08|2026-01-09|2026-01-12|2026-01-13|2026-01-14|2026-01-15|2026-01-16|2026-01-20|2026-01-21|2026-01-22|2026-01-23|2026-01-26|2026-01-27|2026-01-28|2026-01-29|2026-01-30|2026-02-02|2026-02-03|2026-02-04|2026-02-05|2026-02-06|2026-02-09|2026-02-10|2026-02-11|2026-02-12,2026-02-13 22:40:52,0.0
Wabash National,,2025-12-31|2026-01-02|2026-01-05|2026-01-06|2026-01-07|2026-01-08|2026-01-09|2026-01-12|2026-01-13|2026-01-14|2026-01-15|2026-01-16|2026-01-20|2026-01-21|2026-01-22|2026-01-23|2026-01-26|2026-01-27|2026-01-28|2026-01-29|2026-01-30|2026-02-02|2026-02-03|2026-02-04|2026-02-05|2026-02-06|2026-02-09|2026-02-10|2026-02-11|2026-02-12,2026-02-13 22:40:52,0.0
MSCI,,2025-12-31|2026-01-02|2026-01-05|2026-01-06|2026-01-07|2026-01-08|2026-01-09|2026-01-12|2026-01-13|2026-01-14|2026-01-15|2026-01-16|2026-01-20|2026-01-21|2026-01-22|2026-01-23|2026-01-26|2026-01-27|2026-01-28|2026-01-29|2026-01-30|2026-02-02|2026-02-03|2026-02-04|2026-02-05|2026-02-06|2026-02-09|2026-02-10|2026-02-11|2026-02-12,2026-02-13 22:40:52,0.0
Stagwell,,2025-12-31|2026-01-02|2026-01-05|2026-01-06|2026-01-07|2026-01-08|2026-01-09|2026-01-12|2026-01-13|2026-01-14|2026-01-15|2026-01-16|2026-01-20|2026-01-21|2026-01-22|2026-01-23|2026-01-26|2026-01-27|2026-01-28|2026-01-29|2026-01-30|2026-02-02|2026-02-03|2026-02-04|2026-02-05|2026-02-06|2026-02-09|2026-02-10|2026-02-11|2026-02-12,2026-02-13 22:40:52,0.0
Mativ,,2025-12-31|2026-01-02|2026-01-05|2026-01-06|2026-01-07|2026-01-08|2026-01-09|2026-01-12|2026-01-13|2026-01-14|2026-01-15|2026-01-16|2026-01-20|2026-01-21|2026-01-22|2026-01-23|2026-01-26|2026-01-27|2026-01-28|2026-01-29|2026-01-30|2026-02-02|2026-02-03|2026-02-04|2026-02-05|2026-02-06|2026-02-09|2026-02-10|2026-02-11|2026-02-12,2026-02-13 22:40:52,0.0
Belden,,2025-12-31|2026-01-02|2026-01-05|2026-01-06|2026-01-07|2026-01-08|2026-01-09|2026-01-12|2026-01-13|2026-01-14|2026-01-15|2026-01-16|2026-01-20|2026-01-21|2026-01-22|2026-01-23|2026-01-26|2026-01-27|2026-01-28|2026-01-29|2026-01-30|2026-02-02|2026-02-03|2026-02-04|2026-02-05|2026-02-06|2026-02-09|2026-02-10|2026-02-11|2026-02-12,2026-02-13 22:40:52,0.0
Allegiant Travel Company,,2025-12-31|2026-01-02|2026-01-05|2026-01-06|2026-01-07|2026-01-08|2026-01-09|2026-01-12|2026-01-13|2026-01-14|2026-01-15|2026-01-16|2026-01-20|2026-01-21|2026-01-22|2026-01-23|2026-01-26|2026-01-27|2026-01-28|2026-01-29|2026-01-30|2026-02-02|2026-02-03|2026-02-04|2026-02-05|2026-02-06|2026-02-09|2026-02-10|2026-02-11|2026-02-12,2026-02-13 22:40:52,0.0
Dropbox,,2025-12-31|2026-01-02|2026-01-05|2026-01-06|2026-01-07|2026-01-08|2026-01-09|2026-01-12|2026-01-13|2026-01-14|2026-01-15|2026-01-16|2026-01-20|2026-01-21|2026-01-22|2026-01-23|2026-01-26|2026-01-27|2026-01-28|2026-01-29|2026-01-30|2026-02-02|2026-02-03|2026-02-04|2026-02-05|2026-02-06|2026-02-09|2026-02-10|2026-02-11|2026-02-12,2026-02-13 22:40:52,0.0
Exact Sciences,,2025-12-31|2026-01-02|2026-01-05|2026-01-06|2026-01-07|2026-01-08|2026-01-09|2026-01-12|2026-01-13|2026-01-14|2026-01-15|2026-01-16|2026-01-20|2026-01-21|2026-01-22|2026-01-23|2026-01-26|2026-01-27|2026-01-28|2026-01-29|2026-01-30|2026-02-02|2026-02-03|2026-02-04|2026-02-05|2026-02-06|2026-02-09|2026-02-10|2026-02-11|2026-02-12,2026-02-13 22:40:52,0.0
BWX Technologies,,2025-12-31|2026-01-02|2026-01-05|2026-01-06|2026-01-07|2026-01-08|2026-01-09|2026-01-12|2026-01-13|2026-01-14|2026-01-15|2026-01-16|2026-01-20|2026-01-21|2026-01-22|2026-01-23|2026-01-26|2026-01-27|2026-01-28|2026-01-29|2026-01-30|2026-02-02|2026-02-03|2026-02-04|2026-02-05|2026-02-06|2026-02-09|2026-02-10|2026-02-11|2026-02-12,2026-02-13 22:40:52,0.0
Clear Channel Outdoor Holdings,,2025-12-31|2026-01-02|2026-01-05|2026-01-06|2026-01-07|2026-01-08|2026-01-09|2026-01-12|2026-01-13|2026-01-14|2026-01-15|2026-01-16|2026-01-20|2026-01-21|2026-01-22|2026-01-23|2026-01-26|2026-01-27|2026-01-28|2026-01-29|2026-01-30|2026-02-02|2026-02-03|2026-02-04|2026-02-05|2026-02-06|2026-02-09|2026-02-10|2026-02-11|2026-02-12,2026-02-13 22:40:52,0.0
