company,trends_history,date_history,last_updated,avg_interest
Walmart,92|83|85|87|84|81|82|77|86|87|79|81|81|79|83|80|81|82|84|79|80|80|82|79|85|76|79|84|81|79,2026-04-06|2026-04-07|2026-04-08|2026-04-09|2026-04-10|2026-04-13|2026-04-14|2026-04-15|2026-04-16|2026-04-17|2026-04-20|2026-04-21|2026-04-22|2026-04-23|2026-04-24|2026-04-27|2026-04-28|2026-04-29|2026-04-30|2026-05-01|2026-05-04|2026-05-05|2026-05-06|2026-05-07|2026-05-08|2026-05-11|2026-05-12|2026-05-13|2026-05-14|2026-05-15,2026-05-15 19:43:11,81.9
Amazon,99|95|99|100|90|95|98|96|100|99|96|96|95|94|89|95|93|94|89|86|95|87|94|92|91|93|94|92|93|93,2026-04-06|2026-04-07|2026-04-08|2026-04-09|2026-04-10|2026-04-13|2026-04-14|2026-04-15|2026-04-16|2026-04-17|2026-04-20|2026-04-21|2026-04-22|2026-04-23|2026-04-24|2026-04-27|2026-04-28|2026-04-29|2026-04-30|2026-05-01|2026-05-04|2026-05-05|2026-05-06|2026-05-07|2026-05-08|2026-05-11|2026-05-12|2026-05-13|2026-05-14|2026-05-15,2026-05-15 19:43:13,94.1
UnitedHealth,61|84|61|62|53|45|42|65|52|57|70|100|74|50|52|47|47|46|50|24|22|29|30|25|23|22|27|28|26|27,2026-04-06|2026-04-07|2026-04-08|2026-04-09|2026-04-10|2026-04-13|2026-04-14|2026-04-15|2026-04-16|2026-04-17|2026-04-20|2026-04-21|2026-04-22|2026-04-23|2026-04-24|2026-04-27|2026-04-28|2026-04-29|2026-04-30|2026-05-01|2026-05-04|2026-05-05|2026-05-06|2026-05-07|2026-05-08|2026-05-11|2026-05-12|2026-05-13|2026-05-14|2026-05-15,2026-05-15 19:43:16,46.7
Apple,89|84|87|95|86|90|87|86|93|100|89|89|89|81|78|75|76|72|78|64|59|56|67|67|65|61|63|66|64|60,2026-04-06|2026-04-07|2026-04-08|2026-04-09|2026-04-10|2026-04-13|2026-04-14|2026-04-15|2026-04-16|2026-04-17|2026-04-20|2026-04-21|2026-04-22|2026-04-23|2026-04-24|2026-04-27|2026-04-28|2026-04-29|2026-04-30|2026-05-01|2026-05-04|2026-05-05|2026-05-06|2026-05-07|2026-05-08|2026-05-11|2026-05-12|2026-05-13|2026-05-14|2026-05-15,2026-05-15 19:43:21,77.2
CVS Health,70|77|84|93|88|91|92|99|100|95|73|69|73|63|51|56|48|46|40|22|22|22|27|27|23|22|22|32|30|24,2026-04-06|2026-04-07|2026-04-08|2026-04-09|2026-04-10|2026-04-13|2026-04-14|2026-04-15|2026-04-16|2026-04-17|2026-04-20|2026-04-21|2026-04-22|2026-04-23|2026-04-24|2026-04-27|2026-04-28|2026-04-29|2026-04-30|2026-05-01|2026-05-04|2026-05-05|2026-05-06|2026-05-07|2026-05-08|2026-05-11|2026-05-12|2026-05-13|2026-05-14|2026-05-15,2026-05-15 19:43:23,56.0
Alphabet Inc,46|42|51|77|70|77|67|86|100|59|60|44|58|46|61|71|80|93|85|32|30|34|36|33|33|38|32|38|32|36,2026-04-06|2026-04-07|2026-04-08|2026-04-09|2026-04-10|2026-04-13|2026-04-14|2026-04-15|2026-04-16|2026-04-17|2026-04-20|2026-04-21|2026-04-22|2026-04-23|2026-04-24|2026-04-27|2026-04-28|2026-04-29|2026-04-30|2026-05-01|2026-05-04|2026-05-05|2026-05-06|2026-05-07|2026-05-08|2026-05-11|2026-05-12|2026-05-13|2026-05-14|2026-05-15,2026-05-15 19:43:27,54.9
Exxon Mobil,68|82|100|80|47|69|63|58|62|66|63|62|56|70|63|60|54|57|67|62|45|48|57|54|48|46|53|47|46|47,2026-04-06|2026-04-07|2026-04-08|2026-04-09|2026-04-10|2026-04-13|2026-04-14|2026-04-15|2026-04-16|2026-04-17|2026-04-20|2026-04-21|2026-04-22|2026-04-23|2026-04-24|2026-04-27|2026-04-28|2026-04-29|2026-04-30|2026-05-01|2026-05-04|2026-05-05|2026-05-06|2026-05-07|2026-05-08|2026-05-11|2026-05-12|2026-05-13|2026-05-14|2026-05-15,2026-05-15 19:43:30,60.0
McKesson,91|86|91|85|84|79|94|93|100|92|88|85|96|86|74|77|89|76|75|52|52|59|67|72|56|57|62|69|63|53,2026-04-06|2026-04-07|2026-04-08|2026-04-09|2026-04-10|2026-04-13|2026-04-14|2026-04-15|2026-04-16|2026-04-17|2026-04-20|2026-04-21|2026-04-22|2026-04-23|2026-04-24|2026-04-27|2026-04-28|2026-04-29|2026-04-30|2026-05-01|2026-05-04|2026-05-05|2026-05-06|2026-05-07|2026-05-08|2026-05-11|2026-05-12|2026-05-13|2026-05-14|2026-05-15,2026-05-15 19:43:33,76.8
Cencora,77|73|64|52|49|57|53|61|46|61|55|48|62|66|82|67|62|56|78|52|43|56|100|72|55|54|58|53|48|45,2026-04-06|2026-04-07|2026-04-08|2026-04-09|2026-04-10|2026-04-13|2026-04-14|2026-04-15|2026-04-16|2026-04-17|2026-04-20|2026-04-21|2026-04-22|2026-04-23|2026-04-24|2026-04-27|2026-04-28|2026-04-29|2026-04-30|2026-05-01|2026-05-04|2026-05-05|2026-05-06|2026-05-07|2026-05-08|2026-05-11|2026-05-12|2026-05-13|2026-05-14|2026-05-15,2026-05-15 19:43:36,60.2
JPMorgan Chase,65|71|77|77|70|58|81|79|74|84|60|68|66|62|68|64|59|62|83|100|34|35|38|37|33|32|33|35|31|33,2026-04-06|2026-04-07|2026-04-08|2026-04-09|2026-04-10|2026-04-13|2026-04-14|2026-04-15|2026-04-16|2026-04-17|2026-04-20|2026-04-21|2026-04-22|2026-04-23|2026-04-24|2026-04-27|2026-04-28|2026-04-29|2026-04-30|2026-05-01|2026-05-04|2026-05-05|2026-05-06|2026-05-07|2026-05-08|2026-05-11|2026-05-12|2026-05-13|2026-05-14|2026-05-15,2026-05-15 19:43:39,59.0
Costco,78|71|76|79|76|72|69|71|78|84|73|73|66|69|73|72|76|84|73|75|75|70|75|74|77|73|71|70|69|72,2026-04-06|2026-04-07|2026-04-08|2026-04-09|2026-04-10|2026-04-13|2026-04-14|2026-04-15|2026-04-16|2026-04-17|2026-04-20|2026-04-21|2026-04-22|2026-04-23|2026-04-24|2026-04-27|2026-04-28|2026-04-29|2026-04-30|2026-05-01|2026-05-04|2026-05-05|2026-05-06|2026-05-07|2026-05-08|2026-05-11|2026-05-12|2026-05-13|2026-05-14|2026-05-15,2026-05-15 19:43:43,73.8
Cigna,100|94|94|87|71|96|95|88|83|79|97|91|87|87|77|87|92|90|98|82|88|88|91|86|73|91|87|87|80|73,2026-04-06|2026-04-07|2026-04-08|2026-04-09|2026-04-10|2026-04-13|2026-04-14|2026-04-15|2026-04-16|2026-04-17|2026-04-20|2026-04-21|2026-04-22|2026-04-23|2026-04-24|2026-04-27|2026-04-28|2026-04-29|2026-04-30|2026-05-01|2026-05-04|2026-05-05|2026-05-06|2026-05-07|2026-05-08|2026-05-11|2026-05-12|2026-05-13|2026-05-14|2026-05-15,2026-05-15 19:43:46,87.3
Microsoft,84|89|100|100|80|83|91|91|93|93|84|90|94|91|81|96|89|90|83|55|56|62|67|60|56|59|60|66|62|61,2026-04-06|2026-04-07|2026-04-08|2026-04-09|2026-04-10|2026-04-13|2026-04-14|2026-04-15|2026-04-16|2026-04-17|2026-04-20|2026-04-21|2026-04-22|2026-04-23|2026-04-24|2026-04-27|2026-04-28|2026-04-29|2026-04-30|2026-05-01|2026-05-04|2026-05-05|2026-05-06|2026-05-07|2026-05-08|2026-05-11|2026-05-12|2026-05-13|2026-05-14|2026-05-15,2026-05-15 19:43:50,78.9
Cardinal Health,85|94|81|90|77|80|76|88|92|86|87|90|100|75|91|89|85|88|90|55|56|64|68|66|57|57|65|66|66|61,2026-04-06|2026-04-07|2026-04-08|2026-04-09|2026-04-10|2026-04-13|2026-04-14|2026-04-15|2026-04-16|2026-04-17|2026-04-20|2026-04-21|2026-04-22|2026-04-23|2026-04-24|2026-04-27|2026-04-28|2026-04-29|2026-04-30|2026-05-01|2026-05-04|2026-05-05|2026-05-06|2026-05-07|2026-05-08|2026-05-11|2026-05-12|2026-05-13|2026-05-14|2026-05-15,2026-05-15 19:43:53,77.5
Chevron,48|48|56|48|48|49|49|53|48|86|47|45|48|57|65|51|39|40|36|38|32|32|38|35|35|31|30|32|32|30,2026-04-06|2026-04-07|2026-04-08|2026-04-09|2026-04-10|2026-04-13|2026-04-14|2026-04-15|2026-04-16|2026-04-17|2026-04-20|2026-04-21|2026-04-22|2026-04-23|2026-04-24|2026-04-27|2026-04-28|2026-04-29|2026-04-30|2026-05-01|2026-05-04|2026-05-05|2026-05-06|2026-05-07|2026-05-08|2026-05-11|2026-05-12|2026-05-13|2026-05-14|2026-05-15,2026-05-15 19:43:56,44.2
Bank of America,91|86|88|92|97|94|100|93|92|90|87|85|86|81|91|80|82|81|84|98|87|87|85|80|83|86|81|82|83|90,2026-04-06|2026-04-07|2026-04-08|2026-04-09|2026-04-10|2026-04-13|2026-04-14|2026-04-15|2026-04-16|2026-04-17|2026-04-20|2026-04-21|2026-04-22|2026-04-23|2026-04-24|2026-04-27|2026-04-28|2026-04-29|2026-04-30|2026-05-01|2026-05-04|2026-05-05|2026-05-06|2026-05-07|2026-05-08|2026-05-11|2026-05-12|2026-05-13|2026-05-14|2026-05-15,2026-05-15 19:44:00,87.4
General Motors,100|41|45|36|33|26|25|29|31|29|27|28|32|28|28|26|29|28|29|18|19|19|22|41|26|24|23|20|21|22,2026-04-06|2026-04-07|2026-04-08|2026-04-09|2026-04-10|2026-04-13|2026-04-14|2026-04-15|2026-04-16|2026-04-17|2026-04-20|2026-04-21|2026-04-22|2026-04-23|2026-04-24|2026-04-27|2026-04-28|2026-04-29|2026-04-30|2026-05-01|2026-05-04|2026-05-05|2026-05-06|2026-05-07|2026-05-08|2026-05-11|2026-05-12|2026-05-13|2026-05-14|2026-05-15,2026-05-15 19:44:03,30.2
Ford Motor,80|83|92|93|83|93|91|91|100|84|85|83|81|82|76|75|72|77|77|63|60|61|63|62|63|61|64|66|66|63,2026-04-06|2026-04-07|2026-04-08|2026-04-09|2026-04-10|2026-04-13|2026-04-14|2026-04-15|2026-04-16|2026-04-17|2026-04-20|2026-04-21|2026-04-22|2026-04-23|2026-04-24|2026-04-27|2026-04-28|2026-04-29|2026-04-30|2026-05-01|2026-05-04|2026-05-05|2026-05-06|2026-05-07|2026-05-08|2026-05-11|2026-05-12|2026-05-13|2026-05-14|2026-05-15,2026-05-15 19:44:06,76.3
Elevance Health,67|75|74|72|59|70|59|69|67|71|67|69|84|75|91|62|79|100|75|51|49|61|62|57|50|55|62|63|57|51,2026-04-06|2026-04-07|2026-04-08|2026-04-09|2026-04-10|2026-04-13|2026-04-14|2026-04-15|2026-04-16|2026-04-17|2026-04-20|2026-04-21|2026-04-22|2026-04-23|2026-04-24|2026-04-27|2026-04-28|2026-04-29|2026-04-30|2026-05-01|2026-05-04|2026-05-05|2026-05-06|2026-05-07|2026-05-08|2026-05-11|2026-05-12|2026-05-13|2026-05-14|2026-05-15,2026-05-15 19:44:09,66.8
Citigroup,53|67|57|49|48|48|100|83|53|65|60|50|56|55|60|35|31|49|60|22|16|20|21|29|24|19|20|19|18|17,2026-04-06|2026-04-07|2026-04-08|2026-04-09|2026-04-10|2026-04-13|2026-04-14|2026-04-15|2026-04-16|2026-04-17|2026-04-20|2026-04-21|2026-04-22|2026-04-23|2026-04-24|2026-04-27|2026-04-28|2026-04-29|2026-04-30|2026-05-01|2026-05-04|2026-05-05|2026-05-06|2026-05-07|2026-05-08|2026-05-11|2026-05-12|2026-05-13|2026-05-14|2026-05-15,2026-05-15 19:44:12,43.5
Meta Platforms,38|46|63|60|45|29|48|57|60|100|48|54|55|52|82|63|51|76|86|16|13|18|17|13|14|13|16|14|13|14,2026-04-06|2026-04-07|2026-04-08|2026-04-09|2026-04-10|2026-04-13|2026-04-14|2026-04-15|2026-04-16|2026-04-17|2026-04-20|2026-04-21|2026-04-22|2026-04-23|2026-04-24|2026-04-27|2026-04-28|2026-04-29|2026-04-30|2026-05-01|2026-05-04|2026-05-05|2026-05-06|2026-05-07|2026-05-08|2026-05-11|2026-05-12|2026-05-13|2026-05-14|2026-05-15,2026-05-15 19:44:14,42.5
Centene,68|100|66|69|51|64|84|73|81|69|50|65|70|74|83|66|92|94|78|52|54|59|60|61|60|70|61|59|49|44,2026-04-06|2026-04-07|2026-04-08|2026-04-09|2026-04-10|2026-04-13|2026-04-14|2026-04-15|2026-04-16|2026-04-17|2026-04-20|2026-04-21|2026-04-22|2026-04-23|2026-04-24|2026-04-27|2026-04-28|2026-04-29|2026-04-30|2026-05-01|2026-05-04|2026-05-05|2026-05-06|2026-05-07|2026-05-08|2026-05-11|2026-05-12|2026-05-13|2026-05-14|2026-05-15,2026-05-15 19:44:18,67.5
The Home Depot Inc,0|0|0|0|0|0|100|0|91|68|0|99|0|0|0|0|0|0|74|12|10|9|14|14|8|13|12|15|14|12,2026-04-06|2026-04-07|2026-04-08|2026-04-09|2026-04-10|2026-04-13|2026-04-14|2026-04-15|2026-04-16|2026-04-17|2026-04-20|2026-04-21|2026-04-22|2026-04-23|2026-04-24|2026-04-27|2026-04-28|2026-04-29|2026-04-30|2026-05-01|2026-05-04|2026-05-05|2026-05-06|2026-05-07|2026-05-08|2026-05-11|2026-05-12|2026-05-13|2026-05-14|2026-05-15,2026-05-15 19:44:23,18.8
Fannie Mae,40|49|56|52|44|38|49|39|42|71|42|46|51|44|38|41|39|52|51|25|25|28|43|26|28|27|26|37|29|27,2026-04-06|2026-04-07|2026-04-08|2026-04-09|2026-04-10|2026-04-13|2026-04-14|2026-04-15|2026-04-16|2026-04-17|2026-04-20|2026-04-21|2026-04-22|2026-04-23|2026-04-24|2026-04-27|2026-04-28|2026-04-29|2026-04-30|2026-05-01|2026-05-04|2026-05-05|2026-05-06|2026-05-07|2026-05-08|2026-05-11|2026-05-12|2026-05-13|2026-05-14|2026-05-15,2026-05-15 19:44:37,40.2
Kroger,78|74|77|70|71|70|73|82|80|75|71|71|81|79|86|70|69|71|76|81|76|82|89|81|83|77|74|78|79|78,2026-04-06|2026-04-07|2026-04-08|2026-04-09|2026-04-10|2026-04-13|2026-04-14|2026-04-15|2026-04-16|2026-04-17|2026-04-20|2026-04-21|2026-04-22|2026-04-23|2026-04-24|2026-04-27|2026-04-28|2026-04-29|2026-04-30|2026-05-01|2026-05-04|2026-05-05|2026-05-06|2026-05-07|2026-05-08|2026-05-11|2026-05-12|2026-05-13|2026-05-14|2026-05-15,2026-05-15 19:44:40,76.7
Phillips 66,71|74|78|74|61|69|82|66|66|79|67|68|78|100|94|72|55|70|82|56|52|56|57|59|60|55|46|50|51|53,2026-04-06|2026-04-07|2026-04-08|2026-04-09|2026-04-10|2026-04-13|2026-04-14|2026-04-15|2026-04-16|2026-04-17|2026-04-20|2026-04-21|2026-04-22|2026-04-23|2026-04-24|2026-04-27|2026-04-28|2026-04-29|2026-04-30|2026-05-01|2026-05-04|2026-05-05|2026-05-06|2026-05-07|2026-05-08|2026-05-11|2026-05-12|2026-05-13|2026-05-14|2026-05-15,2026-05-15 19:44:43,66.7
Marathon Petroleum,65|51|85|70|47|54|59|77|55|72|46|75|82|61|100|63|68|71|64|45|41|57|55|42|44|43|46|44|40|38,2026-04-06|2026-04-07|2026-04-08|2026-04-09|2026-04-10|2026-04-13|2026-04-14|2026-04-15|2026-04-16|2026-04-17|2026-04-20|2026-04-21|2026-04-22|2026-04-23|2026-04-24|2026-04-27|2026-04-28|2026-04-29|2026-04-30|2026-05-01|2026-05-04|2026-05-05|2026-05-06|2026-05-07|2026-05-08|2026-05-11|2026-05-12|2026-05-13|2026-05-14|2026-05-15,2026-05-15 19:44:46,58.7
Verizon,93|92|88|89|80|83|86|86|96|89|89|86|84|88|84|86|84|83|87|85|81|89|100|90|85|85|85|85|91|86,2026-04-06|2026-04-07|2026-04-08|2026-04-09|2026-04-10|2026-04-13|2026-04-14|2026-04-15|2026-04-16|2026-04-17|2026-04-20|2026-04-21|2026-04-22|2026-04-23|2026-04-24|2026-04-27|2026-04-28|2026-04-29|2026-04-30|2026-05-01|2026-05-04|2026-05-05|2026-05-06|2026-05-07|2026-05-08|2026-05-11|2026-05-12|2026-05-13|2026-05-14|2026-05-15,2026-05-15 19:44:49,87.2
Nvidia,74|73|87|82|74|75|84|86|87|100|76|78|79|75|82|87|78|74|80|50|49|51|61|58|55|57|56|68|82|85,2026-04-06|2026-04-07|2026-04-08|2026-04-09|2026-04-10|2026-04-13|2026-04-14|2026-04-15|2026-04-16|2026-04-17|2026-04-20|2026-04-21|2026-04-22|2026-04-23|2026-04-24|2026-04-27|2026-04-28|2026-04-29|2026-04-30|2026-05-01|2026-05-04|2026-05-05|2026-05-06|2026-05-07|2026-05-08|2026-05-11|2026-05-12|2026-05-13|2026-05-14|2026-05-15,2026-05-15 19:44:52,73.4
Goldman Sachs,76|84|87|85|79|100|90|85|78|90|73|77|79|72|81|73|66|78|78|48|41|46|49|56|53|52|52|55|48|53,2026-04-06|2026-04-07|2026-04-08|2026-04-09|2026-04-10|2026-04-13|2026-04-14|2026-04-15|2026-04-16|2026-04-17|2026-04-20|2026-04-21|2026-04-22|2026-04-23|2026-04-24|2026-04-27|2026-04-28|2026-04-29|2026-04-30|2026-05-01|2026-05-04|2026-05-05|2026-05-06|2026-05-07|2026-05-08|2026-05-11|2026-05-12|2026-05-13|2026-05-14|2026-05-15,2026-05-15 19:44:54,69.5
Wells Fargo,86|84|85|83|86|81|94|94|85|88|79|83|77|77|78|77|81|83|88|100|83|85|83|85|85|83|87|78|81|87,2026-04-06|2026-04-07|2026-04-08|2026-04-09|2026-04-10|2026-04-13|2026-04-14|2026-04-15|2026-04-16|2026-04-17|2026-04-20|2026-04-21|2026-04-22|2026-04-23|2026-04-24|2026-04-27|2026-04-28|2026-04-29|2026-04-30|2026-05-01|2026-05-04|2026-05-05|2026-05-06|2026-05-07|2026-05-08|2026-05-11|2026-05-12|2026-05-13|2026-05-14|2026-05-15,2026-05-15 19:44:58,84.2
Valero Energy,71|66|97|79|0|54|0|50|100|74|0|44|74|64|92|59|55|0|91|17|17|23|22|24|23|25|21|23|16|23,2026-04-06|2026-04-07|2026-04-08|2026-04-09|2026-04-10|2026-04-13|2026-04-14|2026-04-15|2026-04-16|2026-04-17|2026-04-20|2026-04-21|2026-04-22|2026-04-23|2026-04-24|2026-04-27|2026-04-28|2026-04-29|2026-04-30|2026-05-01|2026-05-04|2026-05-05|2026-05-06|2026-05-07|2026-05-08|2026-05-11|2026-05-12|2026-05-13|2026-05-14|2026-05-15,2026-05-15 19:45:02,43.5
Comcast,83|82|83|81|100|82|97|92|96|93|87|84|77|84|80|88|84|76|78|58|50|53|54|49|50|52|52|53|52|56,2026-04-06|2026-04-07|2026-04-08|2026-04-09|2026-04-10|2026-04-13|2026-04-14|2026-04-15|2026-04-16|2026-04-17|2026-04-20|2026-04-21|2026-04-22|2026-04-23|2026-04-24|2026-04-27|2026-04-28|2026-04-29|2026-04-30|2026-05-01|2026-05-04|2026-05-05|2026-05-06|2026-05-07|2026-05-08|2026-05-11|2026-05-12|2026-05-13|2026-05-14|2026-05-15,2026-05-15 19:45:06,73.5
AT&T,96|90|91|90|78|89|81|85|87|100|80|86|83|79|71|79|72|74|70|73|66|70|75|74|71|76|74|77|76|81,2026-04-06|2026-04-07|2026-04-08|2026-04-09|2026-04-10|2026-04-13|2026-04-14|2026-04-15|2026-04-16|2026-04-17|2026-04-20|2026-04-21|2026-04-22|2026-04-23|2026-04-24|2026-04-27|2026-04-28|2026-04-29|2026-04-30|2026-05-01|2026-05-04|2026-05-05|2026-05-06|2026-05-07|2026-05-08|2026-05-11|2026-05-12|2026-05-13|2026-05-14|2026-05-15,2026-05-15 19:45:09,79.8
Freddie Mac,75|100|96|98|77|61|76|70|83|85|73|91|89|80|83|87|65|85|87|36|36|38|41|40|37|34|36|39|39|37,2026-04-06|2026-04-07|2026-04-08|2026-04-09|2026-04-10|2026-04-13|2026-04-14|2026-04-15|2026-04-16|2026-04-17|2026-04-20|2026-04-21|2026-04-22|2026-04-23|2026-04-24|2026-04-27|2026-04-28|2026-04-29|2026-04-30|2026-05-01|2026-05-04|2026-05-05|2026-05-06|2026-05-07|2026-05-08|2026-05-11|2026-05-12|2026-05-13|2026-05-14|2026-05-15,2026-05-15 19:45:12,65.8
Humana,78|84|77|66|59|71|72|65|71|66|69|73|67|66|62|67|72|83|100|63|69|69|68|65|57|66|69|66|63|59,2026-04-06|2026-04-07|2026-04-08|2026-04-09|2026-04-10|2026-04-13|2026-04-14|2026-04-15|2026-04-16|2026-04-17|2026-04-20|2026-04-21|2026-04-22|2026-04-23|2026-04-24|2026-04-27|2026-04-28|2026-04-29|2026-04-30|2026-05-01|2026-05-04|2026-05-05|2026-05-06|2026-05-07|2026-05-08|2026-05-11|2026-05-12|2026-05-13|2026-05-14|2026-05-15,2026-05-15 19:45:17,69.4
Morgan Stanley,70|59|70|69|58|61|68|79|64|100|56|61|57|59|55|50|51|54|61|49|43|52|59|48|45|45|46|48|49|46,2026-04-06|2026-04-07|2026-04-08|2026-04-09|2026-04-10|2026-04-13|2026-04-14|2026-04-15|2026-04-16|2026-04-17|2026-04-20|2026-04-21|2026-04-22|2026-04-23|2026-04-24|2026-04-27|2026-04-28|2026-04-29|2026-04-30|2026-05-01|2026-05-04|2026-05-05|2026-05-06|2026-05-07|2026-05-08|2026-05-11|2026-05-12|2026-05-13|2026-05-14|2026-05-15,2026-05-15 19:45:21,57.7
Target Corporation,47|47|48|47|40|55|57|62|49|58|53|65|71|67|92|87|80|79|100|45|42|40|37|36|32|43|40|41|35|29,2026-04-06|2026-04-07|2026-04-08|2026-04-09|2026-04-10|2026-04-13|2026-04-14|2026-04-15|2026-04-16|2026-04-17|2026-04-20|2026-04-21|2026-04-22|2026-04-23|2026-04-24|2026-04-27|2026-04-28|2026-04-29|2026-04-30|2026-05-01|2026-05-04|2026-05-05|2026-05-06|2026-05-07|2026-05-08|2026-05-11|2026-05-12|2026-05-13|2026-05-14|2026-05-15,2026-05-15 19:45:25,54.1
StoneX Group,0|0|0|0|0|0|0|0|0|0|0|0|0|0|0|0|0|0|0|33|34|49|48|57|46|47|74|52|100|44,2026-04-06|2026-04-07|2026-04-08|2026-04-09|2026-04-10|2026-04-13|2026-04-14|2026-04-15|2026-04-16|2026-04-17|2026-04-20|2026-04-21|2026-04-22|2026-04-23|2026-04-24|2026-04-27|2026-04-28|2026-04-29|2026-04-30|2026-05-01|2026-05-04|2026-05-05|2026-05-06|2026-05-07|2026-05-08|2026-05-11|2026-05-12|2026-05-13|2026-05-14|2026-05-15,2026-05-15 19:45:28,19.5
Tesla,72|68|68|67|63|57|64|66|68|100|62|64|73|73|64|57|53|56|72|52|48|47|52|50|56|57|54|53|54|53,2026-04-06|2026-04-07|2026-04-08|2026-04-09|2026-04-10|2026-04-13|2026-04-14|2026-04-15|2026-04-16|2026-04-17|2026-04-20|2026-04-21|2026-04-22|2026-04-23|2026-04-24|2026-04-27|2026-04-28|2026-04-29|2026-04-30|2026-05-01|2026-05-04|2026-05-05|2026-05-06|2026-05-07|2026-05-08|2026-05-11|2026-05-12|2026-05-13|2026-05-14|2026-05-15,2026-05-15 19:45:30,61.4
Dell Technologies,68|100|81|92|88|76|83|78|77|96|81|97|100|98|84|84|75|70|69|27|28|30|40|32|33|32|33|38|50|40,2026-04-06|2026-04-07|2026-04-08|2026-04-09|2026-04-10|2026-04-13|2026-04-14|2026-04-15|2026-04-16|2026-04-17|2026-04-20|2026-04-21|2026-04-22|2026-04-23|2026-04-24|2026-04-27|2026-04-28|2026-04-29|2026-04-30|2026-05-01|2026-05-04|2026-05-05|2026-05-06|2026-05-07|2026-05-08|2026-05-11|2026-05-12|2026-05-13|2026-05-14|2026-05-15,2026-05-15 19:45:34,66.0
PepsiCo,78|100|94|91|67|66|76|75|97|91|79|84|79|85|70|75|69|74|82|50|47|55|64|59|50|49|55|54|49|44,2026-04-06|2026-04-07|2026-04-08|2026-04-09|2026-04-10|2026-04-13|2026-04-14|2026-04-15|2026-04-16|2026-04-17|2026-04-20|2026-04-21|2026-04-22|2026-04-23|2026-04-24|2026-04-27|2026-04-28|2026-04-29|2026-04-30|2026-05-01|2026-05-04|2026-05-05|2026-05-06|2026-05-07|2026-05-08|2026-05-11|2026-05-12|2026-05-13|2026-05-14|2026-05-15,2026-05-15 19:45:38,70.3
The Walt Disney Company,20|49|47|34|16|22|27|63|100|37|32|22|26|18|21|35|19|28|28|13|11|10|16|15|13|17|15|12|11|10,2026-04-06|2026-04-07|2026-04-08|2026-04-09|2026-04-10|2026-04-13|2026-04-14|2026-04-15|2026-04-16|2026-04-17|2026-04-20|2026-04-21|2026-04-22|2026-04-23|2026-04-24|2026-04-27|2026-04-28|2026-04-29|2026-04-30|2026-05-01|2026-05-04|2026-05-05|2026-05-06|2026-05-07|2026-05-08|2026-05-11|2026-05-12|2026-05-13|2026-05-14|2026-05-15,2026-05-15 19:45:42,26.2
UPS,,2026-04-06|2026-04-07|2026-04-08|2026-04-09|2026-04-10|2026-04-13|2026-04-14|2026-04-15|2026-04-16|2026-04-17|2026-04-20|2026-04-21|2026-04-22|2026-04-23|2026-04-24|2026-04-27|2026-04-28|2026-04-29|2026-04-30|2026-05-01|2026-05-04|2026-05-05|2026-05-06|2026-05-07|2026-05-08|2026-05-11|2026-05-12|2026-05-13|2026-05-14|2026-05-15,2026-05-15 19:46:17,0.0
Johnson & Johnson,,2026-04-06|2026-04-07|2026-04-08|2026-04-09|2026-04-10|2026-04-13|2026-04-14|2026-04-15|2026-04-16|2026-04-17|2026-04-20|2026-04-21|2026-04-22|2026-04-23|2026-04-24|2026-04-27|2026-04-28|2026-04-29|2026-04-30|2026-05-01|2026-05-04|2026-05-05|2026-05-06|2026-05-07|2026-05-08|2026-05-11|2026-05-12|2026-05-13|2026-05-14|2026-05-15,2026-05-15 19:46:58,0.0
FedEx,,2026-04-06|2026-04-07|2026-04-08|2026-04-09|2026-04-10|2026-04-13|2026-04-14|2026-04-15|2026-04-16|2026-04-17|2026-04-20|2026-04-21|2026-04-22|2026-04-23|2026-04-24|2026-04-27|2026-04-28|2026-04-29|2026-04-30|2026-05-01|2026-05-04|2026-05-05|2026-05-06|2026-05-07|2026-05-08|2026-05-11|2026-05-12|2026-05-13|2026-05-14|2026-05-15,2026-05-15 19:47:08,0.0
Archer Daniels Midland,,2026-04-06|2026-04-07|2026-04-08|2026-04-09|2026-04-10|2026-04-13|2026-04-14|2026-04-15|2026-04-16|2026-04-17|2026-04-20|2026-04-21|2026-04-22|2026-04-23|2026-04-24|2026-04-27|2026-04-28|2026-04-29|2026-04-30|2026-05-01|2026-05-04|2026-05-05|2026-05-06|2026-05-07|2026-05-08|2026-05-11|2026-05-12|2026-05-13|2026-05-14|2026-05-15,2026-05-15 19:47:08,0.0
Procter & Gamble,,2026-04-06|2026-04-07|2026-04-08|2026-04-09|2026-04-10|2026-04-13|2026-04-14|2026-04-15|2026-04-16|2026-04-17|2026-04-20|2026-04-21|2026-04-22|2026-04-23|2026-04-24|2026-04-27|2026-04-28|2026-04-29|2026-04-30|2026-05-01|2026-05-04|2026-05-05|2026-05-06|2026-05-07|2026-05-08|2026-05-11|2026-05-12|2026-05-13|2026-05-14|2026-05-15,2026-05-15 19:47:08,0.0
Lowe's Companies,,2026-04-06|2026-04-07|2026-04-08|2026-04-09|2026-04-10|2026-04-13|2026-04-14|2026-04-15|2026-04-16|2026-04-17|2026-04-20|2026-04-21|2026-04-22|2026-04-23|2026-04-24|2026-04-27|2026-04-28|2026-04-29|2026-04-30|2026-05-01|2026-05-04|2026-05-05|2026-05-06|2026-05-07|2026-05-08|2026-05-11|2026-05-12|2026-05-13|2026-05-14|2026-05-15,2026-05-15 19:47:08,0.0
Energy Transfer,,2026-04-06|2026-04-07|2026-04-08|2026-04-09|2026-04-10|2026-04-13|2026-04-14|2026-04-15|2026-04-16|2026-04-17|2026-04-20|2026-04-21|2026-04-22|2026-04-23|2026-04-24|2026-04-27|2026-04-28|2026-04-29|2026-04-30|2026-05-01|2026-05-04|2026-05-05|2026-05-06|2026-05-07|2026-05-08|2026-05-11|2026-05-12|2026-05-13|2026-05-14|2026-05-15,2026-05-15 19:47:08,0.0
RTX,,2026-04-06|2026-04-07|2026-04-08|2026-04-09|2026-04-10|2026-04-13|2026-04-14|2026-04-15|2026-04-16|2026-04-17|2026-04-20|2026-04-21|2026-04-22|2026-04-23|2026-04-24|2026-04-27|2026-04-28|2026-04-29|2026-04-30|2026-05-01|2026-05-04|2026-05-05|2026-05-06|2026-05-07|2026-05-08|2026-05-11|2026-05-12|2026-05-13|2026-05-14|2026-05-15,2026-05-15 19:47:08,0.0
Albertsons,,2026-04-06|2026-04-07|2026-04-08|2026-04-09|2026-04-10|2026-04-13|2026-04-14|2026-04-15|2026-04-16|2026-04-17|2026-04-20|2026-04-21|2026-04-22|2026-04-23|2026-04-24|2026-04-27|2026-04-28|2026-04-29|2026-04-30|2026-05-01|2026-05-04|2026-05-05|2026-05-06|2026-05-07|2026-05-08|2026-05-11|2026-05-12|2026-05-13|2026-05-14|2026-05-15,2026-05-15 19:47:08,0.0
Sysco,,2026-04-06|2026-04-07|2026-04-08|2026-04-09|2026-04-10|2026-04-13|2026-04-14|2026-04-15|2026-04-16|2026-04-17|2026-04-20|2026-04-21|2026-04-22|2026-04-23|2026-04-24|2026-04-27|2026-04-28|2026-04-29|2026-04-30|2026-05-01|2026-05-04|2026-05-05|2026-05-06|2026-05-07|2026-05-08|2026-05-11|2026-05-12|2026-05-13|2026-05-14|2026-05-15,2026-05-15 19:47:08,0.0
Progressive Insurance,,2026-04-06|2026-04-07|2026-04-08|2026-04-09|2026-04-10|2026-04-13|2026-04-14|2026-04-15|2026-04-16|2026-04-17|2026-04-20|2026-04-21|2026-04-22|2026-04-23|2026-04-24|2026-04-27|2026-04-28|2026-04-29|2026-04-30|2026-05-01|2026-05-04|2026-05-05|2026-05-06|2026-05-07|2026-05-08|2026-05-11|2026-05-12|2026-05-13|2026-05-14|2026-05-15,2026-05-15 19:47:08,0.0
American Express,,2026-04-06|2026-04-07|2026-04-08|2026-04-09|2026-04-10|2026-04-13|2026-04-14|2026-04-15|2026-04-16|2026-04-17|2026-04-20|2026-04-21|2026-04-22|2026-04-23|2026-04-24|2026-04-27|2026-04-28|2026-04-29|2026-04-30|2026-05-01|2026-05-04|2026-05-05|2026-05-06|2026-05-07|2026-05-08|2026-05-11|2026-05-12|2026-05-13|2026-05-14|2026-05-15,2026-05-15 19:47:08,0.0
Lockheed Martin,,2026-04-06|2026-04-07|2026-04-08|2026-04-09|2026-04-10|2026-04-13|2026-04-14|2026-04-15|2026-04-16|2026-04-17|2026-04-20|2026-04-21|2026-04-22|2026-04-23|2026-04-24|2026-04-27|2026-04-28|2026-04-29|2026-04-30|2026-05-01|2026-05-04|2026-05-05|2026-05-06|2026-05-07|2026-05-08|2026-05-11|2026-05-12|2026-05-13|2026-05-14|2026-05-15,2026-05-15 19:47:08,0.0
MetLife Inc,,2026-04-06|2026-04-07|2026-04-08|2026-04-09|2026-04-10|2026-04-13|2026-04-14|2026-04-15|2026-04-16|2026-04-17|2026-04-20|2026-04-21|2026-04-22|2026-04-23|2026-04-24|2026-04-27|2026-04-28|2026-04-29|2026-04-30|2026-05-01|2026-05-04|2026-05-05|2026-05-06|2026-05-07|2026-05-08|2026-05-11|2026-05-12|2026-05-13|2026-05-14|2026-05-15,2026-05-15 19:47:08,0.0
HCA Healthcare,,2026-04-06|2026-04-07|2026-04-08|2026-04-09|2026-04-10|2026-04-13|2026-04-14|2026-04-15|2026-04-16|2026-04-17|2026-04-20|2026-04-21|2026-04-22|2026-04-23|2026-04-24|2026-04-27|2026-04-28|2026-04-29|2026-04-30|2026-05-01|2026-05-04|2026-05-05|2026-05-06|2026-05-07|2026-05-08|2026-05-11|2026-05-12|2026-05-13|2026-05-14|2026-05-15,2026-05-15 19:47:08,0.0
Prudential Financial,,2026-04-06|2026-04-07|2026-04-08|2026-04-09|2026-04-10|2026-04-13|2026-04-14|2026-04-15|2026-04-16|2026-04-17|2026-04-20|2026-04-21|2026-04-22|2026-04-23|2026-04-24|2026-04-27|2026-04-28|2026-04-29|2026-04-30|2026-05-01|2026-05-04|2026-05-05|2026-05-06|2026-05-07|2026-05-08|2026-05-11|2026-05-12|2026-05-13|2026-05-14|2026-05-15,2026-05-15 19:47:08,0.0
Boeing,,2026-04-06|2026-04-07|2026-04-08|2026-04-09|2026-04-10|2026-04-13|2026-04-14|2026-04-15|2026-04-16|2026-04-17|2026-04-20|2026-04-21|2026-04-22|2026-04-23|2026-04-24|2026-04-27|2026-04-28|2026-04-29|2026-04-30|2026-05-01|2026-05-04|2026-05-05|2026-05-06|2026-05-07|2026-05-08|2026-05-11|2026-05-12|2026-05-13|2026-05-14|2026-05-15,2026-05-15 19:47:08,0.0
Caterpillar,,2026-04-06|2026-04-07|2026-04-08|2026-04-09|2026-04-10|2026-04-13|2026-04-14|2026-04-15|2026-04-16|2026-04-17|2026-04-20|2026-04-21|2026-04-22|2026-04-23|2026-04-24|2026-04-27|2026-04-28|2026-04-29|2026-04-30|2026-05-01|2026-05-04|2026-05-05|2026-05-06|2026-05-07|2026-05-08|2026-05-11|2026-05-12|2026-05-13|2026-05-14|2026-05-15,2026-05-15 19:47:08,0.0
Merck,,2026-04-06|2026-04-07|2026-04-08|2026-04-09|2026-04-10|2026-04-13|2026-04-14|2026-04-15|2026-04-16|2026-04-17|2026-04-20|2026-04-21|2026-04-22|2026-04-23|2026-04-24|2026-04-27|2026-04-28|2026-04-29|2026-04-30|2026-05-01|2026-05-04|2026-05-05|2026-05-06|2026-05-07|2026-05-08|2026-05-11|2026-05-12|2026-05-13|2026-05-14|2026-05-15,2026-05-15 19:47:08,0.0
Allstate,,2026-04-06|2026-04-07|2026-04-08|2026-04-09|2026-04-10|2026-04-13|2026-04-14|2026-04-15|2026-04-16|2026-04-17|2026-04-20|2026-04-21|2026-04-22|2026-04-23|2026-04-24|2026-04-27|2026-04-28|2026-04-29|2026-04-30|2026-05-01|2026-05-04|2026-05-05|2026-05-06|2026-05-07|2026-05-08|2026-05-11|2026-05-12|2026-05-13|2026-05-14|2026-05-15,2026-05-15 19:47:08,0.0
Pfizer,,2026-04-06|2026-04-07|2026-04-08|2026-04-09|2026-04-10|2026-04-13|2026-04-14|2026-04-15|2026-04-16|2026-04-17|2026-04-20|2026-04-21|2026-04-22|2026-04-23|2026-04-24|2026-04-27|2026-04-28|2026-04-29|2026-04-30|2026-05-01|2026-05-04|2026-05-05|2026-05-06|2026-05-07|2026-05-08|2026-05-11|2026-05-12|2026-05-13|2026-05-14|2026-05-15,2026-05-15 19:47:08,0.0
IBM,,2026-04-06|2026-04-07|2026-04-08|2026-04-09|2026-04-10|2026-04-13|2026-04-14|2026-04-15|2026-04-16|2026-04-17|2026-04-20|2026-04-21|2026-04-22|2026-04-23|2026-04-24|2026-04-27|2026-04-28|2026-04-29|2026-04-30|2026-05-01|2026-05-04|2026-05-05|2026-05-06|2026-05-07|2026-05-08|2026-05-11|2026-05-12|2026-05-13|2026-05-14|2026-05-15,2026-05-15 19:47:08,0.0
Delta Air Lines,,2026-04-06|2026-04-07|2026-04-08|2026-04-09|2026-04-10|2026-04-13|2026-04-14|2026-04-15|2026-04-16|2026-04-17|2026-04-20|2026-04-21|2026-04-22|2026-04-23|2026-04-24|2026-04-27|2026-04-28|2026-04-29|2026-04-30|2026-05-01|2026-05-04|2026-05-05|2026-05-06|2026-05-07|2026-05-08|2026-05-11|2026-05-12|2026-05-13|2026-05-14|2026-05-15,2026-05-15 19:47:08,0.0
Publix Super Markets,,2026-04-06|2026-04-07|2026-04-08|2026-04-09|2026-04-10|2026-04-13|2026-04-14|2026-04-15|2026-04-16|2026-04-17|2026-04-20|2026-04-21|2026-04-22|2026-04-23|2026-04-24|2026-04-27|2026-04-28|2026-04-29|2026-04-30|2026-05-01|2026-05-04|2026-05-05|2026-05-06|2026-05-07|2026-05-08|2026-05-11|2026-05-12|2026-05-13|2026-05-14|2026-05-15,2026-05-15 19:47:08,0.0
TD Synnex,,2026-04-06|2026-04-07|2026-04-08|2026-04-09|2026-04-10|2026-04-13|2026-04-14|2026-04-15|2026-04-16|2026-04-17|2026-04-20|2026-04-21|2026-04-22|2026-04-23|2026-04-24|2026-04-27|2026-04-28|2026-04-29|2026-04-30|2026-05-01|2026-05-04|2026-05-05|2026-05-06|2026-05-07|2026-05-08|2026-05-11|2026-05-12|2026-05-13|2026-05-14|2026-05-15,2026-05-15 19:47:08,0.0
United Airlines,,2026-04-06|2026-04-07|2026-04-08|2026-04-09|2026-04-10|2026-04-13|2026-04-14|2026-04-15|2026-04-16|2026-04-17|2026-04-20|2026-04-21|2026-04-22|2026-04-23|2026-04-24|2026-04-27|2026-04-28|2026-04-29|2026-04-30|2026-05-01|2026-05-04|2026-05-05|2026-05-06|2026-05-07|2026-05-08|2026-05-11|2026-05-12|2026-05-13|2026-05-14|2026-05-15,2026-05-15 19:47:08,0.0
ConocoPhillips,,2026-04-06|2026-04-07|2026-04-08|2026-04-09|2026-04-10|2026-04-13|2026-04-14|2026-04-15|2026-04-16|2026-04-17|2026-04-20|2026-04-21|2026-04-22|2026-04-23|2026-04-24|2026-04-27|2026-04-28|2026-04-29|2026-04-30|2026-05-01|2026-05-04|2026-05-05|2026-05-06|2026-05-07|2026-05-08|2026-05-11|2026-05-12|2026-05-13|2026-05-14|2026-05-15,2026-05-15 19:47:08,0.0
TJX,,2026-04-06|2026-04-07|2026-04-08|2026-04-09|2026-04-10|2026-04-13|2026-04-14|2026-04-15|2026-04-16|2026-04-17|2026-04-20|2026-04-21|2026-04-22|2026-04-23|2026-04-24|2026-04-27|2026-04-28|2026-04-29|2026-04-30|2026-05-01|2026-05-04|2026-05-05|2026-05-06|2026-05-07|2026-05-08|2026-05-11|2026-05-12|2026-05-13|2026-05-14|2026-05-15,2026-05-15 19:47:08,0.0
AbbVie,,2026-04-06|2026-04-07|2026-04-08|2026-04-09|2026-04-10|2026-04-13|2026-04-14|2026-04-15|2026-04-16|2026-04-17|2026-04-20|2026-04-21|2026-04-22|2026-04-23|2026-04-24|2026-04-27|2026-04-28|2026-04-29|2026-04-30|2026-05-01|2026-05-04|2026-05-05|2026-05-06|2026-05-07|2026-05-08|2026-05-11|2026-05-12|2026-05-13|2026-05-14|2026-05-15,2026-05-15 19:47:08,0.0
Enterprise Products Partners,,2026-04-06|2026-04-07|2026-04-08|2026-04-09|2026-04-10|2026-04-13|2026-04-14|2026-04-15|2026-04-16|2026-04-17|2026-04-20|2026-04-21|2026-04-22|2026-04-23|2026-04-24|2026-04-27|2026-04-28|2026-04-29|2026-04-30|2026-05-01|2026-05-04|2026-05-05|2026-05-06|2026-05-07|2026-05-08|2026-05-11|2026-05-12|2026-05-13|2026-05-14|2026-05-15,2026-05-15 19:47:08,0.0
Charter Communications,,2026-04-06|2026-04-07|2026-04-08|2026-04-09|2026-04-10|2026-04-13|2026-04-14|2026-04-15|2026-04-16|2026-04-17|2026-04-20|2026-04-21|2026-04-22|2026-04-23|2026-04-24|2026-04-27|2026-04-28|2026-04-29|2026-04-30|2026-05-01|2026-05-04|2026-05-05|2026-05-06|2026-05-07|2026-05-08|2026-05-11|2026-05-12|2026-05-13|2026-05-14|2026-05-15,2026-05-15 19:47:08,0.0
Performance Food,,2026-04-06|2026-04-07|2026-04-08|2026-04-09|2026-04-10|2026-04-13|2026-04-14|2026-04-15|2026-04-16|2026-04-17|2026-04-20|2026-04-21|2026-04-22|2026-04-23|2026-04-24|2026-04-27|2026-04-28|2026-04-29|2026-04-30|2026-05-01|2026-05-04|2026-05-05|2026-05-06|2026-05-07|2026-05-08|2026-05-11|2026-05-12|2026-05-13|2026-05-14|2026-05-15,2026-05-15 19:47:08,0.0
American Airlines,,2026-04-06|2026-04-07|2026-04-08|2026-04-09|2026-04-10|2026-04-13|2026-04-14|2026-04-15|2026-04-16|2026-04-17|2026-04-20|2026-04-21|2026-04-22|2026-04-23|2026-04-24|2026-04-27|2026-04-28|2026-04-29|2026-04-30|2026-05-01|2026-05-04|2026-05-05|2026-05-06|2026-05-07|2026-05-08|2026-05-11|2026-05-12|2026-05-13|2026-05-14|2026-05-15,2026-05-15 19:47:08,0.0
Capital One,,2026-04-06|2026-04-07|2026-04-08|2026-04-09|2026-04-10|2026-04-13|2026-04-14|2026-04-15|2026-04-16|2026-04-17|2026-04-20|2026-04-21|2026-04-22|2026-04-23|2026-04-24|2026-04-27|2026-04-28|2026-04-29|2026-04-30|2026-05-01|2026-05-04|2026-05-05|2026-05-06|2026-05-07|2026-05-08|2026-05-11|2026-05-12|2026-05-13|2026-05-14|2026-05-15,2026-05-15 19:47:08,0.0
Cisco Systems,,2026-04-06|2026-04-07|2026-04-08|2026-04-09|2026-04-10|2026-04-13|2026-04-14|2026-04-15|2026-04-16|2026-04-17|2026-04-20|2026-04-21|2026-04-22|2026-04-23|2026-04-24|2026-04-27|2026-04-28|2026-04-29|2026-04-30|2026-05-01|2026-05-04|2026-05-05|2026-05-06|2026-05-07|2026-05-08|2026-05-11|2026-05-12|2026-05-13|2026-05-14|2026-05-15,2026-05-15 19:47:08,0.0
HP,,2026-04-06|2026-04-07|2026-04-08|2026-04-09|2026-04-10|2026-04-13|2026-04-14|2026-04-15|2026-04-16|2026-04-17|2026-04-20|2026-04-21|2026-04-22|2026-04-23|2026-04-24|2026-04-27|2026-04-28|2026-04-29|2026-04-30|2026-05-01|2026-05-04|2026-05-05|2026-05-06|2026-05-07|2026-05-08|2026-05-11|2026-05-12|2026-05-13|2026-05-14|2026-05-15,2026-05-15 19:47:08,0.0
Tyson Foods,,2026-04-06|2026-04-07|2026-04-08|2026-04-09|2026-04-10|2026-04-13|2026-04-14|2026-04-15|2026-04-16|2026-04-17|2026-04-20|2026-04-21|2026-04-22|2026-04-23|2026-04-24|2026-04-27|2026-04-28|2026-04-29|2026-04-30|2026-05-01|2026-05-04|2026-05-05|2026-05-06|2026-05-07|2026-05-08|2026-05-11|2026-05-12|2026-05-13|2026-05-14|2026-05-15,2026-05-15 19:47:08,0.0
Intel,,2026-04-06|2026-04-07|2026-04-08|2026-04-09|2026-04-10|2026-04-13|2026-04-14|2026-04-15|2026-04-16|2026-04-17|2026-04-20|2026-04-21|2026-04-22|2026-04-23|2026-04-24|2026-04-27|2026-04-28|2026-04-29|2026-04-30|2026-05-01|2026-05-04|2026-05-05|2026-05-06|2026-05-07|2026-05-08|2026-05-11|2026-05-12|2026-05-13|2026-05-14|2026-05-15,2026-05-15 19:47:08,0.0
Oracle,,2026-04-06|2026-04-07|2026-04-08|2026-04-09|2026-04-10|2026-04-13|2026-04-14|2026-04-15|2026-04-16|2026-04-17|2026-04-20|2026-04-21|2026-04-22|2026-04-23|2026-04-24|2026-04-27|2026-04-28|2026-04-29|2026-04-30|2026-05-01|2026-05-04|2026-05-05|2026-05-06|2026-05-07|2026-05-08|2026-05-11|2026-05-12|2026-05-13|2026-05-14|2026-05-15,2026-05-15 19:47:08,0.0
Broadcom,,2026-04-06|2026-04-07|2026-04-08|2026-04-09|2026-04-10|2026-04-13|2026-04-14|2026-04-15|2026-04-16|2026-04-17|2026-04-20|2026-04-21|2026-04-22|2026-04-23|2026-04-24|2026-04-27|2026-04-28|2026-04-29|2026-04-30|2026-05-01|2026-05-04|2026-05-05|2026-05-06|2026-05-07|2026-05-08|2026-05-11|2026-05-12|2026-05-13|2026-05-14|2026-05-15,2026-05-15 19:47:08,0.0
John Deere & Company,,2026-04-06|2026-04-07|2026-04-08|2026-04-09|2026-04-10|2026-04-13|2026-04-14|2026-04-15|2026-04-16|2026-04-17|2026-04-20|2026-04-21|2026-04-22|2026-04-23|2026-04-24|2026-04-27|2026-04-28|2026-04-29|2026-04-30|2026-05-01|2026-05-04|2026-05-05|2026-05-06|2026-05-07|2026-05-08|2026-05-11|2026-05-12|2026-05-13|2026-05-14|2026-05-15,2026-05-15 19:47:08,0.0
Nike,,2026-04-06|2026-04-07|2026-04-08|2026-04-09|2026-04-10|2026-04-13|2026-04-14|2026-04-15|2026-04-16|2026-04-17|2026-04-20|2026-04-21|2026-04-22|2026-04-23|2026-04-24|2026-04-27|2026-04-28|2026-04-29|2026-04-30|2026-05-01|2026-05-04|2026-05-05|2026-05-06|2026-05-07|2026-05-08|2026-05-11|2026-05-12|2026-05-13|2026-05-14|2026-05-15,2026-05-15 19:47:08,0.0
Plains GP,,2026-04-06|2026-04-07|2026-04-08|2026-04-09|2026-04-10|2026-04-13|2026-04-14|2026-04-15|2026-04-16|2026-04-17|2026-04-20|2026-04-21|2026-04-22|2026-04-23|2026-04-24|2026-04-27|2026-04-28|2026-04-29|2026-04-30|2026-05-01|2026-05-04|2026-05-05|2026-05-06|2026-05-07|2026-05-08|2026-05-11|2026-05-12|2026-05-13|2026-05-14|2026-05-15,2026-05-15 19:47:08,0.0
Bristol-Myers Squibb,,2026-04-06|2026-04-07|2026-04-08|2026-04-09|2026-04-10|2026-04-13|2026-04-14|2026-04-15|2026-04-16|2026-04-17|2026-04-20|2026-04-21|2026-04-22|2026-04-23|2026-04-24|2026-04-27|2026-04-28|2026-04-29|2026-04-30|2026-05-01|2026-05-04|2026-05-05|2026-05-06|2026-05-07|2026-05-08|2026-05-11|2026-05-12|2026-05-13|2026-05-14|2026-05-15,2026-05-15 19:47:08,0.0
Ingram Micro,,2026-04-06|2026-04-07|2026-04-08|2026-04-09|2026-04-10|2026-04-13|2026-04-14|2026-04-15|2026-04-16|2026-04-17|2026-04-20|2026-04-21|2026-04-22|2026-04-23|2026-04-24|2026-04-27|2026-04-28|2026-04-29|2026-04-30|2026-05-01|2026-05-04|2026-05-05|2026-05-06|2026-05-07|2026-05-08|2026-05-11|2026-05-12|2026-05-13|2026-05-14|2026-05-15,2026-05-15 19:47:08,0.0
General Dynamics,,2026-04-06|2026-04-07|2026-04-08|2026-04-09|2026-04-10|2026-04-13|2026-04-14|2026-04-15|2026-04-16|2026-04-17|2026-04-20|2026-04-21|2026-04-22|2026-04-23|2026-04-24|2026-04-27|2026-04-28|2026-04-29|2026-04-30|2026-05-01|2026-05-04|2026-05-05|2026-05-06|2026-05-07|2026-05-08|2026-05-11|2026-05-12|2026-05-13|2026-05-14|2026-05-15,2026-05-15 19:47:08,0.0
The Coca-Cola Company,,2026-04-06|2026-04-07|2026-04-08|2026-04-09|2026-04-10|2026-04-13|2026-04-14|2026-04-15|2026-04-16|2026-04-17|2026-04-20|2026-04-21|2026-04-22|2026-04-23|2026-04-24|2026-04-27|2026-04-28|2026-04-29|2026-04-30|2026-05-01|2026-05-04|2026-05-05|2026-05-06|2026-05-07|2026-05-08|2026-05-11|2026-05-12|2026-05-13|2026-05-14|2026-05-15,2026-05-15 19:47:08,0.0
The Travelers Indemnity Company,,2026-04-06|2026-04-07|2026-04-08|2026-04-09|2026-04-10|2026-04-13|2026-04-14|2026-04-15|2026-04-16|2026-04-17|2026-04-20|2026-04-21|2026-04-22|2026-04-23|2026-04-24|2026-04-27|2026-04-28|2026-04-29|2026-04-30|2026-05-01|2026-05-04|2026-05-05|2026-05-06|2026-05-07|2026-05-08|2026-05-11|2026-05-12|2026-05-13|2026-05-14|2026-05-15,2026-05-15 19:47:08,0.0
Eli Lilly,,2026-04-06|2026-04-07|2026-04-08|2026-04-09|2026-04-10|2026-04-13|2026-04-14|2026-04-15|2026-04-16|2026-04-17|2026-04-20|2026-04-21|2026-04-22|2026-04-23|2026-04-24|2026-04-27|2026-04-28|2026-04-29|2026-04-30|2026-05-01|2026-05-04|2026-05-05|2026-05-06|2026-05-07|2026-05-08|2026-05-11|2026-05-12|2026-05-13|2026-05-14|2026-05-15,2026-05-15 19:47:08,0.0
Uber Technologies,,2026-04-06|2026-04-07|2026-04-08|2026-04-09|2026-04-10|2026-04-13|2026-04-14|2026-04-15|2026-04-16|2026-04-17|2026-04-20|2026-04-21|2026-04-22|2026-04-23|2026-04-24|2026-04-27|2026-04-28|2026-04-29|2026-04-30|2026-05-01|2026-05-04|2026-05-05|2026-05-06|2026-05-07|2026-05-08|2026-05-11|2026-05-12|2026-05-13|2026-05-14|2026-05-15,2026-05-15 19:47:08,0.0
Thermo Fisher Scientific,,2026-04-06|2026-04-07|2026-04-08|2026-04-09|2026-04-10|2026-04-13|2026-04-14|2026-04-15|2026-04-16|2026-04-17|2026-04-20|2026-04-21|2026-04-22|2026-04-23|2026-04-24|2026-04-27|2026-04-28|2026-04-29|2026-04-30|2026-05-01|2026-05-04|2026-05-05|2026-05-06|2026-05-07|2026-05-08|2026-05-11|2026-05-12|2026-05-13|2026-05-14|2026-05-15,2026-05-15 19:47:08,0.0
US Bancorp,,2026-04-06|2026-04-07|2026-04-08|2026-04-09|2026-04-10|2026-04-13|2026-04-14|2026-04-15|2026-04-16|2026-04-17|2026-04-20|2026-04-21|2026-04-22|2026-04-23|2026-04-24|2026-04-27|2026-04-28|2026-04-29|2026-04-30|2026-05-01|2026-05-04|2026-05-05|2026-05-06|2026-05-07|2026-05-08|2026-05-11|2026-05-12|2026-05-13|2026-05-14|2026-05-15,2026-05-15 19:47:08,0.0
World Kinect,,2026-04-06|2026-04-07|2026-04-08|2026-04-09|2026-04-10|2026-04-13|2026-04-14|2026-04-15|2026-04-16|2026-04-17|2026-04-20|2026-04-21|2026-04-22|2026-04-23|2026-04-24|2026-04-27|2026-04-28|2026-04-29|2026-04-30|2026-05-01|2026-05-04|2026-05-05|2026-05-06|2026-05-07|2026-05-08|2026-05-11|2026-05-12|2026-05-13|2026-05-14|2026-05-15,2026-05-15 19:47:08,0.0
Abbott Laboratories,,2026-04-06|2026-04-07|2026-04-08|2026-04-09|2026-04-10|2026-04-13|2026-04-14|2026-04-15|2026-04-16|2026-04-17|2026-04-20|2026-04-21|2026-04-22|2026-04-23|2026-04-24|2026-04-27|2026-04-28|2026-04-29|2026-04-30|2026-05-01|2026-05-04|2026-05-05|2026-05-06|2026-05-07|2026-05-08|2026-05-11|2026-05-12|2026-05-13|2026-05-14|2026-05-15,2026-05-15 19:47:08,0.0
Best Buy,,2026-04-06|2026-04-07|2026-04-08|2026-04-09|2026-04-10|2026-04-13|2026-04-14|2026-04-15|2026-04-16|2026-04-17|2026-04-20|2026-04-21|2026-04-22|2026-04-23|2026-04-24|2026-04-27|2026-04-28|2026-04-29|2026-04-30|2026-05-01|2026-05-04|2026-05-05|2026-05-06|2026-05-07|2026-05-08|2026-05-11|2026-05-12|2026-05-13|2026-05-14|2026-05-15,2026-05-15 19:47:08,0.0
Northrop Grumman,,2026-04-06|2026-04-07|2026-04-08|2026-04-09|2026-04-10|2026-04-13|2026-04-14|2026-04-15|2026-04-16|2026-04-17|2026-04-20|2026-04-21|2026-04-22|2026-04-23|2026-04-24|2026-04-27|2026-04-28|2026-04-29|2026-04-30|2026-05-01|2026-05-04|2026-05-05|2026-05-06|2026-05-07|2026-05-08|2026-05-11|2026-05-12|2026-05-13|2026-05-14|2026-05-15,2026-05-15 19:47:08,0.0
Molina Healthcare,,2026-04-06|2026-04-07|2026-04-08|2026-04-09|2026-04-10|2026-04-13|2026-04-14|2026-04-15|2026-04-16|2026-04-17|2026-04-20|2026-04-21|2026-04-22|2026-04-23|2026-04-24|2026-04-27|2026-04-28|2026-04-29|2026-04-30|2026-05-01|2026-05-04|2026-05-05|2026-05-06|2026-05-07|2026-05-08|2026-05-11|2026-05-12|2026-05-13|2026-05-14|2026-05-15,2026-05-15 19:47:08,0.0
Dollar General Corporation,,2026-04-06|2026-04-07|2026-04-08|2026-04-09|2026-04-10|2026-04-13|2026-04-14|2026-04-15|2026-04-16|2026-04-17|2026-04-20|2026-04-21|2026-04-22|2026-04-23|2026-04-24|2026-04-27|2026-04-28|2026-04-29|2026-04-30|2026-05-01|2026-05-04|2026-05-05|2026-05-06|2026-05-07|2026-05-08|2026-05-11|2026-05-12|2026-05-13|2026-05-14|2026-05-15,2026-05-15 19:47:08,0.0
Bank of New York Mellon,,2026-04-06|2026-04-07|2026-04-08|2026-04-09|2026-04-10|2026-04-13|2026-04-14|2026-04-15|2026-04-16|2026-04-17|2026-04-20|2026-04-21|2026-04-22|2026-04-23|2026-04-24|2026-04-27|2026-04-28|2026-04-29|2026-04-30|2026-05-01|2026-05-04|2026-05-05|2026-05-06|2026-05-07|2026-05-08|2026-05-11|2026-05-12|2026-05-13|2026-05-14|2026-05-15,2026-05-15 19:47:08,0.0
Warner Bros Discovery,,2026-04-06|2026-04-07|2026-04-08|2026-04-09|2026-04-10|2026-04-13|2026-04-14|2026-04-15|2026-04-16|2026-04-17|2026-04-20|2026-04-21|2026-04-22|2026-04-23|2026-04-24|2026-04-27|2026-04-28|2026-04-29|2026-04-30|2026-05-01|2026-05-04|2026-05-05|2026-05-06|2026-05-07|2026-05-08|2026-05-11|2026-05-12|2026-05-13|2026-05-14|2026-05-15,2026-05-15 19:47:08,0.0
Netflix,,2026-04-06|2026-04-07|2026-04-08|2026-04-09|2026-04-10|2026-04-13|2026-04-14|2026-04-15|2026-04-16|2026-04-17|2026-04-20|2026-04-21|2026-04-22|2026-04-23|2026-04-24|2026-04-27|2026-04-28|2026-04-29|2026-04-30|2026-05-01|2026-05-04|2026-05-05|2026-05-06|2026-05-07|2026-05-08|2026-05-11|2026-05-12|2026-05-13|2026-05-14|2026-05-15,2026-05-15 19:47:08,0.0
Qualcomm,,2026-04-06|2026-04-07|2026-04-08|2026-04-09|2026-04-10|2026-04-13|2026-04-14|2026-04-15|2026-04-16|2026-04-17|2026-04-20|2026-04-21|2026-04-22|2026-04-23|2026-04-24|2026-04-27|2026-04-28|2026-04-29|2026-04-30|2026-05-01|2026-05-04|2026-05-05|2026-05-06|2026-05-07|2026-05-08|2026-05-11|2026-05-12|2026-05-13|2026-05-14|2026-05-15,2026-05-15 19:47:08,0.0
Honeywell,,2026-04-06|2026-04-07|2026-04-08|2026-04-09|2026-04-10|2026-04-13|2026-04-14|2026-04-15|2026-04-16|2026-04-17|2026-04-20|2026-04-21|2026-04-22|2026-04-23|2026-04-24|2026-04-27|2026-04-28|2026-04-29|2026-04-30|2026-05-01|2026-05-04|2026-05-05|2026-05-06|2026-05-07|2026-05-08|2026-05-11|2026-05-12|2026-05-13|2026-05-14|2026-05-15,2026-05-15 19:47:08,0.0
Salesforce,,2026-04-06|2026-04-07|2026-04-08|2026-04-09|2026-04-10|2026-04-13|2026-04-14|2026-04-15|2026-04-16|2026-04-17|2026-04-20|2026-04-21|2026-04-22|2026-04-23|2026-04-24|2026-04-27|2026-04-28|2026-04-29|2026-04-30|2026-05-01|2026-05-04|2026-05-05|2026-05-06|2026-05-07|2026-05-08|2026-05-11|2026-05-12|2026-05-13|2026-05-14|2026-05-15,2026-05-15 19:47:08,0.0
Philip Morris International,,2026-04-06|2026-04-07|2026-04-08|2026-04-09|2026-04-10|2026-04-13|2026-04-14|2026-04-15|2026-04-16|2026-04-17|2026-04-20|2026-04-21|2026-04-22|2026-04-23|2026-04-24|2026-04-27|2026-04-28|2026-04-29|2026-04-30|2026-05-01|2026-05-04|2026-05-05|2026-05-06|2026-05-07|2026-05-08|2026-05-11|2026-05-12|2026-05-13|2026-05-14|2026-05-15,2026-05-15 19:47:08,0.0
US Foods,,2026-04-06|2026-04-07|2026-04-08|2026-04-09|2026-04-10|2026-04-13|2026-04-14|2026-04-15|2026-04-16|2026-04-17|2026-04-20|2026-04-21|2026-04-22|2026-04-23|2026-04-24|2026-04-27|2026-04-28|2026-04-29|2026-04-30|2026-05-01|2026-05-04|2026-05-05|2026-05-06|2026-05-07|2026-05-08|2026-05-11|2026-05-12|2026-05-13|2026-05-14|2026-05-15,2026-05-15 19:47:08,0.0
DR Horton Inc,,2026-04-06|2026-04-07|2026-04-08|2026-04-09|2026-04-10|2026-04-13|2026-04-14|2026-04-15|2026-04-16|2026-04-17|2026-04-20|2026-04-21|2026-04-22|2026-04-23|2026-04-24|2026-04-27|2026-04-28|2026-04-29|2026-04-30|2026-05-01|2026-05-04|2026-05-05|2026-05-06|2026-05-07|2026-05-08|2026-05-11|2026-05-12|2026-05-13|2026-05-14|2026-05-15,2026-05-15 19:47:08,0.0
Lithia Motors,,2026-04-06|2026-04-07|2026-04-08|2026-04-09|2026-04-10|2026-04-13|2026-04-14|2026-04-15|2026-04-16|2026-04-17|2026-04-20|2026-04-21|2026-04-22|2026-04-23|2026-04-24|2026-04-27|2026-04-28|2026-04-29|2026-04-30|2026-05-01|2026-05-04|2026-05-05|2026-05-06|2026-05-07|2026-05-08|2026-05-11|2026-05-12|2026-05-13|2026-05-14|2026-05-15,2026-05-15 19:47:08,0.0
Mondelez,,2026-04-06|2026-04-07|2026-04-08|2026-04-09|2026-04-10|2026-04-13|2026-04-14|2026-04-15|2026-04-16|2026-04-17|2026-04-20|2026-04-21|2026-04-22|2026-04-23|2026-04-24|2026-04-27|2026-04-28|2026-04-29|2026-04-30|2026-05-01|2026-05-04|2026-05-05|2026-05-06|2026-05-07|2026-05-08|2026-05-11|2026-05-12|2026-05-13|2026-05-14|2026-05-15,2026-05-15 19:47:08,0.0
Starbucks,,2026-04-06|2026-04-07|2026-04-08|2026-04-09|2026-04-10|2026-04-13|2026-04-14|2026-04-15|2026-04-16|2026-04-17|2026-04-20|2026-04-21|2026-04-22|2026-04-23|2026-04-24|2026-04-27|2026-04-28|2026-04-29|2026-04-30|2026-05-01|2026-05-04|2026-05-05|2026-05-06|2026-05-07|2026-05-08|2026-05-11|2026-05-12|2026-05-13|2026-05-14|2026-05-15,2026-05-15 19:47:08,0.0
Visa Inc,,2026-04-06|2026-04-07|2026-04-08|2026-04-09|2026-04-10|2026-04-13|2026-04-14|2026-04-15|2026-04-16|2026-04-17|2026-04-20|2026-04-21|2026-04-22|2026-04-23|2026-04-24|2026-04-27|2026-04-28|2026-04-29|2026-04-30|2026-05-01|2026-05-04|2026-05-05|2026-05-06|2026-05-07|2026-05-08|2026-05-11|2026-05-12|2026-05-13|2026-05-14|2026-05-15,2026-05-15 19:47:08,0.0
CBRE Group,,2026-04-06|2026-04-07|2026-04-08|2026-04-09|2026-04-10|2026-04-13|2026-04-14|2026-04-15|2026-04-16|2026-04-17|2026-04-20|2026-04-21|2026-04-22|2026-04-23|2026-04-24|2026-04-27|2026-04-28|2026-04-29|2026-04-30|2026-05-01|2026-05-04|2026-05-05|2026-05-06|2026-05-07|2026-05-08|2026-05-11|2026-05-12|2026-05-13|2026-05-14|2026-05-15,2026-05-15 19:47:08,0.0
Lennar,,2026-04-06|2026-04-07|2026-04-08|2026-04-09|2026-04-10|2026-04-13|2026-04-14|2026-04-15|2026-04-16|2026-04-17|2026-04-20|2026-04-21|2026-04-22|2026-04-23|2026-04-24|2026-04-27|2026-04-28|2026-04-29|2026-04-30|2026-05-01|2026-05-04|2026-05-05|2026-05-06|2026-05-07|2026-05-08|2026-05-11|2026-05-12|2026-05-13|2026-05-14|2026-05-15,2026-05-15 19:47:08,0.0
GE Vernova,,2026-04-06|2026-04-07|2026-04-08|2026-04-09|2026-04-10|2026-04-13|2026-04-14|2026-04-15|2026-04-16|2026-04-17|2026-04-20|2026-04-21|2026-04-22|2026-04-23|2026-04-24|2026-04-27|2026-04-28|2026-04-29|2026-04-30|2026-05-01|2026-05-04|2026-05-05|2026-05-06|2026-05-07|2026-05-08|2026-05-11|2026-05-12|2026-05-13|2026-05-14|2026-05-15,2026-05-15 19:47:08,0.0
PNC Financial Services,,2026-04-06|2026-04-07|2026-04-08|2026-04-09|2026-04-10|2026-04-13|2026-04-14|2026-04-15|2026-04-16|2026-04-17|2026-04-20|2026-04-21|2026-04-22|2026-04-23|2026-04-24|2026-04-27|2026-04-28|2026-04-29|2026-04-30|2026-05-01|2026-05-04|2026-05-05|2026-05-06|2026-05-07|2026-05-08|2026-05-11|2026-05-12|2026-05-13|2026-05-14|2026-05-15,2026-05-15 19:47:08,0.0
Cummins Inc,,2026-04-06|2026-04-07|2026-04-08|2026-04-09|2026-04-10|2026-04-13|2026-04-14|2026-04-15|2026-04-16|2026-04-17|2026-04-20|2026-04-21|2026-04-22|2026-04-23|2026-04-24|2026-04-27|2026-04-28|2026-04-29|2026-04-30|2026-05-01|2026-05-04|2026-05-05|2026-05-06|2026-05-07|2026-05-08|2026-05-11|2026-05-12|2026-05-13|2026-05-14|2026-05-15,2026-05-15 19:47:08,0.0
Paccar,,2026-04-06|2026-04-07|2026-04-08|2026-04-09|2026-04-10|2026-04-13|2026-04-14|2026-04-15|2026-04-16|2026-04-17|2026-04-20|2026-04-21|2026-04-22|2026-04-23|2026-04-24|2026-04-27|2026-04-28|2026-04-29|2026-04-30|2026-05-01|2026-05-04|2026-05-05|2026-05-06|2026-05-07|2026-05-08|2026-05-11|2026-05-12|2026-05-13|2026-05-14|2026-05-15,2026-05-15 19:47:08,0.0
Amgen,,2026-04-06|2026-04-07|2026-04-08|2026-04-09|2026-04-10|2026-04-13|2026-04-14|2026-04-15|2026-04-16|2026-04-17|2026-04-20|2026-04-21|2026-04-22|2026-04-23|2026-04-24|2026-04-27|2026-04-28|2026-04-29|2026-04-30|2026-05-01|2026-05-04|2026-05-05|2026-05-06|2026-05-07|2026-05-08|2026-05-11|2026-05-12|2026-05-13|2026-05-14|2026-05-15,2026-05-15 19:47:08,0.0
PBF Energy,,2026-04-06|2026-04-07|2026-04-08|2026-04-09|2026-04-10|2026-04-13|2026-04-14|2026-04-15|2026-04-16|2026-04-17|2026-04-20|2026-04-21|2026-04-22|2026-04-23|2026-04-24|2026-04-27|2026-04-28|2026-04-29|2026-04-30|2026-05-01|2026-05-04|2026-05-05|2026-05-06|2026-05-07|2026-05-08|2026-05-11|2026-05-12|2026-05-13|2026-05-14|2026-05-15,2026-05-15 19:47:08,0.0
PayPal,,2026-04-06|2026-04-07|2026-04-08|2026-04-09|2026-04-10|2026-04-13|2026-04-14|2026-04-15|2026-04-16|2026-04-17|2026-04-20|2026-04-21|2026-04-22|2026-04-23|2026-04-24|2026-04-27|2026-04-28|2026-04-29|2026-04-30|2026-05-01|2026-05-04|2026-05-05|2026-05-06|2026-05-07|2026-05-08|2026-05-11|2026-05-12|2026-05-13|2026-05-14|2026-05-15,2026-05-15 19:47:08,0.0
United Natural Foods,,2026-04-06|2026-04-07|2026-04-08|2026-04-09|2026-04-10|2026-04-13|2026-04-14|2026-04-15|2026-04-16|2026-04-17|2026-04-20|2026-04-21|2026-04-22|2026-04-23|2026-04-24|2026-04-27|2026-04-28|2026-04-29|2026-04-30|2026-05-01|2026-05-04|2026-05-05|2026-05-06|2026-05-07|2026-05-08|2026-05-11|2026-05-12|2026-05-13|2026-05-14|2026-05-15,2026-05-15 19:47:08,0.0
Dollar Tree,,2026-04-06|2026-04-07|2026-04-08|2026-04-09|2026-04-10|2026-04-13|2026-04-14|2026-04-15|2026-04-16|2026-04-17|2026-04-20|2026-04-21|2026-04-22|2026-04-23|2026-04-24|2026-04-27|2026-04-28|2026-04-29|2026-04-30|2026-05-01|2026-05-04|2026-05-05|2026-05-06|2026-05-07|2026-05-08|2026-05-11|2026-05-12|2026-05-13|2026-05-14|2026-05-15,2026-05-15 19:47:08,0.0
Nucor,,2026-04-06|2026-04-07|2026-04-08|2026-04-09|2026-04-10|2026-04-13|2026-04-14|2026-04-15|2026-04-16|2026-04-17|2026-04-20|2026-04-21|2026-04-22|2026-04-23|2026-04-24|2026-04-27|2026-04-28|2026-04-29|2026-04-30|2026-05-01|2026-05-04|2026-05-05|2026-05-06|2026-05-07|2026-05-08|2026-05-11|2026-05-12|2026-05-13|2026-05-14|2026-05-15,2026-05-15 19:47:08,0.0
Penske Automotive,,2026-04-06|2026-04-07|2026-04-08|2026-04-09|2026-04-10|2026-04-13|2026-04-14|2026-04-15|2026-04-16|2026-04-17|2026-04-20|2026-04-21|2026-04-22|2026-04-23|2026-04-24|2026-04-27|2026-04-28|2026-04-29|2026-04-30|2026-05-01|2026-05-04|2026-05-05|2026-05-06|2026-05-07|2026-05-08|2026-05-11|2026-05-12|2026-05-13|2026-05-14|2026-05-15,2026-05-15 19:47:08,0.0
Coupang,,2026-04-06|2026-04-07|2026-04-08|2026-04-09|2026-04-10|2026-04-13|2026-04-14|2026-04-15|2026-04-16|2026-04-17|2026-04-20|2026-04-21|2026-04-22|2026-04-23|2026-04-24|2026-04-27|2026-04-28|2026-04-29|2026-04-30|2026-05-01|2026-05-04|2026-05-05|2026-05-06|2026-05-07|2026-05-08|2026-05-11|2026-05-12|2026-05-13|2026-05-14|2026-05-15,2026-05-15 19:47:08,0.0
Hewlett Packard Enterprise,,2026-04-06|2026-04-07|2026-04-08|2026-04-09|2026-04-10|2026-04-13|2026-04-14|2026-04-15|2026-04-16|2026-04-17|2026-04-20|2026-04-21|2026-04-22|2026-04-23|2026-04-24|2026-04-27|2026-04-28|2026-04-29|2026-04-30|2026-05-01|2026-05-04|2026-05-05|2026-05-06|2026-05-07|2026-05-08|2026-05-11|2026-05-12|2026-05-13|2026-05-14|2026-05-15,2026-05-15 19:47:08,0.0
Duke Energy Corporation,,2026-04-06|2026-04-07|2026-04-08|2026-04-09|2026-04-10|2026-04-13|2026-04-14|2026-04-15|2026-04-16|2026-04-17|2026-04-20|2026-04-21|2026-04-22|2026-04-23|2026-04-24|2026-04-27|2026-04-28|2026-04-29|2026-04-30|2026-05-01|2026-05-04|2026-05-05|2026-05-06|2026-05-07|2026-05-08|2026-05-11|2026-05-12|2026-05-13|2026-05-14|2026-05-15,2026-05-15 19:47:08,0.0
KKR & Co,,2026-04-06|2026-04-07|2026-04-08|2026-04-09|2026-04-10|2026-04-13|2026-04-14|2026-04-15|2026-04-16|2026-04-17|2026-04-20|2026-04-21|2026-04-22|2026-04-23|2026-04-24|2026-04-27|2026-04-28|2026-04-29|2026-04-30|2026-05-01|2026-05-04|2026-05-05|2026-05-06|2026-05-07|2026-05-08|2026-05-11|2026-05-12|2026-05-13|2026-05-14|2026-05-15,2026-05-15 19:47:08,0.0
Ferguson Enterprises,,2026-04-06|2026-04-07|2026-04-08|2026-04-09|2026-04-10|2026-04-13|2026-04-14|2026-04-15|2026-04-16|2026-04-17|2026-04-20|2026-04-21|2026-04-22|2026-04-23|2026-04-24|2026-04-27|2026-04-28|2026-04-29|2026-04-30|2026-05-01|2026-05-04|2026-05-05|2026-05-06|2026-05-07|2026-05-08|2026-05-11|2026-05-12|2026-05-13|2026-05-14|2026-05-15,2026-05-15 19:47:08,0.0
Jabil,,2026-04-06|2026-04-07|2026-04-08|2026-04-09|2026-04-10|2026-04-13|2026-04-14|2026-04-15|2026-04-16|2026-04-17|2026-04-20|2026-04-21|2026-04-22|2026-04-23|2026-04-24|2026-04-27|2026-04-28|2026-04-29|2026-04-30|2026-05-01|2026-05-04|2026-05-05|2026-05-06|2026-05-07|2026-05-08|2026-05-11|2026-05-12|2026-05-13|2026-05-14|2026-05-15,2026-05-15 19:47:08,0.0
Gilead Sciences,,2026-04-06|2026-04-07|2026-04-08|2026-04-09|2026-04-10|2026-04-13|2026-04-14|2026-04-15|2026-04-16|2026-04-17|2026-04-20|2026-04-21|2026-04-22|2026-04-23|2026-04-24|2026-04-27|2026-04-28|2026-04-29|2026-04-30|2026-05-01|2026-05-04|2026-05-05|2026-05-06|2026-05-07|2026-05-08|2026-05-11|2026-05-12|2026-05-13|2026-05-14|2026-05-15,2026-05-15 19:47:08,0.0
HF Sinclair,,2026-04-06|2026-04-07|2026-04-08|2026-04-09|2026-04-10|2026-04-13|2026-04-14|2026-04-15|2026-04-16|2026-04-17|2026-04-20|2026-04-21|2026-04-22|2026-04-23|2026-04-24|2026-04-27|2026-04-28|2026-04-29|2026-04-30|2026-05-01|2026-05-04|2026-05-05|2026-05-06|2026-05-07|2026-05-08|2026-05-11|2026-05-12|2026-05-13|2026-05-14|2026-05-15,2026-05-15 19:47:08,0.0
CarMax,,2026-04-06|2026-04-07|2026-04-08|2026-04-09|2026-04-10|2026-04-13|2026-04-14|2026-04-15|2026-04-16|2026-04-17|2026-04-20|2026-04-21|2026-04-22|2026-04-23|2026-04-24|2026-04-27|2026-04-28|2026-04-29|2026-04-30|2026-05-01|2026-05-04|2026-05-05|2026-05-06|2026-05-07|2026-05-08|2026-05-11|2026-05-12|2026-05-13|2026-05-14|2026-05-15,2026-05-15 19:47:08,0.0
Mastercard,,2026-04-06|2026-04-07|2026-04-08|2026-04-09|2026-04-10|2026-04-13|2026-04-14|2026-04-15|2026-04-16|2026-04-17|2026-04-20|2026-04-21|2026-04-22|2026-04-23|2026-04-24|2026-04-27|2026-04-28|2026-04-29|2026-04-30|2026-05-01|2026-05-04|2026-05-05|2026-05-06|2026-05-07|2026-05-08|2026-05-11|2026-05-12|2026-05-13|2026-05-14|2026-05-15,2026-05-15 19:47:08,0.0
NRG Energy,,2026-04-06|2026-04-07|2026-04-08|2026-04-09|2026-04-10|2026-04-13|2026-04-14|2026-04-15|2026-04-16|2026-04-17|2026-04-20|2026-04-21|2026-04-22|2026-04-23|2026-04-24|2026-04-27|2026-04-28|2026-04-29|2026-04-30|2026-05-01|2026-05-04|2026-05-05|2026-05-06|2026-05-07|2026-05-08|2026-05-11|2026-05-12|2026-05-13|2026-05-14|2026-05-15,2026-05-15 19:47:08,0.0
Arrow Electronics,,2026-04-06|2026-04-07|2026-04-08|2026-04-09|2026-04-10|2026-04-13|2026-04-14|2026-04-15|2026-04-16|2026-04-17|2026-04-20|2026-04-21|2026-04-22|2026-04-23|2026-04-24|2026-04-27|2026-04-28|2026-04-29|2026-04-30|2026-05-01|2026-05-04|2026-05-05|2026-05-06|2026-05-07|2026-05-08|2026-05-11|2026-05-12|2026-05-13|2026-05-14|2026-05-15,2026-05-15 19:47:08,0.0
Baker Hughes,,2026-04-06|2026-04-07|2026-04-08|2026-04-09|2026-04-10|2026-04-13|2026-04-14|2026-04-15|2026-04-16|2026-04-17|2026-04-20|2026-04-21|2026-04-22|2026-04-23|2026-04-24|2026-04-27|2026-04-28|2026-04-29|2026-04-30|2026-05-01|2026-05-04|2026-05-05|2026-05-06|2026-05-07|2026-05-08|2026-05-11|2026-05-12|2026-05-13|2026-05-14|2026-05-15,2026-05-15 19:47:08,0.0
Southwest Airlines,,2026-04-06|2026-04-07|2026-04-08|2026-04-09|2026-04-10|2026-04-13|2026-04-14|2026-04-15|2026-04-16|2026-04-17|2026-04-20|2026-04-21|2026-04-22|2026-04-23|2026-04-24|2026-04-27|2026-04-28|2026-04-29|2026-04-30|2026-05-01|2026-05-04|2026-05-05|2026-05-06|2026-05-07|2026-05-08|2026-05-11|2026-05-12|2026-05-13|2026-05-14|2026-05-15,2026-05-15 19:47:08,0.0
AIG,,2026-04-06|2026-04-07|2026-04-08|2026-04-09|2026-04-10|2026-04-13|2026-04-14|2026-04-15|2026-04-16|2026-04-17|2026-04-20|2026-04-21|2026-04-22|2026-04-23|2026-04-24|2026-04-27|2026-04-28|2026-04-29|2026-04-30|2026-05-01|2026-05-04|2026-05-05|2026-05-06|2026-05-07|2026-05-08|2026-05-11|2026-05-12|2026-05-13|2026-05-14|2026-05-15,2026-05-15 19:47:08,0.0
Applied Materials,,2026-04-06|2026-04-07|2026-04-08|2026-04-09|2026-04-10|2026-04-13|2026-04-14|2026-04-15|2026-04-16|2026-04-17|2026-04-20|2026-04-21|2026-04-22|2026-04-23|2026-04-24|2026-04-27|2026-04-28|2026-04-29|2026-04-30|2026-05-01|2026-05-04|2026-05-05|2026-05-06|2026-05-07|2026-05-08|2026-05-11|2026-05-12|2026-05-13|2026-05-14|2026-05-15,2026-05-15 19:47:08,0.0
Occidental Petroleum,,2026-04-06|2026-04-07|2026-04-08|2026-04-09|2026-04-10|2026-04-13|2026-04-14|2026-04-15|2026-04-16|2026-04-17|2026-04-20|2026-04-21|2026-04-22|2026-04-23|2026-04-24|2026-04-27|2026-04-28|2026-04-29|2026-04-30|2026-05-01|2026-05-04|2026-05-05|2026-05-06|2026-05-07|2026-05-08|2026-05-11|2026-05-12|2026-05-13|2026-05-14|2026-05-15,2026-05-15 19:47:08,0.0
AutoNation,,2026-04-06|2026-04-07|2026-04-08|2026-04-09|2026-04-10|2026-04-13|2026-04-14|2026-04-15|2026-04-16|2026-04-17|2026-04-20|2026-04-21|2026-04-22|2026-04-23|2026-04-24|2026-04-27|2026-04-28|2026-04-29|2026-04-30|2026-05-01|2026-05-04|2026-05-05|2026-05-06|2026-05-07|2026-05-08|2026-05-11|2026-05-12|2026-05-13|2026-05-14|2026-05-15,2026-05-15 19:47:08,0.0
Southern Company,,2026-04-06|2026-04-07|2026-04-08|2026-04-09|2026-04-10|2026-04-13|2026-04-14|2026-04-15|2026-04-16|2026-04-17|2026-04-20|2026-04-21|2026-04-22|2026-04-23|2026-04-24|2026-04-27|2026-04-28|2026-04-29|2026-04-30|2026-05-01|2026-05-04|2026-05-05|2026-05-06|2026-05-07|2026-05-08|2026-05-11|2026-05-12|2026-05-13|2026-05-14|2026-05-15,2026-05-15 19:47:08,0.0
The Hartford Insurance,,2026-04-06|2026-04-07|2026-04-08|2026-04-09|2026-04-10|2026-04-13|2026-04-14|2026-04-15|2026-04-16|2026-04-17|2026-04-20|2026-04-21|2026-04-22|2026-04-23|2026-04-24|2026-04-27|2026-04-28|2026-04-29|2026-04-30|2026-05-01|2026-05-04|2026-05-05|2026-05-06|2026-05-07|2026-05-08|2026-05-11|2026-05-12|2026-05-13|2026-05-14|2026-05-15,2026-05-15 19:47:08,0.0
Apollo Global Management,,2026-04-06|2026-04-07|2026-04-08|2026-04-09|2026-04-10|2026-04-13|2026-04-14|2026-04-15|2026-04-16|2026-04-17|2026-04-20|2026-04-21|2026-04-22|2026-04-23|2026-04-24|2026-04-27|2026-04-28|2026-04-29|2026-04-30|2026-05-01|2026-05-04|2026-05-05|2026-05-06|2026-05-07|2026-05-08|2026-05-11|2026-05-12|2026-05-13|2026-05-14|2026-05-15,2026-05-15 19:47:08,0.0
Charles Schwab,,2026-04-06|2026-04-07|2026-04-08|2026-04-09|2026-04-10|2026-04-13|2026-04-14|2026-04-15|2026-04-16|2026-04-17|2026-04-20|2026-04-21|2026-04-22|2026-04-23|2026-04-24|2026-04-27|2026-04-28|2026-04-29|2026-04-30|2026-05-01|2026-05-04|2026-05-05|2026-05-06|2026-05-07|2026-05-08|2026-05-11|2026-05-12|2026-05-13|2026-05-14|2026-05-15,2026-05-15 19:47:08,0.0
McDonalds,,2026-04-06|2026-04-07|2026-04-08|2026-04-09|2026-04-10|2026-04-13|2026-04-14|2026-04-15|2026-04-16|2026-04-17|2026-04-20|2026-04-21|2026-04-22|2026-04-23|2026-04-24|2026-04-27|2026-04-28|2026-04-29|2026-04-30|2026-05-01|2026-05-04|2026-05-05|2026-05-06|2026-05-07|2026-05-08|2026-05-11|2026-05-12|2026-05-13|2026-05-14|2026-05-15,2026-05-15 19:47:08,0.0
Kraft Heinz,,2026-04-06|2026-04-07|2026-04-08|2026-04-09|2026-04-10|2026-04-13|2026-04-14|2026-04-15|2026-04-16|2026-04-17|2026-04-20|2026-04-21|2026-04-22|2026-04-23|2026-04-24|2026-04-27|2026-04-28|2026-04-29|2026-04-30|2026-05-01|2026-05-04|2026-05-05|2026-05-06|2026-05-07|2026-05-08|2026-05-11|2026-05-12|2026-05-13|2026-05-14|2026-05-15,2026-05-15 19:47:08,0.0
Advanced Micro Devices,,2026-04-06|2026-04-07|2026-04-08|2026-04-09|2026-04-10|2026-04-13|2026-04-14|2026-04-15|2026-04-16|2026-04-17|2026-04-20|2026-04-21|2026-04-22|2026-04-23|2026-04-24|2026-04-27|2026-04-28|2026-04-29|2026-04-30|2026-05-01|2026-05-04|2026-05-05|2026-05-06|2026-05-07|2026-05-08|2026-05-11|2026-05-12|2026-05-13|2026-05-14|2026-05-15,2026-05-15 19:47:08,0.0
Truist Financial,,2026-04-06|2026-04-07|2026-04-08|2026-04-09|2026-04-10|2026-04-13|2026-04-14|2026-04-15|2026-04-16|2026-04-17|2026-04-20|2026-04-21|2026-04-22|2026-04-23|2026-04-24|2026-04-27|2026-04-28|2026-04-29|2026-04-30|2026-05-01|2026-05-04|2026-05-05|2026-05-06|2026-05-07|2026-05-08|2026-05-11|2026-05-12|2026-05-13|2026-05-14|2026-05-15,2026-05-15 19:47:08,0.0
Freeport-McMoRan,,2026-04-06|2026-04-07|2026-04-08|2026-04-09|2026-04-10|2026-04-13|2026-04-14|2026-04-15|2026-04-16|2026-04-17|2026-04-20|2026-04-21|2026-04-22|2026-04-23|2026-04-24|2026-04-27|2026-04-28|2026-04-29|2026-04-30|2026-05-01|2026-05-04|2026-05-05|2026-05-06|2026-05-07|2026-05-08|2026-05-11|2026-05-12|2026-05-13|2026-05-14|2026-05-15,2026-05-15 19:47:08,0.0
Micron Technology,,2026-04-06|2026-04-07|2026-04-08|2026-04-09|2026-04-10|2026-04-13|2026-04-14|2026-04-15|2026-04-16|2026-04-17|2026-04-20|2026-04-21|2026-04-22|2026-04-23|2026-04-24|2026-04-27|2026-04-28|2026-04-29|2026-04-30|2026-05-01|2026-05-04|2026-05-05|2026-05-06|2026-05-07|2026-05-08|2026-05-11|2026-05-12|2026-05-13|2026-05-14|2026-05-15,2026-05-15 19:47:08,0.0
Marriott International,,2026-04-06|2026-04-07|2026-04-08|2026-04-09|2026-04-10|2026-04-13|2026-04-14|2026-04-15|2026-04-16|2026-04-17|2026-04-20|2026-04-21|2026-04-22|2026-04-23|2026-04-24|2026-04-27|2026-04-28|2026-04-29|2026-04-30|2026-05-01|2026-05-04|2026-05-05|2026-05-06|2026-05-07|2026-05-08|2026-05-11|2026-05-12|2026-05-13|2026-05-14|2026-05-15,2026-05-15 19:47:08,0.0
Carrier Global,,2026-04-06|2026-04-07|2026-04-08|2026-04-09|2026-04-10|2026-04-13|2026-04-14|2026-04-15|2026-04-16|2026-04-17|2026-04-20|2026-04-21|2026-04-22|2026-04-23|2026-04-24|2026-04-27|2026-04-28|2026-04-29|2026-04-30|2026-05-01|2026-05-04|2026-05-05|2026-05-06|2026-05-07|2026-05-08|2026-05-11|2026-05-12|2026-05-13|2026-05-14|2026-05-15,2026-05-15 19:47:08,0.0
NextEra Energy,,2026-04-06|2026-04-07|2026-04-08|2026-04-09|2026-04-10|2026-04-13|2026-04-14|2026-04-15|2026-04-16|2026-04-17|2026-04-20|2026-04-21|2026-04-22|2026-04-23|2026-04-24|2026-04-27|2026-04-28|2026-04-29|2026-04-30|2026-05-01|2026-05-04|2026-05-05|2026-05-06|2026-05-07|2026-05-08|2026-05-11|2026-05-12|2026-05-13|2026-05-14|2026-05-15,2026-05-15 19:47:08,0.0
3M Company,,2026-04-06|2026-04-07|2026-04-08|2026-04-09|2026-04-10|2026-04-13|2026-04-14|2026-04-15|2026-04-16|2026-04-17|2026-04-20|2026-04-21|2026-04-22|2026-04-23|2026-04-24|2026-04-27|2026-04-28|2026-04-29|2026-04-30|2026-05-01|2026-05-04|2026-05-05|2026-05-06|2026-05-07|2026-05-08|2026-05-11|2026-05-12|2026-05-13|2026-05-14|2026-05-15,2026-05-15 19:47:08,0.0
Pacific Gas and Electric Company,,2026-04-06|2026-04-07|2026-04-08|2026-04-09|2026-04-10|2026-04-13|2026-04-14|2026-04-15|2026-04-16|2026-04-17|2026-04-20|2026-04-21|2026-04-22|2026-04-23|2026-04-24|2026-04-27|2026-04-28|2026-04-29|2026-04-30|2026-05-01|2026-05-04|2026-05-05|2026-05-06|2026-05-07|2026-05-08|2026-05-11|2026-05-12|2026-05-13|2026-05-14|2026-05-15,2026-05-15 19:47:08,0.0
Union Pacific,,2026-04-06|2026-04-07|2026-04-08|2026-04-09|2026-04-10|2026-04-13|2026-04-14|2026-04-15|2026-04-16|2026-04-17|2026-04-20|2026-04-21|2026-04-22|2026-04-23|2026-04-24|2026-04-27|2026-04-28|2026-04-29|2026-04-30|2026-05-01|2026-05-04|2026-05-05|2026-05-06|2026-05-07|2026-05-08|2026-05-11|2026-05-12|2026-05-13|2026-05-14|2026-05-15,2026-05-15 19:47:08,0.0
Synchrony Financial,,2026-04-06|2026-04-07|2026-04-08|2026-04-09|2026-04-10|2026-04-13|2026-04-14|2026-04-15|2026-04-16|2026-04-17|2026-04-20|2026-04-21|2026-04-22|2026-04-23|2026-04-24|2026-04-27|2026-04-28|2026-04-29|2026-04-30|2026-05-01|2026-05-04|2026-05-05|2026-05-06|2026-05-07|2026-05-08|2026-05-11|2026-05-12|2026-05-13|2026-05-14|2026-05-15,2026-05-15 19:47:08,0.0
Danaher,,2026-04-06|2026-04-07|2026-04-08|2026-04-09|2026-04-10|2026-04-13|2026-04-14|2026-04-15|2026-04-16|2026-04-17|2026-04-20|2026-04-21|2026-04-22|2026-04-23|2026-04-24|2026-04-27|2026-04-28|2026-04-29|2026-04-30|2026-05-01|2026-05-04|2026-05-05|2026-05-06|2026-05-07|2026-05-08|2026-05-11|2026-05-12|2026-05-13|2026-05-14|2026-05-15,2026-05-15 19:47:08,0.0
Avnet,,2026-04-06|2026-04-07|2026-04-08|2026-04-09|2026-04-10|2026-04-13|2026-04-14|2026-04-15|2026-04-16|2026-04-17|2026-04-20|2026-04-21|2026-04-22|2026-04-23|2026-04-24|2026-04-27|2026-04-28|2026-04-29|2026-04-30|2026-05-01|2026-05-04|2026-05-05|2026-05-06|2026-05-07|2026-05-08|2026-05-11|2026-05-12|2026-05-13|2026-05-14|2026-05-15,2026-05-15 19:47:08,0.0
Booking Holdings,,2026-04-06|2026-04-07|2026-04-08|2026-04-09|2026-04-10|2026-04-13|2026-04-14|2026-04-15|2026-04-16|2026-04-17|2026-04-20|2026-04-21|2026-04-22|2026-04-23|2026-04-24|2026-04-27|2026-04-28|2026-04-29|2026-04-30|2026-05-01|2026-05-04|2026-05-05|2026-05-06|2026-05-07|2026-05-08|2026-05-11|2026-05-12|2026-05-13|2026-05-14|2026-05-15,2026-05-15 19:47:08,0.0
EOG Resources,,2026-04-06|2026-04-07|2026-04-08|2026-04-09|2026-04-10|2026-04-13|2026-04-14|2026-04-15|2026-04-16|2026-04-17|2026-04-20|2026-04-21|2026-04-22|2026-04-23|2026-04-24|2026-04-27|2026-04-28|2026-04-29|2026-04-30|2026-05-01|2026-05-04|2026-05-05|2026-05-06|2026-05-07|2026-05-08|2026-05-11|2026-05-12|2026-05-13|2026-05-14|2026-05-15,2026-05-15 19:47:08,0.0
Quanta Services,,2026-04-06|2026-04-07|2026-04-08|2026-04-09|2026-04-10|2026-04-13|2026-04-14|2026-04-15|2026-04-16|2026-04-17|2026-04-20|2026-04-21|2026-04-22|2026-04-23|2026-04-24|2026-04-27|2026-04-28|2026-04-29|2026-04-30|2026-05-01|2026-05-04|2026-05-05|2026-05-06|2026-05-07|2026-05-08|2026-05-11|2026-05-12|2026-05-13|2026-05-14|2026-05-15,2026-05-15 19:47:08,0.0
Constellation Energy,,2026-04-06|2026-04-07|2026-04-08|2026-04-09|2026-04-10|2026-04-13|2026-04-14|2026-04-15|2026-04-16|2026-04-17|2026-04-20|2026-04-21|2026-04-22|2026-04-23|2026-04-24|2026-04-27|2026-04-28|2026-04-29|2026-04-30|2026-05-01|2026-05-04|2026-05-05|2026-05-06|2026-05-07|2026-05-08|2026-05-11|2026-05-12|2026-05-13|2026-05-14|2026-05-15,2026-05-15 19:47:08,0.0
Genuine Parts Company,,2026-04-06|2026-04-07|2026-04-08|2026-04-09|2026-04-10|2026-04-13|2026-04-14|2026-04-15|2026-04-16|2026-04-17|2026-04-20|2026-04-21|2026-04-22|2026-04-23|2026-04-24|2026-04-27|2026-04-28|2026-04-29|2026-04-30|2026-05-01|2026-05-04|2026-05-05|2026-05-06|2026-05-07|2026-05-08|2026-05-11|2026-05-12|2026-05-13|2026-05-14|2026-05-15,2026-05-15 19:47:08,0.0
Jones Lang LaSalle,,2026-04-06|2026-04-07|2026-04-08|2026-04-09|2026-04-10|2026-04-13|2026-04-14|2026-04-15|2026-04-16|2026-04-17|2026-04-20|2026-04-21|2026-04-22|2026-04-23|2026-04-24|2026-04-27|2026-04-28|2026-04-29|2026-04-30|2026-05-01|2026-05-04|2026-05-05|2026-05-06|2026-05-07|2026-05-08|2026-05-11|2026-05-12|2026-05-13|2026-05-14|2026-05-15,2026-05-15 19:47:08,0.0
Lear Corporation,,2026-04-06|2026-04-07|2026-04-08|2026-04-09|2026-04-10|2026-04-13|2026-04-14|2026-04-15|2026-04-16|2026-04-17|2026-04-20|2026-04-21|2026-04-22|2026-04-23|2026-04-24|2026-04-27|2026-04-28|2026-04-29|2026-04-30|2026-05-01|2026-05-04|2026-05-05|2026-05-06|2026-05-07|2026-05-08|2026-05-11|2026-05-12|2026-05-13|2026-05-14|2026-05-15,2026-05-15 19:47:08,0.0
Live Nation Entertainment,,2026-04-06|2026-04-07|2026-04-08|2026-04-09|2026-04-10|2026-04-13|2026-04-14|2026-04-15|2026-04-16|2026-04-17|2026-04-20|2026-04-21|2026-04-22|2026-04-23|2026-04-24|2026-04-27|2026-04-28|2026-04-29|2026-04-30|2026-05-01|2026-05-04|2026-05-05|2026-05-06|2026-05-07|2026-05-08|2026-05-11|2026-05-12|2026-05-13|2026-05-14|2026-05-15,2026-05-15 19:47:08,0.0
Sherwin-Williams,,2026-04-06|2026-04-07|2026-04-08|2026-04-09|2026-04-10|2026-04-13|2026-04-14|2026-04-15|2026-04-16|2026-04-17|2026-04-20|2026-04-21|2026-04-22|2026-04-23|2026-04-24|2026-04-27|2026-04-28|2026-04-29|2026-04-30|2026-05-01|2026-05-04|2026-05-05|2026-05-06|2026-05-07|2026-05-08|2026-05-11|2026-05-12|2026-05-13|2026-05-14|2026-05-15,2026-05-15 19:47:08,0.0
Exelon,,2026-04-06|2026-04-07|2026-04-08|2026-04-09|2026-04-10|2026-04-13|2026-04-14|2026-04-15|2026-04-16|2026-04-17|2026-04-20|2026-04-21|2026-04-22|2026-04-23|2026-04-24|2026-04-27|2026-04-28|2026-04-29|2026-04-30|2026-05-01|2026-05-04|2026-05-05|2026-05-06|2026-05-07|2026-05-08|2026-05-11|2026-05-12|2026-05-13|2026-05-14|2026-05-15,2026-05-15 19:47:08,0.0
Macys,,2026-04-06|2026-04-07|2026-04-08|2026-04-09|2026-04-10|2026-04-13|2026-04-14|2026-04-15|2026-04-16|2026-04-17|2026-04-20|2026-04-21|2026-04-22|2026-04-23|2026-04-24|2026-04-27|2026-04-28|2026-04-29|2026-04-30|2026-05-01|2026-05-04|2026-05-05|2026-05-06|2026-05-07|2026-05-08|2026-05-11|2026-05-12|2026-05-13|2026-05-14|2026-05-15,2026-05-15 19:47:08,0.0
Halliburton,,2026-04-06|2026-04-07|2026-04-08|2026-04-09|2026-04-10|2026-04-13|2026-04-14|2026-04-15|2026-04-16|2026-04-17|2026-04-20|2026-04-21|2026-04-22|2026-04-23|2026-04-24|2026-04-27|2026-04-28|2026-04-29|2026-04-30|2026-05-01|2026-05-04|2026-05-05|2026-05-06|2026-05-07|2026-05-08|2026-05-11|2026-05-12|2026-05-13|2026-05-14|2026-05-15,2026-05-15 19:47:08,0.0
Stryker,,2026-04-06|2026-04-07|2026-04-08|2026-04-09|2026-04-10|2026-04-13|2026-04-14|2026-04-15|2026-04-16|2026-04-17|2026-04-20|2026-04-21|2026-04-22|2026-04-23|2026-04-24|2026-04-27|2026-04-28|2026-04-29|2026-04-30|2026-05-01|2026-05-04|2026-05-05|2026-05-06|2026-05-07|2026-05-08|2026-05-11|2026-05-12|2026-05-13|2026-05-14|2026-05-15,2026-05-15 19:47:08,0.0
Reinsurance Group of America,,2026-04-06|2026-04-07|2026-04-08|2026-04-09|2026-04-10|2026-04-13|2026-04-14|2026-04-15|2026-04-16|2026-04-17|2026-04-20|2026-04-21|2026-04-22|2026-04-23|2026-04-24|2026-04-27|2026-04-28|2026-04-29|2026-04-30|2026-05-01|2026-05-04|2026-05-05|2026-05-06|2026-05-07|2026-05-08|2026-05-11|2026-05-12|2026-05-13|2026-05-14|2026-05-15,2026-05-15 19:47:08,0.0
State Street,,2026-04-06|2026-04-07|2026-04-08|2026-04-09|2026-04-10|2026-04-13|2026-04-14|2026-04-15|2026-04-16|2026-04-17|2026-04-20|2026-04-21|2026-04-22|2026-04-23|2026-04-24|2026-04-27|2026-04-28|2026-04-29|2026-04-30|2026-05-01|2026-05-04|2026-05-05|2026-05-06|2026-05-07|2026-05-08|2026-05-11|2026-05-12|2026-05-13|2026-05-14|2026-05-15,2026-05-15 19:47:08,0.0
WESCO International,,2026-04-06|2026-04-07|2026-04-08|2026-04-09|2026-04-10|2026-04-13|2026-04-14|2026-04-15|2026-04-16|2026-04-17|2026-04-20|2026-04-21|2026-04-22|2026-04-23|2026-04-24|2026-04-27|2026-04-28|2026-04-29|2026-04-30|2026-05-01|2026-05-04|2026-05-05|2026-05-06|2026-05-07|2026-05-08|2026-05-11|2026-05-12|2026-05-13|2026-05-14|2026-05-15,2026-05-15 19:47:08,0.0
Oneok,,2026-04-06|2026-04-07|2026-04-08|2026-04-09|2026-04-10|2026-04-13|2026-04-14|2026-04-15|2026-04-16|2026-04-17|2026-04-20|2026-04-21|2026-04-22|2026-04-23|2026-04-24|2026-04-27|2026-04-28|2026-04-29|2026-04-30|2026-05-01|2026-05-04|2026-05-05|2026-05-06|2026-05-07|2026-05-08|2026-05-11|2026-05-12|2026-05-13|2026-05-14|2026-05-15,2026-05-15 19:47:08,0.0
Adobe,,2026-04-06|2026-04-07|2026-04-08|2026-04-09|2026-04-10|2026-04-13|2026-04-14|2026-04-15|2026-04-16|2026-04-17|2026-04-20|2026-04-21|2026-04-22|2026-04-23|2026-04-24|2026-04-27|2026-04-28|2026-04-29|2026-04-30|2026-05-01|2026-05-04|2026-05-05|2026-05-06|2026-05-07|2026-05-08|2026-05-11|2026-05-12|2026-05-13|2026-05-14|2026-05-15,2026-05-15 19:47:08,0.0
L3Harris Technologies,,2026-04-06|2026-04-07|2026-04-08|2026-04-09|2026-04-10|2026-04-13|2026-04-14|2026-04-15|2026-04-16|2026-04-17|2026-04-20|2026-04-21|2026-04-22|2026-04-23|2026-04-24|2026-04-27|2026-04-28|2026-04-29|2026-04-30|2026-05-01|2026-05-04|2026-05-05|2026-05-06|2026-05-07|2026-05-08|2026-05-11|2026-05-12|2026-05-13|2026-05-14|2026-05-15,2026-05-15 19:47:08,0.0
Ross Stores,,2026-04-06|2026-04-07|2026-04-08|2026-04-09|2026-04-10|2026-04-13|2026-04-14|2026-04-15|2026-04-16|2026-04-17|2026-04-20|2026-04-21|2026-04-22|2026-04-23|2026-04-24|2026-04-27|2026-04-28|2026-04-29|2026-04-30|2026-05-01|2026-05-04|2026-05-05|2026-05-06|2026-05-07|2026-05-08|2026-05-11|2026-05-12|2026-05-13|2026-05-14|2026-05-15,2026-05-15 19:47:08,0.0
CDW,,2026-04-06|2026-04-07|2026-04-08|2026-04-09|2026-04-10|2026-04-13|2026-04-14|2026-04-15|2026-04-16|2026-04-17|2026-04-20|2026-04-21|2026-04-22|2026-04-23|2026-04-24|2026-04-27|2026-04-28|2026-04-29|2026-04-30|2026-05-01|2026-05-04|2026-05-05|2026-05-06|2026-05-07|2026-05-08|2026-05-11|2026-05-12|2026-05-13|2026-05-14|2026-05-15,2026-05-15 19:47:08,0.0
Tenet Healthcare,,2026-04-06|2026-04-07|2026-04-08|2026-04-09|2026-04-10|2026-04-13|2026-04-14|2026-04-15|2026-04-16|2026-04-17|2026-04-20|2026-04-21|2026-04-22|2026-04-23|2026-04-24|2026-04-27|2026-04-28|2026-04-29|2026-04-30|2026-05-01|2026-05-04|2026-05-05|2026-05-06|2026-05-07|2026-05-08|2026-05-11|2026-05-12|2026-05-13|2026-05-14|2026-05-15,2026-05-15 19:47:08,0.0
BJ's Wholesale Club,,2026-04-06|2026-04-07|2026-04-08|2026-04-09|2026-04-10|2026-04-13|2026-04-14|2026-04-15|2026-04-16|2026-04-17|2026-04-20|2026-04-21|2026-04-22|2026-04-23|2026-04-24|2026-04-27|2026-04-28|2026-04-29|2026-04-30|2026-05-01|2026-05-04|2026-05-05|2026-05-06|2026-05-07|2026-05-08|2026-05-11|2026-05-12|2026-05-13|2026-05-14|2026-05-15,2026-05-15 19:47:08,0.0
Altria,,2026-04-06|2026-04-07|2026-04-08|2026-04-09|2026-04-10|2026-04-13|2026-04-14|2026-04-15|2026-04-16|2026-04-17|2026-04-20|2026-04-21|2026-04-22|2026-04-23|2026-04-24|2026-04-27|2026-04-28|2026-04-29|2026-04-30|2026-05-01|2026-05-04|2026-05-05|2026-05-06|2026-05-07|2026-05-08|2026-05-11|2026-05-12|2026-05-13|2026-05-14|2026-05-15,2026-05-15 19:47:08,0.0
BlackRock,,2026-04-06|2026-04-07|2026-04-08|2026-04-09|2026-04-10|2026-04-13|2026-04-14|2026-04-15|2026-04-16|2026-04-17|2026-04-20|2026-04-21|2026-04-22|2026-04-23|2026-04-24|2026-04-27|2026-04-28|2026-04-29|2026-04-30|2026-05-01|2026-05-04|2026-05-05|2026-05-06|2026-05-07|2026-05-08|2026-05-11|2026-05-12|2026-05-13|2026-05-14|2026-05-15,2026-05-15 19:47:08,0.0
Becton Dickinson,,2026-04-06|2026-04-07|2026-04-08|2026-04-09|2026-04-10|2026-04-13|2026-04-14|2026-04-15|2026-04-16|2026-04-17|2026-04-20|2026-04-21|2026-04-22|2026-04-23|2026-04-24|2026-04-27|2026-04-28|2026-04-29|2026-04-30|2026-05-01|2026-05-04|2026-05-05|2026-05-06|2026-05-07|2026-05-08|2026-05-11|2026-05-12|2026-05-13|2026-05-14|2026-05-15,2026-05-15 19:47:08,0.0
Colgate-Palmolive,,2026-04-06|2026-04-07|2026-04-08|2026-04-09|2026-04-10|2026-04-13|2026-04-14|2026-04-15|2026-04-16|2026-04-17|2026-04-20|2026-04-21|2026-04-22|2026-04-23|2026-04-24|2026-04-27|2026-04-28|2026-04-29|2026-04-30|2026-05-01|2026-05-04|2026-05-05|2026-05-06|2026-05-07|2026-05-08|2026-05-11|2026-05-12|2026-05-13|2026-05-14|2026-05-15,2026-05-15 19:47:08,0.0
Kimberly-Clark,,2026-04-06|2026-04-07|2026-04-08|2026-04-09|2026-04-10|2026-04-13|2026-04-14|2026-04-15|2026-04-16|2026-04-17|2026-04-20|2026-04-21|2026-04-22|2026-04-23|2026-04-24|2026-04-27|2026-04-28|2026-04-29|2026-04-30|2026-05-01|2026-05-04|2026-05-05|2026-05-06|2026-05-07|2026-05-08|2026-05-11|2026-05-12|2026-05-13|2026-05-14|2026-05-15,2026-05-15 19:47:08,0.0
Group 1 Automotive,,2026-04-06|2026-04-07|2026-04-08|2026-04-09|2026-04-10|2026-04-13|2026-04-14|2026-04-15|2026-04-16|2026-04-17|2026-04-20|2026-04-21|2026-04-22|2026-04-23|2026-04-24|2026-04-27|2026-04-28|2026-04-29|2026-04-30|2026-05-01|2026-05-04|2026-05-05|2026-05-06|2026-05-07|2026-05-08|2026-05-11|2026-05-12|2026-05-13|2026-05-14|2026-05-15,2026-05-15 19:47:08,0.0
Parker-Hannifin,,2026-04-06|2026-04-07|2026-04-08|2026-04-09|2026-04-10|2026-04-13|2026-04-14|2026-04-15|2026-04-16|2026-04-17|2026-04-20|2026-04-21|2026-04-22|2026-04-23|2026-04-24|2026-04-27|2026-04-28|2026-04-29|2026-04-30|2026-05-01|2026-05-04|2026-05-05|2026-05-06|2026-05-07|2026-05-08|2026-05-11|2026-05-12|2026-05-13|2026-05-14|2026-05-15,2026-05-15 19:47:08,0.0
General Mills,,2026-04-06|2026-04-07|2026-04-08|2026-04-09|2026-04-10|2026-04-13|2026-04-14|2026-04-15|2026-04-16|2026-04-17|2026-04-20|2026-04-21|2026-04-22|2026-04-23|2026-04-24|2026-04-27|2026-04-28|2026-04-29|2026-04-30|2026-05-01|2026-05-04|2026-05-05|2026-05-06|2026-05-07|2026-05-08|2026-05-11|2026-05-12|2026-05-13|2026-05-14|2026-05-15,2026-05-15 19:47:08,0.0
Cognizant Technology Solutions,,2026-04-06|2026-04-07|2026-04-08|2026-04-09|2026-04-10|2026-04-13|2026-04-14|2026-04-15|2026-04-16|2026-04-17|2026-04-20|2026-04-21|2026-04-22|2026-04-23|2026-04-24|2026-04-27|2026-04-28|2026-04-29|2026-04-30|2026-05-01|2026-05-04|2026-05-05|2026-05-06|2026-05-07|2026-05-08|2026-05-11|2026-05-12|2026-05-13|2026-05-14|2026-05-15,2026-05-15 19:47:08,0.0
American Electric Power,,2026-04-06|2026-04-07|2026-04-08|2026-04-09|2026-04-10|2026-04-13|2026-04-14|2026-04-15|2026-04-16|2026-04-17|2026-04-20|2026-04-21|2026-04-22|2026-04-23|2026-04-24|2026-04-27|2026-04-28|2026-04-29|2026-04-30|2026-05-01|2026-05-04|2026-05-05|2026-05-06|2026-05-07|2026-05-08|2026-05-11|2026-05-12|2026-05-13|2026-05-14|2026-05-15,2026-05-15 19:47:08,0.0
GE HealthCare Technologies,,2026-04-06|2026-04-07|2026-04-08|2026-04-09|2026-04-10|2026-04-13|2026-04-14|2026-04-15|2026-04-16|2026-04-17|2026-04-20|2026-04-21|2026-04-22|2026-04-23|2026-04-24|2026-04-27|2026-04-28|2026-04-29|2026-04-30|2026-05-01|2026-05-04|2026-05-05|2026-05-06|2026-05-07|2026-05-08|2026-05-11|2026-05-12|2026-05-13|2026-05-14|2026-05-15,2026-05-15 19:47:08,0.0
Automatic Data Processing,,2026-04-06|2026-04-07|2026-04-08|2026-04-09|2026-04-10|2026-04-13|2026-04-14|2026-04-15|2026-04-16|2026-04-17|2026-04-20|2026-04-21|2026-04-22|2026-04-23|2026-04-24|2026-04-27|2026-04-28|2026-04-29|2026-04-30|2026-05-01|2026-05-04|2026-05-05|2026-05-06|2026-05-07|2026-05-08|2026-05-11|2026-05-12|2026-05-13|2026-05-14|2026-05-15,2026-05-15 19:47:08,0.0
Cleveland-Cliffs,,2026-04-06|2026-04-07|2026-04-08|2026-04-09|2026-04-10|2026-04-13|2026-04-14|2026-04-15|2026-04-16|2026-04-17|2026-04-20|2026-04-21|2026-04-22|2026-04-23|2026-04-24|2026-04-27|2026-04-28|2026-04-29|2026-04-30|2026-05-01|2026-05-04|2026-05-05|2026-05-06|2026-05-07|2026-05-08|2026-05-11|2026-05-12|2026-05-13|2026-05-14|2026-05-15,2026-05-15 19:47:08,0.0
Aflac,,2026-04-06|2026-04-07|2026-04-08|2026-04-09|2026-04-10|2026-04-13|2026-04-14|2026-04-15|2026-04-16|2026-04-17|2026-04-20|2026-04-21|2026-04-22|2026-04-23|2026-04-24|2026-04-27|2026-04-28|2026-04-29|2026-04-30|2026-05-01|2026-05-04|2026-05-05|2026-05-06|2026-05-07|2026-05-08|2026-05-11|2026-05-12|2026-05-13|2026-05-14|2026-05-15,2026-05-15 19:47:08,0.0
Goodyear Tire & Rubber,,2026-04-06|2026-04-07|2026-04-08|2026-04-09|2026-04-10|2026-04-13|2026-04-14|2026-04-15|2026-04-16|2026-04-17|2026-04-20|2026-04-21|2026-04-22|2026-04-23|2026-04-24|2026-04-27|2026-04-28|2026-04-29|2026-04-30|2026-05-01|2026-05-04|2026-05-05|2026-05-06|2026-05-07|2026-05-08|2026-05-11|2026-05-12|2026-05-13|2026-05-14|2026-05-15,2026-05-15 19:47:08,0.0
Corebridge Financial,,2026-04-06|2026-04-07|2026-04-08|2026-04-09|2026-04-10|2026-04-13|2026-04-14|2026-04-15|2026-04-16|2026-04-17|2026-04-20|2026-04-21|2026-04-22|2026-04-23|2026-04-24|2026-04-27|2026-04-28|2026-04-29|2026-04-30|2026-05-01|2026-05-04|2026-05-05|2026-05-06|2026-05-07|2026-05-08|2026-05-11|2026-05-12|2026-05-13|2026-05-14|2026-05-15,2026-05-15 19:47:08,0.0
Newmont,,2026-04-06|2026-04-07|2026-04-08|2026-04-09|2026-04-10|2026-04-13|2026-04-14|2026-04-15|2026-04-16|2026-04-17|2026-04-20|2026-04-21|2026-04-22|2026-04-23|2026-04-24|2026-04-27|2026-04-28|2026-04-29|2026-04-30|2026-05-01|2026-05-04|2026-05-05|2026-05-06|2026-05-07|2026-05-08|2026-05-11|2026-05-12|2026-05-13|2026-05-14|2026-05-15,2026-05-15 19:47:08,0.0
International Paper,,2026-04-06|2026-04-07|2026-04-08|2026-04-09|2026-04-10|2026-04-13|2026-04-14|2026-04-15|2026-04-16|2026-04-17|2026-04-20|2026-04-21|2026-04-22|2026-04-23|2026-04-24|2026-04-27|2026-04-28|2026-04-29|2026-04-30|2026-05-01|2026-05-04|2026-05-05|2026-05-06|2026-05-07|2026-05-08|2026-05-11|2026-05-12|2026-05-13|2026-05-14|2026-05-15,2026-05-15 19:47:08,0.0
AutoZone,,2026-04-06|2026-04-07|2026-04-08|2026-04-09|2026-04-10|2026-04-13|2026-04-14|2026-04-15|2026-04-16|2026-04-17|2026-04-20|2026-04-21|2026-04-22|2026-04-23|2026-04-24|2026-04-27|2026-04-28|2026-04-29|2026-04-30|2026-05-01|2026-05-04|2026-05-05|2026-05-06|2026-05-07|2026-05-08|2026-05-11|2026-05-12|2026-05-13|2026-05-14|2026-05-15,2026-05-15 19:47:08,0.0
Lincoln National,,2026-04-06|2026-04-07|2026-04-08|2026-04-09|2026-04-10|2026-04-13|2026-04-14|2026-04-15|2026-04-16|2026-04-17|2026-04-20|2026-04-21|2026-04-22|2026-04-23|2026-04-24|2026-04-27|2026-04-28|2026-04-29|2026-04-30|2026-05-01|2026-05-04|2026-05-05|2026-05-06|2026-05-07|2026-05-08|2026-05-11|2026-05-12|2026-05-13|2026-05-14|2026-05-15,2026-05-15 19:47:08,0.0
PulteGroup,,2026-04-06|2026-04-07|2026-04-08|2026-04-09|2026-04-10|2026-04-13|2026-04-14|2026-04-15|2026-04-16|2026-04-17|2026-04-20|2026-04-21|2026-04-22|2026-04-23|2026-04-24|2026-04-27|2026-04-28|2026-04-29|2026-04-30|2026-05-01|2026-05-04|2026-05-05|2026-05-06|2026-05-07|2026-05-08|2026-05-11|2026-05-12|2026-05-13|2026-05-14|2026-05-15,2026-05-15 19:47:08,0.0
Ameriprise Financial,,2026-04-06|2026-04-07|2026-04-08|2026-04-09|2026-04-10|2026-04-13|2026-04-14|2026-04-15|2026-04-16|2026-04-17|2026-04-20|2026-04-21|2026-04-22|2026-04-23|2026-04-24|2026-04-27|2026-04-28|2026-04-29|2026-04-30|2026-05-01|2026-05-04|2026-05-05|2026-05-06|2026-05-07|2026-05-08|2026-05-11|2026-05-12|2026-05-13|2026-05-14|2026-05-15,2026-05-15 19:47:08,0.0
Murphy USA,,2026-04-06|2026-04-07|2026-04-08|2026-04-09|2026-04-10|2026-04-13|2026-04-14|2026-04-15|2026-04-16|2026-04-17|2026-04-20|2026-04-21|2026-04-22|2026-04-23|2026-04-24|2026-04-27|2026-04-28|2026-04-29|2026-04-30|2026-05-01|2026-05-04|2026-05-05|2026-05-06|2026-05-07|2026-05-08|2026-05-11|2026-05-12|2026-05-13|2026-05-14|2026-05-15,2026-05-15 19:47:08,0.0
ManpowerGroup,,2026-04-06|2026-04-07|2026-04-08|2026-04-09|2026-04-10|2026-04-13|2026-04-14|2026-04-15|2026-04-16|2026-04-17|2026-04-20|2026-04-21|2026-04-22|2026-04-23|2026-04-24|2026-04-27|2026-04-28|2026-04-29|2026-04-30|2026-05-01|2026-05-04|2026-05-05|2026-05-06|2026-05-07|2026-05-08|2026-05-11|2026-05-12|2026-05-13|2026-05-14|2026-05-15,2026-05-15 19:47:08,0.0
CH Robinson Worldwide,,2026-04-06|2026-04-07|2026-04-08|2026-04-09|2026-04-10|2026-04-13|2026-04-14|2026-04-15|2026-04-16|2026-04-17|2026-04-20|2026-04-21|2026-04-22|2026-04-23|2026-04-24|2026-04-27|2026-04-28|2026-04-29|2026-04-30|2026-05-01|2026-05-04|2026-05-05|2026-05-06|2026-05-07|2026-05-08|2026-05-11|2026-05-12|2026-05-13|2026-05-14|2026-05-15,2026-05-15 19:47:08,0.0
PPG Industries,,2026-04-06|2026-04-07|2026-04-08|2026-04-09|2026-04-10|2026-04-13|2026-04-14|2026-04-15|2026-04-16|2026-04-17|2026-04-20|2026-04-21|2026-04-22|2026-04-23|2026-04-24|2026-04-27|2026-04-28|2026-04-29|2026-04-30|2026-05-01|2026-05-04|2026-05-05|2026-05-06|2026-05-07|2026-05-08|2026-05-11|2026-05-12|2026-05-13|2026-05-14|2026-05-15,2026-05-15 19:47:08,0.0
Edison International,,2026-04-06|2026-04-07|2026-04-08|2026-04-09|2026-04-10|2026-04-13|2026-04-14|2026-04-15|2026-04-16|2026-04-17|2026-04-20|2026-04-21|2026-04-22|2026-04-23|2026-04-24|2026-04-27|2026-04-28|2026-04-29|2026-04-30|2026-05-01|2026-05-04|2026-05-05|2026-05-06|2026-05-07|2026-05-08|2026-05-11|2026-05-12|2026-05-13|2026-05-14|2026-05-15,2026-05-15 19:47:08,0.0
Steel Dynamics,,2026-04-06|2026-04-07|2026-04-08|2026-04-09|2026-04-10|2026-04-13|2026-04-14|2026-04-15|2026-04-16|2026-04-17|2026-04-20|2026-04-21|2026-04-22|2026-04-23|2026-04-24|2026-04-27|2026-04-28|2026-04-29|2026-04-30|2026-05-01|2026-05-04|2026-05-05|2026-05-06|2026-05-07|2026-05-08|2026-05-11|2026-05-12|2026-05-13|2026-05-14|2026-05-15,2026-05-15 19:47:08,0.0
Loews,,2026-04-06|2026-04-07|2026-04-08|2026-04-09|2026-04-10|2026-04-13|2026-04-14|2026-04-15|2026-04-16|2026-04-17|2026-04-20|2026-04-21|2026-04-22|2026-04-23|2026-04-24|2026-04-27|2026-04-28|2026-04-29|2026-04-30|2026-05-01|2026-05-04|2026-05-05|2026-05-06|2026-05-07|2026-05-08|2026-05-11|2026-05-12|2026-05-13|2026-05-14|2026-05-15,2026-05-15 19:47:08,0.0
Emerson Electric,,2026-04-06|2026-04-07|2026-04-08|2026-04-09|2026-04-10|2026-04-13|2026-04-14|2026-04-15|2026-04-16|2026-04-17|2026-04-20|2026-04-21|2026-04-22|2026-04-23|2026-04-24|2026-04-27|2026-04-28|2026-04-29|2026-04-30|2026-05-01|2026-05-04|2026-05-05|2026-05-06|2026-05-07|2026-05-08|2026-05-11|2026-05-12|2026-05-13|2026-05-14|2026-05-15,2026-05-15 19:47:08,0.0
Aramark,,2026-04-06|2026-04-07|2026-04-08|2026-04-09|2026-04-10|2026-04-13|2026-04-14|2026-04-15|2026-04-16|2026-04-17|2026-04-20|2026-04-21|2026-04-22|2026-04-23|2026-04-24|2026-04-27|2026-04-28|2026-04-29|2026-04-30|2026-05-01|2026-05-04|2026-05-05|2026-05-06|2026-05-07|2026-05-08|2026-05-11|2026-05-12|2026-05-13|2026-05-14|2026-05-15,2026-05-15 19:47:08,0.0
MGM Resorts International,,2026-04-06|2026-04-07|2026-04-08|2026-04-09|2026-04-10|2026-04-13|2026-04-14|2026-04-15|2026-04-16|2026-04-17|2026-04-20|2026-04-21|2026-04-22|2026-04-23|2026-04-24|2026-04-27|2026-04-28|2026-04-29|2026-04-30|2026-05-01|2026-05-04|2026-05-05|2026-05-06|2026-05-07|2026-05-08|2026-05-11|2026-05-12|2026-05-13|2026-05-14|2026-05-15,2026-05-15 19:47:08,0.0
Vistra,,2026-04-06|2026-04-07|2026-04-08|2026-04-09|2026-04-10|2026-04-13|2026-04-14|2026-04-15|2026-04-16|2026-04-17|2026-04-20|2026-04-21|2026-04-22|2026-04-23|2026-04-24|2026-04-27|2026-04-28|2026-04-29|2026-04-30|2026-05-01|2026-05-04|2026-05-05|2026-05-06|2026-05-07|2026-05-08|2026-05-11|2026-05-12|2026-05-13|2026-05-14|2026-05-15,2026-05-15 19:47:08,0.0
Asbury Automotive Group,,2026-04-06|2026-04-07|2026-04-08|2026-04-09|2026-04-10|2026-04-13|2026-04-14|2026-04-15|2026-04-16|2026-04-17|2026-04-20|2026-04-21|2026-04-22|2026-04-23|2026-04-24|2026-04-27|2026-04-28|2026-04-29|2026-04-30|2026-05-01|2026-05-04|2026-05-05|2026-05-06|2026-05-07|2026-05-08|2026-05-11|2026-05-12|2026-05-13|2026-05-14|2026-05-15,2026-05-15 19:47:08,0.0
WW Grainger,,2026-04-06|2026-04-07|2026-04-08|2026-04-09|2026-04-10|2026-04-13|2026-04-14|2026-04-15|2026-04-16|2026-04-17|2026-04-20|2026-04-21|2026-04-22|2026-04-23|2026-04-24|2026-04-27|2026-04-28|2026-04-29|2026-04-30|2026-05-01|2026-05-04|2026-05-05|2026-05-06|2026-05-07|2026-05-08|2026-05-11|2026-05-12|2026-05-13|2026-05-14|2026-05-15,2026-05-15 19:47:08,0.0
Global Partners,,2026-04-06|2026-04-07|2026-04-08|2026-04-09|2026-04-10|2026-04-13|2026-04-14|2026-04-15|2026-04-16|2026-04-17|2026-04-20|2026-04-21|2026-04-22|2026-04-23|2026-04-24|2026-04-27|2026-04-28|2026-04-29|2026-04-30|2026-05-01|2026-05-04|2026-05-05|2026-05-06|2026-05-07|2026-05-08|2026-05-11|2026-05-12|2026-05-13|2026-05-14|2026-05-15,2026-05-15 19:47:08,0.0
Jacobs Solutions,,2026-04-06|2026-04-07|2026-04-08|2026-04-09|2026-04-10|2026-04-13|2026-04-14|2026-04-15|2026-04-16|2026-04-17|2026-04-20|2026-04-21|2026-04-22|2026-04-23|2026-04-24|2026-04-27|2026-04-28|2026-04-29|2026-04-30|2026-05-01|2026-05-04|2026-05-05|2026-05-06|2026-05-07|2026-05-08|2026-05-11|2026-05-12|2026-05-13|2026-05-14|2026-05-15,2026-05-15 19:47:08,0.0
Corteva,,2026-04-06|2026-04-07|2026-04-08|2026-04-09|2026-04-10|2026-04-13|2026-04-14|2026-04-15|2026-04-16|2026-04-17|2026-04-20|2026-04-21|2026-04-22|2026-04-23|2026-04-24|2026-04-27|2026-04-28|2026-04-29|2026-04-30|2026-05-01|2026-05-04|2026-05-05|2026-05-06|2026-05-07|2026-05-08|2026-05-11|2026-05-12|2026-05-13|2026-05-14|2026-05-15,2026-05-15 19:47:08,0.0
Boston Scientific,,2026-04-06|2026-04-07|2026-04-08|2026-04-09|2026-04-10|2026-04-13|2026-04-14|2026-04-15|2026-04-16|2026-04-17|2026-04-20|2026-04-21|2026-04-22|2026-04-23|2026-04-24|2026-04-27|2026-04-28|2026-04-29|2026-04-30|2026-05-01|2026-05-04|2026-05-05|2026-05-06|2026-05-07|2026-05-08|2026-05-11|2026-05-12|2026-05-13|2026-05-14|2026-05-15,2026-05-15 19:47:08,0.0
O'Reilly Automotive,,2026-04-06|2026-04-07|2026-04-08|2026-04-09|2026-04-10|2026-04-13|2026-04-14|2026-04-15|2026-04-16|2026-04-17|2026-04-20|2026-04-21|2026-04-22|2026-04-23|2026-04-24|2026-04-27|2026-04-28|2026-04-29|2026-04-30|2026-05-01|2026-05-04|2026-05-05|2026-05-06|2026-05-07|2026-05-08|2026-05-11|2026-05-12|2026-05-13|2026-05-14|2026-05-15,2026-05-15 19:47:08,0.0
Leidos,,2026-04-06|2026-04-07|2026-04-08|2026-04-09|2026-04-10|2026-04-13|2026-04-14|2026-04-15|2026-04-16|2026-04-17|2026-04-20|2026-04-21|2026-04-22|2026-04-23|2026-04-24|2026-04-27|2026-04-28|2026-04-29|2026-04-30|2026-05-01|2026-05-04|2026-05-05|2026-05-06|2026-05-07|2026-05-08|2026-05-11|2026-05-12|2026-05-13|2026-05-14|2026-05-15,2026-05-15 19:47:08,0.0
Markel Group,,2026-04-06|2026-04-07|2026-04-08|2026-04-09|2026-04-10|2026-04-13|2026-04-14|2026-04-15|2026-04-16|2026-04-17|2026-04-20|2026-04-21|2026-04-22|2026-04-23|2026-04-24|2026-04-27|2026-04-28|2026-04-29|2026-04-30|2026-05-01|2026-05-04|2026-05-05|2026-05-06|2026-05-07|2026-05-08|2026-05-11|2026-05-12|2026-05-13|2026-05-14|2026-05-15,2026-05-15 19:47:08,0.0
Whirlpool Corporation,,2026-04-06|2026-04-07|2026-04-08|2026-04-09|2026-04-10|2026-04-13|2026-04-14|2026-04-15|2026-04-16|2026-04-17|2026-04-20|2026-04-21|2026-04-22|2026-04-23|2026-04-24|2026-04-27|2026-04-28|2026-04-29|2026-04-30|2026-05-01|2026-05-04|2026-05-05|2026-05-06|2026-05-07|2026-05-08|2026-05-11|2026-05-12|2026-05-13|2026-05-14|2026-05-15,2026-05-15 19:47:08,0.0
Builders FirstSource,,2026-04-06|2026-04-07|2026-04-08|2026-04-09|2026-04-10|2026-04-13|2026-04-14|2026-04-15|2026-04-16|2026-04-17|2026-04-20|2026-04-21|2026-04-22|2026-04-23|2026-04-24|2026-04-27|2026-04-28|2026-04-29|2026-04-30|2026-05-01|2026-05-04|2026-05-05|2026-05-06|2026-05-07|2026-05-08|2026-05-11|2026-05-12|2026-05-13|2026-05-14|2026-05-15,2026-05-15 19:47:08,0.0
Ally Financial,,2026-04-06|2026-04-07|2026-04-08|2026-04-09|2026-04-10|2026-04-13|2026-04-14|2026-04-15|2026-04-16|2026-04-17|2026-04-20|2026-04-21|2026-04-22|2026-04-23|2026-04-24|2026-04-27|2026-04-28|2026-04-29|2026-04-30|2026-05-01|2026-05-04|2026-05-05|2026-05-06|2026-05-07|2026-05-08|2026-05-11|2026-05-12|2026-05-13|2026-05-14|2026-05-15,2026-05-15 19:47:08,0.0
Targa Resources,,2026-04-06|2026-04-07|2026-04-08|2026-04-09|2026-04-10|2026-04-13|2026-04-14|2026-04-15|2026-04-16|2026-04-17|2026-04-20|2026-04-21|2026-04-22|2026-04-23|2026-04-24|2026-04-27|2026-04-28|2026-04-29|2026-04-30|2026-05-01|2026-05-04|2026-05-05|2026-05-06|2026-05-07|2026-05-08|2026-05-11|2026-05-12|2026-05-13|2026-05-14|2026-05-15,2026-05-15 19:47:08,0.0
Fluor,,2026-04-06|2026-04-07|2026-04-08|2026-04-09|2026-04-10|2026-04-13|2026-04-14|2026-04-15|2026-04-16|2026-04-17|2026-04-20|2026-04-21|2026-04-22|2026-04-23|2026-04-24|2026-04-27|2026-04-28|2026-04-29|2026-04-30|2026-05-01|2026-05-04|2026-05-05|2026-05-06|2026-05-07|2026-05-08|2026-05-11|2026-05-12|2026-05-13|2026-05-14|2026-05-15,2026-05-15 19:47:08,0.0
Intuit,,2026-04-06|2026-04-07|2026-04-08|2026-04-09|2026-04-10|2026-04-13|2026-04-14|2026-04-15|2026-04-16|2026-04-17|2026-04-20|2026-04-21|2026-04-22|2026-04-23|2026-04-24|2026-04-27|2026-04-28|2026-04-29|2026-04-30|2026-05-01|2026-05-04|2026-05-05|2026-05-06|2026-05-07|2026-05-08|2026-05-11|2026-05-12|2026-05-13|2026-05-14|2026-05-15,2026-05-15 19:47:08,0.0
AECOM,,2026-04-06|2026-04-07|2026-04-08|2026-04-09|2026-04-10|2026-04-13|2026-04-14|2026-04-15|2026-04-16|2026-04-17|2026-04-20|2026-04-21|2026-04-22|2026-04-23|2026-04-24|2026-04-27|2026-04-28|2026-04-29|2026-04-30|2026-05-01|2026-05-04|2026-05-05|2026-05-06|2026-05-07|2026-05-08|2026-05-11|2026-05-12|2026-05-13|2026-05-14|2026-05-15,2026-05-15 19:47:08,0.0
Kohl's,,2026-04-06|2026-04-07|2026-04-08|2026-04-09|2026-04-10|2026-04-13|2026-04-14|2026-04-15|2026-04-16|2026-04-17|2026-04-20|2026-04-21|2026-04-22|2026-04-23|2026-04-24|2026-04-27|2026-04-28|2026-04-29|2026-04-30|2026-05-01|2026-05-04|2026-05-05|2026-05-06|2026-05-07|2026-05-08|2026-05-11|2026-05-12|2026-05-13|2026-05-14|2026-05-15,2026-05-15 19:47:08,0.0
PrIncipal Financial,,2026-04-06|2026-04-07|2026-04-08|2026-04-09|2026-04-10|2026-04-13|2026-04-14|2026-04-15|2026-04-16|2026-04-17|2026-04-20|2026-04-21|2026-04-22|2026-04-23|2026-04-24|2026-04-27|2026-04-28|2026-04-29|2026-04-30|2026-05-01|2026-05-04|2026-05-05|2026-05-06|2026-05-07|2026-05-08|2026-05-11|2026-05-12|2026-05-13|2026-05-14|2026-05-15,2026-05-15 19:47:08,0.0
Dominion Energy,,2026-04-06|2026-04-07|2026-04-08|2026-04-09|2026-04-10|2026-04-13|2026-04-14|2026-04-15|2026-04-16|2026-04-17|2026-04-20|2026-04-21|2026-04-22|2026-04-23|2026-04-24|2026-04-27|2026-04-28|2026-04-29|2026-04-30|2026-05-01|2026-05-04|2026-05-05|2026-05-06|2026-05-07|2026-05-08|2026-05-11|2026-05-12|2026-05-13|2026-05-14|2026-05-15,2026-05-15 19:47:08,0.0
Kyndryl,,2026-04-06|2026-04-07|2026-04-08|2026-04-09|2026-04-10|2026-04-13|2026-04-14|2026-04-15|2026-04-16|2026-04-17|2026-04-20|2026-04-21|2026-04-22|2026-04-23|2026-04-24|2026-04-27|2026-04-28|2026-04-29|2026-04-30|2026-05-01|2026-05-04|2026-05-05|2026-05-06|2026-05-07|2026-05-08|2026-05-11|2026-05-12|2026-05-13|2026-05-14|2026-05-15,2026-05-15 19:47:08,0.0
Republic Services,,2026-04-06|2026-04-07|2026-04-08|2026-04-09|2026-04-10|2026-04-13|2026-04-14|2026-04-15|2026-04-16|2026-04-17|2026-04-20|2026-04-21|2026-04-22|2026-04-23|2026-04-24|2026-04-27|2026-04-28|2026-04-29|2026-04-30|2026-05-01|2026-05-04|2026-05-05|2026-05-06|2026-05-07|2026-05-08|2026-05-11|2026-05-12|2026-05-13|2026-05-14|2026-05-15,2026-05-15 19:47:08,0.0
Devon Energy,,2026-04-06|2026-04-07|2026-04-08|2026-04-09|2026-04-10|2026-04-13|2026-04-14|2026-04-15|2026-04-16|2026-04-17|2026-04-20|2026-04-21|2026-04-22|2026-04-23|2026-04-24|2026-04-27|2026-04-28|2026-04-29|2026-04-30|2026-05-01|2026-05-04|2026-05-05|2026-05-06|2026-05-07|2026-05-08|2026-05-11|2026-05-12|2026-05-13|2026-05-14|2026-05-15,2026-05-15 19:47:08,0.0
Illinois Tool Works,,2026-04-06|2026-04-07|2026-04-08|2026-04-09|2026-04-10|2026-04-13|2026-04-14|2026-04-15|2026-04-16|2026-04-17|2026-04-20|2026-04-21|2026-04-22|2026-04-23|2026-04-24|2026-04-27|2026-04-28|2026-04-29|2026-04-30|2026-05-01|2026-05-04|2026-05-05|2026-05-06|2026-05-07|2026-05-08|2026-05-11|2026-05-12|2026-05-13|2026-05-14|2026-05-15,2026-05-15 19:47:08,0.0
Northern Trust,,2026-04-06|2026-04-07|2026-04-08|2026-04-09|2026-04-10|2026-04-13|2026-04-14|2026-04-15|2026-04-16|2026-04-17|2026-04-20|2026-04-21|2026-04-22|2026-04-23|2026-04-24|2026-04-27|2026-04-28|2026-04-29|2026-04-30|2026-05-01|2026-05-04|2026-05-05|2026-05-06|2026-05-07|2026-05-08|2026-05-11|2026-05-12|2026-05-13|2026-05-14|2026-05-15,2026-05-15 19:47:08,0.0
Universal Health Services,,2026-04-06|2026-04-07|2026-04-08|2026-04-09|2026-04-10|2026-04-13|2026-04-14|2026-04-15|2026-04-16|2026-04-17|2026-04-20|2026-04-21|2026-04-22|2026-04-23|2026-04-24|2026-04-27|2026-04-28|2026-04-29|2026-04-30|2026-05-01|2026-05-04|2026-05-05|2026-05-06|2026-05-07|2026-05-08|2026-05-11|2026-05-12|2026-05-13|2026-05-14|2026-05-15,2026-05-15 19:47:08,0.0
EchoStar,,2026-04-06|2026-04-07|2026-04-08|2026-04-09|2026-04-10|2026-04-13|2026-04-14|2026-04-15|2026-04-16|2026-04-17|2026-04-20|2026-04-21|2026-04-22|2026-04-23|2026-04-24|2026-04-27|2026-04-28|2026-04-29|2026-04-30|2026-05-01|2026-05-04|2026-05-05|2026-05-06|2026-05-07|2026-05-08|2026-05-11|2026-05-12|2026-05-13|2026-05-14|2026-05-15,2026-05-15 19:47:08,0.0
Ecolab,,2026-04-06|2026-04-07|2026-04-08|2026-04-09|2026-04-10|2026-04-13|2026-04-14|2026-04-15|2026-04-16|2026-04-17|2026-04-20|2026-04-21|2026-04-22|2026-04-23|2026-04-24|2026-04-27|2026-04-28|2026-04-29|2026-04-30|2026-05-01|2026-05-04|2026-05-05|2026-05-06|2026-05-07|2026-05-08|2026-05-11|2026-05-12|2026-05-13|2026-05-14|2026-05-15,2026-05-15 19:47:08,0.0
Cheniere Energy,,2026-04-06|2026-04-07|2026-04-08|2026-04-09|2026-04-10|2026-04-13|2026-04-14|2026-04-15|2026-04-16|2026-04-17|2026-04-20|2026-04-21|2026-04-22|2026-04-23|2026-04-24|2026-04-27|2026-04-28|2026-04-29|2026-04-30|2026-05-01|2026-05-04|2026-05-05|2026-05-06|2026-05-07|2026-05-08|2026-05-11|2026-05-12|2026-05-13|2026-05-14|2026-05-15,2026-05-15 19:47:08,0.0
Omnicom Group,,2026-04-06|2026-04-07|2026-04-08|2026-04-09|2026-04-10|2026-04-13|2026-04-14|2026-04-15|2026-04-16|2026-04-17|2026-04-20|2026-04-21|2026-04-22|2026-04-23|2026-04-24|2026-04-27|2026-04-28|2026-04-29|2026-04-30|2026-05-01|2026-05-04|2026-05-05|2026-05-06|2026-05-07|2026-05-08|2026-05-11|2026-05-12|2026-05-13|2026-05-14|2026-05-15,2026-05-15 19:47:08,0.0
Texas Instruments,,2026-04-06|2026-04-07|2026-04-08|2026-04-09|2026-04-10|2026-04-13|2026-04-14|2026-04-15|2026-04-16|2026-04-17|2026-04-20|2026-04-21|2026-04-22|2026-04-23|2026-04-24|2026-04-27|2026-04-28|2026-04-29|2026-04-30|2026-05-01|2026-05-04|2026-05-05|2026-05-06|2026-05-07|2026-05-08|2026-05-11|2026-05-12|2026-05-13|2026-05-14|2026-05-15,2026-05-15 19:47:08,0.0
The Estee Lauder Companies,,2026-04-06|2026-04-07|2026-04-08|2026-04-09|2026-04-10|2026-04-13|2026-04-14|2026-04-15|2026-04-16|2026-04-17|2026-04-20|2026-04-21|2026-04-22|2026-04-23|2026-04-24|2026-04-27|2026-04-28|2026-04-29|2026-04-30|2026-05-01|2026-05-04|2026-05-05|2026-05-06|2026-05-07|2026-05-08|2026-05-11|2026-05-12|2026-05-13|2026-05-14|2026-05-15,2026-05-15 19:47:08,0.0
Kenvue,,2026-04-06|2026-04-07|2026-04-08|2026-04-09|2026-04-10|2026-04-13|2026-04-14|2026-04-15|2026-04-16|2026-04-17|2026-04-20|2026-04-21|2026-04-22|2026-04-23|2026-04-24|2026-04-27|2026-04-28|2026-04-29|2026-04-30|2026-05-01|2026-05-04|2026-05-05|2026-05-06|2026-05-07|2026-05-08|2026-05-11|2026-05-12|2026-05-13|2026-05-14|2026-05-15,2026-05-15 19:47:08,0.0
IQVIA,,2026-04-06|2026-04-07|2026-04-08|2026-04-09|2026-04-10|2026-04-13|2026-04-14|2026-04-15|2026-04-16|2026-04-17|2026-04-20|2026-04-21|2026-04-22|2026-04-23|2026-04-24|2026-04-27|2026-04-28|2026-04-29|2026-04-30|2026-05-01|2026-05-04|2026-05-05|2026-05-06|2026-05-07|2026-05-08|2026-05-11|2026-05-12|2026-05-13|2026-05-14|2026-05-15,2026-05-15 19:47:08,0.0
Stanley Black & Decker,,2026-04-06|2026-04-07|2026-04-08|2026-04-09|2026-04-10|2026-04-13|2026-04-14|2026-04-15|2026-04-16|2026-04-17|2026-04-20|2026-04-21|2026-04-22|2026-04-23|2026-04-24|2026-04-27|2026-04-28|2026-04-29|2026-04-30|2026-05-01|2026-05-04|2026-05-05|2026-05-06|2026-05-07|2026-05-08|2026-05-11|2026-05-12|2026-05-13|2026-05-14|2026-05-15,2026-05-15 19:47:08,0.0
Keurig Dr Pepper,,2026-04-06|2026-04-07|2026-04-08|2026-04-09|2026-04-10|2026-04-13|2026-04-14|2026-04-15|2026-04-16|2026-04-17|2026-04-20|2026-04-21|2026-04-22|2026-04-23|2026-04-24|2026-04-27|2026-04-28|2026-04-29|2026-04-30|2026-05-01|2026-05-04|2026-05-05|2026-05-06|2026-05-07|2026-05-08|2026-05-11|2026-05-12|2026-05-13|2026-05-14|2026-05-15,2026-05-15 19:47:08,0.0
United Rentals,,2026-04-06|2026-04-07|2026-04-08|2026-04-09|2026-04-10|2026-04-13|2026-04-14|2026-04-15|2026-04-16|2026-04-17|2026-04-20|2026-04-21|2026-04-22|2026-04-23|2026-04-24|2026-04-27|2026-04-28|2026-04-29|2026-04-30|2026-05-01|2026-05-04|2026-05-05|2026-05-06|2026-05-07|2026-05-08|2026-05-11|2026-05-12|2026-05-13|2026-05-14|2026-05-15,2026-05-15 19:47:08,0.0
Consolidated Edison,,2026-04-06|2026-04-07|2026-04-08|2026-04-09|2026-04-10|2026-04-13|2026-04-14|2026-04-15|2026-04-16|2026-04-17|2026-04-20|2026-04-21|2026-04-22|2026-04-23|2026-04-24|2026-04-27|2026-04-28|2026-04-29|2026-04-30|2026-05-01|2026-05-04|2026-05-05|2026-05-06|2026-05-07|2026-05-08|2026-05-11|2026-05-12|2026-05-13|2026-05-14|2026-05-15,2026-05-15 19:47:08,0.0
Amphenol,,2026-04-06|2026-04-07|2026-04-08|2026-04-09|2026-04-10|2026-04-13|2026-04-14|2026-04-15|2026-04-16|2026-04-17|2026-04-20|2026-04-21|2026-04-22|2026-04-23|2026-04-24|2026-04-27|2026-04-28|2026-04-29|2026-04-30|2026-05-01|2026-05-04|2026-05-05|2026-05-06|2026-05-07|2026-05-08|2026-05-11|2026-05-12|2026-05-13|2026-05-14|2026-05-15,2026-05-15 19:47:08,0.0
Baxter International,,2026-04-06|2026-04-07|2026-04-08|2026-04-09|2026-04-10|2026-04-13|2026-04-14|2026-04-15|2026-04-16|2026-04-17|2026-04-20|2026-04-21|2026-04-22|2026-04-23|2026-04-24|2026-04-27|2026-04-28|2026-04-29|2026-04-30|2026-05-01|2026-05-04|2026-05-05|2026-05-06|2026-05-07|2026-05-08|2026-05-11|2026-05-12|2026-05-13|2026-05-14|2026-05-15,2026-05-15 19:47:08,0.0
Kinder Morgan,,2026-04-06|2026-04-07|2026-04-08|2026-04-09|2026-04-10|2026-04-13|2026-04-14|2026-04-15|2026-04-16|2026-04-17|2026-04-20|2026-04-21|2026-04-22|2026-04-23|2026-04-24|2026-04-27|2026-04-28|2026-04-29|2026-04-30|2026-05-01|2026-05-04|2026-05-05|2026-05-06|2026-05-07|2026-05-08|2026-05-11|2026-05-12|2026-05-13|2026-05-14|2026-05-15,2026-05-15 19:47:08,0.0
First Citizens BancShares,,2026-04-06|2026-04-07|2026-04-08|2026-04-09|2026-04-10|2026-04-13|2026-04-14|2026-04-15|2026-04-16|2026-04-17|2026-04-20|2026-04-21|2026-04-22|2026-04-23|2026-04-24|2026-04-27|2026-04-28|2026-04-29|2026-04-30|2026-05-01|2026-05-04|2026-05-05|2026-05-06|2026-05-07|2026-05-08|2026-05-11|2026-05-12|2026-05-13|2026-05-14|2026-05-15,2026-05-15 19:47:08,0.0
Raymond James Financial,,2026-04-06|2026-04-07|2026-04-08|2026-04-09|2026-04-10|2026-04-13|2026-04-14|2026-04-15|2026-04-16|2026-04-17|2026-04-20|2026-04-21|2026-04-22|2026-04-23|2026-04-24|2026-04-27|2026-04-28|2026-04-29|2026-04-30|2026-05-01|2026-05-04|2026-05-05|2026-05-06|2026-05-07|2026-05-08|2026-05-11|2026-05-12|2026-05-13|2026-05-14|2026-05-15,2026-05-15 19:47:08,0.0
Lam Research,,2026-04-06|2026-04-07|2026-04-08|2026-04-09|2026-04-10|2026-04-13|2026-04-14|2026-04-15|2026-04-16|2026-04-17|2026-04-20|2026-04-21|2026-04-22|2026-04-23|2026-04-24|2026-04-27|2026-04-28|2026-04-29|2026-04-30|2026-05-01|2026-05-04|2026-05-05|2026-05-06|2026-05-07|2026-05-08|2026-05-11|2026-05-12|2026-05-13|2026-05-14|2026-05-15,2026-05-15 19:47:08,0.0
Tractor Supply Company,,2026-04-06|2026-04-07|2026-04-08|2026-04-09|2026-04-10|2026-04-13|2026-04-14|2026-04-15|2026-04-16|2026-04-17|2026-04-20|2026-04-21|2026-04-22|2026-04-23|2026-04-24|2026-04-27|2026-04-28|2026-04-29|2026-04-30|2026-05-01|2026-05-04|2026-05-05|2026-05-06|2026-05-07|2026-05-08|2026-05-11|2026-05-12|2026-05-13|2026-05-14|2026-05-15,2026-05-15 19:47:08,0.0
Caseys General Stores,,2026-04-06|2026-04-07|2026-04-08|2026-04-09|2026-04-10|2026-04-13|2026-04-14|2026-04-15|2026-04-16|2026-04-17|2026-04-20|2026-04-21|2026-04-22|2026-04-23|2026-04-24|2026-04-27|2026-04-28|2026-04-29|2026-04-30|2026-05-01|2026-05-04|2026-05-05|2026-05-06|2026-05-07|2026-05-08|2026-05-11|2026-05-12|2026-05-13|2026-05-14|2026-05-15,2026-05-15 19:47:08,0.0
Viatris,,2026-04-06|2026-04-07|2026-04-08|2026-04-09|2026-04-10|2026-04-13|2026-04-14|2026-04-15|2026-04-16|2026-04-17|2026-04-20|2026-04-21|2026-04-22|2026-04-23|2026-04-24|2026-04-27|2026-04-28|2026-04-29|2026-04-30|2026-05-01|2026-05-04|2026-05-05|2026-05-06|2026-05-07|2026-05-08|2026-05-11|2026-05-12|2026-05-13|2026-05-14|2026-05-15,2026-05-15 19:47:08,0.0
EMCOR Group,,2026-04-06|2026-04-07|2026-04-08|2026-04-09|2026-04-10|2026-04-13|2026-04-14|2026-04-15|2026-04-16|2026-04-17|2026-04-20|2026-04-21|2026-04-22|2026-04-23|2026-04-24|2026-04-27|2026-04-28|2026-04-29|2026-04-30|2026-05-01|2026-05-04|2026-05-05|2026-05-06|2026-05-07|2026-05-08|2026-05-11|2026-05-12|2026-05-13|2026-05-14|2026-05-15,2026-05-15 19:47:08,0.0
CSX,,2026-04-06|2026-04-07|2026-04-08|2026-04-09|2026-04-10|2026-04-13|2026-04-14|2026-04-15|2026-04-16|2026-04-17|2026-04-20|2026-04-21|2026-04-22|2026-04-23|2026-04-24|2026-04-27|2026-04-28|2026-04-29|2026-04-30|2026-05-01|2026-05-04|2026-05-05|2026-05-06|2026-05-07|2026-05-08|2026-05-11|2026-05-12|2026-05-13|2026-05-14|2026-05-15,2026-05-15 19:47:08,0.0
LKQ,,2026-04-06|2026-04-07|2026-04-08|2026-04-09|2026-04-10|2026-04-13|2026-04-14|2026-04-15|2026-04-16|2026-04-17|2026-04-20|2026-04-21|2026-04-22|2026-04-23|2026-04-24|2026-04-27|2026-04-28|2026-04-29|2026-04-30|2026-05-01|2026-05-04|2026-05-05|2026-05-06|2026-05-07|2026-05-08|2026-05-11|2026-05-12|2026-05-13|2026-05-14|2026-05-15,2026-05-15 19:47:08,0.0
Otis Worldwide,,2026-04-06|2026-04-07|2026-04-08|2026-04-09|2026-04-10|2026-04-13|2026-04-14|2026-04-15|2026-04-16|2026-04-17|2026-04-20|2026-04-21|2026-04-22|2026-04-23|2026-04-24|2026-04-27|2026-04-28|2026-04-29|2026-04-30|2026-05-01|2026-05-04|2026-05-05|2026-05-06|2026-05-07|2026-05-08|2026-05-11|2026-05-12|2026-05-13|2026-05-14|2026-05-15,2026-05-15 19:47:08,0.0
Sonic Automotive,,2026-04-06|2026-04-07|2026-04-08|2026-04-09|2026-04-10|2026-04-13|2026-04-14|2026-04-15|2026-04-16|2026-04-17|2026-04-20|2026-04-21|2026-04-22|2026-04-23|2026-04-24|2026-04-27|2026-04-28|2026-04-29|2026-04-30|2026-05-01|2026-05-04|2026-05-05|2026-05-06|2026-05-07|2026-05-08|2026-05-11|2026-05-12|2026-05-13|2026-05-14|2026-05-15,2026-05-15 19:47:08,0.0
S&P Global,,2026-04-06|2026-04-07|2026-04-08|2026-04-09|2026-04-10|2026-04-13|2026-04-14|2026-04-15|2026-04-16|2026-04-17|2026-04-20|2026-04-21|2026-04-22|2026-04-23|2026-04-24|2026-04-27|2026-04-28|2026-04-29|2026-04-30|2026-05-01|2026-05-04|2026-05-05|2026-05-06|2026-05-07|2026-05-08|2026-05-11|2026-05-12|2026-05-13|2026-05-14|2026-05-15,2026-05-15 19:47:08,0.0
Regeneron Pharmaceuticals,,2026-04-06|2026-04-07|2026-04-08|2026-04-09|2026-04-10|2026-04-13|2026-04-14|2026-04-15|2026-04-16|2026-04-17|2026-04-20|2026-04-21|2026-04-22|2026-04-23|2026-04-24|2026-04-27|2026-04-28|2026-04-29|2026-04-30|2026-05-01|2026-05-04|2026-05-05|2026-05-06|2026-05-07|2026-05-08|2026-05-11|2026-05-12|2026-05-13|2026-05-14|2026-05-15,2026-05-15 19:47:08,0.0
BorgWarner,,2026-04-06|2026-04-07|2026-04-08|2026-04-09|2026-04-10|2026-04-13|2026-04-14|2026-04-15|2026-04-16|2026-04-17|2026-04-20|2026-04-21|2026-04-22|2026-04-23|2026-04-24|2026-04-27|2026-04-28|2026-04-29|2026-04-30|2026-05-01|2026-05-04|2026-05-05|2026-05-06|2026-05-07|2026-05-08|2026-05-11|2026-05-12|2026-05-13|2026-05-14|2026-05-15,2026-05-15 19:47:08,0.0
Reliance Inc,,2026-04-06|2026-04-07|2026-04-08|2026-04-09|2026-04-10|2026-04-13|2026-04-14|2026-04-15|2026-04-16|2026-04-17|2026-04-20|2026-04-21|2026-04-22|2026-04-23|2026-04-24|2026-04-27|2026-04-28|2026-04-29|2026-04-30|2026-05-01|2026-05-04|2026-05-05|2026-05-06|2026-05-07|2026-05-08|2026-05-11|2026-05-12|2026-05-13|2026-05-14|2026-05-15,2026-05-15 19:47:08,0.0
Textron,,2026-04-06|2026-04-07|2026-04-08|2026-04-09|2026-04-10|2026-04-13|2026-04-14|2026-04-15|2026-04-16|2026-04-17|2026-04-20|2026-04-21|2026-04-22|2026-04-23|2026-04-24|2026-04-27|2026-04-28|2026-04-29|2026-04-30|2026-05-01|2026-05-04|2026-05-05|2026-05-06|2026-05-07|2026-05-08|2026-05-11|2026-05-12|2026-05-13|2026-05-14|2026-05-15,2026-05-15 19:47:08,0.0
Expedia,,2026-04-06|2026-04-07|2026-04-08|2026-04-09|2026-04-10|2026-04-13|2026-04-14|2026-04-15|2026-04-16|2026-04-17|2026-04-20|2026-04-21|2026-04-22|2026-04-23|2026-04-24|2026-04-27|2026-04-28|2026-04-29|2026-04-30|2026-05-01|2026-05-04|2026-05-05|2026-05-06|2026-05-07|2026-05-08|2026-05-11|2026-05-12|2026-05-13|2026-05-14|2026-05-15,2026-05-15 19:47:08,0.0
Fidelity National Financial,,2026-04-06|2026-04-07|2026-04-08|2026-04-09|2026-04-10|2026-04-13|2026-04-14|2026-04-15|2026-04-16|2026-04-17|2026-04-20|2026-04-21|2026-04-22|2026-04-23|2026-04-24|2026-04-27|2026-04-28|2026-04-29|2026-04-30|2026-05-01|2026-05-04|2026-05-05|2026-05-06|2026-05-07|2026-05-08|2026-05-11|2026-05-12|2026-05-13|2026-05-14|2026-05-15,2026-05-15 19:47:08,0.0
Carvana,,2026-04-06|2026-04-07|2026-04-08|2026-04-09|2026-04-10|2026-04-13|2026-04-14|2026-04-15|2026-04-16|2026-04-17|2026-04-20|2026-04-21|2026-04-22|2026-04-23|2026-04-24|2026-04-27|2026-04-28|2026-04-29|2026-04-30|2026-05-01|2026-05-04|2026-05-05|2026-05-06|2026-05-07|2026-05-08|2026-05-11|2026-05-12|2026-05-13|2026-05-14|2026-05-15,2026-05-15 19:47:08,0.0
DXC Technology,,2026-04-06|2026-04-07|2026-04-08|2026-04-09|2026-04-10|2026-04-13|2026-04-14|2026-04-15|2026-04-16|2026-04-17|2026-04-20|2026-04-21|2026-04-22|2026-04-23|2026-04-24|2026-04-27|2026-04-28|2026-04-29|2026-04-30|2026-05-01|2026-05-04|2026-05-05|2026-05-06|2026-05-07|2026-05-08|2026-05-11|2026-05-12|2026-05-13|2026-05-14|2026-05-15,2026-05-15 19:47:08,0.0
WR Berkley,,2026-04-06|2026-04-07|2026-04-08|2026-04-09|2026-04-10|2026-04-13|2026-04-14|2026-04-15|2026-04-16|2026-04-17|2026-04-20|2026-04-21|2026-04-22|2026-04-23|2026-04-24|2026-04-27|2026-04-28|2026-04-29|2026-04-30|2026-05-01|2026-05-04|2026-05-05|2026-05-06|2026-05-07|2026-05-08|2026-05-11|2026-05-12|2026-05-13|2026-05-14|2026-05-15,2026-05-15 19:47:08,0.0
M&T Bank,,2026-04-06|2026-04-07|2026-04-08|2026-04-09|2026-04-10|2026-04-13|2026-04-14|2026-04-15|2026-04-16|2026-04-17|2026-04-20|2026-04-21|2026-04-22|2026-04-23|2026-04-24|2026-04-27|2026-04-28|2026-04-29|2026-04-30|2026-05-01|2026-05-04|2026-05-05|2026-05-06|2026-05-07|2026-05-08|2026-05-11|2026-05-12|2026-05-13|2026-05-14|2026-05-15,2026-05-15 19:47:08,0.0
Dicks Sporting Goods,,2026-04-06|2026-04-07|2026-04-08|2026-04-09|2026-04-10|2026-04-13|2026-04-14|2026-04-15|2026-04-16|2026-04-17|2026-04-20|2026-04-21|2026-04-22|2026-04-23|2026-04-24|2026-04-27|2026-04-28|2026-04-29|2026-04-30|2026-05-01|2026-05-04|2026-05-05|2026-05-06|2026-05-07|2026-05-08|2026-05-11|2026-05-12|2026-05-13|2026-05-14|2026-05-15,2026-05-15 19:47:08,0.0
Xcel Energy,,2026-04-06|2026-04-07|2026-04-08|2026-04-09|2026-04-10|2026-04-13|2026-04-14|2026-04-15|2026-04-16|2026-04-17|2026-04-20|2026-04-21|2026-04-22|2026-04-23|2026-04-24|2026-04-27|2026-04-28|2026-04-29|2026-04-30|2026-05-01|2026-05-04|2026-05-05|2026-05-06|2026-05-07|2026-05-08|2026-05-11|2026-05-12|2026-05-13|2026-05-14|2026-05-15,2026-05-15 19:47:08,0.0
Fifth Third Bancorp,,2026-04-06|2026-04-07|2026-04-08|2026-04-09|2026-04-10|2026-04-13|2026-04-14|2026-04-15|2026-04-16|2026-04-17|2026-04-20|2026-04-21|2026-04-22|2026-04-23|2026-04-24|2026-04-27|2026-04-28|2026-04-29|2026-04-30|2026-05-01|2026-05-04|2026-05-05|2026-05-06|2026-05-07|2026-05-08|2026-05-11|2026-05-12|2026-05-13|2026-05-14|2026-05-15,2026-05-15 19:47:08,0.0
Blackstone,,2026-04-06|2026-04-07|2026-04-08|2026-04-09|2026-04-10|2026-04-13|2026-04-14|2026-04-15|2026-04-16|2026-04-17|2026-04-20|2026-04-21|2026-04-22|2026-04-23|2026-04-24|2026-04-27|2026-04-28|2026-04-29|2026-04-30|2026-05-01|2026-05-04|2026-05-05|2026-05-06|2026-05-07|2026-05-08|2026-05-11|2026-05-12|2026-05-13|2026-05-14|2026-05-15,2026-05-15 19:47:08,0.0
Sempra,,2026-04-06|2026-04-07|2026-04-08|2026-04-09|2026-04-10|2026-04-13|2026-04-14|2026-04-15|2026-04-16|2026-04-17|2026-04-20|2026-04-21|2026-04-22|2026-04-23|2026-04-24|2026-04-27|2026-04-28|2026-04-29|2026-04-30|2026-05-01|2026-05-04|2026-05-05|2026-05-06|2026-05-07|2026-05-08|2026-05-11|2026-05-12|2026-05-13|2026-05-14|2026-05-15,2026-05-15 19:47:08,0.0
Corning,,2026-04-06|2026-04-07|2026-04-08|2026-04-09|2026-04-10|2026-04-13|2026-04-14|2026-04-15|2026-04-16|2026-04-17|2026-04-20|2026-04-21|2026-04-22|2026-04-23|2026-04-24|2026-04-27|2026-04-28|2026-04-29|2026-04-30|2026-05-01|2026-05-04|2026-05-05|2026-05-06|2026-05-07|2026-05-08|2026-05-11|2026-05-12|2026-05-13|2026-05-14|2026-05-15,2026-05-15 19:47:08,0.0
Lumen Technologies,,2026-04-06|2026-04-07|2026-04-08|2026-04-09|2026-04-10|2026-04-13|2026-04-14|2026-04-15|2026-04-16|2026-04-17|2026-04-20|2026-04-21|2026-04-22|2026-04-23|2026-04-24|2026-04-27|2026-04-28|2026-04-29|2026-04-30|2026-05-01|2026-05-04|2026-05-05|2026-05-06|2026-05-07|2026-05-08|2026-05-11|2026-05-12|2026-05-13|2026-05-14|2026-05-15,2026-05-15 19:47:08,0.0
FirstEnergy Corp,,2026-04-06|2026-04-07|2026-04-08|2026-04-09|2026-04-10|2026-04-13|2026-04-14|2026-04-15|2026-04-16|2026-04-17|2026-04-20|2026-04-21|2026-04-22|2026-04-23|2026-04-24|2026-04-27|2026-04-28|2026-04-29|2026-04-30|2026-05-01|2026-05-04|2026-05-05|2026-05-06|2026-05-07|2026-05-08|2026-05-11|2026-05-12|2026-05-13|2026-05-14|2026-05-15,2026-05-15 19:47:08,0.0
Labcorp Holdings,,2026-04-06|2026-04-07|2026-04-08|2026-04-09|2026-04-10|2026-04-13|2026-04-14|2026-04-15|2026-04-16|2026-04-17|2026-04-20|2026-04-21|2026-04-22|2026-04-23|2026-04-24|2026-04-27|2026-04-28|2026-04-29|2026-04-30|2026-05-01|2026-05-04|2026-05-05|2026-05-06|2026-05-07|2026-05-08|2026-05-11|2026-05-12|2026-05-13|2026-05-14|2026-05-15,2026-05-15 19:47:08,0.0
Western Digital,,2026-04-06|2026-04-07|2026-04-08|2026-04-09|2026-04-10|2026-04-13|2026-04-14|2026-04-15|2026-04-16|2026-04-17|2026-04-20|2026-04-21|2026-04-22|2026-04-23|2026-04-24|2026-04-27|2026-04-28|2026-04-29|2026-04-30|2026-05-01|2026-05-04|2026-05-05|2026-05-06|2026-05-07|2026-05-08|2026-05-11|2026-05-12|2026-05-13|2026-05-14|2026-05-15,2026-05-15 19:47:08,0.0
Unum Group,,2026-04-06|2026-04-07|2026-04-08|2026-04-09|2026-04-10|2026-04-13|2026-04-14|2026-04-15|2026-04-16|2026-04-17|2026-04-20|2026-04-21|2026-04-22|2026-04-23|2026-04-24|2026-04-27|2026-04-28|2026-04-29|2026-04-30|2026-05-01|2026-05-04|2026-05-05|2026-05-06|2026-05-07|2026-05-08|2026-05-11|2026-05-12|2026-05-13|2026-05-14|2026-05-15,2026-05-15 19:47:08,0.0
DaVita,,2026-04-06|2026-04-07|2026-04-08|2026-04-09|2026-04-10|2026-04-13|2026-04-14|2026-04-15|2026-04-16|2026-04-17|2026-04-20|2026-04-21|2026-04-22|2026-04-23|2026-04-24|2026-04-27|2026-04-28|2026-04-29|2026-04-30|2026-05-01|2026-05-04|2026-05-05|2026-05-06|2026-05-07|2026-05-08|2026-05-11|2026-05-12|2026-05-13|2026-05-14|2026-05-15,2026-05-15 19:47:08,0.0
Henry Schein,,2026-04-06|2026-04-07|2026-04-08|2026-04-09|2026-04-10|2026-04-13|2026-04-14|2026-04-15|2026-04-16|2026-04-17|2026-04-20|2026-04-21|2026-04-22|2026-04-23|2026-04-24|2026-04-27|2026-04-28|2026-04-29|2026-04-30|2026-05-01|2026-05-04|2026-05-05|2026-05-06|2026-05-07|2026-05-08|2026-05-11|2026-05-12|2026-05-13|2026-05-14|2026-05-15,2026-05-15 19:47:08,0.0
Ryder System,,2026-04-06|2026-04-07|2026-04-08|2026-04-09|2026-04-10|2026-04-13|2026-04-14|2026-04-15|2026-04-16|2026-04-17|2026-04-20|2026-04-21|2026-04-22|2026-04-23|2026-04-24|2026-04-27|2026-04-28|2026-04-29|2026-04-30|2026-05-01|2026-05-04|2026-05-05|2026-05-06|2026-05-07|2026-05-08|2026-05-11|2026-05-12|2026-05-13|2026-05-14|2026-05-15,2026-05-15 19:47:08,0.0
Community Health Systems,,2026-04-06|2026-04-07|2026-04-08|2026-04-09|2026-04-10|2026-04-13|2026-04-14|2026-04-15|2026-04-16|2026-04-17|2026-04-20|2026-04-21|2026-04-22|2026-04-23|2026-04-24|2026-04-27|2026-04-28|2026-04-29|2026-04-30|2026-05-01|2026-05-04|2026-05-05|2026-05-06|2026-05-07|2026-05-08|2026-05-11|2026-05-12|2026-05-13|2026-05-14|2026-05-15,2026-05-15 19:47:08,0.0
Delek US,,2026-04-06|2026-04-07|2026-04-08|2026-04-09|2026-04-10|2026-04-13|2026-04-14|2026-04-15|2026-04-16|2026-04-17|2026-04-20|2026-04-21|2026-04-22|2026-04-23|2026-04-24|2026-04-27|2026-04-28|2026-04-29|2026-04-30|2026-05-01|2026-05-04|2026-05-05|2026-05-06|2026-05-07|2026-05-08|2026-05-11|2026-05-12|2026-05-13|2026-05-14|2026-05-15,2026-05-15 19:47:08,0.0
DTE Energy,,2026-04-06|2026-04-07|2026-04-08|2026-04-09|2026-04-10|2026-04-13|2026-04-14|2026-04-15|2026-04-16|2026-04-17|2026-04-20|2026-04-21|2026-04-22|2026-04-23|2026-04-24|2026-04-27|2026-04-28|2026-04-29|2026-04-30|2026-05-01|2026-05-04|2026-05-05|2026-05-06|2026-05-07|2026-05-08|2026-05-11|2026-05-12|2026-05-13|2026-05-14|2026-05-15,2026-05-15 19:47:08,0.0
Equitable Holdings,,2026-04-06|2026-04-07|2026-04-08|2026-04-09|2026-04-10|2026-04-13|2026-04-14|2026-04-15|2026-04-16|2026-04-17|2026-04-20|2026-04-21|2026-04-22|2026-04-23|2026-04-24|2026-04-27|2026-04-28|2026-04-29|2026-04-30|2026-05-01|2026-05-04|2026-05-05|2026-05-06|2026-05-07|2026-05-08|2026-05-11|2026-05-12|2026-05-13|2026-05-14|2026-05-15,2026-05-15 19:47:08,0.0
