company,trends_history,date_history,last_updated,avg_interest
DuPont de Nemours,0|0|0|0|0|0|0|0|0|0|0|0|0|0|0|0|0|0|0|59|71|46|82|0|100|89|80|66|47|0,2026-07-07|2026-07-08|2026-07-09|2026-07-10|2026-07-13|2026-07-14|2026-07-15|2026-07-16|2026-07-17|2026-07-20|2026-07-23|2026-07-24|2026-07-27|2026-07-28|2026-07-29|2026-07-30|2026-08-03|2026-08-04|2026-08-05|2026-08-06|2026-08-07|2026-08-10|2026-08-11|2026-08-12|2026-08-13|2026-08-14|2026-08-17|2026-08-18|2026-08-19|2026-08-20,2026-08-20 18:42:38,21.3
LPL Financial,75|84|78|86|66|78|76|82|41|77|61|54|63|79|75|78|75|92|100|76|68|73|78|77|75|72|66|76|68|65,2026-07-07|2026-07-08|2026-07-09|2026-07-10|2026-07-13|2026-07-14|2026-07-15|2026-07-16|2026-07-17|2026-07-20|2026-07-23|2026-07-24|2026-07-27|2026-07-28|2026-07-29|2026-07-30|2026-08-03|2026-08-04|2026-08-05|2026-08-06|2026-08-07|2026-08-10|2026-08-11|2026-08-12|2026-08-13|2026-08-14|2026-08-17|2026-08-18|2026-08-19|2026-08-20,2026-08-20 18:42:42,73.8
Citizens Financial Group,0|71|100|0|84|0|0|0|0|0|0|0|0|0|0|0|0|0|0|19|17|17|21|14|20|22|23|20|15|28,2026-07-08|2026-07-09|2026-07-10|2026-07-13|2026-07-14|2026-07-15|2026-07-16|2026-07-17|2026-07-20|2026-07-23|2026-07-24|2026-07-27|2026-07-28|2026-07-29|2026-07-30|2026-07-31|2026-08-03|2026-08-04|2026-08-05|2026-08-06|2026-08-07|2026-08-10|2026-08-11|2026-08-12|2026-08-13|2026-08-14|2026-08-17|2026-08-18|2026-08-19|2026-08-20,2026-08-20 18:42:45,15.7
MasTec,98|52|46|43|55|55|45|49|47|54|50|53|59|69|62|100|74|64|53|58|44|52|54|53|49|48|62|57|59|51,2026-07-09|2026-07-10|2026-07-13|2026-07-14|2026-07-15|2026-07-16|2026-07-17|2026-07-20|2026-07-21|2026-07-23|2026-07-24|2026-07-27|2026-07-28|2026-07-29|2026-07-30|2026-07-31|2026-08-03|2026-08-04|2026-08-05|2026-08-06|2026-08-07|2026-08-10|2026-08-11|2026-08-12|2026-08-13|2026-08-14|2026-08-17|2026-08-18|2026-08-19|2026-08-20,2026-08-20 18:42:49,57.2
AES,70|63|56|52|53|57|56|57|53|49|45|56|63|49|47|51|50|50|62|51|61|52|100|68|51|54|51|49|48|61,2026-07-09|2026-07-10|2026-07-13|2026-07-14|2026-07-15|2026-07-16|2026-07-17|2026-07-20|2026-07-21|2026-07-23|2026-07-24|2026-07-27|2026-07-28|2026-07-29|2026-07-30|2026-07-31|2026-08-03|2026-08-04|2026-08-05|2026-08-06|2026-08-07|2026-08-10|2026-08-11|2026-08-12|2026-08-13|2026-08-14|2026-08-17|2026-08-18|2026-08-19|2026-08-20,2026-08-20 18:43:03,56.2
Norfolk Southern,86|95|100|80|97|83|75|67|81|92|58|66|99|73|79|72|68|71|72|66|69|69|71|73|66|69|66|71|76|68,2026-07-08|2026-07-09|2026-07-10|2026-07-13|2026-07-14|2026-07-15|2026-07-16|2026-07-17|2026-07-20|2026-07-23|2026-07-24|2026-07-27|2026-07-28|2026-07-29|2026-07-30|2026-07-31|2026-08-03|2026-08-04|2026-08-05|2026-08-06|2026-08-07|2026-08-10|2026-08-11|2026-08-12|2026-08-13|2026-08-14|2026-08-17|2026-08-18|2026-08-19|2026-08-20,2026-08-20 18:43:16,75.9
Air Products & Chemicals,0|0|0|0|0|0|0|0|0|0|0|0|0|0|0|0|0|0|0|0|0|0|0|0|0|0|100|0|0|0,2026-07-07|2026-07-08|2026-07-09|2026-07-10|2026-07-13|2026-07-14|2026-07-15|2026-07-16|2026-07-17|2026-07-20|2026-07-23|2026-07-24|2026-07-27|2026-07-28|2026-07-29|2026-07-30|2026-08-03|2026-08-04|2026-08-05|2026-08-06|2026-08-07|2026-08-10|2026-08-11|2026-08-12|2026-08-13|2026-08-14|2026-08-17|2026-08-18|2026-08-19|2026-08-20,2026-08-20 18:43:20,3.3
JB Hunt Transport Services,0|0|0|0|0|0|0|0|0|0|0|0|0|0|0|0|100|0|0|0|0|0|0|0|6|0|0|0|0|22,2026-07-07|2026-07-08|2026-07-09|2026-07-10|2026-07-13|2026-07-14|2026-07-15|2026-07-16|2026-07-17|2026-07-20|2026-07-23|2026-07-24|2026-07-27|2026-07-28|2026-07-29|2026-07-30|2026-08-03|2026-08-04|2026-08-05|2026-08-06|2026-08-07|2026-08-10|2026-08-11|2026-08-12|2026-08-13|2026-08-14|2026-08-17|2026-08-18|2026-08-19|2026-08-20,2026-08-20 18:43:25,4.3
Ball Corporation,100|72|45|38|45|61|0|0|55|0|0|0|0|0|33|36|0|34|0|25|19|28|30|29|26|21|25|23|25|24,2026-07-08|2026-07-09|2026-07-10|2026-07-13|2026-07-14|2026-07-15|2026-07-16|2026-07-17|2026-07-20|2026-07-23|2026-07-24|2026-07-27|2026-07-28|2026-07-29|2026-07-30|2026-07-31|2026-08-03|2026-08-04|2026-08-05|2026-08-06|2026-08-07|2026-08-10|2026-08-11|2026-08-12|2026-08-13|2026-08-14|2026-08-17|2026-08-18|2026-08-19|2026-08-20,2026-08-20 18:43:29,26.5
Conagra Brands,57|80|54|100|0|64|0|0|0|0|0|47|0|0|0|0|59|53|54|32|35|39|41|38|34|32|35|34|42|41,2026-07-10|2026-07-13|2026-07-14|2026-07-15|2026-07-16|2026-07-17|2026-07-20|2026-07-21|2026-07-22|2026-07-23|2026-07-24|2026-07-27|2026-07-28|2026-07-29|2026-07-30|2026-07-31|2026-08-03|2026-08-04|2026-08-05|2026-08-06|2026-08-07|2026-08-10|2026-08-11|2026-08-12|2026-08-13|2026-08-14|2026-08-17|2026-08-18|2026-08-19|2026-08-20,2026-08-20 18:43:33,32.4
Huntington Bancshares,0|0|0|0|0|0|0|0|0|0|0|0|0|0|0|0|0|0|0|56|100|65|52|54|73|65|85|34|73|0,2026-07-09|2026-07-10|2026-07-13|2026-07-14|2026-07-15|2026-07-16|2026-07-17|2026-07-20|2026-07-22|2026-07-23|2026-07-24|2026-07-27|2026-07-28|2026-07-29|2026-07-30|2026-07-31|2026-08-03|2026-08-04|2026-08-05|2026-08-06|2026-08-07|2026-08-10|2026-08-11|2026-08-12|2026-08-13|2026-08-14|2026-08-17|2026-08-18|2026-08-19|2026-08-20,2026-08-20 18:43:37,21.9
Hormel Foods,0|100|48|0|0|0|21|0|33|31|0|0|24|23|0|21|0|0|0|13|16|15|14|15|15|14|17|18|14|14,2026-07-08|2026-07-09|2026-07-10|2026-07-13|2026-07-14|2026-07-15|2026-07-16|2026-07-17|2026-07-20|2026-07-21|2026-07-23|2026-07-24|2026-07-27|2026-07-28|2026-07-29|2026-07-30|2026-08-03|2026-08-04|2026-08-05|2026-08-06|2026-08-07|2026-08-10|2026-08-11|2026-08-12|2026-08-13|2026-08-14|2026-08-17|2026-08-18|2026-08-19|2026-08-20,2026-08-20 18:43:40,15.5
Eversource Energy,0|0|71|58|0|0|0|0|100|0|0|0|0|0|0|66|55|0|0|43|34|32|37|28|36|28|38|30|32|30,2026-07-08|2026-07-09|2026-07-10|2026-07-13|2026-07-14|2026-07-15|2026-07-16|2026-07-17|2026-07-20|2026-07-23|2026-07-24|2026-07-27|2026-07-28|2026-07-29|2026-07-30|2026-07-31|2026-08-03|2026-08-04|2026-08-05|2026-08-06|2026-08-07|2026-08-10|2026-08-11|2026-08-12|2026-08-13|2026-08-14|2026-08-17|2026-08-18|2026-08-19|2026-08-20,2026-08-20 18:43:44,23.9
Alcoa Corporation,0|0|0|0|0|0|0|0|0|0|0|100|0|0|0|0|0|0|0|0|0|0|4|0|4|0|0|0|4|0,2026-07-10|2026-07-13|2026-07-14|2026-07-15|2026-07-16|2026-07-17|2026-07-20|2026-07-21|2026-07-22|2026-07-23|2026-07-24|2026-07-27|2026-07-28|2026-07-29|2026-07-30|2026-07-31|2026-08-03|2026-08-04|2026-08-05|2026-08-06|2026-08-07|2026-08-10|2026-08-11|2026-08-12|2026-08-13|2026-08-14|2026-08-17|2026-08-18|2026-08-19|2026-08-20,2026-08-20 18:43:46,3.7
Entergy,78|74|68|85|75|65|69|68|69|74|61|63|70|68|69|81|61|62|67|67|60|67|65|66|70|71|100|82|63|55,2026-07-08|2026-07-09|2026-07-10|2026-07-13|2026-07-14|2026-07-15|2026-07-16|2026-07-17|2026-07-20|2026-07-23|2026-07-24|2026-07-27|2026-07-28|2026-07-29|2026-07-30|2026-07-31|2026-08-03|2026-08-04|2026-08-05|2026-08-06|2026-08-07|2026-08-10|2026-08-11|2026-08-12|2026-08-13|2026-08-14|2026-08-17|2026-08-18|2026-08-19|2026-08-20,2026-08-20 18:43:50,69.8
Assurant,92|100|83|72|78|91|91|85|85|98|76|84|91|88|80|75|91|91|84|79|78|83|82|79|77|78|81|83|79|72,2026-07-07|2026-07-08|2026-07-09|2026-07-10|2026-07-13|2026-07-14|2026-07-15|2026-07-16|2026-07-17|2026-07-20|2026-07-23|2026-07-24|2026-07-27|2026-07-28|2026-07-29|2026-07-30|2026-08-03|2026-08-04|2026-08-05|2026-08-06|2026-08-07|2026-08-10|2026-08-11|2026-08-12|2026-08-13|2026-08-14|2026-08-17|2026-08-18|2026-08-19|2026-08-20,2026-08-20 18:43:54,83.5
Chewy,90|100|95|86|87|83|87|99|86|95|94|100|90|90|90|93|90|90|96|87|82|90|88|85|84|84|88|90|96|96,2026-07-09|2026-07-10|2026-07-13|2026-07-14|2026-07-15|2026-07-16|2026-07-17|2026-07-20|2026-07-22|2026-07-23|2026-07-24|2026-07-27|2026-07-28|2026-07-29|2026-07-30|2026-07-31|2026-08-03|2026-08-04|2026-08-05|2026-08-06|2026-08-07|2026-08-10|2026-08-11|2026-08-12|2026-08-13|2026-08-14|2026-08-17|2026-08-18|2026-08-19|2026-08-20,2026-08-20 18:43:57,90.4
Wayfair,82|72|76|64|64|61|67|76|80|84|79|87|82|71|76|76|74|74|74|72|75|85|75|73|73|77|85|82|76|73,2026-07-09|2026-07-10|2026-07-13|2026-07-14|2026-07-15|2026-07-16|2026-07-17|2026-07-20|2026-07-21|2026-07-23|2026-07-24|2026-07-27|2026-07-28|2026-07-29|2026-07-30|2026-07-31|2026-08-03|2026-08-04|2026-08-05|2026-08-06|2026-08-07|2026-08-10|2026-08-11|2026-08-12|2026-08-13|2026-08-14|2026-08-17|2026-08-18|2026-08-19|2026-08-20,2026-08-20 18:44:02,75.5
Avis Budget,69|74|91|85|84|75|78|63|54|73|59|58|66|56|62|66|72|63|54|60|59|65|64|61|55|57|59|58|55|54,2026-07-07|2026-07-08|2026-07-09|2026-07-10|2026-07-13|2026-07-14|2026-07-15|2026-07-16|2026-07-17|2026-07-20|2026-07-23|2026-07-24|2026-07-27|2026-07-28|2026-07-29|2026-07-30|2026-08-03|2026-08-04|2026-08-05|2026-08-06|2026-08-07|2026-08-10|2026-08-11|2026-08-12|2026-08-13|2026-08-14|2026-08-17|2026-08-18|2026-08-19|2026-08-20,2026-08-20 18:44:06,65.0
Intercontinental Exchange,67|57|0|0|61|0|0|0|0|0|0|51|0|39|100|40|0|39|53|31|21|27|32|28|33|29|32|27|27|22,2026-07-08|2026-07-09|2026-07-10|2026-07-13|2026-07-14|2026-07-15|2026-07-16|2026-07-17|2026-07-20|2026-07-23|2026-07-24|2026-07-27|2026-07-28|2026-07-29|2026-07-30|2026-07-31|2026-08-03|2026-08-04|2026-08-05|2026-08-06|2026-08-07|2026-08-10|2026-08-11|2026-08-12|2026-08-13|2026-08-14|2026-08-17|2026-08-18|2026-08-19|2026-08-20,2026-08-20 18:44:09,27.2
Alaska Airlines,15|13|14|14|13|12|12|13|100|19|14|13|14|14|15|14|13|13|14|13|11|16|17|14|12|13|13|15|11|11,2026-07-08|2026-07-09|2026-07-10|2026-07-13|2026-07-14|2026-07-15|2026-07-16|2026-07-17|2026-07-20|2026-07-21|2026-07-23|2026-07-24|2026-07-27|2026-07-28|2026-07-29|2026-07-30|2026-08-03|2026-08-04|2026-08-05|2026-08-06|2026-08-07|2026-08-10|2026-08-11|2026-08-12|2026-08-13|2026-08-14|2026-08-17|2026-08-18|2026-08-19|2026-08-20,2026-08-20 18:44:12,16.5
GXO Logistics,42|47|33|42|54|31|39|75|0|0|53|0|37|68|0|53|52|38|100|57|34|41|56|46|38|35|38|35|37|38,2026-07-07|2026-07-08|2026-07-09|2026-07-10|2026-07-13|2026-07-14|2026-07-15|2026-07-16|2026-07-17|2026-07-20|2026-07-23|2026-07-24|2026-07-27|2026-07-28|2026-07-29|2026-07-30|2026-08-03|2026-08-04|2026-08-05|2026-08-06|2026-08-07|2026-08-10|2026-08-11|2026-08-12|2026-08-13|2026-08-14|2026-08-17|2026-08-18|2026-08-19|2026-08-20,2026-08-20 18:44:16,40.6
AGCO,20|32|21|45|36|32|26|16|25|44|18|17|13|14|20|20|13|21|15|16|16|17|17|15|15|15|17|16|16|14,2026-07-07|2026-07-08|2026-07-09|2026-07-10|2026-07-13|2026-07-14|2026-07-15|2026-07-16|2026-07-17|2026-07-20|2026-07-23|2026-07-24|2026-07-27|2026-07-28|2026-07-29|2026-07-30|2026-08-03|2026-08-04|2026-08-05|2026-08-06|2026-08-07|2026-08-10|2026-08-11|2026-08-12|2026-08-13|2026-08-14|2026-08-17|2026-08-18|2026-08-19|2026-08-20,2026-08-20 18:44:21,20.7
Molson Coors Beverage,0|0|0|0|0|0|0|0|0|0|0|0|0|0|0|0|0|0|0|70|81|100|61|69|67|77|0|72|47|0,2026-07-07|2026-07-08|2026-07-09|2026-07-10|2026-07-13|2026-07-14|2026-07-15|2026-07-16|2026-07-17|2026-07-20|2026-07-23|2026-07-24|2026-07-27|2026-07-28|2026-07-29|2026-07-30|2026-08-03|2026-08-04|2026-08-05|2026-08-06|2026-08-07|2026-08-10|2026-08-11|2026-08-12|2026-08-13|2026-08-14|2026-08-17|2026-08-18|2026-08-19|2026-08-20,2026-08-20 18:44:24,21.5
Huntington Ingalls Industries,0|0|0|0|0|0|0|0|0|0|0|0|0|0|0|0|0|0|0|48|51|53|55|54|58|65|100|56|49|41,2026-07-07|2026-07-08|2026-07-09|2026-07-10|2026-07-13|2026-07-14|2026-07-15|2026-07-16|2026-07-17|2026-07-20|2026-07-23|2026-07-24|2026-07-27|2026-07-28|2026-07-29|2026-07-30|2026-08-03|2026-08-04|2026-08-05|2026-08-06|2026-08-07|2026-08-10|2026-08-11|2026-08-12|2026-08-13|2026-08-14|2026-08-17|2026-08-18|2026-08-19|2026-08-20,2026-08-20 18:44:29,21.0
International Flavors & Fragrances,0|0|0|0|0|0|0|0|0|0|0|0|0|0|0|0|0|0|0|6|0|6|6|0|8|9|6|0|0|0,2026-07-07|2026-07-08|2026-07-09|2026-07-10|2026-07-13|2026-07-14|2026-07-15|2026-07-16|2026-07-17|2026-07-20|2026-07-23|2026-07-24|2026-07-27|2026-07-28|2026-07-29|2026-07-30|2026-08-03|2026-08-04|2026-08-05|2026-08-06|2026-08-07|2026-08-10|2026-08-11|2026-08-12|2026-08-13|2026-08-14|2026-08-17|2026-08-18|2026-08-19|2026-08-20,2026-08-20 18:44:33,1.4
Darden Restaurants,100|86|96|72|50|50|42|64|87|52|68|71|55|0|51|35|53|43|50|49|44|60|53|46|58|62|53|50|43|47,2026-07-08|2026-07-09|2026-07-10|2026-07-13|2026-07-14|2026-07-15|2026-07-16|2026-07-17|2026-07-20|2026-07-22|2026-07-23|2026-07-24|2026-07-27|2026-07-28|2026-07-29|2026-07-30|2026-08-03|2026-08-04|2026-08-05|2026-08-06|2026-08-07|2026-08-10|2026-08-11|2026-08-12|2026-08-13|2026-08-14|2026-08-17|2026-08-18|2026-08-19|2026-08-20,2026-08-20 18:44:37,56.3
CIncinnati Financial,67|72|84|100|52|67|0|0|0|75|47|56|85|65|0|42|49|60|50|43|44|50|63|53|54|71|73|58|66|60,2026-07-07|2026-07-08|2026-07-09|2026-07-10|2026-07-13|2026-07-14|2026-07-15|2026-07-16|2026-07-17|2026-07-20|2026-07-23|2026-07-24|2026-07-27|2026-07-28|2026-07-29|2026-07-30|2026-08-03|2026-08-04|2026-08-05|2026-08-06|2026-08-07|2026-08-10|2026-08-11|2026-08-12|2026-08-13|2026-08-14|2026-08-17|2026-08-18|2026-08-19|2026-08-20,2026-08-20 18:44:40,53.5
Chipotle Mexican Grill,54|51|45|48|32|43|47|36|46|33|40|43|37|45|44|38|37|47|81|27|27|23|23|46|28|29|30|26|50|31,2026-07-10|2026-07-13|2026-07-14|2026-07-15|2026-07-16|2026-07-17|2026-07-20|2026-07-21|2026-07-22|2026-07-23|2026-07-24|2026-07-27|2026-07-28|2026-07-29|2026-07-30|2026-07-31|2026-08-03|2026-08-04|2026-08-05|2026-08-06|2026-08-07|2026-08-10|2026-08-11|2026-08-12|2026-08-13|2026-08-14|2026-08-17|2026-08-18|2026-08-19|2026-08-20,2026-08-20 18:44:43,39.6
Yum China,0|0|77|0|78|0|0|0|0|100|0|0|0|0|0|0|0|0|0|22|37|36|26|36|30|37|32|31|29|27,2026-07-07|2026-07-08|2026-07-09|2026-07-10|2026-07-13|2026-07-14|2026-07-15|2026-07-16|2026-07-17|2026-07-20|2026-07-23|2026-07-24|2026-07-27|2026-07-28|2026-07-29|2026-07-30|2026-08-03|2026-08-04|2026-08-05|2026-08-06|2026-08-07|2026-08-10|2026-08-11|2026-08-12|2026-08-13|2026-08-14|2026-08-17|2026-08-18|2026-08-19|2026-08-20,2026-08-20 18:44:46,19.9
Las Vegas Sands,0|65|54|0|0|0|0|0|100|58|61|0|0|0|0|0|0|0|0|28|25|30|26|23|25|34|29|28|27|26,2026-07-10|2026-07-13|2026-07-14|2026-07-15|2026-07-16|2026-07-17|2026-07-20|2026-07-21|2026-07-22|2026-07-23|2026-07-24|2026-07-27|2026-07-28|2026-07-29|2026-07-30|2026-07-31|2026-08-03|2026-08-04|2026-08-05|2026-08-06|2026-08-07|2026-08-10|2026-08-11|2026-08-12|2026-08-13|2026-08-14|2026-08-17|2026-08-18|2026-08-19|2026-08-20,2026-08-20 18:44:50,21.3
Ulta Beauty,69|71|65|66|58|58|57|64|93|52|60|56|54|60|52|65|53|52|60|59|62|56|56|56|57|58|58|64|70|61,2026-07-07|2026-07-08|2026-07-09|2026-07-10|2026-07-13|2026-07-14|2026-07-15|2026-07-16|2026-07-17|2026-07-20|2026-07-23|2026-07-24|2026-07-27|2026-07-28|2026-07-29|2026-07-30|2026-08-03|2026-08-04|2026-08-05|2026-08-06|2026-08-07|2026-08-10|2026-08-11|2026-08-12|2026-08-13|2026-08-14|2026-08-17|2026-08-18|2026-08-19|2026-08-20,2026-08-20 18:44:54,60.7
Caesars Entertainment,69|100|50|0|43|46|64|76|38|42|0|0|49|52|71|35|0|70|0|32|25|28|27|51|53|38|32|30|31|31,2026-07-07|2026-07-08|2026-07-09|2026-07-10|2026-07-13|2026-07-14|2026-07-15|2026-07-16|2026-07-17|2026-07-20|2026-07-23|2026-07-24|2026-07-27|2026-07-28|2026-07-29|2026-07-30|2026-08-03|2026-08-04|2026-08-05|2026-08-06|2026-08-07|2026-08-10|2026-08-11|2026-08-12|2026-08-13|2026-08-14|2026-08-17|2026-08-18|2026-08-19|2026-08-20,2026-08-20 18:44:57,39.4
The Andersons Inc,0|0|0|0|0|0|0|0|0|0|0|0|0|0|0|0|0|0|0|0|0|0|0|0|0|0|0|0|83|0,2026-07-07|2026-07-08|2026-07-09|2026-07-10|2026-07-13|2026-07-14|2026-07-15|2026-07-16|2026-07-17|2026-07-20|2026-07-23|2026-07-24|2026-07-27|2026-07-28|2026-07-29|2026-07-30|2026-08-03|2026-08-04|2026-08-05|2026-08-06|2026-08-07|2026-08-10|2026-08-11|2026-08-12|2026-08-13|2026-08-14|2026-08-17|2026-08-18|2026-08-19|2026-08-20,2026-08-20 18:45:02,2.8
The Hershey Company,93|57|0|0|0|0|0|0|0|68|0|0|0|58|0|0|57|0|0|22|27|28|36|28|100|58|29|30|35|24,2026-07-07|2026-07-08|2026-07-09|2026-07-10|2026-07-13|2026-07-14|2026-07-15|2026-07-16|2026-07-17|2026-07-20|2026-07-23|2026-07-24|2026-07-27|2026-07-28|2026-07-29|2026-07-30|2026-08-03|2026-08-04|2026-08-05|2026-08-06|2026-08-07|2026-08-10|2026-08-11|2026-08-12|2026-08-13|2026-08-14|2026-08-17|2026-08-18|2026-08-19|2026-08-20,2026-08-20 18:45:05,25.0
Hilton Worldwide,0|79|0|0|64|0|0|0|0|0|0|0|0|0|0|0|0|0|0|24|18|34|18|12|14|24|29|19|16|18,2026-07-07|2026-07-08|2026-07-09|2026-07-10|2026-07-13|2026-07-14|2026-07-15|2026-07-16|2026-07-17|2026-07-20|2026-07-23|2026-07-24|2026-07-27|2026-07-28|2026-07-29|2026-07-30|2026-08-03|2026-08-04|2026-08-05|2026-08-06|2026-08-07|2026-08-10|2026-08-11|2026-08-12|2026-08-13|2026-08-14|2026-08-17|2026-08-18|2026-08-19|2026-08-20,2026-08-20 18:45:08,12.3
Hilton Grand Vacations,,2026-07-08|2026-07-09|2026-07-10|2026-07-13|2026-07-14|2026-07-15|2026-07-16|2026-07-17|2026-07-20|2026-07-23|2026-07-24|2026-07-27|2026-07-28|2026-07-29|2026-07-30|2026-07-31|2026-08-03|2026-08-04|2026-08-05|2026-08-06|2026-08-07|2026-08-10|2026-08-11|2026-08-12|2026-08-13|2026-08-14|2026-08-17|2026-08-18|2026-08-19|2026-08-20,2026-08-20 18:45:44,0.0
The Mosaic Company,,2026-07-10|2026-07-13|2026-07-14|2026-07-15|2026-07-16|2026-07-17|2026-07-20|2026-07-21|2026-07-22|2026-07-23|2026-07-24|2026-07-27|2026-07-28|2026-07-29|2026-07-30|2026-07-31|2026-08-03|2026-08-04|2026-08-05|2026-08-06|2026-08-07|2026-08-10|2026-08-11|2026-08-12|2026-08-13|2026-08-14|2026-08-17|2026-08-18|2026-08-19|2026-08-20,2026-08-20 18:46:25,0.0
Airbnb,,2026-07-10|2026-07-13|2026-07-14|2026-07-15|2026-07-16|2026-07-17|2026-07-20|2026-07-21|2026-07-22|2026-07-23|2026-07-24|2026-07-27|2026-07-28|2026-07-29|2026-07-30|2026-07-31|2026-08-03|2026-08-04|2026-08-05|2026-08-06|2026-08-07|2026-08-10|2026-08-11|2026-08-12|2026-08-13|2026-08-14|2026-08-17|2026-08-18|2026-08-19|2026-08-20,2026-08-20 18:46:35,0.0
Diamondback Energy,,2026-07-10|2026-07-13|2026-07-14|2026-07-15|2026-07-16|2026-07-17|2026-07-20|2026-07-21|2026-07-22|2026-07-23|2026-07-24|2026-07-27|2026-07-28|2026-07-29|2026-07-30|2026-07-31|2026-08-03|2026-08-04|2026-08-05|2026-08-06|2026-08-07|2026-08-10|2026-08-11|2026-08-12|2026-08-13|2026-08-14|2026-08-17|2026-08-18|2026-08-19|2026-08-20,2026-08-20 18:46:35,0.0
American Tower,,2026-07-09|2026-07-10|2026-07-13|2026-07-14|2026-07-15|2026-07-16|2026-07-17|2026-07-20|2026-07-21|2026-07-23|2026-07-24|2026-07-27|2026-07-28|2026-07-29|2026-07-30|2026-07-31|2026-08-03|2026-08-04|2026-08-05|2026-08-06|2026-08-07|2026-08-10|2026-08-11|2026-08-12|2026-08-13|2026-08-14|2026-08-17|2026-08-18|2026-08-19|2026-08-20,2026-08-20 18:46:35,0.0
Vertex Pharmaceuticals,,2026-07-09|2026-07-10|2026-07-13|2026-07-14|2026-07-15|2026-07-16|2026-07-17|2026-07-20|2026-07-21|2026-07-23|2026-07-24|2026-07-27|2026-07-28|2026-07-29|2026-07-30|2026-07-31|2026-08-03|2026-08-04|2026-08-05|2026-08-06|2026-08-07|2026-08-10|2026-08-11|2026-08-12|2026-08-13|2026-08-14|2026-08-17|2026-08-18|2026-08-19|2026-08-20,2026-08-20 18:46:35,0.0
ServiceNow,,2026-07-10|2026-07-13|2026-07-14|2026-07-15|2026-07-16|2026-07-17|2026-07-20|2026-07-21|2026-07-22|2026-07-23|2026-07-24|2026-07-27|2026-07-28|2026-07-29|2026-07-30|2026-07-31|2026-08-03|2026-08-04|2026-08-05|2026-08-06|2026-08-07|2026-08-10|2026-08-11|2026-08-12|2026-08-13|2026-08-14|2026-08-17|2026-08-18|2026-08-19|2026-08-20,2026-08-20 18:46:35,0.0
Owens Corning,,2026-07-07|2026-07-08|2026-07-09|2026-07-10|2026-07-13|2026-07-14|2026-07-15|2026-07-16|2026-07-17|2026-07-20|2026-07-23|2026-07-24|2026-07-27|2026-07-28|2026-07-29|2026-07-30|2026-08-03|2026-08-04|2026-08-05|2026-08-06|2026-08-07|2026-08-10|2026-08-11|2026-08-12|2026-08-13|2026-08-14|2026-08-17|2026-08-18|2026-08-19|2026-08-20,2026-08-20 18:46:35,0.0
Advance Auto Parts,,2026-07-07|2026-07-08|2026-07-09|2026-07-10|2026-07-13|2026-07-14|2026-07-15|2026-07-16|2026-07-17|2026-07-20|2026-07-23|2026-07-24|2026-07-27|2026-07-28|2026-07-29|2026-07-30|2026-08-03|2026-08-04|2026-08-05|2026-08-06|2026-08-07|2026-08-10|2026-08-11|2026-08-12|2026-08-13|2026-08-14|2026-08-17|2026-08-18|2026-08-19|2026-08-20,2026-08-20 18:46:35,0.0
Toll Brothers,,2026-07-07|2026-07-08|2026-07-09|2026-07-10|2026-07-13|2026-07-14|2026-07-15|2026-07-16|2026-07-17|2026-07-20|2026-07-23|2026-07-24|2026-07-27|2026-07-28|2026-07-29|2026-07-30|2026-08-03|2026-08-04|2026-08-05|2026-08-06|2026-08-07|2026-08-10|2026-08-11|2026-08-12|2026-08-13|2026-08-14|2026-08-17|2026-08-18|2026-08-19|2026-08-20,2026-08-20 18:46:35,0.0
Mohawk Industries,,2026-07-07|2026-07-08|2026-07-09|2026-07-10|2026-07-13|2026-07-14|2026-07-15|2026-07-16|2026-07-17|2026-07-20|2026-07-23|2026-07-24|2026-07-27|2026-07-28|2026-07-29|2026-07-30|2026-08-03|2026-08-04|2026-08-05|2026-08-06|2026-08-07|2026-08-10|2026-08-11|2026-08-12|2026-08-13|2026-08-14|2026-08-17|2026-08-18|2026-08-19|2026-08-20,2026-08-20 18:46:35,0.0
Motorola Solutions,,2026-07-07|2026-07-08|2026-07-09|2026-07-10|2026-07-13|2026-07-14|2026-07-15|2026-07-16|2026-07-17|2026-07-20|2026-07-23|2026-07-24|2026-07-27|2026-07-28|2026-07-29|2026-07-30|2026-08-03|2026-08-04|2026-08-05|2026-08-06|2026-08-07|2026-08-10|2026-08-11|2026-08-12|2026-08-13|2026-08-14|2026-08-17|2026-08-18|2026-08-19|2026-08-20,2026-08-20 18:46:35,0.0
Oshkosh Corporation,,2026-07-07|2026-07-08|2026-07-09|2026-07-10|2026-07-13|2026-07-14|2026-07-15|2026-07-16|2026-07-17|2026-07-20|2026-07-23|2026-07-24|2026-07-27|2026-07-28|2026-07-29|2026-07-30|2026-08-03|2026-08-04|2026-08-05|2026-08-06|2026-08-07|2026-08-10|2026-08-11|2026-08-12|2026-08-13|2026-08-14|2026-08-17|2026-08-18|2026-08-19|2026-08-20,2026-08-20 18:46:35,0.0
DoorDash,,2026-07-09|2026-07-10|2026-07-13|2026-07-14|2026-07-15|2026-07-16|2026-07-17|2026-07-20|2026-07-22|2026-07-23|2026-07-24|2026-07-27|2026-07-28|2026-07-29|2026-07-30|2026-07-31|2026-08-03|2026-08-04|2026-08-05|2026-08-06|2026-08-07|2026-08-10|2026-08-11|2026-08-12|2026-08-13|2026-08-14|2026-08-17|2026-08-18|2026-08-19|2026-08-20,2026-08-20 18:46:35,0.0
NVR Inc,,2026-07-07|2026-07-08|2026-07-09|2026-07-10|2026-07-13|2026-07-14|2026-07-15|2026-07-16|2026-07-17|2026-07-20|2026-07-23|2026-07-24|2026-07-27|2026-07-28|2026-07-29|2026-07-30|2026-08-03|2026-08-04|2026-08-05|2026-08-06|2026-08-07|2026-08-10|2026-08-11|2026-08-12|2026-08-13|2026-08-14|2026-08-17|2026-08-18|2026-08-19|2026-08-20,2026-08-20 18:46:35,0.0
Booz Allen Hamilton,,2026-07-07|2026-07-08|2026-07-09|2026-07-10|2026-07-13|2026-07-14|2026-07-15|2026-07-16|2026-07-17|2026-07-20|2026-07-23|2026-07-24|2026-07-27|2026-07-28|2026-07-29|2026-07-30|2026-08-03|2026-08-04|2026-08-05|2026-08-06|2026-08-07|2026-08-10|2026-08-11|2026-08-12|2026-08-13|2026-08-14|2026-08-17|2026-08-18|2026-08-19|2026-08-20,2026-08-20 18:46:35,0.0
Burlington Stores,,2026-07-07|2026-07-08|2026-07-09|2026-07-10|2026-07-13|2026-07-14|2026-07-15|2026-07-16|2026-07-17|2026-07-20|2026-07-23|2026-07-24|2026-07-27|2026-07-28|2026-07-29|2026-07-30|2026-08-03|2026-08-04|2026-08-05|2026-08-06|2026-08-07|2026-08-10|2026-08-11|2026-08-12|2026-08-13|2026-08-14|2026-08-17|2026-08-18|2026-08-19|2026-08-20,2026-08-20 18:46:35,0.0
Expeditors International of Washington,,2026-07-07|2026-07-08|2026-07-09|2026-07-10|2026-07-13|2026-07-14|2026-07-15|2026-07-16|2026-07-17|2026-07-20|2026-07-23|2026-07-24|2026-07-27|2026-07-28|2026-07-29|2026-07-30|2026-08-03|2026-08-04|2026-08-05|2026-08-06|2026-08-07|2026-08-10|2026-08-11|2026-08-12|2026-08-13|2026-08-14|2026-08-17|2026-08-18|2026-08-19|2026-08-20,2026-08-20 18:46:35,0.0
Lululemon athletica,,2026-07-10|2026-07-13|2026-07-14|2026-07-15|2026-07-16|2026-07-17|2026-07-20|2026-07-21|2026-07-22|2026-07-23|2026-07-24|2026-07-27|2026-07-28|2026-07-29|2026-07-30|2026-07-31|2026-08-03|2026-08-04|2026-08-05|2026-08-06|2026-08-07|2026-08-10|2026-08-11|2026-08-12|2026-08-13|2026-08-14|2026-08-17|2026-08-18|2026-08-19|2026-08-20,2026-08-20 18:46:35,0.0
Fidelity National Information Services,,2026-07-08|2026-07-09|2026-07-10|2026-07-13|2026-07-14|2026-07-15|2026-07-16|2026-07-17|2026-07-20|2026-07-23|2026-07-24|2026-07-27|2026-07-28|2026-07-29|2026-07-30|2026-07-31|2026-08-03|2026-08-04|2026-08-05|2026-08-06|2026-08-07|2026-08-10|2026-08-11|2026-08-12|2026-08-13|2026-08-14|2026-08-17|2026-08-18|2026-08-19|2026-08-20,2026-08-20 18:46:35,0.0
Jefferies Financial,,2026-07-07|2026-07-08|2026-07-09|2026-07-10|2026-07-13|2026-07-14|2026-07-15|2026-07-16|2026-07-17|2026-07-20|2026-07-23|2026-07-24|2026-07-27|2026-07-28|2026-07-29|2026-07-30|2026-08-03|2026-08-04|2026-08-05|2026-08-06|2026-08-07|2026-08-10|2026-08-11|2026-08-12|2026-08-13|2026-08-14|2026-08-17|2026-08-18|2026-08-19|2026-08-20,2026-08-20 18:46:35,0.0
Williams Companies,,2026-07-09|2026-07-10|2026-07-13|2026-07-14|2026-07-15|2026-07-16|2026-07-17|2026-07-20|2026-07-21|2026-07-23|2026-07-24|2026-07-27|2026-07-28|2026-07-29|2026-07-30|2026-07-31|2026-08-03|2026-08-04|2026-08-05|2026-08-06|2026-08-07|2026-08-10|2026-08-11|2026-08-12|2026-08-13|2026-08-14|2026-08-17|2026-08-18|2026-08-19|2026-08-20,2026-08-20 18:46:35,0.0
VF Corporation,,2026-07-08|2026-07-09|2026-07-10|2026-07-13|2026-07-14|2026-07-15|2026-07-16|2026-07-17|2026-07-20|2026-07-23|2026-07-24|2026-07-27|2026-07-28|2026-07-29|2026-07-30|2026-07-31|2026-08-03|2026-08-04|2026-08-05|2026-08-06|2026-08-07|2026-08-10|2026-08-11|2026-08-12|2026-08-13|2026-08-14|2026-08-17|2026-08-18|2026-08-19|2026-08-20,2026-08-20 18:46:35,0.0
Autoliv,,2026-07-07|2026-07-08|2026-07-09|2026-07-10|2026-07-13|2026-07-14|2026-07-15|2026-07-16|2026-07-17|2026-07-20|2026-07-23|2026-07-24|2026-07-27|2026-07-28|2026-07-29|2026-07-30|2026-08-03|2026-08-04|2026-08-05|2026-08-06|2026-08-07|2026-08-10|2026-08-11|2026-08-12|2026-08-13|2026-08-14|2026-08-17|2026-08-18|2026-08-19|2026-08-20,2026-08-20 18:46:35,0.0
Westinghouse Air Brake Technologies,,2026-07-07|2026-07-08|2026-07-09|2026-07-10|2026-07-13|2026-07-14|2026-07-15|2026-07-16|2026-07-17|2026-07-20|2026-07-23|2026-07-24|2026-07-27|2026-07-28|2026-07-29|2026-07-30|2026-08-03|2026-08-04|2026-08-05|2026-08-06|2026-08-07|2026-08-10|2026-08-11|2026-08-12|2026-08-13|2026-08-14|2026-08-17|2026-08-18|2026-08-19|2026-08-20,2026-08-20 18:46:35,0.0
Public Service Enterprise Group,,2026-07-08|2026-07-09|2026-07-10|2026-07-13|2026-07-14|2026-07-15|2026-07-16|2026-07-17|2026-07-20|2026-07-23|2026-07-24|2026-07-27|2026-07-28|2026-07-29|2026-07-30|2026-07-31|2026-08-03|2026-08-04|2026-08-05|2026-08-06|2026-08-07|2026-08-10|2026-08-11|2026-08-12|2026-08-13|2026-08-14|2026-08-17|2026-08-18|2026-08-19|2026-08-20,2026-08-20 18:46:35,0.0
Ebay,,2026-07-09|2026-07-10|2026-07-13|2026-07-14|2026-07-15|2026-07-16|2026-07-17|2026-07-20|2026-07-21|2026-07-23|2026-07-24|2026-07-27|2026-07-28|2026-07-29|2026-07-30|2026-07-31|2026-08-03|2026-08-04|2026-08-05|2026-08-06|2026-08-07|2026-08-10|2026-08-11|2026-08-12|2026-08-13|2026-08-14|2026-08-17|2026-08-18|2026-08-19|2026-08-20,2026-08-20 18:46:35,0.0
Celanese,,2026-07-07|2026-07-08|2026-07-09|2026-07-10|2026-07-13|2026-07-14|2026-07-15|2026-07-16|2026-07-17|2026-07-20|2026-07-23|2026-07-24|2026-07-27|2026-07-28|2026-07-29|2026-07-30|2026-08-03|2026-08-04|2026-08-05|2026-08-06|2026-08-07|2026-08-10|2026-08-11|2026-08-12|2026-08-13|2026-08-14|2026-08-17|2026-08-18|2026-08-19|2026-08-20,2026-08-20 18:46:35,0.0
Global Payments,,2026-07-07|2026-07-08|2026-07-09|2026-07-10|2026-07-13|2026-07-14|2026-07-15|2026-07-16|2026-07-17|2026-07-20|2026-07-23|2026-07-24|2026-07-27|2026-07-28|2026-07-29|2026-07-30|2026-08-03|2026-08-04|2026-08-05|2026-08-06|2026-08-07|2026-08-10|2026-08-11|2026-08-12|2026-08-13|2026-08-14|2026-08-17|2026-08-18|2026-08-19|2026-08-20,2026-08-20 18:46:35,0.0
News Corp,,2026-07-08|2026-07-09|2026-07-10|2026-07-13|2026-07-14|2026-07-15|2026-07-16|2026-07-17|2026-07-20|2026-07-23|2026-07-24|2026-07-27|2026-07-28|2026-07-29|2026-07-30|2026-07-31|2026-08-03|2026-08-04|2026-08-05|2026-08-06|2026-08-07|2026-08-10|2026-08-11|2026-08-12|2026-08-13|2026-08-14|2026-08-17|2026-08-18|2026-08-19|2026-08-20,2026-08-20 18:46:35,0.0
THOR Industries,,2026-07-07|2026-07-08|2026-07-09|2026-07-10|2026-07-13|2026-07-14|2026-07-15|2026-07-16|2026-07-17|2026-07-20|2026-07-23|2026-07-24|2026-07-27|2026-07-28|2026-07-29|2026-07-30|2026-08-03|2026-08-04|2026-08-05|2026-08-06|2026-08-07|2026-08-10|2026-08-11|2026-08-12|2026-08-13|2026-08-14|2026-08-17|2026-08-18|2026-08-19|2026-08-20,2026-08-20 18:46:35,0.0
Icahn Enterprises,,2026-07-09|2026-07-10|2026-07-13|2026-07-14|2026-07-15|2026-07-16|2026-07-17|2026-07-20|2026-07-21|2026-07-23|2026-07-24|2026-07-27|2026-07-28|2026-07-29|2026-07-30|2026-07-31|2026-08-03|2026-08-04|2026-08-05|2026-08-06|2026-08-07|2026-08-10|2026-08-11|2026-08-12|2026-08-13|2026-08-14|2026-08-17|2026-08-18|2026-08-19|2026-08-20,2026-08-20 18:46:35,0.0
Constellation Brands,,2026-07-08|2026-07-09|2026-07-10|2026-07-13|2026-07-14|2026-07-15|2026-07-16|2026-07-17|2026-07-20|2026-07-23|2026-07-24|2026-07-27|2026-07-28|2026-07-29|2026-07-30|2026-07-31|2026-08-03|2026-08-04|2026-08-05|2026-08-06|2026-08-07|2026-08-10|2026-08-11|2026-08-12|2026-08-13|2026-08-14|2026-08-17|2026-08-18|2026-08-19|2026-08-20,2026-08-20 18:46:35,0.0
Quest Diagnostics,,2026-07-07|2026-07-08|2026-07-09|2026-07-10|2026-07-13|2026-07-14|2026-07-15|2026-07-16|2026-07-17|2026-07-20|2026-07-23|2026-07-24|2026-07-27|2026-07-28|2026-07-29|2026-07-30|2026-08-03|2026-08-04|2026-08-05|2026-08-06|2026-08-07|2026-08-10|2026-08-11|2026-08-12|2026-08-13|2026-08-14|2026-08-17|2026-08-18|2026-08-19|2026-08-20,2026-08-20 18:46:35,0.0
KLA,,2026-07-10|2026-07-13|2026-07-14|2026-07-15|2026-07-16|2026-07-17|2026-07-20|2026-07-21|2026-07-22|2026-07-23|2026-07-24|2026-07-27|2026-07-28|2026-07-29|2026-07-30|2026-07-31|2026-08-03|2026-08-04|2026-08-05|2026-08-06|2026-08-07|2026-08-10|2026-08-11|2026-08-12|2026-08-13|2026-08-14|2026-08-17|2026-08-18|2026-08-19|2026-08-20,2026-08-20 18:46:35,0.0
QXO Building Products,,2026-07-10|2026-07-13|2026-07-14|2026-07-15|2026-07-16|2026-07-17|2026-07-20|2026-07-21|2026-07-22|2026-07-23|2026-07-24|2026-07-27|2026-07-28|2026-07-29|2026-07-30|2026-07-31|2026-08-03|2026-08-04|2026-08-05|2026-08-06|2026-08-07|2026-08-10|2026-08-11|2026-08-12|2026-08-13|2026-08-14|2026-08-17|2026-08-18|2026-08-19|2026-08-20,2026-08-20 18:46:35,0.0
APA,,2026-07-10|2026-07-13|2026-07-14|2026-07-15|2026-07-16|2026-07-17|2026-07-20|2026-07-21|2026-07-22|2026-07-23|2026-07-24|2026-07-27|2026-07-28|2026-07-29|2026-07-30|2026-07-31|2026-08-03|2026-08-04|2026-08-05|2026-08-06|2026-08-07|2026-08-10|2026-08-11|2026-08-12|2026-08-13|2026-08-14|2026-08-17|2026-08-18|2026-08-19|2026-08-20,2026-08-20 18:46:35,0.0
Biogen,,2026-07-07|2026-07-08|2026-07-09|2026-07-10|2026-07-13|2026-07-14|2026-07-15|2026-07-16|2026-07-17|2026-07-20|2026-07-23|2026-07-24|2026-07-27|2026-07-28|2026-07-29|2026-07-30|2026-08-03|2026-08-04|2026-08-05|2026-08-06|2026-08-07|2026-08-10|2026-08-11|2026-08-12|2026-08-13|2026-08-14|2026-08-17|2026-08-18|2026-08-19|2026-08-20,2026-08-20 18:46:35,0.0
The Campbells Company,,2026-07-10|2026-07-13|2026-07-14|2026-07-15|2026-07-16|2026-07-17|2026-07-20|2026-07-21|2026-07-22|2026-07-23|2026-07-24|2026-07-27|2026-07-28|2026-07-29|2026-07-30|2026-07-31|2026-08-03|2026-08-04|2026-08-05|2026-08-06|2026-08-07|2026-08-10|2026-08-11|2026-08-12|2026-08-13|2026-08-14|2026-08-17|2026-08-18|2026-08-19|2026-08-20,2026-08-20 18:46:35,0.0
Concentrix,,2026-07-08|2026-07-09|2026-07-10|2026-07-13|2026-07-14|2026-07-15|2026-07-16|2026-07-17|2026-07-20|2026-07-21|2026-07-23|2026-07-24|2026-07-27|2026-07-28|2026-07-29|2026-07-30|2026-08-03|2026-08-04|2026-08-05|2026-08-06|2026-08-07|2026-08-10|2026-08-11|2026-08-12|2026-08-13|2026-08-14|2026-08-17|2026-08-18|2026-08-19|2026-08-20,2026-08-20 18:46:35,0.0
Cintas,,2026-07-08|2026-07-09|2026-07-10|2026-07-13|2026-07-14|2026-07-15|2026-07-16|2026-07-17|2026-07-20|2026-07-23|2026-07-24|2026-07-27|2026-07-28|2026-07-29|2026-07-30|2026-07-31|2026-08-03|2026-08-04|2026-08-05|2026-08-06|2026-08-07|2026-08-10|2026-08-11|2026-08-12|2026-08-13|2026-08-14|2026-08-17|2026-08-18|2026-08-19|2026-08-20,2026-08-20 18:46:35,0.0
Analog Devices,,2026-07-10|2026-07-13|2026-07-14|2026-07-15|2026-07-16|2026-07-17|2026-07-20|2026-07-21|2026-07-22|2026-07-23|2026-07-24|2026-07-27|2026-07-28|2026-07-29|2026-07-30|2026-07-31|2026-08-03|2026-08-04|2026-08-05|2026-08-06|2026-08-07|2026-08-10|2026-08-11|2026-08-12|2026-08-13|2026-08-14|2026-08-17|2026-08-18|2026-08-19|2026-08-20,2026-08-20 18:46:35,0.0
Eastman Chemical,,2026-07-07|2026-07-08|2026-07-09|2026-07-10|2026-07-13|2026-07-14|2026-07-15|2026-07-16|2026-07-17|2026-07-20|2026-07-23|2026-07-24|2026-07-27|2026-07-28|2026-07-29|2026-07-30|2026-08-03|2026-08-04|2026-08-05|2026-08-06|2026-08-07|2026-08-10|2026-08-11|2026-08-12|2026-08-13|2026-08-14|2026-08-17|2026-08-18|2026-08-19|2026-08-20,2026-08-20 18:46:35,0.0
Interactive Brokers,,2026-07-10|2026-07-13|2026-07-14|2026-07-15|2026-07-16|2026-07-17|2026-07-20|2026-07-21|2026-07-22|2026-07-23|2026-07-24|2026-07-27|2026-07-28|2026-07-29|2026-07-30|2026-07-31|2026-08-03|2026-08-04|2026-08-05|2026-08-06|2026-08-07|2026-08-10|2026-08-11|2026-08-12|2026-08-13|2026-08-14|2026-08-17|2026-08-18|2026-08-19|2026-08-20,2026-08-20 18:46:35,0.0
Regions Financial,,2026-07-08|2026-07-09|2026-07-10|2026-07-13|2026-07-14|2026-07-15|2026-07-16|2026-07-17|2026-07-20|2026-07-23|2026-07-24|2026-07-27|2026-07-28|2026-07-29|2026-07-30|2026-07-31|2026-08-03|2026-08-04|2026-08-05|2026-08-06|2026-08-07|2026-08-10|2026-08-11|2026-08-12|2026-08-13|2026-08-14|2026-08-17|2026-08-18|2026-08-19|2026-08-20,2026-08-20 18:46:35,0.0
JetBlue Airways,,2026-07-10|2026-07-13|2026-07-14|2026-07-15|2026-07-16|2026-07-17|2026-07-20|2026-07-21|2026-07-22|2026-07-23|2026-07-24|2026-07-27|2026-07-28|2026-07-29|2026-07-30|2026-07-31|2026-08-03|2026-08-04|2026-08-05|2026-08-06|2026-08-07|2026-08-10|2026-08-11|2026-08-12|2026-08-13|2026-08-14|2026-08-17|2026-08-18|2026-08-19|2026-08-20,2026-08-20 18:46:35,0.0
Zoetis,,2026-07-09|2026-07-10|2026-07-13|2026-07-14|2026-07-15|2026-07-16|2026-07-17|2026-07-20|2026-07-22|2026-07-23|2026-07-24|2026-07-27|2026-07-28|2026-07-29|2026-07-30|2026-07-31|2026-08-03|2026-08-04|2026-08-05|2026-08-06|2026-08-07|2026-08-10|2026-08-11|2026-08-12|2026-08-13|2026-08-14|2026-08-17|2026-08-18|2026-08-19|2026-08-20,2026-08-20 18:46:35,0.0
KeyCorp,,2026-07-10|2026-07-13|2026-07-14|2026-07-15|2026-07-16|2026-07-17|2026-07-20|2026-07-21|2026-07-22|2026-07-23|2026-07-24|2026-07-27|2026-07-28|2026-07-29|2026-07-30|2026-07-31|2026-08-03|2026-08-04|2026-08-05|2026-08-06|2026-08-07|2026-08-10|2026-08-11|2026-08-12|2026-08-13|2026-08-14|2026-08-17|2026-08-18|2026-08-19|2026-08-20,2026-08-20 18:46:35,0.0
Oscar Health,,2026-07-10|2026-07-13|2026-07-14|2026-07-15|2026-07-16|2026-07-17|2026-07-20|2026-07-21|2026-07-22|2026-07-23|2026-07-24|2026-07-27|2026-07-28|2026-07-29|2026-07-30|2026-07-31|2026-08-03|2026-08-04|2026-08-05|2026-08-06|2026-08-07|2026-08-10|2026-08-11|2026-08-12|2026-08-13|2026-08-14|2026-08-17|2026-08-18|2026-08-19|2026-08-20,2026-08-20 18:46:35,0.0
Ovintiv,,2026-07-07|2026-07-08|2026-07-09|2026-07-10|2026-07-13|2026-07-14|2026-07-15|2026-07-16|2026-07-17|2026-07-20|2026-07-23|2026-07-24|2026-07-27|2026-07-28|2026-07-29|2026-07-30|2026-08-03|2026-08-04|2026-08-05|2026-08-06|2026-08-07|2026-08-10|2026-08-11|2026-08-12|2026-08-13|2026-08-14|2026-08-17|2026-08-18|2026-08-19|2026-08-20,2026-08-20 18:46:35,0.0
Seaboard,,2026-07-07|2026-07-08|2026-07-09|2026-07-10|2026-07-13|2026-07-14|2026-07-15|2026-07-16|2026-07-17|2026-07-20|2026-07-23|2026-07-24|2026-07-27|2026-07-28|2026-07-29|2026-07-30|2026-08-03|2026-08-04|2026-08-05|2026-08-06|2026-08-07|2026-08-10|2026-08-11|2026-08-12|2026-08-13|2026-08-14|2026-08-17|2026-08-18|2026-08-19|2026-08-20,2026-08-20 18:46:35,0.0
Hertz,,2026-07-10|2026-07-13|2026-07-14|2026-07-15|2026-07-16|2026-07-17|2026-07-20|2026-07-21|2026-07-22|2026-07-23|2026-07-24|2026-07-27|2026-07-28|2026-07-29|2026-07-30|2026-07-31|2026-08-03|2026-08-04|2026-08-05|2026-08-06|2026-08-07|2026-08-10|2026-08-11|2026-08-12|2026-08-13|2026-08-14|2026-08-17|2026-08-18|2026-08-19|2026-08-20,2026-08-20 18:46:35,0.0
NOV,,2026-07-09|2026-07-10|2026-07-13|2026-07-14|2026-07-15|2026-07-16|2026-07-17|2026-07-20|2026-07-22|2026-07-23|2026-07-24|2026-07-27|2026-07-28|2026-07-29|2026-07-30|2026-07-31|2026-08-03|2026-08-04|2026-08-05|2026-08-06|2026-08-07|2026-08-10|2026-08-11|2026-08-12|2026-08-13|2026-08-14|2026-08-17|2026-08-18|2026-08-19|2026-08-20,2026-08-20 18:46:35,0.0
Graphic Packaging,,2026-07-07|2026-07-08|2026-07-09|2026-07-10|2026-07-13|2026-07-14|2026-07-15|2026-07-16|2026-07-17|2026-07-20|2026-07-23|2026-07-24|2026-07-27|2026-07-28|2026-07-29|2026-07-30|2026-08-03|2026-08-04|2026-08-05|2026-08-06|2026-08-07|2026-08-10|2026-08-11|2026-08-12|2026-08-13|2026-08-14|2026-08-17|2026-08-18|2026-08-19|2026-08-20,2026-08-20 18:46:35,0.0
Avery Dennison,,2026-07-07|2026-07-08|2026-07-09|2026-07-10|2026-07-13|2026-07-14|2026-07-15|2026-07-16|2026-07-17|2026-07-20|2026-07-23|2026-07-24|2026-07-27|2026-07-28|2026-07-29|2026-07-30|2026-08-03|2026-08-04|2026-08-05|2026-08-06|2026-08-07|2026-08-10|2026-08-11|2026-08-12|2026-08-13|2026-08-14|2026-08-17|2026-08-18|2026-08-19|2026-08-20,2026-08-20 18:46:35,0.0
Equinix,,2026-07-09|2026-07-10|2026-07-13|2026-07-14|2026-07-15|2026-07-16|2026-07-17|2026-07-20|2026-07-21|2026-07-22|2026-07-23|2026-07-24|2026-07-27|2026-07-28|2026-07-29|2026-07-30|2026-08-03|2026-08-04|2026-08-05|2026-08-06|2026-08-07|2026-08-10|2026-08-11|2026-08-12|2026-08-13|2026-08-14|2026-08-17|2026-08-18|2026-08-19|2026-08-20,2026-08-20 18:46:35,0.0
Insight Enterprises,,2026-07-07|2026-07-08|2026-07-09|2026-07-10|2026-07-13|2026-07-14|2026-07-15|2026-07-16|2026-07-17|2026-07-20|2026-07-23|2026-07-24|2026-07-27|2026-07-28|2026-07-29|2026-07-30|2026-08-03|2026-08-04|2026-08-05|2026-08-06|2026-08-07|2026-08-10|2026-08-11|2026-08-12|2026-08-13|2026-08-14|2026-08-17|2026-08-18|2026-08-19|2026-08-20,2026-08-20 18:46:35,0.0
Sirius XM,,2026-07-08|2026-07-09|2026-07-10|2026-07-13|2026-07-14|2026-07-15|2026-07-16|2026-07-17|2026-07-20|2026-07-23|2026-07-24|2026-07-27|2026-07-28|2026-07-29|2026-07-30|2026-07-31|2026-08-03|2026-08-04|2026-08-05|2026-08-06|2026-08-07|2026-08-10|2026-08-11|2026-08-12|2026-08-13|2026-08-14|2026-08-17|2026-08-18|2026-08-19|2026-08-20,2026-08-20 18:46:35,0.0
PVH,,2026-07-07|2026-07-08|2026-07-09|2026-07-10|2026-07-13|2026-07-14|2026-07-15|2026-07-16|2026-07-17|2026-07-20|2026-07-23|2026-07-24|2026-07-27|2026-07-28|2026-07-29|2026-07-30|2026-08-03|2026-08-04|2026-08-05|2026-08-06|2026-08-07|2026-08-10|2026-08-11|2026-08-12|2026-08-13|2026-08-14|2026-08-17|2026-08-18|2026-08-19|2026-08-20,2026-08-20 18:46:35,0.0
CenterPoint Energy,,2026-07-08|2026-07-09|2026-07-10|2026-07-13|2026-07-14|2026-07-15|2026-07-16|2026-07-17|2026-07-20|2026-07-23|2026-07-24|2026-07-27|2026-07-28|2026-07-29|2026-07-30|2026-07-31|2026-08-03|2026-08-04|2026-08-05|2026-08-06|2026-08-07|2026-08-10|2026-08-11|2026-08-12|2026-08-13|2026-08-14|2026-08-17|2026-08-18|2026-08-19|2026-08-20,2026-08-20 18:46:35,0.0
WEC Energy,,2026-07-08|2026-07-09|2026-07-10|2026-07-13|2026-07-14|2026-07-15|2026-07-16|2026-07-17|2026-07-20|2026-07-23|2026-07-24|2026-07-27|2026-07-28|2026-07-29|2026-07-30|2026-07-31|2026-08-03|2026-08-04|2026-08-05|2026-08-06|2026-08-07|2026-08-10|2026-08-11|2026-08-12|2026-08-13|2026-08-14|2026-08-17|2026-08-18|2026-08-19|2026-08-20,2026-08-20 18:46:35,0.0
Xylem Inc,,2026-07-08|2026-07-09|2026-07-10|2026-07-13|2026-07-14|2026-07-15|2026-07-16|2026-07-17|2026-07-20|2026-07-21|2026-07-23|2026-07-24|2026-07-27|2026-07-28|2026-07-29|2026-07-30|2026-08-03|2026-08-04|2026-08-05|2026-08-06|2026-08-07|2026-08-10|2026-08-11|2026-08-12|2026-08-13|2026-08-14|2026-08-17|2026-08-18|2026-08-19|2026-08-20,2026-08-20 18:46:35,0.0
Franklin Resources,,2026-07-08|2026-07-09|2026-07-10|2026-07-13|2026-07-14|2026-07-15|2026-07-16|2026-07-17|2026-07-20|2026-07-23|2026-07-24|2026-07-27|2026-07-28|2026-07-29|2026-07-30|2026-07-31|2026-08-03|2026-08-04|2026-08-05|2026-08-06|2026-08-07|2026-08-10|2026-08-11|2026-08-12|2026-08-13|2026-08-14|2026-08-17|2026-08-18|2026-08-19|2026-08-20,2026-08-20 18:46:35,0.0
PPL Corporation,,2026-07-08|2026-07-09|2026-07-10|2026-07-13|2026-07-14|2026-07-15|2026-07-16|2026-07-17|2026-07-20|2026-07-23|2026-07-24|2026-07-27|2026-07-28|2026-07-29|2026-07-30|2026-07-31|2026-08-03|2026-08-04|2026-08-05|2026-08-06|2026-08-07|2026-08-10|2026-08-11|2026-08-12|2026-08-13|2026-08-14|2026-08-17|2026-08-18|2026-08-19|2026-08-20,2026-08-20 18:46:35,0.0
Workday,,2026-07-10|2026-07-13|2026-07-14|2026-07-15|2026-07-16|2026-07-17|2026-07-20|2026-07-21|2026-07-22|2026-07-23|2026-07-24|2026-07-27|2026-07-28|2026-07-29|2026-07-30|2026-07-31|2026-08-03|2026-08-04|2026-08-05|2026-08-06|2026-08-07|2026-08-10|2026-08-11|2026-08-12|2026-08-13|2026-08-14|2026-08-17|2026-08-18|2026-08-19|2026-08-20,2026-08-20 18:46:35,0.0
Dover Corporation,,2026-07-07|2026-07-08|2026-07-09|2026-07-10|2026-07-13|2026-07-14|2026-07-15|2026-07-16|2026-07-17|2026-07-20|2026-07-23|2026-07-24|2026-07-27|2026-07-28|2026-07-29|2026-07-30|2026-08-03|2026-08-04|2026-08-05|2026-08-06|2026-08-07|2026-08-10|2026-08-11|2026-08-12|2026-08-13|2026-08-14|2026-08-17|2026-08-18|2026-08-19|2026-08-20,2026-08-20 18:46:35,0.0
Packaging Corp of America,,2026-07-07|2026-07-08|2026-07-09|2026-07-10|2026-07-13|2026-07-14|2026-07-15|2026-07-16|2026-07-17|2026-07-20|2026-07-23|2026-07-24|2026-07-27|2026-07-28|2026-07-29|2026-07-30|2026-08-03|2026-08-04|2026-08-05|2026-08-06|2026-08-07|2026-08-10|2026-08-11|2026-08-12|2026-08-13|2026-08-14|2026-08-17|2026-08-18|2026-08-19|2026-08-20,2026-08-20 18:46:35,0.0
ABM Industries,,2026-07-07|2026-07-08|2026-07-09|2026-07-10|2026-07-13|2026-07-14|2026-07-15|2026-07-16|2026-07-17|2026-07-20|2026-07-23|2026-07-24|2026-07-27|2026-07-28|2026-07-29|2026-07-30|2026-08-03|2026-08-04|2026-08-05|2026-08-06|2026-08-07|2026-08-10|2026-08-11|2026-08-12|2026-08-13|2026-08-14|2026-08-17|2026-08-18|2026-08-19|2026-08-20,2026-08-20 18:46:35,0.0
Intuitive Surgical,,2026-07-10|2026-07-13|2026-07-14|2026-07-15|2026-07-16|2026-07-17|2026-07-20|2026-07-21|2026-07-22|2026-07-23|2026-07-24|2026-07-27|2026-07-28|2026-07-29|2026-07-30|2026-07-31|2026-08-03|2026-08-04|2026-08-05|2026-08-06|2026-08-07|2026-08-10|2026-08-11|2026-08-12|2026-08-13|2026-08-14|2026-08-17|2026-08-18|2026-08-19|2026-08-20,2026-08-20 18:46:35,0.0
American Financial Group,,2026-07-07|2026-07-08|2026-07-09|2026-07-10|2026-07-13|2026-07-14|2026-07-15|2026-07-16|2026-07-17|2026-07-20|2026-07-23|2026-07-24|2026-07-27|2026-07-28|2026-07-29|2026-07-30|2026-08-03|2026-08-04|2026-08-05|2026-08-06|2026-08-07|2026-08-10|2026-08-11|2026-08-12|2026-08-13|2026-08-14|2026-08-17|2026-08-18|2026-08-19|2026-08-20,2026-08-20 18:46:35,0.0
Rockwell Automation,,2026-07-07|2026-07-08|2026-07-09|2026-07-10|2026-07-13|2026-07-14|2026-07-15|2026-07-16|2026-07-17|2026-07-20|2026-07-23|2026-07-24|2026-07-27|2026-07-28|2026-07-29|2026-07-30|2026-08-03|2026-08-04|2026-08-05|2026-08-06|2026-08-07|2026-08-10|2026-08-11|2026-08-12|2026-08-13|2026-08-14|2026-08-17|2026-08-18|2026-08-19|2026-08-20,2026-08-20 18:46:35,0.0
Solventum,,2026-07-07|2026-07-08|2026-07-09|2026-07-10|2026-07-13|2026-07-14|2026-07-15|2026-07-16|2026-07-17|2026-07-20|2026-07-23|2026-07-24|2026-07-27|2026-07-28|2026-07-29|2026-07-30|2026-08-03|2026-08-04|2026-08-05|2026-08-06|2026-08-07|2026-08-10|2026-08-11|2026-08-12|2026-08-13|2026-08-14|2026-08-17|2026-08-18|2026-08-19|2026-08-20,2026-08-20 18:46:35,0.0
Old Republic International,,2026-07-07|2026-07-08|2026-07-09|2026-07-10|2026-07-13|2026-07-14|2026-07-15|2026-07-16|2026-07-17|2026-07-20|2026-07-23|2026-07-24|2026-07-27|2026-07-28|2026-07-29|2026-07-30|2026-08-03|2026-08-04|2026-08-05|2026-08-06|2026-08-07|2026-08-10|2026-08-11|2026-08-12|2026-08-13|2026-08-14|2026-08-17|2026-08-18|2026-08-19|2026-08-20,2026-08-20 18:46:35,0.0
Prologis,,2026-07-08|2026-07-09|2026-07-10|2026-07-13|2026-07-14|2026-07-15|2026-07-16|2026-07-17|2026-07-20|2026-07-23|2026-07-24|2026-07-27|2026-07-28|2026-07-29|2026-07-30|2026-07-31|2026-08-03|2026-08-04|2026-08-05|2026-08-06|2026-08-07|2026-08-10|2026-08-11|2026-08-12|2026-08-13|2026-08-14|2026-08-17|2026-08-18|2026-08-19|2026-08-20,2026-08-20 18:46:35,0.0
JM Smucker,,2026-07-07|2026-07-08|2026-07-09|2026-07-10|2026-07-13|2026-07-14|2026-07-15|2026-07-16|2026-07-17|2026-07-20|2026-07-23|2026-07-24|2026-07-27|2026-07-28|2026-07-29|2026-07-30|2026-08-03|2026-08-04|2026-08-05|2026-08-06|2026-08-07|2026-08-10|2026-08-11|2026-08-12|2026-08-13|2026-08-14|2026-08-17|2026-08-18|2026-08-19|2026-08-20,2026-08-20 18:46:35,0.0
Taylor Morrison Home,,2026-07-23,2026-08-20 18:46:35,0.0
XPO,,2026-07-07|2026-07-08|2026-07-09|2026-07-10|2026-07-13|2026-07-14|2026-07-15|2026-07-16|2026-07-17|2026-07-20|2026-07-23|2026-07-24|2026-07-27|2026-07-28|2026-07-29|2026-07-30|2026-08-03|2026-08-04|2026-08-05|2026-08-06|2026-08-07|2026-08-10|2026-08-11|2026-08-12|2026-08-13|2026-08-14|2026-08-17|2026-08-18|2026-08-19|2026-08-20,2026-08-20 18:46:35,0.0
Voya Financial,,2026-07-07|2026-07-08|2026-07-09|2026-07-10|2026-07-13|2026-07-14|2026-07-15|2026-07-16|2026-07-17|2026-07-20|2026-07-23|2026-07-24|2026-07-27|2026-07-28|2026-07-29|2026-07-30|2026-08-03|2026-08-04|2026-08-05|2026-08-06|2026-08-07|2026-08-10|2026-08-11|2026-08-12|2026-08-13|2026-08-14|2026-08-17|2026-08-18|2026-08-19|2026-08-20,2026-08-20 18:46:35,0.0
Palo Alto Networks,,2026-07-10|2026-07-13|2026-07-14|2026-07-15|2026-07-16|2026-07-17|2026-07-20|2026-07-21|2026-07-22|2026-07-23|2026-07-24|2026-07-27|2026-07-28|2026-07-29|2026-07-30|2026-07-31|2026-08-03|2026-08-04|2026-08-05|2026-08-06|2026-08-07|2026-08-10|2026-08-11|2026-08-12|2026-08-13|2026-08-14|2026-08-17|2026-08-18|2026-08-19|2026-08-20,2026-08-20 18:46:35,0.0
Vertiv,,2026-07-10|2026-07-13|2026-07-14|2026-07-15|2026-07-16|2026-07-17|2026-07-20|2026-07-21|2026-07-22|2026-07-23|2026-07-24|2026-07-27|2026-07-28|2026-07-29|2026-07-30|2026-07-31|2026-08-03|2026-08-04|2026-08-05|2026-08-06|2026-08-07|2026-08-10|2026-08-11|2026-08-12|2026-08-13|2026-08-14|2026-08-17|2026-08-18|2026-08-19|2026-08-20,2026-08-20 18:46:35,0.0
Welltower,,2026-07-09|2026-07-10|2026-07-13|2026-07-14|2026-07-15|2026-07-16|2026-07-17|2026-07-20|2026-07-22|2026-07-23|2026-07-24|2026-07-27|2026-07-28|2026-07-29|2026-07-30|2026-07-31|2026-08-03|2026-08-04|2026-08-05|2026-08-06|2026-08-07|2026-08-10|2026-08-11|2026-08-12|2026-08-13|2026-08-14|2026-08-17|2026-08-18|2026-08-19|2026-08-20,2026-08-20 18:46:35,0.0
Par Pacific,,2026-07-08|2026-07-09|2026-07-10|2026-07-13|2026-07-14|2026-07-15|2026-07-16|2026-07-17|2026-07-20|2026-07-21|2026-07-23|2026-07-24|2026-07-27|2026-07-28|2026-07-29|2026-07-30|2026-08-03|2026-08-04|2026-08-05|2026-08-06|2026-08-07|2026-08-10|2026-08-11|2026-08-12|2026-08-13|2026-08-14|2026-08-17|2026-08-18|2026-08-19|2026-08-20,2026-08-20 18:46:35,0.0
TransDigm,,2026-07-07|2026-07-08|2026-07-09|2026-07-10|2026-07-13|2026-07-14|2026-07-15|2026-07-16|2026-07-17|2026-07-20|2026-07-23|2026-07-24|2026-07-27|2026-07-28|2026-07-29|2026-07-30|2026-08-03|2026-08-04|2026-08-05|2026-08-06|2026-08-07|2026-08-10|2026-08-11|2026-08-12|2026-08-13|2026-08-14|2026-08-17|2026-08-18|2026-08-19|2026-08-20,2026-08-20 18:46:35,0.0
Commercial Metals,,2026-07-07|2026-07-08|2026-07-09|2026-07-10|2026-07-13|2026-07-14|2026-07-15|2026-07-16|2026-07-17|2026-07-20|2026-07-23|2026-07-24|2026-07-27|2026-07-28|2026-07-29|2026-07-30|2026-08-03|2026-08-04|2026-08-05|2026-08-06|2026-08-07|2026-08-10|2026-08-11|2026-08-12|2026-08-13|2026-08-14|2026-08-17|2026-08-18|2026-08-19|2026-08-20,2026-08-20 18:46:35,0.0
Post Holdings,,2026-07-07|2026-07-08|2026-07-09|2026-07-10|2026-07-13|2026-07-14|2026-07-15|2026-07-16|2026-07-17|2026-07-20|2026-07-23|2026-07-24|2026-07-27|2026-07-28|2026-07-29|2026-07-30|2026-08-03|2026-08-04|2026-08-05|2026-08-06|2026-08-07|2026-08-10|2026-08-11|2026-08-12|2026-08-13|2026-08-14|2026-08-17|2026-08-18|2026-08-19|2026-08-20,2026-08-20 18:46:35,0.0
Masco,,2026-07-07|2026-07-08|2026-07-09|2026-07-10|2026-07-13|2026-07-14|2026-07-15|2026-07-16|2026-07-17|2026-07-20|2026-07-23|2026-07-24|2026-07-27|2026-07-28|2026-07-29|2026-07-30|2026-08-03|2026-08-04|2026-08-05|2026-08-06|2026-08-07|2026-08-10|2026-08-11|2026-08-12|2026-08-13|2026-08-14|2026-08-17|2026-08-18|2026-08-19|2026-08-20,2026-08-20 18:46:35,0.0
Rush Enterprises,,2026-07-02|2026-07-06|2026-07-07|2026-07-08|2026-07-09|2026-07-10|2026-07-13|2026-07-14|2026-07-15|2026-07-16|2026-07-17|2026-07-20|2026-07-23|2026-07-24|2026-07-27|2026-07-28|2026-07-29|2026-07-30|2026-08-03|2026-08-04|2026-08-05|2026-08-06|2026-08-07|2026-08-12|2026-08-13|2026-08-14|2026-08-17|2026-08-18|2026-08-19|2026-08-20,2026-08-20 18:46:35,0.0
KBR,,2026-07-07|2026-07-08|2026-07-09|2026-07-10|2026-07-13|2026-07-14|2026-07-15|2026-07-16|2026-07-17|2026-07-20|2026-07-23|2026-07-24|2026-07-27|2026-07-28|2026-07-29|2026-07-30|2026-08-03|2026-08-04|2026-08-05|2026-08-06|2026-08-07|2026-08-10|2026-08-11|2026-08-12|2026-08-13|2026-08-14|2026-08-17|2026-08-18|2026-08-19|2026-08-20,2026-08-20 18:46:35,0.0
Sprouts Farmers Market,,2026-07-08|2026-07-09|2026-07-10|2026-07-13|2026-07-14|2026-07-15|2026-07-16|2026-07-17|2026-07-20|2026-07-21|2026-07-23|2026-07-24|2026-07-27|2026-07-28|2026-07-29|2026-07-30|2026-08-03|2026-08-04|2026-08-05|2026-08-06|2026-08-07|2026-08-10|2026-08-11|2026-08-12|2026-08-13|2026-08-14|2026-08-17|2026-08-18|2026-08-19|2026-08-20,2026-08-20 18:46:35,0.0
Williams-Sonoma,,2026-07-07|2026-07-08|2026-07-09|2026-07-10|2026-07-13|2026-07-14|2026-07-15|2026-07-16|2026-07-17|2026-07-20|2026-07-23|2026-07-24|2026-07-27|2026-07-28|2026-07-29|2026-07-30|2026-08-03|2026-08-04|2026-08-05|2026-08-06|2026-08-07|2026-08-10|2026-08-11|2026-08-12|2026-08-13|2026-08-14|2026-08-17|2026-08-18|2026-08-19|2026-08-20,2026-08-20 18:46:35,0.0
Zimmer Biomet,,2026-07-07|2026-07-08|2026-07-09|2026-07-10|2026-07-13|2026-07-14|2026-07-15|2026-07-16|2026-07-17|2026-07-20|2026-07-23|2026-07-24|2026-07-27|2026-07-28|2026-07-29|2026-07-30|2026-08-03|2026-08-04|2026-08-05|2026-08-06|2026-08-07|2026-08-10|2026-08-11|2026-08-12|2026-08-13|2026-08-14|2026-08-17|2026-08-18|2026-08-19|2026-08-20,2026-08-20 18:46:35,0.0
CACI International,,2026-07-07|2026-07-08|2026-07-09|2026-07-10|2026-07-13|2026-07-14|2026-07-15|2026-07-16|2026-07-17|2026-07-20|2026-07-23|2026-07-24|2026-07-27|2026-07-28|2026-07-29|2026-07-30|2026-08-03|2026-08-04|2026-08-05|2026-08-06|2026-08-07|2026-08-10|2026-08-11|2026-08-12|2026-08-13|2026-08-14|2026-08-17|2026-08-18|2026-08-19|2026-08-20,2026-08-20 18:46:35,0.0
Microchip Technology,,2026-07-10|2026-07-13|2026-07-14|2026-07-15|2026-07-16|2026-07-17|2026-07-20|2026-07-21|2026-07-22|2026-07-23|2026-07-24|2026-07-27|2026-07-28|2026-07-29|2026-07-30|2026-07-31|2026-08-03|2026-08-04|2026-08-05|2026-08-06|2026-08-07|2026-08-10|2026-08-11|2026-08-12|2026-08-13|2026-08-14|2026-08-17|2026-08-18|2026-08-19|2026-08-20,2026-08-20 18:46:35,0.0
Watsco,,2026-07-07|2026-07-08|2026-07-09|2026-07-10|2026-07-13|2026-07-14|2026-07-15|2026-07-16|2026-07-17|2026-07-20|2026-07-23|2026-07-24|2026-07-27|2026-07-28|2026-07-29|2026-07-30|2026-08-03|2026-08-04|2026-08-05|2026-08-06|2026-08-07|2026-08-10|2026-08-11|2026-08-12|2026-08-13|2026-08-14|2026-08-17|2026-08-18|2026-08-19|2026-08-20,2026-08-20 18:46:35,0.0
Newell Brands,,2026-07-09|2026-07-10|2026-07-13|2026-07-14|2026-07-15|2026-07-16|2026-07-17|2026-07-20|2026-07-22|2026-07-23|2026-07-24|2026-07-27|2026-07-28|2026-07-29|2026-07-30|2026-07-31|2026-08-03|2026-08-04|2026-08-05|2026-08-06|2026-08-07|2026-08-10|2026-08-11|2026-08-12|2026-08-13|2026-08-14|2026-08-17|2026-08-18|2026-08-19|2026-08-20,2026-08-20 18:46:35,0.0
ARKO,,2026-07-07|2026-07-08|2026-07-09|2026-07-10|2026-07-13|2026-07-14|2026-07-15|2026-07-16|2026-07-17|2026-07-20|2026-07-23|2026-07-24|2026-07-27|2026-07-28|2026-07-29|2026-07-30|2026-08-03|2026-08-04|2026-08-05|2026-08-06|2026-08-07|2026-08-10|2026-08-11|2026-08-12|2026-08-13|2026-08-14|2026-08-17|2026-08-18|2026-08-19|2026-08-20,2026-08-20 18:46:35,0.0
Sanmina,,2026-07-08|2026-07-09|2026-07-10|2026-07-13|2026-07-14|2026-07-15|2026-07-16|2026-07-17|2026-07-20|2026-07-21|2026-07-23|2026-07-24|2026-07-27|2026-07-28|2026-07-29|2026-07-30|2026-08-03|2026-08-04|2026-08-05|2026-08-06|2026-08-07|2026-08-10|2026-08-11|2026-08-12|2026-08-13|2026-08-14|2026-08-17|2026-08-18|2026-08-19|2026-08-20,2026-08-20 18:46:35,0.0
Electronic Arts,,2026-07-17|2026-08-04|2026-08-05|2026-08-06|2026-08-07|2026-08-10,2026-08-20 18:46:35,0.0
Yum Brands,,2026-07-08|2026-07-09|2026-07-10|2026-07-13|2026-07-14|2026-07-15|2026-07-16|2026-07-17|2026-07-20|2026-07-23|2026-07-24|2026-07-27|2026-07-28|2026-07-29|2026-07-30|2026-07-31|2026-08-03|2026-08-04|2026-08-05|2026-08-06|2026-08-07|2026-08-10|2026-08-11|2026-08-12|2026-08-13|2026-08-14|2026-08-17|2026-08-18|2026-08-19|2026-08-20,2026-08-20 18:46:35,0.0
Fastenal,,2026-07-09|2026-07-10|2026-07-13|2026-07-14|2026-07-15|2026-07-16|2026-07-17|2026-07-20|2026-07-21|2026-07-23|2026-07-24|2026-07-27|2026-07-28|2026-07-29|2026-07-30|2026-07-31|2026-08-03|2026-08-04|2026-08-05|2026-08-06|2026-08-07|2026-08-10|2026-08-11|2026-08-12|2026-08-13|2026-08-14|2026-08-17|2026-08-18|2026-08-19|2026-08-20,2026-08-20 18:46:35,0.0
CMS Energy,,2026-07-08|2026-07-09|2026-07-10|2026-07-13|2026-07-14|2026-07-15|2026-07-16|2026-07-17|2026-07-20|2026-07-23|2026-07-24|2026-07-27|2026-07-28|2026-07-29|2026-07-30|2026-07-31|2026-08-03|2026-08-04|2026-08-05|2026-08-06|2026-08-07|2026-08-10|2026-08-11|2026-08-12|2026-08-13|2026-08-14|2026-08-17|2026-08-18|2026-08-19|2026-08-20,2026-08-20 18:46:35,0.0
Monster Beverage,,2026-07-08|2026-07-09|2026-07-10|2026-07-13|2026-07-14|2026-07-15|2026-07-16|2026-07-17|2026-07-20|2026-07-21|2026-07-23|2026-07-24|2026-07-27|2026-07-28|2026-07-29|2026-07-30|2026-07-31|2026-08-03|2026-08-04|2026-08-05|2026-08-06|2026-08-07|2026-08-11|2026-08-12|2026-08-13|2026-08-14|2026-08-17|2026-08-18|2026-08-19|2026-08-20,2026-08-20 18:46:36,0.0
Science Applications International,,2026-07-07|2026-07-08|2026-07-09|2026-07-10|2026-07-13|2026-07-14|2026-07-15|2026-07-16|2026-07-17|2026-07-20|2026-07-23|2026-07-24|2026-07-27|2026-07-28|2026-07-29|2026-07-30|2026-08-03|2026-08-04|2026-08-05|2026-08-06|2026-08-07|2026-08-10|2026-08-11|2026-08-12|2026-08-13|2026-08-14|2026-08-17|2026-08-18|2026-08-19|2026-08-20,2026-08-20 18:46:36,0.0
Core & Main,,2026-07-07|2026-07-08|2026-07-09|2026-07-10|2026-07-13|2026-07-14|2026-07-15|2026-07-16|2026-07-17|2026-07-20|2026-07-23|2026-07-24|2026-07-27|2026-07-28|2026-07-29|2026-07-30|2026-08-03|2026-08-04|2026-08-05|2026-08-06|2026-08-07|2026-08-10|2026-08-11|2026-08-12|2026-08-13|2026-08-14|2026-08-17|2026-08-18|2026-08-19|2026-08-20,2026-08-20 18:46:36,0.0
Howmet Aerospace,,2026-07-09|2026-07-10|2026-07-13|2026-07-14|2026-07-15|2026-07-16|2026-07-17|2026-07-20|2026-07-22|2026-07-23|2026-07-24|2026-07-27|2026-07-28|2026-07-29|2026-07-30|2026-07-31|2026-08-03|2026-08-04|2026-08-05|2026-08-06|2026-08-07|2026-08-10|2026-08-11|2026-08-12|2026-08-13|2026-08-14|2026-08-17|2026-08-18|2026-08-19|2026-08-20,2026-08-20 18:46:36,0.0
Ingredion,,2026-07-07|2026-07-08|2026-07-09|2026-07-10|2026-07-13|2026-07-14|2026-07-15|2026-07-16|2026-07-17|2026-07-20|2026-07-23|2026-07-24|2026-07-27|2026-07-28|2026-07-29|2026-07-30|2026-08-03|2026-08-04|2026-08-05|2026-08-06|2026-08-07|2026-08-10|2026-08-11|2026-08-12|2026-08-13|2026-08-14|2026-08-17|2026-08-18|2026-08-19|2026-08-20,2026-08-20 18:46:36,0.0
Vulcan Materials,,2026-07-07|2026-07-08|2026-07-09|2026-07-10|2026-07-13|2026-07-14|2026-07-15|2026-07-16|2026-07-17|2026-07-20|2026-07-23|2026-07-24|2026-07-27|2026-07-28|2026-07-29|2026-07-30|2026-08-03|2026-08-04|2026-08-05|2026-08-06|2026-08-07|2026-08-10|2026-08-11|2026-08-12|2026-08-13|2026-08-14|2026-08-17|2026-08-18|2026-08-19|2026-08-20,2026-08-20 18:46:36,0.0
Smurfit Westrock,,2026-07-10|2026-07-13|2026-07-14|2026-07-15|2026-07-16|2026-07-17|2026-07-20|2026-07-21|2026-07-22|2026-07-23|2026-07-24|2026-07-27|2026-07-28|2026-07-29|2026-07-30|2026-07-31|2026-08-03|2026-08-04|2026-08-05|2026-08-06|2026-08-07|2026-08-10|2026-08-11|2026-08-12|2026-08-13|2026-08-14|2026-08-17|2026-08-18|2026-08-19|2026-08-20,2026-08-20 18:46:36,0.0
Crown Holdings,,2026-07-08|2026-07-09|2026-07-10|2026-07-13|2026-07-14|2026-07-15|2026-07-16|2026-07-17|2026-07-20|2026-07-22|2026-07-23|2026-07-24|2026-07-27|2026-07-28|2026-07-29|2026-07-30|2026-08-03|2026-08-04|2026-08-05|2026-08-06|2026-08-07|2026-08-10|2026-08-11|2026-08-12|2026-08-13|2026-08-14|2026-08-17|2026-08-18|2026-08-19|2026-08-20,2026-08-20 18:46:36,0.0
Dana Incorporated,,2026-07-07|2026-07-08|2026-07-09|2026-07-10|2026-07-13|2026-07-14|2026-07-15|2026-07-16|2026-07-17|2026-07-20|2026-07-23|2026-07-24|2026-07-27|2026-07-28|2026-07-29|2026-07-30|2026-08-03|2026-08-04|2026-08-05|2026-08-06|2026-08-07|2026-08-10|2026-08-11|2026-08-12|2026-08-13|2026-08-14|2026-08-17|2026-08-18|2026-08-19|2026-08-20,2026-08-20 18:46:36,0.0
Albemarle Corporation,,2026-07-10|2026-07-13|2026-07-14|2026-07-15|2026-07-16|2026-07-17|2026-07-20|2026-07-21|2026-07-22|2026-07-23|2026-07-24|2026-07-27|2026-07-28|2026-07-29|2026-07-30|2026-07-31|2026-08-03|2026-08-04|2026-08-05|2026-08-06|2026-08-07|2026-08-10|2026-08-11|2026-08-12|2026-08-13|2026-08-14|2026-08-17|2026-08-18|2026-08-19|2026-08-20,2026-08-20 18:46:36,0.0
Polaris Inc,,2026-07-07|2026-07-08|2026-07-09|2026-07-10|2026-07-13|2026-07-14|2026-07-15|2026-07-16|2026-07-17|2026-07-20|2026-07-23|2026-07-24|2026-07-27|2026-07-28|2026-07-29|2026-07-30|2026-08-03|2026-08-04|2026-08-05|2026-08-06|2026-08-07|2026-08-10|2026-08-11|2026-08-12|2026-08-13|2026-08-14|2026-08-17|2026-08-18|2026-08-19|2026-08-20,2026-08-20 18:46:36,0.0
UGI Utilities Inc,,2026-07-07|2026-07-08|2026-07-09|2026-07-10|2026-07-13|2026-07-14|2026-07-15|2026-07-16|2026-07-17|2026-07-20|2026-07-23|2026-07-24|2026-07-27|2026-07-28|2026-07-29|2026-07-30|2026-08-03|2026-08-04|2026-08-05|2026-08-06|2026-08-07|2026-08-10|2026-08-11|2026-08-12|2026-08-13|2026-08-14|2026-08-17|2026-08-18|2026-08-19|2026-08-20,2026-08-20 18:46:36,0.0
Expand Energy Corporation,,2026-07-10|2026-07-13|2026-07-14|2026-07-15|2026-07-16|2026-07-17|2026-07-20|2026-07-21|2026-07-22|2026-07-23|2026-07-24|2026-07-27|2026-07-28|2026-07-29|2026-07-30|2026-07-31|2026-08-03|2026-08-04|2026-08-05|2026-08-06|2026-08-07|2026-08-10|2026-08-11|2026-08-12|2026-08-13|2026-08-14|2026-08-17|2026-08-18|2026-08-19|2026-08-20,2026-08-20 18:46:36,0.0
NGL Energy Partners,,2026-07-08|2026-07-09|2026-07-10|2026-07-13|2026-07-14|2026-07-15|2026-07-16|2026-07-17|2026-07-20|2026-07-22|2026-07-23|2026-07-24|2026-07-27|2026-07-28|2026-07-29|2026-07-30|2026-08-03|2026-08-04|2026-08-05|2026-08-06|2026-08-07|2026-08-10|2026-08-11|2026-08-12|2026-08-13|2026-08-14|2026-08-17|2026-08-18|2026-08-19|2026-08-20,2026-08-20 18:46:36,0.0
ON Semiconductor,,2026-07-10|2026-07-13|2026-07-14|2026-07-15|2026-07-16|2026-07-17|2026-07-20|2026-07-21|2026-07-22|2026-07-23|2026-07-24|2026-07-27|2026-07-28|2026-07-29|2026-07-30|2026-07-31|2026-08-03|2026-08-04|2026-08-05|2026-08-06|2026-08-07|2026-08-10|2026-08-11|2026-08-12|2026-08-13|2026-08-14|2026-08-17|2026-08-18|2026-08-19|2026-08-20,2026-08-20 18:46:36,0.0
Flagstar Financial,,2026-07-07|2026-07-08|2026-07-09|2026-07-10|2026-07-13|2026-07-14|2026-07-15|2026-07-16|2026-07-17|2026-07-20|2026-07-23|2026-07-24|2026-07-27|2026-07-28|2026-07-29|2026-07-30|2026-08-03|2026-08-04|2026-08-05|2026-08-06|2026-08-07|2026-08-10|2026-08-11|2026-08-12|2026-08-13|2026-08-14|2026-08-17|2026-08-18|2026-08-19|2026-08-20,2026-08-20 18:46:36,0.0
Weyerhaeuser,,2026-07-08|2026-07-09|2026-07-10|2026-07-13|2026-07-14|2026-07-15|2026-07-16|2026-07-17|2026-07-20|2026-07-23|2026-07-24|2026-07-27|2026-07-28|2026-07-29|2026-07-30|2026-07-31|2026-08-03|2026-08-04|2026-08-05|2026-08-06|2026-08-07|2026-08-10|2026-08-11|2026-08-12|2026-08-13|2026-08-14|2026-08-17|2026-08-18|2026-08-19|2026-08-20,2026-08-20 18:46:36,0.0
Genworth Financial,,2026-07-07|2026-07-08|2026-07-09|2026-07-10|2026-07-13|2026-07-14|2026-07-15|2026-07-16|2026-07-17|2026-07-20|2026-07-23|2026-07-24|2026-07-27|2026-07-28|2026-07-29|2026-07-30|2026-08-03|2026-08-04|2026-08-05|2026-08-06|2026-08-07|2026-08-10|2026-08-11|2026-08-12|2026-08-13|2026-08-14|2026-08-17|2026-08-18|2026-08-19|2026-08-20,2026-08-20 18:46:36,0.0
Bath & Body Works,,2026-07-07|2026-07-08|2026-07-09|2026-07-10|2026-07-13|2026-07-14|2026-07-15|2026-07-16|2026-07-17|2026-07-20|2026-07-23|2026-07-24|2026-07-27|2026-07-28|2026-07-29|2026-07-30|2026-08-03|2026-08-04|2026-08-05|2026-08-06|2026-08-07|2026-08-10|2026-08-11|2026-08-12|2026-08-13|2026-08-14|2026-08-17|2026-08-18|2026-08-19|2026-08-20,2026-08-20 18:46:36,0.0
Clorox,,2026-07-08|2026-07-09|2026-07-10|2026-07-13|2026-07-14|2026-07-15|2026-07-16|2026-07-17|2026-07-20|2026-07-23|2026-07-24|2026-07-27|2026-07-28|2026-07-29|2026-07-30|2026-07-31|2026-08-03|2026-08-04|2026-08-05|2026-08-06|2026-08-07|2026-08-10|2026-08-11|2026-08-12|2026-08-13|2026-08-14|2026-08-17|2026-08-18|2026-08-19|2026-08-20,2026-08-20 18:46:36,0.0
RPM International,,2026-07-07|2026-07-08|2026-07-09|2026-07-10|2026-07-13|2026-07-14|2026-07-15|2026-07-16|2026-07-17|2026-07-20|2026-07-23|2026-07-24|2026-07-27|2026-07-28|2026-07-29|2026-07-30|2026-08-03|2026-08-04|2026-08-05|2026-08-06|2026-08-07|2026-08-10|2026-08-11|2026-08-12|2026-08-13|2026-08-14|2026-08-17|2026-08-18|2026-08-19|2026-08-20,2026-08-20 18:46:36,0.0
UFP Industries,,2026-07-07|2026-07-08|2026-07-09|2026-07-10|2026-07-13|2026-07-14|2026-07-15|2026-07-16|2026-07-17|2026-07-20|2026-07-23|2026-07-24|2026-07-27|2026-07-28|2026-07-29|2026-07-30|2026-08-03|2026-08-04|2026-08-05|2026-08-06|2026-08-07|2026-08-10|2026-08-11|2026-08-12|2026-08-13|2026-08-14|2026-08-17|2026-08-18|2026-08-19|2026-08-20,2026-08-20 18:46:36,0.0
Ameren,,2026-07-07|2026-07-08|2026-07-09|2026-07-10|2026-07-13|2026-07-14|2026-07-15|2026-07-16|2026-07-17|2026-07-20|2026-07-23|2026-07-24|2026-07-27|2026-07-28|2026-07-29|2026-07-30|2026-08-03|2026-08-04|2026-08-05|2026-08-06|2026-08-07|2026-08-10|2026-08-11|2026-08-12|2026-08-13|2026-08-14|2026-08-17|2026-08-18|2026-08-19|2026-08-20,2026-08-20 18:46:36,0.0
Knight Swift Transportation,,2026-07-07|2026-07-08|2026-07-09|2026-07-10|2026-07-13|2026-07-14|2026-07-15|2026-07-16|2026-07-17|2026-07-20|2026-07-23|2026-07-24|2026-07-27|2026-07-28|2026-07-29|2026-07-30|2026-08-03|2026-08-04|2026-08-05|2026-08-06|2026-08-07|2026-08-10|2026-08-11|2026-08-12|2026-08-13|2026-08-14|2026-08-17|2026-08-18|2026-08-19|2026-08-20,2026-08-20 18:46:36,0.0
Super Micro Computer,,2026-07-10|2026-07-13|2026-07-14|2026-07-15|2026-07-16|2026-07-17|2026-07-20|2026-07-21|2026-07-22|2026-07-23|2026-07-24|2026-07-27|2026-07-28|2026-07-29|2026-07-30|2026-07-31|2026-08-03|2026-08-04|2026-08-05|2026-08-06|2026-08-07|2026-08-10|2026-08-11|2026-08-12|2026-08-13|2026-08-14|2026-08-17|2026-08-18|2026-08-19|2026-08-20,2026-08-20 18:46:36,0.0
O-I Glass,,2026-07-08|2026-07-09|2026-07-10|2026-07-13|2026-07-14|2026-07-15|2026-07-16|2026-07-17|2026-07-20|2026-07-21|2026-07-23|2026-07-24|2026-07-27|2026-07-28|2026-07-29|2026-07-30|2026-08-03|2026-08-04|2026-08-05|2026-08-06|2026-08-07|2026-08-10|2026-08-11|2026-08-12|2026-08-13|2026-08-14|2026-08-17|2026-08-18|2026-08-19|2026-08-20,2026-08-20 18:46:36,0.0
Crown Castle,,2026-07-08|2026-07-09|2026-07-10|2026-07-13|2026-07-14|2026-07-15|2026-07-16|2026-07-17|2026-07-20|2026-07-23|2026-07-24|2026-07-27|2026-07-28|2026-07-29|2026-07-30|2026-07-31|2026-08-03|2026-08-04|2026-08-05|2026-08-06|2026-08-07|2026-08-10|2026-08-11|2026-08-12|2026-08-13|2026-08-14|2026-08-17|2026-08-18|2026-08-19|2026-08-20,2026-08-20 18:46:36,0.0
Avantor,,2026-07-08|2026-07-09|2026-07-10|2026-07-13|2026-07-14|2026-07-15|2026-07-16|2026-07-17|2026-07-20|2026-07-21|2026-07-23|2026-07-24|2026-07-27|2026-07-28|2026-07-29|2026-07-30|2026-08-03|2026-08-04|2026-08-05|2026-08-06|2026-08-07|2026-08-10|2026-08-11|2026-08-12|2026-08-13|2026-08-14|2026-08-17|2026-08-18|2026-08-19|2026-08-20,2026-08-20 18:46:36,0.0
Opendoor Technologies,,2026-07-10|2026-07-13|2026-07-14|2026-07-15|2026-07-16|2026-07-17|2026-07-20|2026-07-21|2026-07-22|2026-07-23|2026-07-24|2026-07-27|2026-07-28|2026-07-29|2026-07-30|2026-07-31|2026-08-03|2026-08-04|2026-08-05|2026-08-06|2026-08-07|2026-08-10|2026-08-11|2026-08-12|2026-08-13|2026-08-14|2026-08-17|2026-08-18|2026-08-19|2026-08-20,2026-08-20 18:46:36,0.0
APi Group,,2026-07-07|2026-07-08|2026-07-09|2026-07-10|2026-07-13|2026-07-14|2026-07-15|2026-07-16|2026-07-17|2026-07-20|2026-07-23|2026-07-24|2026-07-27|2026-07-28|2026-07-29|2026-07-30|2026-08-03|2026-08-04|2026-08-05|2026-08-06|2026-08-07|2026-08-10|2026-08-11|2026-08-12|2026-08-13|2026-08-14|2026-08-17|2026-08-18|2026-08-19|2026-08-20,2026-08-20 18:46:36,0.0
EQT,,2026-07-10|2026-07-13|2026-07-14|2026-07-15|2026-07-16|2026-07-17|2026-07-20|2026-07-21|2026-07-22|2026-07-23|2026-07-24|2026-07-27|2026-07-28|2026-07-29|2026-07-30|2026-07-31|2026-08-03|2026-08-04|2026-08-05|2026-08-06|2026-08-07|2026-08-10|2026-08-11|2026-08-12|2026-08-13|2026-08-14|2026-08-17|2026-08-18|2026-08-19|2026-08-20,2026-08-20 18:46:36,0.0
Xerox,,2026-07-09|2026-07-10|2026-07-13|2026-07-14|2026-07-15|2026-07-16|2026-07-17|2026-07-20|2026-07-21|2026-07-23|2026-07-24|2026-07-27|2026-07-28|2026-07-29|2026-07-30|2026-07-31|2026-08-03|2026-08-04|2026-08-05|2026-08-06|2026-08-07|2026-08-10|2026-08-11|2026-08-12|2026-08-13|2026-08-14|2026-08-17|2026-08-18|2026-08-19|2026-08-20,2026-08-20 18:46:36,0.0
Ingersoll Rand,,2026-07-08|2026-07-09|2026-07-10|2026-07-13|2026-07-14|2026-07-15|2026-07-16|2026-07-17|2026-07-20|2026-07-23|2026-07-24|2026-07-27|2026-07-28|2026-07-29|2026-07-30|2026-07-31|2026-08-03|2026-08-04|2026-08-05|2026-08-06|2026-08-07|2026-08-10|2026-08-11|2026-08-12|2026-08-13|2026-08-14|2026-08-17|2026-08-18|2026-08-19|2026-08-20,2026-08-20 18:46:36,0.0
Dillards,,2026-07-07|2026-07-08|2026-07-09|2026-07-10|2026-07-13|2026-07-14|2026-07-15|2026-07-16|2026-07-17|2026-07-20|2026-07-23|2026-07-24|2026-07-27|2026-07-28|2026-07-29|2026-07-30|2026-08-03|2026-08-04|2026-08-05|2026-08-06|2026-08-07|2026-08-10|2026-08-11|2026-08-12|2026-08-13|2026-08-14|2026-08-17|2026-08-18|2026-08-19|2026-08-20,2026-08-20 18:46:36,0.0
Martin Marietta Materials,,2026-07-08|2026-07-09|2026-07-10|2026-07-13|2026-07-14|2026-07-15|2026-07-16|2026-07-17|2026-07-20|2026-07-23|2026-07-24|2026-07-27|2026-07-28|2026-07-29|2026-07-30|2026-07-31|2026-08-03|2026-08-04|2026-08-05|2026-08-06|2026-08-07|2026-08-10|2026-08-11|2026-08-12|2026-08-13|2026-08-14|2026-08-17|2026-08-18|2026-08-19|2026-08-20,2026-08-20 18:46:36,0.0
Moderna,,2026-07-10|2026-07-13|2026-07-14|2026-07-15|2026-07-16|2026-07-17|2026-07-20|2026-07-21|2026-07-22|2026-07-23|2026-07-24|2026-07-27|2026-07-28|2026-07-29|2026-07-30|2026-07-31|2026-08-03|2026-08-04|2026-08-05|2026-08-06|2026-08-07|2026-08-10|2026-08-11|2026-08-12|2026-08-13|2026-08-14|2026-08-17|2026-08-18|2026-08-19|2026-08-20,2026-08-20 18:46:36,0.0
Boise Cascade,,2026-07-07|2026-07-08|2026-07-09|2026-07-10|2026-07-13|2026-07-14|2026-07-15|2026-07-16|2026-07-17|2026-07-20|2026-07-23|2026-07-24|2026-07-27|2026-07-28|2026-07-29|2026-07-30|2026-08-03|2026-08-04|2026-08-05|2026-08-06|2026-08-07|2026-08-10|2026-08-11|2026-08-12|2026-08-13|2026-08-14|2026-08-17|2026-08-18|2026-08-19|2026-08-20,2026-08-20 18:46:36,0.0
Agilent Technologies,,2026-07-08|2026-07-09|2026-07-10|2026-07-13|2026-07-14|2026-07-15|2026-07-16|2026-07-17|2026-07-20|2026-07-23|2026-07-24|2026-07-27|2026-07-28|2026-07-29|2026-07-30|2026-07-31|2026-08-03|2026-08-04|2026-08-05|2026-08-06|2026-08-07|2026-08-10|2026-08-11|2026-08-12|2026-08-13|2026-08-14|2026-08-17|2026-08-18|2026-08-19|2026-08-20,2026-08-20 18:46:36,0.0
Olin Corporation,,2026-07-07|2026-07-08|2026-07-09|2026-07-10|2026-07-13|2026-07-14|2026-07-15|2026-07-16|2026-07-17|2026-07-20|2026-07-23|2026-07-24|2026-07-27|2026-07-28|2026-07-29|2026-07-30|2026-08-03|2026-08-04|2026-08-05|2026-08-06|2026-08-07|2026-08-10|2026-08-11|2026-08-12|2026-08-13|2026-08-14|2026-08-17|2026-08-18|2026-08-19|2026-08-20,2026-08-20 18:46:36,0.0
Darling Ingredients,,2026-07-07|2026-07-08|2026-07-09|2026-07-10|2026-07-13|2026-07-14|2026-07-15|2026-07-16|2026-07-17|2026-07-20|2026-07-23|2026-07-24|2026-07-27|2026-07-28|2026-07-29|2026-07-30|2026-08-03|2026-08-04|2026-08-05|2026-08-06|2026-08-07|2026-08-10|2026-08-11|2026-08-12|2026-08-13|2026-08-14|2026-08-17|2026-08-18|2026-08-19|2026-08-20,2026-08-20 18:46:36,0.0
Sonoco Products,,2026-07-07|2026-07-08|2026-07-09|2026-07-10|2026-07-13|2026-07-14|2026-07-15|2026-07-16|2026-07-17|2026-07-20|2026-07-23|2026-07-24|2026-07-27|2026-07-28|2026-07-29|2026-07-30|2026-08-03|2026-08-04|2026-08-05|2026-08-06|2026-08-07|2026-08-10|2026-08-11|2026-08-12|2026-08-13|2026-08-14|2026-08-17|2026-08-18|2026-08-19|2026-08-20,2026-08-20 18:46:36,0.0
Hyatt Hotels,,2026-07-07|2026-07-08|2026-07-09|2026-07-10|2026-07-13|2026-07-14|2026-07-15|2026-07-16|2026-07-17|2026-07-20|2026-07-23|2026-07-24|2026-07-27|2026-07-28|2026-07-29|2026-07-30|2026-08-03|2026-08-04|2026-08-05|2026-08-06|2026-08-07|2026-08-10|2026-08-11|2026-08-12|2026-08-13|2026-08-14|2026-08-17|2026-08-18|2026-08-19|2026-08-20,2026-08-20 18:46:36,0.0
McCormick & Company,,2026-07-08|2026-07-09|2026-07-10|2026-07-13|2026-07-14|2026-07-15|2026-07-16|2026-07-17|2026-07-20|2026-07-23|2026-07-24|2026-07-27|2026-07-28|2026-07-29|2026-07-30|2026-07-31|2026-08-03|2026-08-04|2026-08-05|2026-08-06|2026-08-07|2026-08-10|2026-08-11|2026-08-12|2026-08-13|2026-08-14|2026-08-17|2026-08-18|2026-08-19|2026-08-20,2026-08-20 18:46:36,0.0
Tapestry,,2026-07-07|2026-07-08|2026-07-09|2026-07-10|2026-07-13|2026-07-14|2026-07-15|2026-07-16|2026-07-17|2026-07-20|2026-07-23|2026-07-24|2026-07-27|2026-07-28|2026-07-29|2026-07-30|2026-08-03|2026-08-04|2026-08-05|2026-08-06|2026-08-07|2026-08-10|2026-08-11|2026-08-12|2026-08-13|2026-08-14|2026-08-17|2026-08-18|2026-08-19|2026-08-20,2026-08-20 18:46:36,0.0
CF Industries,,2026-07-08|2026-07-09|2026-07-10|2026-07-13|2026-07-14|2026-07-15|2026-07-16|2026-07-17|2026-07-20|2026-07-21|2026-07-23|2026-07-24|2026-07-27|2026-07-28|2026-07-29|2026-07-30|2026-08-03|2026-08-04|2026-08-05|2026-08-06|2026-08-07|2026-08-10|2026-08-11|2026-08-12|2026-08-13|2026-08-14|2026-08-17|2026-08-18|2026-08-19|2026-08-20,2026-08-20 18:46:36,0.0
Ametek,,2026-07-07|2026-07-08|2026-07-09|2026-07-10|2026-07-13|2026-07-14|2026-07-15|2026-07-16|2026-07-17|2026-07-20|2026-07-23|2026-07-24|2026-07-27|2026-07-28|2026-07-29|2026-07-30|2026-08-03|2026-08-04|2026-08-05|2026-08-06|2026-08-07|2026-08-10|2026-08-11|2026-08-12|2026-08-13|2026-08-14|2026-08-17|2026-08-18|2026-08-19|2026-08-20,2026-08-20 18:46:36,0.0
Wynn Resorts,,2026-07-08|2026-07-09|2026-07-10|2026-07-13|2026-07-14|2026-07-15|2026-07-16|2026-07-17|2026-07-20|2026-07-21|2026-07-23|2026-07-24|2026-07-27|2026-07-28|2026-07-29|2026-07-30|2026-08-03|2026-08-04|2026-08-05|2026-08-06|2026-08-07|2026-08-10|2026-08-11|2026-08-12|2026-08-13|2026-08-14|2026-08-17|2026-08-18|2026-08-19|2026-08-20,2026-08-20 18:46:36,0.0
Amkor Technology,,2026-07-10|2026-07-13|2026-07-14|2026-07-15|2026-07-16|2026-07-17|2026-07-20|2026-07-21|2026-07-22|2026-07-23|2026-07-24|2026-07-27|2026-07-28|2026-07-29|2026-07-30|2026-07-31|2026-08-03|2026-08-04|2026-08-05|2026-08-06|2026-08-07|2026-08-10|2026-08-11|2026-08-12|2026-08-13|2026-08-14|2026-08-17|2026-08-18|2026-08-19|2026-08-20,2026-08-20 18:46:36,0.0
Insperity,,2026-07-07|2026-07-08|2026-07-09|2026-07-10|2026-07-13|2026-07-14|2026-07-15|2026-07-16|2026-07-17|2026-07-20|2026-07-23|2026-07-24|2026-07-27|2026-07-28|2026-07-29|2026-07-30|2026-08-03|2026-08-04|2026-08-05|2026-08-06|2026-08-07|2026-08-10|2026-08-11|2026-08-12|2026-08-13|2026-08-14|2026-08-17|2026-08-18|2026-08-19|2026-08-20,2026-08-20 18:46:36,0.0
T Rowe Price,,2026-07-07|2026-07-08|2026-07-09|2026-07-10|2026-07-13|2026-07-14|2026-07-15|2026-07-16|2026-07-17|2026-07-20|2026-07-23|2026-07-24|2026-07-27|2026-07-28|2026-07-29|2026-07-30|2026-08-03|2026-08-04|2026-08-05|2026-08-06|2026-08-07|2026-08-10|2026-08-11|2026-08-12|2026-08-13|2026-08-14|2026-08-17|2026-08-18|2026-08-19|2026-08-20,2026-08-20 18:46:36,0.0
Ralph Lauren,,2026-07-07|2026-07-08|2026-07-09|2026-07-10|2026-07-13|2026-07-14|2026-07-15|2026-07-16|2026-07-17|2026-07-20|2026-07-23|2026-07-24|2026-07-27|2026-07-28|2026-07-29|2026-07-30|2026-08-03|2026-08-04|2026-08-05|2026-08-06|2026-08-07|2026-08-10|2026-08-11|2026-08-12|2026-08-13|2026-08-14|2026-08-17|2026-08-18|2026-08-19|2026-08-20,2026-08-20 18:46:36,0.0
KB Home,,2026-07-07|2026-07-08|2026-07-09|2026-07-10|2026-07-13|2026-07-14|2026-07-15|2026-07-16|2026-07-17|2026-07-20|2026-07-23|2026-07-24|2026-07-27|2026-07-28|2026-07-29|2026-07-30|2026-08-03|2026-08-04|2026-08-05|2026-08-06|2026-08-07|2026-08-10|2026-08-11|2026-08-12|2026-08-13|2026-08-14|2026-08-17|2026-08-18|2026-08-19|2026-08-20,2026-08-20 18:46:36,0.0
Brunswick Corporation,,2026-07-07|2026-07-08|2026-07-09|2026-07-10|2026-07-13|2026-07-14|2026-07-15|2026-07-16|2026-07-17|2026-07-20|2026-07-23|2026-07-24|2026-07-27|2026-07-28|2026-07-29|2026-07-30|2026-08-03|2026-08-04|2026-08-05|2026-08-06|2026-08-07|2026-08-10|2026-08-11|2026-08-12|2026-08-13|2026-08-14|2026-08-17|2026-08-18|2026-08-19|2026-08-20,2026-08-20 18:46:36,0.0
Robert Half,,2026-07-07|2026-07-08|2026-07-09|2026-07-10|2026-07-13|2026-07-14|2026-07-15|2026-07-16|2026-07-17|2026-07-20|2026-07-23|2026-07-24|2026-07-27|2026-07-28|2026-07-29|2026-07-30|2026-08-03|2026-08-04|2026-08-05|2026-08-06|2026-08-07|2026-08-10|2026-08-11|2026-08-12|2026-08-13|2026-08-14|2026-08-17|2026-08-18|2026-08-19|2026-08-20,2026-08-20 18:46:36,0.0
PENN Entertainment,,2026-07-08|2026-07-09|2026-07-10|2026-07-13|2026-07-14|2026-07-15|2026-07-16|2026-07-17|2026-07-20|2026-07-23|2026-07-24|2026-07-27|2026-07-28|2026-07-29|2026-07-30|2026-07-31|2026-08-03|2026-08-04|2026-08-05|2026-08-06|2026-08-07|2026-08-10|2026-08-11|2026-08-12|2026-08-13|2026-08-14|2026-08-17|2026-08-18|2026-08-19|2026-08-20,2026-08-20 18:46:36,0.0
NetApp,,2026-07-08|2026-07-09|2026-07-10|2026-07-13|2026-07-14|2026-07-15|2026-07-16|2026-07-17|2026-07-20|2026-07-23|2026-07-24|2026-07-27|2026-07-28|2026-07-29|2026-07-30|2026-07-31|2026-08-03|2026-08-04|2026-08-05|2026-08-06|2026-08-07|2026-08-10|2026-08-11|2026-08-12|2026-08-13|2026-08-14|2026-08-17|2026-08-18|2026-08-19|2026-08-20,2026-08-20 18:46:36,0.0
Organon,,2026-07-07|2026-07-08|2026-07-09|2026-07-10|2026-07-13|2026-07-14|2026-07-15|2026-07-16|2026-07-17|2026-07-20|2026-07-23|2026-07-24|2026-07-27|2026-07-28|2026-07-29|2026-07-30|2026-08-03|2026-08-04|2026-08-05|2026-08-06|2026-08-07|2026-08-10|2026-08-11|2026-08-12|2026-08-13|2026-08-14|2026-08-17|2026-08-18|2026-08-19|2026-08-20,2026-08-20 18:46:36,0.0
Petco Health and Wellness,,2026-07-08|2026-07-09|2026-07-10|2026-07-13|2026-07-14|2026-07-15|2026-07-16|2026-07-17|2026-07-20|2026-07-23|2026-07-24|2026-07-27|2026-07-28|2026-07-29|2026-07-30|2026-07-31|2026-08-03|2026-08-04|2026-08-05|2026-08-06|2026-08-07|2026-08-10|2026-08-11|2026-08-12|2026-08-13|2026-08-14|2026-08-17|2026-08-18|2026-08-19|2026-08-20,2026-08-20 18:46:36,0.0
Regal Rexnord,,2026-07-08|2026-07-09|2026-07-10|2026-07-13|2026-07-14|2026-07-15|2026-07-16|2026-07-17|2026-07-20|2026-07-21|2026-07-23|2026-07-24|2026-07-27|2026-07-28|2026-07-29|2026-07-30|2026-08-03|2026-08-04|2026-08-05|2026-08-06|2026-08-07|2026-08-10|2026-08-11|2026-08-12|2026-08-13|2026-08-14|2026-08-17|2026-08-18|2026-08-19|2026-08-20,2026-08-20 18:46:36,0.0
Resideo Technologies,,2026-07-10|2026-07-13|2026-07-14|2026-07-15|2026-07-16|2026-07-17|2026-07-20|2026-07-21|2026-07-22|2026-07-23|2026-07-24|2026-07-27|2026-07-28|2026-07-29|2026-07-30|2026-07-31|2026-08-03|2026-08-04|2026-08-05|2026-08-06|2026-08-07|2026-08-10|2026-08-11|2026-08-12|2026-08-13|2026-08-14|2026-08-17|2026-08-18|2026-08-19|2026-08-20,2026-08-20 18:46:36,0.0
Camping World,,2026-07-07|2026-07-08|2026-07-09|2026-07-10|2026-07-13|2026-07-14|2026-07-15|2026-07-16|2026-07-17|2026-07-20|2026-07-23|2026-07-24|2026-07-27|2026-07-28|2026-07-29|2026-07-30|2026-08-03|2026-08-04|2026-08-05|2026-08-06|2026-08-07|2026-08-10|2026-08-11|2026-08-12|2026-08-13|2026-08-14|2026-08-17|2026-08-18|2026-08-19|2026-08-20,2026-08-20 18:46:36,0.0
Huntsman Corporation,,2026-07-09|2026-07-10|2026-07-13|2026-07-14|2026-07-15|2026-07-16|2026-07-17|2026-07-20|2026-07-21|2026-07-23|2026-07-24|2026-07-27|2026-07-28|2026-07-29|2026-07-30|2026-07-31|2026-08-03|2026-08-04|2026-08-05|2026-08-06|2026-08-07|2026-08-10|2026-08-11|2026-08-12|2026-08-13|2026-08-14|2026-08-17|2026-08-18|2026-08-19|2026-08-20,2026-08-20 18:46:36,0.0
Levi Strauss,,2026-07-08|2026-07-09|2026-07-10|2026-07-13|2026-07-14|2026-07-15|2026-07-16|2026-07-17|2026-07-20|2026-07-22|2026-07-23|2026-07-24|2026-07-27|2026-07-28|2026-07-29|2026-07-30|2026-08-03|2026-08-04|2026-08-05|2026-08-06|2026-08-07|2026-08-10|2026-08-11|2026-08-12|2026-08-13|2026-08-14|2026-08-17|2026-08-18|2026-08-19|2026-08-20,2026-08-20 18:46:36,0.0
Roper Technologies,,2026-07-07|2026-07-08|2026-07-09|2026-07-10|2026-07-13|2026-07-14|2026-07-15|2026-07-16|2026-07-17|2026-07-20|2026-07-23|2026-07-24|2026-07-27|2026-07-28|2026-07-29|2026-07-30|2026-08-03|2026-08-04|2026-08-05|2026-08-06|2026-08-07|2026-08-10|2026-08-11|2026-08-12|2026-08-13|2026-08-14|2026-08-17|2026-08-18|2026-08-19|2026-08-20,2026-08-20 18:46:36,0.0
Academy Sports and Outdoors,,2026-07-07|2026-07-08|2026-07-09|2026-07-10|2026-07-13|2026-07-14|2026-07-15|2026-07-16|2026-07-17|2026-07-20|2026-07-23|2026-07-24|2026-07-27|2026-07-28|2026-07-29|2026-07-30|2026-08-03|2026-08-04|2026-08-05|2026-08-06|2026-08-07|2026-08-10|2026-08-11|2026-08-12|2026-08-13|2026-08-14|2026-08-17|2026-08-18|2026-08-19|2026-08-20,2026-08-20 18:46:36,0.0
Meritage Homes,,2026-07-07|2026-07-08|2026-07-09|2026-07-10|2026-07-13|2026-07-14|2026-07-15|2026-07-16|2026-07-17|2026-07-20|2026-07-23|2026-07-24|2026-07-27|2026-07-28|2026-07-29|2026-07-30|2026-08-03|2026-08-04|2026-08-05|2026-08-06|2026-08-07|2026-08-10|2026-08-11|2026-08-12|2026-08-13|2026-08-14|2026-08-17|2026-08-18|2026-08-19|2026-08-20,2026-08-20 18:46:36,0.0
Fortive,,2026-07-08|2026-07-09|2026-07-10|2026-07-13|2026-07-14|2026-07-15|2026-07-16|2026-07-17|2026-07-20|2026-07-23|2026-07-24|2026-07-27|2026-07-28|2026-07-29|2026-07-30|2026-07-31|2026-08-03|2026-08-04|2026-08-05|2026-08-06|2026-08-07|2026-08-10|2026-08-11|2026-08-12|2026-08-13|2026-08-14|2026-08-17|2026-08-18|2026-08-19|2026-08-20,2026-08-20 18:46:36,0.0
Nasdaq Inc,,2026-07-08|2026-07-09|2026-07-10|2026-07-13|2026-07-14|2026-07-15|2026-07-16|2026-07-17|2026-07-20|2026-07-23|2026-07-24|2026-07-27|2026-07-28|2026-07-29|2026-07-30|2026-07-31|2026-08-03|2026-08-04|2026-08-05|2026-08-06|2026-08-07|2026-08-10|2026-08-11|2026-08-12|2026-08-13|2026-08-14|2026-08-17|2026-08-18|2026-08-19|2026-08-20,2026-08-20 18:46:36,0.0
Broadridge Financial Solutions,,2026-07-07|2026-07-08|2026-07-09|2026-07-10|2026-07-13|2026-07-14|2026-07-15|2026-07-16|2026-07-17|2026-07-20|2026-07-23|2026-07-24|2026-07-27|2026-07-28|2026-07-29|2026-07-30|2026-08-03|2026-08-04|2026-08-05|2026-08-06|2026-08-07|2026-08-10|2026-08-11|2026-08-12|2026-08-13|2026-08-14|2026-08-17|2026-08-18|2026-08-19|2026-08-20,2026-08-20 18:46:36,0.0
Warner Music Group,,2026-07-07|2026-07-08|2026-07-09|2026-07-10|2026-07-13|2026-07-14|2026-07-15|2026-07-16|2026-07-17|2026-07-20|2026-07-23|2026-07-24|2026-07-27|2026-07-28|2026-07-29|2026-07-30|2026-08-03|2026-08-04|2026-08-05|2026-08-06|2026-08-07|2026-08-10|2026-08-11|2026-08-12|2026-08-13|2026-08-14|2026-08-17|2026-08-18|2026-08-19|2026-08-20,2026-08-20 18:46:36,0.0
Chemours,,2026-07-08|2026-07-09|2026-07-10|2026-07-13|2026-07-14|2026-07-15|2026-07-16|2026-07-17|2026-07-20|2026-07-21|2026-07-23|2026-07-24|2026-07-27|2026-07-28|2026-07-29|2026-07-30|2026-08-03|2026-08-04|2026-08-05|2026-08-06|2026-08-07|2026-08-10|2026-08-11|2026-08-12|2026-08-13|2026-08-14|2026-08-17|2026-08-18|2026-08-19|2026-08-20,2026-08-20 18:46:36,0.0
ADT Inc,,2026-07-07|2026-07-08|2026-07-09|2026-07-10|2026-07-13|2026-07-14|2026-07-15|2026-07-16|2026-07-17|2026-07-20|2026-07-23|2026-07-24|2026-07-27|2026-07-28|2026-07-29|2026-07-30|2026-08-03|2026-08-04|2026-08-05|2026-08-06|2026-08-07|2026-08-10|2026-08-11|2026-08-12|2026-08-13|2026-08-14|2026-08-17|2026-08-18|2026-08-19|2026-08-20,2026-08-20 18:46:36,0.0
Edwards Lifesciences,,2026-07-08|2026-07-09|2026-07-10|2026-07-13|2026-07-14|2026-07-15|2026-07-16|2026-07-17|2026-07-20|2026-07-23|2026-07-24|2026-07-27|2026-07-28|2026-07-29|2026-07-30|2026-07-31|2026-08-03|2026-08-04|2026-08-05|2026-08-06|2026-08-07|2026-08-10|2026-08-11|2026-08-12|2026-08-13|2026-08-14|2026-08-17|2026-08-18|2026-08-19|2026-08-20,2026-08-20 18:46:36,0.0
First American Financial,,2026-07-07|2026-07-08|2026-07-09|2026-07-10|2026-07-13|2026-07-14|2026-07-15|2026-07-16|2026-07-17|2026-07-20|2026-07-23|2026-07-24|2026-07-27|2026-07-28|2026-07-29|2026-07-30|2026-08-03|2026-08-04|2026-08-05|2026-08-06|2026-08-07|2026-08-10|2026-08-11|2026-08-12|2026-08-13|2026-08-14|2026-08-17|2026-08-18|2026-08-19|2026-08-20,2026-08-20 18:46:36,0.0
Hanover Insurance Group,,2026-07-07|2026-07-08|2026-07-09|2026-07-10|2026-07-13|2026-07-14|2026-07-15|2026-07-16|2026-07-17|2026-07-20|2026-07-23|2026-07-24|2026-07-27|2026-07-28|2026-07-29|2026-07-30|2026-08-03|2026-08-04|2026-08-05|2026-08-06|2026-08-07|2026-08-10|2026-08-11|2026-08-12|2026-08-13|2026-08-14|2026-08-17|2026-08-18|2026-08-19|2026-08-20,2026-08-20 18:46:36,0.0
Silgan,,2026-07-07|2026-07-08|2026-07-09|2026-07-10|2026-07-13|2026-07-14|2026-07-15|2026-07-16|2026-07-17|2026-07-20|2026-07-23|2026-07-24|2026-07-27|2026-07-28|2026-07-29|2026-07-30|2026-08-03|2026-08-04|2026-08-05|2026-08-06|2026-08-07|2026-08-10|2026-08-11|2026-08-12|2026-08-13|2026-08-14|2026-08-17|2026-08-18|2026-08-19|2026-08-20,2026-08-20 18:46:36,0.0
Moodys Corporation,,2026-07-07|2026-07-08|2026-07-09|2026-07-10|2026-07-13|2026-07-14|2026-07-15|2026-07-16|2026-07-17|2026-07-20|2026-07-23|2026-07-24|2026-07-27|2026-07-28|2026-07-29|2026-07-30|2026-08-03|2026-08-04|2026-08-05|2026-08-06|2026-08-07|2026-08-10|2026-08-11|2026-08-12|2026-08-13|2026-08-14|2026-08-17|2026-08-18|2026-08-19|2026-08-20,2026-08-20 18:46:36,0.0
Gartner,,2026-07-07|2026-07-08|2026-07-09|2026-07-10|2026-07-13|2026-07-14|2026-07-15|2026-07-16|2026-07-17|2026-07-20|2026-07-23|2026-07-24|2026-07-27|2026-07-28|2026-07-29|2026-07-30|2026-08-03|2026-08-04|2026-08-05|2026-08-06|2026-08-07|2026-08-10|2026-08-11|2026-08-12|2026-08-13|2026-08-14|2026-08-17|2026-08-18|2026-08-19|2026-08-20,2026-08-20 18:46:36,0.0
Under Armour,,2026-07-09|2026-07-10|2026-07-13|2026-07-14|2026-07-15|2026-07-16|2026-07-17|2026-07-20|2026-07-22|2026-07-23|2026-07-24|2026-07-27|2026-07-28|2026-07-29|2026-07-30|2026-07-31|2026-08-03|2026-08-04|2026-08-05|2026-08-06|2026-08-07|2026-08-10|2026-08-11|2026-08-12|2026-08-13|2026-08-14|2026-08-17|2026-08-18|2026-08-19|2026-08-20,2026-08-20 18:46:36,0.0
Ingles Markets,,2026-07-07|2026-07-08|2026-07-09|2026-07-10|2026-07-13|2026-07-14|2026-07-15|2026-07-16|2026-07-17|2026-07-20|2026-07-23|2026-07-24|2026-07-27|2026-07-28|2026-07-29|2026-07-30|2026-08-03|2026-08-04|2026-08-05|2026-08-06|2026-08-07|2026-08-10|2026-08-11|2026-08-12|2026-08-13|2026-08-14|2026-08-17|2026-08-18|2026-08-19|2026-08-20,2026-08-20 18:46:36,0.0
Church & Dwight,,2026-07-07|2026-07-08|2026-07-09|2026-07-10|2026-07-13|2026-07-14|2026-07-15|2026-07-16|2026-07-17|2026-07-20|2026-07-23|2026-07-24|2026-07-27|2026-07-28|2026-07-29|2026-07-30|2026-08-03|2026-08-04|2026-08-05|2026-08-06|2026-08-07|2026-08-10|2026-08-11|2026-08-12|2026-08-13|2026-08-14|2026-08-17|2026-08-18|2026-08-19|2026-08-20,2026-08-20 18:46:36,0.0
Old Dominion Freight Line,,2026-07-07|2026-07-08|2026-07-09|2026-07-10|2026-07-13|2026-07-14|2026-07-15|2026-07-16|2026-07-17|2026-07-20|2026-07-23|2026-07-24|2026-07-27|2026-07-28|2026-07-29|2026-07-30|2026-08-03|2026-08-04|2026-08-05|2026-08-06|2026-08-07|2026-08-10|2026-08-11|2026-08-12|2026-08-13|2026-08-14|2026-08-17|2026-08-18|2026-08-19|2026-08-20,2026-08-20 18:46:36,0.0
U-Haul,,2026-07-07|2026-07-08|2026-07-09|2026-07-10|2026-07-13|2026-07-14|2026-07-15|2026-07-16|2026-07-17|2026-07-20|2026-07-23|2026-07-24|2026-07-27|2026-07-28|2026-07-29|2026-07-30|2026-08-03|2026-08-04|2026-08-05|2026-08-06|2026-08-07|2026-08-10|2026-08-11|2026-08-12|2026-08-13|2026-08-14|2026-08-17|2026-08-18|2026-08-19|2026-08-20,2026-08-20 18:46:36,0.0
Arista Networks,,2026-07-10|2026-07-13|2026-07-14|2026-07-15|2026-07-16|2026-07-17|2026-07-20|2026-07-21|2026-07-22|2026-07-23|2026-07-24|2026-07-27|2026-07-28|2026-07-29|2026-07-30|2026-07-31|2026-08-03|2026-08-04|2026-08-05|2026-08-06|2026-08-07|2026-08-10|2026-08-11|2026-08-12|2026-08-13|2026-08-14|2026-08-17|2026-08-18|2026-08-19|2026-08-20,2026-08-20 18:46:36,0.0
Synopsys,,2026-07-10|2026-07-13|2026-07-14|2026-07-15|2026-07-16|2026-07-17|2026-07-20|2026-07-21|2026-07-22|2026-07-23|2026-07-24|2026-07-27|2026-07-28|2026-07-29|2026-07-30|2026-07-31|2026-08-03|2026-08-04|2026-08-05|2026-08-06|2026-08-07|2026-08-10|2026-08-11|2026-08-12|2026-08-13|2026-08-14|2026-08-17|2026-08-18|2026-08-19|2026-08-20,2026-08-20 18:46:36,0.0
Harley-Davidson,,2026-07-07|2026-07-08|2026-07-09|2026-07-10|2026-07-13|2026-07-14|2026-07-15|2026-07-16|2026-07-17|2026-07-20|2026-07-23|2026-07-24|2026-07-27|2026-07-28|2026-07-29|2026-07-30|2026-08-03|2026-08-04|2026-08-05|2026-08-06|2026-08-07|2026-08-10|2026-08-11|2026-08-12|2026-08-13|2026-08-14|2026-08-17|2026-08-18|2026-08-19|2026-08-20,2026-08-20 18:46:36,0.0
Primoris Services,,2026-07-07|2026-07-08|2026-07-09|2026-07-10|2026-07-13|2026-07-14|2026-07-15|2026-07-16|2026-07-17|2026-07-20|2026-07-23|2026-07-24|2026-07-27|2026-07-28|2026-07-29|2026-07-30|2026-08-03|2026-08-04|2026-08-05|2026-08-06|2026-08-07|2026-08-10|2026-08-11|2026-08-12|2026-08-13|2026-08-14|2026-08-17|2026-08-18|2026-08-19|2026-08-20,2026-08-20 18:46:36,0.0
Carlisle Companies,,2026-07-07|2026-07-08|2026-07-09|2026-07-10|2026-07-13|2026-07-14|2026-07-15|2026-07-16|2026-07-17|2026-07-20|2026-07-23|2026-07-24|2026-07-27|2026-07-28|2026-07-29|2026-07-30|2026-08-03|2026-08-04|2026-08-05|2026-08-06|2026-08-07|2026-08-10|2026-08-11|2026-08-12|2026-08-13|2026-08-14|2026-08-17|2026-08-18|2026-08-19|2026-08-20,2026-08-20 18:46:36,0.0
Simon Property Group,,2026-07-08|2026-07-09|2026-07-10|2026-07-13|2026-07-14|2026-07-15|2026-07-16|2026-07-17|2026-07-20|2026-07-23|2026-07-24|2026-07-27|2026-07-28|2026-07-29|2026-07-30|2026-07-31|2026-08-03|2026-08-04|2026-08-05|2026-08-06|2026-08-07|2026-08-10|2026-08-11|2026-08-12|2026-08-13|2026-08-14|2026-08-17|2026-08-18|2026-08-19|2026-08-20,2026-08-20 18:46:36,0.0
Teledyne Technologies,,2026-07-08|2026-07-09|2026-07-10|2026-07-13|2026-07-14|2026-07-15|2026-07-16|2026-07-17|2026-07-20|2026-07-21|2026-07-23|2026-07-24|2026-07-27|2026-07-28|2026-07-29|2026-07-30|2026-08-03|2026-08-04|2026-08-05|2026-08-06|2026-08-07|2026-08-10|2026-08-11|2026-08-12|2026-08-13|2026-08-14|2026-08-17|2026-08-18|2026-08-19|2026-08-20,2026-08-20 18:46:36,0.0
CME Group,,2026-07-10|2026-07-13|2026-07-14|2026-07-15|2026-07-16|2026-07-17|2026-07-20|2026-07-21|2026-07-22|2026-07-23|2026-07-24|2026-07-27|2026-07-28|2026-07-29|2026-07-30|2026-07-31|2026-08-03|2026-08-04|2026-08-05|2026-08-06|2026-08-07|2026-08-10|2026-08-11|2026-08-12|2026-08-13|2026-08-14|2026-08-17|2026-08-18|2026-08-19|2026-08-20,2026-08-20 18:46:36,0.0
Coty,,2026-07-08|2026-07-09|2026-07-10|2026-07-13|2026-07-14|2026-07-15|2026-07-16|2026-07-17|2026-07-20|2026-07-23|2026-07-24|2026-07-27|2026-07-28|2026-07-29|2026-07-30|2026-07-31|2026-08-03|2026-08-04|2026-08-05|2026-08-06|2026-08-07|2026-08-10|2026-08-11|2026-08-12|2026-08-13|2026-08-14|2026-08-17|2026-08-18|2026-08-19|2026-08-20,2026-08-20 18:46:36,0.0
Pool Corporation,,2026-07-09|2026-07-10|2026-07-13|2026-07-14|2026-07-15|2026-07-16|2026-07-17|2026-07-20|2026-07-22|2026-07-23|2026-07-24|2026-07-27|2026-07-28|2026-07-29|2026-07-30|2026-07-31|2026-08-03|2026-08-04|2026-08-05|2026-08-06|2026-08-07|2026-08-10|2026-08-11|2026-08-12|2026-08-13|2026-08-14|2026-08-17|2026-08-18|2026-08-19|2026-08-20,2026-08-20 18:46:36,0.0
Evergy,,2026-07-07|2026-07-08|2026-07-09|2026-07-10|2026-07-13|2026-07-14|2026-07-15|2026-07-16|2026-07-17|2026-07-20|2026-07-23|2026-07-24|2026-07-27|2026-07-28|2026-07-29|2026-07-30|2026-08-03|2026-08-04|2026-08-05|2026-08-06|2026-08-07|2026-08-10|2026-08-11|2026-08-12|2026-08-13|2026-08-14|2026-08-17|2026-08-18|2026-08-19|2026-08-20,2026-08-20 18:46:36,0.0
Marvell Technology,,2026-07-10|2026-07-13|2026-07-14|2026-07-15|2026-07-16|2026-07-17|2026-07-20|2026-07-21|2026-07-22|2026-07-23|2026-07-24|2026-07-27|2026-07-28|2026-07-29|2026-07-30|2026-07-31|2026-08-03|2026-08-04|2026-08-05|2026-08-06|2026-08-07|2026-08-10|2026-08-11|2026-08-12|2026-08-13|2026-08-14|2026-08-17|2026-08-18|2026-08-19|2026-08-20,2026-08-20 18:46:36,0.0
NiSource,,2026-07-08|2026-07-09|2026-07-10|2026-07-13|2026-07-14|2026-07-15|2026-07-16|2026-07-17|2026-07-20|2026-07-23|2026-07-24|2026-07-27|2026-07-28|2026-07-29|2026-07-30|2026-07-31|2026-08-03|2026-08-04|2026-08-05|2026-08-06|2026-08-07|2026-08-10|2026-08-11|2026-08-12|2026-08-13|2026-08-14|2026-08-17|2026-08-18|2026-08-19|2026-08-20,2026-08-20 18:46:36,0.0
SS&C Technologies,,2026-07-07|2026-07-08|2026-07-09|2026-07-10|2026-07-13|2026-07-14|2026-07-15|2026-07-16|2026-07-17|2026-07-20|2026-07-23|2026-07-24|2026-07-27|2026-07-28|2026-07-29|2026-07-30|2026-08-03|2026-08-04|2026-08-05|2026-08-06|2026-08-07|2026-08-10|2026-08-11|2026-08-12|2026-08-13|2026-08-14|2026-08-17|2026-08-18|2026-08-19|2026-08-20,2026-08-20 18:46:36,0.0
Schneider National,,2026-07-07|2026-07-08|2026-07-09|2026-07-10|2026-07-13|2026-07-14|2026-07-15|2026-07-16|2026-07-17|2026-07-20|2026-07-23|2026-07-24|2026-07-27|2026-07-28|2026-07-29|2026-07-30|2026-08-03|2026-08-04|2026-08-05|2026-08-06|2026-08-07|2026-08-10|2026-08-11|2026-08-12|2026-08-13|2026-08-14|2026-08-17|2026-08-18|2026-08-19|2026-08-20,2026-08-20 18:46:36,0.0
Autodesk,,2026-07-07|2026-07-08|2026-07-09|2026-07-10|2026-07-13|2026-07-14|2026-07-15|2026-07-16|2026-07-17|2026-07-20|2026-07-23|2026-07-24|2026-07-27|2026-07-28|2026-07-29|2026-07-30|2026-08-03|2026-08-04|2026-08-05|2026-08-06|2026-08-07|2026-08-10|2026-08-11|2026-08-12|2026-08-13|2026-08-14|2026-08-17|2026-08-18|2026-08-19|2026-08-20,2026-08-20 18:46:36,0.0
Iron Mountain,,2026-07-08|2026-07-09|2026-07-10|2026-07-13|2026-07-14|2026-07-15|2026-07-16|2026-07-17|2026-07-20|2026-07-23|2026-07-24|2026-07-27|2026-07-28|2026-07-29|2026-07-30|2026-07-31|2026-08-03|2026-08-04|2026-08-05|2026-08-06|2026-08-07|2026-08-10|2026-08-11|2026-08-12|2026-08-13|2026-08-14|2026-08-17|2026-08-18|2026-08-19|2026-08-20,2026-08-20 18:46:36,0.0
Digital Realty Trust,,2026-07-09|2026-07-10|2026-07-13|2026-07-14|2026-07-15|2026-07-16|2026-07-17|2026-07-20|2026-07-22|2026-07-23|2026-07-24|2026-07-27|2026-07-28|2026-07-29|2026-07-30|2026-07-31|2026-08-03|2026-08-04|2026-08-05|2026-08-06|2026-08-07|2026-08-10|2026-08-11|2026-08-12|2026-08-13|2026-08-14|2026-08-17|2026-08-18|2026-08-19|2026-08-20,2026-08-20 18:46:36,0.0
Keysight Technologies,,2026-07-07|2026-07-08|2026-07-09|2026-07-10|2026-07-13|2026-07-14|2026-07-15|2026-07-16|2026-07-17|2026-07-20|2026-07-23|2026-07-24|2026-07-27|2026-07-28|2026-07-29|2026-07-30|2026-08-03|2026-08-04|2026-08-05|2026-08-06|2026-08-07|2026-08-10|2026-08-11|2026-08-12|2026-08-13|2026-08-14|2026-08-17|2026-08-18|2026-08-19|2026-08-20,2026-08-20 18:46:36,0.0
Globe Life,,2026-07-07|2026-07-08|2026-07-09|2026-07-10|2026-07-13|2026-07-14|2026-07-15|2026-07-16|2026-07-17|2026-07-20|2026-07-23|2026-07-24|2026-07-27|2026-07-28|2026-07-29|2026-07-30|2026-08-03|2026-08-04|2026-08-05|2026-08-06|2026-08-07|2026-08-10|2026-08-11|2026-08-12|2026-08-13|2026-08-14|2026-08-17|2026-08-18|2026-08-19|2026-08-20,2026-08-20 18:46:36,0.0
Parsons Corporation,,2026-07-07|2026-07-08|2026-07-09|2026-07-10|2026-07-13|2026-07-14|2026-07-15|2026-07-16|2026-07-17|2026-07-20|2026-07-23|2026-07-24|2026-07-27|2026-07-28|2026-07-29|2026-07-30|2026-08-03|2026-08-04|2026-08-05|2026-08-06|2026-08-07|2026-08-10|2026-08-11|2026-08-12|2026-08-13|2026-08-14|2026-08-17|2026-08-18|2026-08-19|2026-08-20,2026-08-20 18:46:36,0.0
Mattel,,2026-07-07|2026-07-08|2026-07-09|2026-07-10|2026-07-13|2026-07-14|2026-07-15|2026-07-16|2026-07-17|2026-07-20|2026-07-23|2026-07-24|2026-07-27|2026-07-28|2026-07-29|2026-07-30|2026-08-03|2026-08-04|2026-08-05|2026-08-06|2026-08-07|2026-08-10|2026-08-11|2026-08-12|2026-08-13|2026-08-14|2026-08-17|2026-08-18|2026-08-19|2026-08-20,2026-08-20 18:46:36,0.0
Southwest Gas Holdings,,2026-07-07|2026-07-08|2026-07-09|2026-07-10|2026-07-13|2026-07-14|2026-07-15|2026-07-16|2026-07-17|2026-07-20|2026-07-23|2026-07-24|2026-07-27|2026-07-28|2026-07-29|2026-07-30|2026-08-03|2026-08-04|2026-08-05|2026-08-06|2026-08-07|2026-08-10|2026-08-11|2026-08-12|2026-08-13|2026-08-14|2026-08-17|2026-08-18|2026-08-19|2026-08-20,2026-08-20 18:46:36,0.0
Clean Harbors,,2026-07-07|2026-07-08|2026-07-09|2026-07-10|2026-07-13|2026-07-14|2026-07-15|2026-07-16|2026-07-17|2026-07-20|2026-07-23|2026-07-24|2026-07-27|2026-07-28|2026-07-29|2026-07-30|2026-08-03|2026-08-04|2026-08-05|2026-08-06|2026-08-07|2026-08-10|2026-08-11|2026-08-12|2026-08-13|2026-08-14|2026-08-17|2026-08-18|2026-08-19|2026-08-20,2026-08-20 18:46:36,0.0
Hubbell Incorporated,,2026-07-10|2026-07-13|2026-07-14|2026-07-15|2026-07-16|2026-07-17|2026-07-20|2026-07-21|2026-07-22|2026-07-23|2026-07-24|2026-07-27|2026-07-28|2026-07-29|2026-07-30|2026-07-31|2026-08-03|2026-08-04|2026-08-05|2026-08-06|2026-08-07|2026-08-10|2026-08-11|2026-08-12|2026-08-13|2026-08-14|2026-08-17|2026-08-18|2026-08-19|2026-08-20,2026-08-20 18:46:36,0.0
Lamb Weston,,2026-07-07|2026-07-08|2026-07-09|2026-07-10|2026-07-13|2026-07-14|2026-07-15|2026-07-16|2026-07-17|2026-07-20|2026-07-23|2026-07-24|2026-07-27|2026-07-28|2026-07-29|2026-07-30|2026-08-03|2026-08-04|2026-08-05|2026-08-06|2026-08-07|2026-08-10|2026-08-11|2026-08-12|2026-08-13|2026-08-14|2026-08-17|2026-08-18|2026-08-19|2026-08-20,2026-08-20 18:46:36,0.0
Take-Two Interactive Software,,2026-07-09|2026-07-10|2026-07-13|2026-07-14|2026-07-15|2026-07-16|2026-07-17|2026-07-20|2026-07-21|2026-07-23|2026-07-24|2026-07-27|2026-07-28|2026-07-29|2026-07-30|2026-07-31|2026-08-03|2026-08-04|2026-08-05|2026-08-06|2026-08-07|2026-08-10|2026-08-11|2026-08-12|2026-08-13|2026-08-14|2026-08-17|2026-08-18|2026-08-19|2026-08-20,2026-08-20 18:46:36,0.0
Landstar System,,2026-07-08|2026-07-09|2026-07-10|2026-07-13|2026-07-14|2026-07-15|2026-07-16|2026-07-17|2026-07-20|2026-07-23|2026-07-24|2026-07-27|2026-07-28|2026-07-29|2026-07-30|2026-07-31|2026-08-03|2026-08-04|2026-08-05|2026-08-06|2026-08-07|2026-08-10|2026-08-11|2026-08-12|2026-08-13|2026-08-14|2026-08-17|2026-08-18|2026-08-19|2026-08-20,2026-08-20 18:46:36,0.0
Host Hotels & Resorts,,2026-07-09|2026-07-10|2026-07-13|2026-07-14|2026-07-15|2026-07-16|2026-07-17|2026-07-20|2026-07-22|2026-07-23|2026-07-24|2026-07-27|2026-07-28|2026-07-29|2026-07-30|2026-07-31|2026-08-03|2026-08-04|2026-08-05|2026-08-06|2026-08-07|2026-08-10|2026-08-11|2026-08-12|2026-08-13|2026-08-14|2026-08-17|2026-08-18|2026-08-19|2026-08-20,2026-08-20 18:46:36,0.0
Fortinet,,2026-07-10|2026-07-13|2026-07-14|2026-07-15|2026-07-16|2026-07-17|2026-07-20|2026-07-21|2026-07-22|2026-07-23|2026-07-24|2026-07-27|2026-07-28|2026-07-29|2026-07-30|2026-07-31|2026-08-03|2026-08-04|2026-08-05|2026-08-06|2026-08-07|2026-08-10|2026-08-11|2026-08-12|2026-08-13|2026-08-14|2026-08-17|2026-08-18|2026-08-19|2026-08-20,2026-08-20 18:46:36,0.0
OneMain,,2026-07-07|2026-07-08|2026-07-09|2026-07-10|2026-07-13|2026-07-14|2026-07-15|2026-07-16|2026-07-17|2026-07-20|2026-07-23|2026-07-24|2026-07-27|2026-07-28|2026-07-29|2026-07-30|2026-08-03|2026-08-04|2026-08-05|2026-08-06|2026-08-07|2026-08-10|2026-08-11|2026-08-12|2026-08-13|2026-08-14|2026-08-17|2026-08-18|2026-08-19|2026-08-20,2026-08-20 18:46:36,0.0
GameStop,,2026-07-10|2026-07-13|2026-07-14|2026-07-15|2026-07-16|2026-07-17|2026-07-20|2026-07-21|2026-07-22|2026-07-23|2026-07-24|2026-07-27|2026-07-28|2026-07-29|2026-07-30|2026-07-31|2026-08-03|2026-08-04|2026-08-05|2026-08-06|2026-08-07|2026-08-10|2026-08-11|2026-08-12|2026-08-13|2026-08-14|2026-08-17|2026-08-18|2026-08-19|2026-08-20,2026-08-20 18:46:36,0.0
Equifax,,2026-07-07|2026-07-08|2026-07-09|2026-07-10|2026-07-13|2026-07-14|2026-07-15|2026-07-16|2026-07-17|2026-07-20|2026-07-23|2026-07-24|2026-07-27|2026-07-28|2026-07-29|2026-07-30|2026-08-03|2026-08-04|2026-08-05|2026-08-06|2026-08-07|2026-08-10|2026-08-11|2026-08-12|2026-08-13|2026-08-14|2026-08-17|2026-08-18|2026-08-19|2026-08-20,2026-08-20 18:46:36,0.0
American Eagle Outfitters,,2026-07-07|2026-07-08|2026-07-09|2026-07-10|2026-07-13|2026-07-14|2026-07-15|2026-07-16|2026-07-17|2026-07-20|2026-07-23|2026-07-24|2026-07-27|2026-07-28|2026-07-29|2026-07-30|2026-08-03|2026-08-04|2026-08-05|2026-08-06|2026-08-07|2026-08-10|2026-08-11|2026-08-12|2026-08-13|2026-08-14|2026-08-17|2026-08-18|2026-08-19|2026-08-20,2026-08-20 18:46:36,0.0
Greif,,2026-07-07|2026-07-08|2026-07-09|2026-07-10|2026-07-13|2026-07-14|2026-07-15|2026-07-16|2026-07-17|2026-07-20|2026-07-23|2026-07-24|2026-07-27|2026-07-28|2026-07-29|2026-07-30|2026-08-03|2026-08-04|2026-08-05|2026-08-06|2026-08-07|2026-08-10|2026-08-11|2026-08-12|2026-08-13|2026-08-14|2026-08-17|2026-08-18|2026-08-19|2026-08-20,2026-08-20 18:46:36,0.0
Comfort Systems USA,,2026-07-08|2026-07-09|2026-07-10|2026-07-13|2026-07-14|2026-07-15|2026-07-16|2026-07-17|2026-07-20|2026-07-22|2026-07-23|2026-07-24|2026-07-27|2026-07-28|2026-07-29|2026-07-30|2026-08-03|2026-08-04|2026-08-05|2026-08-06|2026-08-07|2026-08-10|2026-08-11|2026-08-12|2026-08-13|2026-08-14|2026-08-17|2026-08-18|2026-08-19|2026-08-20,2026-08-20 18:46:36,0.0
TopBuild,,2026-06-30,2026-08-20 18:46:36,0.0
Bread Financial,,2026-07-07|2026-07-08|2026-07-09|2026-07-10|2026-07-13|2026-07-14|2026-07-15|2026-07-16|2026-07-17|2026-07-20|2026-07-23|2026-07-24|2026-07-27|2026-07-28|2026-07-29|2026-07-30|2026-08-03|2026-08-04|2026-08-05|2026-08-06|2026-08-07|2026-08-10|2026-08-11|2026-08-12|2026-08-13|2026-08-14|2026-08-17|2026-08-18|2026-08-19|2026-08-20,2026-08-20 18:46:36,0.0
Coherent,,2026-07-10|2026-07-13|2026-07-14|2026-07-15|2026-07-16|2026-07-17|2026-07-20|2026-07-21|2026-07-22|2026-07-23|2026-07-24|2026-07-27|2026-07-28|2026-07-29|2026-07-30|2026-07-31|2026-08-03|2026-08-04|2026-08-05|2026-08-06|2026-08-07|2026-08-10|2026-08-11|2026-08-12|2026-08-13|2026-08-14|2026-08-17|2026-08-18|2026-08-19|2026-08-20,2026-08-20 18:46:36,0.0
Telephone & Data Systems,,2026-07-07|2026-07-08|2026-07-09|2026-07-10|2026-07-13|2026-07-14|2026-07-15|2026-07-16|2026-07-17|2026-07-20|2026-07-23|2026-07-24|2026-07-27|2026-07-28|2026-07-29|2026-07-30|2026-08-03|2026-08-04|2026-08-05|2026-08-06|2026-08-07|2026-08-10|2026-08-11|2026-08-12|2026-08-13|2026-08-14|2026-08-17|2026-08-18|2026-08-19|2026-08-20,2026-08-20 18:46:36,0.0
Stifel Financial,,2026-07-07|2026-07-08|2026-07-09|2026-07-10|2026-07-13|2026-07-14|2026-07-15|2026-07-16|2026-07-17|2026-07-20|2026-07-23|2026-07-24|2026-07-27|2026-07-28|2026-07-29|2026-07-30|2026-08-03|2026-08-04|2026-08-05|2026-08-06|2026-08-07|2026-08-10|2026-08-11|2026-08-12|2026-08-13|2026-08-14|2026-08-17|2026-08-18|2026-08-19|2026-08-20,2026-08-20 18:46:36,0.0
Urban Outfitters,,2026-07-07|2026-07-08|2026-07-09|2026-07-10|2026-07-13|2026-07-14|2026-07-15|2026-07-16|2026-07-17|2026-07-20|2026-07-23|2026-07-24|2026-07-27|2026-07-28|2026-07-29|2026-07-30|2026-08-03|2026-08-04|2026-08-05|2026-08-06|2026-08-07|2026-08-10|2026-08-11|2026-08-12|2026-08-13|2026-08-14|2026-08-17|2026-08-18|2026-08-19|2026-08-20,2026-08-20 18:46:36,0.0
Terex,,2026-07-07|2026-07-08|2026-07-09|2026-07-10|2026-07-13|2026-07-14|2026-07-15|2026-07-16|2026-07-17|2026-07-20|2026-07-23|2026-07-24|2026-07-27|2026-07-28|2026-07-29|2026-07-30|2026-08-03|2026-08-04|2026-08-05|2026-08-06|2026-08-07|2026-08-10|2026-08-11|2026-08-12|2026-08-13|2026-08-14|2026-08-17|2026-08-18|2026-08-19|2026-08-20,2026-08-20 18:46:36,0.0
Snap-on,,2026-07-07|2026-07-08|2026-07-09|2026-07-10|2026-07-13|2026-07-14|2026-07-15|2026-07-16|2026-07-17|2026-07-20|2026-07-23|2026-07-24|2026-07-27|2026-07-28|2026-07-29|2026-07-30|2026-08-03|2026-08-04|2026-08-05|2026-08-06|2026-08-07|2026-08-10|2026-08-11|2026-08-12|2026-08-13|2026-08-14|2026-08-17|2026-08-18|2026-08-19|2026-08-20,2026-08-20 18:46:36,0.0
Flowers Foods,,2026-07-10|2026-07-13|2026-07-14|2026-07-15|2026-07-16|2026-07-17|2026-07-20|2026-07-21|2026-07-22|2026-07-23|2026-07-24|2026-07-27|2026-07-28|2026-07-29|2026-07-30|2026-07-31|2026-08-03|2026-08-04|2026-08-05|2026-08-06|2026-08-07|2026-08-10|2026-08-11|2026-08-12|2026-08-13|2026-08-14|2026-08-17|2026-08-18|2026-08-19|2026-08-20,2026-08-20 18:46:36,0.0
First Horizon,,2026-07-07|2026-07-08|2026-07-09|2026-07-10|2026-07-13|2026-07-14|2026-07-15|2026-07-16|2026-07-17|2026-07-20|2026-07-23|2026-07-24|2026-07-27|2026-07-28|2026-07-29|2026-07-30|2026-08-03|2026-08-04|2026-08-05|2026-08-06|2026-08-07|2026-08-10|2026-08-11|2026-08-12|2026-08-13|2026-08-14|2026-08-17|2026-08-18|2026-08-19|2026-08-20,2026-08-20 18:46:36,0.0
Paychex,,2026-07-09|2026-07-10|2026-07-13|2026-07-14|2026-07-15|2026-07-16|2026-07-17|2026-07-20|2026-07-22|2026-07-23|2026-07-24|2026-07-27|2026-07-28|2026-07-29|2026-07-30|2026-07-31|2026-08-03|2026-08-04|2026-08-05|2026-08-06|2026-08-07|2026-08-10|2026-08-11|2026-08-12|2026-08-13|2026-08-14|2026-08-17|2026-08-18|2026-08-19|2026-08-20,2026-08-20 18:46:36,0.0
Hasbro,,2026-07-07|2026-07-08|2026-07-09|2026-07-10|2026-07-13|2026-07-14|2026-07-15|2026-07-16|2026-07-17|2026-07-20|2026-07-23|2026-07-24|2026-07-27|2026-07-28|2026-07-29|2026-07-30|2026-08-03|2026-08-04|2026-08-05|2026-08-06|2026-08-07|2026-08-10|2026-08-11|2026-08-12|2026-08-13|2026-08-14|2026-08-17|2026-08-18|2026-08-19|2026-08-20,2026-08-20 18:46:36,0.0
Ares Management,,2026-07-08|2026-07-09|2026-07-10|2026-07-13|2026-07-14|2026-07-15|2026-07-16|2026-07-17|2026-07-20|2026-07-23|2026-07-24|2026-07-27|2026-07-28|2026-07-29|2026-07-30|2026-07-31|2026-08-03|2026-08-04|2026-08-05|2026-08-06|2026-08-07|2026-08-10|2026-08-11|2026-08-12|2026-08-13|2026-08-14|2026-08-17|2026-08-18|2026-08-19|2026-08-20,2026-08-20 18:46:36,0.0
Lennox International,,2026-07-07|2026-07-08|2026-07-09|2026-07-10|2026-07-13|2026-07-14|2026-07-15|2026-07-16|2026-07-17|2026-07-20|2026-07-23|2026-07-24|2026-07-27|2026-07-28|2026-07-29|2026-07-30|2026-08-03|2026-08-04|2026-08-05|2026-08-06|2026-08-07|2026-08-10|2026-08-11|2026-08-12|2026-08-13|2026-08-14|2026-08-17|2026-08-18|2026-08-19|2026-08-20,2026-08-20 18:46:36,0.0
Peabody Energy,,2026-07-08|2026-07-09|2026-07-10|2026-07-13|2026-07-14|2026-07-15|2026-07-16|2026-07-17|2026-07-20|2026-07-22|2026-07-23|2026-07-24|2026-07-27|2026-07-28|2026-07-29|2026-07-30|2026-08-03|2026-08-04|2026-08-05|2026-08-06|2026-08-07|2026-08-10|2026-08-11|2026-08-12|2026-08-13|2026-08-14|2026-08-17|2026-08-18|2026-08-19|2026-08-20,2026-08-20 18:46:36,0.0
Kemper Corporation,,2026-07-07|2026-07-08|2026-07-09|2026-07-10|2026-07-13|2026-07-14|2026-07-15|2026-07-16|2026-07-17|2026-07-20|2026-07-23|2026-07-24|2026-07-27|2026-07-28|2026-07-29|2026-07-30|2026-08-03|2026-08-04|2026-08-05|2026-08-06|2026-08-07|2026-08-10|2026-08-11|2026-08-12|2026-08-13|2026-08-14|2026-08-17|2026-08-18|2026-08-19|2026-08-20,2026-08-20 18:46:36,0.0
Nexstar Media Group,,2026-07-07|2026-07-08|2026-07-09|2026-07-10|2026-07-13|2026-07-14|2026-07-15|2026-07-16|2026-07-17|2026-07-20|2026-07-23|2026-07-24|2026-07-27|2026-07-28|2026-07-29|2026-07-30|2026-08-03|2026-08-04|2026-08-05|2026-08-06|2026-08-07|2026-08-10|2026-08-11|2026-08-12|2026-08-13|2026-08-14|2026-08-17|2026-08-18|2026-08-19|2026-08-20,2026-08-20 18:46:36,0.0
TriNet Group,,2026-07-07|2026-07-08|2026-07-09|2026-07-10|2026-07-13|2026-07-14|2026-07-15|2026-07-16|2026-07-17|2026-07-20|2026-07-23|2026-07-24|2026-07-27|2026-07-28|2026-07-29|2026-07-30|2026-08-03|2026-08-04|2026-08-05|2026-08-06|2026-08-07|2026-08-10|2026-08-11|2026-08-12|2026-08-13|2026-08-14|2026-08-17|2026-08-18|2026-08-19|2026-08-20,2026-08-20 18:46:36,0.0
Worthington Enterprises,,2026-07-07|2026-07-08|2026-07-09|2026-07-10|2026-07-13|2026-07-14|2026-07-15|2026-07-16|2026-07-17|2026-07-20|2026-07-23|2026-07-24|2026-07-27|2026-07-28|2026-07-29|2026-07-30|2026-08-03|2026-08-04|2026-08-05|2026-08-06|2026-08-07|2026-08-10|2026-08-11|2026-08-12|2026-08-13|2026-08-14|2026-08-17|2026-08-18|2026-08-19|2026-08-20,2026-08-20 18:46:36,0.0
Maximus,,2026-07-07|2026-07-08|2026-07-09|2026-07-10|2026-07-13|2026-07-14|2026-07-15|2026-07-16|2026-07-17|2026-07-20|2026-07-23|2026-07-24|2026-07-27|2026-07-28|2026-07-29|2026-07-30|2026-08-03|2026-08-04|2026-08-05|2026-08-06|2026-08-07|2026-08-10|2026-08-11|2026-08-12|2026-08-13|2026-08-14|2026-08-17|2026-08-18|2026-08-19|2026-08-20,2026-08-20 18:46:36,0.0
Compass Group,,2026-07-09|2026-07-10|2026-07-13|2026-07-14|2026-07-15|2026-07-16|2026-07-17|2026-07-20|2026-07-21|2026-07-22|2026-07-23|2026-07-24|2026-07-27|2026-07-28|2026-07-29|2026-07-30|2026-08-03|2026-08-04|2026-08-05|2026-08-06|2026-08-07|2026-08-10|2026-08-11|2026-08-12|2026-08-13|2026-08-14|2026-08-17|2026-08-18|2026-08-19|2026-08-20,2026-08-20 18:46:36,0.0
Brinks Company,,2026-07-07|2026-07-08|2026-07-09|2026-07-10|2026-07-13|2026-07-14|2026-07-15|2026-07-16|2026-07-17|2026-07-20|2026-07-23|2026-07-24|2026-07-27|2026-07-28|2026-07-29|2026-07-30|2026-08-03|2026-08-04|2026-08-05|2026-08-06|2026-08-07|2026-08-10|2026-08-11|2026-08-12|2026-08-13|2026-08-14|2026-08-17|2026-08-18|2026-08-19|2026-08-20,2026-08-20 18:46:36,0.0
Kelly Services Inc,,2026-07-07|2026-07-08|2026-07-09|2026-07-10|2026-07-13|2026-07-14|2026-07-15|2026-07-16|2026-07-17|2026-07-20|2026-07-23|2026-07-24|2026-07-27|2026-07-28|2026-07-29|2026-07-30|2026-08-03|2026-08-04|2026-08-05|2026-08-06|2026-08-07|2026-08-10|2026-08-11|2026-08-12|2026-08-13|2026-08-14|2026-08-17|2026-08-18|2026-08-19|2026-08-20,2026-08-20 18:46:36,0.0
Navient,,2026-07-07|2026-07-08|2026-07-09|2026-07-10|2026-07-13|2026-07-14|2026-07-15|2026-07-16|2026-07-17|2026-07-20|2026-07-23|2026-07-24|2026-07-27|2026-07-28|2026-07-29|2026-07-30|2026-08-03|2026-08-04|2026-08-05|2026-08-06|2026-08-07|2026-08-10|2026-08-11|2026-08-12|2026-08-13|2026-08-14|2026-08-17|2026-08-18|2026-08-19|2026-08-20,2026-08-20 18:46:36,0.0
AMC Entertainment,,2026-07-10|2026-07-13|2026-07-14|2026-07-15|2026-07-16|2026-07-17|2026-07-20|2026-07-21|2026-07-22|2026-07-23|2026-07-24|2026-07-27|2026-07-28|2026-07-29|2026-07-30|2026-07-31|2026-08-03|2026-08-04|2026-08-05|2026-08-06|2026-08-07|2026-08-10|2026-08-11|2026-08-12|2026-08-13|2026-08-14|2026-08-17|2026-08-18|2026-08-19|2026-08-20,2026-08-20 18:46:36,0.0
Encompass Health,,2026-07-07|2026-07-08|2026-07-09|2026-07-10|2026-07-13|2026-07-14|2026-07-15|2026-07-16|2026-07-17|2026-07-20|2026-07-23|2026-07-24|2026-07-27|2026-07-28|2026-07-29|2026-07-30|2026-08-03|2026-08-04|2026-08-05|2026-08-06|2026-08-07|2026-08-10|2026-08-11|2026-08-12|2026-08-13|2026-08-14|2026-08-17|2026-08-18|2026-08-19|2026-08-20,2026-08-20 18:46:36,0.0
Skyworks Solutions,,2026-07-08|2026-07-09|2026-07-10|2026-07-13|2026-07-14|2026-07-15|2026-07-16|2026-07-17|2026-07-20|2026-07-22|2026-07-23|2026-07-24|2026-07-27|2026-07-28|2026-07-29|2026-07-30|2026-08-03|2026-08-04|2026-08-05|2026-08-06|2026-08-07|2026-08-10|2026-08-11|2026-08-12|2026-08-13|2026-08-14|2026-08-17|2026-08-18|2026-08-19|2026-08-20,2026-08-20 18:46:36,0.0
Timken,,2026-07-07|2026-07-08|2026-07-09|2026-07-10|2026-07-13|2026-07-14|2026-07-15|2026-07-16|2026-07-17|2026-07-20|2026-07-23|2026-07-24|2026-07-27|2026-07-28|2026-07-29|2026-07-30|2026-08-03|2026-08-04|2026-08-05|2026-08-06|2026-08-07|2026-08-10|2026-08-11|2026-08-12|2026-08-13|2026-08-14|2026-08-17|2026-08-18|2026-08-19|2026-08-20,2026-08-20 18:46:36,0.0
Liberty Energy,,2026-07-09|2026-07-10|2026-07-13|2026-07-14|2026-07-15|2026-07-16|2026-07-17|2026-07-20|2026-07-22|2026-07-23|2026-07-24|2026-07-27|2026-07-28|2026-07-29|2026-07-30|2026-07-31|2026-08-03|2026-08-04|2026-08-05|2026-08-06|2026-08-07|2026-08-10|2026-08-11|2026-08-12|2026-08-13|2026-08-14|2026-08-17|2026-08-18|2026-08-19|2026-08-20,2026-08-20 18:46:36,0.0
Marriott Vacations Worldwide,,2026-07-07|2026-07-08|2026-07-09|2026-07-10|2026-07-13|2026-07-14|2026-07-15|2026-07-16|2026-07-17|2026-07-20|2026-07-23|2026-07-24|2026-07-27|2026-07-28|2026-07-29|2026-07-30|2026-08-03|2026-08-04|2026-08-05|2026-08-06|2026-08-07|2026-08-10|2026-08-11|2026-08-12|2026-08-13|2026-08-14|2026-08-17|2026-08-18|2026-08-19|2026-08-20,2026-08-20 18:46:36,0.0
Leggett & Platt,,2026-07-07|2026-07-08|2026-07-09|2026-07-10|2026-07-13|2026-07-14|2026-07-15|2026-07-16|2026-07-17|2026-07-20|2026-07-23|2026-07-24|2026-07-27|2026-07-28|2026-07-29|2026-07-30|2026-08-03|2026-08-04|2026-08-05|2026-08-06|2026-08-07|2026-08-10|2026-08-11|2026-08-12|2026-08-13|2026-08-14|2026-08-17|2026-08-18|2026-08-19|2026-08-20,2026-08-20 18:46:36,0.0
Weis Markets,,2026-07-07|2026-07-08|2026-07-09|2026-07-10|2026-07-13|2026-07-14|2026-07-15|2026-07-16|2026-07-17|2026-07-20|2026-07-23|2026-07-24|2026-07-27|2026-07-28|2026-07-29|2026-07-30|2026-08-03|2026-08-04|2026-08-05|2026-08-06|2026-08-07|2026-08-10|2026-08-11|2026-08-12|2026-08-13|2026-08-14|2026-08-17|2026-08-18|2026-08-19|2026-08-20,2026-08-20 18:46:36,0.0
Pinnacle West Capital,,2026-07-07|2026-07-08|2026-07-09|2026-07-10|2026-07-13|2026-07-14|2026-07-15|2026-07-16|2026-07-17|2026-07-20|2026-07-23|2026-07-24|2026-07-27|2026-07-28|2026-07-29|2026-07-30|2026-08-03|2026-08-04|2026-08-05|2026-08-06|2026-08-07|2026-08-10|2026-08-11|2026-08-12|2026-08-13|2026-08-14|2026-08-17|2026-08-18|2026-08-19|2026-08-20,2026-08-20 18:46:36,0.0
EPAM Systems,,2026-07-07|2026-07-08|2026-07-09|2026-07-10|2026-07-13|2026-07-14|2026-07-15|2026-07-16|2026-07-17|2026-07-20|2026-07-23|2026-07-24|2026-07-27|2026-07-28|2026-07-29|2026-07-30|2026-08-03|2026-08-04|2026-08-05|2026-08-06|2026-08-07|2026-08-10|2026-08-11|2026-08-12|2026-08-13|2026-08-14|2026-08-17|2026-08-18|2026-08-19|2026-08-20,2026-08-20 18:46:36,0.0
Antero Resources,,2026-07-09|2026-07-10|2026-07-13|2026-07-14|2026-07-15|2026-07-16|2026-07-17|2026-07-20|2026-07-22|2026-07-23|2026-07-24|2026-07-27|2026-07-28|2026-07-29|2026-07-30|2026-07-31|2026-08-03|2026-08-04|2026-08-05|2026-08-06|2026-08-07|2026-08-10|2026-08-11|2026-08-12|2026-08-13|2026-08-14|2026-08-17|2026-08-18|2026-08-19|2026-08-20,2026-08-20 18:46:36,0.0
Bloomin Brands,,2026-07-08|2026-07-09|2026-07-10|2026-07-13|2026-07-14|2026-07-15|2026-07-16|2026-07-17|2026-07-20|2026-07-22|2026-07-23|2026-07-24|2026-07-27|2026-07-28|2026-07-29|2026-07-30|2026-08-03|2026-08-04|2026-08-05|2026-08-06|2026-08-07|2026-08-10|2026-08-11|2026-08-12|2026-08-13|2026-08-14|2026-08-17|2026-08-18|2026-08-19|2026-08-20,2026-08-20 18:46:36,0.0
MDU Resources Group,,2026-07-07|2026-07-08|2026-07-09|2026-07-10|2026-07-13|2026-07-14|2026-07-15|2026-07-16|2026-07-17|2026-07-20|2026-07-23|2026-07-24|2026-07-27|2026-07-28|2026-07-29|2026-07-30|2026-08-03|2026-08-04|2026-08-05|2026-08-06|2026-08-07|2026-08-10|2026-08-11|2026-08-12|2026-08-13|2026-08-14|2026-08-17|2026-08-18|2026-08-19|2026-08-20,2026-08-20 18:46:36,0.0
Texas Roadhouse,,2026-07-07|2026-07-08|2026-07-09|2026-07-10|2026-07-13|2026-07-14|2026-07-15|2026-07-16|2026-07-17|2026-07-20|2026-07-23|2026-07-24|2026-07-27|2026-07-28|2026-07-29|2026-07-30|2026-08-03|2026-08-04|2026-08-05|2026-08-06|2026-08-07|2026-08-10|2026-08-11|2026-08-12|2026-08-13|2026-08-14|2026-08-17|2026-08-18|2026-08-19|2026-08-20,2026-08-20 18:46:36,0.0
Mercury General,,2026-07-07|2026-07-08|2026-07-09|2026-07-10|2026-07-13|2026-07-14|2026-07-15|2026-07-16|2026-07-17|2026-07-20|2026-07-23|2026-07-24|2026-07-27|2026-07-28|2026-07-29|2026-07-30|2026-08-03|2026-08-04|2026-08-05|2026-08-06|2026-08-07|2026-08-10|2026-08-11|2026-08-12|2026-08-13|2026-08-14|2026-08-17|2026-08-18|2026-08-19|2026-08-20,2026-08-20 18:46:36,0.0
Fortune Brands Innovations,,2026-07-07|2026-07-08|2026-07-09|2026-07-10|2026-07-13|2026-07-14|2026-07-15|2026-07-16|2026-07-17|2026-07-20|2026-07-23|2026-07-24|2026-07-27|2026-07-28|2026-07-29|2026-07-30|2026-08-03|2026-08-04|2026-08-05|2026-08-06|2026-08-07|2026-08-10|2026-08-11|2026-08-12|2026-08-13|2026-08-14|2026-08-17|2026-08-18|2026-08-19|2026-08-20,2026-08-20 18:46:36,0.0
Zions Bancorp,,2026-07-07|2026-07-08|2026-07-09|2026-07-10|2026-07-13|2026-07-14|2026-07-15|2026-07-16|2026-07-17|2026-07-20|2026-07-23|2026-07-24|2026-07-27|2026-07-28|2026-07-29|2026-07-30|2026-08-03|2026-08-04|2026-08-05|2026-08-06|2026-08-07|2026-08-10|2026-08-11|2026-08-12|2026-08-13|2026-08-14|2026-08-17|2026-08-18|2026-08-19|2026-08-20,2026-08-20 18:46:36,0.0
JELD-WEN Holding,,2026-07-07|2026-07-08|2026-07-09|2026-07-10|2026-07-13|2026-07-14|2026-07-15|2026-07-16|2026-07-17|2026-07-20|2026-07-23|2026-07-24|2026-07-27|2026-07-28|2026-07-29|2026-07-30|2026-08-03|2026-08-04|2026-08-05|2026-08-06|2026-08-07|2026-08-10|2026-08-11|2026-08-12|2026-08-13|2026-08-14|2026-08-17|2026-08-18|2026-08-19|2026-08-20,2026-08-20 18:46:36,0.0
Snap Inc,,2026-07-10|2026-07-13|2026-07-14|2026-07-15|2026-07-16|2026-07-17|2026-07-20|2026-07-21|2026-07-22|2026-07-23|2026-07-24|2026-07-27|2026-07-28|2026-07-29|2026-07-30|2026-07-31|2026-08-03|2026-08-04|2026-08-05|2026-08-06|2026-08-07|2026-08-10|2026-08-11|2026-08-12|2026-08-13|2026-08-14|2026-08-17|2026-08-18|2026-08-19|2026-08-20,2026-08-20 18:46:36,0.0
Zebra Technologies,,2026-07-07|2026-07-08|2026-07-09|2026-07-10|2026-07-13|2026-07-14|2026-07-15|2026-07-16|2026-07-17|2026-07-20|2026-07-23|2026-07-24|2026-07-27|2026-07-28|2026-07-29|2026-07-30|2026-08-03|2026-08-04|2026-08-05|2026-08-06|2026-08-07|2026-08-10|2026-08-11|2026-08-12|2026-08-13|2026-08-14|2026-08-17|2026-08-18|2026-08-19|2026-08-20,2026-08-20 18:46:36,0.0
