company,trends_history,date_history,last_updated,avg_interest
Agilon Health,0|0|0|0|0|0|0|0|0|0|0|0|0|0|0|0|0|0|0|96|87|100|78|57|39|79|100|66|43|63,2026-07-15|2026-07-16|2026-07-17|2026-07-20|2026-07-21|2026-07-22|2026-07-23|2026-07-24|2026-07-27|2026-07-28|2026-07-29|2026-07-30|2026-07-31|2026-08-03|2026-08-04|2026-08-05|2026-08-06|2026-08-07|2026-08-10|2026-08-11|2026-08-12|2026-08-13|2026-08-14|2026-08-17|2026-08-18|2026-08-19|2026-08-20|2026-08-21|2026-08-24|2026-08-25,2026-08-25 22:29:26,26.9
Toro Company,82|66|0|0|63|72|0|59|75|95|0|57|0|100|0|56|60|0|73|52|41|50|46|49|49|48|44|30|34|37,2026-07-15|2026-07-16|2026-07-17|2026-07-20|2026-07-21|2026-07-22|2026-07-23|2026-07-24|2026-07-27|2026-07-28|2026-07-29|2026-07-30|2026-07-31|2026-08-03|2026-08-04|2026-08-05|2026-08-06|2026-08-07|2026-08-10|2026-08-11|2026-08-12|2026-08-13|2026-08-14|2026-08-17|2026-08-18|2026-08-19|2026-08-20|2026-08-21|2026-08-24|2026-08-25,2026-08-25 22:29:31,44.6
Zoom Video Communications,0|0|0|0|0|0|0|0|0|0|0|0|0|0|0|0|0|0|0|69|0|0|100|38|0|41|51|0|0|0,2026-07-15|2026-07-16|2026-07-17|2026-07-20|2026-07-21|2026-07-22|2026-07-23|2026-07-24|2026-07-27|2026-07-28|2026-07-29|2026-07-30|2026-07-31|2026-08-03|2026-08-04|2026-08-05|2026-08-06|2026-08-07|2026-08-10|2026-08-11|2026-08-12|2026-08-13|2026-08-14|2026-08-17|2026-08-18|2026-08-19|2026-08-20|2026-08-21|2026-08-24|2026-08-25,2026-08-25 22:29:35,10.0
Tetra Tech,52|75|0|0|87|100|60|47|62|0|85|66|0|70|54|65|53|46|0|52|48|46|46|47|51|51|54|66|40|62,2026-07-15|2026-07-16|2026-07-17|2026-07-20|2026-07-21|2026-07-22|2026-07-23|2026-07-24|2026-07-27|2026-07-28|2026-07-29|2026-07-30|2026-07-31|2026-08-03|2026-08-04|2026-08-05|2026-08-06|2026-08-07|2026-08-10|2026-08-11|2026-08-12|2026-08-13|2026-08-14|2026-08-17|2026-08-18|2026-08-19|2026-08-20|2026-08-21|2026-08-24|2026-08-25,2026-08-25 22:29:39,49.5
Public Storage,61|51|55|70|52|63|66|69|72|68|74|84|96|100|84|75|70|68|55|60|58|58|64|58|58|55|57|62|60|56,2026-07-15|2026-07-16|2026-07-17|2026-07-20|2026-07-21|2026-07-22|2026-07-23|2026-07-24|2026-07-27|2026-07-28|2026-07-29|2026-07-30|2026-07-31|2026-08-03|2026-08-04|2026-08-05|2026-08-06|2026-08-07|2026-08-10|2026-08-11|2026-08-12|2026-08-13|2026-08-14|2026-08-17|2026-08-18|2026-08-19|2026-08-20|2026-08-21|2026-08-24|2026-08-25,2026-08-25 22:29:41,66.0
Illumina Inc,0|0|0|0|0|0|0|0|0|0|0|0|0|0|0|0|0|0|0|63|0|100|0|61|0|60|0|61|0|0,2026-07-15|2026-07-16|2026-07-17|2026-07-20|2026-07-21|2026-07-22|2026-07-23|2026-07-24|2026-07-27|2026-07-28|2026-07-29|2026-07-30|2026-07-31|2026-08-03|2026-08-04|2026-08-05|2026-08-06|2026-08-07|2026-08-10|2026-08-11|2026-08-12|2026-08-13|2026-08-14|2026-08-17|2026-08-18|2026-08-19|2026-08-20|2026-08-21|2026-08-24|2026-08-25,2026-08-25 22:29:45,11.5
Ventas Inc,0|0|0|0|0|0|0|0|0|0|0|0|0|0|0|0|0|0|0|100|0|78|66|0|60|90|62|0|0|0,2026-07-15|2026-07-16|2026-07-17|2026-07-20|2026-07-21|2026-07-22|2026-07-23|2026-07-24|2026-07-27|2026-07-28|2026-07-29|2026-07-30|2026-07-31|2026-08-03|2026-08-04|2026-08-05|2026-08-06|2026-08-07|2026-08-10|2026-08-11|2026-08-12|2026-08-13|2026-08-14|2026-08-17|2026-08-18|2026-08-19|2026-08-20|2026-08-21|2026-08-24|2026-08-25,2026-08-25 22:29:48,15.2
FMC Corporation,0|0|0|0|0|0|0|0|0|0|0|0|0|0|0|0|0|0|0|74|88|100|79|84|62|39|74|57|43|45,2026-07-15|2026-07-16|2026-07-17|2026-07-20|2026-07-21|2026-07-22|2026-07-23|2026-07-24|2026-07-27|2026-07-28|2026-07-29|2026-07-30|2026-07-31|2026-08-03|2026-08-04|2026-08-05|2026-08-06|2026-08-07|2026-08-10|2026-08-11|2026-08-12|2026-08-13|2026-08-14|2026-08-17|2026-08-18|2026-08-19|2026-08-20|2026-08-21|2026-08-24|2026-08-25,2026-08-25 22:29:51,24.8
ArcBest,20|53|100|29|46|30|24|0|38|30|34|29|0|32|30|36|25|30|36|29|29|26|24|26|26|27|33|22|28|26,2026-07-15|2026-07-16|2026-07-17|2026-07-20|2026-07-21|2026-07-22|2026-07-23|2026-07-24|2026-07-27|2026-07-28|2026-07-29|2026-07-30|2026-07-31|2026-08-03|2026-08-04|2026-08-05|2026-08-06|2026-08-07|2026-08-10|2026-08-11|2026-08-12|2026-08-13|2026-08-14|2026-08-17|2026-08-18|2026-08-19|2026-08-20|2026-08-21|2026-08-24|2026-08-25,2026-08-25 22:29:55,30.6
Dominos Pizza Inc,0|0|0|0|0|0|0|0|0|0|0|0|0|0|0|0|0|0|0|0|0|0|0|0|0|0|65|0|0|100,2026-07-15|2026-07-16|2026-07-17|2026-07-20|2026-07-21|2026-07-22|2026-07-23|2026-07-24|2026-07-27|2026-07-28|2026-07-29|2026-07-30|2026-07-31|2026-08-03|2026-08-04|2026-08-05|2026-08-06|2026-08-07|2026-08-10|2026-08-11|2026-08-12|2026-08-13|2026-08-14|2026-08-17|2026-08-18|2026-08-19|2026-08-20|2026-08-21|2026-08-24|2026-08-25,2026-08-25 22:29:59,5.5
Rivian Automotive,0|0|0|0|0|0|0|0|100|0|0|0|0|0|0|0|0|0|0|13|16|20|18|21|32|30|11|21|20|18,2026-07-15|2026-07-16|2026-07-17|2026-07-20|2026-07-21|2026-07-22|2026-07-23|2026-07-24|2026-07-27|2026-07-28|2026-07-29|2026-07-30|2026-07-31|2026-08-03|2026-08-04|2026-08-05|2026-08-06|2026-08-07|2026-08-10|2026-08-11|2026-08-12|2026-08-13|2026-08-14|2026-08-17|2026-08-18|2026-08-19|2026-08-20|2026-08-21|2026-08-24|2026-08-25,2026-08-25 22:30:02,10.7
Elanco Animal Health,0|0|0|0|0|0|0|0|0|0|0|0|0|0|0|0|0|0|0|85|69|100|73|83|77|75|57|73|41|55,2026-07-15|2026-07-16|2026-07-17|2026-07-20|2026-07-21|2026-07-22|2026-07-23|2026-07-24|2026-07-27|2026-07-28|2026-07-29|2026-07-30|2026-07-31|2026-08-03|2026-08-04|2026-08-05|2026-08-06|2026-08-07|2026-08-10|2026-08-11|2026-08-12|2026-08-13|2026-08-14|2026-08-17|2026-08-18|2026-08-19|2026-08-20|2026-08-21|2026-08-24|2026-08-25,2026-08-25 22:30:06,26.3
Graham Holdings Company,0|0|0|0|0|0|0|0|0|0|0|0|0|0|0|0|0|0|0|0|0|0|0|100|0|0|0|0|0|0,2026-07-15|2026-07-16|2026-07-17|2026-07-20|2026-07-21|2026-07-22|2026-07-23|2026-07-24|2026-07-27|2026-07-28|2026-07-29|2026-07-30|2026-07-31|2026-08-03|2026-08-04|2026-08-05|2026-08-06|2026-08-07|2026-08-10|2026-08-11|2026-08-12|2026-08-13|2026-08-14|2026-08-17|2026-08-18|2026-08-19|2026-08-20|2026-08-21|2026-08-24|2026-08-25,2026-08-25 22:30:10,3.3
Floor & Decor,67|55|63|58|83|52|68|73|100|78|89|80|87|72|88|76|58|52|75|62|67|65|63|59|62|64|63|62|60|59,2026-07-15|2026-07-16|2026-07-17|2026-07-20|2026-07-21|2026-07-22|2026-07-23|2026-07-24|2026-07-27|2026-07-28|2026-07-29|2026-07-30|2026-07-31|2026-08-03|2026-08-04|2026-08-05|2026-08-06|2026-08-07|2026-08-10|2026-08-11|2026-08-12|2026-08-13|2026-08-14|2026-08-17|2026-08-18|2026-08-19|2026-08-20|2026-08-21|2026-08-24|2026-08-25,2026-08-25 22:30:13,68.7
Applied Industrial Technologies,72|0|65|78|0|0|0|0|62|0|60|100|0|0|0|0|0|86|0|56|51|55|45|43|47|51|46|44|47|41,2026-07-15|2026-07-16|2026-07-17|2026-07-20|2026-07-21|2026-07-22|2026-07-23|2026-07-24|2026-07-27|2026-07-28|2026-07-29|2026-07-30|2026-07-31|2026-08-03|2026-08-04|2026-08-05|2026-08-06|2026-08-07|2026-08-10|2026-08-11|2026-08-12|2026-08-13|2026-08-14|2026-08-17|2026-08-18|2026-08-19|2026-08-20|2026-08-21|2026-08-24|2026-08-25,2026-08-25 22:30:16,35.0
PriceSmart,76|42|50|0|66|53|62|67|86|100|55|48|44|52|72|45|58|57|0|57|57|57|56|55|55|51|48|52|44|46,2026-07-15|2026-07-16|2026-07-17|2026-07-20|2026-07-21|2026-07-22|2026-07-23|2026-07-24|2026-07-27|2026-07-28|2026-07-29|2026-07-30|2026-07-31|2026-08-03|2026-08-04|2026-08-05|2026-08-06|2026-08-07|2026-08-10|2026-08-11|2026-08-12|2026-08-13|2026-08-14|2026-08-17|2026-08-18|2026-08-19|2026-08-20|2026-08-21|2026-08-24|2026-08-25,2026-08-25 22:30:19,53.7
Lyft,88|80|95|88|84|91|86|84|83|82|81|90|97|90|84|89|92|97|88|96|94|92|93|90|90|91|93|94|91|91,2026-07-15|2026-07-16|2026-07-17|2026-07-20|2026-07-21|2026-07-22|2026-07-23|2026-07-24|2026-07-27|2026-07-28|2026-07-29|2026-07-30|2026-07-31|2026-08-03|2026-08-04|2026-08-05|2026-08-06|2026-08-07|2026-08-10|2026-08-11|2026-08-12|2026-08-13|2026-08-14|2026-08-17|2026-08-18|2026-08-19|2026-08-20|2026-08-21|2026-08-24|2026-08-25,2026-08-25 22:30:22,89.5
Ciena,84|95|75|74|64|75|70|72|64|100|76|53|71|65|97|87|72|83|90|75|80|86|73|72|71|65|67|61|59|65,2026-07-15|2026-07-16|2026-07-17|2026-07-20|2026-07-21|2026-07-22|2026-07-23|2026-07-24|2026-07-27|2026-07-28|2026-07-29|2026-07-30|2026-07-31|2026-08-03|2026-08-04|2026-08-05|2026-08-06|2026-08-07|2026-08-10|2026-08-11|2026-08-12|2026-08-13|2026-08-14|2026-08-17|2026-08-18|2026-08-19|2026-08-20|2026-08-21|2026-08-24|2026-08-25,2026-08-25 22:30:26,74.7
Western Union,83|81|91|100|86|80|74|87|87|85|81|87|100|93|88|87|83|83|80|91|80|80|91|76|81|82|80|86|78|75,2026-07-15|2026-07-16|2026-07-17|2026-07-20|2026-07-21|2026-07-22|2026-07-23|2026-07-24|2026-07-27|2026-07-28|2026-07-29|2026-07-30|2026-07-31|2026-08-03|2026-08-04|2026-08-05|2026-08-06|2026-08-07|2026-08-10|2026-08-11|2026-08-12|2026-08-13|2026-08-14|2026-08-17|2026-08-18|2026-08-19|2026-08-20|2026-08-21|2026-08-24|2026-08-25,2026-08-25 22:30:31,84.5
Flowserve,68|82|72|74|100|0|86|48|71|55|57|75|0|74|69|0|65|47|74|65|58|55|46|55|64|59|53|44|54|57,2026-07-15|2026-07-16|2026-07-17|2026-07-20|2026-07-21|2026-07-22|2026-07-23|2026-07-24|2026-07-27|2026-07-28|2026-07-29|2026-07-30|2026-07-31|2026-08-03|2026-08-04|2026-08-05|2026-08-06|2026-08-07|2026-08-10|2026-08-11|2026-08-12|2026-08-13|2026-08-14|2026-08-17|2026-08-18|2026-08-19|2026-08-20|2026-08-21|2026-08-24|2026-08-25,2026-08-25 22:30:35,57.6
Western Alliance Bancorp,,2026-07-15|2026-07-16|2026-07-17|2026-07-20|2026-07-21|2026-07-22|2026-07-23|2026-07-24|2026-07-27|2026-07-28|2026-07-29|2026-07-30|2026-07-31|2026-08-03|2026-08-04|2026-08-05|2026-08-06|2026-08-07|2026-08-10|2026-08-11|2026-08-12|2026-08-13|2026-08-14|2026-08-17|2026-08-18|2026-08-19|2026-08-20|2026-08-21|2026-08-24|2026-08-25,2026-08-25 22:30:39,0.0
Option Care Health,93|47|72|60|66|36|50|60|44|73|73|100|68|65|82|76|81|53|94|65|59|58|54|64|61|63|62|52|73|67,2026-07-15|2026-07-16|2026-07-17|2026-07-20|2026-07-21|2026-07-22|2026-07-23|2026-07-24|2026-07-27|2026-07-28|2026-07-29|2026-07-30|2026-07-31|2026-08-03|2026-08-04|2026-08-05|2026-08-06|2026-08-07|2026-08-10|2026-08-11|2026-08-12|2026-08-13|2026-08-14|2026-08-17|2026-08-18|2026-08-19|2026-08-20|2026-08-21|2026-08-24|2026-08-25,2026-08-25 22:30:40,65.7
SiteOne Landscape Supply,63|65|100|71|0|0|71|56|49|44|0|0|0|68|0|58|57|0|0|46|41|45|40|53|43|48|56|51|56|48,2026-07-15|2026-07-16|2026-07-17|2026-07-20|2026-07-21|2026-07-22|2026-07-23|2026-07-24|2026-07-27|2026-07-28|2026-07-29|2026-07-30|2026-07-31|2026-08-03|2026-08-04|2026-08-05|2026-08-06|2026-08-07|2026-08-10|2026-08-11|2026-08-12|2026-08-13|2026-08-14|2026-08-17|2026-08-18|2026-08-19|2026-08-20|2026-08-21|2026-08-24|2026-08-25,2026-08-25 22:30:43,41.0
Abercrombie & Fitch,78|67|59|61|100|74|62|36|73|77|58|70|36|76|61|68|83|77|82|51|55|58|56|58|53|61|56|64|55|54,2026-07-15|2026-07-16|2026-07-17|2026-07-20|2026-07-21|2026-07-22|2026-07-23|2026-07-24|2026-07-27|2026-07-28|2026-07-29|2026-07-30|2026-07-31|2026-08-03|2026-08-04|2026-08-05|2026-08-06|2026-08-07|2026-08-10|2026-08-11|2026-08-12|2026-08-13|2026-08-14|2026-08-17|2026-08-18|2026-08-19|2026-08-20|2026-08-21|2026-08-24|2026-08-25,2026-08-25 22:30:45,64.0
Atmos Energy,71|80|79|91|83|91|77|91|74|70|72|91|100|97|88|80|91|89|73|77|76|81|92|75|72|73|80|86|82|71,2026-07-15|2026-07-16|2026-07-17|2026-07-20|2026-07-21|2026-07-22|2026-07-23|2026-07-24|2026-07-27|2026-07-28|2026-07-29|2026-07-30|2026-07-31|2026-08-03|2026-08-04|2026-08-05|2026-08-06|2026-08-07|2026-08-10|2026-08-11|2026-08-12|2026-08-13|2026-08-14|2026-08-17|2026-08-18|2026-08-19|2026-08-20|2026-08-21|2026-08-24|2026-08-25,2026-08-25 22:30:50,81.8
Brown & Brown,76|65|74|85|76|85|74|75|73|75|74|85|62|75|70|76|79|74|86|65|67|73|69|72|67|88|77|63|64|63,2026-07-15|2026-07-16|2026-07-17|2026-07-20|2026-07-21|2026-07-22|2026-07-23|2026-07-24|2026-07-27|2026-07-28|2026-07-29|2026-07-30|2026-07-31|2026-08-03|2026-08-04|2026-08-05|2026-08-06|2026-08-07|2026-08-10|2026-08-11|2026-08-12|2026-08-13|2026-08-14|2026-08-17|2026-08-18|2026-08-19|2026-08-20|2026-08-21|2026-08-24|2026-08-25,2026-08-25 22:30:54,73.6
GoDaddy,45|45|52|65|57|51|58|56|61|58|60|61|55|62|50|60|59|52|60|45|50|49|44|45|44|39|38|35|33|40,2026-07-15|2026-07-16|2026-07-17|2026-07-20|2026-07-21|2026-07-22|2026-07-23|2026-07-24|2026-07-27|2026-07-28|2026-07-29|2026-07-30|2026-07-31|2026-08-03|2026-08-04|2026-08-05|2026-08-06|2026-08-07|2026-08-10|2026-08-11|2026-08-12|2026-08-13|2026-08-14|2026-08-17|2026-08-18|2026-08-19|2026-08-20|2026-08-21|2026-08-24|2026-08-25,2026-08-25 22:30:57,51.0
American Water Works,0|89|87|0|0|0|65|0|0|0|0|0|0|66|0|0|0|0|63|35|35|41|35|38|35|35|37|54|44|32,2026-07-15|2026-07-16|2026-07-17|2026-07-20|2026-07-21|2026-07-22|2026-07-23|2026-07-24|2026-07-27|2026-07-28|2026-07-29|2026-07-30|2026-07-31|2026-08-03|2026-08-04|2026-08-05|2026-08-06|2026-08-07|2026-08-10|2026-08-11|2026-08-12|2026-08-13|2026-08-14|2026-08-17|2026-08-18|2026-08-19|2026-08-20|2026-08-21|2026-08-24|2026-08-25,2026-08-25 22:31:00,26.4
Selective Insurance Group,0|0|0|0|0|0|0|0|0|0|0|0|0|0|0|0|0|0|0|100|0|0|0|0|69|0|0|0|0|0,2026-07-15|2026-07-16|2026-07-17|2026-07-20|2026-07-21|2026-07-22|2026-07-23|2026-07-24|2026-07-27|2026-07-28|2026-07-29|2026-07-30|2026-07-31|2026-08-03|2026-08-04|2026-08-05|2026-08-06|2026-08-07|2026-08-10|2026-08-11|2026-08-12|2026-08-13|2026-08-14|2026-08-17|2026-08-18|2026-08-19|2026-08-20|2026-08-21|2026-08-24|2026-08-25,2026-08-25 22:31:03,5.6
Advantage Solutions,85|67|68|82|72|69|41|50|62|74|92|90|30|73|99|100|70|63|75|68|57|63|61|58|54|63|59|54|57|60,2026-07-15|2026-07-16|2026-07-17|2026-07-20|2026-07-21|2026-07-22|2026-07-23|2026-07-24|2026-07-27|2026-07-28|2026-07-29|2026-07-30|2026-07-31|2026-08-03|2026-08-04|2026-08-05|2026-08-06|2026-08-07|2026-08-10|2026-08-11|2026-08-12|2026-08-13|2026-08-14|2026-08-17|2026-08-18|2026-08-19|2026-08-20|2026-08-21|2026-08-24|2026-08-25,2026-08-25 22:31:07,67.2
ResMed,87|85|90|86|81|95|76|81|88|87|86|84|81|87|97|87|92|84|100|93|86|88|86|91|87|92|84|80|86|84,2026-07-15|2026-07-16|2026-07-17|2026-07-20|2026-07-21|2026-07-22|2026-07-23|2026-07-24|2026-07-27|2026-07-28|2026-07-29|2026-07-30|2026-07-31|2026-08-03|2026-08-04|2026-08-05|2026-08-06|2026-08-07|2026-08-10|2026-08-11|2026-08-12|2026-08-13|2026-08-14|2026-08-17|2026-08-18|2026-08-19|2026-08-20|2026-08-21|2026-08-24|2026-08-25,2026-08-25 22:31:10,87.0
Plexus Corp,0|0|0|0|0|0|0|0|0|0|0|0|0|0|0|0|0|0|0|0|100|0|50|76|50|62|73|66|65|64,2026-07-15|2026-07-16|2026-07-17|2026-07-20|2026-07-21|2026-07-22|2026-07-23|2026-07-24|2026-07-27|2026-07-28|2026-07-29|2026-07-30|2026-07-31|2026-08-03|2026-08-04|2026-08-05|2026-08-06|2026-08-07|2026-08-10|2026-08-11|2026-08-12|2026-08-13|2026-08-14|2026-08-17|2026-08-18|2026-08-19|2026-08-20|2026-08-21|2026-08-24|2026-08-25,2026-08-25 22:31:14,20.2
Hub Group,58|75|74|61|54|100|35|53|54|53|55|51|59|51|57|38|56|47|59|55|45|43|42|45|46|44|40|37|45|45,2026-07-15|2026-07-16|2026-07-17|2026-07-20|2026-07-21|2026-07-22|2026-07-23|2026-07-24|2026-07-27|2026-07-28|2026-07-29|2026-07-30|2026-07-31|2026-08-03|2026-08-04|2026-08-05|2026-08-06|2026-08-07|2026-08-10|2026-08-11|2026-08-12|2026-08-13|2026-08-14|2026-08-17|2026-08-18|2026-08-19|2026-08-20|2026-08-21|2026-08-24|2026-08-25,2026-08-25 22:31:18,52.6
Lincoln Electric,80|63|74|99|77|77|79|72|89|83|81|78|70|71|93|97|70|94|73|85|83|84|78|79|81|80|85|98|76|76,2026-07-15|2026-07-16|2026-07-17|2026-07-20|2026-07-21|2026-07-22|2026-07-23|2026-07-24|2026-07-27|2026-07-28|2026-07-29|2026-07-30|2026-07-31|2026-08-03|2026-08-04|2026-08-05|2026-08-06|2026-08-07|2026-08-10|2026-08-11|2026-08-12|2026-08-13|2026-08-14|2026-08-17|2026-08-18|2026-08-19|2026-08-20|2026-08-21|2026-08-24|2026-08-25,2026-08-25 22:31:22,80.8
NCR Atleos,0|0|0|0|100|0|0|0|0|86|71|0|0|0|0|0|0|0|0|29|18|30|25|17|25|21|30|19|22|21,2026-07-15|2026-07-16|2026-07-17|2026-07-20|2026-07-21|2026-07-22|2026-07-23|2026-07-24|2026-07-27|2026-07-28|2026-07-29|2026-07-30|2026-07-31|2026-08-03|2026-08-04|2026-08-05|2026-08-06|2026-08-07|2026-08-10|2026-08-11|2026-08-12|2026-08-13|2026-08-14|2026-08-17|2026-08-18|2026-08-19|2026-08-20|2026-08-21|2026-08-24|2026-08-25,2026-08-25 22:31:24,17.1
Calumet Inc,0|0|0|0|0|0|0|0|100|0|0|0|0|0|0|0|0|0|0|6|0|9|0|0|9|6|7|6|7|7,2026-07-15|2026-07-16|2026-07-17|2026-07-20|2026-07-21|2026-07-22|2026-07-23|2026-07-24|2026-07-27|2026-07-28|2026-07-29|2026-07-30|2026-07-31|2026-08-03|2026-08-04|2026-08-05|2026-08-06|2026-08-07|2026-08-10|2026-08-11|2026-08-12|2026-08-13|2026-08-14|2026-08-17|2026-08-18|2026-08-19|2026-08-20|2026-08-21|2026-08-24|2026-08-25,2026-08-25 22:31:28,5.2
Dycom Industries,0|0|0|0|0|0|0|0|0|0|0|0|0|0|0|0|0|0|0|52|86|81|54|65|35|51|49|32|67|100,2026-07-15|2026-07-16|2026-07-17|2026-07-20|2026-07-21|2026-07-22|2026-07-23|2026-07-24|2026-07-27|2026-07-28|2026-07-29|2026-07-30|2026-07-31|2026-08-03|2026-08-04|2026-08-05|2026-08-06|2026-08-07|2026-08-10|2026-08-11|2026-08-12|2026-08-13|2026-08-14|2026-08-17|2026-08-18|2026-08-19|2026-08-20|2026-08-21|2026-08-24|2026-08-25,2026-08-25 22:31:32,22.4
Valmont Industries,0|0|0|0|0|0|0|0|0|0|0|0|0|0|0|100|0|0|0|22|22|19|30|30|23|23|28|17|18|16,2026-07-15|2026-07-16|2026-07-17|2026-07-20|2026-07-21|2026-07-22|2026-07-23|2026-07-24|2026-07-27|2026-07-28|2026-07-29|2026-07-30|2026-07-31|2026-08-03|2026-08-04|2026-08-05|2026-08-06|2026-08-07|2026-08-10|2026-08-11|2026-08-12|2026-08-13|2026-08-14|2026-08-17|2026-08-18|2026-08-19|2026-08-20|2026-08-21|2026-08-24|2026-08-25,2026-08-25 22:31:36,11.6
ATI Inc,0|0|0|0|0|0|0|0|0|0|0|0|0|0|0|0|0|0|0|46|100|67|54|81|67|69|53|64|55|74,2026-07-15|2026-07-16|2026-07-17|2026-07-20|2026-07-21|2026-07-22|2026-07-23|2026-07-24|2026-07-27|2026-07-28|2026-07-29|2026-07-30|2026-07-31|2026-08-03|2026-08-04|2026-08-05|2026-08-06|2026-08-07|2026-08-10|2026-08-11|2026-08-12|2026-08-13|2026-08-14|2026-08-17|2026-08-18|2026-08-19|2026-08-20|2026-08-21|2026-08-24|2026-08-25,2026-08-25 22:31:40,24.3
Twilio,92|87|78|99|88|80|76|63|75|69|76|73|62|58|66|83|93|100|84|79|74|68|63|69|77|75|69|57|59|62,2026-07-15|2026-07-16|2026-07-17|2026-07-20|2026-07-21|2026-07-22|2026-07-23|2026-07-24|2026-07-27|2026-07-28|2026-07-29|2026-07-30|2026-07-31|2026-08-03|2026-08-04|2026-08-05|2026-08-06|2026-08-07|2026-08-10|2026-08-11|2026-08-12|2026-08-13|2026-08-14|2026-08-17|2026-08-18|2026-08-19|2026-08-20|2026-08-21|2026-08-24|2026-08-25,2026-08-25 22:31:44,75.1
CNO Financial Group,0|0|0|0|0|0|0|0|0|0|0|0|0|0|0|0|0|0|100|16|20|12|19|15|26|19|18|17|23|21,2026-07-15|2026-07-16|2026-07-17|2026-07-20|2026-07-21|2026-07-22|2026-07-23|2026-07-24|2026-07-27|2026-07-28|2026-07-29|2026-07-30|2026-07-31|2026-08-03|2026-08-04|2026-08-05|2026-08-06|2026-08-07|2026-08-10|2026-08-11|2026-08-12|2026-08-13|2026-08-14|2026-08-17|2026-08-18|2026-08-19|2026-08-20|2026-08-21|2026-08-24|2026-08-25,2026-08-25 22:31:47,10.2
Patterson-UTI Energy,,2026-07-15|2026-07-16|2026-07-17|2026-07-20|2026-07-21|2026-07-22|2026-07-23|2026-07-24|2026-07-27|2026-07-28|2026-07-29|2026-07-30|2026-07-31|2026-08-03|2026-08-04|2026-08-05|2026-08-06|2026-08-07|2026-08-10|2026-08-11|2026-08-12|2026-08-13|2026-08-14|2026-08-17|2026-08-18|2026-08-19|2026-08-20|2026-08-21|2026-08-24|2026-08-25,2026-08-25 22:31:50,0.0
Brinker International,0|0|0|0|0|100|0|0|0|0|0|0|0|0|0|0|0|0|0|54|98|89|60|53|51|55|48|37|52|48,2026-07-15|2026-07-16|2026-07-17|2026-07-20|2026-07-21|2026-07-22|2026-07-23|2026-07-24|2026-07-27|2026-07-28|2026-07-29|2026-07-30|2026-07-31|2026-08-03|2026-08-04|2026-08-05|2026-08-06|2026-08-07|2026-08-10|2026-08-11|2026-08-12|2026-08-13|2026-08-14|2026-08-17|2026-08-18|2026-08-19|2026-08-20|2026-08-21|2026-08-24|2026-08-25,2026-08-25 22:31:50,24.8
Charles River Laboratories International,,2026-07-15|2026-07-16|2026-07-17|2026-07-20|2026-07-21|2026-07-22|2026-07-23|2026-07-24|2026-07-27|2026-07-28|2026-07-29|2026-07-30|2026-07-31|2026-08-03|2026-08-04|2026-08-05|2026-08-06|2026-08-07|2026-08-10|2026-08-11|2026-08-12|2026-08-13|2026-08-14|2026-08-17|2026-08-18|2026-08-19|2026-08-20|2026-08-21|2026-08-24|2026-08-25,2026-08-25 22:31:53,0.0
Hyster-Yale,0|0|0|0|0|0|0|0|0|0|0|0|0|0|0|0|0|0|0|64|85|91|60|75|100|84|86|0|75|0,2026-07-15|2026-07-16|2026-07-17|2026-07-20|2026-07-21|2026-07-22|2026-07-23|2026-07-24|2026-07-27|2026-07-28|2026-07-29|2026-07-30|2026-07-31|2026-08-03|2026-08-04|2026-08-05|2026-08-06|2026-08-07|2026-08-10|2026-08-11|2026-08-12|2026-08-13|2026-08-14|2026-08-17|2026-08-18|2026-08-19|2026-08-20|2026-08-21|2026-08-24|2026-08-25,2026-08-25 22:31:54,24.0
Brighthouse Financial,62|0|62|70|49|47|62|54|35|73|80|86|46|64|75|69|63|50|100|65|60|57|56|57|79|69|58|44|52|67,2026-07-15|2026-07-16|2026-07-17|2026-07-20|2026-07-21|2026-07-22|2026-07-23|2026-07-24|2026-07-27|2026-07-28|2026-07-29|2026-07-30|2026-07-31|2026-08-03|2026-08-04|2026-08-05|2026-08-06|2026-08-07|2026-08-10|2026-08-11|2026-08-12|2026-08-13|2026-08-14|2026-08-17|2026-08-18|2026-08-19|2026-08-20|2026-08-21|2026-08-24|2026-08-25,2026-08-25 22:31:58,60.4
Service Corp International,0|0|0|0|0|0|0|0|0|0|0|0|0|0|0|0|0|0|0|100|68|60|47|84|89|0|54|51|64|51,2026-07-15|2026-07-16|2026-07-17|2026-07-20|2026-07-21|2026-07-22|2026-07-23|2026-07-24|2026-07-27|2026-07-28|2026-07-29|2026-07-30|2026-07-31|2026-08-03|2026-08-04|2026-08-05|2026-08-06|2026-08-07|2026-08-10|2026-08-11|2026-08-12|2026-08-13|2026-08-14|2026-08-17|2026-08-18|2026-08-19|2026-08-20|2026-08-21|2026-08-24|2026-08-25,2026-08-25 22:32:02,22.3
CrossAmerica Partners,0|0|0|0|0|0|0|0|0|0|0|0|0|0|100|0|0|0|0|0|0|0|0|6|0|0|0|0|0|0,2026-07-15|2026-07-16|2026-07-17|2026-07-20|2026-07-21|2026-07-22|2026-07-23|2026-07-24|2026-07-27|2026-07-28|2026-07-29|2026-07-30|2026-07-31|2026-08-03|2026-08-04|2026-08-05|2026-08-06|2026-08-07|2026-08-10|2026-08-11|2026-08-12|2026-08-13|2026-08-14|2026-08-17|2026-08-18|2026-08-19|2026-08-20|2026-08-21|2026-08-24|2026-08-25,2026-08-25 22:32:05,3.5
Cadence,88|89|88|98|87|91|89|75|89|100|88|87|80|89|94|84|93|82|93|84|82|88|85|82|90|86|83|81|80|83,2026-07-15|2026-07-16|2026-07-17|2026-07-20|2026-07-21|2026-07-22|2026-07-23|2026-07-24|2026-07-27|2026-07-28|2026-07-29|2026-07-30|2026-07-31|2026-08-03|2026-08-04|2026-08-05|2026-08-06|2026-08-07|2026-08-10|2026-08-11|2026-08-12|2026-08-13|2026-08-14|2026-08-17|2026-08-18|2026-08-19|2026-08-20|2026-08-21|2026-08-24|2026-08-25,2026-08-25 22:32:09,86.9
MillerKnoll,,2026-07-15|2026-07-16|2026-07-17|2026-07-20|2026-07-21|2026-07-22|2026-07-23|2026-07-24|2026-07-27|2026-07-28|2026-07-29|2026-07-30|2026-07-31|2026-08-03|2026-08-04|2026-08-05|2026-08-06|2026-08-07|2026-08-10|2026-08-11|2026-08-12|2026-08-13|2026-08-14|2026-08-17|2026-08-18|2026-08-19|2026-08-20|2026-08-21|2026-08-24|2026-08-25,2026-08-25 22:32:43,0.0
Realty Income,,2026-07-15|2026-07-16|2026-07-17|2026-07-20|2026-07-21|2026-07-22|2026-07-23|2026-07-24|2026-07-27|2026-07-28|2026-07-29|2026-07-30|2026-07-31|2026-08-03|2026-08-04|2026-08-05|2026-08-06|2026-08-07|2026-08-10|2026-08-11|2026-08-12|2026-08-13|2026-08-14|2026-08-17|2026-08-18|2026-08-19|2026-08-20|2026-08-21|2026-08-24|2026-08-25,2026-08-25 22:33:24,0.0
Middleby,,2026-07-15|2026-07-16|2026-07-17|2026-07-20|2026-07-21|2026-07-22|2026-07-23|2026-07-24|2026-07-27|2026-07-28|2026-07-29|2026-07-30|2026-07-31|2026-08-03|2026-08-04|2026-08-05|2026-08-06|2026-08-07|2026-08-10|2026-08-11|2026-08-12|2026-08-13|2026-08-14|2026-08-17|2026-08-18|2026-08-19|2026-08-20|2026-08-21|2026-08-24|2026-08-25,2026-08-25 22:33:34,0.0
M/I Homes,,2026-07-15|2026-07-16|2026-07-17|2026-07-20|2026-07-21|2026-07-22|2026-07-23|2026-07-24|2026-07-27|2026-07-28|2026-07-29|2026-07-30|2026-07-31|2026-08-03|2026-08-04|2026-08-05|2026-08-06|2026-08-07|2026-08-10|2026-08-11|2026-08-12|2026-08-13|2026-08-14|2026-08-17|2026-08-18|2026-08-19|2026-08-20|2026-08-21|2026-08-24|2026-08-25,2026-08-25 22:33:34,0.0
Alliant Energy,,2026-07-15|2026-07-16|2026-07-17|2026-07-20|2026-07-21|2026-07-22|2026-07-23|2026-07-24|2026-07-27|2026-07-28|2026-07-29|2026-07-30|2026-07-31|2026-08-03|2026-08-04|2026-08-05|2026-08-06|2026-08-07|2026-08-10|2026-08-11|2026-08-12|2026-08-13|2026-08-14|2026-08-17|2026-08-18|2026-08-19|2026-08-20|2026-08-21|2026-08-24|2026-08-25,2026-08-25 22:33:34,0.0
Generac,,2026-07-15|2026-07-16|2026-07-17|2026-07-20|2026-07-21|2026-07-22|2026-07-23|2026-07-24|2026-07-27|2026-07-28|2026-07-29|2026-07-30|2026-07-31|2026-08-03|2026-08-04|2026-08-05|2026-08-06|2026-08-07|2026-08-10|2026-08-11|2026-08-12|2026-08-13|2026-08-14|2026-08-17|2026-08-18|2026-08-19|2026-08-20|2026-08-21|2026-08-24|2026-08-25,2026-08-25 22:33:34,0.0
MSC Industrial Direct,,2026-07-15|2026-07-16|2026-07-17|2026-07-20|2026-07-21|2026-07-22|2026-07-23|2026-07-24|2026-07-27|2026-07-28|2026-07-29|2026-07-30|2026-07-31|2026-08-03|2026-08-04|2026-08-05|2026-08-06|2026-08-07|2026-08-10|2026-08-11|2026-08-12|2026-08-13|2026-08-14|2026-08-17|2026-08-18|2026-08-19|2026-08-20|2026-08-21|2026-08-24|2026-08-25,2026-08-25 22:33:34,0.0
Rocket Companies,,2026-07-15|2026-07-16|2026-07-17|2026-07-20|2026-07-21|2026-07-22|2026-07-23|2026-07-24|2026-07-27|2026-07-28|2026-07-29|2026-07-30|2026-07-31|2026-08-03|2026-08-04|2026-08-05|2026-08-06|2026-08-07|2026-08-10|2026-08-11|2026-08-12|2026-08-13|2026-08-14|2026-08-17|2026-08-18|2026-08-19|2026-08-20|2026-08-21|2026-08-24|2026-08-25,2026-08-25 22:33:34,0.0
Upbound Group,,2026-07-15|2026-07-16|2026-07-17|2026-07-20|2026-07-21|2026-07-22|2026-07-23|2026-07-24|2026-07-27|2026-07-28|2026-07-29|2026-07-30|2026-07-31|2026-08-03|2026-08-04|2026-08-05|2026-08-06|2026-08-07|2026-08-10|2026-08-11|2026-08-12|2026-08-13|2026-08-14|2026-08-17|2026-08-18|2026-08-19|2026-08-20|2026-08-21|2026-08-24|2026-08-25,2026-08-25 22:33:34,0.0
East West Bancorp,,2026-07-15|2026-07-16|2026-07-17|2026-07-20|2026-07-21|2026-07-22|2026-07-23|2026-07-24|2026-07-27|2026-07-28|2026-07-29|2026-07-30|2026-07-31|2026-08-03|2026-08-04|2026-08-05|2026-08-06|2026-08-07|2026-08-10|2026-08-11|2026-08-12|2026-08-13|2026-08-14|2026-08-17|2026-08-18|2026-08-19|2026-08-20|2026-08-21|2026-08-24|2026-08-25,2026-08-25 22:33:34,0.0
Grocery Outlet Holding,,2026-07-15|2026-07-16|2026-07-17|2026-07-20|2026-07-21|2026-07-22|2026-07-23|2026-07-24|2026-07-27|2026-07-28|2026-07-29|2026-07-30|2026-07-31|2026-08-03|2026-08-04|2026-08-05|2026-08-06|2026-08-07|2026-08-10|2026-08-11|2026-08-12|2026-08-13|2026-08-14|2026-08-17|2026-08-18|2026-08-19|2026-08-20|2026-08-21|2026-08-24|2026-08-25,2026-08-25 22:33:34,0.0
Dentsply Sirona,,2026-07-15|2026-07-16|2026-07-17|2026-07-20|2026-07-21|2026-07-22|2026-07-23|2026-07-24|2026-07-27|2026-07-28|2026-07-29|2026-07-30|2026-07-31|2026-08-03|2026-08-04|2026-08-05|2026-08-06|2026-08-07|2026-08-10|2026-08-11|2026-08-12|2026-08-13|2026-08-14|2026-08-17|2026-08-18|2026-08-19|2026-08-20|2026-08-21|2026-08-24|2026-08-25,2026-08-25 22:33:34,0.0
V2X,,2026-07-15|2026-07-16|2026-07-17|2026-07-20|2026-07-21|2026-07-22|2026-07-23|2026-07-24|2026-07-27|2026-07-28|2026-07-29|2026-07-30|2026-07-31|2026-08-03|2026-08-04|2026-08-05|2026-08-06|2026-08-07|2026-08-10|2026-08-11|2026-08-12|2026-08-13|2026-08-14|2026-08-17|2026-08-18|2026-08-19|2026-08-20|2026-08-21|2026-08-24|2026-08-25,2026-08-25 22:33:34,0.0
Crocs,,2026-07-15|2026-07-16|2026-07-17|2026-07-20|2026-07-21|2026-07-22|2026-07-23|2026-07-24|2026-07-27|2026-07-28|2026-07-29|2026-07-30|2026-07-31|2026-08-03|2026-08-04|2026-08-05|2026-08-06|2026-08-07|2026-08-10|2026-08-11|2026-08-12|2026-08-13|2026-08-14|2026-08-17|2026-08-18|2026-08-19|2026-08-20|2026-08-21|2026-08-24|2026-08-25,2026-08-25 22:33:34,0.0
Spectrum Brands,,2026-07-15|2026-07-16|2026-07-17|2026-07-20|2026-07-21|2026-07-22|2026-07-23|2026-07-24|2026-07-27|2026-07-28|2026-07-29|2026-07-30|2026-07-31|2026-08-03|2026-08-04|2026-08-05|2026-08-06|2026-08-07|2026-08-10|2026-08-11|2026-08-12|2026-08-13|2026-08-14|2026-08-17|2026-08-18|2026-08-19|2026-08-20|2026-08-21|2026-08-24|2026-08-25,2026-08-25 22:33:34,0.0
Visteon,,2026-07-15|2026-07-16|2026-07-17|2026-07-20|2026-07-21|2026-07-22|2026-07-23|2026-07-24|2026-07-27|2026-07-28|2026-07-29|2026-07-30|2026-07-31|2026-08-03|2026-08-04|2026-08-05|2026-08-06|2026-08-07|2026-08-10|2026-08-11|2026-08-12|2026-08-13|2026-08-14|2026-08-17|2026-08-18|2026-08-19|2026-08-20|2026-08-21|2026-08-24|2026-08-25,2026-08-25 22:33:34,0.0
Acuity Inc,,2026-07-15|2026-07-16|2026-07-17|2026-07-20|2026-07-21|2026-07-22|2026-07-23|2026-07-24|2026-07-27|2026-07-28|2026-07-29|2026-07-30|2026-07-31|2026-08-03|2026-08-04|2026-08-05|2026-08-06|2026-08-07|2026-08-10|2026-08-11|2026-08-12|2026-08-13|2026-08-14|2026-08-17|2026-08-18|2026-08-19|2026-08-20|2026-08-21|2026-08-24|2026-08-25,2026-08-25 22:33:34,0.0
The Greenbrier Companies,,2026-07-15|2026-07-16|2026-07-17|2026-07-20|2026-07-21|2026-07-22|2026-07-23|2026-07-24|2026-07-27|2026-07-28|2026-07-29|2026-07-30|2026-07-31|2026-08-03|2026-08-04|2026-08-05|2026-08-06|2026-08-07|2026-08-10|2026-08-11|2026-08-12|2026-08-13|2026-08-14|2026-08-17|2026-08-18|2026-08-19|2026-08-20|2026-08-21|2026-08-24|2026-08-25,2026-08-25 22:33:34,0.0
Webster Financial,,2026-06-25|2026-06-26|2026-06-29|2026-06-30|2026-07-01|2026-07-02|2026-07-06|2026-07-07|2026-07-08|2026-07-09|2026-07-10|2026-07-13|2026-07-14|2026-07-15|2026-07-16|2026-07-17|2026-07-20|2026-07-21|2026-07-22|2026-07-31|2026-08-06|2026-08-10|2026-08-11|2026-08-12|2026-08-13|2026-08-14|2026-08-17|2026-08-18|2026-08-19|2026-08-20,2026-08-25 22:33:34,0.0
Cabot Corporation,,2026-07-15|2026-07-16|2026-07-17|2026-07-20|2026-07-21|2026-07-22|2026-07-23|2026-07-24|2026-07-27|2026-07-28|2026-07-29|2026-07-30|2026-07-31|2026-08-03|2026-08-04|2026-08-05|2026-08-06|2026-08-07|2026-08-10|2026-08-11|2026-08-12|2026-08-13|2026-08-14|2026-08-17|2026-08-18|2026-08-19|2026-08-20|2026-08-21|2026-08-24|2026-08-25,2026-08-25 22:33:34,0.0
RXO Inc,,2026-07-15|2026-07-16|2026-07-17|2026-07-20|2026-07-21|2026-07-22|2026-07-23|2026-07-24|2026-07-27|2026-07-28|2026-07-29|2026-07-30|2026-07-31|2026-08-03|2026-08-04|2026-08-05|2026-08-06|2026-08-07|2026-08-10|2026-08-11|2026-08-12|2026-08-13|2026-08-14|2026-08-17|2026-08-18|2026-08-19|2026-08-20|2026-08-21|2026-08-24|2026-08-25,2026-08-25 22:33:34,0.0
Chord Energy,,2026-07-15|2026-07-16|2026-07-17|2026-07-20|2026-07-21|2026-07-22|2026-07-23|2026-07-24|2026-07-27|2026-07-28|2026-07-29|2026-07-30|2026-07-31|2026-08-03|2026-08-04|2026-08-05|2026-08-06|2026-08-07|2026-08-10|2026-08-11|2026-08-12|2026-08-13|2026-08-14|2026-08-17|2026-08-18|2026-08-19|2026-08-20|2026-08-21|2026-08-24|2026-08-25,2026-08-25 22:33:34,0.0
Popular Inc,,2026-07-15|2026-07-16|2026-07-17|2026-07-20|2026-07-21|2026-07-22|2026-07-23|2026-07-24|2026-07-27|2026-07-28|2026-07-29|2026-07-30|2026-07-31|2026-08-03|2026-08-04|2026-08-05|2026-08-06|2026-08-07|2026-08-10|2026-08-11|2026-08-12|2026-08-13|2026-08-14|2026-08-17|2026-08-18|2026-08-19|2026-08-20|2026-08-21|2026-08-24|2026-08-25,2026-08-25 22:33:34,0.0
Garrett Motion Inc,,2026-07-15|2026-07-16|2026-07-17|2026-07-20|2026-07-21|2026-07-22|2026-07-23|2026-07-24|2026-07-27|2026-07-28|2026-07-29|2026-07-30|2026-07-31|2026-08-03|2026-08-04|2026-08-05|2026-08-06|2026-08-07|2026-08-10|2026-08-11|2026-08-12|2026-08-13|2026-08-14|2026-08-17|2026-08-18|2026-08-19|2026-08-20|2026-08-21|2026-08-24|2026-08-25,2026-08-25 22:33:34,0.0
Tutor Perini Corporation,,2026-07-15|2026-07-16|2026-07-17|2026-07-20|2026-07-21|2026-07-22|2026-07-23|2026-07-24|2026-07-27|2026-07-28|2026-07-29|2026-07-30|2026-07-31|2026-08-03|2026-08-04|2026-08-05|2026-08-06|2026-08-07|2026-08-10|2026-08-11|2026-08-12|2026-08-13|2026-08-14|2026-08-17|2026-08-18|2026-08-19|2026-08-20|2026-08-21|2026-08-24|2026-08-25,2026-08-25 22:33:34,0.0
Copart,,2026-07-15|2026-07-16|2026-07-17|2026-07-20|2026-07-21|2026-07-22|2026-07-23|2026-07-24|2026-07-27|2026-07-28|2026-07-29|2026-07-30|2026-07-31|2026-08-03|2026-08-04|2026-08-05|2026-08-06|2026-08-07|2026-08-10|2026-08-11|2026-08-12|2026-08-13|2026-08-14|2026-08-17|2026-08-18|2026-08-19|2026-08-20|2026-08-21|2026-08-24|2026-08-25,2026-08-25 22:33:34,0.0
Toast Inc,,2026-07-15|2026-07-16|2026-07-17|2026-07-20|2026-07-21|2026-07-22|2026-07-23|2026-07-24|2026-07-27|2026-07-28|2026-07-29|2026-07-30|2026-07-31|2026-08-03|2026-08-04|2026-08-05|2026-08-06|2026-08-07|2026-08-10|2026-08-11|2026-08-12|2026-08-13|2026-08-14|2026-08-17|2026-08-18|2026-08-19|2026-08-20|2026-08-21|2026-08-24|2026-08-25,2026-08-25 22:33:34,0.0
Align Technology,,2026-07-15|2026-07-16|2026-07-17|2026-07-20|2026-07-21|2026-07-22|2026-07-23|2026-07-24|2026-07-27|2026-07-28|2026-07-29|2026-07-30|2026-07-31|2026-08-03|2026-08-04|2026-08-05|2026-08-06|2026-08-07|2026-08-10|2026-08-11|2026-08-12|2026-08-13|2026-08-14|2026-08-17|2026-08-18|2026-08-19|2026-08-20|2026-08-21|2026-08-24|2026-08-25,2026-08-25 22:33:34,0.0
A O Smith,,2026-07-15|2026-07-16|2026-07-17|2026-07-20|2026-07-21|2026-07-22|2026-07-23|2026-07-24|2026-07-27|2026-07-28|2026-07-29|2026-07-30|2026-07-31|2026-08-03|2026-08-04|2026-08-05|2026-08-06|2026-08-07|2026-08-10|2026-08-11|2026-08-12|2026-08-13|2026-08-14|2026-08-17|2026-08-18|2026-08-19|2026-08-20|2026-08-21|2026-08-24|2026-08-25,2026-08-25 22:33:34,0.0
TransUnion,,2026-07-15|2026-07-16|2026-07-17|2026-07-20|2026-07-21|2026-07-22|2026-07-23|2026-07-24|2026-07-27|2026-07-28|2026-07-29|2026-07-30|2026-07-31|2026-08-03|2026-08-04|2026-08-05|2026-08-06|2026-08-07|2026-08-10|2026-08-11|2026-08-12|2026-08-13|2026-08-14|2026-08-17|2026-08-18|2026-08-19|2026-08-20|2026-08-21|2026-08-24|2026-08-25,2026-08-25 22:33:34,0.0
NCR Voyix,,2026-07-15|2026-07-16|2026-07-17|2026-07-20|2026-07-21|2026-07-22|2026-07-23|2026-07-24|2026-07-27|2026-07-28|2026-07-29|2026-07-30|2026-07-31|2026-08-03|2026-08-04|2026-08-05|2026-08-06|2026-08-07|2026-08-10|2026-08-11|2026-08-12|2026-08-13|2026-08-14|2026-08-17|2026-08-18|2026-08-19|2026-08-20|2026-08-21|2026-08-24|2026-08-25,2026-08-25 22:33:34,0.0
Akamai Technologies,,2026-07-15|2026-07-16|2026-07-17|2026-07-20|2026-07-21|2026-07-22|2026-07-23|2026-07-24|2026-07-27|2026-07-28|2026-07-29|2026-07-30|2026-07-31|2026-08-03|2026-08-04|2026-08-05|2026-08-06|2026-08-07|2026-08-10|2026-08-11|2026-08-12|2026-08-13|2026-08-14|2026-08-17|2026-08-18|2026-08-19|2026-08-20|2026-08-21|2026-08-24|2026-08-25,2026-08-25 22:33:34,0.0
Trimble Inc,,2026-07-15|2026-07-16|2026-07-17|2026-07-20|2026-07-21|2026-07-22|2026-07-23|2026-07-24|2026-07-27|2026-07-28|2026-07-29|2026-07-30|2026-07-31|2026-08-03|2026-08-04|2026-08-05|2026-08-06|2026-08-07|2026-08-10|2026-08-11|2026-08-12|2026-08-13|2026-08-14|2026-08-17|2026-08-18|2026-08-19|2026-08-20|2026-08-21|2026-08-24|2026-08-25,2026-08-25 22:33:34,0.0
AMN Healthcare Services,,2026-07-15|2026-07-16|2026-07-17|2026-07-20|2026-07-21|2026-07-22|2026-07-23|2026-07-24|2026-07-27|2026-07-28|2026-07-29|2026-07-30|2026-07-31|2026-08-03|2026-08-04|2026-08-05|2026-08-06|2026-08-07|2026-08-10|2026-08-11|2026-08-12|2026-08-13|2026-08-14|2026-08-17|2026-08-18|2026-08-19|2026-08-20|2026-08-21|2026-08-24|2026-08-25,2026-08-25 22:33:34,0.0
Mettler-Toledo International,,2026-07-15|2026-07-16|2026-07-17|2026-07-20|2026-07-21|2026-07-22|2026-07-23|2026-07-24|2026-07-27|2026-07-28|2026-07-29|2026-07-30|2026-07-31|2026-08-03|2026-08-04|2026-08-05|2026-08-06|2026-08-07|2026-08-10|2026-08-11|2026-08-12|2026-08-13|2026-08-14|2026-08-17|2026-08-18|2026-08-19|2026-08-20|2026-08-21|2026-08-24|2026-08-25,2026-08-25 22:33:34,0.0
ScanSource,,2026-07-15|2026-07-16|2026-07-17|2026-07-20|2026-07-21|2026-07-22|2026-07-23|2026-07-24|2026-07-27|2026-07-28|2026-07-29|2026-07-30|2026-07-31|2026-08-03|2026-08-04|2026-08-05|2026-08-06|2026-08-07|2026-08-10|2026-08-11|2026-08-12|2026-08-13|2026-08-14|2026-08-17|2026-08-18|2026-08-19|2026-08-20|2026-08-21|2026-08-24|2026-08-25,2026-08-25 22:33:34,0.0
LCI Industries,,2026-07-15|2026-07-16|2026-07-17|2026-07-20|2026-07-21|2026-07-22|2026-07-23|2026-07-24|2026-07-27|2026-07-28|2026-07-29|2026-07-30|2026-07-31|2026-08-03|2026-08-04|2026-08-05|2026-08-06|2026-08-07|2026-08-10|2026-08-11|2026-08-12|2026-08-13|2026-08-14|2026-08-17|2026-08-18|2026-08-19|2026-08-20|2026-08-21|2026-08-24|2026-08-25,2026-08-25 22:33:34,0.0
Cboe Global Markets,,2026-07-15|2026-07-16|2026-07-17|2026-07-20|2026-07-21|2026-07-22|2026-07-23|2026-07-24|2026-07-27|2026-07-28|2026-07-29|2026-07-30|2026-07-31|2026-08-03|2026-08-04|2026-08-05|2026-08-06|2026-08-07|2026-08-10|2026-08-11|2026-08-12|2026-08-13|2026-08-14|2026-08-17|2026-08-18|2026-08-19|2026-08-20|2026-08-21|2026-08-24|2026-08-25,2026-08-25 22:33:34,0.0
Diebold Nixdorf,,2026-07-15|2026-07-16|2026-07-17|2026-07-20|2026-07-21|2026-07-22|2026-07-23|2026-07-24|2026-07-27|2026-07-28|2026-07-29|2026-07-30|2026-07-31|2026-08-03|2026-08-04|2026-08-05|2026-08-06|2026-08-07|2026-08-10|2026-08-11|2026-08-12|2026-08-13|2026-08-14|2026-08-17|2026-08-18|2026-08-19|2026-08-20|2026-08-21|2026-08-24|2026-08-25,2026-08-25 22:33:34,0.0
Corpay,,2026-07-15|2026-07-16|2026-07-17|2026-07-20|2026-07-21|2026-07-22|2026-07-23|2026-07-24|2026-07-27|2026-07-28|2026-07-29|2026-07-30|2026-07-31|2026-08-03|2026-08-04|2026-08-05|2026-08-06|2026-08-07|2026-08-10|2026-08-11|2026-08-12|2026-08-13|2026-08-14|2026-08-17|2026-08-18|2026-08-19|2026-08-20|2026-08-21|2026-08-24|2026-08-25,2026-08-25 22:33:34,0.0
iHeartMedia,,2026-07-15|2026-07-16|2026-07-17|2026-07-20|2026-07-21|2026-07-22|2026-07-23|2026-07-24|2026-07-27|2026-07-28|2026-07-29|2026-07-30|2026-07-31|2026-08-03|2026-08-04|2026-08-05|2026-08-06|2026-08-07|2026-08-10|2026-08-11|2026-08-12|2026-08-13|2026-08-14|2026-08-17|2026-08-18|2026-08-19|2026-08-20|2026-08-21|2026-08-24|2026-08-25,2026-08-25 22:33:34,0.0
Dream Finders Homes,,2026-07-15|2026-07-16|2026-07-17|2026-07-20|2026-07-21|2026-07-22|2026-07-23|2026-07-24|2026-07-27|2026-07-28|2026-07-29|2026-07-30|2026-07-31|2026-08-03|2026-08-04|2026-08-05|2026-08-06|2026-08-07|2026-08-10|2026-08-11|2026-08-12|2026-08-13|2026-08-14|2026-08-17|2026-08-18|2026-08-19|2026-08-20|2026-08-21|2026-08-24|2026-08-25,2026-08-25 22:33:34,0.0
Boyd Gaming,,2026-07-15|2026-07-16|2026-07-17|2026-07-20|2026-07-21|2026-07-22|2026-07-23|2026-07-24|2026-07-27|2026-07-28|2026-07-29|2026-07-30|2026-07-31|2026-08-03|2026-08-04|2026-08-05|2026-08-06|2026-08-07|2026-08-10|2026-08-11|2026-08-12|2026-08-13|2026-08-14|2026-08-17|2026-08-18|2026-08-19|2026-08-20|2026-08-21|2026-08-24|2026-08-25,2026-08-25 22:33:34,0.0
Ensign Group,,2026-07-15|2026-07-16|2026-07-17|2026-07-20|2026-07-21|2026-07-22|2026-07-23|2026-07-24|2026-07-27|2026-07-28|2026-07-29|2026-07-30|2026-07-31|2026-08-03|2026-08-04|2026-08-05|2026-08-06|2026-08-07|2026-08-10|2026-08-11|2026-08-12|2026-08-13|2026-08-14|2026-08-17|2026-08-18|2026-08-19|2026-08-20|2026-08-21|2026-08-24|2026-08-25,2026-08-25 22:33:34,0.0
Sally Beauty,,2026-07-15|2026-07-16|2026-07-17|2026-07-20|2026-07-21|2026-07-22|2026-07-23|2026-07-24|2026-07-27|2026-07-28|2026-07-29|2026-07-30|2026-07-31|2026-08-03|2026-08-04|2026-08-05|2026-08-06|2026-08-07|2026-08-10|2026-08-11|2026-08-12|2026-08-13|2026-08-14|2026-08-17|2026-08-18|2026-08-19|2026-08-20|2026-08-21|2026-08-24|2026-08-25,2026-08-25 22:33:34,0.0
Conduent,,2026-07-15|2026-07-16|2026-07-17|2026-07-20|2026-07-21|2026-07-22|2026-07-23|2026-07-24|2026-07-27|2026-07-28|2026-07-29|2026-07-30|2026-07-31|2026-08-03|2026-08-04|2026-08-05|2026-08-06|2026-08-07|2026-08-10|2026-08-11|2026-08-12|2026-08-13|2026-08-14|2026-08-17|2026-08-18|2026-08-19|2026-08-20|2026-08-21|2026-08-24|2026-08-25,2026-08-25 22:33:34,0.0
Sylvamo,,2026-07-15|2026-07-16|2026-07-17|2026-07-20|2026-07-21|2026-07-22|2026-07-23|2026-07-24|2026-07-27|2026-07-28|2026-07-29|2026-07-30|2026-07-31|2026-08-03|2026-08-04|2026-08-05|2026-08-06|2026-08-07|2026-08-10|2026-08-11|2026-08-12|2026-08-13|2026-08-14|2026-08-17|2026-08-18|2026-08-19|2026-08-20|2026-08-21|2026-08-24|2026-08-25,2026-08-25 22:33:34,0.0
EnerSys,,2026-07-15|2026-07-16|2026-07-17|2026-07-20|2026-07-21|2026-07-22|2026-07-23|2026-07-24|2026-07-27|2026-07-28|2026-07-29|2026-07-30|2026-07-31|2026-08-03|2026-08-04|2026-08-05|2026-08-06|2026-08-07|2026-08-10|2026-08-11|2026-08-12|2026-08-13|2026-08-14|2026-08-17|2026-08-18|2026-08-19|2026-08-20|2026-08-21|2026-08-24|2026-08-25,2026-08-25 22:33:34,0.0
Incyte,,2026-07-15|2026-07-16|2026-07-17|2026-07-20|2026-07-21|2026-07-22|2026-07-23|2026-07-24|2026-07-27|2026-07-28|2026-07-29|2026-07-30|2026-07-31|2026-08-03|2026-08-04|2026-08-05|2026-08-06|2026-08-07|2026-08-10|2026-08-11|2026-08-12|2026-08-13|2026-08-14|2026-08-17|2026-08-18|2026-08-19|2026-08-20|2026-08-21|2026-08-24|2026-08-25,2026-08-25 22:33:34,0.0
Century Communities,,2026-07-15|2026-07-16|2026-07-17|2026-07-20|2026-07-21|2026-07-22|2026-07-23|2026-07-24|2026-07-27|2026-07-28|2026-07-29|2026-07-30|2026-07-31|2026-08-03|2026-08-04|2026-08-05|2026-08-06|2026-08-07|2026-08-10|2026-08-11|2026-08-12|2026-08-13|2026-08-14|2026-08-17|2026-08-18|2026-08-19|2026-08-20|2026-08-21|2026-08-24|2026-08-25,2026-08-25 22:33:34,0.0
Rithm Capital,,2026-07-15|2026-07-16|2026-07-17|2026-07-20|2026-07-21|2026-07-22|2026-07-23|2026-07-24|2026-07-27|2026-07-28|2026-07-29|2026-07-30|2026-07-31|2026-08-03|2026-08-04|2026-08-05|2026-08-06|2026-08-07|2026-08-10|2026-08-11|2026-08-12|2026-08-13|2026-08-14|2026-08-17|2026-08-18|2026-08-19|2026-08-20|2026-08-21|2026-08-24|2026-08-25,2026-08-25 22:33:34,0.0
Euronet Worldwide,,2026-07-15|2026-07-16|2026-07-17|2026-07-20|2026-07-21|2026-07-22|2026-07-23|2026-07-24|2026-07-27|2026-07-28|2026-07-29|2026-07-30|2026-07-31|2026-08-03|2026-08-04|2026-08-05|2026-08-06|2026-08-07|2026-08-10|2026-08-11|2026-08-12|2026-08-13|2026-08-14|2026-08-17|2026-08-18|2026-08-19|2026-08-20|2026-08-21|2026-08-24|2026-08-25,2026-08-25 22:33:34,0.0
Hawaiian Electric Industries,,2026-07-15|2026-07-16|2026-07-17|2026-07-20|2026-07-21|2026-07-22|2026-07-23|2026-07-24|2026-07-27|2026-07-28|2026-07-29|2026-07-30|2026-07-31|2026-08-03|2026-08-04|2026-08-05|2026-08-06|2026-08-07|2026-08-10|2026-08-11|2026-08-12|2026-08-13|2026-08-14|2026-08-17|2026-08-18|2026-08-19|2026-08-20|2026-08-21|2026-08-24|2026-08-25,2026-08-25 22:33:34,0.0
DraftKings,,2026-07-15|2026-07-16|2026-07-17|2026-07-20|2026-07-21|2026-07-22|2026-07-23|2026-07-24|2026-07-27|2026-07-28|2026-07-29|2026-07-30|2026-07-31|2026-08-03|2026-08-04|2026-08-05|2026-08-06|2026-08-07|2026-08-10|2026-08-11|2026-08-12|2026-08-13|2026-08-14|2026-08-17|2026-08-18|2026-08-19|2026-08-20|2026-08-21|2026-08-24|2026-08-25,2026-08-25 22:33:34,0.0
IDEXX Laboratories,,2026-07-15|2026-07-16|2026-07-17|2026-07-20|2026-07-21|2026-07-22|2026-07-23|2026-07-24|2026-07-27|2026-07-28|2026-07-29|2026-07-30|2026-07-31|2026-08-03|2026-08-04|2026-08-05|2026-08-06|2026-08-07|2026-08-10|2026-08-11|2026-08-12|2026-08-13|2026-08-14|2026-08-17|2026-08-18|2026-08-19|2026-08-20|2026-08-21|2026-08-24|2026-08-25,2026-08-25 22:33:34,0.0
MYR Group,,2026-07-15|2026-07-16|2026-07-17|2026-07-20|2026-07-21|2026-07-22|2026-07-23|2026-07-24|2026-07-27|2026-07-28|2026-07-29|2026-07-30|2026-07-31|2026-08-03|2026-08-04|2026-08-05|2026-08-06|2026-08-07|2026-08-10|2026-08-11|2026-08-12|2026-08-13|2026-08-14|2026-08-17|2026-08-18|2026-08-19|2026-08-20|2026-08-21|2026-08-24|2026-08-25,2026-08-25 22:33:34,0.0
Deckers Outdoor,,2026-07-15|2026-07-16|2026-07-17|2026-07-20|2026-07-21|2026-07-22|2026-07-23|2026-07-24|2026-07-27|2026-07-28|2026-07-29|2026-07-30|2026-07-31|2026-08-03|2026-08-04|2026-08-05|2026-08-06|2026-08-07|2026-08-10|2026-08-11|2026-08-12|2026-08-13|2026-08-14|2026-08-17|2026-08-18|2026-08-19|2026-08-20|2026-08-21|2026-08-24|2026-08-25,2026-08-25 22:33:34,0.0
DexCom,,2026-07-15|2026-07-16|2026-07-17|2026-07-20|2026-07-21|2026-07-22|2026-07-23|2026-07-24|2026-07-27|2026-07-28|2026-07-29|2026-07-30|2026-07-31|2026-08-03|2026-08-04|2026-08-05|2026-08-06|2026-08-07|2026-08-10|2026-08-11|2026-08-12|2026-08-13|2026-08-14|2026-08-17|2026-08-18|2026-08-19|2026-08-20|2026-08-21|2026-08-24|2026-08-25,2026-08-25 22:33:34,0.0
MKS Instruments,,2026-07-15|2026-07-16|2026-07-17|2026-07-20|2026-07-21|2026-07-22|2026-07-23|2026-07-24|2026-07-27|2026-07-28|2026-07-29|2026-07-30|2026-07-31|2026-08-03|2026-08-04|2026-08-05|2026-08-06|2026-08-07|2026-08-10|2026-08-11|2026-08-12|2026-08-13|2026-08-14|2026-08-17|2026-08-18|2026-08-19|2026-08-20|2026-08-21|2026-08-24|2026-08-25,2026-08-25 22:33:34,0.0
VICI Properties,,2026-07-15|2026-07-16|2026-07-17|2026-07-20|2026-07-21|2026-07-22|2026-07-23|2026-07-24|2026-07-27|2026-07-28|2026-07-29|2026-07-30|2026-07-31|2026-08-03|2026-08-04|2026-08-05|2026-08-06|2026-08-07|2026-08-10|2026-08-11|2026-08-12|2026-08-13|2026-08-14|2026-08-17|2026-08-18|2026-08-19|2026-08-20|2026-08-21|2026-08-24|2026-08-25,2026-08-25 22:33:34,0.0
Cooper Cos,,2026-07-15|2026-07-16|2026-07-17|2026-07-20|2026-07-21|2026-07-22|2026-07-23|2026-07-24|2026-07-27|2026-07-28|2026-07-29|2026-07-30|2026-07-31|2026-08-03|2026-08-04|2026-08-05|2026-08-06|2026-08-07|2026-08-10|2026-08-11|2026-08-12|2026-08-13|2026-08-14|2026-08-17|2026-08-18|2026-08-19|2026-08-20|2026-08-21|2026-08-24|2026-08-25,2026-08-25 22:33:34,0.0
Frontier Airlines,,2026-07-15|2026-07-16|2026-07-17|2026-07-20|2026-07-21|2026-07-22|2026-07-23|2026-07-24|2026-07-27|2026-07-28|2026-07-29|2026-07-30|2026-07-31|2026-08-03|2026-08-04|2026-08-05|2026-08-06|2026-08-07|2026-08-10|2026-08-11|2026-08-12|2026-08-13|2026-08-14|2026-08-17|2026-08-18|2026-08-19|2026-08-20|2026-08-21|2026-08-24|2026-08-25,2026-08-25 22:33:34,0.0
Qorvo,,2026-07-15|2026-07-16|2026-07-17|2026-07-20|2026-07-21|2026-07-22|2026-07-23|2026-07-24|2026-07-27|2026-07-28|2026-07-29|2026-07-30|2026-07-31|2026-08-03|2026-08-04|2026-08-05|2026-08-06|2026-08-07|2026-08-10|2026-08-11|2026-08-12|2026-08-13|2026-08-14|2026-08-17|2026-08-18|2026-08-19|2026-08-20|2026-08-21|2026-08-24|2026-08-25,2026-08-25 22:33:34,0.0
Five Below,,2026-07-15|2026-07-16|2026-07-17|2026-07-20|2026-07-21|2026-07-22|2026-07-23|2026-07-24|2026-07-27|2026-07-28|2026-07-29|2026-07-30|2026-07-31|2026-08-03|2026-08-04|2026-08-05|2026-08-06|2026-08-07|2026-08-10|2026-08-11|2026-08-12|2026-08-13|2026-08-14|2026-08-17|2026-08-18|2026-08-19|2026-08-20|2026-08-21|2026-08-24|2026-08-25,2026-08-25 22:33:34,0.0
Scotts Miracle-Gro,,2026-07-15|2026-07-16|2026-07-17|2026-07-20|2026-07-21|2026-07-22|2026-07-23|2026-07-24|2026-07-27|2026-07-28|2026-07-29|2026-07-30|2026-07-31|2026-08-03|2026-08-04|2026-08-05|2026-08-06|2026-08-07|2026-08-10|2026-08-11|2026-08-12|2026-08-13|2026-08-14|2026-08-17|2026-08-18|2026-08-19|2026-08-20|2026-08-21|2026-08-24|2026-08-25,2026-08-25 22:33:34,0.0
Atlassian,,2026-07-15|2026-07-16|2026-07-17|2026-07-20|2026-07-21|2026-07-22|2026-07-23|2026-07-24|2026-07-27|2026-07-28|2026-07-29|2026-07-30|2026-07-31|2026-08-03|2026-08-04|2026-08-05|2026-08-06|2026-08-07|2026-08-10|2026-08-11|2026-08-12|2026-08-13|2026-08-14|2026-08-17|2026-08-18|2026-08-19|2026-08-20|2026-08-21|2026-08-24|2026-08-25,2026-08-25 22:33:34,0.0
Entegris,,2026-07-15|2026-07-16|2026-07-17|2026-07-20|2026-07-21|2026-07-22|2026-07-23|2026-07-24|2026-07-27|2026-07-28|2026-07-29|2026-07-30|2026-07-31|2026-08-03|2026-08-04|2026-08-05|2026-08-06|2026-08-07|2026-08-10|2026-08-11|2026-08-12|2026-08-13|2026-08-14|2026-08-17|2026-08-18|2026-08-19|2026-08-20|2026-08-21|2026-08-24|2026-08-25,2026-08-25 22:33:34,0.0
Atkore,,2026-07-15|2026-07-16|2026-07-17|2026-07-20|2026-07-21|2026-07-22|2026-07-23|2026-07-24|2026-07-27|2026-07-28|2026-07-29|2026-07-30|2026-07-31|2026-08-03|2026-08-04|2026-08-05|2026-08-06|2026-08-07|2026-08-10|2026-08-11|2026-08-12|2026-08-13|2026-08-14|2026-08-17|2026-08-18|2026-08-19|2026-08-20|2026-08-21|2026-08-24|2026-08-25,2026-08-25 22:33:34,0.0
HB Fuller,,2026-07-15|2026-07-16|2026-07-17|2026-07-20|2026-07-21|2026-07-22|2026-07-23|2026-07-24|2026-07-27|2026-07-28|2026-07-29|2026-07-30|2026-07-31|2026-08-03|2026-08-04|2026-08-05|2026-08-06|2026-08-07|2026-08-10|2026-08-11|2026-08-12|2026-08-13|2026-08-14|2026-08-17|2026-08-18|2026-08-19|2026-08-20|2026-08-21|2026-08-24|2026-08-25,2026-08-25 22:33:34,0.0
Granite Construction,,2026-07-15|2026-07-16|2026-07-17|2026-07-20|2026-07-21|2026-07-22|2026-07-23|2026-07-24|2026-07-27|2026-07-28|2026-07-29|2026-07-30|2026-07-31|2026-08-03|2026-08-04|2026-08-05|2026-08-06|2026-08-07|2026-08-10|2026-08-11|2026-08-12|2026-08-13|2026-08-14|2026-08-17|2026-08-18|2026-08-19|2026-08-20|2026-08-21|2026-08-24|2026-08-25,2026-08-25 22:33:34,0.0
Winnebago Industries,,2026-07-15|2026-07-16|2026-07-17|2026-07-20|2026-07-21|2026-07-22|2026-07-23|2026-07-24|2026-07-27|2026-07-28|2026-07-29|2026-07-30|2026-07-31|2026-08-03|2026-08-04|2026-08-05|2026-08-06|2026-08-07|2026-08-10|2026-08-11|2026-08-12|2026-08-13|2026-08-14|2026-08-17|2026-08-18|2026-08-19|2026-08-20|2026-08-21|2026-08-24|2026-08-25,2026-08-25 22:33:34,0.0
FTI Consulting,,2026-07-15|2026-07-16|2026-07-17|2026-07-20|2026-07-21|2026-07-22|2026-07-23|2026-07-24|2026-07-27|2026-07-28|2026-07-29|2026-07-30|2026-07-31|2026-08-03|2026-08-04|2026-08-05|2026-08-06|2026-08-07|2026-08-10|2026-08-11|2026-08-12|2026-08-13|2026-08-14|2026-08-17|2026-08-18|2026-08-19|2026-08-20|2026-08-21|2026-08-24|2026-08-25,2026-08-25 22:33:34,0.0
AptarGroup,,2026-07-15|2026-07-16|2026-07-17|2026-07-20|2026-07-21|2026-07-22|2026-07-23|2026-07-24|2026-07-27|2026-07-28|2026-07-29|2026-07-30|2026-07-31|2026-08-03|2026-08-04|2026-08-05|2026-08-06|2026-08-07|2026-08-10|2026-08-11|2026-08-12|2026-08-13|2026-08-14|2026-08-17|2026-08-18|2026-08-19|2026-08-20|2026-08-21|2026-08-24|2026-08-25,2026-08-25 22:33:34,0.0
Columbia Sportswear,,2026-07-15|2026-07-16|2026-07-17|2026-07-20|2026-07-21|2026-07-22|2026-07-23|2026-07-24|2026-07-27|2026-07-28|2026-07-29|2026-07-30|2026-07-31|2026-08-03|2026-08-04|2026-08-05|2026-08-06|2026-08-07|2026-08-10|2026-08-11|2026-08-12|2026-08-13|2026-08-14|2026-08-17|2026-08-18|2026-08-19|2026-08-20|2026-08-21|2026-08-24|2026-08-25,2026-08-25 22:33:34,0.0
Roku,,2026-07-15|2026-07-16|2026-07-17|2026-07-20|2026-07-21|2026-07-22|2026-07-23|2026-07-24|2026-07-27|2026-07-28|2026-07-29|2026-07-30|2026-07-31|2026-08-03|2026-08-04|2026-08-05|2026-08-06|2026-08-07|2026-08-10|2026-08-11|2026-08-12|2026-08-13|2026-08-14|2026-08-17|2026-08-18|2026-08-19|2026-08-20|2026-08-21|2026-08-24|2026-08-25,2026-08-25 22:33:34,0.0
Alpha Metallurgical Resources,,2026-07-15|2026-07-16|2026-07-17|2026-07-20|2026-07-21|2026-07-22|2026-07-23|2026-07-24|2026-07-27|2026-07-28|2026-07-29|2026-07-30|2026-07-31|2026-08-03|2026-08-04|2026-08-05|2026-08-06|2026-08-07|2026-08-10|2026-08-11|2026-08-12|2026-08-13|2026-08-14|2026-08-17|2026-08-18|2026-08-19|2026-08-20|2026-08-21|2026-08-24|2026-08-25,2026-08-25 22:33:34,0.0
Patrick Industries,,2026-07-15|2026-07-16|2026-07-17|2026-07-20|2026-07-21|2026-07-22|2026-07-23|2026-07-24|2026-07-27|2026-07-28|2026-07-29|2026-07-30|2026-07-31|2026-08-03|2026-08-04|2026-08-05|2026-08-06|2026-08-07|2026-08-10|2026-08-11|2026-08-12|2026-08-13|2026-08-14|2026-08-17|2026-08-18|2026-08-19|2026-08-20|2026-08-21|2026-08-24|2026-08-25,2026-08-25 22:33:34,0.0
Murphy Oil,,2026-07-15|2026-07-16|2026-07-17|2026-07-20|2026-07-21|2026-07-22|2026-07-23|2026-07-24|2026-07-27|2026-07-28|2026-07-29|2026-07-30|2026-07-31|2026-08-03|2026-08-04|2026-08-05|2026-08-06|2026-08-07|2026-08-10|2026-08-11|2026-08-12|2026-08-13|2026-08-14|2026-08-17|2026-08-18|2026-08-19|2026-08-20|2026-08-21|2026-08-24|2026-08-25,2026-08-25 22:33:34,0.0
Cracker Barrel Old Country Store,,2026-07-15|2026-07-16|2026-07-17|2026-07-20|2026-07-21|2026-07-22|2026-07-23|2026-07-24|2026-07-27|2026-07-28|2026-07-29|2026-07-30|2026-07-31|2026-08-03|2026-08-04|2026-08-05|2026-08-06|2026-08-07|2026-08-10|2026-08-11|2026-08-12|2026-08-13|2026-08-14|2026-08-17|2026-08-18|2026-08-19|2026-08-20|2026-08-21|2026-08-24|2026-08-25,2026-08-25 22:33:34,0.0
Cheesecake Factory,,2026-07-15|2026-07-16|2026-07-17|2026-07-20|2026-07-21|2026-07-22|2026-07-23|2026-07-24|2026-07-27|2026-07-28|2026-07-29|2026-07-30|2026-07-31|2026-08-03|2026-08-04|2026-08-05|2026-08-06|2026-08-07|2026-08-10|2026-08-11|2026-08-12|2026-08-13|2026-08-14|2026-08-17|2026-08-18|2026-08-19|2026-08-20|2026-08-21|2026-08-24|2026-08-25,2026-08-25 22:33:34,0.0
CNX Resources,,2026-07-15|2026-07-16|2026-07-17|2026-07-20|2026-07-21|2026-07-22|2026-07-23|2026-07-24|2026-07-27|2026-07-28|2026-07-29|2026-07-30|2026-07-31|2026-08-03|2026-08-04|2026-08-05|2026-08-06|2026-08-07|2026-08-10|2026-08-11|2026-08-12|2026-08-13|2026-08-14|2026-08-17|2026-08-18|2026-08-19|2026-08-20|2026-08-21|2026-08-24|2026-08-25,2026-08-25 22:33:34,0.0
Chefs Warehouse,,2026-07-15|2026-07-16|2026-07-17|2026-07-20|2026-07-21|2026-07-22|2026-07-23|2026-07-24|2026-07-27|2026-07-28|2026-07-29|2026-07-30|2026-07-31|2026-08-03|2026-08-04|2026-08-05|2026-08-06|2026-08-07|2026-08-10|2026-08-11|2026-08-12|2026-08-13|2026-08-14|2026-08-17|2026-08-18|2026-08-19|2026-08-20|2026-08-21|2026-08-24|2026-08-25,2026-08-25 22:33:34,0.0
Donaldson Company,,2026-07-15|2026-07-16|2026-07-17|2026-07-20|2026-07-21|2026-07-22|2026-07-23|2026-07-24|2026-07-27|2026-07-28|2026-07-29|2026-07-30|2026-07-31|2026-08-03|2026-08-04|2026-08-05|2026-08-06|2026-08-07|2026-08-10|2026-08-11|2026-08-12|2026-08-13|2026-08-14|2026-08-17|2026-08-18|2026-08-19|2026-08-20|2026-08-21|2026-08-24|2026-08-25,2026-08-25 22:33:34,0.0
Mueller Industries,,2026-07-15|2026-07-16|2026-07-17|2026-07-20|2026-07-21|2026-07-22|2026-07-23|2026-07-24|2026-07-27|2026-07-28|2026-07-29|2026-07-30|2026-07-31|2026-08-03|2026-08-04|2026-08-05|2026-08-06|2026-08-07|2026-08-10|2026-08-11|2026-08-12|2026-08-13|2026-08-14|2026-08-17|2026-08-18|2026-08-19|2026-08-20|2026-08-21|2026-08-24|2026-08-25,2026-08-25 22:33:34,0.0
Chart Industries,,2026-07-15,2026-08-25 22:33:34,0.0
Alight Solutions,,2026-07-15|2026-07-16|2026-07-17|2026-07-20|2026-07-21|2026-07-22|2026-07-23|2026-07-24|2026-07-27|2026-07-28|2026-07-29|2026-07-30|2026-07-31|2026-08-03|2026-08-04|2026-08-05|2026-08-06|2026-08-07|2026-08-10|2026-08-11|2026-08-12|2026-08-13|2026-08-14|2026-08-17|2026-08-18|2026-08-19|2026-08-20|2026-08-21|2026-08-24|2026-08-25,2026-08-25 22:33:34,0.0
Vishay Intertechnology,,2026-07-15|2026-07-16|2026-07-17|2026-07-20|2026-07-21|2026-07-22|2026-07-23|2026-07-24|2026-07-27|2026-07-28|2026-07-29|2026-07-30|2026-07-31|2026-08-03|2026-08-04|2026-08-05|2026-08-06|2026-08-07|2026-08-10|2026-08-11|2026-08-12|2026-08-13|2026-08-14|2026-08-17|2026-08-18|2026-08-19|2026-08-20|2026-08-21|2026-08-24|2026-08-25,2026-08-25 22:33:34,0.0
Range Resources,,2026-07-15|2026-07-16|2026-07-17|2026-07-20|2026-07-21|2026-07-22|2026-07-23|2026-07-24|2026-07-27|2026-07-28|2026-07-29|2026-07-30|2026-07-31|2026-08-03|2026-08-04|2026-08-05|2026-08-06|2026-08-07|2026-08-10|2026-08-11|2026-08-12|2026-08-13|2026-08-14|2026-08-17|2026-08-18|2026-08-19|2026-08-20|2026-08-21|2026-08-24|2026-08-25,2026-08-25 22:33:34,0.0
Valley National Bancorp,,2026-07-15|2026-07-16|2026-07-17|2026-07-20|2026-07-21|2026-07-22|2026-07-23|2026-07-24|2026-07-27|2026-07-28|2026-07-29|2026-07-30|2026-07-31|2026-08-03|2026-08-04|2026-08-05|2026-08-06|2026-08-07|2026-08-10|2026-08-11|2026-08-12|2026-08-13|2026-08-14|2026-08-17|2026-08-18|2026-08-19|2026-08-20|2026-08-21|2026-08-24|2026-08-25,2026-08-25 22:33:34,0.0
Match Group,,2026-07-15|2026-07-16|2026-07-17|2026-07-20|2026-07-21|2026-07-22|2026-07-23|2026-07-24|2026-07-27|2026-07-28|2026-07-29|2026-07-30|2026-07-31|2026-08-03|2026-08-04|2026-08-05|2026-08-06|2026-08-07|2026-08-10|2026-08-11|2026-08-12|2026-08-13|2026-08-14|2026-08-17|2026-08-18|2026-08-19|2026-08-20|2026-08-21|2026-08-24|2026-08-25,2026-08-25 22:33:34,0.0
Gen Digital,,2026-07-15|2026-07-16|2026-07-17|2026-07-20|2026-07-21|2026-07-22|2026-07-23|2026-07-24|2026-07-27|2026-07-28|2026-07-29|2026-07-30|2026-07-31|2026-08-03|2026-08-04|2026-08-05|2026-08-06|2026-08-07|2026-08-10|2026-08-11|2026-08-12|2026-08-13|2026-08-14|2026-08-17|2026-08-18|2026-08-19|2026-08-20|2026-08-21|2026-08-24|2026-08-25,2026-08-25 22:33:34,0.0
Wintrust Financial,,2026-07-15|2026-07-16|2026-07-17|2026-07-20|2026-07-21|2026-07-22|2026-07-23|2026-07-24|2026-07-27|2026-07-28|2026-07-29|2026-07-30|2026-07-31|2026-08-03|2026-08-04|2026-08-05|2026-08-06|2026-08-07|2026-08-10|2026-08-11|2026-08-12|2026-08-13|2026-08-14|2026-08-17|2026-08-18|2026-08-19|2026-08-20|2026-08-21|2026-08-24|2026-08-25,2026-08-25 22:33:34,0.0
First Solar,,2026-07-15|2026-07-16|2026-07-17|2026-07-20|2026-07-21|2026-07-22|2026-07-23|2026-07-24|2026-07-27|2026-07-28|2026-07-29|2026-07-30|2026-07-31|2026-08-03|2026-08-04|2026-08-05|2026-08-06|2026-08-07|2026-08-10|2026-08-11|2026-08-12|2026-08-13|2026-08-14|2026-08-17|2026-08-18|2026-08-19|2026-08-20|2026-08-21|2026-08-24|2026-08-25,2026-08-25 22:33:34,0.0
Central Garden & Pet,,2026-07-15|2026-07-16|2026-07-17|2026-07-20|2026-07-21|2026-07-22|2026-07-23|2026-07-24|2026-07-27|2026-07-28|2026-07-29|2026-07-30|2026-07-31|2026-08-03|2026-08-04|2026-08-05|2026-08-06|2026-08-07|2026-08-10|2026-08-11|2026-08-12|2026-08-13|2026-08-14|2026-08-17|2026-08-18|2026-08-19|2026-08-20|2026-08-21|2026-08-24|2026-08-25,2026-08-25 22:33:34,0.0
Green Plains Inc,,2026-07-15|2026-07-16|2026-07-17|2026-07-20|2026-07-21|2026-07-22|2026-07-23|2026-07-24|2026-07-27|2026-07-28|2026-07-29|2026-07-30|2026-07-31|2026-08-03|2026-08-04|2026-08-05|2026-08-06|2026-08-07|2026-08-10|2026-08-11|2026-08-12|2026-08-13|2026-08-14|2026-08-17|2026-08-18|2026-08-19|2026-08-20|2026-08-21|2026-08-24|2026-08-25,2026-08-25 22:33:34,0.0
Werner Enterprises,,2026-07-15|2026-07-16|2026-07-17|2026-07-20|2026-07-21|2026-07-22|2026-07-23|2026-07-24|2026-07-27|2026-07-28|2026-07-29|2026-07-30|2026-07-31|2026-08-03|2026-08-04|2026-08-05|2026-08-06|2026-08-07|2026-08-10|2026-08-11|2026-08-12|2026-08-13|2026-08-14|2026-08-17|2026-08-18|2026-08-19|2026-08-20|2026-08-21|2026-08-24|2026-08-25,2026-08-25 22:33:34,0.0
AppLovin,,2026-07-15|2026-07-16|2026-07-17|2026-07-20|2026-07-21|2026-07-22|2026-07-23|2026-07-24|2026-07-27|2026-07-28|2026-07-29|2026-07-30|2026-07-31|2026-08-03|2026-08-04|2026-08-05|2026-08-06|2026-08-07|2026-08-10|2026-08-11|2026-08-12|2026-08-13|2026-08-14|2026-08-17|2026-08-18|2026-08-19|2026-08-20|2026-08-21|2026-08-24|2026-08-25,2026-08-25 22:33:34,0.0
ITT,,2026-07-15|2026-07-16|2026-07-17|2026-07-20|2026-07-21|2026-07-22|2026-07-23|2026-07-24|2026-07-27|2026-07-28|2026-07-29|2026-07-30|2026-07-31|2026-08-03|2026-08-04|2026-08-05|2026-08-06|2026-08-07|2026-08-10|2026-08-11|2026-08-12|2026-08-13|2026-08-14|2026-08-17|2026-08-18|2026-08-19|2026-08-20|2026-08-21|2026-08-24|2026-08-25,2026-08-25 22:33:34,0.0
Herc Rentals,,2026-07-15|2026-07-16|2026-07-17|2026-07-20|2026-07-21|2026-07-22|2026-07-23|2026-07-24|2026-07-27|2026-07-28|2026-07-29|2026-07-30|2026-07-31|2026-08-03|2026-08-04|2026-08-05|2026-08-06|2026-08-07|2026-08-10|2026-08-11|2026-08-12|2026-08-13|2026-08-14|2026-08-17|2026-08-18|2026-08-19|2026-08-20|2026-08-21|2026-08-24|2026-08-25,2026-08-25 22:33:34,0.0
Gray Television,,2026-07-15|2026-07-16|2026-07-17|2026-07-20|2026-07-21|2026-07-22|2026-07-23|2026-07-24|2026-07-27|2026-07-28|2026-07-29|2026-07-30|2026-07-31|2026-08-03|2026-08-04|2026-08-05|2026-08-06|2026-08-07|2026-08-10|2026-08-11|2026-08-12|2026-08-13|2026-08-14|2026-08-17|2026-08-18|2026-08-19|2026-08-20|2026-08-21|2026-08-24|2026-08-25,2026-08-25 22:33:34,0.0
IDEX,,2026-07-15|2026-07-16|2026-07-17|2026-07-20|2026-07-21|2026-07-22|2026-07-23|2026-07-24|2026-07-27|2026-07-28|2026-07-29|2026-07-30|2026-07-31|2026-08-03|2026-08-04|2026-08-05|2026-08-06|2026-08-07|2026-08-10|2026-08-11|2026-08-12|2026-08-13|2026-08-14|2026-08-17|2026-08-18|2026-08-19|2026-08-20|2026-08-21|2026-08-24|2026-08-25,2026-08-25 22:33:34,0.0
Boston Properties,,2026-07-15|2026-07-16|2026-07-17|2026-07-20|2026-07-21|2026-07-22|2026-07-23|2026-07-24|2026-07-27|2026-07-28|2026-07-29|2026-07-30|2026-07-31|2026-08-03|2026-08-04|2026-08-05|2026-08-06|2026-08-07|2026-08-10|2026-08-11|2026-08-12|2026-08-13|2026-08-14|2026-08-17|2026-08-18|2026-08-19|2026-08-20|2026-08-21|2026-08-24|2026-08-25,2026-08-25 22:33:34,0.0
Pitney Bowes,,2026-07-15|2026-07-16|2026-07-17|2026-07-20|2026-07-21|2026-07-22|2026-07-23|2026-07-24|2026-07-27|2026-07-28|2026-07-29|2026-07-30|2026-07-31|2026-08-03|2026-08-04|2026-08-05|2026-08-06|2026-08-07|2026-08-10|2026-08-11|2026-08-12|2026-08-13|2026-08-14|2026-08-17|2026-08-18|2026-08-19|2026-08-20|2026-08-21|2026-08-24|2026-08-25,2026-08-25 22:33:34,0.0
Sun Communities,,2026-07-15|2026-07-16|2026-07-17|2026-07-20|2026-07-21|2026-07-22|2026-07-23|2026-07-24|2026-07-27|2026-07-28|2026-07-29|2026-07-30|2026-07-31|2026-08-03|2026-08-04|2026-08-05|2026-08-06|2026-08-07|2026-08-10|2026-08-11|2026-08-12|2026-08-13|2026-08-14|2026-08-17|2026-08-18|2026-08-19|2026-08-20|2026-08-21|2026-08-24|2026-08-25,2026-08-25 22:33:34,0.0
AdaptHealth,,2026-07-15|2026-07-16|2026-07-17|2026-07-20|2026-07-21|2026-07-22|2026-07-23|2026-07-24|2026-07-27|2026-07-28|2026-07-29|2026-07-30|2026-07-31|2026-08-03|2026-08-04|2026-08-05|2026-08-06|2026-08-07|2026-08-10|2026-08-11|2026-08-12|2026-08-13|2026-08-14|2026-08-17|2026-08-18|2026-08-19|2026-08-20|2026-08-21|2026-08-24|2026-08-25,2026-08-25 22:33:34,0.0
Genesis Energy,,2026-07-15|2026-07-16|2026-07-17|2026-07-20|2026-07-21|2026-07-22|2026-07-23|2026-07-24|2026-07-27|2026-07-28|2026-07-29|2026-07-30|2026-07-31|2026-08-03|2026-08-04|2026-08-05|2026-08-06|2026-08-07|2026-08-10|2026-08-11|2026-08-12|2026-08-13|2026-08-14|2026-08-17|2026-08-18|2026-08-19|2026-08-20|2026-08-21|2026-08-24|2026-08-25,2026-08-25 22:33:34,0.0
Jackson Financial,,2026-07-15|2026-07-16|2026-07-17|2026-07-20|2026-07-21|2026-07-22|2026-07-23|2026-07-24|2026-07-27|2026-07-28|2026-07-29|2026-07-30|2026-07-31|2026-08-03|2026-08-04|2026-08-05|2026-08-06|2026-08-07|2026-08-10|2026-08-11|2026-08-12|2026-08-13|2026-08-14|2026-08-17|2026-08-18|2026-08-19|2026-08-20|2026-08-21|2026-08-24|2026-08-25,2026-08-25 22:33:34,0.0
FirstCash,,2026-07-15|2026-07-16|2026-07-17|2026-07-20|2026-07-21|2026-07-22|2026-07-23|2026-07-24|2026-07-27|2026-07-28|2026-07-29|2026-07-30|2026-07-31|2026-08-03|2026-08-04|2026-08-05|2026-08-06|2026-08-07|2026-08-10|2026-08-11|2026-08-12|2026-08-13|2026-08-14|2026-08-17|2026-08-18|2026-08-19|2026-08-20|2026-08-21|2026-08-24|2026-08-25,2026-08-25 22:33:34,0.0
Cal-Maine Foods,,2026-07-15|2026-07-16|2026-07-17|2026-07-20|2026-07-21|2026-07-22|2026-07-23|2026-07-24|2026-07-27|2026-07-28|2026-07-29|2026-07-30|2026-07-31|2026-08-03|2026-08-04|2026-08-05|2026-08-06|2026-08-07|2026-08-10|2026-08-11|2026-08-12|2026-08-13|2026-08-14|2026-08-17|2026-08-18|2026-08-19|2026-08-20|2026-08-21|2026-08-24|2026-08-25,2026-08-25 22:33:34,0.0
Avient,,2026-07-15|2026-07-16|2026-07-17|2026-07-20|2026-07-21|2026-07-22|2026-07-23|2026-07-24|2026-07-27|2026-07-28|2026-07-29|2026-07-30|2026-07-31|2026-08-03|2026-08-04|2026-08-05|2026-08-06|2026-08-07|2026-08-10|2026-08-11|2026-08-12|2026-08-13|2026-08-14|2026-08-17|2026-08-18|2026-08-19|2026-08-20|2026-08-21|2026-08-24|2026-08-25,2026-08-25 22:33:34,0.0
BlueLinx,,2026-07-15|2026-07-16|2026-07-17|2026-07-20|2026-07-21|2026-07-22|2026-07-23|2026-07-24|2026-07-27|2026-07-28|2026-07-29|2026-07-30|2026-07-31|2026-08-03|2026-08-04|2026-08-05|2026-08-06|2026-08-07|2026-08-10|2026-08-11|2026-08-12|2026-08-13|2026-08-14|2026-08-17|2026-08-18|2026-08-19|2026-08-20|2026-08-21|2026-08-24|2026-08-25,2026-08-25 22:33:34,0.0
Sinclair,,2026-07-15|2026-07-16|2026-07-17|2026-07-20|2026-07-21|2026-07-22|2026-07-23|2026-07-24|2026-07-27|2026-07-28|2026-07-29|2026-07-30|2026-07-31|2026-08-03|2026-08-04|2026-08-05|2026-08-06|2026-08-07|2026-08-10|2026-08-11|2026-08-12|2026-08-13|2026-08-14|2026-08-17|2026-08-18|2026-08-19|2026-08-20|2026-08-21|2026-08-24|2026-08-25,2026-08-25 22:33:34,0.0
BOK Financial,,2026-07-15|2026-07-16|2026-07-17|2026-07-20|2026-07-21|2026-07-22|2026-07-23|2026-07-24|2026-07-27|2026-07-28|2026-07-29|2026-07-30|2026-07-31|2026-08-03|2026-08-04|2026-08-05|2026-08-06|2026-08-07|2026-08-10|2026-08-11|2026-08-12|2026-08-13|2026-08-14|2026-08-17|2026-08-18|2026-08-19|2026-08-20|2026-08-21|2026-08-24|2026-08-25,2026-08-25 22:33:34,0.0
Permian Resources,,2026-07-15|2026-07-16|2026-07-17|2026-07-20|2026-07-21|2026-07-22|2026-07-23|2026-07-24|2026-07-27|2026-07-28|2026-07-29|2026-07-30|2026-07-31|2026-08-03|2026-08-04|2026-08-05|2026-08-06|2026-08-07|2026-08-10|2026-08-11|2026-08-12|2026-08-13|2026-08-14|2026-08-17|2026-08-18|2026-08-19|2026-08-20|2026-08-21|2026-08-24|2026-08-25,2026-08-25 22:33:34,0.0
PACS Group,,2026-07-15|2026-07-16|2026-07-17|2026-07-20|2026-07-21|2026-07-22|2026-07-23|2026-07-24|2026-07-27|2026-07-28|2026-07-29|2026-07-30|2026-07-31|2026-08-03|2026-08-04|2026-08-05|2026-08-06|2026-08-07|2026-08-10|2026-08-11|2026-08-12|2026-08-13|2026-08-14|2026-08-17|2026-08-18|2026-08-19|2026-08-20|2026-08-21|2026-08-24|2026-08-25,2026-08-25 22:33:34,0.0
Coinbase Global,,2026-07-15|2026-07-16|2026-07-17|2026-07-20|2026-07-21|2026-07-22|2026-07-23|2026-07-24|2026-07-27|2026-07-28|2026-07-29|2026-07-30|2026-07-31|2026-08-03|2026-08-04|2026-08-05|2026-08-06|2026-08-07|2026-08-10|2026-08-11|2026-08-12|2026-08-13|2026-08-14|2026-08-17|2026-08-18|2026-08-19|2026-08-20|2026-08-21|2026-08-24|2026-08-25,2026-08-25 22:33:34,0.0
Western Midstream Partners,,2026-07-15|2026-07-16|2026-07-17|2026-07-20|2026-07-21|2026-07-22|2026-07-23|2026-07-24|2026-07-27|2026-07-28|2026-07-29|2026-07-30|2026-07-31|2026-08-03|2026-08-04|2026-08-05|2026-08-06|2026-08-07|2026-08-10|2026-08-11|2026-08-12|2026-08-13|2026-08-14|2026-08-17|2026-08-18|2026-08-19|2026-08-20|2026-08-21|2026-08-24|2026-08-25,2026-08-25 22:33:34,0.0
G-III Apparel Group,,2026-07-15|2026-07-16|2026-07-17|2026-07-20|2026-07-21|2026-07-22|2026-07-23|2026-07-24|2026-07-27|2026-07-28|2026-07-29|2026-07-30|2026-07-31|2026-08-03|2026-08-04|2026-08-05|2026-08-06|2026-08-07|2026-08-10|2026-08-11|2026-08-12|2026-08-13|2026-08-14|2026-08-17|2026-08-18|2026-08-19|2026-08-20|2026-08-21|2026-08-24|2026-08-25,2026-08-25 22:33:34,0.0
Vontier,,2026-07-15|2026-07-16|2026-07-17|2026-07-20|2026-07-21|2026-07-22|2026-07-23|2026-07-24|2026-07-27|2026-07-28|2026-07-29|2026-07-30|2026-07-31|2026-08-03|2026-08-04|2026-08-05|2026-08-06|2026-08-07|2026-08-10|2026-08-11|2026-08-12|2026-08-13|2026-08-14|2026-08-17|2026-08-18|2026-08-19|2026-08-20|2026-08-21|2026-08-24|2026-08-25,2026-08-25 22:33:34,0.0
Matson Inc,,2026-07-15|2026-07-16|2026-07-17|2026-07-20|2026-07-21|2026-07-22|2026-07-23|2026-07-24|2026-07-27|2026-07-28|2026-07-29|2026-07-30|2026-07-31|2026-08-03|2026-08-04|2026-08-05|2026-08-06|2026-08-07|2026-08-10|2026-08-11|2026-08-12|2026-08-13|2026-08-14|2026-08-17|2026-08-18|2026-08-19|2026-08-20|2026-08-21|2026-08-24|2026-08-25,2026-08-25 22:33:34,0.0
Kirby Corporation,,2026-07-15|2026-07-16|2026-07-17|2026-07-20|2026-07-21|2026-07-22|2026-07-23|2026-07-24|2026-07-27|2026-07-28|2026-07-29|2026-07-30|2026-07-31|2026-08-03|2026-08-04|2026-08-05|2026-08-06|2026-08-07|2026-08-10|2026-08-11|2026-08-12|2026-08-13|2026-08-14|2026-08-17|2026-08-18|2026-08-19|2026-08-20|2026-08-21|2026-08-24|2026-08-25,2026-08-25 22:33:34,0.0
Kaiser Aluminum,,2026-07-15|2026-07-16|2026-07-17|2026-07-20|2026-07-21|2026-07-22|2026-07-23|2026-07-24|2026-07-27|2026-07-28|2026-07-29|2026-07-30|2026-07-31|2026-08-03|2026-08-04|2026-08-05|2026-08-06|2026-08-07|2026-08-10|2026-08-11|2026-08-12|2026-08-13|2026-08-14|2026-08-17|2026-08-18|2026-08-19|2026-08-20|2026-08-21|2026-08-24|2026-08-25,2026-08-25 22:33:34,0.0
Designer Brands Inc,,2026-07-15|2026-07-16|2026-07-17|2026-07-20|2026-07-21|2026-07-22|2026-07-23|2026-07-24|2026-07-27|2026-07-28|2026-07-29|2026-07-30|2026-07-31|2026-08-03|2026-08-04|2026-08-05|2026-08-06|2026-08-07|2026-08-10|2026-08-11|2026-08-12|2026-08-13|2026-08-14|2026-08-17|2026-08-18|2026-08-19|2026-08-20|2026-08-21|2026-08-24|2026-08-25,2026-08-25 22:33:34,0.0
Rollins Inc,,2026-07-15|2026-07-16|2026-07-17|2026-07-20|2026-07-21|2026-07-22|2026-07-23|2026-07-24|2026-07-27|2026-07-28|2026-07-29|2026-07-30|2026-07-31|2026-08-03|2026-08-04|2026-08-05|2026-08-06|2026-08-07|2026-08-10|2026-08-11|2026-08-12|2026-08-13|2026-08-14|2026-08-17|2026-08-18|2026-08-19|2026-08-20|2026-08-21|2026-08-24|2026-08-25,2026-08-25 22:33:34,0.0
Advanced Drainage Systems,,2026-07-15|2026-07-16|2026-07-17|2026-07-20|2026-07-21|2026-07-22|2026-07-23|2026-07-24|2026-07-27|2026-07-28|2026-07-29|2026-07-30|2026-07-31|2026-08-03|2026-08-04|2026-08-05|2026-08-06|2026-08-07|2026-08-10|2026-08-11|2026-08-12|2026-08-13|2026-08-14|2026-08-17|2026-08-18|2026-08-19|2026-08-20|2026-08-21|2026-08-24|2026-08-25,2026-08-25 22:33:34,0.0
Cinemark,,2026-07-15|2026-07-16|2026-07-17|2026-07-20|2026-07-21|2026-07-22|2026-07-23|2026-07-24|2026-07-27|2026-07-28|2026-07-29|2026-07-30|2026-07-31|2026-08-03|2026-08-04|2026-08-05|2026-08-06|2026-08-07|2026-08-10|2026-08-11|2026-08-12|2026-08-13|2026-08-14|2026-08-17|2026-08-18|2026-08-19|2026-08-20|2026-08-21|2026-08-24|2026-08-25,2026-08-25 22:33:34,0.0
CrowdStrike,,2026-07-15|2026-07-16|2026-07-17|2026-07-20|2026-07-21|2026-07-22|2026-07-23|2026-07-24|2026-07-27|2026-07-28|2026-07-29|2026-07-30|2026-07-31|2026-08-03|2026-08-04|2026-08-05|2026-08-06|2026-08-07|2026-08-10|2026-08-11|2026-08-12|2026-08-13|2026-08-14|2026-08-17|2026-08-18|2026-08-19|2026-08-20|2026-08-21|2026-08-24|2026-08-25,2026-08-25 22:33:34,0.0
Pinterest,,2026-07-15|2026-07-16|2026-07-17|2026-07-20|2026-07-21|2026-07-22|2026-07-23|2026-07-24|2026-07-27|2026-07-28|2026-07-29|2026-07-30|2026-07-31|2026-08-03|2026-08-04|2026-08-05|2026-08-06|2026-08-07|2026-08-10|2026-08-11|2026-08-12|2026-08-13|2026-08-14|2026-08-17|2026-08-18|2026-08-19|2026-08-20|2026-08-21|2026-08-24|2026-08-25,2026-08-25 22:33:34,0.0
Instacart,,2026-07-15|2026-07-16|2026-07-17|2026-07-20|2026-07-21|2026-07-22|2026-07-23|2026-07-24|2026-07-27|2026-07-28|2026-07-29|2026-07-30|2026-07-31|2026-08-03|2026-08-04|2026-08-05|2026-08-06|2026-08-07|2026-08-10|2026-08-11|2026-08-12|2026-08-13|2026-08-14|2026-08-17|2026-08-18|2026-08-19|2026-08-20|2026-08-21|2026-08-24|2026-08-25,2026-08-25 22:33:34,0.0
Allison Transmission,,2026-07-15|2026-07-16|2026-07-17|2026-07-20|2026-07-21|2026-07-22|2026-07-23|2026-07-24|2026-07-27|2026-07-28|2026-07-29|2026-07-30|2026-07-31|2026-08-03|2026-08-04|2026-08-05|2026-08-06|2026-08-07|2026-08-10|2026-08-11|2026-08-12|2026-08-13|2026-08-14|2026-08-17|2026-08-18|2026-08-19|2026-08-20|2026-08-21|2026-08-24|2026-08-25,2026-08-25 22:33:34,0.0
Restoration Hardware,,2026-07-15|2026-07-16|2026-07-17|2026-07-20|2026-07-21|2026-07-22|2026-07-23|2026-07-24|2026-07-27|2026-07-28|2026-07-29|2026-07-30|2026-07-31|2026-08-03|2026-08-04|2026-08-05|2026-08-06|2026-08-07|2026-08-10|2026-08-11|2026-08-12|2026-08-13|2026-08-14|2026-08-17|2026-08-18|2026-08-19|2026-08-20|2026-08-21|2026-08-24|2026-08-25,2026-08-25 22:33:34,0.0
Brookdale Senior Living,,2026-07-15|2026-07-16|2026-07-17|2026-07-20|2026-07-21|2026-07-22|2026-07-23|2026-07-24|2026-07-27|2026-07-28|2026-07-29|2026-07-30|2026-07-31|2026-08-03|2026-08-04|2026-08-05|2026-08-06|2026-08-07|2026-08-10|2026-08-11|2026-08-12|2026-08-13|2026-08-14|2026-08-17|2026-08-18|2026-08-19|2026-08-20|2026-08-21|2026-08-24|2026-08-25,2026-08-25 22:33:34,0.0
QuidelOrtho,,2026-07-15|2026-07-16|2026-07-17|2026-07-20|2026-07-21|2026-07-22|2026-07-23|2026-07-24|2026-07-27|2026-07-28|2026-07-29|2026-07-30|2026-07-31|2026-08-03|2026-08-04|2026-08-05|2026-08-06|2026-08-07|2026-08-10|2026-08-11|2026-08-12|2026-08-13|2026-08-14|2026-08-17|2026-08-18|2026-08-19|2026-08-20|2026-08-21|2026-08-24|2026-08-25,2026-08-25 22:33:34,0.0
Trinity Industries,,2026-07-15|2026-07-16|2026-07-17|2026-07-20|2026-07-21|2026-07-22|2026-07-23|2026-07-24|2026-07-27|2026-07-28|2026-07-29|2026-07-30|2026-07-31|2026-08-03|2026-08-04|2026-08-05|2026-08-06|2026-08-07|2026-08-10|2026-08-11|2026-08-12|2026-08-13|2026-08-14|2026-08-17|2026-08-18|2026-08-19|2026-08-20|2026-08-21|2026-08-24|2026-08-25,2026-08-25 22:33:34,0.0
Teleflex,,2026-07-15|2026-07-16|2026-07-17|2026-07-20|2026-07-21|2026-07-22|2026-07-23|2026-07-24|2026-07-27|2026-07-28|2026-07-29|2026-07-30|2026-07-31|2026-08-03|2026-08-04|2026-08-05|2026-08-06|2026-08-07|2026-08-10|2026-08-11|2026-08-12|2026-08-13|2026-08-14|2026-08-17|2026-08-18|2026-08-19|2026-08-20|2026-08-21|2026-08-24|2026-08-25,2026-08-25 22:33:34,0.0
HEICO,,2026-07-15|2026-07-16|2026-07-17|2026-07-20|2026-07-21|2026-07-22|2026-07-23|2026-07-24|2026-07-27|2026-07-28|2026-07-29|2026-07-30|2026-07-31|2026-08-03|2026-08-04|2026-08-05|2026-08-06|2026-08-07|2026-08-10|2026-08-11|2026-08-12|2026-08-13|2026-08-14|2026-08-17|2026-08-18|2026-08-19|2026-08-20|2026-08-21|2026-08-24|2026-08-25,2026-08-25 22:33:34,0.0
Bruker,,2026-07-15|2026-07-16|2026-07-17|2026-07-20|2026-07-21|2026-07-22|2026-07-23|2026-07-24|2026-07-27|2026-07-28|2026-07-29|2026-07-30|2026-07-31|2026-08-03|2026-08-04|2026-08-05|2026-08-06|2026-08-07|2026-08-10|2026-08-11|2026-08-12|2026-08-13|2026-08-14|2026-08-17|2026-08-18|2026-08-19|2026-08-20|2026-08-21|2026-08-24|2026-08-25,2026-08-25 22:33:34,0.0
Carlyle Group,,2026-07-15|2026-07-16|2026-07-17|2026-07-20|2026-07-21|2026-07-22|2026-07-23|2026-07-24|2026-07-27|2026-07-28|2026-07-29|2026-07-30|2026-07-31|2026-08-03|2026-08-04|2026-08-05|2026-08-06|2026-08-07|2026-08-10|2026-08-11|2026-08-12|2026-08-13|2026-08-14|2026-08-17|2026-08-18|2026-08-19|2026-08-20|2026-08-21|2026-08-24|2026-08-25,2026-08-25 22:33:34,0.0
Energizer Holdings,,2026-07-15|2026-07-16|2026-07-17|2026-07-20|2026-07-21|2026-07-22|2026-07-23|2026-07-24|2026-07-27|2026-07-28|2026-07-29|2026-07-30|2026-07-31|2026-08-03|2026-08-04|2026-08-05|2026-08-06|2026-08-07|2026-08-10|2026-08-11|2026-08-12|2026-08-13|2026-08-14|2026-08-17|2026-08-18|2026-08-19|2026-08-20|2026-08-21|2026-08-24|2026-08-25,2026-08-25 22:33:34,0.0
Rackspace Technology,,2026-07-15|2026-07-16|2026-07-17|2026-07-20|2026-07-21|2026-07-22|2026-07-23|2026-07-24|2026-07-27|2026-07-28|2026-07-29|2026-07-30|2026-07-31|2026-08-03|2026-08-04|2026-08-05|2026-08-06|2026-08-07|2026-08-10|2026-08-11|2026-08-12|2026-08-13|2026-08-14|2026-08-17|2026-08-18|2026-08-19|2026-08-20|2026-08-21|2026-08-24|2026-08-25,2026-08-25 22:33:34,0.0
Waters Corporation,,2026-07-15|2026-07-16|2026-07-17|2026-07-20|2026-07-21|2026-07-22|2026-07-23|2026-07-24|2026-07-27|2026-07-28|2026-07-29|2026-07-30|2026-07-31|2026-08-03|2026-08-04|2026-08-05|2026-08-06|2026-08-07|2026-08-10|2026-08-11|2026-08-12|2026-08-13|2026-08-14|2026-08-17|2026-08-18|2026-08-19|2026-08-20|2026-08-21|2026-08-24|2026-08-25,2026-08-25 22:33:34,0.0
West Pharmaceutical Services,,2026-07-15|2026-07-16|2026-07-17|2026-07-20|2026-07-21|2026-07-22|2026-07-23|2026-07-24|2026-07-27|2026-07-28|2026-07-29|2026-07-30|2026-07-31|2026-08-03|2026-08-04|2026-08-05|2026-08-06|2026-08-07|2026-08-10|2026-08-11|2026-08-12|2026-08-13|2026-08-14|2026-08-17|2026-08-18|2026-08-19|2026-08-20|2026-08-21|2026-08-24|2026-08-25,2026-08-25 22:33:34,0.0
Carters Inc,,2026-07-15|2026-07-16|2026-07-17|2026-07-20|2026-07-21|2026-07-22|2026-07-23|2026-07-24|2026-07-27|2026-07-28|2026-07-29|2026-07-30|2026-07-31|2026-08-03|2026-08-04|2026-08-05|2026-08-06|2026-08-07|2026-08-10|2026-08-11|2026-08-12|2026-08-13|2026-08-14|2026-08-17|2026-08-18|2026-08-19|2026-08-20|2026-08-21|2026-08-24|2026-08-25,2026-08-25 22:33:34,0.0
SkyWest,,2026-07-15|2026-07-16|2026-07-17|2026-07-20|2026-07-21|2026-07-22|2026-07-23|2026-07-24|2026-07-27|2026-07-28|2026-07-29|2026-07-30|2026-07-31|2026-08-03|2026-08-04|2026-08-05|2026-08-06|2026-08-07|2026-08-10|2026-08-11|2026-08-12|2026-08-13|2026-08-14|2026-08-17|2026-08-18|2026-08-19|2026-08-20|2026-08-21|2026-08-24|2026-08-25,2026-08-25 22:33:34,0.0
Acadia Healthcare,,2026-07-15|2026-07-16|2026-07-17|2026-07-20|2026-07-21|2026-07-22|2026-07-23|2026-07-24|2026-07-27|2026-07-28|2026-07-29|2026-07-30|2026-07-31|2026-08-03|2026-08-04|2026-08-05|2026-08-06|2026-08-07|2026-08-10|2026-08-11|2026-08-12|2026-08-13|2026-08-14|2026-08-17|2026-08-18|2026-08-19|2026-08-20|2026-08-21|2026-08-24|2026-08-25,2026-08-25 22:33:34,0.0
Revvity,,2026-07-15|2026-07-16|2026-07-17|2026-07-20|2026-07-21|2026-07-22|2026-07-23|2026-07-24|2026-07-27|2026-07-28|2026-07-29|2026-07-30|2026-07-31|2026-08-03|2026-08-04|2026-08-05|2026-08-06|2026-08-07|2026-08-10|2026-08-11|2026-08-12|2026-08-13|2026-08-14|2026-08-17|2026-08-18|2026-08-19|2026-08-20|2026-08-21|2026-08-24|2026-08-25,2026-08-25 22:33:34,0.0
Portland General Electric,,2026-07-15|2026-07-16|2026-07-17|2026-07-20|2026-07-21|2026-07-22|2026-07-23|2026-07-24|2026-07-27|2026-07-28|2026-07-29|2026-07-30|2026-07-31|2026-08-03|2026-08-04|2026-08-05|2026-08-06|2026-08-07|2026-08-10|2026-08-11|2026-08-12|2026-08-13|2026-08-14|2026-08-17|2026-08-18|2026-08-19|2026-08-20|2026-08-21|2026-08-24|2026-08-25,2026-08-25 22:33:34,0.0
Woodward Inc,,2026-07-15|2026-07-16|2026-07-17|2026-07-20|2026-07-21|2026-07-22|2026-07-23|2026-07-24|2026-07-27|2026-07-28|2026-07-29|2026-07-30|2026-07-31|2026-08-03|2026-08-04|2026-08-05|2026-08-06|2026-08-07|2026-08-10|2026-08-11|2026-08-12|2026-08-13|2026-08-14|2026-08-17|2026-08-18|2026-08-19|2026-08-20|2026-08-21|2026-08-24|2026-08-25,2026-08-25 22:33:34,0.0
Sabre Corporation,,2026-07-15|2026-07-16|2026-07-17|2026-07-20|2026-07-21|2026-07-22|2026-07-23|2026-07-24|2026-07-27|2026-07-28|2026-07-29|2026-07-30|2026-07-31|2026-08-03|2026-08-04|2026-08-05|2026-08-06|2026-08-07|2026-08-10|2026-08-11|2026-08-12|2026-08-13|2026-08-14|2026-08-17|2026-08-18|2026-08-19|2026-08-20|2026-08-21|2026-08-24|2026-08-25,2026-08-25 22:33:34,0.0
Vail Resorts,,2026-07-15|2026-07-16|2026-07-17|2026-07-20|2026-07-21|2026-07-22|2026-07-23|2026-07-24|2026-07-27|2026-07-28|2026-07-29|2026-07-30|2026-07-31|2026-08-03|2026-08-04|2026-08-05|2026-08-06|2026-08-07|2026-08-10|2026-08-11|2026-08-12|2026-08-13|2026-08-14|2026-08-17|2026-08-18|2026-08-19|2026-08-20|2026-08-21|2026-08-24|2026-08-25,2026-08-25 22:33:34,0.0
PennyMac Financial Services,,2026-07-15|2026-07-16|2026-07-17|2026-07-20|2026-07-21|2026-07-22|2026-07-23|2026-07-24|2026-07-27|2026-07-28|2026-07-29|2026-07-30|2026-07-31|2026-08-03|2026-08-04|2026-08-05|2026-08-06|2026-08-07|2026-08-10|2026-08-11|2026-08-12|2026-08-13|2026-08-14|2026-08-17|2026-08-18|2026-08-19|2026-08-20|2026-08-21|2026-08-24|2026-08-25,2026-08-25 22:33:34,0.0
Saia Inc,,2026-07-15|2026-07-16|2026-07-17|2026-07-20|2026-07-21|2026-07-22|2026-07-23|2026-07-24|2026-07-27|2026-07-28|2026-07-29|2026-07-30|2026-07-31|2026-08-03|2026-08-04|2026-08-05|2026-08-06|2026-08-07|2026-08-10|2026-08-11|2026-08-12|2026-08-13|2026-08-14|2026-08-17|2026-08-18|2026-08-19|2026-08-20|2026-08-21|2026-08-24|2026-08-25,2026-08-25 22:33:34,0.0
Equity Residential,,2026-06-25|2026-06-26|2026-06-29|2026-06-30|2026-07-01|2026-07-02|2026-07-06|2026-07-07|2026-07-08|2026-07-09|2026-07-10|2026-07-13|2026-07-14|2026-07-15|2026-07-16|2026-07-17|2026-07-20|2026-07-21|2026-07-22|2026-07-31|2026-08-06|2026-08-11|2026-08-12|2026-08-13|2026-08-14|2026-08-17|2026-08-18|2026-08-19|2026-08-20|2026-08-21,2026-08-25 22:33:34,0.0
Helmerich & Payne,,2026-07-15|2026-07-16|2026-07-17|2026-07-20|2026-07-21|2026-07-22|2026-07-23|2026-07-24|2026-07-27|2026-07-28|2026-07-29|2026-07-30|2026-07-31|2026-08-03|2026-08-04|2026-08-05|2026-08-06|2026-08-07|2026-08-10|2026-08-11|2026-08-12|2026-08-13|2026-08-14|2026-08-17|2026-08-18|2026-08-19|2026-08-20|2026-08-21|2026-08-24|2026-08-25,2026-08-25 22:33:34,0.0
Korn Ferry,,2026-07-15|2026-07-16|2026-07-17|2026-07-20|2026-07-21|2026-07-22|2026-07-23|2026-07-24|2026-07-27|2026-07-28|2026-07-29|2026-07-30|2026-07-31|2026-08-03|2026-08-04|2026-08-05|2026-08-06|2026-08-07|2026-08-10|2026-08-11|2026-08-12|2026-08-13|2026-08-14|2026-08-17|2026-08-18|2026-08-19|2026-08-20|2026-08-21|2026-08-24|2026-08-25,2026-08-25 22:33:34,0.0
PC Connection Inc,,2026-07-15|2026-07-16|2026-07-17|2026-07-20|2026-07-21|2026-07-22|2026-07-23|2026-07-24|2026-07-27|2026-07-28|2026-07-29|2026-07-30|2026-07-31|2026-08-03|2026-08-04|2026-08-05|2026-08-06|2026-08-07|2026-08-10|2026-08-11|2026-08-12|2026-08-13|2026-08-14|2026-08-17|2026-08-18|2026-08-19|2026-08-20|2026-08-21|2026-08-24|2026-08-25,2026-08-25 22:33:34,0.0
Curtiss-Wright,,2026-07-15|2026-07-16|2026-07-17|2026-07-20|2026-07-21|2026-07-22|2026-07-23|2026-07-24|2026-07-27|2026-07-28|2026-07-29|2026-07-30|2026-07-31|2026-08-03|2026-08-04|2026-08-05|2026-08-06|2026-08-07|2026-08-10|2026-08-11|2026-08-12|2026-08-13|2026-08-14|2026-08-17|2026-08-18|2026-08-19|2026-08-20|2026-08-21|2026-08-24|2026-08-25,2026-08-25 22:33:34,0.0
Sallie Mae,,2026-07-15|2026-07-16|2026-07-17|2026-07-20|2026-07-21|2026-07-22|2026-07-23|2026-07-24|2026-07-27|2026-07-28|2026-07-29|2026-07-30|2026-07-31|2026-08-03|2026-08-04|2026-08-05|2026-08-06|2026-08-07|2026-08-10|2026-08-11|2026-08-12|2026-08-13|2026-08-14|2026-08-17|2026-08-18|2026-08-19|2026-08-20|2026-08-21|2026-08-24|2026-08-25,2026-08-25 22:33:34,0.0
Benchmark Electronics,,2026-07-15|2026-07-16|2026-07-17|2026-07-20|2026-07-21|2026-07-22|2026-07-23|2026-07-24|2026-07-27|2026-07-28|2026-07-29|2026-07-30|2026-07-31|2026-08-03|2026-08-04|2026-08-05|2026-08-06|2026-08-07|2026-08-10|2026-08-11|2026-08-12|2026-08-13|2026-08-14|2026-08-17|2026-08-18|2026-08-19|2026-08-20|2026-08-21|2026-08-24|2026-08-25,2026-08-25 22:33:34,0.0
Knife River Corporation,,2026-07-15|2026-07-16|2026-07-17|2026-07-20|2026-07-21|2026-07-22|2026-07-23|2026-07-24|2026-07-27|2026-07-28|2026-07-29|2026-07-30|2026-07-31|2026-08-03|2026-08-04|2026-08-05|2026-08-06|2026-08-07|2026-08-10|2026-08-11|2026-08-12|2026-08-13|2026-08-14|2026-08-17|2026-08-18|2026-08-19|2026-08-20|2026-08-21|2026-08-24|2026-08-25,2026-08-25 22:33:34,0.0
Caleres Inc,,2026-07-15|2026-07-16|2026-07-17|2026-07-20|2026-07-21|2026-07-22|2026-07-23|2026-07-24|2026-07-27|2026-07-28|2026-07-29|2026-07-30|2026-07-31|2026-08-03|2026-08-04|2026-08-05|2026-08-06|2026-08-07|2026-08-10|2026-08-11|2026-08-12|2026-08-13|2026-08-14|2026-08-17|2026-08-18|2026-08-19|2026-08-20|2026-08-21|2026-08-24|2026-08-25,2026-08-25 22:33:34,0.0
BrightView Holdings,,2026-07-15|2026-07-16|2026-07-17|2026-07-20|2026-07-21|2026-07-22|2026-07-23|2026-07-24|2026-07-27|2026-07-28|2026-07-29|2026-07-30|2026-07-31|2026-08-03|2026-08-04|2026-08-05|2026-08-06|2026-08-07|2026-08-10|2026-08-11|2026-08-12|2026-08-13|2026-08-14|2026-08-17|2026-08-18|2026-08-19|2026-08-20|2026-08-21|2026-08-24|2026-08-25,2026-08-25 22:33:34,0.0
Cooper-Standard,,2026-07-15|2026-07-16|2026-07-17|2026-07-20|2026-07-21|2026-07-22|2026-07-23|2026-07-24|2026-07-27|2026-07-28|2026-07-29|2026-07-30|2026-07-31|2026-08-03|2026-08-04|2026-08-05|2026-08-06|2026-08-07|2026-08-10|2026-08-11|2026-08-12|2026-08-13|2026-08-14|2026-08-17|2026-08-18|2026-08-19|2026-08-20|2026-08-21|2026-08-24|2026-08-25,2026-08-25 22:33:34,0.0
Primerica,,2026-07-15|2026-07-16|2026-07-17|2026-07-20|2026-07-21|2026-07-22|2026-07-23|2026-07-24|2026-07-27|2026-07-28|2026-07-29|2026-07-30|2026-07-31|2026-08-03|2026-08-04|2026-08-05|2026-08-06|2026-08-07|2026-08-10|2026-08-11|2026-08-12|2026-08-13|2026-08-14|2026-08-17|2026-08-18|2026-08-19|2026-08-20|2026-08-21|2026-08-24|2026-08-25,2026-08-25 22:33:34,0.0
F5,,2026-07-15|2026-07-16|2026-07-17|2026-07-20|2026-07-21|2026-07-22|2026-07-23|2026-07-24|2026-07-27|2026-07-28|2026-07-29|2026-07-30|2026-07-31|2026-08-03|2026-08-04|2026-08-05|2026-08-06|2026-08-07|2026-08-10|2026-08-11|2026-08-12|2026-08-13|2026-08-14|2026-08-17|2026-08-18|2026-08-19|2026-08-20|2026-08-21|2026-08-24|2026-08-25,2026-08-25 22:33:34,0.0
Matador Resources,,2026-07-15|2026-07-16|2026-07-17|2026-07-20|2026-07-21|2026-07-22|2026-07-23|2026-07-24|2026-07-27|2026-07-28|2026-07-29|2026-07-30|2026-07-31|2026-08-03|2026-08-04|2026-08-05|2026-08-06|2026-08-07|2026-08-10|2026-08-11|2026-08-12|2026-08-13|2026-08-14|2026-08-17|2026-08-18|2026-08-19|2026-08-20|2026-08-21|2026-08-24|2026-08-25,2026-08-25 22:33:34,0.0
Snowflake Inc,,2026-07-15|2026-07-16|2026-07-17|2026-07-20|2026-07-21|2026-07-22|2026-07-23|2026-07-24|2026-07-27|2026-07-28|2026-07-29|2026-07-30|2026-07-31|2026-08-03|2026-08-04|2026-08-05|2026-08-06|2026-08-07|2026-08-10|2026-08-11|2026-08-12|2026-08-13|2026-08-14|2026-08-17|2026-08-18|2026-08-19|2026-08-20|2026-08-21|2026-08-24|2026-08-25,2026-08-25 22:33:34,0.0
Viasat,,2026-07-15|2026-07-16|2026-07-17|2026-07-20|2026-07-21|2026-07-22|2026-07-23|2026-07-24|2026-07-27|2026-07-28|2026-07-29|2026-07-30|2026-07-31|2026-08-03|2026-08-04|2026-08-05|2026-08-06|2026-08-07|2026-08-10|2026-08-11|2026-08-12|2026-08-13|2026-08-14|2026-08-17|2026-08-18|2026-08-19|2026-08-20|2026-08-21|2026-08-24|2026-08-25,2026-08-25 22:33:34,0.0
California Resources,,2026-07-15|2026-07-16|2026-07-17|2026-07-20|2026-07-21|2026-07-22|2026-07-23|2026-07-24|2026-07-27|2026-07-28|2026-07-29|2026-07-30|2026-07-31|2026-08-03|2026-08-04|2026-08-05|2026-08-06|2026-08-07|2026-08-10|2026-08-11|2026-08-12|2026-08-13|2026-08-14|2026-08-17|2026-08-18|2026-08-19|2026-08-20|2026-08-21|2026-08-24|2026-08-25,2026-08-25 22:33:34,0.0
Peloton Interactive,,2026-07-15|2026-07-16|2026-07-17|2026-07-20|2026-07-21|2026-07-22|2026-07-23|2026-07-24|2026-07-27|2026-07-28|2026-07-29|2026-07-30|2026-07-31|2026-08-03|2026-08-04|2026-08-05|2026-08-06|2026-08-07|2026-08-10|2026-08-11|2026-08-12|2026-08-13|2026-08-14|2026-08-17|2026-08-18|2026-08-19|2026-08-20|2026-08-21|2026-08-24|2026-08-25,2026-08-25 22:33:34,0.0
Roblox,,2026-07-15|2026-07-16|2026-07-17|2026-07-20|2026-07-21|2026-07-22|2026-07-23|2026-07-24|2026-07-27|2026-07-28|2026-07-29|2026-07-30|2026-07-31|2026-08-03|2026-08-04|2026-08-05|2026-08-06|2026-08-07|2026-08-10|2026-08-11|2026-08-12|2026-08-13|2026-08-14|2026-08-17|2026-08-18|2026-08-19|2026-08-20|2026-08-21|2026-08-24|2026-08-25,2026-08-25 22:33:34,0.0
Installed Building Products,,2026-07-15|2026-07-16|2026-07-17|2026-07-20|2026-07-21|2026-07-22|2026-07-23|2026-07-24|2026-07-27|2026-07-28|2026-07-29|2026-07-30|2026-07-31|2026-08-03|2026-08-04|2026-08-05|2026-08-06|2026-08-07|2026-08-10|2026-08-11|2026-08-12|2026-08-13|2026-08-14|2026-08-17|2026-08-18|2026-08-19|2026-08-20|2026-08-21|2026-08-24|2026-08-25,2026-08-25 22:33:34,0.0
First National of Nebraska,,2026-07-14|2026-07-15|2026-07-16|2026-07-17|2026-07-20|2026-07-21|2026-07-22|2026-07-23|2026-07-24|2026-07-27|2026-07-28|2026-07-29|2026-07-30|2026-07-31|2026-08-03|2026-08-04|2026-08-05|2026-08-06|2026-08-07|2026-08-10|2026-08-11|2026-08-12|2026-08-13|2026-08-14|2026-08-17|2026-08-18|2026-08-19|2026-08-20|2026-08-21|2026-08-24,2026-08-25 22:33:34,0.0
ESAB,,2026-07-15|2026-07-16|2026-07-17|2026-07-20|2026-07-21|2026-07-22|2026-07-23|2026-07-24|2026-07-27|2026-07-28|2026-07-29|2026-07-30|2026-07-31|2026-08-03|2026-08-04|2026-08-05|2026-08-06|2026-08-07|2026-08-10|2026-08-11|2026-08-12|2026-08-13|2026-08-14|2026-08-17|2026-08-18|2026-08-19|2026-08-20|2026-08-21|2026-08-24|2026-08-25,2026-08-25 22:33:34,0.0
AvalonBay Communities,,2026-07-14|2026-07-15|2026-07-16|2026-07-17|2026-07-20|2026-07-21|2026-07-22|2026-07-23|2026-07-24|2026-07-27|2026-07-28|2026-07-29|2026-07-30|2026-07-31|2026-08-03|2026-08-04|2026-08-05|2026-08-06|2026-08-07|2026-08-10|2026-08-11|2026-08-12|2026-08-13|2026-08-14|2026-08-17|2026-08-18|2026-08-19|2026-08-20|2026-08-21|2026-08-24,2026-08-25 22:33:34,0.0
DocuSign,,2026-07-15|2026-07-16|2026-07-17|2026-07-20|2026-07-21|2026-07-22|2026-07-23|2026-07-24|2026-07-27|2026-07-28|2026-07-29|2026-07-30|2026-07-31|2026-08-03|2026-08-04|2026-08-05|2026-08-06|2026-08-07|2026-08-10|2026-08-11|2026-08-12|2026-08-13|2026-08-14|2026-08-17|2026-08-18|2026-08-19|2026-08-20|2026-08-21|2026-08-24|2026-08-25,2026-08-25 22:33:34,0.0
Titan Machinery,,2026-07-15|2026-07-16|2026-07-17|2026-07-20|2026-07-21|2026-07-22|2026-07-23|2026-07-24|2026-07-27|2026-07-28|2026-07-29|2026-07-30|2026-07-31|2026-08-03|2026-08-04|2026-08-05|2026-08-06|2026-08-07|2026-08-10|2026-08-11|2026-08-12|2026-08-13|2026-08-14|2026-08-17|2026-08-18|2026-08-19|2026-08-20|2026-08-21|2026-08-24|2026-08-25,2026-08-25 22:33:34,0.0
Hovnanian Enterprises,,2026-07-15|2026-07-16|2026-07-17|2026-07-20|2026-07-21|2026-07-22|2026-07-23|2026-07-24|2026-07-27|2026-07-28|2026-07-29|2026-07-30|2026-07-31|2026-08-03|2026-08-04|2026-08-05|2026-08-06|2026-08-07|2026-08-10|2026-08-11|2026-08-12|2026-08-13|2026-08-14|2026-08-17|2026-08-18|2026-08-19|2026-08-20|2026-08-21|2026-08-24|2026-08-25,2026-08-25 22:33:34,0.0
Etsy,,2026-07-15|2026-07-16|2026-07-17|2026-07-20|2026-07-21|2026-07-22|2026-07-23|2026-07-24|2026-07-27|2026-07-28|2026-07-29|2026-07-30|2026-07-31|2026-08-03|2026-08-04|2026-08-05|2026-08-06|2026-08-07|2026-08-10|2026-08-11|2026-08-12|2026-08-13|2026-08-14|2026-08-17|2026-08-18|2026-08-19|2026-08-20|2026-08-21|2026-08-24|2026-08-25,2026-08-25 22:33:34,0.0
Surgery Partners,,2026-07-15|2026-07-16|2026-07-17|2026-07-20|2026-07-21|2026-07-22|2026-07-23|2026-07-24|2026-07-27|2026-07-28|2026-07-29|2026-07-30|2026-07-31|2026-08-03|2026-08-04|2026-08-05|2026-08-06|2026-08-07|2026-08-10|2026-08-11|2026-08-12|2026-08-13|2026-08-14|2026-08-17|2026-08-18|2026-08-19|2026-08-20|2026-08-21|2026-08-24|2026-08-25,2026-08-25 22:33:34,0.0
Columbia Banking System,,2026-07-15|2026-07-16|2026-07-17|2026-07-20|2026-07-21|2026-07-22|2026-07-23|2026-07-24|2026-07-27|2026-07-28|2026-07-29|2026-07-30|2026-07-31|2026-08-03|2026-08-04|2026-08-05|2026-08-06|2026-08-07|2026-08-10|2026-08-11|2026-08-12|2026-08-13|2026-08-14|2026-08-17|2026-08-18|2026-08-19|2026-08-20|2026-08-21|2026-08-24|2026-08-25,2026-08-25 22:33:34,0.0
Verisk Analytics,,2026-07-15|2026-07-16|2026-07-17|2026-07-20|2026-07-21|2026-07-22|2026-07-23|2026-07-24|2026-07-27|2026-07-28|2026-07-29|2026-07-30|2026-07-31|2026-08-03|2026-08-04|2026-08-05|2026-08-06|2026-08-07|2026-08-10|2026-08-11|2026-08-12|2026-08-13|2026-08-14|2026-08-17|2026-08-18|2026-08-19|2026-08-20|2026-08-21|2026-08-24|2026-08-25,2026-08-25 22:33:34,0.0
MasterBrand,,2026-07-15|2026-07-16|2026-07-17|2026-07-20|2026-07-21|2026-07-22|2026-07-23|2026-07-24|2026-07-27|2026-07-28|2026-07-29|2026-07-30|2026-07-31|2026-08-03|2026-08-04|2026-08-05|2026-08-06|2026-08-07|2026-08-10|2026-08-11|2026-08-12|2026-08-13|2026-08-14|2026-08-17|2026-08-18|2026-08-19|2026-08-20|2026-08-21|2026-08-24|2026-08-25,2026-08-25 22:33:34,0.0
AMC Networks,,2026-07-15|2026-07-16|2026-07-17|2026-07-20|2026-07-21|2026-07-22|2026-07-23|2026-07-24|2026-07-27|2026-07-28|2026-07-29|2026-07-30|2026-07-31|2026-08-03|2026-08-04|2026-08-05|2026-08-06|2026-08-07|2026-08-10|2026-08-11|2026-08-12|2026-08-13|2026-08-14|2026-08-17|2026-08-18|2026-08-19|2026-08-20|2026-08-21|2026-08-24|2026-08-25,2026-08-25 22:33:34,0.0
SBA Communications,,2026-07-15|2026-07-16|2026-07-17|2026-07-20|2026-07-21|2026-07-22|2026-07-23|2026-07-24|2026-07-27|2026-07-28|2026-07-29|2026-07-30|2026-07-31|2026-08-03|2026-08-04|2026-08-05|2026-08-06|2026-08-07|2026-08-10|2026-08-11|2026-08-12|2026-08-13|2026-08-14|2026-08-17|2026-08-18|2026-08-19|2026-08-20|2026-08-21|2026-08-24|2026-08-25,2026-08-25 22:33:34,0.0
Americold Realty Trust,,2026-07-15|2026-07-16|2026-07-17|2026-07-20|2026-07-21|2026-07-22|2026-07-23|2026-07-24|2026-07-27|2026-07-28|2026-07-29|2026-07-30|2026-07-31|2026-08-03|2026-08-04|2026-08-05|2026-08-06|2026-08-07|2026-08-10|2026-08-11|2026-08-12|2026-08-13|2026-08-14|2026-08-17|2026-08-18|2026-08-19|2026-08-20|2026-08-21|2026-08-24|2026-08-25,2026-08-25 22:33:34,0.0
NewMarket Corporation,,2026-07-15|2026-07-16|2026-07-17|2026-07-20|2026-07-21|2026-07-22|2026-07-23|2026-07-24|2026-07-27|2026-07-28|2026-07-29|2026-07-30|2026-07-31|2026-08-03|2026-08-04|2026-08-05|2026-08-06|2026-08-07|2026-08-10|2026-08-11|2026-08-12|2026-08-13|2026-08-14|2026-08-17|2026-08-18|2026-08-19|2026-08-20|2026-08-21|2026-08-24|2026-08-25,2026-08-25 22:33:34,0.0
Park Hotels & Resorts,,2026-07-15|2026-07-16|2026-07-17|2026-07-20|2026-07-21|2026-07-22|2026-07-23|2026-07-24|2026-07-27|2026-07-28|2026-07-29|2026-07-30|2026-07-31|2026-08-03|2026-08-04|2026-08-05|2026-08-06|2026-08-07|2026-08-10|2026-08-11|2026-08-12|2026-08-13|2026-08-14|2026-08-17|2026-08-18|2026-08-19|2026-08-20|2026-08-21|2026-08-24|2026-08-25,2026-08-25 22:33:34,0.0
Alexandria Real Estate Equities,,2026-07-15|2026-07-16|2026-07-17|2026-07-20|2026-07-21|2026-07-22|2026-07-23|2026-07-24|2026-07-27|2026-07-28|2026-07-29|2026-07-30|2026-07-31|2026-08-03|2026-08-04|2026-08-05|2026-08-06|2026-08-07|2026-08-10|2026-08-11|2026-08-12|2026-08-13|2026-08-14|2026-08-17|2026-08-18|2026-08-19|2026-08-20|2026-08-21|2026-08-24|2026-08-25,2026-08-25 22:33:34,0.0
Griffon Corporation,,2026-07-15|2026-07-16|2026-07-17|2026-07-20|2026-07-21|2026-07-22|2026-07-23|2026-07-24|2026-07-27|2026-07-28|2026-07-29|2026-07-30|2026-07-31|2026-08-03|2026-08-04|2026-08-05|2026-08-06|2026-08-07|2026-08-10|2026-08-11|2026-08-12|2026-08-13|2026-08-14|2026-08-17|2026-08-18|2026-08-19|2026-08-20|2026-08-21|2026-08-24|2026-08-25,2026-08-25 22:33:34,0.0
UL Solutions,,2026-07-15|2026-07-16|2026-07-17|2026-07-20|2026-07-21|2026-07-22|2026-07-23|2026-07-24|2026-07-27|2026-07-28|2026-07-29|2026-07-30|2026-07-31|2026-08-03|2026-08-04|2026-08-05|2026-08-06|2026-08-07|2026-08-10|2026-08-11|2026-08-12|2026-08-13|2026-08-14|2026-08-17|2026-08-18|2026-08-19|2026-08-20|2026-08-21|2026-08-24|2026-08-25,2026-08-25 22:33:34,0.0
Teradyne,,2026-07-15|2026-07-16|2026-07-17|2026-07-20|2026-07-21|2026-07-22|2026-07-23|2026-07-24|2026-07-27|2026-07-28|2026-07-29|2026-07-30|2026-07-31|2026-08-03|2026-08-04|2026-08-05|2026-08-06|2026-08-07|2026-08-10|2026-08-11|2026-08-12|2026-08-13|2026-08-14|2026-08-17|2026-08-18|2026-08-19|2026-08-20|2026-08-21|2026-08-24|2026-08-25,2026-08-25 22:33:34,0.0
OGE Energy,,2026-07-15|2026-07-16|2026-07-17|2026-07-20|2026-07-21|2026-07-22|2026-07-23|2026-07-24|2026-07-27|2026-07-28|2026-07-29|2026-07-30|2026-07-31|2026-08-03|2026-08-04|2026-08-05|2026-08-06|2026-08-07|2026-08-10|2026-08-11|2026-08-12|2026-08-13|2026-08-14|2026-08-17|2026-08-18|2026-08-19|2026-08-20|2026-08-21|2026-08-24|2026-08-25,2026-08-25 22:33:34,0.0
Bio-Rad Laboratories,,2026-07-15|2026-07-16|2026-07-17|2026-07-20|2026-07-21|2026-07-22|2026-07-23|2026-07-24|2026-07-27|2026-07-28|2026-07-29|2026-07-30|2026-07-31|2026-08-03|2026-08-04|2026-08-05|2026-08-06|2026-08-07|2026-08-10|2026-08-11|2026-08-12|2026-08-13|2026-08-14|2026-08-17|2026-08-18|2026-08-19|2026-08-20|2026-08-21|2026-08-24|2026-08-25,2026-08-25 22:33:34,0.0
Spire Inc,,2026-07-15|2026-07-16|2026-07-17|2026-07-20|2026-07-21|2026-07-22|2026-07-23|2026-07-24|2026-07-27|2026-07-28|2026-07-29|2026-07-30|2026-07-31|2026-08-03|2026-08-04|2026-08-05|2026-08-06|2026-08-07|2026-08-10|2026-08-11|2026-08-12|2026-08-13|2026-08-14|2026-08-17|2026-08-18|2026-08-19|2026-08-20|2026-08-21|2026-08-24|2026-08-25,2026-08-25 22:33:34,0.0
Cullen Frost Bankers,,2026-07-15|2026-07-16|2026-07-17|2026-07-20|2026-07-21|2026-07-22|2026-07-23|2026-07-24|2026-07-27|2026-07-28|2026-07-29|2026-07-30|2026-07-31|2026-08-03|2026-08-04|2026-08-05|2026-08-06|2026-08-07|2026-08-10|2026-08-11|2026-08-12|2026-08-13|2026-08-14|2026-08-17|2026-08-18|2026-08-19|2026-08-20|2026-08-21|2026-08-24|2026-08-25,2026-08-25 22:33:34,0.0
Extra Space Storage,,2026-07-15|2026-07-16|2026-07-17|2026-07-20|2026-07-21|2026-07-22|2026-07-23|2026-07-24|2026-07-27|2026-07-28|2026-07-29|2026-07-30|2026-07-31|2026-08-03|2026-08-04|2026-08-05|2026-08-06|2026-08-07|2026-08-10|2026-08-11|2026-08-12|2026-08-13|2026-08-14|2026-08-17|2026-08-18|2026-08-19|2026-08-20|2026-08-21|2026-08-24|2026-08-25,2026-08-25 22:33:34,0.0
ProFrac Holding,,2026-07-15|2026-07-16|2026-07-17|2026-07-20|2026-07-21|2026-07-22|2026-07-23|2026-07-24|2026-07-27|2026-07-28|2026-07-29|2026-07-30|2026-07-31|2026-08-03|2026-08-04|2026-08-05|2026-08-06|2026-08-07|2026-08-10|2026-08-11|2026-08-12|2026-08-13|2026-08-14|2026-08-17|2026-08-18|2026-08-19|2026-08-20|2026-08-21|2026-08-24|2026-08-25,2026-08-25 22:33:34,0.0
Nordson,,2026-07-15|2026-07-16|2026-07-17|2026-07-20|2026-07-21|2026-07-22|2026-07-23|2026-07-24|2026-07-27|2026-07-28|2026-07-29|2026-07-30|2026-07-31|2026-08-03|2026-08-04|2026-08-05|2026-08-06|2026-08-07|2026-08-10|2026-08-11|2026-08-12|2026-08-13|2026-08-14|2026-08-17|2026-08-18|2026-08-19|2026-08-20|2026-08-21|2026-08-24|2026-08-25,2026-08-25 22:33:34,0.0
Valvoline Inc,,2026-07-15|2026-07-16|2026-07-17|2026-07-20|2026-07-21|2026-07-22|2026-07-23|2026-07-24|2026-07-27|2026-07-28|2026-07-29|2026-07-30|2026-07-31|2026-08-03|2026-08-04|2026-08-05|2026-08-06|2026-08-07|2026-08-10|2026-08-11|2026-08-12|2026-08-13|2026-08-14|2026-08-17|2026-08-18|2026-08-19|2026-08-20|2026-08-21|2026-08-24|2026-08-25,2026-08-25 22:33:34,0.0
Kontoor Brands,,2026-07-15|2026-07-16|2026-07-17|2026-07-20|2026-07-21|2026-07-22|2026-07-23|2026-07-24|2026-07-27|2026-07-28|2026-07-29|2026-07-30|2026-07-31|2026-08-03|2026-08-04|2026-08-05|2026-08-06|2026-08-07|2026-08-10|2026-08-11|2026-08-12|2026-08-13|2026-08-14|2026-08-17|2026-08-18|2026-08-19|2026-08-20|2026-08-21|2026-08-24|2026-08-25,2026-08-25 22:33:34,0.0
Skyline Champion,,2026-07-15|2026-07-16|2026-07-17|2026-07-20|2026-07-21|2026-07-22|2026-07-23|2026-07-24|2026-07-27|2026-07-28|2026-07-29|2026-07-30|2026-07-31|2026-08-03|2026-08-04|2026-08-05|2026-08-06|2026-08-07|2026-08-10|2026-08-11|2026-08-12|2026-08-13|2026-08-14|2026-08-17|2026-08-18|2026-08-19|2026-08-20|2026-08-21|2026-08-24|2026-08-25,2026-08-25 22:33:34,0.0
Teladoc Health,,2026-07-15|2026-07-16|2026-07-17|2026-07-20|2026-07-21|2026-07-22|2026-07-23|2026-07-24|2026-07-27|2026-07-28|2026-07-29|2026-07-30|2026-07-31|2026-08-03|2026-08-04|2026-08-05|2026-08-06|2026-08-07|2026-08-10|2026-08-11|2026-08-12|2026-08-13|2026-08-14|2026-08-17|2026-08-18|2026-08-19|2026-08-20|2026-08-21|2026-08-24|2026-08-25,2026-08-25 22:33:34,0.0
Louisiana-Pacific Corporation,,2026-07-15|2026-07-16|2026-07-17|2026-07-20|2026-07-21|2026-07-22|2026-07-23|2026-07-24|2026-07-27|2026-07-28|2026-07-29|2026-07-30|2026-07-31|2026-08-03|2026-08-04|2026-08-05|2026-08-06|2026-08-07|2026-08-10|2026-08-11|2026-08-12|2026-08-13|2026-08-14|2026-08-17|2026-08-18|2026-08-19|2026-08-20|2026-08-21|2026-08-24|2026-08-25,2026-08-25 22:33:34,0.0
Universal Corporation,,2026-07-15|2026-07-16|2026-07-17|2026-07-20|2026-07-21|2026-07-22|2026-07-23|2026-07-24|2026-07-27|2026-07-28|2026-07-29|2026-07-30|2026-07-31|2026-08-03|2026-08-04|2026-08-05|2026-08-06|2026-08-07|2026-08-10|2026-08-11|2026-08-12|2026-08-13|2026-08-14|2026-08-17|2026-08-18|2026-08-19|2026-08-20|2026-08-21|2026-08-24|2026-08-25,2026-08-25 22:33:34,0.0
Playtika Holding,,2026-07-15|2026-07-16|2026-07-17|2026-07-20|2026-07-21|2026-07-22|2026-07-23|2026-07-24|2026-07-27|2026-07-28|2026-07-29|2026-07-30|2026-07-31|2026-08-03|2026-08-04|2026-08-05|2026-08-06|2026-08-07|2026-08-10|2026-08-11|2026-08-12|2026-08-13|2026-08-14|2026-08-17|2026-08-18|2026-08-19|2026-08-20|2026-08-21|2026-08-24|2026-08-25,2026-08-25 22:33:34,0.0
Alliance Resource Partners,,2026-07-15|2026-07-16|2026-07-17|2026-07-20|2026-07-21|2026-07-22|2026-07-23|2026-07-24|2026-07-27|2026-07-28|2026-07-29|2026-07-30|2026-07-31|2026-08-03|2026-08-04|2026-08-05|2026-08-06|2026-08-07|2026-08-10|2026-08-11|2026-08-12|2026-08-13|2026-08-14|2026-08-17|2026-08-18|2026-08-19|2026-08-20|2026-08-21|2026-08-24|2026-08-25,2026-08-25 22:33:34,0.0
Envista Holdings,,2026-07-15|2026-07-16|2026-07-17|2026-07-20|2026-07-21|2026-07-22|2026-07-23|2026-07-24|2026-07-27|2026-07-28|2026-07-29|2026-07-30|2026-07-31|2026-08-03|2026-08-04|2026-08-05|2026-08-06|2026-08-07|2026-08-10|2026-08-11|2026-08-12|2026-08-13|2026-08-14|2026-08-17|2026-08-18|2026-08-19|2026-08-20|2026-08-21|2026-08-24|2026-08-25,2026-08-25 22:33:34,0.0
Shift4 Payments,,2026-07-15|2026-07-16|2026-07-17|2026-07-20|2026-07-21|2026-07-22|2026-07-23|2026-07-24|2026-07-27|2026-07-28|2026-07-29|2026-07-30|2026-07-31|2026-08-03|2026-08-04|2026-08-05|2026-08-06|2026-08-07|2026-08-10|2026-08-11|2026-08-12|2026-08-13|2026-08-14|2026-08-17|2026-08-18|2026-08-19|2026-08-20|2026-08-21|2026-08-24|2026-08-25,2026-08-25 22:33:34,0.0
Talen Energy,,2026-06-04|2026-06-05|2026-06-08|2026-06-09|2026-06-10|2026-06-11|2026-06-12|2026-06-15|2026-06-16|2026-06-17|2026-06-18|2026-06-22|2026-06-23|2026-06-24|2026-06-25|2026-06-26|2026-06-29|2026-06-30|2026-07-01|2026-07-02|2026-07-06|2026-07-07|2026-07-08|2026-07-09|2026-07-10|2026-07-13|2026-07-14|2026-07-15|2026-07-16|2026-07-17,2026-08-25 22:33:34,0.0
Carpenter Technology,,2026-07-15|2026-07-16|2026-07-17|2026-07-20|2026-07-21|2026-07-22|2026-07-23|2026-07-24|2026-07-27|2026-07-28|2026-07-29|2026-07-30|2026-07-31|2026-08-03|2026-08-04|2026-08-05|2026-08-06|2026-08-07|2026-08-10|2026-08-11|2026-08-12|2026-08-13|2026-08-14|2026-08-17|2026-08-18|2026-08-19|2026-08-20|2026-08-21|2026-08-24|2026-08-25,2026-08-25 22:33:34,0.0
WEX,,2026-07-15|2026-07-16|2026-07-17|2026-07-20|2026-07-21|2026-07-22|2026-07-23|2026-07-24|2026-07-27|2026-07-28|2026-07-29|2026-07-30|2026-07-31|2026-08-03|2026-08-04|2026-08-05|2026-08-06|2026-08-07|2026-08-10|2026-08-11|2026-08-12|2026-08-13|2026-08-14|2026-08-17|2026-08-18|2026-08-19|2026-08-20|2026-08-21|2026-08-24|2026-08-25,2026-08-25 22:33:34,0.0
Old National Bancorp,,2026-07-15|2026-07-16|2026-07-17|2026-07-20|2026-07-21|2026-07-22|2026-07-23|2026-07-24|2026-07-27|2026-07-28|2026-07-29|2026-07-30|2026-07-31|2026-08-03|2026-08-04|2026-08-05|2026-08-06|2026-08-07|2026-08-10|2026-08-11|2026-08-12|2026-08-13|2026-08-14|2026-08-17|2026-08-18|2026-08-19|2026-08-20|2026-08-21|2026-08-24|2026-08-25,2026-08-25 22:33:34,0.0
AGNC Investment,,2026-07-15|2026-07-16|2026-07-17|2026-07-20|2026-07-21|2026-07-22|2026-07-23|2026-07-24|2026-07-27|2026-07-28|2026-07-29|2026-07-30|2026-07-31|2026-08-03|2026-08-04|2026-08-05|2026-08-06|2026-08-07|2026-08-10|2026-08-11|2026-08-12|2026-08-13|2026-08-14|2026-08-17|2026-08-18|2026-08-19|2026-08-20|2026-08-21|2026-08-24|2026-08-25,2026-08-25 22:33:34,0.0
Wabash National,,2026-07-15|2026-07-16|2026-07-17|2026-07-20|2026-07-21|2026-07-22|2026-07-23|2026-07-24|2026-07-27|2026-07-28|2026-07-29|2026-07-30|2026-07-31|2026-08-03|2026-08-04|2026-08-05|2026-08-06|2026-08-07|2026-08-10|2026-08-11|2026-08-12|2026-08-13|2026-08-14|2026-08-17|2026-08-18|2026-08-19|2026-08-20|2026-08-21|2026-08-24|2026-08-25,2026-08-25 22:33:34,0.0
MSCI,,2026-07-15|2026-07-16|2026-07-17|2026-07-20|2026-07-21|2026-07-22|2026-07-23|2026-07-24|2026-07-27|2026-07-28|2026-07-29|2026-07-30|2026-07-31|2026-08-03|2026-08-04|2026-08-05|2026-08-06|2026-08-07|2026-08-10|2026-08-11|2026-08-12|2026-08-13|2026-08-14|2026-08-17|2026-08-18|2026-08-19|2026-08-20|2026-08-21|2026-08-24|2026-08-25,2026-08-25 22:33:34,0.0
Stagwell,,2026-07-15|2026-07-16|2026-07-17|2026-07-20|2026-07-21|2026-07-22|2026-07-23|2026-07-24|2026-07-27|2026-07-28|2026-07-29|2026-07-30|2026-07-31|2026-08-03|2026-08-04|2026-08-05|2026-08-06|2026-08-07|2026-08-10|2026-08-11|2026-08-12|2026-08-13|2026-08-14|2026-08-17|2026-08-18|2026-08-19|2026-08-20|2026-08-21|2026-08-24|2026-08-25,2026-08-25 22:33:34,0.0
Mativ,,2026-07-15|2026-07-16|2026-07-17|2026-07-20|2026-07-21|2026-07-22|2026-07-23|2026-07-24|2026-07-27|2026-07-28|2026-07-29|2026-07-30|2026-07-31|2026-08-03|2026-08-04|2026-08-05|2026-08-06|2026-08-07|2026-08-10|2026-08-11|2026-08-12|2026-08-13|2026-08-14|2026-08-17|2026-08-18|2026-08-19|2026-08-20|2026-08-21|2026-08-24|2026-08-25,2026-08-25 22:33:34,0.0
Belden,,2026-07-15|2026-07-16|2026-07-17|2026-07-20|2026-07-21|2026-07-22|2026-07-23|2026-07-24|2026-07-27|2026-07-28|2026-07-29|2026-07-30|2026-07-31|2026-08-03|2026-08-04|2026-08-05|2026-08-06|2026-08-07|2026-08-10|2026-08-11|2026-08-12|2026-08-13|2026-08-14|2026-08-17|2026-08-18|2026-08-19|2026-08-20|2026-08-21|2026-08-24|2026-08-25,2026-08-25 22:33:34,0.0
Allegiant Travel Company,,2026-07-15|2026-07-16|2026-07-17|2026-07-20|2026-07-21|2026-07-22|2026-07-23|2026-07-24|2026-07-27|2026-07-28|2026-07-29|2026-07-30|2026-07-31|2026-08-03|2026-08-04|2026-08-05|2026-08-06|2026-08-07|2026-08-10|2026-08-11|2026-08-12|2026-08-13|2026-08-14|2026-08-17|2026-08-18|2026-08-19|2026-08-20|2026-08-21|2026-08-24|2026-08-25,2026-08-25 22:33:34,0.0
Dropbox,,2026-07-15|2026-07-16|2026-07-17|2026-07-20|2026-07-21|2026-07-22|2026-07-23|2026-07-24|2026-07-27|2026-07-28|2026-07-29|2026-07-30|2026-07-31|2026-08-03|2026-08-04|2026-08-05|2026-08-06|2026-08-07|2026-08-10|2026-08-11|2026-08-12|2026-08-13|2026-08-14|2026-08-17|2026-08-18|2026-08-19|2026-08-20|2026-08-21|2026-08-24|2026-08-25,2026-08-25 22:33:34,0.0
BWX Technologies,,2026-07-15|2026-07-16|2026-07-17|2026-07-20|2026-07-21|2026-07-22|2026-07-23|2026-07-24|2026-07-27|2026-07-28|2026-07-29|2026-07-30|2026-07-31|2026-08-03|2026-08-04|2026-08-05|2026-08-06|2026-08-07|2026-08-10|2026-08-11|2026-08-12|2026-08-13|2026-08-14|2026-08-17|2026-08-18|2026-08-19|2026-08-20|2026-08-21|2026-08-24|2026-08-25,2026-08-25 22:33:34,0.0
Clear Channel Outdoor Holdings,,2026-07-15|2026-07-16|2026-07-17|2026-07-20|2026-07-21|2026-07-22|2026-07-23|2026-07-24|2026-07-27|2026-07-28|2026-07-29|2026-07-30|2026-07-31|2026-08-03|2026-08-04|2026-08-05|2026-08-06|2026-08-07|2026-08-10|2026-08-11|2026-08-12|2026-08-13|2026-08-14|2026-08-17|2026-08-18|2026-08-19|2026-08-20|2026-08-21|2026-08-24|2026-08-25,2026-08-25 22:33:34,0.0
Gap Inc,,2026-07-15|2026-07-16|2026-07-17|2026-07-20|2026-07-21|2026-07-22|2026-07-23|2026-07-24|2026-07-27|2026-07-28|2026-07-29|2026-07-30|2026-07-31|2026-08-03|2026-08-04|2026-08-05|2026-08-06|2026-08-07|2026-08-10|2026-08-11|2026-08-12|2026-08-13|2026-08-14|2026-08-17|2026-08-18|2026-08-19|2026-08-20|2026-08-21|2026-08-24|2026-08-25,2026-08-25 22:33:34,0.0
Old Navy,,2026-07-15|2026-07-16|2026-07-17|2026-07-20|2026-07-21|2026-07-22|2026-07-23|2026-07-24|2026-07-27|2026-07-28|2026-07-29|2026-07-30|2026-07-31|2026-08-03|2026-08-04|2026-08-05|2026-08-06|2026-08-07|2026-08-10|2026-08-11|2026-08-12|2026-08-13|2026-08-14|2026-08-17|2026-08-18|2026-08-19|2026-08-20|2026-08-21|2026-08-24|2026-08-25,2026-08-25 22:33:34,0.0
WM,,2026-07-15|2026-07-16|2026-07-17|2026-07-20|2026-07-21|2026-07-22|2026-07-23|2026-07-24|2026-07-27|2026-07-28|2026-07-29|2026-07-30|2026-07-31|2026-08-03|2026-08-04|2026-08-05|2026-08-06|2026-08-07|2026-08-10|2026-08-11|2026-08-12|2026-08-13|2026-08-14|2026-08-17|2026-08-18|2026-08-19|2026-08-20|2026-08-21|2026-08-24|2026-08-25,2026-08-25 22:33:34,0.0
Block Inc,,2026-07-15|2026-07-16|2026-07-17|2026-07-20|2026-07-21|2026-07-22|2026-07-23|2026-07-24|2026-07-27|2026-07-28|2026-07-29|2026-07-30|2026-07-31|2026-08-03|2026-08-04|2026-08-05|2026-08-06|2026-08-07|2026-08-10|2026-08-11|2026-08-12|2026-08-13|2026-08-14|2026-08-17|2026-08-18|2026-08-19|2026-08-20|2026-08-21|2026-08-24|2026-08-25,2026-08-25 22:33:34,0.0
Fox Corporation,,2026-07-15|2026-07-16|2026-07-17|2026-07-20|2026-07-21|2026-07-22|2026-07-23|2026-07-24|2026-07-27|2026-07-28|2026-07-29|2026-07-30|2026-07-31|2026-08-03|2026-08-04|2026-08-05|2026-08-06|2026-08-07|2026-08-10|2026-08-11|2026-08-12|2026-08-13|2026-08-14|2026-08-17|2026-08-18|2026-08-19|2026-08-20|2026-08-21|2026-08-24|2026-08-25,2026-08-25 22:33:34,0.0
Westlake Corporation,,2026-07-15|2026-07-16|2026-07-17|2026-07-20|2026-07-21|2026-07-22|2026-07-23|2026-07-24|2026-07-27|2026-07-28|2026-07-29|2026-07-30|2026-07-31|2026-08-03|2026-08-04|2026-08-05|2026-08-06|2026-08-07|2026-08-10|2026-08-11|2026-08-12|2026-08-13|2026-08-14|2026-08-17|2026-08-18|2026-08-19|2026-08-20|2026-08-21|2026-08-24|2026-08-25,2026-08-25 22:33:34,0.0
Bausch & Lomb,,2026-07-15|2026-07-16|2026-07-17|2026-07-20|2026-07-21|2026-07-22|2026-07-23|2026-07-24|2026-07-27|2026-07-28|2026-07-29|2026-07-30|2026-07-31|2026-08-03|2026-08-04|2026-08-05|2026-08-06|2026-08-07|2026-08-10|2026-08-11|2026-08-12|2026-08-13|2026-08-14|2026-08-17|2026-08-18|2026-08-19|2026-08-20|2026-08-21|2026-08-24|2026-08-25,2026-08-25 22:33:34,0.0
OpenText,,2026-07-15|2026-07-16|2026-07-17|2026-07-20|2026-07-21|2026-07-22|2026-07-23|2026-07-24|2026-07-27|2026-07-28|2026-07-29|2026-07-30|2026-07-31|2026-08-03|2026-08-04|2026-08-05|2026-08-06|2026-08-07|2026-08-10|2026-08-11|2026-08-12|2026-08-13|2026-08-14|2026-08-17|2026-08-18|2026-08-19|2026-08-20|2026-08-21|2026-08-24|2026-08-25,2026-08-25 22:33:34,0.0
