company,trends_history,date_history,last_updated,avg_interest
Walmart,,2025-11-25|2025-11-26|2025-11-28|2025-12-01|2025-12-02|2025-12-03|2025-12-04|2025-12-05|2025-12-08|2025-12-09|2025-12-10|2025-12-11|2025-12-12|2025-12-15|2025-12-16|2025-12-17|2025-12-18|2025-12-19|2025-12-22|2025-12-23|2025-12-24|2025-12-26|2025-12-29|2025-12-30|2025-12-31|2026-01-02|2026-01-05|2026-01-06|2026-01-07|2026-01-08,2026-01-09 14:49:25,0.0
Amazon,,2025-11-25|2025-11-26|2025-11-28|2025-12-01|2025-12-02|2025-12-03|2025-12-04|2025-12-05|2025-12-08|2025-12-09|2025-12-10|2025-12-11|2025-12-12|2025-12-15|2025-12-16|2025-12-17|2025-12-18|2025-12-19|2025-12-22|2025-12-23|2025-12-24|2025-12-26|2025-12-29|2025-12-30|2025-12-31|2026-01-02|2026-01-05|2026-01-06|2026-01-07|2026-01-08,2026-01-09 14:50:06,0.0
UnitedHealth,,2025-11-25|2025-11-26|2025-11-28|2025-12-01|2025-12-02|2025-12-03|2025-12-04|2025-12-05|2025-12-08|2025-12-09|2025-12-10|2025-12-11|2025-12-12|2025-12-15|2025-12-16|2025-12-17|2025-12-18|2025-12-19|2025-12-22|2025-12-23|2025-12-24|2025-12-26|2025-12-29|2025-12-30|2025-12-31|2026-01-02|2026-01-05|2026-01-06|2026-01-07|2026-01-08,2026-01-09 14:50:16,0.0
Apple,,2025-11-25|2025-11-26|2025-11-28|2025-12-01|2025-12-02|2025-12-03|2025-12-04|2025-12-05|2025-12-08|2025-12-09|2025-12-10|2025-12-11|2025-12-12|2025-12-15|2025-12-16|2025-12-17|2025-12-18|2025-12-19|2025-12-22|2025-12-23|2025-12-24|2025-12-26|2025-12-29|2025-12-30|2025-12-31|2026-01-02|2026-01-05|2026-01-06|2026-01-07|2026-01-08,2026-01-09 14:50:16,0.0
CVS Health,,2025-11-25|2025-11-26|2025-11-28|2025-12-01|2025-12-02|2025-12-03|2025-12-04|2025-12-05|2025-12-08|2025-12-09|2025-12-10|2025-12-11|2025-12-12|2025-12-15|2025-12-16|2025-12-17|2025-12-18|2025-12-19|2025-12-22|2025-12-23|2025-12-24|2025-12-26|2025-12-29|2025-12-30|2025-12-31|2026-01-02|2026-01-05|2026-01-06|2026-01-07|2026-01-08,2026-01-09 14:50:16,0.0
Alphabet Inc,,2025-11-25|2025-11-26|2025-11-28|2025-12-01|2025-12-02|2025-12-03|2025-12-04|2025-12-05|2025-12-08|2025-12-09|2025-12-10|2025-12-11|2025-12-12|2025-12-15|2025-12-16|2025-12-17|2025-12-18|2025-12-19|2025-12-22|2025-12-23|2025-12-24|2025-12-26|2025-12-29|2025-12-30|2025-12-31|2026-01-02|2026-01-05|2026-01-06|2026-01-07|2026-01-08,2026-01-09 14:50:16,0.0
Exxon Mobil,,2025-11-25|2025-11-26|2025-11-28|2025-12-01|2025-12-02|2025-12-03|2025-12-04|2025-12-05|2025-12-08|2025-12-09|2025-12-10|2025-12-11|2025-12-12|2025-12-15|2025-12-16|2025-12-17|2025-12-18|2025-12-19|2025-12-22|2025-12-23|2025-12-24|2025-12-26|2025-12-29|2025-12-30|2025-12-31|2026-01-02|2026-01-05|2026-01-06|2026-01-07|2026-01-08,2026-01-09 14:50:16,0.0
McKesson,,2025-11-25|2025-11-26|2025-11-28|2025-12-01|2025-12-02|2025-12-03|2025-12-04|2025-12-05|2025-12-08|2025-12-09|2025-12-10|2025-12-11|2025-12-12|2025-12-15|2025-12-16|2025-12-17|2025-12-18|2025-12-19|2025-12-22|2025-12-23|2025-12-24|2025-12-26|2025-12-29|2025-12-30|2025-12-31|2026-01-02|2026-01-05|2026-01-06|2026-01-07|2026-01-08,2026-01-09 14:50:16,0.0
Cencora,,2025-11-25|2025-11-26|2025-11-28|2025-12-01|2025-12-02|2025-12-03|2025-12-04|2025-12-05|2025-12-08|2025-12-09|2025-12-10|2025-12-11|2025-12-12|2025-12-15|2025-12-16|2025-12-17|2025-12-18|2025-12-19|2025-12-22|2025-12-23|2025-12-24|2025-12-26|2025-12-29|2025-12-30|2025-12-31|2026-01-02|2026-01-05|2026-01-06|2026-01-07|2026-01-08,2026-01-09 14:50:16,0.0
JPMorgan Chase,,2025-11-25|2025-11-26|2025-11-28|2025-12-01|2025-12-02|2025-12-03|2025-12-04|2025-12-05|2025-12-08|2025-12-09|2025-12-10|2025-12-11|2025-12-12|2025-12-15|2025-12-16|2025-12-17|2025-12-18|2025-12-19|2025-12-22|2025-12-23|2025-12-24|2025-12-26|2025-12-29|2025-12-30|2025-12-31|2026-01-02|2026-01-05|2026-01-06|2026-01-07|2026-01-08,2026-01-09 14:50:16,0.0
Costco,,2025-11-25|2025-11-26|2025-11-28|2025-12-01|2025-12-02|2025-12-03|2025-12-04|2025-12-05|2025-12-08|2025-12-09|2025-12-10|2025-12-11|2025-12-12|2025-12-15|2025-12-16|2025-12-17|2025-12-18|2025-12-19|2025-12-22|2025-12-23|2025-12-24|2025-12-26|2025-12-29|2025-12-30|2025-12-31|2026-01-02|2026-01-05|2026-01-06|2026-01-07|2026-01-08,2026-01-09 14:50:16,0.0
Cigna,,2025-11-25|2025-11-26|2025-11-28|2025-12-01|2025-12-02|2025-12-03|2025-12-04|2025-12-05|2025-12-08|2025-12-09|2025-12-10|2025-12-11|2025-12-12|2025-12-15|2025-12-16|2025-12-17|2025-12-18|2025-12-19|2025-12-22|2025-12-23|2025-12-24|2025-12-26|2025-12-29|2025-12-30|2025-12-31|2026-01-02|2026-01-05|2026-01-06|2026-01-07|2026-01-08,2026-01-09 14:50:16,0.0
Microsoft,,2025-11-25|2025-11-26|2025-11-28|2025-12-01|2025-12-02|2025-12-03|2025-12-04|2025-12-05|2025-12-08|2025-12-09|2025-12-10|2025-12-11|2025-12-12|2025-12-15|2025-12-16|2025-12-17|2025-12-18|2025-12-19|2025-12-22|2025-12-23|2025-12-24|2025-12-26|2025-12-29|2025-12-30|2025-12-31|2026-01-02|2026-01-05|2026-01-06|2026-01-07|2026-01-08,2026-01-09 14:50:16,0.0
Cardinal Health,,2025-11-25|2025-11-26|2025-11-28|2025-12-01|2025-12-02|2025-12-03|2025-12-04|2025-12-05|2025-12-08|2025-12-09|2025-12-10|2025-12-11|2025-12-12|2025-12-15|2025-12-16|2025-12-17|2025-12-18|2025-12-19|2025-12-22|2025-12-23|2025-12-24|2025-12-26|2025-12-29|2025-12-30|2025-12-31|2026-01-02|2026-01-05|2026-01-06|2026-01-07|2026-01-08,2026-01-09 14:50:16,0.0
Chevron,,2025-11-25|2025-11-26|2025-11-28|2025-12-01|2025-12-02|2025-12-03|2025-12-04|2025-12-05|2025-12-08|2025-12-09|2025-12-10|2025-12-11|2025-12-12|2025-12-15|2025-12-16|2025-12-17|2025-12-18|2025-12-19|2025-12-22|2025-12-23|2025-12-24|2025-12-26|2025-12-29|2025-12-30|2025-12-31|2026-01-02|2026-01-05|2026-01-06|2026-01-07|2026-01-08,2026-01-09 14:50:16,0.0
Bank of America,,2025-11-25|2025-11-26|2025-11-28|2025-12-01|2025-12-02|2025-12-03|2025-12-04|2025-12-05|2025-12-08|2025-12-09|2025-12-10|2025-12-11|2025-12-12|2025-12-15|2025-12-16|2025-12-17|2025-12-18|2025-12-19|2025-12-22|2025-12-23|2025-12-24|2025-12-26|2025-12-29|2025-12-30|2025-12-31|2026-01-02|2026-01-05|2026-01-06|2026-01-07|2026-01-08,2026-01-09 14:50:16,0.0
General Motors,,2025-11-25|2025-11-26|2025-11-28|2025-12-01|2025-12-02|2025-12-03|2025-12-04|2025-12-05|2025-12-08|2025-12-09|2025-12-10|2025-12-11|2025-12-12|2025-12-15|2025-12-16|2025-12-17|2025-12-18|2025-12-19|2025-12-22|2025-12-23|2025-12-24|2025-12-26|2025-12-29|2025-12-30|2025-12-31|2026-01-02|2026-01-05|2026-01-06|2026-01-07|2026-01-08,2026-01-09 14:50:16,0.0
Ford Motor,,2025-11-25|2025-11-26|2025-11-28|2025-12-01|2025-12-02|2025-12-03|2025-12-04|2025-12-05|2025-12-08|2025-12-09|2025-12-10|2025-12-11|2025-12-12|2025-12-15|2025-12-16|2025-12-17|2025-12-18|2025-12-19|2025-12-22|2025-12-23|2025-12-24|2025-12-26|2025-12-29|2025-12-30|2025-12-31|2026-01-02|2026-01-05|2026-01-06|2026-01-07|2026-01-08,2026-01-09 14:50:16,0.0
Elevance Health,,2025-11-25|2025-11-26|2025-11-28|2025-12-01|2025-12-02|2025-12-03|2025-12-04|2025-12-05|2025-12-08|2025-12-09|2025-12-10|2025-12-11|2025-12-12|2025-12-15|2025-12-16|2025-12-17|2025-12-18|2025-12-19|2025-12-22|2025-12-23|2025-12-24|2025-12-26|2025-12-29|2025-12-30|2025-12-31|2026-01-02|2026-01-05|2026-01-06|2026-01-07|2026-01-08,2026-01-09 14:50:16,0.0
Citigroup,,2025-11-25|2025-11-26|2025-11-28|2025-12-01|2025-12-02|2025-12-03|2025-12-04|2025-12-05|2025-12-08|2025-12-09|2025-12-10|2025-12-11|2025-12-12|2025-12-15|2025-12-16|2025-12-17|2025-12-18|2025-12-19|2025-12-22|2025-12-23|2025-12-24|2025-12-26|2025-12-29|2025-12-30|2025-12-31|2026-01-02|2026-01-05|2026-01-06|2026-01-07|2026-01-08,2026-01-09 14:50:16,0.0
Meta Platforms,,2025-11-25|2025-11-26|2025-11-28|2025-12-01|2025-12-02|2025-12-03|2025-12-04|2025-12-05|2025-12-08|2025-12-09|2025-12-10|2025-12-11|2025-12-12|2025-12-15|2025-12-16|2025-12-17|2025-12-18|2025-12-19|2025-12-22|2025-12-23|2025-12-24|2025-12-26|2025-12-29|2025-12-30|2025-12-31|2026-01-02|2026-01-05|2026-01-06|2026-01-07|2026-01-08,2026-01-09 14:50:16,0.0
Centene,,2025-11-25|2025-11-26|2025-11-28|2025-12-01|2025-12-02|2025-12-03|2025-12-04|2025-12-05|2025-12-08|2025-12-09|2025-12-10|2025-12-11|2025-12-12|2025-12-15|2025-12-16|2025-12-17|2025-12-18|2025-12-19|2025-12-22|2025-12-23|2025-12-24|2025-12-26|2025-12-29|2025-12-30|2025-12-31|2026-01-02|2026-01-05|2026-01-06|2026-01-07|2026-01-08,2026-01-09 14:50:16,0.0
Home Depot,,2025-11-25|2025-11-26|2025-11-28|2025-12-01|2025-12-02|2025-12-03|2025-12-04|2025-12-05|2025-12-08|2025-12-09|2025-12-10|2025-12-11|2025-12-12|2025-12-15|2025-12-16|2025-12-17|2025-12-18|2025-12-19|2025-12-22|2025-12-23|2025-12-24|2025-12-26|2025-12-29|2025-12-30|2025-12-31|2026-01-02|2026-01-05|2026-01-06|2026-01-07|2026-01-08,2026-01-09 14:50:16,0.0
Fannie Mae,,2025-11-25|2025-11-26|2025-11-28|2025-12-01|2025-12-02|2025-12-03|2025-12-04|2025-12-05|2025-12-08|2025-12-09|2025-12-10|2025-12-11|2025-12-12|2025-12-15|2025-12-16|2025-12-17|2025-12-18|2025-12-19|2025-12-22|2025-12-23|2025-12-24|2025-12-26|2025-12-29|2025-12-30|2025-12-31|2026-01-02|2026-01-05|2026-01-06|2026-01-07|2026-01-08,2026-01-09 14:50:16,0.0
Kroger,,2025-11-25|2025-11-26|2025-11-28|2025-12-01|2025-12-02|2025-12-03|2025-12-04|2025-12-05|2025-12-08|2025-12-09|2025-12-10|2025-12-11|2025-12-12|2025-12-15|2025-12-16|2025-12-17|2025-12-18|2025-12-19|2025-12-22|2025-12-23|2025-12-24|2025-12-26|2025-12-29|2025-12-30|2025-12-31|2026-01-02|2026-01-05|2026-01-06|2026-01-07|2026-01-08,2026-01-09 14:50:16,0.0
Phillips 66,,2025-11-25|2025-11-26|2025-11-28|2025-12-01|2025-12-02|2025-12-03|2025-12-04|2025-12-05|2025-12-08|2025-12-09|2025-12-10|2025-12-11|2025-12-12|2025-12-15|2025-12-16|2025-12-17|2025-12-18|2025-12-19|2025-12-22|2025-12-23|2025-12-24|2025-12-26|2025-12-29|2025-12-30|2025-12-31|2026-01-02|2026-01-05|2026-01-06|2026-01-07|2026-01-08,2026-01-09 14:50:16,0.0
Marathon Petroleum,,2025-11-25|2025-11-26|2025-11-28|2025-12-01|2025-12-02|2025-12-03|2025-12-04|2025-12-05|2025-12-08|2025-12-09|2025-12-10|2025-12-11|2025-12-12|2025-12-15|2025-12-16|2025-12-17|2025-12-18|2025-12-19|2025-12-22|2025-12-23|2025-12-24|2025-12-26|2025-12-29|2025-12-30|2025-12-31|2026-01-02|2026-01-05|2026-01-06|2026-01-07|2026-01-08,2026-01-09 14:50:16,0.0
Verizon,,2025-11-25|2025-11-26|2025-11-28|2025-12-01|2025-12-02|2025-12-03|2025-12-04|2025-12-05|2025-12-08|2025-12-09|2025-12-10|2025-12-11|2025-12-12|2025-12-15|2025-12-16|2025-12-17|2025-12-18|2025-12-19|2025-12-22|2025-12-23|2025-12-24|2025-12-26|2025-12-29|2025-12-30|2025-12-31|2026-01-02|2026-01-05|2026-01-06|2026-01-07|2026-01-08,2026-01-09 14:50:16,0.0
Nvidia,,2025-11-25|2025-11-26|2025-11-28|2025-12-01|2025-12-02|2025-12-03|2025-12-04|2025-12-05|2025-12-08|2025-12-09|2025-12-10|2025-12-11|2025-12-12|2025-12-15|2025-12-16|2025-12-17|2025-12-18|2025-12-19|2025-12-22|2025-12-23|2025-12-24|2025-12-26|2025-12-29|2025-12-30|2025-12-31|2026-01-02|2026-01-05|2026-01-06|2026-01-07|2026-01-08,2026-01-09 14:50:16,0.0
Goldman Sachs,,2025-11-25|2025-11-26|2025-11-28|2025-12-01|2025-12-02|2025-12-03|2025-12-04|2025-12-05|2025-12-08|2025-12-09|2025-12-10|2025-12-11|2025-12-12|2025-12-15|2025-12-16|2025-12-17|2025-12-18|2025-12-19|2025-12-22|2025-12-23|2025-12-24|2025-12-26|2025-12-29|2025-12-30|2025-12-31|2026-01-02|2026-01-05|2026-01-06|2026-01-07|2026-01-08,2026-01-09 14:50:16,0.0
Wells Fargo,,2025-11-25|2025-11-26|2025-11-28|2025-12-01|2025-12-02|2025-12-03|2025-12-04|2025-12-05|2025-12-08|2025-12-09|2025-12-10|2025-12-11|2025-12-12|2025-12-15|2025-12-16|2025-12-17|2025-12-18|2025-12-19|2025-12-22|2025-12-23|2025-12-24|2025-12-26|2025-12-29|2025-12-30|2025-12-31|2026-01-02|2026-01-05|2026-01-06|2026-01-07|2026-01-08,2026-01-09 14:50:16,0.0
Valero Energy,,2025-11-25|2025-11-26|2025-11-28|2025-12-01|2025-12-02|2025-12-03|2025-12-04|2025-12-05|2025-12-08|2025-12-09|2025-12-10|2025-12-11|2025-12-12|2025-12-15|2025-12-16|2025-12-17|2025-12-18|2025-12-19|2025-12-22|2025-12-23|2025-12-24|2025-12-26|2025-12-29|2025-12-30|2025-12-31|2026-01-02|2026-01-05|2026-01-06|2026-01-07|2026-01-08,2026-01-09 14:50:16,0.0
Comcast,,2025-11-25|2025-11-26|2025-11-28|2025-12-01|2025-12-02|2025-12-03|2025-12-04|2025-12-05|2025-12-08|2025-12-09|2025-12-10|2025-12-11|2025-12-12|2025-12-15|2025-12-16|2025-12-17|2025-12-18|2025-12-19|2025-12-22|2025-12-23|2025-12-24|2025-12-26|2025-12-29|2025-12-30|2025-12-31|2026-01-02|2026-01-05|2026-01-06|2026-01-07|2026-01-08,2026-01-09 14:50:16,0.0
AT&T,,2025-11-25|2025-11-26|2025-11-28|2025-12-01|2025-12-02|2025-12-03|2025-12-04|2025-12-05|2025-12-08|2025-12-09|2025-12-10|2025-12-11|2025-12-12|2025-12-15|2025-12-16|2025-12-17|2025-12-18|2025-12-19|2025-12-22|2025-12-23|2025-12-24|2025-12-26|2025-12-29|2025-12-30|2025-12-31|2026-01-02|2026-01-05|2026-01-06|2026-01-07|2026-01-08,2026-01-09 14:50:16,0.0
Freddie Mac,,2025-11-25|2025-11-26|2025-11-28|2025-12-01|2025-12-02|2025-12-03|2025-12-04|2025-12-05|2025-12-08|2025-12-09|2025-12-10|2025-12-11|2025-12-12|2025-12-15|2025-12-16|2025-12-17|2025-12-18|2025-12-19|2025-12-22|2025-12-23|2025-12-24|2025-12-26|2025-12-29|2025-12-30|2025-12-31|2026-01-02|2026-01-05|2026-01-06|2026-01-07|2026-01-08,2026-01-09 14:50:16,0.0
Humana,,2025-11-25|2025-11-26|2025-11-28|2025-12-01|2025-12-02|2025-12-03|2025-12-04|2025-12-05|2025-12-08|2025-12-09|2025-12-10|2025-12-11|2025-12-12|2025-12-15|2025-12-16|2025-12-17|2025-12-18|2025-12-19|2025-12-22|2025-12-23|2025-12-24|2025-12-26|2025-12-29|2025-12-30|2025-12-31|2026-01-02|2026-01-05|2026-01-06|2026-01-07|2026-01-08,2026-01-09 14:50:16,0.0
Morgan Stanley,,2025-11-25|2025-11-26|2025-11-28|2025-12-01|2025-12-02|2025-12-03|2025-12-04|2025-12-05|2025-12-08|2025-12-09|2025-12-10|2025-12-11|2025-12-12|2025-12-15|2025-12-16|2025-12-17|2025-12-18|2025-12-19|2025-12-22|2025-12-23|2025-12-24|2025-12-26|2025-12-29|2025-12-30|2025-12-31|2026-01-02|2026-01-05|2026-01-06|2026-01-07|2026-01-08,2026-01-09 14:50:16,0.0
Target Corporation,,2025-11-25|2025-11-26|2025-11-28|2025-12-01|2025-12-02|2025-12-03|2025-12-04|2025-12-05|2025-12-08|2025-12-09|2025-12-10|2025-12-11|2025-12-12|2025-12-15|2025-12-16|2025-12-17|2025-12-18|2025-12-19|2025-12-22|2025-12-23|2025-12-24|2025-12-26|2025-12-29|2025-12-30|2025-12-31|2026-01-02|2026-01-05|2026-01-06|2026-01-07|2026-01-08,2026-01-09 14:50:16,0.0
StoneX Group,,2025-11-25|2025-11-26|2025-11-28|2025-12-01|2025-12-02|2025-12-03|2025-12-04|2025-12-05|2025-12-08|2025-12-09|2025-12-10|2025-12-11|2025-12-12|2025-12-15|2025-12-16|2025-12-17|2025-12-18|2025-12-19|2025-12-22|2025-12-23|2025-12-24|2025-12-26|2025-12-29|2025-12-30|2025-12-31|2026-01-02|2026-01-05|2026-01-06|2026-01-07|2026-01-08,2026-01-09 14:50:16,0.0
Tesla,,2025-11-25|2025-11-26|2025-11-28|2025-12-01|2025-12-02|2025-12-03|2025-12-04|2025-12-05|2025-12-08|2025-12-09|2025-12-10|2025-12-11|2025-12-12|2025-12-15|2025-12-16|2025-12-17|2025-12-18|2025-12-19|2025-12-22|2025-12-23|2025-12-24|2025-12-26|2025-12-29|2025-12-30|2025-12-31|2026-01-02|2026-01-05|2026-01-06|2026-01-07|2026-01-08,2026-01-09 14:50:16,0.0
Dell Technologies,,2025-11-25|2025-11-26|2025-11-28|2025-12-01|2025-12-02|2025-12-03|2025-12-04|2025-12-05|2025-12-08|2025-12-09|2025-12-10|2025-12-11|2025-12-12|2025-12-15|2025-12-16|2025-12-17|2025-12-18|2025-12-19|2025-12-22|2025-12-23|2025-12-24|2025-12-26|2025-12-29|2025-12-30|2025-12-31|2026-01-02|2026-01-05|2026-01-06|2026-01-07|2026-01-08,2026-01-09 14:50:16,0.0
PepsiCo,,2025-11-25|2025-11-26|2025-11-28|2025-12-01|2025-12-02|2025-12-03|2025-12-04|2025-12-05|2025-12-08|2025-12-09|2025-12-10|2025-12-11|2025-12-12|2025-12-15|2025-12-16|2025-12-17|2025-12-18|2025-12-19|2025-12-22|2025-12-23|2025-12-24|2025-12-26|2025-12-29|2025-12-30|2025-12-31|2026-01-02|2026-01-05|2026-01-06|2026-01-07|2026-01-08,2026-01-09 14:50:16,0.0
Disney,,2025-11-25|2025-11-26|2025-11-28|2025-12-01|2025-12-02|2025-12-03|2025-12-04|2025-12-05|2025-12-08|2025-12-09|2025-12-10|2025-12-11|2025-12-12|2025-12-15|2025-12-16|2025-12-17|2025-12-18|2025-12-19|2025-12-22|2025-12-23|2025-12-24|2025-12-26|2025-12-29|2025-12-30|2025-12-31|2026-01-02|2026-01-05|2026-01-06|2026-01-07|2026-01-08,2026-01-09 14:50:16,0.0
UPS,,2025-11-25|2025-11-26|2025-11-28|2025-12-01|2025-12-02|2025-12-03|2025-12-04|2025-12-05|2025-12-08|2025-12-09|2025-12-10|2025-12-11|2025-12-12|2025-12-15|2025-12-16|2025-12-17|2025-12-18|2025-12-19|2025-12-22|2025-12-23|2025-12-24|2025-12-26|2025-12-29|2025-12-30|2025-12-31|2026-01-02|2026-01-05|2026-01-06|2026-01-07|2026-01-08,2026-01-09 14:50:16,0.0
Johnson & Johnson,,2025-11-25|2025-11-26|2025-11-28|2025-12-01|2025-12-02|2025-12-03|2025-12-04|2025-12-05|2025-12-08|2025-12-09|2025-12-10|2025-12-11|2025-12-12|2025-12-15|2025-12-16|2025-12-17|2025-12-18|2025-12-19|2025-12-22|2025-12-23|2025-12-24|2025-12-26|2025-12-29|2025-12-30|2025-12-31|2026-01-02|2026-01-05|2026-01-06|2026-01-07|2026-01-08,2026-01-09 14:50:16,0.0
FedEx,,2025-11-25|2025-11-26|2025-11-28|2025-12-01|2025-12-02|2025-12-03|2025-12-04|2025-12-05|2025-12-08|2025-12-09|2025-12-10|2025-12-11|2025-12-12|2025-12-15|2025-12-16|2025-12-17|2025-12-18|2025-12-19|2025-12-22|2025-12-23|2025-12-24|2025-12-26|2025-12-29|2025-12-30|2025-12-31|2026-01-02|2026-01-05|2026-01-06|2026-01-07|2026-01-08,2026-01-09 14:50:16,0.0
Archer Daniels Midland,,2025-11-25|2025-11-26|2025-11-28|2025-12-01|2025-12-02|2025-12-03|2025-12-04|2025-12-05|2025-12-08|2025-12-09|2025-12-10|2025-12-11|2025-12-12|2025-12-15|2025-12-16|2025-12-17|2025-12-18|2025-12-19|2025-12-22|2025-12-23|2025-12-24|2025-12-26|2025-12-29|2025-12-30|2025-12-31|2026-01-02|2026-01-05|2026-01-06|2026-01-07|2026-01-08,2026-01-09 14:50:16,0.0
Procter & Gamble,,2025-11-25|2025-11-26|2025-11-28|2025-12-01|2025-12-02|2025-12-03|2025-12-04|2025-12-05|2025-12-08|2025-12-09|2025-12-10|2025-12-11|2025-12-12|2025-12-15|2025-12-16|2025-12-17|2025-12-18|2025-12-19|2025-12-22|2025-12-23|2025-12-24|2025-12-26|2025-12-29|2025-12-30|2025-12-31|2026-01-02|2026-01-05|2026-01-06|2026-01-07|2026-01-08,2026-01-09 14:50:16,0.0
Lowe's Companies,,2025-11-25|2025-11-26|2025-11-28|2025-12-01|2025-12-02|2025-12-03|2025-12-04|2025-12-05|2025-12-08|2025-12-09|2025-12-10|2025-12-11|2025-12-12|2025-12-15|2025-12-16|2025-12-17|2025-12-18|2025-12-19|2025-12-22|2025-12-23|2025-12-24|2025-12-26|2025-12-29|2025-12-30|2025-12-31|2026-01-02|2026-01-05|2026-01-06|2026-01-07|2026-01-08,2026-01-09 14:50:16,0.0
Energy Transfer,,2025-11-25|2025-11-26|2025-11-28|2025-12-01|2025-12-02|2025-12-03|2025-12-04|2025-12-05|2025-12-08|2025-12-09|2025-12-10|2025-12-11|2025-12-12|2025-12-15|2025-12-16|2025-12-17|2025-12-18|2025-12-19|2025-12-22|2025-12-23|2025-12-24|2025-12-26|2025-12-29|2025-12-30|2025-12-31|2026-01-02|2026-01-05|2026-01-06|2026-01-07|2026-01-08,2026-01-09 14:50:16,0.0
RTX,,2025-11-25|2025-11-26|2025-11-28|2025-12-01|2025-12-02|2025-12-03|2025-12-04|2025-12-05|2025-12-08|2025-12-09|2025-12-10|2025-12-11|2025-12-12|2025-12-15|2025-12-16|2025-12-17|2025-12-18|2025-12-19|2025-12-22|2025-12-23|2025-12-24|2025-12-26|2025-12-29|2025-12-30|2025-12-31|2026-01-02|2026-01-05|2026-01-06|2026-01-07|2026-01-08,2026-01-09 14:50:16,0.0
Albertsons,,2025-11-25|2025-11-26|2025-11-28|2025-12-01|2025-12-02|2025-12-03|2025-12-04|2025-12-05|2025-12-08|2025-12-09|2025-12-10|2025-12-11|2025-12-12|2025-12-15|2025-12-16|2025-12-17|2025-12-18|2025-12-19|2025-12-22|2025-12-23|2025-12-24|2025-12-26|2025-12-29|2025-12-30|2025-12-31|2026-01-02|2026-01-05|2026-01-06|2026-01-07|2026-01-08,2026-01-09 14:50:16,0.0
Sysco,,2025-11-25|2025-11-26|2025-11-28|2025-12-01|2025-12-02|2025-12-03|2025-12-04|2025-12-05|2025-12-08|2025-12-09|2025-12-10|2025-12-11|2025-12-12|2025-12-15|2025-12-16|2025-12-17|2025-12-18|2025-12-19|2025-12-22|2025-12-23|2025-12-24|2025-12-26|2025-12-29|2025-12-30|2025-12-31|2026-01-02|2026-01-05|2026-01-06|2026-01-07|2026-01-08,2026-01-09 14:50:16,0.0
Progressive Insurance,,2025-11-25|2025-11-26|2025-11-28|2025-12-01|2025-12-02|2025-12-03|2025-12-04|2025-12-05|2025-12-08|2025-12-09|2025-12-10|2025-12-11|2025-12-12|2025-12-15|2025-12-16|2025-12-17|2025-12-18|2025-12-19|2025-12-22|2025-12-23|2025-12-24|2025-12-26|2025-12-29|2025-12-30|2025-12-31|2026-01-02|2026-01-05|2026-01-06|2026-01-07|2026-01-08,2026-01-09 14:50:16,0.0
American Express,,2025-11-25|2025-11-26|2025-11-28|2025-12-01|2025-12-02|2025-12-03|2025-12-04|2025-12-05|2025-12-08|2025-12-09|2025-12-10|2025-12-11|2025-12-12|2025-12-15|2025-12-16|2025-12-17|2025-12-18|2025-12-19|2025-12-22|2025-12-23|2025-12-24|2025-12-26|2025-12-29|2025-12-30|2025-12-31|2026-01-02|2026-01-05|2026-01-06|2026-01-07|2026-01-08,2026-01-09 14:50:16,0.0
Lockheed Martin,,2025-11-25|2025-11-26|2025-11-28|2025-12-01|2025-12-02|2025-12-03|2025-12-04|2025-12-05|2025-12-08|2025-12-09|2025-12-10|2025-12-11|2025-12-12|2025-12-15|2025-12-16|2025-12-17|2025-12-18|2025-12-19|2025-12-22|2025-12-23|2025-12-24|2025-12-26|2025-12-29|2025-12-30|2025-12-31|2026-01-02|2026-01-05|2026-01-06|2026-01-07|2026-01-08,2026-01-09 14:50:16,0.0
MetLife Inc,,2025-11-25|2025-11-26|2025-11-28|2025-12-01|2025-12-02|2025-12-03|2025-12-04|2025-12-05|2025-12-08|2025-12-09|2025-12-10|2025-12-11|2025-12-12|2025-12-15|2025-12-16|2025-12-17|2025-12-18|2025-12-19|2025-12-22|2025-12-23|2025-12-24|2025-12-26|2025-12-29|2025-12-30|2025-12-31|2026-01-02|2026-01-05|2026-01-06|2026-01-07|2026-01-08,2026-01-09 14:50:16,0.0
HCA Healthcare,,2025-11-25|2025-11-26|2025-11-28|2025-12-01|2025-12-02|2025-12-03|2025-12-04|2025-12-05|2025-12-08|2025-12-09|2025-12-10|2025-12-11|2025-12-12|2025-12-15|2025-12-16|2025-12-17|2025-12-18|2025-12-19|2025-12-22|2025-12-23|2025-12-24|2025-12-26|2025-12-29|2025-12-30|2025-12-31|2026-01-02|2026-01-05|2026-01-06|2026-01-07|2026-01-08,2026-01-09 14:50:16,0.0
Prudential Financial,,2025-11-25|2025-11-26|2025-11-28|2025-12-01|2025-12-02|2025-12-03|2025-12-04|2025-12-05|2025-12-08|2025-12-09|2025-12-10|2025-12-11|2025-12-12|2025-12-15|2025-12-16|2025-12-17|2025-12-18|2025-12-19|2025-12-22|2025-12-23|2025-12-24|2025-12-26|2025-12-29|2025-12-30|2025-12-31|2026-01-02|2026-01-05|2026-01-06|2026-01-07|2026-01-08,2026-01-09 14:50:16,0.0
Boeing,,2025-11-25|2025-11-26|2025-11-28|2025-12-01|2025-12-02|2025-12-03|2025-12-04|2025-12-05|2025-12-08|2025-12-09|2025-12-10|2025-12-11|2025-12-12|2025-12-15|2025-12-16|2025-12-17|2025-12-18|2025-12-19|2025-12-22|2025-12-23|2025-12-24|2025-12-26|2025-12-29|2025-12-30|2025-12-31|2026-01-02|2026-01-05|2026-01-06|2026-01-07|2026-01-08,2026-01-09 14:50:16,0.0
Caterpillar,,2025-11-25|2025-11-26|2025-11-28|2025-12-01|2025-12-02|2025-12-03|2025-12-04|2025-12-05|2025-12-08|2025-12-09|2025-12-10|2025-12-11|2025-12-12|2025-12-15|2025-12-16|2025-12-17|2025-12-18|2025-12-19|2025-12-22|2025-12-23|2025-12-24|2025-12-26|2025-12-29|2025-12-30|2025-12-31|2026-01-02|2026-01-05|2026-01-06|2026-01-07|2026-01-08,2026-01-09 14:50:16,0.0
Merck,,2025-11-25|2025-11-26|2025-11-28|2025-12-01|2025-12-02|2025-12-03|2025-12-04|2025-12-05|2025-12-08|2025-12-09|2025-12-10|2025-12-11|2025-12-12|2025-12-15|2025-12-16|2025-12-17|2025-12-18|2025-12-19|2025-12-22|2025-12-23|2025-12-24|2025-12-26|2025-12-29|2025-12-30|2025-12-31|2026-01-02|2026-01-05|2026-01-06|2026-01-07|2026-01-08,2026-01-09 14:50:16,0.0
Allstate,,2025-11-25|2025-11-26|2025-11-28|2025-12-01|2025-12-02|2025-12-03|2025-12-04|2025-12-05|2025-12-08|2025-12-09|2025-12-10|2025-12-11|2025-12-12|2025-12-15|2025-12-16|2025-12-17|2025-12-18|2025-12-19|2025-12-22|2025-12-23|2025-12-24|2025-12-26|2025-12-29|2025-12-30|2025-12-31|2026-01-02|2026-01-05|2026-01-06|2026-01-07|2026-01-08,2026-01-09 14:50:16,0.0
Pfizer,,2025-11-25|2025-11-26|2025-11-28|2025-12-01|2025-12-02|2025-12-03|2025-12-04|2025-12-05|2025-12-08|2025-12-09|2025-12-10|2025-12-11|2025-12-12|2025-12-15|2025-12-16|2025-12-17|2025-12-18|2025-12-19|2025-12-22|2025-12-23|2025-12-24|2025-12-26|2025-12-29|2025-12-30|2025-12-31|2026-01-02|2026-01-05|2026-01-06|2026-01-07|2026-01-08,2026-01-09 14:50:16,0.0
IBM,,2025-11-25|2025-11-26|2025-11-28|2025-12-01|2025-12-02|2025-12-03|2025-12-04|2025-12-05|2025-12-08|2025-12-09|2025-12-10|2025-12-11|2025-12-12|2025-12-15|2025-12-16|2025-12-17|2025-12-18|2025-12-19|2025-12-22|2025-12-23|2025-12-24|2025-12-26|2025-12-29|2025-12-30|2025-12-31|2026-01-02|2026-01-05|2026-01-06|2026-01-07|2026-01-08,2026-01-09 14:50:16,0.0
Delta Air Lines,,2025-11-25|2025-11-26|2025-11-28|2025-12-01|2025-12-02|2025-12-03|2025-12-04|2025-12-05|2025-12-08|2025-12-09|2025-12-10|2025-12-11|2025-12-12|2025-12-15|2025-12-16|2025-12-17|2025-12-18|2025-12-19|2025-12-22|2025-12-23|2025-12-24|2025-12-26|2025-12-29|2025-12-30|2025-12-31|2026-01-02|2026-01-05|2026-01-06|2026-01-07|2026-01-08,2026-01-09 14:50:16,0.0
Publix Super Markets,,2025-11-25|2025-11-26|2025-11-28|2025-12-01|2025-12-02|2025-12-03|2025-12-04|2025-12-05|2025-12-08|2025-12-09|2025-12-10|2025-12-11|2025-12-12|2025-12-15|2025-12-16|2025-12-17|2025-12-18|2025-12-19|2025-12-22|2025-12-23|2025-12-24|2025-12-26|2025-12-29|2025-12-30|2025-12-31|2026-01-02|2026-01-05|2026-01-06|2026-01-07|2026-01-08,2026-01-09 14:50:16,0.0
TD Synnex,,2025-11-25|2025-11-26|2025-11-28|2025-12-01|2025-12-02|2025-12-03|2025-12-04|2025-12-05|2025-12-08|2025-12-09|2025-12-10|2025-12-11|2025-12-12|2025-12-15|2025-12-16|2025-12-17|2025-12-18|2025-12-19|2025-12-22|2025-12-23|2025-12-24|2025-12-26|2025-12-29|2025-12-30|2025-12-31|2026-01-02|2026-01-05|2026-01-06|2026-01-07|2026-01-08,2026-01-09 14:50:16,0.0
United Airlines,,2025-11-25|2025-11-26|2025-11-28|2025-12-01|2025-12-02|2025-12-03|2025-12-04|2025-12-05|2025-12-08|2025-12-09|2025-12-10|2025-12-11|2025-12-12|2025-12-15|2025-12-16|2025-12-17|2025-12-18|2025-12-19|2025-12-22|2025-12-23|2025-12-24|2025-12-26|2025-12-29|2025-12-30|2025-12-31|2026-01-02|2026-01-05|2026-01-06|2026-01-07|2026-01-08,2026-01-09 14:50:16,0.0
ConocoPhillips,,2025-11-25|2025-11-26|2025-11-28|2025-12-01|2025-12-02|2025-12-03|2025-12-04|2025-12-05|2025-12-08|2025-12-09|2025-12-10|2025-12-11|2025-12-12|2025-12-15|2025-12-16|2025-12-17|2025-12-18|2025-12-19|2025-12-22|2025-12-23|2025-12-24|2025-12-26|2025-12-29|2025-12-30|2025-12-31|2026-01-02|2026-01-05|2026-01-06|2026-01-07|2026-01-08,2026-01-09 14:50:16,0.0
TJX,,2025-11-25|2025-11-26|2025-11-28|2025-12-01|2025-12-02|2025-12-03|2025-12-04|2025-12-05|2025-12-08|2025-12-09|2025-12-10|2025-12-11|2025-12-12|2025-12-15|2025-12-16|2025-12-17|2025-12-18|2025-12-19|2025-12-22|2025-12-23|2025-12-24|2025-12-26|2025-12-29|2025-12-30|2025-12-31|2026-01-02|2026-01-05|2026-01-06|2026-01-07|2026-01-08,2026-01-09 14:50:16,0.0
AbbVie,,2025-11-25|2025-11-26|2025-11-28|2025-12-01|2025-12-02|2025-12-03|2025-12-04|2025-12-05|2025-12-08|2025-12-09|2025-12-10|2025-12-11|2025-12-12|2025-12-15|2025-12-16|2025-12-17|2025-12-18|2025-12-19|2025-12-22|2025-12-23|2025-12-24|2025-12-26|2025-12-29|2025-12-30|2025-12-31|2026-01-02|2026-01-05|2026-01-06|2026-01-07|2026-01-08,2026-01-09 14:50:16,0.0
Enterprise Products Partners,,2025-11-25|2025-11-26|2025-11-28|2025-12-01|2025-12-02|2025-12-03|2025-12-04|2025-12-05|2025-12-08|2025-12-09|2025-12-10|2025-12-11|2025-12-12|2025-12-15|2025-12-16|2025-12-17|2025-12-18|2025-12-19|2025-12-22|2025-12-23|2025-12-24|2025-12-26|2025-12-29|2025-12-30|2025-12-31|2026-01-02|2026-01-05|2026-01-06|2026-01-07|2026-01-08,2026-01-09 14:50:16,0.0
Charter Communications,,2025-11-25|2025-11-26|2025-11-28|2025-12-01|2025-12-02|2025-12-03|2025-12-04|2025-12-05|2025-12-08|2025-12-09|2025-12-10|2025-12-11|2025-12-12|2025-12-15|2025-12-16|2025-12-17|2025-12-18|2025-12-19|2025-12-22|2025-12-23|2025-12-24|2025-12-26|2025-12-29|2025-12-30|2025-12-31|2026-01-02|2026-01-05|2026-01-06|2026-01-07|2026-01-08,2026-01-09 14:50:16,0.0
Performance Food,,2025-11-25|2025-11-26|2025-11-28|2025-12-01|2025-12-02|2025-12-03|2025-12-04|2025-12-05|2025-12-08|2025-12-09|2025-12-10|2025-12-11|2025-12-12|2025-12-15|2025-12-16|2025-12-17|2025-12-18|2025-12-19|2025-12-22|2025-12-23|2025-12-24|2025-12-26|2025-12-29|2025-12-30|2025-12-31|2026-01-02|2026-01-05|2026-01-06|2026-01-07|2026-01-08,2026-01-09 14:50:16,0.0
American Airlines,,2025-11-25|2025-11-26|2025-11-28|2025-12-01|2025-12-02|2025-12-03|2025-12-04|2025-12-05|2025-12-08|2025-12-09|2025-12-10|2025-12-11|2025-12-12|2025-12-15|2025-12-16|2025-12-17|2025-12-18|2025-12-19|2025-12-22|2025-12-23|2025-12-24|2025-12-26|2025-12-29|2025-12-30|2025-12-31|2026-01-02|2026-01-05|2026-01-06|2026-01-07|2026-01-08,2026-01-09 14:50:16,0.0
Capital One,,2025-11-25|2025-11-26|2025-11-28|2025-12-01|2025-12-02|2025-12-03|2025-12-04|2025-12-05|2025-12-08|2025-12-09|2025-12-10|2025-12-11|2025-12-12|2025-12-15|2025-12-16|2025-12-17|2025-12-18|2025-12-19|2025-12-22|2025-12-23|2025-12-24|2025-12-26|2025-12-29|2025-12-30|2025-12-31|2026-01-02|2026-01-05|2026-01-06|2026-01-07|2026-01-08,2026-01-09 14:50:16,0.0
Cisco Systems,,2025-11-25|2025-11-26|2025-11-28|2025-12-01|2025-12-02|2025-12-03|2025-12-04|2025-12-05|2025-12-08|2025-12-09|2025-12-10|2025-12-11|2025-12-12|2025-12-15|2025-12-16|2025-12-17|2025-12-18|2025-12-19|2025-12-22|2025-12-23|2025-12-24|2025-12-26|2025-12-29|2025-12-30|2025-12-31|2026-01-02|2026-01-05|2026-01-06|2026-01-07|2026-01-08,2026-01-09 14:50:16,0.0
HP,,2025-11-25|2025-11-26|2025-11-28|2025-12-01|2025-12-02|2025-12-03|2025-12-04|2025-12-05|2025-12-08|2025-12-09|2025-12-10|2025-12-11|2025-12-12|2025-12-15|2025-12-16|2025-12-17|2025-12-18|2025-12-19|2025-12-22|2025-12-23|2025-12-24|2025-12-26|2025-12-29|2025-12-30|2025-12-31|2026-01-02|2026-01-05|2026-01-06|2026-01-07|2026-01-08,2026-01-09 14:50:16,0.0
Tyson Foods,,2025-11-25|2025-11-26|2025-11-28|2025-12-01|2025-12-02|2025-12-03|2025-12-04|2025-12-05|2025-12-08|2025-12-09|2025-12-10|2025-12-11|2025-12-12|2025-12-15|2025-12-16|2025-12-17|2025-12-18|2025-12-19|2025-12-22|2025-12-23|2025-12-24|2025-12-26|2025-12-29|2025-12-30|2025-12-31|2026-01-02|2026-01-05|2026-01-06|2026-01-07|2026-01-08,2026-01-09 14:50:16,0.0
Intel,,2025-11-25|2025-11-26|2025-11-28|2025-12-01|2025-12-02|2025-12-03|2025-12-04|2025-12-05|2025-12-08|2025-12-09|2025-12-10|2025-12-11|2025-12-12|2025-12-15|2025-12-16|2025-12-17|2025-12-18|2025-12-19|2025-12-22|2025-12-23|2025-12-24|2025-12-26|2025-12-29|2025-12-30|2025-12-31|2026-01-02|2026-01-05|2026-01-06|2026-01-07|2026-01-08,2026-01-09 14:50:16,0.0
Oracle,,2025-11-25|2025-11-26|2025-11-28|2025-12-01|2025-12-02|2025-12-03|2025-12-04|2025-12-05|2025-12-08|2025-12-09|2025-12-10|2025-12-11|2025-12-12|2025-12-15|2025-12-16|2025-12-17|2025-12-18|2025-12-19|2025-12-22|2025-12-23|2025-12-24|2025-12-26|2025-12-29|2025-12-30|2025-12-31|2026-01-02|2026-01-05|2026-01-06|2026-01-07|2026-01-08,2026-01-09 14:50:16,0.0
Broadcom,,2025-11-25|2025-11-26|2025-11-28|2025-12-01|2025-12-02|2025-12-03|2025-12-04|2025-12-05|2025-12-08|2025-12-09|2025-12-10|2025-12-11|2025-12-12|2025-12-15|2025-12-16|2025-12-17|2025-12-18|2025-12-19|2025-12-22|2025-12-23|2025-12-24|2025-12-26|2025-12-29|2025-12-30|2025-12-31|2026-01-02|2026-01-05|2026-01-06|2026-01-07|2026-01-08,2026-01-09 14:50:16,0.0
John Deere & Company,,2025-11-25|2025-11-26|2025-11-28|2025-12-01|2025-12-02|2025-12-03|2025-12-04|2025-12-05|2025-12-08|2025-12-09|2025-12-10|2025-12-11|2025-12-12|2025-12-15|2025-12-16|2025-12-17|2025-12-18|2025-12-19|2025-12-22|2025-12-23|2025-12-24|2025-12-26|2025-12-29|2025-12-30|2025-12-31|2026-01-02|2026-01-05|2026-01-06|2026-01-07|2026-01-08,2026-01-09 14:50:16,0.0
Nike,,2025-11-25|2025-11-26|2025-11-28|2025-12-01|2025-12-02|2025-12-03|2025-12-04|2025-12-05|2025-12-08|2025-12-09|2025-12-10|2025-12-11|2025-12-12|2025-12-15|2025-12-16|2025-12-17|2025-12-18|2025-12-19|2025-12-22|2025-12-23|2025-12-24|2025-12-26|2025-12-29|2025-12-30|2025-12-31|2026-01-02|2026-01-05|2026-01-06|2026-01-07|2026-01-08,2026-01-09 14:50:16,0.0
Plains GP,,2025-11-25|2025-11-26|2025-11-28|2025-12-01|2025-12-02|2025-12-03|2025-12-04|2025-12-05|2025-12-08|2025-12-09|2025-12-10|2025-12-11|2025-12-12|2025-12-15|2025-12-16|2025-12-17|2025-12-18|2025-12-19|2025-12-22|2025-12-23|2025-12-24|2025-12-26|2025-12-29|2025-12-30|2025-12-31|2026-01-02|2026-01-05|2026-01-06|2026-01-07|2026-01-08,2026-01-09 14:50:16,0.0
Bristol-Myers Squibb,,2025-11-25|2025-11-26|2025-11-28|2025-12-01|2025-12-02|2025-12-03|2025-12-04|2025-12-05|2025-12-08|2025-12-09|2025-12-10|2025-12-11|2025-12-12|2025-12-15|2025-12-16|2025-12-17|2025-12-18|2025-12-19|2025-12-22|2025-12-23|2025-12-24|2025-12-26|2025-12-29|2025-12-30|2025-12-31|2026-01-02|2026-01-05|2026-01-06|2026-01-07|2026-01-08,2026-01-09 14:50:16,0.0
Ingram Micro,,2025-11-25|2025-11-26|2025-11-28|2025-12-01|2025-12-02|2025-12-03|2025-12-04|2025-12-05|2025-12-08|2025-12-09|2025-12-10|2025-12-11|2025-12-12|2025-12-15|2025-12-16|2025-12-17|2025-12-18|2025-12-19|2025-12-22|2025-12-23|2025-12-24|2025-12-26|2025-12-29|2025-12-30|2025-12-31|2026-01-02|2026-01-05|2026-01-06|2026-01-07|2026-01-08,2026-01-09 14:50:16,0.0
General Dynamics,,2025-11-25|2025-11-26|2025-11-28|2025-12-01|2025-12-02|2025-12-03|2025-12-04|2025-12-05|2025-12-08|2025-12-09|2025-12-10|2025-12-11|2025-12-12|2025-12-15|2025-12-16|2025-12-17|2025-12-18|2025-12-19|2025-12-22|2025-12-23|2025-12-24|2025-12-26|2025-12-29|2025-12-30|2025-12-31|2026-01-02|2026-01-05|2026-01-06|2026-01-07|2026-01-08,2026-01-09 14:50:16,0.0
The Coca-Cola Company,,2025-11-25|2025-11-26|2025-11-28|2025-12-01|2025-12-02|2025-12-03|2025-12-04|2025-12-05|2025-12-08|2025-12-09|2025-12-10|2025-12-11|2025-12-12|2025-12-15|2025-12-16|2025-12-17|2025-12-18|2025-12-19|2025-12-22|2025-12-23|2025-12-24|2025-12-26|2025-12-29|2025-12-30|2025-12-31|2026-01-02|2026-01-05|2026-01-06|2026-01-07|2026-01-08,2026-01-09 14:50:16,0.0
Travelers Insurance,,2025-11-25|2025-11-26|2025-11-28|2025-12-01|2025-12-02|2025-12-03|2025-12-04|2025-12-05|2025-12-08|2025-12-09|2025-12-10|2025-12-11|2025-12-12|2025-12-15|2025-12-16|2025-12-17|2025-12-18|2025-12-19|2025-12-22|2025-12-23|2025-12-24|2025-12-26|2025-12-29|2025-12-30|2025-12-31|2026-01-02|2026-01-05|2026-01-06|2026-01-07|2026-01-08,2026-01-09 14:50:16,0.0
Eli Lilly,,2025-11-25|2025-11-26|2025-11-28|2025-12-01|2025-12-02|2025-12-03|2025-12-04|2025-12-05|2025-12-08|2025-12-09|2025-12-10|2025-12-11|2025-12-12|2025-12-15|2025-12-16|2025-12-17|2025-12-18|2025-12-19|2025-12-22|2025-12-23|2025-12-24|2025-12-26|2025-12-29|2025-12-30|2025-12-31|2026-01-02|2026-01-05|2026-01-06|2026-01-07|2026-01-08,2026-01-09 14:50:16,0.0
Uber,,2025-11-25|2025-11-26|2025-11-28|2025-12-01|2025-12-02|2025-12-03|2025-12-04|2025-12-05|2025-12-08|2025-12-09|2025-12-10|2025-12-11|2025-12-12|2025-12-15|2025-12-16|2025-12-17|2025-12-18|2025-12-19|2025-12-22|2025-12-23|2025-12-24|2025-12-26|2025-12-29|2025-12-30|2025-12-31|2026-01-02|2026-01-05|2026-01-06|2026-01-07|2026-01-08,2026-01-09 14:50:16,0.0
Thermo Fisher Scientific,,2025-11-25|2025-11-26|2025-11-28|2025-12-01|2025-12-02|2025-12-03|2025-12-04|2025-12-05|2025-12-08|2025-12-09|2025-12-10|2025-12-11|2025-12-12|2025-12-15|2025-12-16|2025-12-17|2025-12-18|2025-12-19|2025-12-22|2025-12-23|2025-12-24|2025-12-26|2025-12-29|2025-12-30|2025-12-31|2026-01-02|2026-01-05|2026-01-06|2026-01-07|2026-01-08,2026-01-09 14:50:16,0.0
US Bancorp,,2025-11-25|2025-11-26|2025-11-28|2025-12-01|2025-12-02|2025-12-03|2025-12-04|2025-12-05|2025-12-08|2025-12-09|2025-12-10|2025-12-11|2025-12-12|2025-12-15|2025-12-16|2025-12-17|2025-12-18|2025-12-19|2025-12-22|2025-12-23|2025-12-24|2025-12-26|2025-12-29|2025-12-30|2025-12-31|2026-01-02|2026-01-05|2026-01-06|2026-01-07|2026-01-08,2026-01-09 14:50:16,0.0
World Kinect,,2025-11-25|2025-11-26|2025-11-28|2025-12-01|2025-12-02|2025-12-03|2025-12-04|2025-12-05|2025-12-08|2025-12-09|2025-12-10|2025-12-11|2025-12-12|2025-12-15|2025-12-16|2025-12-17|2025-12-18|2025-12-19|2025-12-22|2025-12-23|2025-12-24|2025-12-26|2025-12-29|2025-12-30|2025-12-31|2026-01-02|2026-01-05|2026-01-06|2026-01-07|2026-01-08,2026-01-09 14:50:16,0.0
Abbott Laboratories,,2025-11-25|2025-11-26|2025-11-28|2025-12-01|2025-12-02|2025-12-03|2025-12-04|2025-12-05|2025-12-08|2025-12-09|2025-12-10|2025-12-11|2025-12-12|2025-12-15|2025-12-16|2025-12-17|2025-12-18|2025-12-19|2025-12-22|2025-12-23|2025-12-24|2025-12-26|2025-12-29|2025-12-30|2025-12-31|2026-01-02|2026-01-05|2026-01-06|2026-01-07|2026-01-08,2026-01-09 14:50:16,0.0
Best Buy,,2025-11-25|2025-11-26|2025-11-28|2025-12-01|2025-12-02|2025-12-03|2025-12-04|2025-12-05|2025-12-08|2025-12-09|2025-12-10|2025-12-11|2025-12-12|2025-12-15|2025-12-16|2025-12-17|2025-12-18|2025-12-19|2025-12-22|2025-12-23|2025-12-24|2025-12-26|2025-12-29|2025-12-30|2025-12-31|2026-01-02|2026-01-05|2026-01-06|2026-01-07|2026-01-08,2026-01-09 14:50:16,0.0
Northrop Grumman,,2025-11-25|2025-11-26|2025-11-28|2025-12-01|2025-12-02|2025-12-03|2025-12-04|2025-12-05|2025-12-08|2025-12-09|2025-12-10|2025-12-11|2025-12-12|2025-12-15|2025-12-16|2025-12-17|2025-12-18|2025-12-19|2025-12-22|2025-12-23|2025-12-24|2025-12-26|2025-12-29|2025-12-30|2025-12-31|2026-01-02|2026-01-05|2026-01-06|2026-01-07|2026-01-08,2026-01-09 14:50:16,0.0
Molina Healthcare,,2025-11-25|2025-11-26|2025-11-28|2025-12-01|2025-12-02|2025-12-03|2025-12-04|2025-12-05|2025-12-08|2025-12-09|2025-12-10|2025-12-11|2025-12-12|2025-12-15|2025-12-16|2025-12-17|2025-12-18|2025-12-19|2025-12-22|2025-12-23|2025-12-24|2025-12-26|2025-12-29|2025-12-30|2025-12-31|2026-01-02|2026-01-05|2026-01-06|2026-01-07|2026-01-08,2026-01-09 14:50:16,0.0
Dollar General Corporation,,2025-11-25|2025-11-26|2025-11-28|2025-12-01|2025-12-02|2025-12-03|2025-12-04|2025-12-05|2025-12-08|2025-12-09|2025-12-10|2025-12-11|2025-12-12|2025-12-15|2025-12-16|2025-12-17|2025-12-18|2025-12-19|2025-12-22|2025-12-23|2025-12-24|2025-12-26|2025-12-29|2025-12-30|2025-12-31|2026-01-02|2026-01-05|2026-01-06|2026-01-07|2026-01-08,2026-01-09 14:50:16,0.0
Bank of New York Mellon,,2025-11-25|2025-11-26|2025-11-28|2025-12-01|2025-12-02|2025-12-03|2025-12-04|2025-12-05|2025-12-08|2025-12-09|2025-12-10|2025-12-11|2025-12-12|2025-12-15|2025-12-16|2025-12-17|2025-12-18|2025-12-19|2025-12-22|2025-12-23|2025-12-24|2025-12-26|2025-12-29|2025-12-30|2025-12-31|2026-01-02|2026-01-05|2026-01-06|2026-01-07|2026-01-08,2026-01-09 14:50:16,0.0
Warner Bros Discovery,,2025-11-25|2025-11-26|2025-11-28|2025-12-01|2025-12-02|2025-12-03|2025-12-04|2025-12-05|2025-12-08|2025-12-09|2025-12-10|2025-12-11|2025-12-12|2025-12-15|2025-12-16|2025-12-17|2025-12-18|2025-12-19|2025-12-22|2025-12-23|2025-12-24|2025-12-26|2025-12-29|2025-12-30|2025-12-31|2026-01-02|2026-01-05|2026-01-06|2026-01-07|2026-01-08,2026-01-09 14:50:16,0.0
Netflix,,2025-11-25|2025-11-26|2025-11-28|2025-12-01|2025-12-02|2025-12-03|2025-12-04|2025-12-05|2025-12-08|2025-12-09|2025-12-10|2025-12-11|2025-12-12|2025-12-15|2025-12-16|2025-12-17|2025-12-18|2025-12-19|2025-12-22|2025-12-23|2025-12-24|2025-12-26|2025-12-29|2025-12-30|2025-12-31|2026-01-02|2026-01-05|2026-01-06|2026-01-07|2026-01-08,2026-01-09 14:50:16,0.0
Qualcomm,,2025-11-25|2025-11-26|2025-11-28|2025-12-01|2025-12-02|2025-12-03|2025-12-04|2025-12-05|2025-12-08|2025-12-09|2025-12-10|2025-12-11|2025-12-12|2025-12-15|2025-12-16|2025-12-17|2025-12-18|2025-12-19|2025-12-22|2025-12-23|2025-12-24|2025-12-26|2025-12-29|2025-12-30|2025-12-31|2026-01-02|2026-01-05|2026-01-06|2026-01-07|2026-01-08,2026-01-09 14:50:16,0.0
Honeywell,,2025-11-25|2025-11-26|2025-11-28|2025-12-01|2025-12-02|2025-12-03|2025-12-04|2025-12-05|2025-12-08|2025-12-09|2025-12-10|2025-12-11|2025-12-12|2025-12-15|2025-12-16|2025-12-17|2025-12-18|2025-12-19|2025-12-22|2025-12-23|2025-12-24|2025-12-26|2025-12-29|2025-12-30|2025-12-31|2026-01-02|2026-01-05|2026-01-06|2026-01-07|2026-01-08,2026-01-09 14:50:16,0.0
Salesforce,,2025-11-25|2025-11-26|2025-11-28|2025-12-01|2025-12-02|2025-12-03|2025-12-04|2025-12-05|2025-12-08|2025-12-09|2025-12-10|2025-12-11|2025-12-12|2025-12-15|2025-12-16|2025-12-17|2025-12-18|2025-12-19|2025-12-22|2025-12-23|2025-12-24|2025-12-26|2025-12-29|2025-12-30|2025-12-31|2026-01-02|2026-01-05|2026-01-06|2026-01-07|2026-01-08,2026-01-09 14:50:16,0.0
Philip Morris International,,2025-11-25|2025-11-26|2025-11-28|2025-12-01|2025-12-02|2025-12-03|2025-12-04|2025-12-05|2025-12-08|2025-12-09|2025-12-10|2025-12-11|2025-12-12|2025-12-15|2025-12-16|2025-12-17|2025-12-18|2025-12-19|2025-12-22|2025-12-23|2025-12-24|2025-12-26|2025-12-29|2025-12-30|2025-12-31|2026-01-02|2026-01-05|2026-01-06|2026-01-07|2026-01-08,2026-01-09 14:50:16,0.0
US Foods,,2025-11-25|2025-11-26|2025-11-28|2025-12-01|2025-12-02|2025-12-03|2025-12-04|2025-12-05|2025-12-08|2025-12-09|2025-12-10|2025-12-11|2025-12-12|2025-12-15|2025-12-16|2025-12-17|2025-12-18|2025-12-19|2025-12-22|2025-12-23|2025-12-24|2025-12-26|2025-12-29|2025-12-30|2025-12-31|2026-01-02|2026-01-05|2026-01-06|2026-01-07|2026-01-08,2026-01-09 14:50:16,0.0
DR Horton Inc,,2025-11-25|2025-11-26|2025-11-28|2025-12-01|2025-12-02|2025-12-03|2025-12-04|2025-12-05|2025-12-08|2025-12-09|2025-12-10|2025-12-11|2025-12-12|2025-12-15|2025-12-16|2025-12-17|2025-12-18|2025-12-19|2025-12-22|2025-12-23|2025-12-24|2025-12-26|2025-12-29|2025-12-30|2025-12-31|2026-01-02|2026-01-05|2026-01-06|2026-01-07|2026-01-08,2026-01-09 14:50:16,0.0
Lithia Motors,,2025-11-25|2025-11-26|2025-11-28|2025-12-01|2025-12-02|2025-12-03|2025-12-04|2025-12-05|2025-12-08|2025-12-09|2025-12-10|2025-12-11|2025-12-12|2025-12-15|2025-12-16|2025-12-17|2025-12-18|2025-12-19|2025-12-22|2025-12-23|2025-12-24|2025-12-26|2025-12-29|2025-12-30|2025-12-31|2026-01-02|2026-01-05|2026-01-06|2026-01-07|2026-01-08,2026-01-09 14:50:16,0.0
Mondelez,,2025-11-25|2025-11-26|2025-11-28|2025-12-01|2025-12-02|2025-12-03|2025-12-04|2025-12-05|2025-12-08|2025-12-09|2025-12-10|2025-12-11|2025-12-12|2025-12-15|2025-12-16|2025-12-17|2025-12-18|2025-12-19|2025-12-22|2025-12-23|2025-12-24|2025-12-26|2025-12-29|2025-12-30|2025-12-31|2026-01-02|2026-01-05|2026-01-06|2026-01-07|2026-01-08,2026-01-09 14:50:16,0.0
Starbucks,,2025-11-25|2025-11-26|2025-11-28|2025-12-01|2025-12-02|2025-12-03|2025-12-04|2025-12-05|2025-12-08|2025-12-09|2025-12-10|2025-12-11|2025-12-12|2025-12-15|2025-12-16|2025-12-17|2025-12-18|2025-12-19|2025-12-22|2025-12-23|2025-12-24|2025-12-26|2025-12-29|2025-12-30|2025-12-31|2026-01-02|2026-01-05|2026-01-06|2026-01-07|2026-01-08,2026-01-09 14:50:16,0.0
Visa Inc,,2025-11-25|2025-11-26|2025-11-28|2025-12-01|2025-12-02|2025-12-03|2025-12-04|2025-12-05|2025-12-08|2025-12-09|2025-12-10|2025-12-11|2025-12-12|2025-12-15|2025-12-16|2025-12-17|2025-12-18|2025-12-19|2025-12-22|2025-12-23|2025-12-24|2025-12-26|2025-12-29|2025-12-30|2025-12-31|2026-01-02|2026-01-05|2026-01-06|2026-01-07|2026-01-08,2026-01-09 14:50:16,0.0
CBRE Group,,2025-11-25|2025-11-26|2025-11-28|2025-12-01|2025-12-02|2025-12-03|2025-12-04|2025-12-05|2025-12-08|2025-12-09|2025-12-10|2025-12-11|2025-12-12|2025-12-15|2025-12-16|2025-12-17|2025-12-18|2025-12-19|2025-12-22|2025-12-23|2025-12-24|2025-12-26|2025-12-29|2025-12-30|2025-12-31|2026-01-02|2026-01-05|2026-01-06|2026-01-07|2026-01-08,2026-01-09 14:50:16,0.0
Lennar,,2025-11-25|2025-11-26|2025-11-28|2025-12-01|2025-12-02|2025-12-03|2025-12-04|2025-12-05|2025-12-08|2025-12-09|2025-12-10|2025-12-11|2025-12-12|2025-12-15|2025-12-16|2025-12-17|2025-12-18|2025-12-19|2025-12-22|2025-12-23|2025-12-24|2025-12-26|2025-12-29|2025-12-30|2025-12-31|2026-01-02|2026-01-05|2026-01-06|2026-01-07|2026-01-08,2026-01-09 14:50:16,0.0
GE Vernova,,2025-11-25|2025-11-26|2025-11-28|2025-12-01|2025-12-02|2025-12-03|2025-12-04|2025-12-05|2025-12-08|2025-12-09|2025-12-10|2025-12-11|2025-12-12|2025-12-15|2025-12-16|2025-12-17|2025-12-18|2025-12-19|2025-12-22|2025-12-23|2025-12-24|2025-12-26|2025-12-29|2025-12-30|2025-12-31|2026-01-02|2026-01-05|2026-01-06|2026-01-07|2026-01-08,2026-01-09 14:50:16,0.0
PNC Financial Services,,2025-11-25|2025-11-26|2025-11-28|2025-12-01|2025-12-02|2025-12-03|2025-12-04|2025-12-05|2025-12-08|2025-12-09|2025-12-10|2025-12-11|2025-12-12|2025-12-15|2025-12-16|2025-12-17|2025-12-18|2025-12-19|2025-12-22|2025-12-23|2025-12-24|2025-12-26|2025-12-29|2025-12-30|2025-12-31|2026-01-02|2026-01-05|2026-01-06|2026-01-07|2026-01-08,2026-01-09 14:50:16,0.0
Cummins Inc,,2025-11-25|2025-11-26|2025-11-28|2025-12-01|2025-12-02|2025-12-03|2025-12-04|2025-12-05|2025-12-08|2025-12-09|2025-12-10|2025-12-11|2025-12-12|2025-12-15|2025-12-16|2025-12-17|2025-12-18|2025-12-19|2025-12-22|2025-12-23|2025-12-24|2025-12-26|2025-12-29|2025-12-30|2025-12-31|2026-01-02|2026-01-05|2026-01-06|2026-01-07|2026-01-08,2026-01-09 14:50:16,0.0
Paccar,,2025-11-25|2025-11-26|2025-11-28|2025-12-01|2025-12-02|2025-12-03|2025-12-04|2025-12-05|2025-12-08|2025-12-09|2025-12-10|2025-12-11|2025-12-12|2025-12-15|2025-12-16|2025-12-17|2025-12-18|2025-12-19|2025-12-22|2025-12-23|2025-12-24|2025-12-26|2025-12-29|2025-12-30|2025-12-31|2026-01-02|2026-01-05|2026-01-06|2026-01-07|2026-01-08,2026-01-09 14:50:16,0.0
Amgen,,2025-11-25|2025-11-26|2025-11-28|2025-12-01|2025-12-02|2025-12-03|2025-12-04|2025-12-05|2025-12-08|2025-12-09|2025-12-10|2025-12-11|2025-12-12|2025-12-15|2025-12-16|2025-12-17|2025-12-18|2025-12-19|2025-12-22|2025-12-23|2025-12-24|2025-12-26|2025-12-29|2025-12-30|2025-12-31|2026-01-02|2026-01-05|2026-01-06|2026-01-07|2026-01-08,2026-01-09 14:50:16,0.0
PBF Energy,,2025-11-25|2025-11-26|2025-11-28|2025-12-01|2025-12-02|2025-12-03|2025-12-04|2025-12-05|2025-12-08|2025-12-09|2025-12-10|2025-12-11|2025-12-12|2025-12-15|2025-12-16|2025-12-17|2025-12-18|2025-12-19|2025-12-22|2025-12-23|2025-12-24|2025-12-26|2025-12-29|2025-12-30|2025-12-31|2026-01-02|2026-01-05|2026-01-06|2026-01-07|2026-01-08,2026-01-09 14:50:16,0.0
PayPal,,2025-11-25|2025-11-26|2025-11-28|2025-12-01|2025-12-02|2025-12-03|2025-12-04|2025-12-05|2025-12-08|2025-12-09|2025-12-10|2025-12-11|2025-12-12|2025-12-15|2025-12-16|2025-12-17|2025-12-18|2025-12-19|2025-12-22|2025-12-23|2025-12-24|2025-12-26|2025-12-29|2025-12-30|2025-12-31|2026-01-02|2026-01-05|2026-01-06|2026-01-07|2026-01-08,2026-01-09 14:50:16,0.0
United Natural Foods,,2025-11-25|2025-11-26|2025-11-28|2025-12-01|2025-12-02|2025-12-03|2025-12-04|2025-12-05|2025-12-08|2025-12-09|2025-12-10|2025-12-11|2025-12-12|2025-12-15|2025-12-16|2025-12-17|2025-12-18|2025-12-19|2025-12-22|2025-12-23|2025-12-24|2025-12-26|2025-12-29|2025-12-30|2025-12-31|2026-01-02|2026-01-05|2026-01-06|2026-01-07|2026-01-08,2026-01-09 14:50:16,0.0
Dollar Tree,,2025-11-25|2025-11-26|2025-11-28|2025-12-01|2025-12-02|2025-12-03|2025-12-04|2025-12-05|2025-12-08|2025-12-09|2025-12-10|2025-12-11|2025-12-12|2025-12-15|2025-12-16|2025-12-17|2025-12-18|2025-12-19|2025-12-22|2025-12-23|2025-12-24|2025-12-26|2025-12-29|2025-12-30|2025-12-31|2026-01-02|2026-01-05|2026-01-06|2026-01-07|2026-01-08,2026-01-09 14:50:16,0.0
Nucor,,2025-11-25|2025-11-26|2025-11-28|2025-12-01|2025-12-02|2025-12-03|2025-12-04|2025-12-05|2025-12-08|2025-12-09|2025-12-10|2025-12-11|2025-12-12|2025-12-15|2025-12-16|2025-12-17|2025-12-18|2025-12-19|2025-12-22|2025-12-23|2025-12-24|2025-12-26|2025-12-29|2025-12-30|2025-12-31|2026-01-02|2026-01-05|2026-01-06|2026-01-07|2026-01-08,2026-01-09 14:50:16,0.0
Penske Automotive,,2025-11-25|2025-11-26|2025-11-28|2025-12-01|2025-12-02|2025-12-03|2025-12-04|2025-12-05|2025-12-08|2025-12-09|2025-12-10|2025-12-11|2025-12-12|2025-12-15|2025-12-16|2025-12-17|2025-12-18|2025-12-19|2025-12-22|2025-12-23|2025-12-24|2025-12-26|2025-12-29|2025-12-30|2025-12-31|2026-01-02|2026-01-05|2026-01-06|2026-01-07|2026-01-08,2026-01-09 14:50:16,0.0
Coupang,,2025-11-25|2025-11-26|2025-11-28|2025-12-01|2025-12-02|2025-12-03|2025-12-04|2025-12-05|2025-12-08|2025-12-09|2025-12-10|2025-12-11|2025-12-12|2025-12-15|2025-12-16|2025-12-17|2025-12-18|2025-12-19|2025-12-22|2025-12-23|2025-12-24|2025-12-26|2025-12-29|2025-12-30|2025-12-31|2026-01-02|2026-01-05|2026-01-06|2026-01-07|2026-01-08,2026-01-09 14:50:16,0.0
Hewlett Packard Enterprise,,2025-11-25|2025-11-26|2025-11-28|2025-12-01|2025-12-02|2025-12-03|2025-12-04|2025-12-05|2025-12-08|2025-12-09|2025-12-10|2025-12-11|2025-12-12|2025-12-15|2025-12-16|2025-12-17|2025-12-18|2025-12-19|2025-12-22|2025-12-23|2025-12-24|2025-12-26|2025-12-29|2025-12-30|2025-12-31|2026-01-02|2026-01-05|2026-01-06|2026-01-07|2026-01-08,2026-01-09 14:50:16,0.0
Duke Energy,,2025-11-25|2025-11-26|2025-11-28|2025-12-01|2025-12-02|2025-12-03|2025-12-04|2025-12-05|2025-12-08|2025-12-09|2025-12-10|2025-12-11|2025-12-12|2025-12-15|2025-12-16|2025-12-17|2025-12-18|2025-12-19|2025-12-22|2025-12-23|2025-12-24|2025-12-26|2025-12-29|2025-12-30|2025-12-31|2026-01-02|2026-01-05|2026-01-06|2026-01-07|2026-01-08,2026-01-09 14:50:16,0.0
KKR & Co,,2025-11-25|2025-11-26|2025-11-28|2025-12-01|2025-12-02|2025-12-03|2025-12-04|2025-12-05|2025-12-08|2025-12-09|2025-12-10|2025-12-11|2025-12-12|2025-12-15|2025-12-16|2025-12-17|2025-12-18|2025-12-19|2025-12-22|2025-12-23|2025-12-24|2025-12-26|2025-12-29|2025-12-30|2025-12-31|2026-01-02|2026-01-05|2026-01-06|2026-01-07|2026-01-08,2026-01-09 14:50:16,0.0
Jabil,,2025-11-25|2025-11-26|2025-11-28|2025-12-01|2025-12-02|2025-12-03|2025-12-04|2025-12-05|2025-12-08|2025-12-09|2025-12-10|2025-12-11|2025-12-12|2025-12-15|2025-12-16|2025-12-17|2025-12-18|2025-12-19|2025-12-22|2025-12-23|2025-12-24|2025-12-26|2025-12-29|2025-12-30|2025-12-31|2026-01-02|2026-01-05|2026-01-06|2026-01-07|2026-01-08,2026-01-09 14:50:16,0.0
Gilead Sciences,,2025-11-25|2025-11-26|2025-11-28|2025-12-01|2025-12-02|2025-12-03|2025-12-04|2025-12-05|2025-12-08|2025-12-09|2025-12-10|2025-12-11|2025-12-12|2025-12-15|2025-12-16|2025-12-17|2025-12-18|2025-12-19|2025-12-22|2025-12-23|2025-12-24|2025-12-26|2025-12-29|2025-12-30|2025-12-31|2026-01-02|2026-01-05|2026-01-06|2026-01-07|2026-01-08,2026-01-09 14:50:16,0.0
HF Sinclair,,2025-11-25|2025-11-26|2025-11-28|2025-12-01|2025-12-02|2025-12-03|2025-12-04|2025-12-05|2025-12-08|2025-12-09|2025-12-10|2025-12-11|2025-12-12|2025-12-15|2025-12-16|2025-12-17|2025-12-18|2025-12-19|2025-12-22|2025-12-23|2025-12-24|2025-12-26|2025-12-29|2025-12-30|2025-12-31|2026-01-02|2026-01-05|2026-01-06|2026-01-07|2026-01-08,2026-01-09 14:50:16,0.0
CarMax,,2025-11-25|2025-11-26|2025-11-28|2025-12-01|2025-12-02|2025-12-03|2025-12-04|2025-12-05|2025-12-08|2025-12-09|2025-12-10|2025-12-11|2025-12-12|2025-12-15|2025-12-16|2025-12-17|2025-12-18|2025-12-19|2025-12-22|2025-12-23|2025-12-24|2025-12-26|2025-12-29|2025-12-30|2025-12-31|2026-01-02|2026-01-05|2026-01-06|2026-01-07|2026-01-08,2026-01-09 14:50:16,0.0
Mastercard,,2025-11-25|2025-11-26|2025-11-28|2025-12-01|2025-12-02|2025-12-03|2025-12-04|2025-12-05|2025-12-08|2025-12-09|2025-12-10|2025-12-11|2025-12-12|2025-12-15|2025-12-16|2025-12-17|2025-12-18|2025-12-19|2025-12-22|2025-12-23|2025-12-24|2025-12-26|2025-12-29|2025-12-30|2025-12-31|2026-01-02|2026-01-05|2026-01-06|2026-01-07|2026-01-08,2026-01-09 14:50:16,0.0
NRG Energy,,2025-11-25|2025-11-26|2025-11-28|2025-12-01|2025-12-02|2025-12-03|2025-12-04|2025-12-05|2025-12-08|2025-12-09|2025-12-10|2025-12-11|2025-12-12|2025-12-15|2025-12-16|2025-12-17|2025-12-18|2025-12-19|2025-12-22|2025-12-23|2025-12-24|2025-12-26|2025-12-29|2025-12-30|2025-12-31|2026-01-02|2026-01-05|2026-01-06|2026-01-07|2026-01-08,2026-01-09 14:50:16,0.0
Arrow Electronics,,2025-11-25|2025-11-26|2025-11-28|2025-12-01|2025-12-02|2025-12-03|2025-12-04|2025-12-05|2025-12-08|2025-12-09|2025-12-10|2025-12-11|2025-12-12|2025-12-15|2025-12-16|2025-12-17|2025-12-18|2025-12-19|2025-12-22|2025-12-23|2025-12-24|2025-12-26|2025-12-29|2025-12-30|2025-12-31|2026-01-02|2026-01-05|2026-01-06|2026-01-07|2026-01-08,2026-01-09 14:50:16,0.0
Baker Hughes,,2025-11-25|2025-11-26|2025-11-28|2025-12-01|2025-12-02|2025-12-03|2025-12-04|2025-12-05|2025-12-08|2025-12-09|2025-12-10|2025-12-11|2025-12-12|2025-12-15|2025-12-16|2025-12-17|2025-12-18|2025-12-19|2025-12-22|2025-12-23|2025-12-24|2025-12-26|2025-12-29|2025-12-30|2025-12-31|2026-01-02|2026-01-05|2026-01-06|2026-01-07|2026-01-08,2026-01-09 14:50:16,0.0
Southwest Airlines,,2025-11-25|2025-11-26|2025-11-28|2025-12-01|2025-12-02|2025-12-03|2025-12-04|2025-12-05|2025-12-08|2025-12-09|2025-12-10|2025-12-11|2025-12-12|2025-12-15|2025-12-16|2025-12-17|2025-12-18|2025-12-19|2025-12-22|2025-12-23|2025-12-24|2025-12-26|2025-12-29|2025-12-30|2025-12-31|2026-01-02|2026-01-05|2026-01-06|2026-01-07|2026-01-08,2026-01-09 14:50:16,0.0
AIG,,2025-11-25|2025-11-26|2025-11-28|2025-12-01|2025-12-02|2025-12-03|2025-12-04|2025-12-05|2025-12-08|2025-12-09|2025-12-10|2025-12-11|2025-12-12|2025-12-15|2025-12-16|2025-12-17|2025-12-18|2025-12-19|2025-12-22|2025-12-23|2025-12-24|2025-12-26|2025-12-29|2025-12-30|2025-12-31|2026-01-02|2026-01-05|2026-01-06|2026-01-07|2026-01-08,2026-01-09 14:50:16,0.0
Applied Materials,,2025-11-25|2025-11-26|2025-11-28|2025-12-01|2025-12-02|2025-12-03|2025-12-04|2025-12-05|2025-12-08|2025-12-09|2025-12-10|2025-12-11|2025-12-12|2025-12-15|2025-12-16|2025-12-17|2025-12-18|2025-12-19|2025-12-22|2025-12-23|2025-12-24|2025-12-26|2025-12-29|2025-12-30|2025-12-31|2026-01-02|2026-01-05|2026-01-06|2026-01-07|2026-01-08,2026-01-09 14:50:16,0.0
Occidental Petroleum,,2025-11-25|2025-11-26|2025-11-28|2025-12-01|2025-12-02|2025-12-03|2025-12-04|2025-12-05|2025-12-08|2025-12-09|2025-12-10|2025-12-11|2025-12-12|2025-12-15|2025-12-16|2025-12-17|2025-12-18|2025-12-19|2025-12-22|2025-12-23|2025-12-24|2025-12-26|2025-12-29|2025-12-30|2025-12-31|2026-01-02|2026-01-05|2026-01-06|2026-01-07|2026-01-08,2026-01-09 14:50:16,0.0
AutoNation,,2025-11-25|2025-11-26|2025-11-28|2025-12-01|2025-12-02|2025-12-03|2025-12-04|2025-12-05|2025-12-08|2025-12-09|2025-12-10|2025-12-11|2025-12-12|2025-12-15|2025-12-16|2025-12-17|2025-12-18|2025-12-19|2025-12-22|2025-12-23|2025-12-24|2025-12-26|2025-12-29|2025-12-30|2025-12-31|2026-01-02|2026-01-05|2026-01-06|2026-01-07|2026-01-08,2026-01-09 14:50:16,0.0
Southern Company,,2025-11-25|2025-11-26|2025-11-28|2025-12-01|2025-12-02|2025-12-03|2025-12-04|2025-12-05|2025-12-08|2025-12-09|2025-12-10|2025-12-11|2025-12-12|2025-12-15|2025-12-16|2025-12-17|2025-12-18|2025-12-19|2025-12-22|2025-12-23|2025-12-24|2025-12-26|2025-12-29|2025-12-30|2025-12-31|2026-01-02|2026-01-05|2026-01-06|2026-01-07|2026-01-08,2026-01-09 14:50:16,0.0
The Hartford Insurance Group,,2025-11-25|2025-11-26|2025-11-28|2025-12-01|2025-12-02|2025-12-03|2025-12-04|2025-12-05|2025-12-08|2025-12-09|2025-12-10|2025-12-11|2025-12-12|2025-12-15|2025-12-16|2025-12-17|2025-12-18|2025-12-19|2025-12-22|2025-12-23|2025-12-24|2025-12-26|2025-12-29|2025-12-30|2025-12-31|2026-01-02|2026-01-05|2026-01-06|2026-01-07|2026-01-08,2026-01-09 14:50:16,0.0
Apollo Global Management,,2025-11-25|2025-11-26|2025-11-28|2025-12-01|2025-12-02|2025-12-03|2025-12-04|2025-12-05|2025-12-08|2025-12-09|2025-12-10|2025-12-11|2025-12-12|2025-12-15|2025-12-16|2025-12-17|2025-12-18|2025-12-19|2025-12-22|2025-12-23|2025-12-24|2025-12-26|2025-12-29|2025-12-30|2025-12-31|2026-01-02|2026-01-05|2026-01-06|2026-01-07|2026-01-08,2026-01-09 14:50:16,0.0
Charles Schwab,,2025-11-25|2025-11-26|2025-11-28|2025-12-01|2025-12-02|2025-12-03|2025-12-04|2025-12-05|2025-12-08|2025-12-09|2025-12-10|2025-12-11|2025-12-12|2025-12-15|2025-12-16|2025-12-17|2025-12-18|2025-12-19|2025-12-22|2025-12-23|2025-12-24|2025-12-26|2025-12-29|2025-12-30|2025-12-31|2026-01-02|2026-01-05|2026-01-06|2026-01-07|2026-01-08,2026-01-09 14:50:16,0.0
McDonalds,,2025-11-25|2025-11-26|2025-11-28|2025-12-01|2025-12-02|2025-12-03|2025-12-04|2025-12-05|2025-12-08|2025-12-09|2025-12-10|2025-12-11|2025-12-12|2025-12-15|2025-12-16|2025-12-17|2025-12-18|2025-12-19|2025-12-22|2025-12-23|2025-12-24|2025-12-26|2025-12-29|2025-12-30|2025-12-31|2026-01-02|2026-01-05|2026-01-06|2026-01-07|2026-01-08,2026-01-09 14:50:16,0.0
Kraft Heinz,,2025-11-25|2025-11-26|2025-11-28|2025-12-01|2025-12-02|2025-12-03|2025-12-04|2025-12-05|2025-12-08|2025-12-09|2025-12-10|2025-12-11|2025-12-12|2025-12-15|2025-12-16|2025-12-17|2025-12-18|2025-12-19|2025-12-22|2025-12-23|2025-12-24|2025-12-26|2025-12-29|2025-12-30|2025-12-31|2026-01-02|2026-01-05|2026-01-06|2026-01-07|2026-01-08,2026-01-09 14:50:16,0.0
Advanced Micro Devices,,2025-11-25|2025-11-26|2025-11-28|2025-12-01|2025-12-02|2025-12-03|2025-12-04|2025-12-05|2025-12-08|2025-12-09|2025-12-10|2025-12-11|2025-12-12|2025-12-15|2025-12-16|2025-12-17|2025-12-18|2025-12-19|2025-12-22|2025-12-23|2025-12-24|2025-12-26|2025-12-29|2025-12-30|2025-12-31|2026-01-02|2026-01-05|2026-01-06|2026-01-07|2026-01-08,2026-01-09 14:50:16,0.0
Truist Financial,,2025-11-25|2025-11-26|2025-11-28|2025-12-01|2025-12-02|2025-12-03|2025-12-04|2025-12-05|2025-12-08|2025-12-09|2025-12-10|2025-12-11|2025-12-12|2025-12-15|2025-12-16|2025-12-17|2025-12-18|2025-12-19|2025-12-22|2025-12-23|2025-12-24|2025-12-26|2025-12-29|2025-12-30|2025-12-31|2026-01-02|2026-01-05|2026-01-06|2026-01-07|2026-01-08,2026-01-09 14:50:16,0.0
Freeport-McMoRan,,2025-11-25|2025-11-26|2025-11-28|2025-12-01|2025-12-02|2025-12-03|2025-12-04|2025-12-05|2025-12-08|2025-12-09|2025-12-10|2025-12-11|2025-12-12|2025-12-15|2025-12-16|2025-12-17|2025-12-18|2025-12-19|2025-12-22|2025-12-23|2025-12-24|2025-12-26|2025-12-29|2025-12-30|2025-12-31|2026-01-02|2026-01-05|2026-01-06|2026-01-07|2026-01-08,2026-01-09 14:50:16,0.0
Micron Technology,,2025-11-25|2025-11-26|2025-11-28|2025-12-01|2025-12-02|2025-12-03|2025-12-04|2025-12-05|2025-12-08|2025-12-09|2025-12-10|2025-12-11|2025-12-12|2025-12-15|2025-12-16|2025-12-17|2025-12-18|2025-12-19|2025-12-22|2025-12-23|2025-12-24|2025-12-26|2025-12-29|2025-12-30|2025-12-31|2026-01-02|2026-01-05|2026-01-06|2026-01-07|2026-01-08,2026-01-09 14:50:16,0.0
Marriott International,,2025-11-25|2025-11-26|2025-11-28|2025-12-01|2025-12-02|2025-12-03|2025-12-04|2025-12-05|2025-12-08|2025-12-09|2025-12-10|2025-12-11|2025-12-12|2025-12-15|2025-12-16|2025-12-17|2025-12-18|2025-12-19|2025-12-22|2025-12-23|2025-12-24|2025-12-26|2025-12-29|2025-12-30|2025-12-31|2026-01-02|2026-01-05|2026-01-06|2026-01-07|2026-01-08,2026-01-09 14:50:16,0.0
Carrier Global,,2025-11-25|2025-11-26|2025-11-28|2025-12-01|2025-12-02|2025-12-03|2025-12-04|2025-12-05|2025-12-08|2025-12-09|2025-12-10|2025-12-11|2025-12-12|2025-12-15|2025-12-16|2025-12-17|2025-12-18|2025-12-19|2025-12-22|2025-12-23|2025-12-24|2025-12-26|2025-12-29|2025-12-30|2025-12-31|2026-01-02|2026-01-05|2026-01-06|2026-01-07|2026-01-08,2026-01-09 14:50:16,0.0
NextEra Energy,,2025-11-25|2025-11-26|2025-11-28|2025-12-01|2025-12-02|2025-12-03|2025-12-04|2025-12-05|2025-12-08|2025-12-09|2025-12-10|2025-12-11|2025-12-12|2025-12-15|2025-12-16|2025-12-17|2025-12-18|2025-12-19|2025-12-22|2025-12-23|2025-12-24|2025-12-26|2025-12-29|2025-12-30|2025-12-31|2026-01-02|2026-01-05|2026-01-06|2026-01-07|2026-01-08,2026-01-09 14:50:16,0.0
3M Company,,2025-11-25|2025-11-26|2025-11-28|2025-12-01|2025-12-02|2025-12-03|2025-12-04|2025-12-05|2025-12-08|2025-12-09|2025-12-10|2025-12-11|2025-12-12|2025-12-15|2025-12-16|2025-12-17|2025-12-18|2025-12-19|2025-12-22|2025-12-23|2025-12-24|2025-12-26|2025-12-29|2025-12-30|2025-12-31|2026-01-02|2026-01-05|2026-01-06|2026-01-07|2026-01-08,2026-01-09 14:50:16,0.0
Marsh & McLennan,,2025-11-25|2025-11-26|2025-11-28|2025-12-01|2025-12-02|2025-12-03|2025-12-04|2025-12-05|2025-12-08|2025-12-09|2025-12-10|2025-12-11|2025-12-12|2025-12-15|2025-12-16|2025-12-17|2025-12-18|2025-12-19|2025-12-22|2025-12-23|2025-12-24|2025-12-26|2025-12-29|2025-12-30|2025-12-31|2026-01-02|2026-01-05|2026-01-06|2026-01-07|2026-01-08,2026-01-09 14:50:16,0.0
Pacific Gas and Electric Company,,2025-11-25|2025-11-26|2025-11-28|2025-12-01|2025-12-02|2025-12-03|2025-12-04|2025-12-05|2025-12-08|2025-12-09|2025-12-10|2025-12-11|2025-12-12|2025-12-15|2025-12-16|2025-12-17|2025-12-18|2025-12-19|2025-12-22|2025-12-23|2025-12-24|2025-12-26|2025-12-29|2025-12-30|2025-12-31|2026-01-02|2026-01-05|2026-01-06|2026-01-07|2026-01-08,2026-01-09 14:50:16,0.0
Union Pacific,,2025-11-25|2025-11-26|2025-11-28|2025-12-01|2025-12-02|2025-12-03|2025-12-04|2025-12-05|2025-12-08|2025-12-09|2025-12-10|2025-12-11|2025-12-12|2025-12-15|2025-12-16|2025-12-17|2025-12-18|2025-12-19|2025-12-22|2025-12-23|2025-12-24|2025-12-26|2025-12-29|2025-12-30|2025-12-31|2026-01-02|2026-01-05|2026-01-06|2026-01-07|2026-01-08,2026-01-09 14:50:16,0.0
Synchrony Financial,,2025-11-25|2025-11-26|2025-11-28|2025-12-01|2025-12-02|2025-12-03|2025-12-04|2025-12-05|2025-12-08|2025-12-09|2025-12-10|2025-12-11|2025-12-12|2025-12-15|2025-12-16|2025-12-17|2025-12-18|2025-12-19|2025-12-22|2025-12-23|2025-12-24|2025-12-26|2025-12-29|2025-12-30|2025-12-31|2026-01-02|2026-01-05|2026-01-06|2026-01-07|2026-01-08,2026-01-09 14:50:16,0.0
Danaher,,2025-11-25|2025-11-26|2025-11-28|2025-12-01|2025-12-02|2025-12-03|2025-12-04|2025-12-05|2025-12-08|2025-12-09|2025-12-10|2025-12-11|2025-12-12|2025-12-15|2025-12-16|2025-12-17|2025-12-18|2025-12-19|2025-12-22|2025-12-23|2025-12-24|2025-12-26|2025-12-29|2025-12-30|2025-12-31|2026-01-02|2026-01-05|2026-01-06|2026-01-07|2026-01-08,2026-01-09 14:50:16,0.0
Avnet,,2025-11-25|2025-11-26|2025-11-28|2025-12-01|2025-12-02|2025-12-03|2025-12-04|2025-12-05|2025-12-08|2025-12-09|2025-12-10|2025-12-11|2025-12-12|2025-12-15|2025-12-16|2025-12-17|2025-12-18|2025-12-19|2025-12-22|2025-12-23|2025-12-24|2025-12-26|2025-12-29|2025-12-30|2025-12-31|2026-01-02|2026-01-05|2026-01-06|2026-01-07|2026-01-08,2026-01-09 14:50:16,0.0
Booking Holdings,,2025-11-25|2025-11-26|2025-11-28|2025-12-01|2025-12-02|2025-12-03|2025-12-04|2025-12-05|2025-12-08|2025-12-09|2025-12-10|2025-12-11|2025-12-12|2025-12-15|2025-12-16|2025-12-17|2025-12-18|2025-12-19|2025-12-22|2025-12-23|2025-12-24|2025-12-26|2025-12-29|2025-12-30|2025-12-31|2026-01-02|2026-01-05|2026-01-06|2026-01-07|2026-01-08,2026-01-09 14:50:16,0.0
EOG Resources,,2025-11-25|2025-11-26|2025-11-28|2025-12-01|2025-12-02|2025-12-03|2025-12-04|2025-12-05|2025-12-08|2025-12-09|2025-12-10|2025-12-11|2025-12-12|2025-12-15|2025-12-16|2025-12-17|2025-12-18|2025-12-19|2025-12-22|2025-12-23|2025-12-24|2025-12-26|2025-12-29|2025-12-30|2025-12-31|2026-01-02|2026-01-05|2026-01-06|2026-01-07|2026-01-08,2026-01-09 14:50:16,0.0
Quanta Services,,2025-11-25|2025-11-26|2025-11-28|2025-12-01|2025-12-02|2025-12-03|2025-12-04|2025-12-05|2025-12-08|2025-12-09|2025-12-10|2025-12-11|2025-12-12|2025-12-15|2025-12-16|2025-12-17|2025-12-18|2025-12-19|2025-12-22|2025-12-23|2025-12-24|2025-12-26|2025-12-29|2025-12-30|2025-12-31|2026-01-02|2026-01-05|2026-01-06|2026-01-07|2026-01-08,2026-01-09 14:50:16,0.0
Constellation Energy,,2025-11-25|2025-11-26|2025-11-28|2025-12-01|2025-12-02|2025-12-03|2025-12-04|2025-12-05|2025-12-08|2025-12-09|2025-12-10|2025-12-11|2025-12-12|2025-12-15|2025-12-16|2025-12-17|2025-12-18|2025-12-19|2025-12-22|2025-12-23|2025-12-24|2025-12-26|2025-12-29|2025-12-30|2025-12-31|2026-01-02|2026-01-05|2026-01-06|2026-01-07|2026-01-08,2026-01-09 14:50:16,0.0
Genuine Parts Company,,2025-11-25|2025-11-26|2025-11-28|2025-12-01|2025-12-02|2025-12-03|2025-12-04|2025-12-05|2025-12-08|2025-12-09|2025-12-10|2025-12-11|2025-12-12|2025-12-15|2025-12-16|2025-12-17|2025-12-18|2025-12-19|2025-12-22|2025-12-23|2025-12-24|2025-12-26|2025-12-29|2025-12-30|2025-12-31|2026-01-02|2026-01-05|2026-01-06|2026-01-07|2026-01-08,2026-01-09 14:50:16,0.0
Jones Lang LaSalle,,2025-11-25|2025-11-26|2025-11-28|2025-12-01|2025-12-02|2025-12-03|2025-12-04|2025-12-05|2025-12-08|2025-12-09|2025-12-10|2025-12-11|2025-12-12|2025-12-15|2025-12-16|2025-12-17|2025-12-18|2025-12-19|2025-12-22|2025-12-23|2025-12-24|2025-12-26|2025-12-29|2025-12-30|2025-12-31|2026-01-02|2026-01-05|2026-01-06|2026-01-07|2026-01-08,2026-01-09 14:50:16,0.0
Lear Corporation,,2025-11-25|2025-11-26|2025-11-28|2025-12-01|2025-12-02|2025-12-03|2025-12-04|2025-12-05|2025-12-08|2025-12-09|2025-12-10|2025-12-11|2025-12-12|2025-12-15|2025-12-16|2025-12-17|2025-12-18|2025-12-19|2025-12-22|2025-12-23|2025-12-24|2025-12-26|2025-12-29|2025-12-30|2025-12-31|2026-01-02|2026-01-05|2026-01-06|2026-01-07|2026-01-08,2026-01-09 14:50:16,0.0
Live Nation Entertainment,,2025-11-25|2025-11-26|2025-11-28|2025-12-01|2025-12-02|2025-12-03|2025-12-04|2025-12-05|2025-12-08|2025-12-09|2025-12-10|2025-12-11|2025-12-12|2025-12-15|2025-12-16|2025-12-17|2025-12-18|2025-12-19|2025-12-22|2025-12-23|2025-12-24|2025-12-26|2025-12-29|2025-12-30|2025-12-31|2026-01-02|2026-01-05|2026-01-06|2026-01-07|2026-01-08,2026-01-09 14:50:16,0.0
Sherwin-Williams,,2025-11-25|2025-11-26|2025-11-28|2025-12-01|2025-12-02|2025-12-03|2025-12-04|2025-12-05|2025-12-08|2025-12-09|2025-12-10|2025-12-11|2025-12-12|2025-12-15|2025-12-16|2025-12-17|2025-12-18|2025-12-19|2025-12-22|2025-12-23|2025-12-24|2025-12-26|2025-12-29|2025-12-30|2025-12-31|2026-01-02|2026-01-05|2026-01-06|2026-01-07|2026-01-08,2026-01-09 14:50:16,0.0
Exelon,,2025-11-25|2025-11-26|2025-11-28|2025-12-01|2025-12-02|2025-12-03|2025-12-04|2025-12-05|2025-12-08|2025-12-09|2025-12-10|2025-12-11|2025-12-12|2025-12-15|2025-12-16|2025-12-17|2025-12-18|2025-12-19|2025-12-22|2025-12-23|2025-12-24|2025-12-26|2025-12-29|2025-12-30|2025-12-31|2026-01-02|2026-01-05|2026-01-06|2026-01-07|2026-01-08,2026-01-09 14:50:16,0.0
Macys,,2025-11-25|2025-11-26|2025-11-28|2025-12-01|2025-12-02|2025-12-03|2025-12-04|2025-12-05|2025-12-08|2025-12-09|2025-12-10|2025-12-11|2025-12-12|2025-12-15|2025-12-16|2025-12-17|2025-12-18|2025-12-19|2025-12-22|2025-12-23|2025-12-24|2025-12-26|2025-12-29|2025-12-30|2025-12-31|2026-01-02|2026-01-05|2026-01-06|2026-01-07|2026-01-08,2026-01-09 14:50:16,0.0
Halliburton,,2025-11-25|2025-11-26|2025-11-28|2025-12-01|2025-12-02|2025-12-03|2025-12-04|2025-12-05|2025-12-08|2025-12-09|2025-12-10|2025-12-11|2025-12-12|2025-12-15|2025-12-16|2025-12-17|2025-12-18|2025-12-19|2025-12-22|2025-12-23|2025-12-24|2025-12-26|2025-12-29|2025-12-30|2025-12-31|2026-01-02|2026-01-05|2026-01-06|2026-01-07|2026-01-08,2026-01-09 14:50:16,0.0
Stryker,,2025-11-25|2025-11-26|2025-11-28|2025-12-01|2025-12-02|2025-12-03|2025-12-04|2025-12-05|2025-12-08|2025-12-09|2025-12-10|2025-12-11|2025-12-12|2025-12-15|2025-12-16|2025-12-17|2025-12-18|2025-12-19|2025-12-22|2025-12-23|2025-12-24|2025-12-26|2025-12-29|2025-12-30|2025-12-31|2026-01-02|2026-01-05|2026-01-06|2026-01-07|2026-01-08,2026-01-09 14:50:16,0.0
Reinsurance Group of America,,2025-11-25|2025-11-26|2025-11-28|2025-12-01|2025-12-02|2025-12-03|2025-12-04|2025-12-05|2025-12-08|2025-12-09|2025-12-10|2025-12-11|2025-12-12|2025-12-15|2025-12-16|2025-12-17|2025-12-18|2025-12-19|2025-12-22|2025-12-23|2025-12-24|2025-12-26|2025-12-29|2025-12-30|2025-12-31|2026-01-02|2026-01-05|2026-01-06|2026-01-07|2026-01-08,2026-01-09 14:50:16,0.0
State Street,,2025-11-25|2025-11-26|2025-11-28|2025-12-01|2025-12-02|2025-12-03|2025-12-04|2025-12-05|2025-12-08|2025-12-09|2025-12-10|2025-12-11|2025-12-12|2025-12-15|2025-12-16|2025-12-17|2025-12-18|2025-12-19|2025-12-22|2025-12-23|2025-12-24|2025-12-26|2025-12-29|2025-12-30|2025-12-31|2026-01-02|2026-01-05|2026-01-06|2026-01-07|2026-01-08,2026-01-09 14:50:16,0.0
WESCO International,,2025-11-25|2025-11-26|2025-11-28|2025-12-01|2025-12-02|2025-12-03|2025-12-04|2025-12-05|2025-12-08|2025-12-09|2025-12-10|2025-12-11|2025-12-12|2025-12-15|2025-12-16|2025-12-17|2025-12-18|2025-12-19|2025-12-22|2025-12-23|2025-12-24|2025-12-26|2025-12-29|2025-12-30|2025-12-31|2026-01-02|2026-01-05|2026-01-06|2026-01-07|2026-01-08,2026-01-09 14:50:16,0.0
Oneok,,2025-11-25|2025-11-26|2025-11-28|2025-12-01|2025-12-02|2025-12-03|2025-12-04|2025-12-05|2025-12-08|2025-12-09|2025-12-10|2025-12-11|2025-12-12|2025-12-15|2025-12-16|2025-12-17|2025-12-18|2025-12-19|2025-12-22|2025-12-23|2025-12-24|2025-12-26|2025-12-29|2025-12-30|2025-12-31|2026-01-02|2026-01-05|2026-01-06|2026-01-07|2026-01-08,2026-01-09 14:50:16,0.0
Adobe,,2025-11-25|2025-11-26|2025-11-28|2025-12-01|2025-12-02|2025-12-03|2025-12-04|2025-12-05|2025-12-08|2025-12-09|2025-12-10|2025-12-11|2025-12-12|2025-12-15|2025-12-16|2025-12-17|2025-12-18|2025-12-19|2025-12-22|2025-12-23|2025-12-24|2025-12-26|2025-12-29|2025-12-30|2025-12-31|2026-01-02|2026-01-05|2026-01-06|2026-01-07|2026-01-08,2026-01-09 14:50:16,0.0
L3Harris Technologies,,2025-11-25|2025-11-26|2025-11-28|2025-12-01|2025-12-02|2025-12-03|2025-12-04|2025-12-05|2025-12-08|2025-12-09|2025-12-10|2025-12-11|2025-12-12|2025-12-15|2025-12-16|2025-12-17|2025-12-18|2025-12-19|2025-12-22|2025-12-23|2025-12-24|2025-12-26|2025-12-29|2025-12-30|2025-12-31|2026-01-02|2026-01-05|2026-01-06|2026-01-07|2026-01-08,2026-01-09 14:50:16,0.0
Ross Stores,,2025-11-25|2025-11-26|2025-11-28|2025-12-01|2025-12-02|2025-12-03|2025-12-04|2025-12-05|2025-12-08|2025-12-09|2025-12-10|2025-12-11|2025-12-12|2025-12-15|2025-12-16|2025-12-17|2025-12-18|2025-12-19|2025-12-22|2025-12-23|2025-12-24|2025-12-26|2025-12-29|2025-12-30|2025-12-31|2026-01-02|2026-01-05|2026-01-06|2026-01-07|2026-01-08,2026-01-09 14:50:16,0.0
CDW,,2025-11-25|2025-11-26|2025-11-28|2025-12-01|2025-12-02|2025-12-03|2025-12-04|2025-12-05|2025-12-08|2025-12-09|2025-12-10|2025-12-11|2025-12-12|2025-12-15|2025-12-16|2025-12-17|2025-12-18|2025-12-19|2025-12-22|2025-12-23|2025-12-24|2025-12-26|2025-12-29|2025-12-30|2025-12-31|2026-01-02|2026-01-05|2026-01-06|2026-01-07|2026-01-08,2026-01-09 14:50:16,0.0
Tenet Healthcare,,2025-11-25|2025-11-26|2025-11-28|2025-12-01|2025-12-02|2025-12-03|2025-12-04|2025-12-05|2025-12-08|2025-12-09|2025-12-10|2025-12-11|2025-12-12|2025-12-15|2025-12-16|2025-12-17|2025-12-18|2025-12-19|2025-12-22|2025-12-23|2025-12-24|2025-12-26|2025-12-29|2025-12-30|2025-12-31|2026-01-02|2026-01-05|2026-01-06|2026-01-07|2026-01-08,2026-01-09 14:50:16,0.0
BJ's Wholesale Club,,2025-11-25|2025-11-26|2025-11-28|2025-12-01|2025-12-02|2025-12-03|2025-12-04|2025-12-05|2025-12-08|2025-12-09|2025-12-10|2025-12-11|2025-12-12|2025-12-15|2025-12-16|2025-12-17|2025-12-18|2025-12-19|2025-12-22|2025-12-23|2025-12-24|2025-12-26|2025-12-29|2025-12-30|2025-12-31|2026-01-02|2026-01-05|2026-01-06|2026-01-07|2026-01-08,2026-01-09 14:50:16,0.0
Fiserv,,2025-11-25|2025-11-26|2025-11-28|2025-12-01|2025-12-02|2025-12-03|2025-12-04|2025-12-05|2025-12-08|2025-12-09|2025-12-10|2025-12-11|2025-12-12|2025-12-15|2025-12-16|2025-12-17|2025-12-18|2025-12-19|2025-12-22|2025-12-23|2025-12-24|2025-12-26|2025-12-29|2025-12-30|2025-12-31|2026-01-02|2026-01-05|2026-01-06|2026-01-07|2026-01-08,2026-01-09 14:50:16,0.0
Altria,,2025-11-25|2025-11-26|2025-11-28|2025-12-01|2025-12-02|2025-12-03|2025-12-04|2025-12-05|2025-12-08|2025-12-09|2025-12-10|2025-12-11|2025-12-12|2025-12-15|2025-12-16|2025-12-17|2025-12-18|2025-12-19|2025-12-22|2025-12-23|2025-12-24|2025-12-26|2025-12-29|2025-12-30|2025-12-31|2026-01-02|2026-01-05|2026-01-06|2026-01-07|2026-01-08,2026-01-09 14:50:16,0.0
BlackRock,,2025-11-25|2025-11-26|2025-11-28|2025-12-01|2025-12-02|2025-12-03|2025-12-04|2025-12-05|2025-12-08|2025-12-09|2025-12-10|2025-12-11|2025-12-12|2025-12-15|2025-12-16|2025-12-17|2025-12-18|2025-12-19|2025-12-22|2025-12-23|2025-12-24|2025-12-26|2025-12-29|2025-12-30|2025-12-31|2026-01-02|2026-01-05|2026-01-06|2026-01-07|2026-01-08,2026-01-09 14:50:16,0.0
Becton Dickinson,,2025-11-25|2025-11-26|2025-11-28|2025-12-01|2025-12-02|2025-12-03|2025-12-04|2025-12-05|2025-12-08|2025-12-09|2025-12-10|2025-12-11|2025-12-12|2025-12-15|2025-12-16|2025-12-17|2025-12-18|2025-12-19|2025-12-22|2025-12-23|2025-12-24|2025-12-26|2025-12-29|2025-12-30|2025-12-31|2026-01-02|2026-01-05|2026-01-06|2026-01-07|2026-01-08,2026-01-09 14:50:16,0.0
Colgate-Palmolive,,2025-11-25|2025-11-26|2025-11-28|2025-12-01|2025-12-02|2025-12-03|2025-12-04|2025-12-05|2025-12-08|2025-12-09|2025-12-10|2025-12-11|2025-12-12|2025-12-15|2025-12-16|2025-12-17|2025-12-18|2025-12-19|2025-12-22|2025-12-23|2025-12-24|2025-12-26|2025-12-29|2025-12-30|2025-12-31|2026-01-02|2026-01-05|2026-01-06|2026-01-07|2026-01-08,2026-01-09 14:50:16,0.0
Kimberly-Clark,,2025-11-25|2025-11-26|2025-11-28|2025-12-01|2025-12-02|2025-12-03|2025-12-04|2025-12-05|2025-12-08|2025-12-09|2025-12-10|2025-12-11|2025-12-12|2025-12-15|2025-12-16|2025-12-17|2025-12-18|2025-12-19|2025-12-22|2025-12-23|2025-12-24|2025-12-26|2025-12-29|2025-12-30|2025-12-31|2026-01-02|2026-01-05|2026-01-06|2026-01-07|2026-01-08,2026-01-09 14:50:16,0.0
Group 1 Automotive,,2025-11-25|2025-11-26|2025-11-28|2025-12-01|2025-12-02|2025-12-03|2025-12-04|2025-12-05|2025-12-08|2025-12-09|2025-12-10|2025-12-11|2025-12-12|2025-12-15|2025-12-16|2025-12-17|2025-12-18|2025-12-19|2025-12-22|2025-12-23|2025-12-24|2025-12-26|2025-12-29|2025-12-30|2025-12-31|2026-01-02|2026-01-05|2026-01-06|2026-01-07|2026-01-08,2026-01-09 14:50:16,0.0
Parker-Hannifin,,2025-11-25|2025-11-26|2025-11-28|2025-12-01|2025-12-02|2025-12-03|2025-12-04|2025-12-05|2025-12-08|2025-12-09|2025-12-10|2025-12-11|2025-12-12|2025-12-15|2025-12-16|2025-12-17|2025-12-18|2025-12-19|2025-12-22|2025-12-23|2025-12-24|2025-12-26|2025-12-29|2025-12-30|2025-12-31|2026-01-02|2026-01-05|2026-01-06|2026-01-07|2026-01-08,2026-01-09 14:50:16,0.0
General Mills,,2025-11-25|2025-11-26|2025-11-28|2025-12-01|2025-12-02|2025-12-03|2025-12-04|2025-12-05|2025-12-08|2025-12-09|2025-12-10|2025-12-11|2025-12-12|2025-12-15|2025-12-16|2025-12-17|2025-12-18|2025-12-19|2025-12-22|2025-12-23|2025-12-24|2025-12-26|2025-12-29|2025-12-30|2025-12-31|2026-01-02|2026-01-05|2026-01-06|2026-01-07|2026-01-08,2026-01-09 14:50:16,0.0
Cognizant Technology Solutions,,2025-11-25|2025-11-26|2025-11-28|2025-12-01|2025-12-02|2025-12-03|2025-12-04|2025-12-05|2025-12-08|2025-12-09|2025-12-10|2025-12-11|2025-12-12|2025-12-15|2025-12-16|2025-12-17|2025-12-18|2025-12-19|2025-12-22|2025-12-23|2025-12-24|2025-12-26|2025-12-29|2025-12-30|2025-12-31|2026-01-02|2026-01-05|2026-01-06|2026-01-07|2026-01-08,2026-01-09 14:50:16,0.0
American Electric Power,,2025-11-25|2025-11-26|2025-11-28|2025-12-01|2025-12-02|2025-12-03|2025-12-04|2025-12-05|2025-12-08|2025-12-09|2025-12-10|2025-12-11|2025-12-12|2025-12-15|2025-12-16|2025-12-17|2025-12-18|2025-12-19|2025-12-22|2025-12-23|2025-12-24|2025-12-26|2025-12-29|2025-12-30|2025-12-31|2026-01-02|2026-01-05|2026-01-06|2026-01-07|2026-01-08,2026-01-09 14:50:16,0.0
GE HealthCare Technologies,,2025-11-25|2025-11-26|2025-11-28|2025-12-01|2025-12-02|2025-12-03|2025-12-04|2025-12-05|2025-12-08|2025-12-09|2025-12-10|2025-12-11|2025-12-12|2025-12-15|2025-12-16|2025-12-17|2025-12-18|2025-12-19|2025-12-22|2025-12-23|2025-12-24|2025-12-26|2025-12-29|2025-12-30|2025-12-31|2026-01-02|2026-01-05|2026-01-06|2026-01-07|2026-01-08,2026-01-09 14:50:16,0.0
Automatic Data Processing,,2025-11-25|2025-11-26|2025-11-28|2025-12-01|2025-12-02|2025-12-03|2025-12-04|2025-12-05|2025-12-08|2025-12-09|2025-12-10|2025-12-11|2025-12-12|2025-12-15|2025-12-16|2025-12-17|2025-12-18|2025-12-19|2025-12-22|2025-12-23|2025-12-24|2025-12-26|2025-12-29|2025-12-30|2025-12-31|2026-01-02|2026-01-05|2026-01-06|2026-01-07|2026-01-08,2026-01-09 14:50:16,0.0
Cleveland-Cliffs,,2025-11-25|2025-11-26|2025-11-28|2025-12-01|2025-12-02|2025-12-03|2025-12-04|2025-12-05|2025-12-08|2025-12-09|2025-12-10|2025-12-11|2025-12-12|2025-12-15|2025-12-16|2025-12-17|2025-12-18|2025-12-19|2025-12-22|2025-12-23|2025-12-24|2025-12-26|2025-12-29|2025-12-30|2025-12-31|2026-01-02|2026-01-05|2026-01-06|2026-01-07|2026-01-08,2026-01-09 14:50:16,0.0
Aflac,,2025-11-25|2025-11-26|2025-11-28|2025-12-01|2025-12-02|2025-12-03|2025-12-04|2025-12-05|2025-12-08|2025-12-09|2025-12-10|2025-12-11|2025-12-12|2025-12-15|2025-12-16|2025-12-17|2025-12-18|2025-12-19|2025-12-22|2025-12-23|2025-12-24|2025-12-26|2025-12-29|2025-12-30|2025-12-31|2026-01-02|2026-01-05|2026-01-06|2026-01-07|2026-01-08,2026-01-09 14:50:16,0.0
Goodyear Tire & Rubber,,2025-11-25|2025-11-26|2025-11-28|2025-12-01|2025-12-02|2025-12-03|2025-12-04|2025-12-05|2025-12-08|2025-12-09|2025-12-10|2025-12-11|2025-12-12|2025-12-15|2025-12-16|2025-12-17|2025-12-18|2025-12-19|2025-12-22|2025-12-23|2025-12-24|2025-12-26|2025-12-29|2025-12-30|2025-12-31|2026-01-02|2026-01-05|2026-01-06|2026-01-07|2026-01-08,2026-01-09 14:50:16,0.0
Corebridge Financial,,2025-11-25|2025-11-26|2025-11-28|2025-12-01|2025-12-02|2025-12-03|2025-12-04|2025-12-05|2025-12-08|2025-12-09|2025-12-10|2025-12-11|2025-12-12|2025-12-15|2025-12-16|2025-12-17|2025-12-18|2025-12-19|2025-12-22|2025-12-23|2025-12-24|2025-12-26|2025-12-29|2025-12-30|2025-12-31|2026-01-02|2026-01-05|2026-01-06|2026-01-07|2026-01-08,2026-01-09 14:50:16,0.0
Newmont,,2025-11-25|2025-11-26|2025-11-28|2025-12-01|2025-12-02|2025-12-03|2025-12-04|2025-12-05|2025-12-08|2025-12-09|2025-12-10|2025-12-11|2025-12-12|2025-12-15|2025-12-16|2025-12-17|2025-12-18|2025-12-19|2025-12-22|2025-12-23|2025-12-24|2025-12-26|2025-12-29|2025-12-30|2025-12-31|2026-01-02|2026-01-05|2026-01-06|2026-01-07|2026-01-08,2026-01-09 14:50:16,0.0
International Paper,,2025-11-25|2025-11-26|2025-11-28|2025-12-01|2025-12-02|2025-12-03|2025-12-04|2025-12-05|2025-12-08|2025-12-09|2025-12-10|2025-12-11|2025-12-12|2025-12-15|2025-12-16|2025-12-17|2025-12-18|2025-12-19|2025-12-22|2025-12-23|2025-12-24|2025-12-26|2025-12-29|2025-12-30|2025-12-31|2026-01-02|2026-01-05|2026-01-06|2026-01-07|2026-01-08,2026-01-09 14:50:16,0.0
AutoZone,,2025-11-25|2025-11-26|2025-11-28|2025-12-01|2025-12-02|2025-12-03|2025-12-04|2025-12-05|2025-12-08|2025-12-09|2025-12-10|2025-12-11|2025-12-12|2025-12-15|2025-12-16|2025-12-17|2025-12-18|2025-12-19|2025-12-22|2025-12-23|2025-12-24|2025-12-26|2025-12-29|2025-12-30|2025-12-31|2026-01-02|2026-01-05|2026-01-06|2026-01-07|2026-01-08,2026-01-09 14:50:16,0.0
Lincoln National,,2025-11-25|2025-11-26|2025-11-28|2025-12-01|2025-12-02|2025-12-03|2025-12-04|2025-12-05|2025-12-08|2025-12-09|2025-12-10|2025-12-11|2025-12-12|2025-12-15|2025-12-16|2025-12-17|2025-12-18|2025-12-19|2025-12-22|2025-12-23|2025-12-24|2025-12-26|2025-12-29|2025-12-30|2025-12-31|2026-01-02|2026-01-05|2026-01-06|2026-01-07|2026-01-08,2026-01-09 14:50:16,0.0
PulteGroup,,2025-11-25|2025-11-26|2025-11-28|2025-12-01|2025-12-02|2025-12-03|2025-12-04|2025-12-05|2025-12-08|2025-12-09|2025-12-10|2025-12-11|2025-12-12|2025-12-15|2025-12-16|2025-12-17|2025-12-18|2025-12-19|2025-12-22|2025-12-23|2025-12-24|2025-12-26|2025-12-29|2025-12-30|2025-12-31|2026-01-02|2026-01-05|2026-01-06|2026-01-07|2026-01-08,2026-01-09 14:50:16,0.0
Ameriprise Financial,,2025-11-25|2025-11-26|2025-11-28|2025-12-01|2025-12-02|2025-12-03|2025-12-04|2025-12-05|2025-12-08|2025-12-09|2025-12-10|2025-12-11|2025-12-12|2025-12-15|2025-12-16|2025-12-17|2025-12-18|2025-12-19|2025-12-22|2025-12-23|2025-12-24|2025-12-26|2025-12-29|2025-12-30|2025-12-31|2026-01-02|2026-01-05|2026-01-06|2026-01-07|2026-01-08,2026-01-09 14:50:16,0.0
Murphy USA,,2025-11-25|2025-11-26|2025-11-28|2025-12-01|2025-12-02|2025-12-03|2025-12-04|2025-12-05|2025-12-08|2025-12-09|2025-12-10|2025-12-11|2025-12-12|2025-12-15|2025-12-16|2025-12-17|2025-12-18|2025-12-19|2025-12-22|2025-12-23|2025-12-24|2025-12-26|2025-12-29|2025-12-30|2025-12-31|2026-01-02|2026-01-05|2026-01-06|2026-01-07|2026-01-08,2026-01-09 14:50:16,0.0
ManpowerGroup,,2025-11-25|2025-11-26|2025-11-28|2025-12-01|2025-12-02|2025-12-03|2025-12-04|2025-12-05|2025-12-08|2025-12-09|2025-12-10|2025-12-11|2025-12-12|2025-12-15|2025-12-16|2025-12-17|2025-12-18|2025-12-19|2025-12-22|2025-12-23|2025-12-24|2025-12-26|2025-12-29|2025-12-30|2025-12-31|2026-01-02|2026-01-05|2026-01-06|2026-01-07|2026-01-08,2026-01-09 14:50:16,0.0
CH Robinson Worldwide,,2025-11-25|2025-11-26|2025-11-28|2025-12-01|2025-12-02|2025-12-03|2025-12-04|2025-12-05|2025-12-08|2025-12-09|2025-12-10|2025-12-11|2025-12-12|2025-12-15|2025-12-16|2025-12-17|2025-12-18|2025-12-19|2025-12-22|2025-12-23|2025-12-24|2025-12-26|2025-12-29|2025-12-30|2025-12-31|2026-01-02|2026-01-05|2026-01-06|2026-01-07|2026-01-08,2026-01-09 14:50:16,0.0
PPG Industries,,2025-11-25|2025-11-26|2025-11-28|2025-12-01|2025-12-02|2025-12-03|2025-12-04|2025-12-05|2025-12-08|2025-12-09|2025-12-10|2025-12-11|2025-12-12|2025-12-15|2025-12-16|2025-12-17|2025-12-18|2025-12-19|2025-12-22|2025-12-23|2025-12-24|2025-12-26|2025-12-29|2025-12-30|2025-12-31|2026-01-02|2026-01-05|2026-01-06|2026-01-07|2026-01-08,2026-01-09 14:50:16,0.0
Edison International,,2025-11-25|2025-11-26|2025-11-28|2025-12-01|2025-12-02|2025-12-03|2025-12-04|2025-12-05|2025-12-08|2025-12-09|2025-12-10|2025-12-11|2025-12-12|2025-12-15|2025-12-16|2025-12-17|2025-12-18|2025-12-19|2025-12-22|2025-12-23|2025-12-24|2025-12-26|2025-12-29|2025-12-30|2025-12-31|2026-01-02|2026-01-05|2026-01-06|2026-01-07|2026-01-08,2026-01-09 14:50:16,0.0
Steel Dynamics,,2025-11-25|2025-11-26|2025-11-28|2025-12-01|2025-12-02|2025-12-03|2025-12-04|2025-12-05|2025-12-08|2025-12-09|2025-12-10|2025-12-11|2025-12-12|2025-12-15|2025-12-16|2025-12-17|2025-12-18|2025-12-19|2025-12-22|2025-12-23|2025-12-24|2025-12-26|2025-12-29|2025-12-30|2025-12-31|2026-01-02|2026-01-05|2026-01-06|2026-01-07|2026-01-08,2026-01-09 14:50:16,0.0
Loews,,2025-11-25|2025-11-26|2025-11-28|2025-12-01|2025-12-02|2025-12-03|2025-12-04|2025-12-05|2025-12-08|2025-12-09|2025-12-10|2025-12-11|2025-12-12|2025-12-15|2025-12-16|2025-12-17|2025-12-18|2025-12-19|2025-12-22|2025-12-23|2025-12-24|2025-12-26|2025-12-29|2025-12-30|2025-12-31|2026-01-02|2026-01-05|2026-01-06|2026-01-07|2026-01-08,2026-01-09 14:50:16,0.0
Emerson Electric,,2025-11-25|2025-11-26|2025-11-28|2025-12-01|2025-12-02|2025-12-03|2025-12-04|2025-12-05|2025-12-08|2025-12-09|2025-12-10|2025-12-11|2025-12-12|2025-12-15|2025-12-16|2025-12-17|2025-12-18|2025-12-19|2025-12-22|2025-12-23|2025-12-24|2025-12-26|2025-12-29|2025-12-30|2025-12-31|2026-01-02|2026-01-05|2026-01-06|2026-01-07|2026-01-08,2026-01-09 14:50:16,0.0
Aramark,,2025-11-25|2025-11-26|2025-11-28|2025-12-01|2025-12-02|2025-12-03|2025-12-04|2025-12-05|2025-12-08|2025-12-09|2025-12-10|2025-12-11|2025-12-12|2025-12-15|2025-12-16|2025-12-17|2025-12-18|2025-12-19|2025-12-22|2025-12-23|2025-12-24|2025-12-26|2025-12-29|2025-12-30|2025-12-31|2026-01-02|2026-01-05|2026-01-06|2026-01-07|2026-01-08,2026-01-09 14:50:16,0.0
MGM Resorts International,,2025-11-25|2025-11-26|2025-11-28|2025-12-01|2025-12-02|2025-12-03|2025-12-04|2025-12-05|2025-12-08|2025-12-09|2025-12-10|2025-12-11|2025-12-12|2025-12-15|2025-12-16|2025-12-17|2025-12-18|2025-12-19|2025-12-22|2025-12-23|2025-12-24|2025-12-26|2025-12-29|2025-12-30|2025-12-31|2026-01-02|2026-01-05|2026-01-06|2026-01-07|2026-01-08,2026-01-09 14:50:16,0.0
Vistra,,2025-11-25|2025-11-26|2025-11-28|2025-12-01|2025-12-02|2025-12-03|2025-12-04|2025-12-05|2025-12-08|2025-12-09|2025-12-10|2025-12-11|2025-12-12|2025-12-15|2025-12-16|2025-12-17|2025-12-18|2025-12-19|2025-12-22|2025-12-23|2025-12-24|2025-12-26|2025-12-29|2025-12-30|2025-12-31|2026-01-02|2026-01-05|2026-01-06|2026-01-07|2026-01-08,2026-01-09 14:50:16,0.0
Asbury Automotive Group,,2025-11-25|2025-11-26|2025-11-28|2025-12-01|2025-12-02|2025-12-03|2025-12-04|2025-12-05|2025-12-08|2025-12-09|2025-12-10|2025-12-11|2025-12-12|2025-12-15|2025-12-16|2025-12-17|2025-12-18|2025-12-19|2025-12-22|2025-12-23|2025-12-24|2025-12-26|2025-12-29|2025-12-30|2025-12-31|2026-01-02|2026-01-05|2026-01-06|2026-01-07|2026-01-08,2026-01-09 14:50:16,0.0
WW Grainger,,2025-11-25|2025-11-26|2025-11-28|2025-12-01|2025-12-02|2025-12-03|2025-12-04|2025-12-05|2025-12-08|2025-12-09|2025-12-10|2025-12-11|2025-12-12|2025-12-15|2025-12-16|2025-12-17|2025-12-18|2025-12-19|2025-12-22|2025-12-23|2025-12-24|2025-12-26|2025-12-29|2025-12-30|2025-12-31|2026-01-02|2026-01-05|2026-01-06|2026-01-07|2026-01-08,2026-01-09 14:50:16,0.0
Global Partners,,2025-11-25|2025-11-26|2025-11-28|2025-12-01|2025-12-02|2025-12-03|2025-12-04|2025-12-05|2025-12-08|2025-12-09|2025-12-10|2025-12-11|2025-12-12|2025-12-15|2025-12-16|2025-12-17|2025-12-18|2025-12-19|2025-12-22|2025-12-23|2025-12-24|2025-12-26|2025-12-29|2025-12-30|2025-12-31|2026-01-02|2026-01-05|2026-01-06|2026-01-07|2026-01-08,2026-01-09 14:50:16,0.0
Jacobs Solutions,,2025-11-25|2025-11-26|2025-11-28|2025-12-01|2025-12-02|2025-12-03|2025-12-04|2025-12-05|2025-12-08|2025-12-09|2025-12-10|2025-12-11|2025-12-12|2025-12-15|2025-12-16|2025-12-17|2025-12-18|2025-12-19|2025-12-22|2025-12-23|2025-12-24|2025-12-26|2025-12-29|2025-12-30|2025-12-31|2026-01-02|2026-01-05|2026-01-06|2026-01-07|2026-01-08,2026-01-09 14:50:16,0.0
Corteva,,2025-11-25|2025-11-26|2025-11-28|2025-12-01|2025-12-02|2025-12-03|2025-12-04|2025-12-05|2025-12-08|2025-12-09|2025-12-10|2025-12-11|2025-12-12|2025-12-15|2025-12-16|2025-12-17|2025-12-18|2025-12-19|2025-12-22|2025-12-23|2025-12-24|2025-12-26|2025-12-29|2025-12-30|2025-12-31|2026-01-02|2026-01-05|2026-01-06|2026-01-07|2026-01-08,2026-01-09 14:50:16,0.0
Boston Scientific,,2025-11-25|2025-11-26|2025-11-28|2025-12-01|2025-12-02|2025-12-03|2025-12-04|2025-12-05|2025-12-08|2025-12-09|2025-12-10|2025-12-11|2025-12-12|2025-12-15|2025-12-16|2025-12-17|2025-12-18|2025-12-19|2025-12-22|2025-12-23|2025-12-24|2025-12-26|2025-12-29|2025-12-30|2025-12-31|2026-01-02|2026-01-05|2026-01-06|2026-01-07|2026-01-08,2026-01-09 14:50:16,0.0
O'Reilly Automotive,,2025-11-25|2025-11-26|2025-11-28|2025-12-01|2025-12-02|2025-12-03|2025-12-04|2025-12-05|2025-12-08|2025-12-09|2025-12-10|2025-12-11|2025-12-12|2025-12-15|2025-12-16|2025-12-17|2025-12-18|2025-12-19|2025-12-22|2025-12-23|2025-12-24|2025-12-26|2025-12-29|2025-12-30|2025-12-31|2026-01-02|2026-01-05|2026-01-06|2026-01-07|2026-01-08,2026-01-09 14:50:16,0.0
Leidos,,2025-11-25|2025-11-26|2025-11-28|2025-12-01|2025-12-02|2025-12-03|2025-12-04|2025-12-05|2025-12-08|2025-12-09|2025-12-10|2025-12-11|2025-12-12|2025-12-15|2025-12-16|2025-12-17|2025-12-18|2025-12-19|2025-12-22|2025-12-23|2025-12-24|2025-12-26|2025-12-29|2025-12-30|2025-12-31|2026-01-02|2026-01-05|2026-01-06|2026-01-07|2026-01-08,2026-01-09 14:50:16,0.0
Markel Group,,2025-11-25|2025-11-26|2025-11-28|2025-12-01|2025-12-02|2025-12-03|2025-12-04|2025-12-05|2025-12-08|2025-12-09|2025-12-10|2025-12-11|2025-12-12|2025-12-15|2025-12-16|2025-12-17|2025-12-18|2025-12-19|2025-12-22|2025-12-23|2025-12-24|2025-12-26|2025-12-29|2025-12-30|2025-12-31|2026-01-02|2026-01-05|2026-01-06|2026-01-07|2026-01-08,2026-01-09 14:50:16,0.0
Whirlpool,,2025-11-25|2025-11-26|2025-11-28|2025-12-01|2025-12-02|2025-12-03|2025-12-04|2025-12-05|2025-12-08|2025-12-09|2025-12-10|2025-12-11|2025-12-12|2025-12-15|2025-12-16|2025-12-17|2025-12-18|2025-12-19|2025-12-22|2025-12-23|2025-12-24|2025-12-26|2025-12-29|2025-12-30|2025-12-31|2026-01-02|2026-01-05|2026-01-06|2026-01-07|2026-01-08,2026-01-09 14:50:16,0.0
Builders FirstSource,,2025-11-25|2025-11-26|2025-11-28|2025-12-01|2025-12-02|2025-12-03|2025-12-04|2025-12-05|2025-12-08|2025-12-09|2025-12-10|2025-12-11|2025-12-12|2025-12-15|2025-12-16|2025-12-17|2025-12-18|2025-12-19|2025-12-22|2025-12-23|2025-12-24|2025-12-26|2025-12-29|2025-12-30|2025-12-31|2026-01-02|2026-01-05|2026-01-06|2026-01-07|2026-01-08,2026-01-09 14:50:16,0.0
Ally Financial,,2025-11-25|2025-11-26|2025-11-28|2025-12-01|2025-12-02|2025-12-03|2025-12-04|2025-12-05|2025-12-08|2025-12-09|2025-12-10|2025-12-11|2025-12-12|2025-12-15|2025-12-16|2025-12-17|2025-12-18|2025-12-19|2025-12-22|2025-12-23|2025-12-24|2025-12-26|2025-12-29|2025-12-30|2025-12-31|2026-01-02|2026-01-05|2026-01-06|2026-01-07|2026-01-08,2026-01-09 14:50:16,0.0
Targa Resources,,2025-11-25|2025-11-26|2025-11-28|2025-12-01|2025-12-02|2025-12-03|2025-12-04|2025-12-05|2025-12-08|2025-12-09|2025-12-10|2025-12-11|2025-12-12|2025-12-15|2025-12-16|2025-12-17|2025-12-18|2025-12-19|2025-12-22|2025-12-23|2025-12-24|2025-12-26|2025-12-29|2025-12-30|2025-12-31|2026-01-02|2026-01-05|2026-01-06|2026-01-07|2026-01-08,2026-01-09 14:50:16,0.0
Fluor,,2025-11-25|2025-11-26|2025-11-28|2025-12-01|2025-12-02|2025-12-03|2025-12-04|2025-12-05|2025-12-08|2025-12-09|2025-12-10|2025-12-11|2025-12-12|2025-12-15|2025-12-16|2025-12-17|2025-12-18|2025-12-19|2025-12-22|2025-12-23|2025-12-24|2025-12-26|2025-12-29|2025-12-30|2025-12-31|2026-01-02|2026-01-05|2026-01-06|2026-01-07|2026-01-08,2026-01-09 14:50:16,0.0
Intuit,,2025-11-25|2025-11-26|2025-11-28|2025-12-01|2025-12-02|2025-12-03|2025-12-04|2025-12-05|2025-12-08|2025-12-09|2025-12-10|2025-12-11|2025-12-12|2025-12-15|2025-12-16|2025-12-17|2025-12-18|2025-12-19|2025-12-22|2025-12-23|2025-12-24|2025-12-26|2025-12-29|2025-12-30|2025-12-31|2026-01-02|2026-01-05|2026-01-06|2026-01-07|2026-01-08,2026-01-09 14:50:16,0.0
AECOM,,2025-11-25|2025-11-26|2025-11-28|2025-12-01|2025-12-02|2025-12-03|2025-12-04|2025-12-05|2025-12-08|2025-12-09|2025-12-10|2025-12-11|2025-12-12|2025-12-15|2025-12-16|2025-12-17|2025-12-18|2025-12-19|2025-12-22|2025-12-23|2025-12-24|2025-12-26|2025-12-29|2025-12-30|2025-12-31|2026-01-02|2026-01-05|2026-01-06|2026-01-07|2026-01-08,2026-01-09 14:50:16,0.0
Kohl's,,2025-11-25|2025-11-26|2025-11-28|2025-12-01|2025-12-02|2025-12-03|2025-12-04|2025-12-05|2025-12-08|2025-12-09|2025-12-10|2025-12-11|2025-12-12|2025-12-15|2025-12-16|2025-12-17|2025-12-18|2025-12-19|2025-12-22|2025-12-23|2025-12-24|2025-12-26|2025-12-29|2025-12-30|2025-12-31|2026-01-02|2026-01-05|2026-01-06|2026-01-07|2026-01-08,2026-01-09 14:50:16,0.0
PrIncipal Financial,,2025-11-25|2025-11-26|2025-11-28|2025-12-01|2025-12-02|2025-12-03|2025-12-04|2025-12-05|2025-12-08|2025-12-09|2025-12-10|2025-12-11|2025-12-12|2025-12-15|2025-12-16|2025-12-17|2025-12-18|2025-12-19|2025-12-22|2025-12-23|2025-12-24|2025-12-26|2025-12-29|2025-12-30|2025-12-31|2026-01-02|2026-01-05|2026-01-06|2026-01-07|2026-01-08,2026-01-09 14:50:16,0.0
Dominion Energy,,2025-11-25|2025-11-26|2025-11-28|2025-12-01|2025-12-02|2025-12-03|2025-12-04|2025-12-05|2025-12-08|2025-12-09|2025-12-10|2025-12-11|2025-12-12|2025-12-15|2025-12-16|2025-12-17|2025-12-18|2025-12-19|2025-12-22|2025-12-23|2025-12-24|2025-12-26|2025-12-29|2025-12-30|2025-12-31|2026-01-02|2026-01-05|2026-01-06|2026-01-07|2026-01-08,2026-01-09 14:50:16,0.0
Kyndryl,,2025-11-25|2025-11-26|2025-11-28|2025-12-01|2025-12-02|2025-12-03|2025-12-04|2025-12-05|2025-12-08|2025-12-09|2025-12-10|2025-12-11|2025-12-12|2025-12-15|2025-12-16|2025-12-17|2025-12-18|2025-12-19|2025-12-22|2025-12-23|2025-12-24|2025-12-26|2025-12-29|2025-12-30|2025-12-31|2026-01-02|2026-01-05|2026-01-06|2026-01-07|2026-01-08,2026-01-09 14:50:16,0.0
Republic Services,,2025-11-25|2025-11-26|2025-11-28|2025-12-01|2025-12-02|2025-12-03|2025-12-04|2025-12-05|2025-12-08|2025-12-09|2025-12-10|2025-12-11|2025-12-12|2025-12-15|2025-12-16|2025-12-17|2025-12-18|2025-12-19|2025-12-22|2025-12-23|2025-12-24|2025-12-26|2025-12-29|2025-12-30|2025-12-31|2026-01-02|2026-01-05|2026-01-06|2026-01-07|2026-01-08,2026-01-09 14:50:16,0.0
Devon Energy,,2025-11-25|2025-11-26|2025-11-28|2025-12-01|2025-12-02|2025-12-03|2025-12-04|2025-12-05|2025-12-08|2025-12-09|2025-12-10|2025-12-11|2025-12-12|2025-12-15|2025-12-16|2025-12-17|2025-12-18|2025-12-19|2025-12-22|2025-12-23|2025-12-24|2025-12-26|2025-12-29|2025-12-30|2025-12-31|2026-01-02|2026-01-05|2026-01-06|2026-01-07|2026-01-08,2026-01-09 14:50:16,0.0
Illinois Tool Works,,2025-11-25|2025-11-26|2025-11-28|2025-12-01|2025-12-02|2025-12-03|2025-12-04|2025-12-05|2025-12-08|2025-12-09|2025-12-10|2025-12-11|2025-12-12|2025-12-15|2025-12-16|2025-12-17|2025-12-18|2025-12-19|2025-12-22|2025-12-23|2025-12-24|2025-12-26|2025-12-29|2025-12-30|2025-12-31|2026-01-02|2026-01-05|2026-01-06|2026-01-07|2026-01-08,2026-01-09 14:50:16,0.0
Northern Trust,,2025-11-25|2025-11-26|2025-11-28|2025-12-01|2025-12-02|2025-12-03|2025-12-04|2025-12-05|2025-12-08|2025-12-09|2025-12-10|2025-12-11|2025-12-12|2025-12-15|2025-12-16|2025-12-17|2025-12-18|2025-12-19|2025-12-22|2025-12-23|2025-12-24|2025-12-26|2025-12-29|2025-12-30|2025-12-31|2026-01-02|2026-01-05|2026-01-06|2026-01-07|2026-01-08,2026-01-09 14:50:16,0.0
Universal Health Services,,2025-11-25|2025-11-26|2025-11-28|2025-12-01|2025-12-02|2025-12-03|2025-12-04|2025-12-05|2025-12-08|2025-12-09|2025-12-10|2025-12-11|2025-12-12|2025-12-15|2025-12-16|2025-12-17|2025-12-18|2025-12-19|2025-12-22|2025-12-23|2025-12-24|2025-12-26|2025-12-29|2025-12-30|2025-12-31|2026-01-02|2026-01-05|2026-01-06|2026-01-07|2026-01-08,2026-01-09 14:50:16,0.0
EchoStar,,2025-11-25|2025-11-26|2025-11-28|2025-12-01|2025-12-02|2025-12-03|2025-12-04|2025-12-05|2025-12-08|2025-12-09|2025-12-10|2025-12-11|2025-12-12|2025-12-15|2025-12-16|2025-12-17|2025-12-18|2025-12-19|2025-12-22|2025-12-23|2025-12-24|2025-12-26|2025-12-29|2025-12-30|2025-12-31|2026-01-02|2026-01-05|2026-01-06|2026-01-07|2026-01-08,2026-01-09 14:50:16,0.0
Ecolab,,2025-11-25|2025-11-26|2025-11-28|2025-12-01|2025-12-02|2025-12-03|2025-12-04|2025-12-05|2025-12-08|2025-12-09|2025-12-10|2025-12-11|2025-12-12|2025-12-15|2025-12-16|2025-12-17|2025-12-18|2025-12-19|2025-12-22|2025-12-23|2025-12-24|2025-12-26|2025-12-29|2025-12-30|2025-12-31|2026-01-02|2026-01-05|2026-01-06|2026-01-07|2026-01-08,2026-01-09 14:50:16,0.0
Cheniere Energy,,2025-11-25|2025-11-26|2025-11-28|2025-12-01|2025-12-02|2025-12-03|2025-12-04|2025-12-05|2025-12-08|2025-12-09|2025-12-10|2025-12-11|2025-12-12|2025-12-15|2025-12-16|2025-12-17|2025-12-18|2025-12-19|2025-12-22|2025-12-23|2025-12-24|2025-12-26|2025-12-29|2025-12-30|2025-12-31|2026-01-02|2026-01-05|2026-01-06|2026-01-07|2026-01-08,2026-01-09 14:50:16,0.0
Omnicom Group,,2025-11-25|2025-11-26|2025-11-28|2025-12-01|2025-12-02|2025-12-03|2025-12-04|2025-12-05|2025-12-08|2025-12-09|2025-12-10|2025-12-11|2025-12-12|2025-12-15|2025-12-16|2025-12-17|2025-12-18|2025-12-19|2025-12-22|2025-12-23|2025-12-24|2025-12-26|2025-12-29|2025-12-30|2025-12-31|2026-01-02|2026-01-05|2026-01-06|2026-01-07|2026-01-08,2026-01-09 14:50:16,0.0
Texas Instruments,,2025-11-25|2025-11-26|2025-11-28|2025-12-01|2025-12-02|2025-12-03|2025-12-04|2025-12-05|2025-12-08|2025-12-09|2025-12-10|2025-12-11|2025-12-12|2025-12-15|2025-12-16|2025-12-17|2025-12-18|2025-12-19|2025-12-22|2025-12-23|2025-12-24|2025-12-26|2025-12-29|2025-12-30|2025-12-31|2026-01-02|2026-01-05|2026-01-06|2026-01-07|2026-01-08,2026-01-09 14:50:16,0.0
Estée Lauder,,2025-11-25|2025-11-26|2025-11-28|2025-12-01|2025-12-02|2025-12-03|2025-12-04|2025-12-05|2025-12-08|2025-12-09|2025-12-10|2025-12-11|2025-12-12|2025-12-15|2025-12-16|2025-12-17|2025-12-18|2025-12-19|2025-12-22|2025-12-23|2025-12-24|2025-12-26|2025-12-29|2025-12-30|2025-12-31|2026-01-02|2026-01-05|2026-01-06|2026-01-07|2026-01-08,2026-01-09 14:50:16,0.0
Kenvue,,2025-11-25|2025-11-26|2025-11-28|2025-12-01|2025-12-02|2025-12-03|2025-12-04|2025-12-05|2025-12-08|2025-12-09|2025-12-10|2025-12-11|2025-12-12|2025-12-15|2025-12-16|2025-12-17|2025-12-18|2025-12-19|2025-12-22|2025-12-23|2025-12-24|2025-12-26|2025-12-29|2025-12-30|2025-12-31|2026-01-02|2026-01-05|2026-01-06|2026-01-07|2026-01-08,2026-01-09 14:50:16,0.0
IQVIA,,2025-11-25|2025-11-26|2025-11-28|2025-12-01|2025-12-02|2025-12-03|2025-12-04|2025-12-05|2025-12-08|2025-12-09|2025-12-10|2025-12-11|2025-12-12|2025-12-15|2025-12-16|2025-12-17|2025-12-18|2025-12-19|2025-12-22|2025-12-23|2025-12-24|2025-12-26|2025-12-29|2025-12-30|2025-12-31|2026-01-02|2026-01-05|2026-01-06|2026-01-07|2026-01-08,2026-01-09 14:50:16,0.0
Stanley Black & Decker,,2025-11-25|2025-11-26|2025-11-28|2025-12-01|2025-12-02|2025-12-03|2025-12-04|2025-12-05|2025-12-08|2025-12-09|2025-12-10|2025-12-11|2025-12-12|2025-12-15|2025-12-16|2025-12-17|2025-12-18|2025-12-19|2025-12-22|2025-12-23|2025-12-24|2025-12-26|2025-12-29|2025-12-30|2025-12-31|2026-01-02|2026-01-05|2026-01-06|2026-01-07|2026-01-08,2026-01-09 14:50:16,0.0
Keurig Dr Pepper,,2025-11-25|2025-11-26|2025-11-28|2025-12-01|2025-12-02|2025-12-03|2025-12-04|2025-12-05|2025-12-08|2025-12-09|2025-12-10|2025-12-11|2025-12-12|2025-12-15|2025-12-16|2025-12-17|2025-12-18|2025-12-19|2025-12-22|2025-12-23|2025-12-24|2025-12-26|2025-12-29|2025-12-30|2025-12-31|2026-01-02|2026-01-05|2026-01-06|2026-01-07|2026-01-08,2026-01-09 14:50:16,0.0
United Rentals,,2025-11-25|2025-11-26|2025-11-28|2025-12-01|2025-12-02|2025-12-03|2025-12-04|2025-12-05|2025-12-08|2025-12-09|2025-12-10|2025-12-11|2025-12-12|2025-12-15|2025-12-16|2025-12-17|2025-12-18|2025-12-19|2025-12-22|2025-12-23|2025-12-24|2025-12-26|2025-12-29|2025-12-30|2025-12-31|2026-01-02|2026-01-05|2026-01-06|2026-01-07|2026-01-08,2026-01-09 14:50:16,0.0
Consolidated Edison,,2025-11-25|2025-11-26|2025-11-28|2025-12-01|2025-12-02|2025-12-03|2025-12-04|2025-12-05|2025-12-08|2025-12-09|2025-12-10|2025-12-11|2025-12-12|2025-12-15|2025-12-16|2025-12-17|2025-12-18|2025-12-19|2025-12-22|2025-12-23|2025-12-24|2025-12-26|2025-12-29|2025-12-30|2025-12-31|2026-01-02|2026-01-05|2026-01-06|2026-01-07|2026-01-08,2026-01-09 14:50:16,0.0
Amphenol,,2025-11-25|2025-11-26|2025-11-28|2025-12-01|2025-12-02|2025-12-03|2025-12-04|2025-12-05|2025-12-08|2025-12-09|2025-12-10|2025-12-11|2025-12-12|2025-12-15|2025-12-16|2025-12-17|2025-12-18|2025-12-19|2025-12-22|2025-12-23|2025-12-24|2025-12-26|2025-12-29|2025-12-30|2025-12-31|2026-01-02|2026-01-05|2026-01-06|2026-01-07|2026-01-08,2026-01-09 14:50:16,0.0
Baxter International,,2025-11-25|2025-11-26|2025-11-28|2025-12-01|2025-12-02|2025-12-03|2025-12-04|2025-12-05|2025-12-08|2025-12-09|2025-12-10|2025-12-11|2025-12-12|2025-12-15|2025-12-16|2025-12-17|2025-12-18|2025-12-19|2025-12-22|2025-12-23|2025-12-24|2025-12-26|2025-12-29|2025-12-30|2025-12-31|2026-01-02|2026-01-05|2026-01-06|2026-01-07|2026-01-08,2026-01-09 14:50:16,0.0
Kinder Morgan,,2025-11-25|2025-11-26|2025-11-28|2025-12-01|2025-12-02|2025-12-03|2025-12-04|2025-12-05|2025-12-08|2025-12-09|2025-12-10|2025-12-11|2025-12-12|2025-12-15|2025-12-16|2025-12-17|2025-12-18|2025-12-19|2025-12-22|2025-12-23|2025-12-24|2025-12-26|2025-12-29|2025-12-30|2025-12-31|2026-01-02|2026-01-05|2026-01-06|2026-01-07|2026-01-08,2026-01-09 14:50:16,0.0
First Citizens BancShares,,2025-11-25|2025-11-26|2025-11-28|2025-12-01|2025-12-02|2025-12-03|2025-12-04|2025-12-05|2025-12-08|2025-12-09|2025-12-10|2025-12-11|2025-12-12|2025-12-15|2025-12-16|2025-12-17|2025-12-18|2025-12-19|2025-12-22|2025-12-23|2025-12-24|2025-12-26|2025-12-29|2025-12-30|2025-12-31|2026-01-02|2026-01-05|2026-01-06|2026-01-07|2026-01-08,2026-01-09 14:50:16,0.0
Raymond James Financial,,2025-11-25|2025-11-26|2025-11-28|2025-12-01|2025-12-02|2025-12-03|2025-12-04|2025-12-05|2025-12-08|2025-12-09|2025-12-10|2025-12-11|2025-12-12|2025-12-15|2025-12-16|2025-12-17|2025-12-18|2025-12-19|2025-12-22|2025-12-23|2025-12-24|2025-12-26|2025-12-29|2025-12-30|2025-12-31|2026-01-02|2026-01-05|2026-01-06|2026-01-07|2026-01-08,2026-01-09 14:50:16,0.0
Lam Research,,2025-11-25|2025-11-26|2025-11-28|2025-12-01|2025-12-02|2025-12-03|2025-12-04|2025-12-05|2025-12-08|2025-12-09|2025-12-10|2025-12-11|2025-12-12|2025-12-15|2025-12-16|2025-12-17|2025-12-18|2025-12-19|2025-12-22|2025-12-23|2025-12-24|2025-12-26|2025-12-29|2025-12-30|2025-12-31|2026-01-02|2026-01-05|2026-01-06|2026-01-07|2026-01-08,2026-01-09 14:50:16,0.0
Tractor Supply,,2025-11-25|2025-11-26|2025-11-28|2025-12-01|2025-12-02|2025-12-03|2025-12-04|2025-12-05|2025-12-08|2025-12-09|2025-12-10|2025-12-11|2025-12-12|2025-12-15|2025-12-16|2025-12-17|2025-12-18|2025-12-19|2025-12-22|2025-12-23|2025-12-24|2025-12-26|2025-12-29|2025-12-30|2025-12-31|2026-01-02|2026-01-05|2026-01-06|2026-01-07|2026-01-08,2026-01-09 14:50:16,0.0
Caseys General Stores,,2025-11-25|2025-11-26|2025-11-28|2025-12-01|2025-12-02|2025-12-03|2025-12-04|2025-12-05|2025-12-08|2025-12-09|2025-12-10|2025-12-11|2025-12-12|2025-12-15|2025-12-16|2025-12-17|2025-12-18|2025-12-19|2025-12-22|2025-12-23|2025-12-24|2025-12-26|2025-12-29|2025-12-30|2025-12-31|2026-01-02|2026-01-05|2026-01-06|2026-01-07|2026-01-08,2026-01-09 14:50:16,0.0
Viatris,,2025-11-25|2025-11-26|2025-11-28|2025-12-01|2025-12-02|2025-12-03|2025-12-04|2025-12-05|2025-12-08|2025-12-09|2025-12-10|2025-12-11|2025-12-12|2025-12-15|2025-12-16|2025-12-17|2025-12-18|2025-12-19|2025-12-22|2025-12-23|2025-12-24|2025-12-26|2025-12-29|2025-12-30|2025-12-31|2026-01-02|2026-01-05|2026-01-06|2026-01-07|2026-01-08,2026-01-09 14:50:16,0.0
EMCOR Group,,2025-11-25|2025-11-26|2025-11-28|2025-12-01|2025-12-02|2025-12-03|2025-12-04|2025-12-05|2025-12-08|2025-12-09|2025-12-10|2025-12-11|2025-12-12|2025-12-15|2025-12-16|2025-12-17|2025-12-18|2025-12-19|2025-12-22|2025-12-23|2025-12-24|2025-12-26|2025-12-29|2025-12-30|2025-12-31|2026-01-02|2026-01-05|2026-01-06|2026-01-07|2026-01-08,2026-01-09 14:50:16,0.0
CSX,,2025-11-25|2025-11-26|2025-11-28|2025-12-01|2025-12-02|2025-12-03|2025-12-04|2025-12-05|2025-12-08|2025-12-09|2025-12-10|2025-12-11|2025-12-12|2025-12-15|2025-12-16|2025-12-17|2025-12-18|2025-12-19|2025-12-22|2025-12-23|2025-12-24|2025-12-26|2025-12-29|2025-12-30|2025-12-31|2026-01-02|2026-01-05|2026-01-06|2026-01-07|2026-01-08,2026-01-09 14:50:16,0.0
LKQ,,2025-11-25|2025-11-26|2025-11-28|2025-12-01|2025-12-02|2025-12-03|2025-12-04|2025-12-05|2025-12-08|2025-12-09|2025-12-10|2025-12-11|2025-12-12|2025-12-15|2025-12-16|2025-12-17|2025-12-18|2025-12-19|2025-12-22|2025-12-23|2025-12-24|2025-12-26|2025-12-29|2025-12-30|2025-12-31|2026-01-02|2026-01-05|2026-01-06|2026-01-07|2026-01-08,2026-01-09 14:50:16,0.0
Otis Worldwide,,2025-11-25|2025-11-26|2025-11-28|2025-12-01|2025-12-02|2025-12-03|2025-12-04|2025-12-05|2025-12-08|2025-12-09|2025-12-10|2025-12-11|2025-12-12|2025-12-15|2025-12-16|2025-12-17|2025-12-18|2025-12-19|2025-12-22|2025-12-23|2025-12-24|2025-12-26|2025-12-29|2025-12-30|2025-12-31|2026-01-02|2026-01-05|2026-01-06|2026-01-07|2026-01-08,2026-01-09 14:50:16,0.0
Sonic Automotive,,2025-11-25|2025-11-26|2025-11-28|2025-12-01|2025-12-02|2025-12-03|2025-12-04|2025-12-05|2025-12-08|2025-12-09|2025-12-10|2025-12-11|2025-12-12|2025-12-15|2025-12-16|2025-12-17|2025-12-18|2025-12-19|2025-12-22|2025-12-23|2025-12-24|2025-12-26|2025-12-29|2025-12-30|2025-12-31|2026-01-02|2026-01-05|2026-01-06|2026-01-07|2026-01-08,2026-01-09 14:50:16,0.0
S&P Global,,2025-11-25|2025-11-26|2025-11-28|2025-12-01|2025-12-02|2025-12-03|2025-12-04|2025-12-05|2025-12-08|2025-12-09|2025-12-10|2025-12-11|2025-12-12|2025-12-15|2025-12-16|2025-12-17|2025-12-18|2025-12-19|2025-12-22|2025-12-23|2025-12-24|2025-12-26|2025-12-29|2025-12-30|2025-12-31|2026-01-02|2026-01-05|2026-01-06|2026-01-07|2026-01-08,2026-01-09 14:50:16,0.0
Regeneron Pharmaceuticals,,2025-11-25|2025-11-26|2025-11-28|2025-12-01|2025-12-02|2025-12-03|2025-12-04|2025-12-05|2025-12-08|2025-12-09|2025-12-10|2025-12-11|2025-12-12|2025-12-15|2025-12-16|2025-12-17|2025-12-18|2025-12-19|2025-12-22|2025-12-23|2025-12-24|2025-12-26|2025-12-29|2025-12-30|2025-12-31|2026-01-02|2026-01-05|2026-01-06|2026-01-07|2026-01-08,2026-01-09 14:50:16,0.0
BorgWarner,,2025-11-25|2025-11-26|2025-11-28|2025-12-01|2025-12-02|2025-12-03|2025-12-04|2025-12-05|2025-12-08|2025-12-09|2025-12-10|2025-12-11|2025-12-12|2025-12-15|2025-12-16|2025-12-17|2025-12-18|2025-12-19|2025-12-22|2025-12-23|2025-12-24|2025-12-26|2025-12-29|2025-12-30|2025-12-31|2026-01-02|2026-01-05|2026-01-06|2026-01-07|2026-01-08,2026-01-09 14:50:16,0.0
Reliance Inc,,2025-11-25|2025-11-26|2025-11-28|2025-12-01|2025-12-02|2025-12-03|2025-12-04|2025-12-05|2025-12-08|2025-12-09|2025-12-10|2025-12-11|2025-12-12|2025-12-15|2025-12-16|2025-12-17|2025-12-18|2025-12-19|2025-12-22|2025-12-23|2025-12-24|2025-12-26|2025-12-29|2025-12-30|2025-12-31|2026-01-02|2026-01-05|2026-01-06|2026-01-07|2026-01-08,2026-01-09 14:50:16,0.0
Textron,,2025-11-25|2025-11-26|2025-11-28|2025-12-01|2025-12-02|2025-12-03|2025-12-04|2025-12-05|2025-12-08|2025-12-09|2025-12-10|2025-12-11|2025-12-12|2025-12-15|2025-12-16|2025-12-17|2025-12-18|2025-12-19|2025-12-22|2025-12-23|2025-12-24|2025-12-26|2025-12-29|2025-12-30|2025-12-31|2026-01-02|2026-01-05|2026-01-06|2026-01-07|2026-01-08,2026-01-09 14:50:16,0.0
Expedia,,2025-11-25|2025-11-26|2025-11-28|2025-12-01|2025-12-02|2025-12-03|2025-12-04|2025-12-05|2025-12-08|2025-12-09|2025-12-10|2025-12-11|2025-12-12|2025-12-15|2025-12-16|2025-12-17|2025-12-18|2025-12-19|2025-12-22|2025-12-23|2025-12-24|2025-12-26|2025-12-29|2025-12-30|2025-12-31|2026-01-02|2026-01-05|2026-01-06|2026-01-07|2026-01-08,2026-01-09 14:50:16,0.0
Fidelity National Financial,,2025-11-25|2025-11-26|2025-11-28|2025-12-01|2025-12-02|2025-12-03|2025-12-04|2025-12-05|2025-12-08|2025-12-09|2025-12-10|2025-12-11|2025-12-12|2025-12-15|2025-12-16|2025-12-17|2025-12-18|2025-12-19|2025-12-22|2025-12-23|2025-12-24|2025-12-26|2025-12-29|2025-12-30|2025-12-31|2026-01-02|2026-01-05|2026-01-06|2026-01-07|2026-01-08,2026-01-09 14:50:16,0.0
Carvana,,2025-11-25|2025-11-26|2025-11-28|2025-12-01|2025-12-02|2025-12-03|2025-12-04|2025-12-05|2025-12-08|2025-12-09|2025-12-10|2025-12-11|2025-12-12|2025-12-15|2025-12-16|2025-12-17|2025-12-18|2025-12-19|2025-12-22|2025-12-23|2025-12-24|2025-12-26|2025-12-29|2025-12-30|2025-12-31|2026-01-02|2026-01-05|2026-01-06|2026-01-07|2026-01-08,2026-01-09 14:50:16,0.0
DXC Technology,,2025-11-25|2025-11-26|2025-11-28|2025-12-01|2025-12-02|2025-12-03|2025-12-04|2025-12-05|2025-12-08|2025-12-09|2025-12-10|2025-12-11|2025-12-12|2025-12-15|2025-12-16|2025-12-17|2025-12-18|2025-12-19|2025-12-22|2025-12-23|2025-12-24|2025-12-26|2025-12-29|2025-12-30|2025-12-31|2026-01-02|2026-01-05|2026-01-06|2026-01-07|2026-01-08,2026-01-09 14:50:16,0.0
WR Berkley,,2025-11-25|2025-11-26|2025-11-28|2025-12-01|2025-12-02|2025-12-03|2025-12-04|2025-12-05|2025-12-08|2025-12-09|2025-12-10|2025-12-11|2025-12-12|2025-12-15|2025-12-16|2025-12-17|2025-12-18|2025-12-19|2025-12-22|2025-12-23|2025-12-24|2025-12-26|2025-12-29|2025-12-30|2025-12-31|2026-01-02|2026-01-05|2026-01-06|2026-01-07|2026-01-08,2026-01-09 14:50:16,0.0
M&T Bank,,2025-11-25|2025-11-26|2025-11-28|2025-12-01|2025-12-02|2025-12-03|2025-12-04|2025-12-05|2025-12-08|2025-12-09|2025-12-10|2025-12-11|2025-12-12|2025-12-15|2025-12-16|2025-12-17|2025-12-18|2025-12-19|2025-12-22|2025-12-23|2025-12-24|2025-12-26|2025-12-29|2025-12-30|2025-12-31|2026-01-02|2026-01-05|2026-01-06|2026-01-07|2026-01-08,2026-01-09 14:50:16,0.0
Dicks Sporting Goods,,2025-11-25|2025-11-26|2025-11-28|2025-12-01|2025-12-02|2025-12-03|2025-12-04|2025-12-05|2025-12-08|2025-12-09|2025-12-10|2025-12-11|2025-12-12|2025-12-15|2025-12-16|2025-12-17|2025-12-18|2025-12-19|2025-12-22|2025-12-23|2025-12-24|2025-12-26|2025-12-29|2025-12-30|2025-12-31|2026-01-02|2026-01-05|2026-01-06|2026-01-07|2026-01-08,2026-01-09 14:50:16,0.0
Xcel Energy,,2025-11-25|2025-11-26|2025-11-28|2025-12-01|2025-12-02|2025-12-03|2025-12-04|2025-12-05|2025-12-08|2025-12-09|2025-12-10|2025-12-11|2025-12-12|2025-12-15|2025-12-16|2025-12-17|2025-12-18|2025-12-19|2025-12-22|2025-12-23|2025-12-24|2025-12-26|2025-12-29|2025-12-30|2025-12-31|2026-01-02|2026-01-05|2026-01-06|2026-01-07|2026-01-08,2026-01-09 14:50:16,0.0
Fifth Third Bancorp,,2025-11-25|2025-11-26|2025-11-28|2025-12-01|2025-12-02|2025-12-03|2025-12-04|2025-12-05|2025-12-08|2025-12-09|2025-12-10|2025-12-11|2025-12-12|2025-12-15|2025-12-16|2025-12-17|2025-12-18|2025-12-19|2025-12-22|2025-12-23|2025-12-24|2025-12-26|2025-12-29|2025-12-30|2025-12-31|2026-01-02|2026-01-05|2026-01-06|2026-01-07|2026-01-08,2026-01-09 14:50:16,0.0
Blackstone,,2025-11-25|2025-11-26|2025-11-28|2025-12-01|2025-12-02|2025-12-03|2025-12-04|2025-12-05|2025-12-08|2025-12-09|2025-12-10|2025-12-11|2025-12-12|2025-12-15|2025-12-16|2025-12-17|2025-12-18|2025-12-19|2025-12-22|2025-12-23|2025-12-24|2025-12-26|2025-12-29|2025-12-30|2025-12-31|2026-01-02|2026-01-05|2026-01-06|2026-01-07|2026-01-08,2026-01-09 14:50:16,0.0
Sempra,,2025-11-25|2025-11-26|2025-11-28|2025-12-01|2025-12-02|2025-12-03|2025-12-04|2025-12-05|2025-12-08|2025-12-09|2025-12-10|2025-12-11|2025-12-12|2025-12-15|2025-12-16|2025-12-17|2025-12-18|2025-12-19|2025-12-22|2025-12-23|2025-12-24|2025-12-26|2025-12-29|2025-12-30|2025-12-31|2026-01-02|2026-01-05|2026-01-06|2026-01-07|2026-01-08,2026-01-09 14:50:16,0.0
Corning,,2025-11-25|2025-11-26|2025-11-28|2025-12-01|2025-12-02|2025-12-03|2025-12-04|2025-12-05|2025-12-08|2025-12-09|2025-12-10|2025-12-11|2025-12-12|2025-12-15|2025-12-16|2025-12-17|2025-12-18|2025-12-19|2025-12-22|2025-12-23|2025-12-24|2025-12-26|2025-12-29|2025-12-30|2025-12-31|2026-01-02|2026-01-05|2026-01-06|2026-01-07|2026-01-08,2026-01-09 14:50:16,0.0
Lumen Technologies,,2025-11-25|2025-11-26|2025-11-28|2025-12-01|2025-12-02|2025-12-03|2025-12-04|2025-12-05|2025-12-08|2025-12-09|2025-12-10|2025-12-11|2025-12-12|2025-12-15|2025-12-16|2025-12-17|2025-12-18|2025-12-19|2025-12-22|2025-12-23|2025-12-24|2025-12-26|2025-12-29|2025-12-30|2025-12-31|2026-01-02|2026-01-05|2026-01-06|2026-01-07|2026-01-08,2026-01-09 14:50:16,0.0
FirstEnergy,,2025-11-25|2025-11-26|2025-11-28|2025-12-01|2025-12-02|2025-12-03|2025-12-04|2025-12-05|2025-12-08|2025-12-09|2025-12-10|2025-12-11|2025-12-12|2025-12-15|2025-12-16|2025-12-17|2025-12-18|2025-12-19|2025-12-22|2025-12-23|2025-12-24|2025-12-26|2025-12-29|2025-12-30|2025-12-31|2026-01-02|2026-01-05|2026-01-06|2026-01-07|2026-01-08,2026-01-09 14:50:16,0.0
Labcorp Holdings,,2025-11-25|2025-11-26|2025-11-28|2025-12-01|2025-12-02|2025-12-03|2025-12-04|2025-12-05|2025-12-08|2025-12-09|2025-12-10|2025-12-11|2025-12-12|2025-12-15|2025-12-16|2025-12-17|2025-12-18|2025-12-19|2025-12-22|2025-12-23|2025-12-24|2025-12-26|2025-12-29|2025-12-30|2025-12-31|2026-01-02|2026-01-05|2026-01-06|2026-01-07|2026-01-08,2026-01-09 14:50:16,0.0
Western Digital,,2025-11-25|2025-11-26|2025-11-28|2025-12-01|2025-12-02|2025-12-03|2025-12-04|2025-12-05|2025-12-08|2025-12-09|2025-12-10|2025-12-11|2025-12-12|2025-12-15|2025-12-16|2025-12-17|2025-12-18|2025-12-19|2025-12-22|2025-12-23|2025-12-24|2025-12-26|2025-12-29|2025-12-30|2025-12-31|2026-01-02|2026-01-05|2026-01-06|2026-01-07|2026-01-08,2026-01-09 14:50:16,0.0
Unum Group,,2025-11-25|2025-11-26|2025-11-28|2025-12-01|2025-12-02|2025-12-03|2025-12-04|2025-12-05|2025-12-08|2025-12-09|2025-12-10|2025-12-11|2025-12-12|2025-12-15|2025-12-16|2025-12-17|2025-12-18|2025-12-19|2025-12-22|2025-12-23|2025-12-24|2025-12-26|2025-12-29|2025-12-30|2025-12-31|2026-01-02|2026-01-05|2026-01-06|2026-01-07|2026-01-08,2026-01-09 14:50:16,0.0
DaVita,,2025-11-25|2025-11-26|2025-11-28|2025-12-01|2025-12-02|2025-12-03|2025-12-04|2025-12-05|2025-12-08|2025-12-09|2025-12-10|2025-12-11|2025-12-12|2025-12-15|2025-12-16|2025-12-17|2025-12-18|2025-12-19|2025-12-22|2025-12-23|2025-12-24|2025-12-26|2025-12-29|2025-12-30|2025-12-31|2026-01-02|2026-01-05|2026-01-06|2026-01-07|2026-01-08,2026-01-09 14:50:16,0.0
Kellanova,,2025-10-29|2025-10-30|2025-10-31|2025-11-03|2025-11-04|2025-11-05|2025-11-06|2025-11-07|2025-11-10|2025-11-11|2025-11-12|2025-11-13|2025-11-14|2025-11-17|2025-11-18|2025-11-19|2025-11-20|2025-11-21|2025-11-24|2025-11-25|2025-11-26|2025-11-28|2025-12-01|2025-12-02|2025-12-03|2025-12-04|2025-12-05|2025-12-08|2025-12-09|2025-12-10,2026-01-09 14:50:16,0.0
Henry Schein,,2025-11-25|2025-11-26|2025-11-28|2025-12-01|2025-12-02|2025-12-03|2025-12-04|2025-12-05|2025-12-08|2025-12-09|2025-12-10|2025-12-11|2025-12-12|2025-12-15|2025-12-16|2025-12-17|2025-12-18|2025-12-19|2025-12-22|2025-12-23|2025-12-24|2025-12-26|2025-12-29|2025-12-30|2025-12-31|2026-01-02|2026-01-05|2026-01-06|2026-01-07|2026-01-08,2026-01-09 14:50:16,0.0
Ryder System,,2025-11-25|2025-11-26|2025-11-28|2025-12-01|2025-12-02|2025-12-03|2025-12-04|2025-12-05|2025-12-08|2025-12-09|2025-12-10|2025-12-11|2025-12-12|2025-12-15|2025-12-16|2025-12-17|2025-12-18|2025-12-19|2025-12-22|2025-12-23|2025-12-24|2025-12-26|2025-12-29|2025-12-30|2025-12-31|2026-01-02|2026-01-05|2026-01-06|2026-01-07|2026-01-08,2026-01-09 14:50:16,0.0
Community Health Systems,,2025-11-25|2025-11-26|2025-11-28|2025-12-01|2025-12-02|2025-12-03|2025-12-04|2025-12-05|2025-12-08|2025-12-09|2025-12-10|2025-12-11|2025-12-12|2025-12-15|2025-12-16|2025-12-17|2025-12-18|2025-12-19|2025-12-22|2025-12-23|2025-12-24|2025-12-26|2025-12-29|2025-12-30|2025-12-31|2026-01-02|2026-01-05|2026-01-06|2026-01-07|2026-01-08,2026-01-09 14:50:16,0.0
Delek US,,2025-11-25|2025-11-26|2025-11-28|2025-12-01|2025-12-02|2025-12-03|2025-12-04|2025-12-05|2025-12-08|2025-12-09|2025-12-10|2025-12-11|2025-12-12|2025-12-15|2025-12-16|2025-12-17|2025-12-18|2025-12-19|2025-12-22|2025-12-23|2025-12-24|2025-12-26|2025-12-29|2025-12-30|2025-12-31|2026-01-02|2026-01-05|2026-01-06|2026-01-07|2026-01-08,2026-01-09 14:50:16,0.0
DTE Energy,48|60|52|55|80|61|74|53|53|63|60|51|60|59|56|50|45|60|48|50|42|72|100|55|54|70|67|67|73|81,2025-11-25|2025-11-26|2025-11-28|2025-12-01|2025-12-02|2025-12-03|2025-12-04|2025-12-05|2025-12-08|2025-12-09|2025-12-10|2025-12-11|2025-12-12|2025-12-15|2025-12-16|2025-12-17|2025-12-18|2025-12-19|2025-12-22|2025-12-23|2025-12-24|2025-12-26|2025-12-29|2025-12-30|2025-12-31|2026-01-02|2026-01-05|2026-01-06|2026-01-07|2026-01-08,2026-01-09 18:38:05,60.6
Equitable Holdings,0|0|0|0|0|0|0|0|0|0|0|0|0|0|0|0|0|0|0|0|0|0|58|0|0|0|68|63|100|88,2025-11-25|2025-11-26|2025-11-28|2025-12-01|2025-12-02|2025-12-03|2025-12-04|2025-12-05|2025-12-08|2025-12-09|2025-12-10|2025-12-11|2025-12-12|2025-12-15|2025-12-16|2025-12-17|2025-12-18|2025-12-19|2025-12-22|2025-12-23|2025-12-24|2025-12-26|2025-12-29|2025-12-30|2025-12-31|2026-01-02|2026-01-05|2026-01-06|2026-01-07|2026-01-08,2026-01-09 18:38:09,12.6
DuPont de Nemours,0|0|0|0|0|0|0|0|0|0|0|100|0|0|0|0|0|0|0|0|0|13|11|0|0|9|7|17|17|15,2025-11-25|2025-11-26|2025-11-28|2025-12-01|2025-12-02|2025-12-03|2025-12-04|2025-12-05|2025-12-08|2025-12-09|2025-12-10|2025-12-11|2025-12-12|2025-12-15|2025-12-16|2025-12-17|2025-12-18|2025-12-19|2025-12-22|2025-12-23|2025-12-24|2025-12-26|2025-12-29|2025-12-30|2025-12-31|2026-01-02|2026-01-05|2026-01-06|2026-01-07|2026-01-08,2026-01-09 18:38:12,6.3
LPL Financial,71|60|37|65|82|79|71|67|68|74|83|74|71|69|61|64|69|70|61|63|60|43|61|72|60|67|81|100|84|78,2025-11-25|2025-11-26|2025-11-28|2025-12-01|2025-12-02|2025-12-03|2025-12-04|2025-12-05|2025-12-08|2025-12-09|2025-12-10|2025-12-11|2025-12-12|2025-12-15|2025-12-16|2025-12-17|2025-12-18|2025-12-19|2025-12-22|2025-12-23|2025-12-24|2025-12-26|2025-12-29|2025-12-30|2025-12-31|2026-01-02|2026-01-05|2026-01-06|2026-01-07|2026-01-08,2026-01-09 18:38:15,68.8
Citizens Financial Group,0|0|0|0|0|66|63|80|0|0|78|0|100|85|0|68|0|0|0|0|0|10|6|12|10|12|20|19|24|22,2025-11-25|2025-11-26|2025-11-28|2025-12-01|2025-12-02|2025-12-03|2025-12-04|2025-12-05|2025-12-08|2025-12-09|2025-12-10|2025-12-11|2025-12-12|2025-12-15|2025-12-16|2025-12-17|2025-12-18|2025-12-19|2025-12-22|2025-12-23|2025-12-24|2025-12-26|2025-12-29|2025-12-30|2025-12-31|2026-01-02|2026-01-05|2026-01-06|2026-01-07|2026-01-08,2026-01-09 18:38:19,22.5
MasTec,59|30|0|27|34|57|100|75|45|61|63|59|27|43|48|65|65|42|45|26|23|21|34|37|30|31|48|53|50|50,2025-11-25|2025-11-26|2025-11-28|2025-12-01|2025-12-02|2025-12-03|2025-12-04|2025-12-05|2025-12-08|2025-12-09|2025-12-10|2025-12-11|2025-12-12|2025-12-15|2025-12-16|2025-12-17|2025-12-18|2025-12-19|2025-12-22|2025-12-23|2025-12-24|2025-12-26|2025-12-29|2025-12-30|2025-12-31|2026-01-02|2026-01-05|2026-01-06|2026-01-07|2026-01-08,2026-01-09 18:38:22,44.9
AES,74|84|59|95|85|90|90|82|86|93|89|85|82|77|76|77|84|79|74|71|71|58|94|82|76|86|96|100|92|93,2025-11-25|2025-11-26|2025-11-28|2025-12-01|2025-12-02|2025-12-03|2025-12-04|2025-12-05|2025-12-08|2025-12-09|2025-12-10|2025-12-11|2025-12-12|2025-12-15|2025-12-16|2025-12-17|2025-12-18|2025-12-19|2025-12-22|2025-12-23|2025-12-24|2025-12-26|2025-12-29|2025-12-30|2025-12-31|2026-01-02|2026-01-05|2026-01-06|2026-01-07|2026-01-08,2026-01-09 18:38:25,82.7
Norfolk Southern,80|82|45|73|85|66|76|68|75|74|71|81|65|74|76|78|77|100|64|76|47|56|64|68|56|63|70|75|71|70,2025-11-25|2025-11-26|2025-11-28|2025-12-01|2025-12-02|2025-12-03|2025-12-04|2025-12-05|2025-12-08|2025-12-09|2025-12-10|2025-12-11|2025-12-12|2025-12-15|2025-12-16|2025-12-17|2025-12-18|2025-12-19|2025-12-22|2025-12-23|2025-12-24|2025-12-26|2025-12-29|2025-12-30|2025-12-31|2026-01-02|2026-01-05|2026-01-06|2026-01-07|2026-01-08,2026-01-09 18:38:29,70.9
Air Products & Chemicals,,2025-11-25|2025-11-26|2025-11-28|2025-12-01|2025-12-02|2025-12-03|2025-12-04|2025-12-05|2025-12-08|2025-12-09|2025-12-10|2025-12-11|2025-12-12|2025-12-15|2025-12-16|2025-12-17|2025-12-18|2025-12-19|2025-12-22|2025-12-23|2025-12-24|2025-12-26|2025-12-29|2025-12-30|2025-12-31|2026-01-02|2026-01-05|2026-01-06|2026-01-07|2026-01-08,2026-01-09 18:38:32,0.0
JB Hunt Transport Services,,2025-11-25|2025-11-26|2025-11-28|2025-12-01|2025-12-02|2025-12-03|2025-12-04|2025-12-05|2025-12-08|2025-12-09|2025-12-10|2025-12-11|2025-12-12|2025-12-15|2025-12-16|2025-12-17|2025-12-18|2025-12-19|2025-12-22|2025-12-23|2025-12-24|2025-12-26|2025-12-29|2025-12-30|2025-12-31|2026-01-02|2026-01-05|2026-01-06|2026-01-07|2026-01-08,2026-01-09 18:38:33,0.0
Ball Corporation,74|0|0|85|0|0|66|47|0|73|71|75|57|47|81|67|58|49|0|0|0|29|27|34|21|24|32|31|31|35,2025-11-25|2025-11-26|2025-11-28|2025-12-01|2025-12-02|2025-12-03|2025-12-04|2025-12-05|2025-12-08|2025-12-09|2025-12-10|2025-12-11|2025-12-12|2025-12-15|2025-12-16|2025-12-17|2025-12-18|2025-12-19|2025-12-22|2025-12-23|2025-12-24|2025-12-26|2025-12-29|2025-12-30|2025-12-31|2026-01-02|2026-01-05|2026-01-06|2026-01-07|2026-01-08,2026-01-09 18:38:33,37.1
Conagra Brands,0|0|0|90|0|100|80|71|0|0|77|0|0|81|87|0|71|94|0|76|0|32|36|41|32|45|52|52|67|69,2025-11-25|2025-11-26|2025-11-28|2025-12-01|2025-12-02|2025-12-03|2025-12-04|2025-12-05|2025-12-08|2025-12-09|2025-12-10|2025-12-11|2025-12-12|2025-12-15|2025-12-16|2025-12-17|2025-12-18|2025-12-19|2025-12-22|2025-12-23|2025-12-24|2025-12-26|2025-12-29|2025-12-30|2025-12-31|2026-01-02|2026-01-05|2026-01-06|2026-01-07|2026-01-08,2026-01-09 18:38:37,41.8
Huntington Bancshares,0|0|0|0|0|0|0|0|0|0|0|0|0|0|0|0|0|0|0|0|0|0|67|60|0|79|76|100|96|73,2025-11-25|2025-11-26|2025-11-28|2025-12-01|2025-12-02|2025-12-03|2025-12-04|2025-12-05|2025-12-08|2025-12-09|2025-12-10|2025-12-11|2025-12-12|2025-12-15|2025-12-16|2025-12-17|2025-12-18|2025-12-19|2025-12-22|2025-12-23|2025-12-24|2025-12-26|2025-12-29|2025-12-30|2025-12-31|2026-01-02|2026-01-05|2026-01-06|2026-01-07|2026-01-08,2026-01-09 18:38:40,18.4
Hormel Foods,96|0|0|0|0|0|92|87|62|65|100|0|0|0|0|54|0|0|0|0|0|23|27|30|25|35|39|42|40|34,2025-11-25|2025-11-26|2025-11-28|2025-12-01|2025-12-02|2025-12-03|2025-12-04|2025-12-05|2025-12-08|2025-12-09|2025-12-10|2025-12-11|2025-12-12|2025-12-15|2025-12-16|2025-12-17|2025-12-18|2025-12-19|2025-12-22|2025-12-23|2025-12-24|2025-12-26|2025-12-29|2025-12-30|2025-12-31|2026-01-02|2026-01-05|2026-01-06|2026-01-07|2026-01-08,2026-01-09 18:38:43,28.4
Eversource Energy,0|0|0|0|68|0|0|75|71|0|0|100|75|0|0|0|0|86|0|0|0|31|38|43|35|35|44|54|46|46,2025-11-25|2025-11-26|2025-11-28|2025-12-01|2025-12-02|2025-12-03|2025-12-04|2025-12-05|2025-12-08|2025-12-09|2025-12-10|2025-12-11|2025-12-12|2025-12-15|2025-12-16|2025-12-17|2025-12-18|2025-12-19|2025-12-22|2025-12-23|2025-12-24|2025-12-26|2025-12-29|2025-12-30|2025-12-31|2026-01-02|2026-01-05|2026-01-06|2026-01-07|2026-01-08,2026-01-09 18:38:47,28.2
Alcoa Corporation,0|0|0|0|0|0|0|0|0|0|0|0|0|0|0|0|0|0|0|0|0|0|0|0|0|0|58|100|74|0,2025-11-25|2025-11-26|2025-11-28|2025-12-01|2025-12-02|2025-12-03|2025-12-04|2025-12-05|2025-12-08|2025-12-09|2025-12-10|2025-12-11|2025-12-12|2025-12-15|2025-12-16|2025-12-17|2025-12-18|2025-12-19|2025-12-22|2025-12-23|2025-12-24|2025-12-26|2025-12-29|2025-12-30|2025-12-31|2026-01-02|2026-01-05|2026-01-06|2026-01-07|2026-01-08,2026-01-09 18:38:51,7.7
Entergy,58|51|48|69|83|61|70|58|54|56|65|67|62|64|57|61|62|64|54|48|35|43|100|58|51|64|63|64|63|62,2025-11-25|2025-11-26|2025-11-28|2025-12-01|2025-12-02|2025-12-03|2025-12-04|2025-12-05|2025-12-08|2025-12-09|2025-12-10|2025-12-11|2025-12-12|2025-12-15|2025-12-16|2025-12-17|2025-12-18|2025-12-19|2025-12-22|2025-12-23|2025-12-24|2025-12-26|2025-12-29|2025-12-30|2025-12-31|2026-01-02|2026-01-05|2026-01-06|2026-01-07|2026-01-08,2026-01-09 18:38:54,60.5
Assurant,84|76|72|94|86|97|80|95|88|82|92|92|80|96|86|86|73|77|93|81|64|73|100|93|76|83|90|90|92|83,2025-11-25|2025-11-26|2025-11-28|2025-12-01|2025-12-02|2025-12-03|2025-12-04|2025-12-05|2025-12-08|2025-12-09|2025-12-10|2025-12-11|2025-12-12|2025-12-15|2025-12-16|2025-12-17|2025-12-18|2025-12-19|2025-12-22|2025-12-23|2025-12-24|2025-12-26|2025-12-29|2025-12-30|2025-12-31|2026-01-02|2026-01-05|2026-01-06|2026-01-07|2026-01-08,2026-01-09 18:38:58,85.1
Chewy,78|80|100|88|87|80|78|77|82|82|82|76|78|79|80|79|81|80|83|81|77|70|78|80|76|86|75|77|74|74,2025-11-25|2025-11-26|2025-11-28|2025-12-01|2025-12-02|2025-12-03|2025-12-04|2025-12-05|2025-12-08|2025-12-09|2025-12-10|2025-12-11|2025-12-12|2025-12-15|2025-12-16|2025-12-17|2025-12-18|2025-12-19|2025-12-22|2025-12-23|2025-12-24|2025-12-26|2025-12-29|2025-12-30|2025-12-31|2026-01-02|2026-01-05|2026-01-06|2026-01-07|2026-01-08,2026-01-09 18:39:01,79.9
Wayfair,63|64|100|78|72|54|51|52|56|52|47|48|52|52|48|46|43|42|49|41|38|63|63|62|55|67|57|52|52|49,2025-11-25|2025-11-26|2025-11-28|2025-12-01|2025-12-02|2025-12-03|2025-12-04|2025-12-05|2025-12-08|2025-12-09|2025-12-10|2025-12-11|2025-12-12|2025-12-15|2025-12-16|2025-12-17|2025-12-18|2025-12-19|2025-12-22|2025-12-23|2025-12-24|2025-12-26|2025-12-29|2025-12-30|2025-12-31|2026-01-02|2026-01-05|2026-01-06|2026-01-07|2026-01-08,2026-01-09 18:39:05,55.6
Avis Budget,80|87|91|75|79|100|95|89|87|91|92|70|80|89|61|76|75|85|79|69|69|78|67|61|54|59|63|63|60|60,2025-11-25|2025-11-26|2025-11-28|2025-12-01|2025-12-02|2025-12-03|2025-12-04|2025-12-05|2025-12-08|2025-12-09|2025-12-10|2025-12-11|2025-12-12|2025-12-15|2025-12-16|2025-12-17|2025-12-18|2025-12-19|2025-12-22|2025-12-23|2025-12-24|2025-12-26|2025-12-29|2025-12-30|2025-12-31|2026-01-02|2026-01-05|2026-01-06|2026-01-07|2026-01-08,2026-01-09 18:39:09,76.1
Intercontinental Exchange,0|0|0|47|45|38|60|0|56|52|48|44|43|40|0|100|71|0|0|0|0|11|14|19|14|15|20|24|24|24,2025-11-25|2025-11-26|2025-11-28|2025-12-01|2025-12-02|2025-12-03|2025-12-04|2025-12-05|2025-12-08|2025-12-09|2025-12-10|2025-12-11|2025-12-12|2025-12-15|2025-12-16|2025-12-17|2025-12-18|2025-12-19|2025-12-22|2025-12-23|2025-12-24|2025-12-26|2025-12-29|2025-12-30|2025-12-31|2026-01-02|2026-01-05|2026-01-06|2026-01-07|2026-01-08,2026-01-09 18:39:12,27.0
Alaska Air,72|76|68|83|100|92|87|73|72|71|67|70|71|67|77|69|80|72|79|70|72|69|73|78|70|72|68|78|77|72,2025-11-25|2025-11-26|2025-11-28|2025-12-01|2025-12-02|2025-12-03|2025-12-04|2025-12-05|2025-12-08|2025-12-09|2025-12-10|2025-12-11|2025-12-12|2025-12-15|2025-12-16|2025-12-17|2025-12-18|2025-12-19|2025-12-22|2025-12-23|2025-12-24|2025-12-26|2025-12-29|2025-12-30|2025-12-31|2026-01-02|2026-01-05|2026-01-06|2026-01-07|2026-01-08,2026-01-09 18:39:17,74.8
GXO Logistics,81|0|0|0|100|75|60|0|0|58|58|49|0|70|0|52|0|63|0|0|0|29|41|48|36|41|42|72|53|51,2025-11-25|2025-11-26|2025-11-28|2025-12-01|2025-12-02|2025-12-03|2025-12-04|2025-12-05|2025-12-08|2025-12-09|2025-12-10|2025-12-11|2025-12-12|2025-12-15|2025-12-16|2025-12-17|2025-12-18|2025-12-19|2025-12-22|2025-12-23|2025-12-24|2025-12-26|2025-12-29|2025-12-30|2025-12-31|2026-01-02|2026-01-05|2026-01-06|2026-01-07|2026-01-08,2026-01-09 18:39:21,36.0
AGCO,38|37|27|39|47|44|26|27|39|41|45|51|84|53|42|61|100|80|21|16|18|14|18|21|18|20|22|23|22|24,2025-11-25|2025-11-26|2025-11-28|2025-12-01|2025-12-02|2025-12-03|2025-12-04|2025-12-05|2025-12-08|2025-12-09|2025-12-10|2025-12-11|2025-12-12|2025-12-15|2025-12-16|2025-12-17|2025-12-18|2025-12-19|2025-12-22|2025-12-23|2025-12-24|2025-12-26|2025-12-29|2025-12-30|2025-12-31|2026-01-02|2026-01-05|2026-01-06|2026-01-07|2026-01-08,2026-01-09 18:39:24,37.3
Molson Coors Beverage,0|0|0|0|0|0|0|0|0|0|0|0|0|0|0|0|0|0|0|0|0|0|0|6|0|5|0|10|7|8,2025-11-25|2025-11-26|2025-11-28|2025-12-01|2025-12-02|2025-12-03|2025-12-04|2025-12-05|2025-12-08|2025-12-09|2025-12-10|2025-12-11|2025-12-12|2025-12-15|2025-12-16|2025-12-17|2025-12-18|2025-12-19|2025-12-22|2025-12-23|2025-12-24|2025-12-26|2025-12-29|2025-12-30|2025-12-31|2026-01-02|2026-01-05|2026-01-06|2026-01-07|2026-01-08,2026-01-09 18:39:28,1.2
Arthur J Gallagher,0|0|0|0|0|0|0|0|0|0|0|0|0|0|0|68|0|0|0|0|100|35|35|34|25|22|31|35|29|26,2025-11-25|2025-11-26|2025-11-28|2025-12-01|2025-12-02|2025-12-03|2025-12-04|2025-12-05|2025-12-08|2025-12-09|2025-12-10|2025-12-11|2025-12-12|2025-12-15|2025-12-16|2025-12-17|2025-12-18|2025-12-19|2025-12-22|2025-12-23|2025-12-24|2025-12-26|2025-12-29|2025-12-30|2025-12-31|2026-01-02|2026-01-05|2026-01-06|2026-01-07|2026-01-08,2026-01-09 18:39:32,14.7
Huntington Ingalls Industries,0|0|0|0|0|0|0|0|0|0|0|0|0|0|0|0|0|0|0|100|0|10|17|17|9|13|26|22|27|27,2025-11-25|2025-11-26|2025-11-28|2025-12-01|2025-12-02|2025-12-03|2025-12-04|2025-12-05|2025-12-08|2025-12-09|2025-12-10|2025-12-11|2025-12-12|2025-12-15|2025-12-16|2025-12-17|2025-12-18|2025-12-19|2025-12-22|2025-12-23|2025-12-24|2025-12-26|2025-12-29|2025-12-30|2025-12-31|2026-01-02|2026-01-05|2026-01-06|2026-01-07|2026-01-08,2026-01-09 18:39:36,8.9
International Flavors & Fragrances,0|0|0|0|0|0|0|0|0|0|0|0|0|0|0|0|0|0|0|0|0|0|0|0|0|0|0|85|81|100,2025-11-25|2025-11-26|2025-11-28|2025-12-01|2025-12-02|2025-12-03|2025-12-04|2025-12-05|2025-12-08|2025-12-09|2025-12-10|2025-12-11|2025-12-12|2025-12-15|2025-12-16|2025-12-17|2025-12-18|2025-12-19|2025-12-22|2025-12-23|2025-12-24|2025-12-26|2025-12-29|2025-12-30|2025-12-31|2026-01-02|2026-01-05|2026-01-06|2026-01-07|2026-01-08,2026-01-09 18:39:38,8.9
Darden Restaurants,40|47|56|50|47|50|64|67|87|59|62|74|47|88|63|79|100|83|83|47|0|76|67|67|60|70|53|63|61|59,2025-11-25|2025-11-26|2025-11-28|2025-12-01|2025-12-02|2025-12-03|2025-12-04|2025-12-05|2025-12-08|2025-12-09|2025-12-10|2025-12-11|2025-12-12|2025-12-15|2025-12-16|2025-12-17|2025-12-18|2025-12-19|2025-12-22|2025-12-23|2025-12-24|2025-12-26|2025-12-29|2025-12-30|2025-12-31|2026-01-02|2026-01-05|2026-01-06|2026-01-07|2026-01-08,2026-01-09 18:39:42,62.3
CIncinnati Financial,0|69|56|61|49|79|100|51|52|63|66|46|69|0|0|70|48|0|0|0|0|23|37|34|29|45|48|44|48|44,2025-11-25|2025-11-26|2025-11-28|2025-12-01|2025-12-02|2025-12-03|2025-12-04|2025-12-05|2025-12-08|2025-12-09|2025-12-10|2025-12-11|2025-12-12|2025-12-15|2025-12-16|2025-12-17|2025-12-18|2025-12-19|2025-12-22|2025-12-23|2025-12-24|2025-12-26|2025-12-29|2025-12-30|2025-12-31|2026-01-02|2026-01-05|2026-01-06|2026-01-07|2026-01-08,2026-01-09 18:39:45,41.0
Chipotle Mexican Grill,68|100|46|50|68|59|61|49|70|69|78|67|54|73|63|73|71|80|61|85|78|50|50|59|68|66|55|57|67|51,2025-11-25|2025-11-26|2025-11-28|2025-12-01|2025-12-02|2025-12-03|2025-12-04|2025-12-05|2025-12-08|2025-12-09|2025-12-10|2025-12-11|2025-12-12|2025-12-15|2025-12-16|2025-12-17|2025-12-18|2025-12-19|2025-12-22|2025-12-23|2025-12-24|2025-12-26|2025-12-29|2025-12-30|2025-12-31|2026-01-02|2026-01-05|2026-01-06|2026-01-07|2026-01-08,2026-01-09 18:39:48,64.9
Yum China,0|0|0|0|0|0|0|0|0|0|0|0|0|0|0|0|0|0|0|0|0|79|75|100|74|94|88|95|62|72,2025-11-25|2025-11-26|2025-11-28|2025-12-01|2025-12-02|2025-12-03|2025-12-04|2025-12-05|2025-12-08|2025-12-09|2025-12-10|2025-12-11|2025-12-12|2025-12-15|2025-12-16|2025-12-17|2025-12-18|2025-12-19|2025-12-22|2025-12-23|2025-12-24|2025-12-26|2025-12-29|2025-12-30|2025-12-31|2026-01-02|2026-01-05|2026-01-06|2026-01-07|2026-01-08,2026-01-09 18:39:51,24.6
Las Vegas Sands,0|0|0|92|0|0|0|0|0|0|0|0|74|76|0|0|89|0|0|0|0|41|46|44|45|42|45|54|36|45,2025-11-25|2025-11-26|2025-11-28|2025-12-01|2025-12-02|2025-12-03|2025-12-04|2025-12-05|2025-12-08|2025-12-09|2025-12-10|2025-12-11|2025-12-12|2025-12-15|2025-12-16|2025-12-17|2025-12-18|2025-12-19|2025-12-22|2025-12-23|2025-12-24|2025-12-26|2025-12-29|2025-12-30|2025-12-31|2026-01-02|2026-01-05|2026-01-06|2026-01-07|2026-01-08,2026-01-09 18:39:55,24.3
Ulta Beauty,43|49|85|49|43|30|33|37|33|36|38|42|44|47|42|45|43|51|88|84|91|60|47|47|48|45|36|35|33|34,2025-11-25|2025-11-26|2025-11-28|2025-12-01|2025-12-02|2025-12-03|2025-12-04|2025-12-05|2025-12-08|2025-12-09|2025-12-10|2025-12-11|2025-12-12|2025-12-15|2025-12-16|2025-12-17|2025-12-18|2025-12-19|2025-12-22|2025-12-23|2025-12-24|2025-12-26|2025-12-29|2025-12-30|2025-12-31|2026-01-02|2026-01-05|2026-01-06|2026-01-07|2026-01-08,2026-01-09 18:39:59,47.9
Caesars Entertainment,100|84|0|75|0|55|0|0|0|58|50|58|0|59|0|57|70|0|69|0|0|32|43|49|41|56|44|45|52|45,2025-11-25|2025-11-26|2025-11-28|2025-12-01|2025-12-02|2025-12-03|2025-12-04|2025-12-05|2025-12-08|2025-12-09|2025-12-10|2025-12-11|2025-12-12|2025-12-15|2025-12-16|2025-12-17|2025-12-18|2025-12-19|2025-12-22|2025-12-23|2025-12-24|2025-12-26|2025-12-29|2025-12-30|2025-12-31|2026-01-02|2026-01-05|2026-01-06|2026-01-07|2026-01-08,2026-01-09 18:40:03,38.1
The Andersons Inc,0|0|0|0|0|0|0|0|0|0|0|0|0|0|0|0|0|0|0|0|0|0|0|0|0|0|0|100|0|0,2025-11-25|2025-11-26|2025-11-28|2025-12-01|2025-12-02|2025-12-03|2025-12-04|2025-12-05|2025-12-08|2025-12-09|2025-12-10|2025-12-11|2025-12-12|2025-12-15|2025-12-16|2025-12-17|2025-12-18|2025-12-19|2025-12-22|2025-12-23|2025-12-24|2025-12-26|2025-12-29|2025-12-30|2025-12-31|2026-01-02|2026-01-05|2026-01-06|2026-01-07|2026-01-08,2026-01-09 18:40:06,3.3
Hershey,54|58|60|53|57|55|66|69|65|66|67|67|73|67|65|69|72|74|83|94|94|64|60|58|54|55|48|49|48|50,2025-11-25|2025-11-26|2025-11-28|2025-12-01|2025-12-02|2025-12-03|2025-12-04|2025-12-05|2025-12-08|2025-12-09|2025-12-10|2025-12-11|2025-12-12|2025-12-15|2025-12-16|2025-12-17|2025-12-18|2025-12-19|2025-12-22|2025-12-23|2025-12-24|2025-12-26|2025-12-29|2025-12-30|2025-12-31|2026-01-02|2026-01-05|2026-01-06|2026-01-07|2026-01-08,2026-01-09 18:40:09,63.8
Hilton Worldwide,0|0|0|0|0|81|0|0|67|0|0|0|74|0|0|0|0|74|0|0|0|17|18|18|17|18|32|44|30|25,2025-11-25|2025-11-26|2025-11-28|2025-12-01|2025-12-02|2025-12-03|2025-12-04|2025-12-05|2025-12-08|2025-12-09|2025-12-10|2025-12-11|2025-12-12|2025-12-15|2025-12-16|2025-12-17|2025-12-18|2025-12-19|2025-12-22|2025-12-23|2025-12-24|2025-12-26|2025-12-29|2025-12-30|2025-12-31|2026-01-02|2026-01-05|2026-01-06|2026-01-07|2026-01-08,2026-01-09 18:40:11,17.2
The Mosaic Company,0|0|0|0|0|0|0|0|0|0|0|0|0|0|0|0|0|0|0|0|0|38|58|54|46|65|69|94|100|67,2025-11-25|2025-11-26|2025-11-28|2025-12-01|2025-12-02|2025-12-03|2025-12-04|2025-12-05|2025-12-08|2025-12-09|2025-12-10|2025-12-11|2025-12-12|2025-12-15|2025-12-16|2025-12-17|2025-12-18|2025-12-19|2025-12-22|2025-12-23|2025-12-24|2025-12-26|2025-12-29|2025-12-30|2025-12-31|2026-01-02|2026-01-05|2026-01-06|2026-01-07|2026-01-08,2026-01-09 18:40:15,19.7
Airbnb,70|66|62|80|81|79|75|65|78|74|74|73|69|76|74|72|67|63|78|72|64|87|100|92|83|97|98|94|96|94,2025-11-25|2025-11-26|2025-11-28|2025-12-01|2025-12-02|2025-12-03|2025-12-04|2025-12-05|2025-12-08|2025-12-09|2025-12-10|2025-12-11|2025-12-12|2025-12-15|2025-12-16|2025-12-17|2025-12-18|2025-12-19|2025-12-22|2025-12-23|2025-12-24|2025-12-26|2025-12-29|2025-12-30|2025-12-31|2026-01-02|2026-01-05|2026-01-06|2026-01-07|2026-01-08,2026-01-09 18:40:18,78.4
Diamondback Energy,0|0|0|90|71|84|85|100|81|99|0|0|0|0|0|0|0|0|0|0|0|16|39|30|20|24|57|48|46|43,2025-11-25|2025-11-26|2025-11-28|2025-12-01|2025-12-02|2025-12-03|2025-12-04|2025-12-05|2025-12-08|2025-12-09|2025-12-10|2025-12-11|2025-12-12|2025-12-15|2025-12-16|2025-12-17|2025-12-18|2025-12-19|2025-12-22|2025-12-23|2025-12-24|2025-12-26|2025-12-29|2025-12-30|2025-12-31|2026-01-02|2026-01-05|2026-01-06|2026-01-07|2026-01-08,2026-01-09 18:40:22,31.1
American Tower,72|75|68|100|91|63|90|69|75|81|100|85|84|47|78|97|75|74|65|58|55|35|40|41|34|38|43|43|47|54,2025-11-25|2025-11-26|2025-11-28|2025-12-01|2025-12-02|2025-12-03|2025-12-04|2025-12-05|2025-12-08|2025-12-09|2025-12-10|2025-12-11|2025-12-12|2025-12-15|2025-12-16|2025-12-17|2025-12-18|2025-12-19|2025-12-22|2025-12-23|2025-12-24|2025-12-26|2025-12-29|2025-12-30|2025-12-31|2026-01-02|2026-01-05|2026-01-06|2026-01-07|2026-01-08,2026-01-09 18:40:25,65.9
Vertex Pharmaceuticals,62|72|0|64|94|97|49|100|74|69|0|0|0|68|0|50|0|85|0|0|0|26|33|39|34|34|49|62|59|63,2025-11-25|2025-11-26|2025-11-28|2025-12-01|2025-12-02|2025-12-03|2025-12-04|2025-12-05|2025-12-08|2025-12-09|2025-12-10|2025-12-11|2025-12-12|2025-12-15|2025-12-16|2025-12-17|2025-12-18|2025-12-19|2025-12-22|2025-12-23|2025-12-24|2025-12-26|2025-12-29|2025-12-30|2025-12-31|2026-01-02|2026-01-05|2026-01-06|2026-01-07|2026-01-08,2026-01-09 18:40:29,42.8
ServiceNow,,2025-11-25|2025-11-26|2025-11-28|2025-12-01|2025-12-02|2025-12-03|2025-12-04|2025-12-05|2025-12-08|2025-12-09|2025-12-10|2025-12-11|2025-12-12|2025-12-15|2025-12-16|2025-12-17|2025-12-18|2025-12-19|2025-12-22|2025-12-23|2025-12-24|2025-12-26|2025-12-29|2025-12-30|2025-12-31|2026-01-02|2026-01-05|2026-01-06|2026-01-07|2026-01-08,2026-01-09 18:41:03,0.0
Owens Corning,,2025-11-25|2025-11-26|2025-11-28|2025-12-01|2025-12-02|2025-12-03|2025-12-04|2025-12-05|2025-12-08|2025-12-09|2025-12-10|2025-12-11|2025-12-12|2025-12-15|2025-12-16|2025-12-17|2025-12-18|2025-12-19|2025-12-22|2025-12-23|2025-12-24|2025-12-26|2025-12-29|2025-12-30|2025-12-31|2026-01-02|2026-01-05|2026-01-06|2026-01-07|2026-01-08,2026-01-09 18:41:45,0.0
Advance Auto Parts,,2025-11-25|2025-11-26|2025-11-28|2025-12-01|2025-12-02|2025-12-03|2025-12-04|2025-12-05|2025-12-08|2025-12-09|2025-12-10|2025-12-11|2025-12-12|2025-12-15|2025-12-16|2025-12-17|2025-12-18|2025-12-19|2025-12-22|2025-12-23|2025-12-24|2025-12-26|2025-12-29|2025-12-30|2025-12-31|2026-01-02|2026-01-05|2026-01-06|2026-01-07|2026-01-08,2026-01-09 18:41:55,0.0
Toll Brothers,,2025-11-25|2025-11-26|2025-11-28|2025-12-01|2025-12-02|2025-12-03|2025-12-04|2025-12-05|2025-12-08|2025-12-09|2025-12-10|2025-12-11|2025-12-12|2025-12-15|2025-12-16|2025-12-17|2025-12-18|2025-12-19|2025-12-22|2025-12-23|2025-12-24|2025-12-26|2025-12-29|2025-12-30|2025-12-31|2026-01-02|2026-01-05|2026-01-06|2026-01-07|2026-01-08,2026-01-09 18:41:55,0.0
Mohawk Industries,,2025-11-25|2025-11-26|2025-11-28|2025-12-01|2025-12-02|2025-12-03|2025-12-04|2025-12-05|2025-12-08|2025-12-09|2025-12-10|2025-12-11|2025-12-12|2025-12-15|2025-12-16|2025-12-17|2025-12-18|2025-12-19|2025-12-22|2025-12-23|2025-12-24|2025-12-26|2025-12-29|2025-12-30|2025-12-31|2026-01-02|2026-01-05|2026-01-06|2026-01-07|2026-01-08,2026-01-09 18:41:55,0.0
Motorola Solutions,,2025-11-25|2025-11-26|2025-11-28|2025-12-01|2025-12-02|2025-12-03|2025-12-04|2025-12-05|2025-12-08|2025-12-09|2025-12-10|2025-12-11|2025-12-12|2025-12-15|2025-12-16|2025-12-17|2025-12-18|2025-12-19|2025-12-22|2025-12-23|2025-12-24|2025-12-26|2025-12-29|2025-12-30|2025-12-31|2026-01-02|2026-01-05|2026-01-06|2026-01-07|2026-01-08,2026-01-09 18:41:55,0.0
Oshkosh Corporation,,2025-11-25|2025-11-26|2025-11-28|2025-12-01|2025-12-02|2025-12-03|2025-12-04|2025-12-05|2025-12-08|2025-12-09|2025-12-10|2025-12-11|2025-12-12|2025-12-15|2025-12-16|2025-12-17|2025-12-18|2025-12-19|2025-12-22|2025-12-23|2025-12-24|2025-12-26|2025-12-29|2025-12-30|2025-12-31|2026-01-02|2026-01-05|2026-01-06|2026-01-07|2026-01-08,2026-01-09 18:41:55,0.0
DoorDash,,2025-11-25|2025-11-26|2025-11-28|2025-12-01|2025-12-02|2025-12-03|2025-12-04|2025-12-05|2025-12-08|2025-12-09|2025-12-10|2025-12-11|2025-12-12|2025-12-15|2025-12-16|2025-12-17|2025-12-18|2025-12-19|2025-12-22|2025-12-23|2025-12-24|2025-12-26|2025-12-29|2025-12-30|2025-12-31|2026-01-02|2026-01-05|2026-01-06|2026-01-07|2026-01-08,2026-01-09 18:41:55,0.0
Owens & Minor,,2025-11-25|2025-11-26|2025-11-28|2025-12-01|2025-12-02|2025-12-03|2025-12-04|2025-12-05|2025-12-08|2025-12-09|2025-12-10|2025-12-11|2025-12-12|2025-12-15|2025-12-16|2025-12-17|2025-12-18|2025-12-19|2025-12-22|2025-12-23|2025-12-24|2025-12-26|2025-12-29|2025-12-30|2025-12-31|2026-01-02|2026-01-05|2026-01-06|2026-01-07|2026-01-08,2026-01-09 18:41:55,0.0
NVR Inc,,2025-11-25|2025-11-26|2025-11-28|2025-12-01|2025-12-02|2025-12-03|2025-12-04|2025-12-05|2025-12-08|2025-12-09|2025-12-10|2025-12-11|2025-12-12|2025-12-15|2025-12-16|2025-12-17|2025-12-18|2025-12-19|2025-12-22|2025-12-23|2025-12-24|2025-12-26|2025-12-29|2025-12-30|2025-12-31|2026-01-02|2026-01-05|2026-01-06|2026-01-07|2026-01-08,2026-01-09 18:41:55,0.0
Interpublic Group,,2025-10-16|2025-10-17|2025-10-20|2025-10-21|2025-10-22|2025-10-23|2025-10-24|2025-10-27|2025-10-28|2025-10-29|2025-10-30|2025-10-31|2025-11-03|2025-11-04|2025-11-05|2025-11-06|2025-11-07|2025-11-10|2025-11-11|2025-11-12|2025-11-13|2025-11-14|2025-11-17|2025-11-18|2025-11-19|2025-11-20|2025-11-21|2025-11-24|2025-11-25|2025-11-26,2026-01-09 18:41:55,0.0
Booz Allen Hamilton,,2025-11-25|2025-11-26|2025-11-28|2025-12-01|2025-12-02|2025-12-03|2025-12-04|2025-12-05|2025-12-08|2025-12-09|2025-12-10|2025-12-11|2025-12-12|2025-12-15|2025-12-16|2025-12-17|2025-12-18|2025-12-19|2025-12-22|2025-12-23|2025-12-24|2025-12-26|2025-12-29|2025-12-30|2025-12-31|2026-01-02|2026-01-05|2026-01-06|2026-01-07|2026-01-08,2026-01-09 18:41:55,0.0
Burlington Stores,,2025-11-25|2025-11-26|2025-11-28|2025-12-01|2025-12-02|2025-12-03|2025-12-04|2025-12-05|2025-12-08|2025-12-09|2025-12-10|2025-12-11|2025-12-12|2025-12-15|2025-12-16|2025-12-17|2025-12-18|2025-12-19|2025-12-22|2025-12-23|2025-12-24|2025-12-26|2025-12-29|2025-12-30|2025-12-31|2026-01-02|2026-01-05|2026-01-06|2026-01-07|2026-01-08,2026-01-09 18:41:55,0.0
Expeditors International of Washington,,2025-11-25|2025-11-26|2025-11-28|2025-12-01|2025-12-02|2025-12-03|2025-12-04|2025-12-05|2025-12-08|2025-12-09|2025-12-10|2025-12-11|2025-12-12|2025-12-15|2025-12-16|2025-12-17|2025-12-18|2025-12-19|2025-12-22|2025-12-23|2025-12-24|2025-12-26|2025-12-29|2025-12-30|2025-12-31|2026-01-02|2026-01-05|2026-01-06|2026-01-07|2026-01-08,2026-01-09 18:41:55,0.0
Lululemon athletica,,2025-11-25|2025-11-26|2025-11-28|2025-12-01|2025-12-02|2025-12-03|2025-12-04|2025-12-05|2025-12-08|2025-12-09|2025-12-10|2025-12-11|2025-12-12|2025-12-15|2025-12-16|2025-12-17|2025-12-18|2025-12-19|2025-12-22|2025-12-23|2025-12-24|2025-12-26|2025-12-29|2025-12-30|2025-12-31|2026-01-02|2026-01-05|2026-01-06|2026-01-07|2026-01-08,2026-01-09 18:41:55,0.0
Fidelity National Information Services,,2025-11-25|2025-11-26|2025-11-28|2025-12-01|2025-12-02|2025-12-03|2025-12-04|2025-12-05|2025-12-08|2025-12-09|2025-12-10|2025-12-11|2025-12-12|2025-12-15|2025-12-16|2025-12-17|2025-12-18|2025-12-19|2025-12-22|2025-12-23|2025-12-24|2025-12-26|2025-12-29|2025-12-30|2025-12-31|2026-01-02|2026-01-05|2026-01-06|2026-01-07|2026-01-08,2026-01-09 18:41:55,0.0
Jefferies Financial,,2025-11-25|2025-11-26|2025-11-28|2025-12-01|2025-12-02|2025-12-03|2025-12-04|2025-12-05|2025-12-08|2025-12-09|2025-12-10|2025-12-11|2025-12-12|2025-12-15|2025-12-16|2025-12-17|2025-12-18|2025-12-19|2025-12-22|2025-12-23|2025-12-24|2025-12-26|2025-12-29|2025-12-30|2025-12-31|2026-01-02|2026-01-05|2026-01-06|2026-01-07|2026-01-08,2026-01-09 18:41:55,0.0
Williams Companies,,2025-11-25|2025-11-26|2025-11-28|2025-12-01|2025-12-02|2025-12-03|2025-12-04|2025-12-05|2025-12-08|2025-12-09|2025-12-10|2025-12-11|2025-12-12|2025-12-15|2025-12-16|2025-12-17|2025-12-18|2025-12-19|2025-12-22|2025-12-23|2025-12-24|2025-12-26|2025-12-29|2025-12-30|2025-12-31|2026-01-02|2026-01-05|2026-01-06|2026-01-07|2026-01-08,2026-01-09 18:41:55,0.0
VF Corporation,,2025-11-25|2025-11-26|2025-11-28|2025-12-01|2025-12-02|2025-12-03|2025-12-04|2025-12-05|2025-12-08|2025-12-09|2025-12-10|2025-12-11|2025-12-12|2025-12-15|2025-12-16|2025-12-17|2025-12-18|2025-12-19|2025-12-22|2025-12-23|2025-12-24|2025-12-26|2025-12-29|2025-12-30|2025-12-31|2026-01-02|2026-01-05|2026-01-06|2026-01-07|2026-01-08,2026-01-09 18:41:55,0.0
Autoliv,,2025-11-25|2025-11-26|2025-11-28|2025-12-01|2025-12-02|2025-12-03|2025-12-04|2025-12-05|2025-12-08|2025-12-09|2025-12-10|2025-12-11|2025-12-12|2025-12-15|2025-12-16|2025-12-17|2025-12-18|2025-12-19|2025-12-22|2025-12-23|2025-12-24|2025-12-26|2025-12-29|2025-12-30|2025-12-31|2026-01-02|2026-01-05|2026-01-06|2026-01-07|2026-01-08,2026-01-09 18:41:55,0.0
Westinghouse Air Brake Technologies,,2025-11-25|2025-11-26|2025-11-28|2025-12-01|2025-12-02|2025-12-03|2025-12-04|2025-12-05|2025-12-08|2025-12-09|2025-12-10|2025-12-11|2025-12-12|2025-12-15|2025-12-16|2025-12-17|2025-12-18|2025-12-19|2025-12-22|2025-12-23|2025-12-24|2025-12-26|2025-12-29|2025-12-30|2025-12-31|2026-01-02|2026-01-05|2026-01-06|2026-01-07|2026-01-08,2026-01-09 18:41:55,0.0
Public Service Enterprise Group,,2025-11-25|2025-11-26|2025-11-28|2025-12-01|2025-12-02|2025-12-03|2025-12-04|2025-12-05|2025-12-08|2025-12-09|2025-12-10|2025-12-11|2025-12-12|2025-12-15|2025-12-16|2025-12-17|2025-12-18|2025-12-19|2025-12-22|2025-12-23|2025-12-24|2025-12-26|2025-12-29|2025-12-30|2025-12-31|2026-01-02|2026-01-05|2026-01-06|2026-01-07|2026-01-08,2026-01-09 18:41:55,0.0
Ebay,,2025-11-25|2025-11-26|2025-11-28|2025-12-01|2025-12-02|2025-12-03|2025-12-04|2025-12-05|2025-12-08|2025-12-09|2025-12-10|2025-12-11|2025-12-12|2025-12-15|2025-12-16|2025-12-17|2025-12-18|2025-12-19|2025-12-22|2025-12-23|2025-12-24|2025-12-26|2025-12-29|2025-12-30|2025-12-31|2026-01-02|2026-01-05|2026-01-06|2026-01-07|2026-01-08,2026-01-09 18:41:55,0.0
Celanese,,2025-11-25|2025-11-26|2025-11-28|2025-12-01|2025-12-02|2025-12-03|2025-12-04|2025-12-05|2025-12-08|2025-12-09|2025-12-10|2025-12-11|2025-12-12|2025-12-15|2025-12-16|2025-12-17|2025-12-18|2025-12-19|2025-12-22|2025-12-23|2025-12-24|2025-12-26|2025-12-29|2025-12-30|2025-12-31|2026-01-02|2026-01-05|2026-01-06|2026-01-07|2026-01-08,2026-01-09 18:41:55,0.0
Global Payments,,2025-11-25|2025-11-26|2025-11-28|2025-12-01|2025-12-02|2025-12-03|2025-12-04|2025-12-05|2025-12-08|2025-12-09|2025-12-10|2025-12-11|2025-12-12|2025-12-15|2025-12-16|2025-12-17|2025-12-18|2025-12-19|2025-12-22|2025-12-23|2025-12-24|2025-12-26|2025-12-29|2025-12-30|2025-12-31|2026-01-02|2026-01-05|2026-01-06|2026-01-07|2026-01-08,2026-01-09 18:41:55,0.0
News Corp,,2025-11-25|2025-11-26|2025-11-28|2025-12-01|2025-12-02|2025-12-03|2025-12-04|2025-12-05|2025-12-08|2025-12-09|2025-12-10|2025-12-11|2025-12-12|2025-12-15|2025-12-16|2025-12-17|2025-12-18|2025-12-19|2025-12-22|2025-12-23|2025-12-24|2025-12-26|2025-12-29|2025-12-30|2025-12-31|2026-01-02|2026-01-05|2026-01-06|2026-01-07|2026-01-08,2026-01-09 18:41:55,0.0
THOR Industries,,2025-11-25|2025-11-26|2025-11-28|2025-12-01|2025-12-02|2025-12-03|2025-12-04|2025-12-05|2025-12-08|2025-12-09|2025-12-10|2025-12-11|2025-12-12|2025-12-15|2025-12-16|2025-12-17|2025-12-18|2025-12-19|2025-12-22|2025-12-23|2025-12-24|2025-12-26|2025-12-29|2025-12-30|2025-12-31|2026-01-02|2026-01-05|2026-01-06|2026-01-07|2026-01-08,2026-01-09 18:41:55,0.0
Icahn Enterprises,,2025-11-25|2025-11-26|2025-11-28|2025-12-01|2025-12-02|2025-12-03|2025-12-04|2025-12-05|2025-12-08|2025-12-09|2025-12-10|2025-12-11|2025-12-12|2025-12-15|2025-12-16|2025-12-17|2025-12-18|2025-12-19|2025-12-22|2025-12-23|2025-12-24|2025-12-26|2025-12-29|2025-12-30|2025-12-31|2026-01-02|2026-01-05|2026-01-06|2026-01-07|2026-01-08,2026-01-09 18:41:55,0.0
Constellation Brands,,2025-11-25|2025-11-26|2025-11-28|2025-12-01|2025-12-02|2025-12-03|2025-12-04|2025-12-05|2025-12-08|2025-12-09|2025-12-10|2025-12-11|2025-12-12|2025-12-15|2025-12-16|2025-12-17|2025-12-18|2025-12-19|2025-12-22|2025-12-23|2025-12-24|2025-12-26|2025-12-29|2025-12-30|2025-12-31|2026-01-02|2026-01-05|2026-01-06|2026-01-07|2026-01-08,2026-01-09 18:41:55,0.0
Quest Diagnostics,,2025-11-25|2025-11-26|2025-11-28|2025-12-01|2025-12-02|2025-12-03|2025-12-04|2025-12-05|2025-12-08|2025-12-09|2025-12-10|2025-12-11|2025-12-12|2025-12-15|2025-12-16|2025-12-17|2025-12-18|2025-12-19|2025-12-22|2025-12-23|2025-12-24|2025-12-26|2025-12-29|2025-12-30|2025-12-31|2026-01-02|2026-01-05|2026-01-06|2026-01-07|2026-01-08,2026-01-09 18:41:55,0.0
KLA,,2025-11-25|2025-11-26|2025-11-28|2025-12-01|2025-12-02|2025-12-03|2025-12-04|2025-12-05|2025-12-08|2025-12-09|2025-12-10|2025-12-11|2025-12-12|2025-12-15|2025-12-16|2025-12-17|2025-12-18|2025-12-19|2025-12-22|2025-12-23|2025-12-24|2025-12-26|2025-12-29|2025-12-30|2025-12-31|2026-01-02|2026-01-05|2026-01-06|2026-01-07|2026-01-08,2026-01-09 18:41:55,0.0
QXO Building Products,,2025-11-25|2025-11-26|2025-11-28|2025-12-01|2025-12-02|2025-12-03|2025-12-04|2025-12-05|2025-12-08|2025-12-09|2025-12-10|2025-12-11|2025-12-12|2025-12-15|2025-12-16|2025-12-17|2025-12-18|2025-12-19|2025-12-22|2025-12-23|2025-12-24|2025-12-26|2025-12-29|2025-12-30|2025-12-31|2026-01-02|2026-01-05|2026-01-06|2026-01-07|2026-01-08,2026-01-09 18:41:55,0.0
APA,,2025-11-25|2025-11-26|2025-11-28|2025-12-01|2025-12-02|2025-12-03|2025-12-04|2025-12-05|2025-12-08|2025-12-09|2025-12-10|2025-12-11|2025-12-12|2025-12-15|2025-12-16|2025-12-17|2025-12-18|2025-12-19|2025-12-22|2025-12-23|2025-12-24|2025-12-26|2025-12-29|2025-12-30|2025-12-31|2026-01-02|2026-01-05|2026-01-06|2026-01-07|2026-01-08,2026-01-09 18:41:55,0.0
A-Mark Precious Metals,,2025-11-25|2025-11-26|2025-11-28|2025-12-01|2025-12-02|2025-12-03|2025-12-04|2025-12-05|2025-12-08|2025-12-09|2025-12-10|2025-12-11|2025-12-12|2025-12-15|2025-12-16|2025-12-17|2025-12-18|2025-12-19|2025-12-22|2025-12-23|2025-12-24|2025-12-26|2025-12-29|2025-12-30|2025-12-31|2026-01-02|2026-01-05|2026-01-06|2026-01-07|2026-01-08,2026-01-09 18:41:55,0.0
Biogen,,2025-11-25|2025-11-26|2025-11-28|2025-12-01|2025-12-02|2025-12-03|2025-12-04|2025-12-05|2025-12-08|2025-12-09|2025-12-10|2025-12-11|2025-12-12|2025-12-15|2025-12-16|2025-12-17|2025-12-18|2025-12-19|2025-12-22|2025-12-23|2025-12-24|2025-12-26|2025-12-29|2025-12-30|2025-12-31|2026-01-02|2026-01-05|2026-01-06|2026-01-07|2026-01-08,2026-01-09 18:41:55,0.0
Campbell Soup,,2025-11-25|2025-11-26|2025-11-28|2025-12-01|2025-12-02|2025-12-03|2025-12-04|2025-12-05|2025-12-08|2025-12-09|2025-12-10|2025-12-11|2025-12-12|2025-12-15|2025-12-16|2025-12-17|2025-12-18|2025-12-19|2025-12-22|2025-12-23|2025-12-24|2025-12-26|2025-12-29|2025-12-30|2025-12-31|2026-01-02|2026-01-05|2026-01-06|2026-01-07|2026-01-08,2026-01-09 18:41:55,0.0
Concentrix,,2025-11-25|2025-11-26|2025-11-28|2025-12-01|2025-12-02|2025-12-03|2025-12-04|2025-12-05|2025-12-08|2025-12-09|2025-12-10|2025-12-11|2025-12-12|2025-12-15|2025-12-16|2025-12-17|2025-12-18|2025-12-19|2025-12-22|2025-12-23|2025-12-24|2025-12-26|2025-12-29|2025-12-30|2025-12-31|2026-01-02|2026-01-05|2026-01-06|2026-01-07|2026-01-08,2026-01-09 18:41:55,0.0
Cintas,,2025-11-25|2025-11-26|2025-11-28|2025-12-01|2025-12-02|2025-12-03|2025-12-04|2025-12-05|2025-12-08|2025-12-09|2025-12-10|2025-12-11|2025-12-12|2025-12-15|2025-12-16|2025-12-17|2025-12-18|2025-12-19|2025-12-22|2025-12-23|2025-12-24|2025-12-26|2025-12-29|2025-12-30|2025-12-31|2026-01-02|2026-01-05|2026-01-06|2026-01-07|2026-01-08,2026-01-09 18:41:55,0.0
Analog Devices,,2025-11-25|2025-11-26|2025-11-28|2025-12-01|2025-12-02|2025-12-03|2025-12-04|2025-12-05|2025-12-08|2025-12-09|2025-12-10|2025-12-11|2025-12-12|2025-12-15|2025-12-16|2025-12-17|2025-12-18|2025-12-19|2025-12-22|2025-12-23|2025-12-24|2025-12-26|2025-12-29|2025-12-30|2025-12-31|2026-01-02|2026-01-05|2026-01-06|2026-01-07|2026-01-08,2026-01-09 18:41:55,0.0
Eastman Chemical,,2025-11-25|2025-11-26|2025-11-28|2025-12-01|2025-12-02|2025-12-03|2025-12-04|2025-12-05|2025-12-08|2025-12-09|2025-12-10|2025-12-11|2025-12-12|2025-12-15|2025-12-16|2025-12-17|2025-12-18|2025-12-19|2025-12-22|2025-12-23|2025-12-24|2025-12-26|2025-12-29|2025-12-30|2025-12-31|2026-01-02|2026-01-05|2026-01-06|2026-01-07|2026-01-08,2026-01-09 18:41:55,0.0
Interactive Brokers,,2025-11-25|2025-11-26|2025-11-28|2025-12-01|2025-12-02|2025-12-03|2025-12-04|2025-12-05|2025-12-08|2025-12-09|2025-12-10|2025-12-11|2025-12-12|2025-12-15|2025-12-16|2025-12-17|2025-12-18|2025-12-19|2025-12-22|2025-12-23|2025-12-24|2025-12-26|2025-12-29|2025-12-30|2025-12-31|2026-01-02|2026-01-05|2026-01-06|2026-01-07|2026-01-08,2026-01-09 18:41:55,0.0
Regions Financial,,2025-11-25|2025-11-26|2025-11-28|2025-12-01|2025-12-02|2025-12-03|2025-12-04|2025-12-05|2025-12-08|2025-12-09|2025-12-10|2025-12-11|2025-12-12|2025-12-15|2025-12-16|2025-12-17|2025-12-18|2025-12-19|2025-12-22|2025-12-23|2025-12-24|2025-12-26|2025-12-29|2025-12-30|2025-12-31|2026-01-02|2026-01-05|2026-01-06|2026-01-07|2026-01-08,2026-01-09 18:41:55,0.0
JetBlue Airways,,2025-11-25|2025-11-26|2025-11-28|2025-12-01|2025-12-02|2025-12-03|2025-12-04|2025-12-05|2025-12-08|2025-12-09|2025-12-10|2025-12-11|2025-12-12|2025-12-15|2025-12-16|2025-12-17|2025-12-18|2025-12-19|2025-12-22|2025-12-23|2025-12-24|2025-12-26|2025-12-29|2025-12-30|2025-12-31|2026-01-02|2026-01-05|2026-01-06|2026-01-07|2026-01-08,2026-01-09 18:41:55,0.0
Zoetis,,2025-11-25|2025-11-26|2025-11-28|2025-12-01|2025-12-02|2025-12-03|2025-12-04|2025-12-05|2025-12-08|2025-12-09|2025-12-10|2025-12-11|2025-12-12|2025-12-15|2025-12-16|2025-12-17|2025-12-18|2025-12-19|2025-12-22|2025-12-23|2025-12-24|2025-12-26|2025-12-29|2025-12-30|2025-12-31|2026-01-02|2026-01-05|2026-01-06|2026-01-07|2026-01-08,2026-01-09 18:41:55,0.0
KeyCorp,,2025-11-25|2025-11-26|2025-11-28|2025-12-01|2025-12-02|2025-12-03|2025-12-04|2025-12-05|2025-12-08|2025-12-09|2025-12-10|2025-12-11|2025-12-12|2025-12-15|2025-12-16|2025-12-17|2025-12-18|2025-12-19|2025-12-22|2025-12-23|2025-12-24|2025-12-26|2025-12-29|2025-12-30|2025-12-31|2026-01-02|2026-01-05|2026-01-06|2026-01-07|2026-01-08,2026-01-09 18:41:55,0.0
Oscar Health,,2025-11-25|2025-11-26|2025-11-28|2025-12-01|2025-12-02|2025-12-03|2025-12-04|2025-12-05|2025-12-08|2025-12-09|2025-12-10|2025-12-11|2025-12-12|2025-12-15|2025-12-16|2025-12-17|2025-12-18|2025-12-19|2025-12-22|2025-12-23|2025-12-24|2025-12-26|2025-12-29|2025-12-30|2025-12-31|2026-01-02|2026-01-05|2026-01-06|2026-01-07|2026-01-08,2026-01-09 18:41:55,0.0
Ovintiv,,2025-11-25|2025-11-26|2025-11-28|2025-12-01|2025-12-02|2025-12-03|2025-12-04|2025-12-05|2025-12-08|2025-12-09|2025-12-10|2025-12-11|2025-12-12|2025-12-15|2025-12-16|2025-12-17|2025-12-18|2025-12-19|2025-12-22|2025-12-23|2025-12-24|2025-12-26|2025-12-29|2025-12-30|2025-12-31|2026-01-02|2026-01-05|2026-01-06|2026-01-07|2026-01-08,2026-01-09 18:41:55,0.0
Seaboard,,2025-11-25|2025-11-26|2025-11-28|2025-12-01|2025-12-02|2025-12-03|2025-12-04|2025-12-05|2025-12-08|2025-12-09|2025-12-10|2025-12-11|2025-12-12|2025-12-15|2025-12-16|2025-12-17|2025-12-18|2025-12-19|2025-12-22|2025-12-23|2025-12-24|2025-12-26|2025-12-29|2025-12-30|2025-12-31|2026-01-02|2026-01-05|2026-01-06|2026-01-07|2026-01-08,2026-01-09 18:41:55,0.0
Hertz,,2025-11-25|2025-11-26|2025-11-28|2025-12-01|2025-12-02|2025-12-03|2025-12-04|2025-12-05|2025-12-08|2025-12-09|2025-12-10|2025-12-11|2025-12-12|2025-12-15|2025-12-16|2025-12-17|2025-12-18|2025-12-19|2025-12-22|2025-12-23|2025-12-24|2025-12-26|2025-12-29|2025-12-30|2025-12-31|2026-01-02|2026-01-05|2026-01-06|2026-01-07|2026-01-08,2026-01-09 18:41:55,0.0
Altice USA,,2025-11-25|2025-11-26|2025-11-28|2025-12-01|2025-12-02|2025-12-03|2025-12-04|2025-12-05|2025-12-08|2025-12-09|2025-12-10|2025-12-11|2025-12-12|2025-12-15|2025-12-16|2025-12-17|2025-12-18|2025-12-19|2025-12-22|2025-12-23|2025-12-24|2025-12-26|2025-12-29|2025-12-30|2025-12-31|2026-01-02|2026-01-05|2026-01-06|2026-01-07|2026-01-08,2026-01-09 18:41:55,0.0
NOV,,2025-11-25|2025-11-26|2025-11-28|2025-12-01|2025-12-02|2025-12-03|2025-12-04|2025-12-05|2025-12-08|2025-12-09|2025-12-10|2025-12-11|2025-12-12|2025-12-15|2025-12-16|2025-12-17|2025-12-18|2025-12-19|2025-12-22|2025-12-23|2025-12-24|2025-12-26|2025-12-29|2025-12-30|2025-12-31|2026-01-02|2026-01-05|2026-01-06|2026-01-07|2026-01-08,2026-01-09 18:41:55,0.0
Graphic Packaging,,2025-11-25|2025-11-26|2025-11-28|2025-12-01|2025-12-02|2025-12-03|2025-12-04|2025-12-05|2025-12-08|2025-12-09|2025-12-10|2025-12-11|2025-12-12|2025-12-15|2025-12-16|2025-12-17|2025-12-18|2025-12-19|2025-12-22|2025-12-23|2025-12-24|2025-12-26|2025-12-29|2025-12-30|2025-12-31|2026-01-02|2026-01-05|2026-01-06|2026-01-07|2026-01-08,2026-01-09 18:41:55,0.0
Avery Dennison,,2025-11-25|2025-11-26|2025-11-28|2025-12-01|2025-12-02|2025-12-03|2025-12-04|2025-12-05|2025-12-08|2025-12-09|2025-12-10|2025-12-11|2025-12-12|2025-12-15|2025-12-16|2025-12-17|2025-12-18|2025-12-19|2025-12-22|2025-12-23|2025-12-24|2025-12-26|2025-12-29|2025-12-30|2025-12-31|2026-01-02|2026-01-05|2026-01-06|2026-01-07|2026-01-08,2026-01-09 18:41:55,0.0
Equinix,,2025-11-25|2025-11-26|2025-11-28|2025-12-01|2025-12-02|2025-12-03|2025-12-04|2025-12-05|2025-12-08|2025-12-09|2025-12-10|2025-12-11|2025-12-12|2025-12-15|2025-12-16|2025-12-17|2025-12-18|2025-12-19|2025-12-22|2025-12-23|2025-12-24|2025-12-26|2025-12-29|2025-12-30|2025-12-31|2026-01-02|2026-01-05|2026-01-06|2026-01-07|2026-01-08,2026-01-09 18:41:55,0.0
Insight Enterprises,,2025-11-25|2025-11-26|2025-11-28|2025-12-01|2025-12-02|2025-12-03|2025-12-04|2025-12-05|2025-12-08|2025-12-09|2025-12-10|2025-12-11|2025-12-12|2025-12-15|2025-12-16|2025-12-17|2025-12-18|2025-12-19|2025-12-22|2025-12-23|2025-12-24|2025-12-26|2025-12-29|2025-12-30|2025-12-31|2026-01-02|2026-01-05|2026-01-06|2026-01-07|2026-01-08,2026-01-09 18:41:55,0.0
Sirius XM,,2025-11-25|2025-11-26|2025-11-28|2025-12-01|2025-12-02|2025-12-03|2025-12-04|2025-12-05|2025-12-08|2025-12-09|2025-12-10|2025-12-11|2025-12-12|2025-12-15|2025-12-16|2025-12-17|2025-12-18|2025-12-19|2025-12-22|2025-12-23|2025-12-24|2025-12-26|2025-12-29|2025-12-30|2025-12-31|2026-01-02|2026-01-05|2026-01-06|2026-01-07|2026-01-08,2026-01-09 18:41:55,0.0
PVH,,2025-11-25|2025-11-26|2025-11-28|2025-12-01|2025-12-02|2025-12-03|2025-12-04|2025-12-05|2025-12-08|2025-12-09|2025-12-10|2025-12-11|2025-12-12|2025-12-15|2025-12-16|2025-12-17|2025-12-18|2025-12-19|2025-12-22|2025-12-23|2025-12-24|2025-12-26|2025-12-29|2025-12-30|2025-12-31|2026-01-02|2026-01-05|2026-01-06|2026-01-07|2026-01-08,2026-01-09 18:41:55,0.0
CenterPoint Energy,,2025-11-25|2025-11-26|2025-11-28|2025-12-01|2025-12-02|2025-12-03|2025-12-04|2025-12-05|2025-12-08|2025-12-09|2025-12-10|2025-12-11|2025-12-12|2025-12-15|2025-12-16|2025-12-17|2025-12-18|2025-12-19|2025-12-22|2025-12-23|2025-12-24|2025-12-26|2025-12-29|2025-12-30|2025-12-31|2026-01-02|2026-01-05|2026-01-06|2026-01-07|2026-01-08,2026-01-09 18:41:55,0.0
WEC Energy,,2025-11-25|2025-11-26|2025-11-28|2025-12-01|2025-12-02|2025-12-03|2025-12-04|2025-12-05|2025-12-08|2025-12-09|2025-12-10|2025-12-11|2025-12-12|2025-12-15|2025-12-16|2025-12-17|2025-12-18|2025-12-19|2025-12-22|2025-12-23|2025-12-24|2025-12-26|2025-12-29|2025-12-30|2025-12-31|2026-01-02|2026-01-05|2026-01-06|2026-01-07|2026-01-08,2026-01-09 18:41:55,0.0
Xylem Inc,,2025-11-25|2025-11-26|2025-11-28|2025-12-01|2025-12-02|2025-12-03|2025-12-04|2025-12-05|2025-12-08|2025-12-09|2025-12-10|2025-12-11|2025-12-12|2025-12-15|2025-12-16|2025-12-17|2025-12-18|2025-12-19|2025-12-22|2025-12-23|2025-12-24|2025-12-26|2025-12-29|2025-12-30|2025-12-31|2026-01-02|2026-01-05|2026-01-06|2026-01-07|2026-01-08,2026-01-09 18:41:55,0.0
Franklin Resources,,2025-11-25|2025-11-26|2025-11-28|2025-12-01|2025-12-02|2025-12-03|2025-12-04|2025-12-05|2025-12-08|2025-12-09|2025-12-10|2025-12-11|2025-12-12|2025-12-15|2025-12-16|2025-12-17|2025-12-18|2025-12-19|2025-12-22|2025-12-23|2025-12-24|2025-12-26|2025-12-29|2025-12-30|2025-12-31|2026-01-02|2026-01-05|2026-01-06|2026-01-07|2026-01-08,2026-01-09 18:41:55,0.0
PPL Corporation,,2025-11-25|2025-11-26|2025-11-28|2025-12-01|2025-12-02|2025-12-03|2025-12-04|2025-12-05|2025-12-08|2025-12-09|2025-12-10|2025-12-11|2025-12-12|2025-12-15|2025-12-16|2025-12-17|2025-12-18|2025-12-19|2025-12-22|2025-12-23|2025-12-24|2025-12-26|2025-12-29|2025-12-30|2025-12-31|2026-01-02|2026-01-05|2026-01-06|2026-01-07|2026-01-08,2026-01-09 18:41:55,0.0
Workday,,2025-11-25|2025-11-26|2025-11-28|2025-12-01|2025-12-02|2025-12-03|2025-12-04|2025-12-05|2025-12-08|2025-12-09|2025-12-10|2025-12-11|2025-12-12|2025-12-15|2025-12-16|2025-12-17|2025-12-18|2025-12-19|2025-12-22|2025-12-23|2025-12-24|2025-12-26|2025-12-29|2025-12-30|2025-12-31|2026-01-02|2026-01-05|2026-01-06|2026-01-07|2026-01-08,2026-01-09 18:41:55,0.0
Dover Corporation,,2025-11-25|2025-11-26|2025-11-28|2025-12-01|2025-12-02|2025-12-03|2025-12-04|2025-12-05|2025-12-08|2025-12-09|2025-12-10|2025-12-11|2025-12-12|2025-12-15|2025-12-16|2025-12-17|2025-12-18|2025-12-19|2025-12-22|2025-12-23|2025-12-24|2025-12-26|2025-12-29|2025-12-30|2025-12-31|2026-01-02|2026-01-05|2026-01-06|2026-01-07|2026-01-08,2026-01-09 18:41:55,0.0
Packaging Corp of America,,2025-11-25|2025-11-26|2025-11-28|2025-12-01|2025-12-02|2025-12-03|2025-12-04|2025-12-05|2025-12-08|2025-12-09|2025-12-10|2025-12-11|2025-12-12|2025-12-15|2025-12-16|2025-12-17|2025-12-18|2025-12-19|2025-12-22|2025-12-23|2025-12-24|2025-12-26|2025-12-29|2025-12-30|2025-12-31|2026-01-02|2026-01-05|2026-01-06|2026-01-07|2026-01-08,2026-01-09 18:41:55,0.0
ABM Industries,,2025-11-25|2025-11-26|2025-11-28|2025-12-01|2025-12-02|2025-12-03|2025-12-04|2025-12-05|2025-12-08|2025-12-09|2025-12-10|2025-12-11|2025-12-12|2025-12-15|2025-12-16|2025-12-17|2025-12-18|2025-12-19|2025-12-22|2025-12-23|2025-12-24|2025-12-26|2025-12-29|2025-12-30|2025-12-31|2026-01-02|2026-01-05|2026-01-06|2026-01-07|2026-01-08,2026-01-09 18:41:55,0.0
Intuitive Surgical,,2025-11-25|2025-11-26|2025-11-28|2025-12-01|2025-12-02|2025-12-03|2025-12-04|2025-12-05|2025-12-08|2025-12-09|2025-12-10|2025-12-11|2025-12-12|2025-12-15|2025-12-16|2025-12-17|2025-12-18|2025-12-19|2025-12-22|2025-12-23|2025-12-24|2025-12-26|2025-12-29|2025-12-30|2025-12-31|2026-01-02|2026-01-05|2026-01-06|2026-01-07|2026-01-08,2026-01-09 18:41:55,0.0
American Financial Group,,2025-11-25|2025-11-26|2025-11-28|2025-12-01|2025-12-02|2025-12-03|2025-12-04|2025-12-05|2025-12-08|2025-12-09|2025-12-10|2025-12-11|2025-12-12|2025-12-15|2025-12-16|2025-12-17|2025-12-18|2025-12-19|2025-12-22|2025-12-23|2025-12-24|2025-12-26|2025-12-29|2025-12-30|2025-12-31|2026-01-02|2026-01-05|2026-01-06|2026-01-07|2026-01-08,2026-01-09 18:41:55,0.0
Rockwell Automation,,2025-11-25|2025-11-26|2025-11-28|2025-12-01|2025-12-02|2025-12-03|2025-12-04|2025-12-05|2025-12-08|2025-12-09|2025-12-10|2025-12-11|2025-12-12|2025-12-15|2025-12-16|2025-12-17|2025-12-18|2025-12-19|2025-12-22|2025-12-23|2025-12-24|2025-12-26|2025-12-29|2025-12-30|2025-12-31|2026-01-02|2026-01-05|2026-01-06|2026-01-07|2026-01-08,2026-01-09 18:41:55,0.0
Solventum,,2025-11-25|2025-11-26|2025-11-28|2025-12-01|2025-12-02|2025-12-03|2025-12-04|2025-12-05|2025-12-08|2025-12-09|2025-12-10|2025-12-11|2025-12-12|2025-12-15|2025-12-16|2025-12-17|2025-12-18|2025-12-19|2025-12-22|2025-12-23|2025-12-24|2025-12-26|2025-12-29|2025-12-30|2025-12-31|2026-01-02|2026-01-05|2026-01-06|2026-01-07|2026-01-08,2026-01-09 18:41:55,0.0
Old Republic International,,2025-11-25|2025-11-26|2025-11-28|2025-12-01|2025-12-02|2025-12-03|2025-12-04|2025-12-05|2025-12-08|2025-12-09|2025-12-10|2025-12-11|2025-12-12|2025-12-15|2025-12-16|2025-12-17|2025-12-18|2025-12-19|2025-12-22|2025-12-23|2025-12-24|2025-12-26|2025-12-29|2025-12-30|2025-12-31|2026-01-02|2026-01-05|2026-01-06|2026-01-07|2026-01-08,2026-01-09 18:41:55,0.0
Prologis,,2025-11-25|2025-11-26|2025-11-28|2025-12-01|2025-12-02|2025-12-03|2025-12-04|2025-12-05|2025-12-08|2025-12-09|2025-12-10|2025-12-11|2025-12-12|2025-12-15|2025-12-16|2025-12-17|2025-12-18|2025-12-19|2025-12-22|2025-12-23|2025-12-24|2025-12-26|2025-12-29|2025-12-30|2025-12-31|2026-01-02|2026-01-05|2026-01-06|2026-01-07|2026-01-08,2026-01-09 18:41:55,0.0
JM Smucker,,2025-11-25|2025-11-26|2025-11-28|2025-12-01|2025-12-02|2025-12-03|2025-12-04|2025-12-05|2025-12-08|2025-12-09|2025-12-10|2025-12-11|2025-12-12|2025-12-15|2025-12-16|2025-12-17|2025-12-18|2025-12-19|2025-12-22|2025-12-23|2025-12-24|2025-12-26|2025-12-29|2025-12-30|2025-12-31|2026-01-02|2026-01-05|2026-01-06|2026-01-07|2026-01-08,2026-01-09 18:41:55,0.0
Taylor Morrison Home,,2025-11-25|2025-11-26|2025-11-28|2025-12-01|2025-12-02|2025-12-03|2025-12-04|2025-12-05|2025-12-08|2025-12-09|2025-12-10|2025-12-11|2025-12-12|2025-12-15|2025-12-16|2025-12-17|2025-12-18|2025-12-19|2025-12-22|2025-12-23|2025-12-24|2025-12-26|2025-12-29|2025-12-30|2025-12-31|2026-01-02|2026-01-05|2026-01-06|2026-01-07|2026-01-08,2026-01-09 18:41:55,0.0
XPO,,2025-11-25|2025-11-26|2025-11-28|2025-12-01|2025-12-02|2025-12-03|2025-12-04|2025-12-05|2025-12-08|2025-12-09|2025-12-10|2025-12-11|2025-12-12|2025-12-15|2025-12-16|2025-12-17|2025-12-18|2025-12-19|2025-12-22|2025-12-23|2025-12-24|2025-12-26|2025-12-29|2025-12-30|2025-12-31|2026-01-02|2026-01-05|2026-01-06|2026-01-07|2026-01-08,2026-01-09 18:41:55,0.0
Voya Financial,,2025-11-25|2025-11-26|2025-11-28|2025-12-01|2025-12-02|2025-12-03|2025-12-04|2025-12-05|2025-12-08|2025-12-09|2025-12-10|2025-12-11|2025-12-12|2025-12-15|2025-12-16|2025-12-17|2025-12-18|2025-12-19|2025-12-22|2025-12-23|2025-12-24|2025-12-26|2025-12-29|2025-12-30|2025-12-31|2026-01-02|2026-01-05|2026-01-06|2026-01-07|2026-01-08,2026-01-09 18:41:55,0.0
Palo Alto Networks,,2025-11-25|2025-11-26|2025-11-28|2025-12-01|2025-12-02|2025-12-03|2025-12-04|2025-12-05|2025-12-08|2025-12-09|2025-12-10|2025-12-11|2025-12-12|2025-12-15|2025-12-16|2025-12-17|2025-12-18|2025-12-19|2025-12-22|2025-12-23|2025-12-24|2025-12-26|2025-12-29|2025-12-30|2025-12-31|2026-01-02|2026-01-05|2026-01-06|2026-01-07|2026-01-08,2026-01-09 18:41:55,0.0
Vertiv,,2025-11-25|2025-11-26|2025-11-28|2025-12-01|2025-12-02|2025-12-03|2025-12-04|2025-12-05|2025-12-08|2025-12-09|2025-12-10|2025-12-11|2025-12-12|2025-12-15|2025-12-16|2025-12-17|2025-12-18|2025-12-19|2025-12-22|2025-12-23|2025-12-24|2025-12-26|2025-12-29|2025-12-30|2025-12-31|2026-01-02|2026-01-05|2026-01-06|2026-01-07|2026-01-08,2026-01-09 18:41:55,0.0
Welltower,,2025-11-25|2025-11-26|2025-11-28|2025-12-01|2025-12-02|2025-12-03|2025-12-04|2025-12-05|2025-12-08|2025-12-09|2025-12-10|2025-12-11|2025-12-12|2025-12-15|2025-12-16|2025-12-17|2025-12-18|2025-12-19|2025-12-22|2025-12-23|2025-12-24|2025-12-26|2025-12-29|2025-12-30|2025-12-31|2026-01-02|2026-01-05|2026-01-06|2026-01-07|2026-01-08,2026-01-09 18:41:55,0.0
Par Pacific,,2025-11-25|2025-11-26|2025-11-28|2025-12-01|2025-12-02|2025-12-03|2025-12-04|2025-12-05|2025-12-08|2025-12-09|2025-12-10|2025-12-11|2025-12-12|2025-12-15|2025-12-16|2025-12-17|2025-12-18|2025-12-19|2025-12-22|2025-12-23|2025-12-24|2025-12-26|2025-12-29|2025-12-30|2025-12-31|2026-01-02|2026-01-05|2026-01-06|2026-01-07|2026-01-08,2026-01-09 18:41:55,0.0
TransDigm,,2025-11-25|2025-11-26|2025-11-28|2025-12-01|2025-12-02|2025-12-03|2025-12-04|2025-12-05|2025-12-08|2025-12-09|2025-12-10|2025-12-11|2025-12-12|2025-12-15|2025-12-16|2025-12-17|2025-12-18|2025-12-19|2025-12-22|2025-12-23|2025-12-24|2025-12-26|2025-12-29|2025-12-30|2025-12-31|2026-01-02|2026-01-05|2026-01-06|2026-01-07|2026-01-08,2026-01-09 18:41:55,0.0
Commercial Metals,,2025-11-25|2025-11-26|2025-11-28|2025-12-01|2025-12-02|2025-12-03|2025-12-04|2025-12-05|2025-12-08|2025-12-09|2025-12-10|2025-12-11|2025-12-12|2025-12-15|2025-12-16|2025-12-17|2025-12-18|2025-12-19|2025-12-22|2025-12-23|2025-12-24|2025-12-26|2025-12-29|2025-12-30|2025-12-31|2026-01-02|2026-01-05|2026-01-06|2026-01-07|2026-01-08,2026-01-09 18:41:55,0.0
Post Holdings,,2025-11-25|2025-11-26|2025-11-28|2025-12-01|2025-12-02|2025-12-03|2025-12-04|2025-12-05|2025-12-08|2025-12-09|2025-12-10|2025-12-11|2025-12-12|2025-12-15|2025-12-16|2025-12-17|2025-12-18|2025-12-19|2025-12-22|2025-12-23|2025-12-24|2025-12-26|2025-12-29|2025-12-30|2025-12-31|2026-01-02|2026-01-05|2026-01-06|2026-01-07|2026-01-08,2026-01-09 18:41:55,0.0
Masco,,2025-11-25|2025-11-26|2025-11-28|2025-12-01|2025-12-02|2025-12-03|2025-12-04|2025-12-05|2025-12-08|2025-12-09|2025-12-10|2025-12-11|2025-12-12|2025-12-15|2025-12-16|2025-12-17|2025-12-18|2025-12-19|2025-12-22|2025-12-23|2025-12-24|2025-12-26|2025-12-29|2025-12-30|2025-12-31|2026-01-02|2026-01-05|2026-01-06|2026-01-07|2026-01-08,2026-01-09 18:41:55,0.0
Rush Enterprises,,2025-11-25|2025-11-26|2025-11-28|2025-12-01|2025-12-02|2025-12-03|2025-12-04|2025-12-05|2025-12-08|2025-12-09|2025-12-10|2025-12-11|2025-12-12|2025-12-15|2025-12-16|2025-12-17|2025-12-18|2025-12-19|2025-12-22|2025-12-23|2025-12-24|2025-12-26|2025-12-29|2025-12-30|2025-12-31|2026-01-02|2026-01-05|2026-01-06|2026-01-07|2026-01-08,2026-01-09 18:41:55,0.0
KBR,,2025-11-25|2025-11-26|2025-11-28|2025-12-01|2025-12-02|2025-12-03|2025-12-04|2025-12-05|2025-12-08|2025-12-09|2025-12-10|2025-12-11|2025-12-12|2025-12-15|2025-12-16|2025-12-17|2025-12-18|2025-12-19|2025-12-22|2025-12-23|2025-12-24|2025-12-26|2025-12-29|2025-12-30|2025-12-31|2026-01-02|2026-01-05|2026-01-06|2026-01-07|2026-01-08,2026-01-09 18:41:55,0.0
Sprouts Farmers Market,,2025-11-25|2025-11-26|2025-11-28|2025-12-01|2025-12-02|2025-12-03|2025-12-04|2025-12-05|2025-12-08|2025-12-09|2025-12-10|2025-12-11|2025-12-12|2025-12-15|2025-12-16|2025-12-17|2025-12-18|2025-12-19|2025-12-22|2025-12-23|2025-12-24|2025-12-26|2025-12-29|2025-12-30|2025-12-31|2026-01-02|2026-01-05|2026-01-06|2026-01-07|2026-01-08,2026-01-09 18:41:55,0.0
Williams-Sonoma,,2025-11-25|2025-11-26|2025-11-28|2025-12-01|2025-12-02|2025-12-03|2025-12-04|2025-12-05|2025-12-08|2025-12-09|2025-12-10|2025-12-11|2025-12-12|2025-12-15|2025-12-16|2025-12-17|2025-12-18|2025-12-19|2025-12-22|2025-12-23|2025-12-24|2025-12-26|2025-12-29|2025-12-30|2025-12-31|2026-01-02|2026-01-05|2026-01-06|2026-01-07|2026-01-08,2026-01-09 18:41:55,0.0
Zimmer Biomet,,2025-11-25|2025-11-26|2025-11-28|2025-12-01|2025-12-02|2025-12-03|2025-12-04|2025-12-05|2025-12-08|2025-12-09|2025-12-10|2025-12-11|2025-12-12|2025-12-15|2025-12-16|2025-12-17|2025-12-18|2025-12-19|2025-12-22|2025-12-23|2025-12-24|2025-12-26|2025-12-29|2025-12-30|2025-12-31|2026-01-02|2026-01-05|2026-01-06|2026-01-07|2026-01-08,2026-01-09 18:41:55,0.0
CACI International,,2025-11-25|2025-11-26|2025-11-28|2025-12-01|2025-12-02|2025-12-03|2025-12-04|2025-12-05|2025-12-08|2025-12-09|2025-12-10|2025-12-11|2025-12-12|2025-12-15|2025-12-16|2025-12-17|2025-12-18|2025-12-19|2025-12-22|2025-12-23|2025-12-24|2025-12-26|2025-12-29|2025-12-30|2025-12-31|2026-01-02|2026-01-05|2026-01-06|2026-01-07|2026-01-08,2026-01-09 18:41:55,0.0
Microchip Technology,,2025-11-25|2025-11-26|2025-11-28|2025-12-01|2025-12-02|2025-12-03|2025-12-04|2025-12-05|2025-12-08|2025-12-09|2025-12-10|2025-12-11|2025-12-12|2025-12-15|2025-12-16|2025-12-17|2025-12-18|2025-12-19|2025-12-22|2025-12-23|2025-12-24|2025-12-26|2025-12-29|2025-12-30|2025-12-31|2026-01-02|2026-01-05|2026-01-06|2026-01-07|2026-01-08,2026-01-09 18:41:55,0.0
Watsco,,2025-11-25|2025-11-26|2025-11-28|2025-12-01|2025-12-02|2025-12-03|2025-12-04|2025-12-05|2025-12-08|2025-12-09|2025-12-10|2025-12-11|2025-12-12|2025-12-15|2025-12-16|2025-12-17|2025-12-18|2025-12-19|2025-12-22|2025-12-23|2025-12-24|2025-12-26|2025-12-29|2025-12-30|2025-12-31|2026-01-02|2026-01-05|2026-01-06|2026-01-07|2026-01-08,2026-01-09 18:41:55,0.0
Newell Brands,,2025-11-25|2025-11-26|2025-11-28|2025-12-01|2025-12-02|2025-12-03|2025-12-04|2025-12-05|2025-12-08|2025-12-09|2025-12-10|2025-12-11|2025-12-12|2025-12-15|2025-12-16|2025-12-17|2025-12-18|2025-12-19|2025-12-22|2025-12-23|2025-12-24|2025-12-26|2025-12-29|2025-12-30|2025-12-31|2026-01-02|2026-01-05|2026-01-06|2026-01-07|2026-01-08,2026-01-09 18:41:55,0.0
ARKO,,2025-11-25|2025-11-26|2025-11-28|2025-12-01|2025-12-02|2025-12-03|2025-12-04|2025-12-05|2025-12-08|2025-12-09|2025-12-10|2025-12-11|2025-12-12|2025-12-15|2025-12-16|2025-12-17|2025-12-18|2025-12-19|2025-12-22|2025-12-23|2025-12-24|2025-12-26|2025-12-29|2025-12-30|2025-12-31|2026-01-02|2026-01-05|2026-01-06|2026-01-07|2026-01-08,2026-01-09 18:41:55,0.0
Sanmina,,2025-11-25|2025-11-26|2025-11-28|2025-12-01|2025-12-02|2025-12-03|2025-12-04|2025-12-05|2025-12-08|2025-12-09|2025-12-10|2025-12-11|2025-12-12|2025-12-15|2025-12-16|2025-12-17|2025-12-18|2025-12-19|2025-12-22|2025-12-23|2025-12-24|2025-12-26|2025-12-29|2025-12-30|2025-12-31|2026-01-02|2026-01-05|2026-01-06|2026-01-07|2026-01-08,2026-01-09 18:41:55,0.0
Electronic Arts,,2025-11-25|2025-11-26|2025-11-28|2025-12-01|2025-12-02|2025-12-03|2025-12-04|2025-12-05|2025-12-08|2025-12-09|2025-12-10|2025-12-11|2025-12-12|2025-12-15|2025-12-16|2025-12-17|2025-12-18|2025-12-19|2025-12-22|2025-12-23|2025-12-24|2025-12-26|2025-12-29|2025-12-30|2025-12-31|2026-01-02|2026-01-05|2026-01-06|2026-01-07|2026-01-08,2026-01-09 18:41:55,0.0
Yum Brands,,2025-11-25|2025-11-26|2025-11-28|2025-12-01|2025-12-02|2025-12-03|2025-12-04|2025-12-05|2025-12-08|2025-12-09|2025-12-10|2025-12-11|2025-12-12|2025-12-15|2025-12-16|2025-12-17|2025-12-18|2025-12-19|2025-12-22|2025-12-23|2025-12-24|2025-12-26|2025-12-29|2025-12-30|2025-12-31|2026-01-02|2026-01-05|2026-01-06|2026-01-07|2026-01-08,2026-01-09 18:41:55,0.0
Fastenal,,2025-11-25|2025-11-26|2025-11-28|2025-12-01|2025-12-02|2025-12-03|2025-12-04|2025-12-05|2025-12-08|2025-12-09|2025-12-10|2025-12-11|2025-12-12|2025-12-15|2025-12-16|2025-12-17|2025-12-18|2025-12-19|2025-12-22|2025-12-23|2025-12-24|2025-12-26|2025-12-29|2025-12-30|2025-12-31|2026-01-02|2026-01-05|2026-01-06|2026-01-07|2026-01-08,2026-01-09 18:41:55,0.0
CMS Energy,,2025-11-25|2025-11-26|2025-11-28|2025-12-01|2025-12-02|2025-12-03|2025-12-04|2025-12-05|2025-12-08|2025-12-09|2025-12-10|2025-12-11|2025-12-12|2025-12-15|2025-12-16|2025-12-17|2025-12-18|2025-12-19|2025-12-22|2025-12-23|2025-12-24|2025-12-26|2025-12-29|2025-12-30|2025-12-31|2026-01-02|2026-01-05|2026-01-06|2026-01-07|2026-01-08,2026-01-09 18:41:55,0.0
Monster Beverage,,2025-11-25|2025-11-26|2025-11-28|2025-12-01|2025-12-02|2025-12-03|2025-12-04|2025-12-05|2025-12-08|2025-12-09|2025-12-10|2025-12-11|2025-12-12|2025-12-15|2025-12-16|2025-12-17|2025-12-18|2025-12-19|2025-12-22|2025-12-23|2025-12-24|2025-12-26|2025-12-29|2025-12-30|2025-12-31|2026-01-02|2026-01-05|2026-01-06|2026-01-07|2026-01-08,2026-01-09 18:41:55,0.0
Science Applications International,,2025-11-25|2025-11-26|2025-11-28|2025-12-01|2025-12-02|2025-12-03|2025-12-04|2025-12-05|2025-12-08|2025-12-09|2025-12-10|2025-12-11|2025-12-12|2025-12-15|2025-12-16|2025-12-17|2025-12-18|2025-12-19|2025-12-22|2025-12-23|2025-12-24|2025-12-26|2025-12-29|2025-12-30|2025-12-31|2026-01-02|2026-01-05|2026-01-06|2026-01-07|2026-01-08,2026-01-09 18:41:55,0.0
Core & Main,,2025-11-25|2025-11-26|2025-11-28|2025-12-01|2025-12-02|2025-12-03|2025-12-04|2025-12-05|2025-12-08|2025-12-09|2025-12-10|2025-12-11|2025-12-12|2025-12-15|2025-12-16|2025-12-17|2025-12-18|2025-12-19|2025-12-22|2025-12-23|2025-12-24|2025-12-26|2025-12-29|2025-12-30|2025-12-31|2026-01-02|2026-01-05|2026-01-06|2026-01-07|2026-01-08,2026-01-09 18:41:55,0.0
Howmet Aerospace,,2025-11-25|2025-11-26|2025-11-28|2025-12-01|2025-12-02|2025-12-03|2025-12-04|2025-12-05|2025-12-08|2025-12-09|2025-12-10|2025-12-11|2025-12-12|2025-12-15|2025-12-16|2025-12-17|2025-12-18|2025-12-19|2025-12-22|2025-12-23|2025-12-24|2025-12-26|2025-12-29|2025-12-30|2025-12-31|2026-01-02|2026-01-05|2026-01-06|2026-01-07|2026-01-08,2026-01-09 18:41:55,0.0
Ingredion,,2025-11-25|2025-11-26|2025-11-28|2025-12-01|2025-12-02|2025-12-03|2025-12-04|2025-12-05|2025-12-08|2025-12-09|2025-12-10|2025-12-11|2025-12-12|2025-12-15|2025-12-16|2025-12-17|2025-12-18|2025-12-19|2025-12-22|2025-12-23|2025-12-24|2025-12-26|2025-12-29|2025-12-30|2025-12-31|2026-01-02|2026-01-05|2026-01-06|2026-01-07|2026-01-08,2026-01-09 18:41:55,0.0
Vulcan Materials,,2025-11-25|2025-11-26|2025-11-28|2025-12-01|2025-12-02|2025-12-03|2025-12-04|2025-12-05|2025-12-08|2025-12-09|2025-12-10|2025-12-11|2025-12-12|2025-12-15|2025-12-16|2025-12-17|2025-12-18|2025-12-19|2025-12-22|2025-12-23|2025-12-24|2025-12-26|2025-12-29|2025-12-30|2025-12-31|2026-01-02|2026-01-05|2026-01-06|2026-01-07|2026-01-08,2026-01-09 18:41:55,0.0
Smurfit Westrock,,2025-11-25|2025-11-26|2025-11-28|2025-12-01|2025-12-02|2025-12-03|2025-12-04|2025-12-05|2025-12-08|2025-12-09|2025-12-10|2025-12-11|2025-12-12|2025-12-15|2025-12-16|2025-12-17|2025-12-18|2025-12-19|2025-12-22|2025-12-23|2025-12-24|2025-12-26|2025-12-29|2025-12-30|2025-12-31|2026-01-02|2026-01-05|2026-01-06|2026-01-07|2026-01-08,2026-01-09 18:41:55,0.0
Crown Holdings,,2025-11-25|2025-11-26|2025-11-28|2025-12-01|2025-12-02|2025-12-03|2025-12-04|2025-12-05|2025-12-08|2025-12-09|2025-12-10|2025-12-11|2025-12-12|2025-12-15|2025-12-16|2025-12-17|2025-12-18|2025-12-19|2025-12-22|2025-12-23|2025-12-24|2025-12-26|2025-12-29|2025-12-30|2025-12-31|2026-01-02|2026-01-05|2026-01-06|2026-01-07|2026-01-08,2026-01-09 18:41:55,0.0
Dana Incorporated,,2025-11-25|2025-11-26|2025-11-28|2025-12-01|2025-12-02|2025-12-03|2025-12-04|2025-12-05|2025-12-08|2025-12-09|2025-12-10|2025-12-11|2025-12-12|2025-12-15|2025-12-16|2025-12-17|2025-12-18|2025-12-19|2025-12-22|2025-12-23|2025-12-24|2025-12-26|2025-12-29|2025-12-30|2025-12-31|2026-01-02|2026-01-05|2026-01-06|2026-01-07|2026-01-08,2026-01-09 18:41:55,0.0
Albemarle Corporation,,2025-11-25|2025-11-26|2025-11-28|2025-12-01|2025-12-02|2025-12-03|2025-12-04|2025-12-05|2025-12-08|2025-12-09|2025-12-10|2025-12-11|2025-12-12|2025-12-15|2025-12-16|2025-12-17|2025-12-18|2025-12-19|2025-12-22|2025-12-23|2025-12-24|2025-12-26|2025-12-29|2025-12-30|2025-12-31|2026-01-02|2026-01-05|2026-01-06|2026-01-07|2026-01-08,2026-01-09 18:41:55,0.0
Polaris Inc,,2025-11-25|2025-11-26|2025-11-28|2025-12-01|2025-12-02|2025-12-03|2025-12-04|2025-12-05|2025-12-08|2025-12-09|2025-12-10|2025-12-11|2025-12-12|2025-12-15|2025-12-16|2025-12-17|2025-12-18|2025-12-19|2025-12-22|2025-12-23|2025-12-24|2025-12-26|2025-12-29|2025-12-30|2025-12-31|2026-01-02|2026-01-05|2026-01-06|2026-01-07|2026-01-08,2026-01-09 18:41:55,0.0
UGI Utilities Inc,,2025-11-25|2025-11-26|2025-11-28|2025-12-01|2025-12-02|2025-12-03|2025-12-04|2025-12-05|2025-12-08|2025-12-09|2025-12-10|2025-12-11|2025-12-12|2025-12-15|2025-12-16|2025-12-17|2025-12-18|2025-12-19|2025-12-22|2025-12-23|2025-12-24|2025-12-26|2025-12-29|2025-12-30|2025-12-31|2026-01-02|2026-01-05|2026-01-06|2026-01-07|2026-01-08,2026-01-09 18:41:55,0.0
Expand Energy Corporation,,2025-11-25|2025-11-26|2025-11-28|2025-12-01|2025-12-02|2025-12-03|2025-12-04|2025-12-05|2025-12-08|2025-12-09|2025-12-10|2025-12-11|2025-12-12|2025-12-15|2025-12-16|2025-12-17|2025-12-18|2025-12-19|2025-12-22|2025-12-23|2025-12-24|2025-12-26|2025-12-29|2025-12-30|2025-12-31|2026-01-02|2026-01-05|2026-01-06|2026-01-07|2026-01-08,2026-01-09 18:41:55,0.0
NGL Energy Partners,,2025-11-25|2025-11-26|2025-11-28|2025-12-01|2025-12-02|2025-12-03|2025-12-04|2025-12-05|2025-12-08|2025-12-09|2025-12-10|2025-12-11|2025-12-12|2025-12-15|2025-12-16|2025-12-17|2025-12-18|2025-12-19|2025-12-22|2025-12-23|2025-12-24|2025-12-26|2025-12-29|2025-12-30|2025-12-31|2026-01-02|2026-01-05|2026-01-06|2026-01-07|2026-01-08,2026-01-09 18:41:55,0.0
ON Semiconductor,,2025-11-25|2025-11-26|2025-11-28|2025-12-01|2025-12-02|2025-12-03|2025-12-04|2025-12-05|2025-12-08|2025-12-09|2025-12-10|2025-12-11|2025-12-12|2025-12-15|2025-12-16|2025-12-17|2025-12-18|2025-12-19|2025-12-22|2025-12-23|2025-12-24|2025-12-26|2025-12-29|2025-12-30|2025-12-31|2026-01-02|2026-01-05|2026-01-06|2026-01-07|2026-01-08,2026-01-09 18:41:55,0.0
Flagstar Financial,,2025-11-25|2025-11-26|2025-11-28|2025-12-01|2025-12-02|2025-12-03|2025-12-04|2025-12-05|2025-12-08|2025-12-09|2025-12-10|2025-12-11|2025-12-12|2025-12-15|2025-12-16|2025-12-17|2025-12-18|2025-12-19|2025-12-22|2025-12-23|2025-12-24|2025-12-26|2025-12-29|2025-12-30|2025-12-31|2026-01-02|2026-01-05|2026-01-06|2026-01-07|2026-01-08,2026-01-09 18:41:55,0.0
ODP Business Solutions,,2025-11-05|2025-11-06|2025-11-07|2025-11-10|2025-11-11|2025-11-12|2025-11-13|2025-11-14|2025-11-17|2025-11-18|2025-11-19|2025-11-20|2025-11-21|2025-11-24|2025-11-25|2025-11-26|2025-11-28|2025-12-01|2025-12-02|2025-12-03|2025-12-04|2025-12-05|2025-12-08|2025-12-09|2025-12-10|2025-12-11|2025-12-12|2025-12-15|2025-12-16|2025-12-17,2026-01-09 18:41:55,0.0
Weyerhaeuser,,2025-11-25|2025-11-26|2025-11-28|2025-12-01|2025-12-02|2025-12-03|2025-12-04|2025-12-05|2025-12-08|2025-12-09|2025-12-10|2025-12-11|2025-12-12|2025-12-15|2025-12-16|2025-12-17|2025-12-18|2025-12-19|2025-12-22|2025-12-23|2025-12-24|2025-12-26|2025-12-29|2025-12-30|2025-12-31|2026-01-02|2026-01-05|2026-01-06|2026-01-07|2026-01-08,2026-01-09 18:41:55,0.0
Genworth Financial,,2025-11-25|2025-11-26|2025-11-28|2025-12-01|2025-12-02|2025-12-03|2025-12-04|2025-12-05|2025-12-08|2025-12-09|2025-12-10|2025-12-11|2025-12-12|2025-12-15|2025-12-16|2025-12-17|2025-12-18|2025-12-19|2025-12-22|2025-12-23|2025-12-24|2025-12-26|2025-12-29|2025-12-30|2025-12-31|2026-01-02|2026-01-05|2026-01-06|2026-01-07|2026-01-08,2026-01-09 18:41:55,0.0
Bath & Body Works,,2025-11-25|2025-11-26|2025-11-28|2025-12-01|2025-12-02|2025-12-03|2025-12-04|2025-12-05|2025-12-08|2025-12-09|2025-12-10|2025-12-11|2025-12-12|2025-12-15|2025-12-16|2025-12-17|2025-12-18|2025-12-19|2025-12-22|2025-12-23|2025-12-24|2025-12-26|2025-12-29|2025-12-30|2025-12-31|2026-01-02|2026-01-05|2026-01-06|2026-01-07|2026-01-08,2026-01-09 18:41:55,0.0
Clorox,,2025-11-25|2025-11-26|2025-11-28|2025-12-01|2025-12-02|2025-12-03|2025-12-04|2025-12-05|2025-12-08|2025-12-09|2025-12-10|2025-12-11|2025-12-12|2025-12-15|2025-12-16|2025-12-17|2025-12-18|2025-12-19|2025-12-22|2025-12-23|2025-12-24|2025-12-26|2025-12-29|2025-12-30|2025-12-31|2026-01-02|2026-01-05|2026-01-06|2026-01-07|2026-01-08,2026-01-09 18:41:55,0.0
RPM International,,2025-11-25|2025-11-26|2025-11-28|2025-12-01|2025-12-02|2025-12-03|2025-12-04|2025-12-05|2025-12-08|2025-12-09|2025-12-10|2025-12-11|2025-12-12|2025-12-15|2025-12-16|2025-12-17|2025-12-18|2025-12-19|2025-12-22|2025-12-23|2025-12-24|2025-12-26|2025-12-29|2025-12-30|2025-12-31|2026-01-02|2026-01-05|2026-01-06|2026-01-07|2026-01-08,2026-01-09 18:41:55,0.0
UFP Industries,,2025-11-25|2025-11-26|2025-11-28|2025-12-01|2025-12-02|2025-12-03|2025-12-04|2025-12-05|2025-12-08|2025-12-09|2025-12-10|2025-12-11|2025-12-12|2025-12-15|2025-12-16|2025-12-17|2025-12-18|2025-12-19|2025-12-22|2025-12-23|2025-12-24|2025-12-26|2025-12-29|2025-12-30|2025-12-31|2026-01-02|2026-01-05|2026-01-06|2026-01-07|2026-01-08,2026-01-09 18:41:55,0.0
Ameren,,2025-11-25|2025-11-26|2025-11-28|2025-12-01|2025-12-02|2025-12-03|2025-12-04|2025-12-05|2025-12-08|2025-12-09|2025-12-10|2025-12-11|2025-12-12|2025-12-15|2025-12-16|2025-12-17|2025-12-18|2025-12-19|2025-12-22|2025-12-23|2025-12-24|2025-12-26|2025-12-29|2025-12-30|2025-12-31|2026-01-02|2026-01-05|2026-01-06|2026-01-07|2026-01-08,2026-01-09 18:41:55,0.0
Knight Swift Transportation,,2025-11-25|2025-11-26|2025-11-28|2025-12-01|2025-12-02|2025-12-03|2025-12-04|2025-12-05|2025-12-08|2025-12-09|2025-12-10|2025-12-11|2025-12-12|2025-12-15|2025-12-16|2025-12-17|2025-12-18|2025-12-19|2025-12-22|2025-12-23|2025-12-24|2025-12-26|2025-12-29|2025-12-30|2025-12-31|2026-01-02|2026-01-05|2026-01-06|2026-01-07|2026-01-08,2026-01-09 18:41:55,0.0
Super Micro Computer,,2025-11-25|2025-11-26|2025-11-28|2025-12-01|2025-12-02|2025-12-03|2025-12-04|2025-12-05|2025-12-08|2025-12-09|2025-12-10|2025-12-11|2025-12-12|2025-12-15|2025-12-16|2025-12-17|2025-12-18|2025-12-19|2025-12-22|2025-12-23|2025-12-24|2025-12-26|2025-12-29|2025-12-30|2025-12-31|2026-01-02|2026-01-05|2026-01-06|2026-01-07|2026-01-08,2026-01-09 18:41:55,0.0
O-I Glass,,2025-11-25|2025-11-26|2025-11-28|2025-12-01|2025-12-02|2025-12-03|2025-12-04|2025-12-05|2025-12-08|2025-12-09|2025-12-10|2025-12-11|2025-12-12|2025-12-15|2025-12-16|2025-12-17|2025-12-18|2025-12-19|2025-12-22|2025-12-23|2025-12-24|2025-12-26|2025-12-29|2025-12-30|2025-12-31|2026-01-02|2026-01-05|2026-01-06|2026-01-07|2026-01-08,2026-01-09 18:41:55,0.0
CommScope,,2025-11-25|2025-11-26|2025-11-28|2025-12-01|2025-12-02|2025-12-03|2025-12-04|2025-12-05|2025-12-08|2025-12-09|2025-12-10|2025-12-11|2025-12-12|2025-12-15|2025-12-16|2025-12-17|2025-12-18|2025-12-19|2025-12-22|2025-12-23|2025-12-24|2025-12-26|2025-12-29|2025-12-30|2025-12-31|2026-01-02|2026-01-05|2026-01-06|2026-01-07|2026-01-08,2026-01-09 18:41:55,0.0
Crown Castle,,2025-11-25|2025-11-26|2025-11-28|2025-12-01|2025-12-02|2025-12-03|2025-12-04|2025-12-05|2025-12-08|2025-12-09|2025-12-10|2025-12-11|2025-12-12|2025-12-15|2025-12-16|2025-12-17|2025-12-18|2025-12-19|2025-12-22|2025-12-23|2025-12-24|2025-12-26|2025-12-29|2025-12-30|2025-12-31|2026-01-02|2026-01-05|2026-01-06|2026-01-07|2026-01-08,2026-01-09 18:41:55,0.0
Avantor,,2025-11-25|2025-11-26|2025-11-28|2025-12-01|2025-12-02|2025-12-03|2025-12-04|2025-12-05|2025-12-08|2025-12-09|2025-12-10|2025-12-11|2025-12-12|2025-12-15|2025-12-16|2025-12-17|2025-12-18|2025-12-19|2025-12-22|2025-12-23|2025-12-24|2025-12-26|2025-12-29|2025-12-30|2025-12-31|2026-01-02|2026-01-05|2026-01-06|2026-01-07|2026-01-08,2026-01-09 18:41:55,0.0
Opendoor Technologies,,2025-11-25|2025-11-26|2025-11-28|2025-12-01|2025-12-02|2025-12-03|2025-12-04|2025-12-05|2025-12-08|2025-12-09|2025-12-10|2025-12-11|2025-12-12|2025-12-15|2025-12-16|2025-12-17|2025-12-18|2025-12-19|2025-12-22|2025-12-23|2025-12-24|2025-12-26|2025-12-29|2025-12-30|2025-12-31|2026-01-02|2026-01-05|2026-01-06|2026-01-07|2026-01-08,2026-01-09 18:41:55,0.0
APi Group,,2025-11-25|2025-11-26|2025-11-28|2025-12-01|2025-12-02|2025-12-03|2025-12-04|2025-12-05|2025-12-08|2025-12-09|2025-12-10|2025-12-11|2025-12-12|2025-12-15|2025-12-16|2025-12-17|2025-12-18|2025-12-19|2025-12-22|2025-12-23|2025-12-24|2025-12-26|2025-12-29|2025-12-30|2025-12-31|2026-01-02|2026-01-05|2026-01-06|2026-01-07|2026-01-08,2026-01-09 18:41:55,0.0
EQT,,2025-11-25|2025-11-26|2025-11-28|2025-12-01|2025-12-02|2025-12-03|2025-12-04|2025-12-05|2025-12-08|2025-12-09|2025-12-10|2025-12-11|2025-12-12|2025-12-15|2025-12-16|2025-12-17|2025-12-18|2025-12-19|2025-12-22|2025-12-23|2025-12-24|2025-12-26|2025-12-29|2025-12-30|2025-12-31|2026-01-02|2026-01-05|2026-01-06|2026-01-07|2026-01-08,2026-01-09 18:41:55,0.0
Xerox,,2025-11-25|2025-11-26|2025-11-28|2025-12-01|2025-12-02|2025-12-03|2025-12-04|2025-12-05|2025-12-08|2025-12-09|2025-12-10|2025-12-11|2025-12-12|2025-12-15|2025-12-16|2025-12-17|2025-12-18|2025-12-19|2025-12-22|2025-12-23|2025-12-24|2025-12-26|2025-12-29|2025-12-30|2025-12-31|2026-01-02|2026-01-05|2026-01-06|2026-01-07|2026-01-08,2026-01-09 18:41:55,0.0
Ingersoll Rand,,2025-11-25|2025-11-26|2025-11-28|2025-12-01|2025-12-02|2025-12-03|2025-12-04|2025-12-05|2025-12-08|2025-12-09|2025-12-10|2025-12-11|2025-12-12|2025-12-15|2025-12-16|2025-12-17|2025-12-18|2025-12-19|2025-12-22|2025-12-23|2025-12-24|2025-12-26|2025-12-29|2025-12-30|2025-12-31|2026-01-02|2026-01-05|2026-01-06|2026-01-07|2026-01-08,2026-01-09 18:41:55,0.0
Dillards,,2025-11-25|2025-11-26|2025-11-28|2025-12-01|2025-12-02|2025-12-03|2025-12-04|2025-12-05|2025-12-08|2025-12-09|2025-12-10|2025-12-11|2025-12-12|2025-12-15|2025-12-16|2025-12-17|2025-12-18|2025-12-19|2025-12-22|2025-12-23|2025-12-24|2025-12-26|2025-12-29|2025-12-30|2025-12-31|2026-01-02|2026-01-05|2026-01-06|2026-01-07|2026-01-08,2026-01-09 18:41:55,0.0
Martin Marietta Materials,,2025-11-25|2025-11-26|2025-11-28|2025-12-01|2025-12-02|2025-12-03|2025-12-04|2025-12-05|2025-12-08|2025-12-09|2025-12-10|2025-12-11|2025-12-12|2025-12-15|2025-12-16|2025-12-17|2025-12-18|2025-12-19|2025-12-22|2025-12-23|2025-12-24|2025-12-26|2025-12-29|2025-12-30|2025-12-31|2026-01-02|2026-01-05|2026-01-06|2026-01-07|2026-01-08,2026-01-09 18:41:55,0.0
Moderna,,2025-11-25|2025-11-26|2025-11-28|2025-12-01|2025-12-02|2025-12-03|2025-12-04|2025-12-05|2025-12-08|2025-12-09|2025-12-10|2025-12-11|2025-12-12|2025-12-15|2025-12-16|2025-12-17|2025-12-18|2025-12-19|2025-12-22|2025-12-23|2025-12-24|2025-12-26|2025-12-29|2025-12-30|2025-12-31|2026-01-02|2026-01-05|2026-01-06|2026-01-07|2026-01-08,2026-01-09 18:41:55,0.0
Boise Cascade,,2025-11-25|2025-11-26|2025-11-28|2025-12-01|2025-12-02|2025-12-03|2025-12-04|2025-12-05|2025-12-08|2025-12-09|2025-12-10|2025-12-11|2025-12-12|2025-12-15|2025-12-16|2025-12-17|2025-12-18|2025-12-19|2025-12-22|2025-12-23|2025-12-24|2025-12-26|2025-12-29|2025-12-30|2025-12-31|2026-01-02|2026-01-05|2026-01-06|2026-01-07|2026-01-08,2026-01-09 18:41:55,0.0
Agilent Technologies,,2025-11-25|2025-11-26|2025-11-28|2025-12-01|2025-12-02|2025-12-03|2025-12-04|2025-12-05|2025-12-08|2025-12-09|2025-12-10|2025-12-11|2025-12-12|2025-12-15|2025-12-16|2025-12-17|2025-12-18|2025-12-19|2025-12-22|2025-12-23|2025-12-24|2025-12-26|2025-12-29|2025-12-30|2025-12-31|2026-01-02|2026-01-05|2026-01-06|2026-01-07|2026-01-08,2026-01-09 18:41:55,0.0
Olin Corporation,,2025-11-25|2025-11-26|2025-11-28|2025-12-01|2025-12-02|2025-12-03|2025-12-04|2025-12-05|2025-12-08|2025-12-09|2025-12-10|2025-12-11|2025-12-12|2025-12-15|2025-12-16|2025-12-17|2025-12-18|2025-12-19|2025-12-22|2025-12-23|2025-12-24|2025-12-26|2025-12-29|2025-12-30|2025-12-31|2026-01-02|2026-01-05|2026-01-06|2026-01-07|2026-01-08,2026-01-09 18:41:55,0.0
Darling Ingredients,,2025-11-25|2025-11-26|2025-11-28|2025-12-01|2025-12-02|2025-12-03|2025-12-04|2025-12-05|2025-12-08|2025-12-09|2025-12-10|2025-12-11|2025-12-12|2025-12-15|2025-12-16|2025-12-17|2025-12-18|2025-12-19|2025-12-22|2025-12-23|2025-12-24|2025-12-26|2025-12-29|2025-12-30|2025-12-31|2026-01-02|2026-01-05|2026-01-06|2026-01-07|2026-01-08,2026-01-09 18:41:55,0.0
Sonoco Products,,2025-11-25|2025-11-26|2025-11-28|2025-12-01|2025-12-02|2025-12-03|2025-12-04|2025-12-05|2025-12-08|2025-12-09|2025-12-10|2025-12-11|2025-12-12|2025-12-15|2025-12-16|2025-12-17|2025-12-18|2025-12-19|2025-12-22|2025-12-23|2025-12-24|2025-12-26|2025-12-29|2025-12-30|2025-12-31|2026-01-02|2026-01-05|2026-01-06|2026-01-07|2026-01-08,2026-01-09 18:41:55,0.0
Hyatt Hotels,,2025-11-25|2025-11-26|2025-11-28|2025-12-01|2025-12-02|2025-12-03|2025-12-04|2025-12-05|2025-12-08|2025-12-09|2025-12-10|2025-12-11|2025-12-12|2025-12-15|2025-12-16|2025-12-17|2025-12-18|2025-12-19|2025-12-22|2025-12-23|2025-12-24|2025-12-26|2025-12-29|2025-12-30|2025-12-31|2026-01-02|2026-01-05|2026-01-06|2026-01-07|2026-01-08,2026-01-09 18:41:55,0.0
Select Medical Holdings,,2025-11-25|2025-11-26|2025-11-28|2025-12-01|2025-12-02|2025-12-03|2025-12-04|2025-12-05|2025-12-08|2025-12-09|2025-12-10|2025-12-11|2025-12-12|2025-12-15|2025-12-16|2025-12-17|2025-12-18|2025-12-19|2025-12-22|2025-12-23|2025-12-24|2025-12-26|2025-12-29|2025-12-30|2025-12-31|2026-01-02|2026-01-05|2026-01-06|2026-01-07|2026-01-08,2026-01-09 18:41:55,0.0
McCormick & Company,,2025-11-25|2025-11-26|2025-11-28|2025-12-01|2025-12-02|2025-12-03|2025-12-04|2025-12-05|2025-12-08|2025-12-09|2025-12-10|2025-12-11|2025-12-12|2025-12-15|2025-12-16|2025-12-17|2025-12-18|2025-12-19|2025-12-22|2025-12-23|2025-12-24|2025-12-26|2025-12-29|2025-12-30|2025-12-31|2026-01-02|2026-01-05|2026-01-06|2026-01-07|2026-01-08,2026-01-09 18:41:55,0.0
Tapestry,,2025-11-25|2025-11-26|2025-11-28|2025-12-01|2025-12-02|2025-12-03|2025-12-04|2025-12-05|2025-12-08|2025-12-09|2025-12-10|2025-12-11|2025-12-12|2025-12-15|2025-12-16|2025-12-17|2025-12-18|2025-12-19|2025-12-22|2025-12-23|2025-12-24|2025-12-26|2025-12-29|2025-12-30|2025-12-31|2026-01-02|2026-01-05|2026-01-06|2026-01-07|2026-01-08,2026-01-09 18:41:55,0.0
CF Industries,,2025-11-25|2025-11-26|2025-11-28|2025-12-01|2025-12-02|2025-12-03|2025-12-04|2025-12-05|2025-12-08|2025-12-09|2025-12-10|2025-12-11|2025-12-12|2025-12-15|2025-12-16|2025-12-17|2025-12-18|2025-12-19|2025-12-22|2025-12-23|2025-12-24|2025-12-26|2025-12-29|2025-12-30|2025-12-31|2026-01-02|2026-01-05|2026-01-06|2026-01-07|2026-01-08,2026-01-09 18:41:55,0.0
Ametek,,2025-11-25|2025-11-26|2025-11-28|2025-12-01|2025-12-02|2025-12-03|2025-12-04|2025-12-05|2025-12-08|2025-12-09|2025-12-10|2025-12-11|2025-12-12|2025-12-15|2025-12-16|2025-12-17|2025-12-18|2025-12-19|2025-12-22|2025-12-23|2025-12-24|2025-12-26|2025-12-29|2025-12-30|2025-12-31|2026-01-02|2026-01-05|2026-01-06|2026-01-07|2026-01-08,2026-01-09 18:41:55,0.0
Wynn Resorts,,2025-11-25|2025-11-26|2025-11-28|2025-12-01|2025-12-02|2025-12-03|2025-12-04|2025-12-05|2025-12-08|2025-12-09|2025-12-10|2025-12-11|2025-12-12|2025-12-15|2025-12-16|2025-12-17|2025-12-18|2025-12-19|2025-12-22|2025-12-23|2025-12-24|2025-12-26|2025-12-29|2025-12-30|2025-12-31|2026-01-02|2026-01-05|2026-01-06|2026-01-07|2026-01-08,2026-01-09 18:41:55,0.0
Amkor Technology,,2025-11-25|2025-11-26|2025-11-28|2025-12-01|2025-12-02|2025-12-03|2025-12-04|2025-12-05|2025-12-08|2025-12-09|2025-12-10|2025-12-11|2025-12-12|2025-12-15|2025-12-16|2025-12-17|2025-12-18|2025-12-19|2025-12-22|2025-12-23|2025-12-24|2025-12-26|2025-12-29|2025-12-30|2025-12-31|2026-01-02|2026-01-05|2026-01-06|2026-01-07|2026-01-08,2026-01-09 18:41:55,0.0
Insperity,,2025-11-25|2025-11-26|2025-11-28|2025-12-01|2025-12-02|2025-12-03|2025-12-04|2025-12-05|2025-12-08|2025-12-09|2025-12-10|2025-12-11|2025-12-12|2025-12-15|2025-12-16|2025-12-17|2025-12-18|2025-12-19|2025-12-22|2025-12-23|2025-12-24|2025-12-26|2025-12-29|2025-12-30|2025-12-31|2026-01-02|2026-01-05|2026-01-06|2026-01-07|2026-01-08,2026-01-09 18:41:55,0.0
T Rowe Price,,2025-11-25|2025-11-26|2025-11-28|2025-12-01|2025-12-02|2025-12-03|2025-12-04|2025-12-05|2025-12-08|2025-12-09|2025-12-10|2025-12-11|2025-12-12|2025-12-15|2025-12-16|2025-12-17|2025-12-18|2025-12-19|2025-12-22|2025-12-23|2025-12-24|2025-12-26|2025-12-29|2025-12-30|2025-12-31|2026-01-02|2026-01-05|2026-01-06|2026-01-07|2026-01-08,2026-01-09 18:41:55,0.0
Ralph Lauren,,2025-11-25|2025-11-26|2025-11-28|2025-12-01|2025-12-02|2025-12-03|2025-12-04|2025-12-05|2025-12-08|2025-12-09|2025-12-10|2025-12-11|2025-12-12|2025-12-15|2025-12-16|2025-12-17|2025-12-18|2025-12-19|2025-12-22|2025-12-23|2025-12-24|2025-12-26|2025-12-29|2025-12-30|2025-12-31|2026-01-02|2026-01-05|2026-01-06|2026-01-07|2026-01-08,2026-01-09 18:41:55,0.0
KB Home,,2025-11-25|2025-11-26|2025-11-28|2025-12-01|2025-12-02|2025-12-03|2025-12-04|2025-12-05|2025-12-08|2025-12-09|2025-12-10|2025-12-11|2025-12-12|2025-12-15|2025-12-16|2025-12-17|2025-12-18|2025-12-19|2025-12-22|2025-12-23|2025-12-24|2025-12-26|2025-12-29|2025-12-30|2025-12-31|2026-01-02|2026-01-05|2026-01-06|2026-01-07|2026-01-08,2026-01-09 18:41:55,0.0
Brunswick Corporation,,2025-11-25|2025-11-26|2025-11-28|2025-12-01|2025-12-02|2025-12-03|2025-12-04|2025-12-05|2025-12-08|2025-12-09|2025-12-10|2025-12-11|2025-12-12|2025-12-15|2025-12-16|2025-12-17|2025-12-18|2025-12-19|2025-12-22|2025-12-23|2025-12-24|2025-12-26|2025-12-29|2025-12-30|2025-12-31|2026-01-02|2026-01-05|2026-01-06|2026-01-07|2026-01-08,2026-01-09 18:41:55,0.0
Robert Half,,2025-11-25|2025-11-26|2025-11-28|2025-12-01|2025-12-02|2025-12-03|2025-12-04|2025-12-05|2025-12-08|2025-12-09|2025-12-10|2025-12-11|2025-12-12|2025-12-15|2025-12-16|2025-12-17|2025-12-18|2025-12-19|2025-12-22|2025-12-23|2025-12-24|2025-12-26|2025-12-29|2025-12-30|2025-12-31|2026-01-02|2026-01-05|2026-01-06|2026-01-07|2026-01-08,2026-01-09 18:41:55,0.0
PENN Entertainment,,2025-11-25|2025-11-26|2025-11-28|2025-12-01|2025-12-02|2025-12-03|2025-12-04|2025-12-05|2025-12-08|2025-12-09|2025-12-10|2025-12-11|2025-12-12|2025-12-15|2025-12-16|2025-12-17|2025-12-18|2025-12-19|2025-12-22|2025-12-23|2025-12-24|2025-12-26|2025-12-29|2025-12-30|2025-12-31|2026-01-02|2026-01-05|2026-01-06|2026-01-07|2026-01-08,2026-01-09 18:41:55,0.0
NetApp,,2025-11-25|2025-11-26|2025-11-28|2025-12-01|2025-12-02|2025-12-03|2025-12-04|2025-12-05|2025-12-08|2025-12-09|2025-12-10|2025-12-11|2025-12-12|2025-12-15|2025-12-16|2025-12-17|2025-12-18|2025-12-19|2025-12-22|2025-12-23|2025-12-24|2025-12-26|2025-12-29|2025-12-30|2025-12-31|2026-01-02|2026-01-05|2026-01-06|2026-01-07|2026-01-08,2026-01-09 18:41:55,0.0
Organon,,2025-11-25|2025-11-26|2025-11-28|2025-12-01|2025-12-02|2025-12-03|2025-12-04|2025-12-05|2025-12-08|2025-12-09|2025-12-10|2025-12-11|2025-12-12|2025-12-15|2025-12-16|2025-12-17|2025-12-18|2025-12-19|2025-12-22|2025-12-23|2025-12-24|2025-12-26|2025-12-29|2025-12-30|2025-12-31|2026-01-02|2026-01-05|2026-01-06|2026-01-07|2026-01-08,2026-01-09 18:41:55,0.0
Petco Health and Wellness,,2025-11-25|2025-11-26|2025-11-28|2025-12-01|2025-12-02|2025-12-03|2025-12-04|2025-12-05|2025-12-08|2025-12-09|2025-12-10|2025-12-11|2025-12-12|2025-12-15|2025-12-16|2025-12-17|2025-12-18|2025-12-19|2025-12-22|2025-12-23|2025-12-24|2025-12-26|2025-12-29|2025-12-30|2025-12-31|2026-01-02|2026-01-05|2026-01-06|2026-01-07|2026-01-08,2026-01-09 18:41:55,0.0
Regal Rexnord,,2025-11-25|2025-11-26|2025-11-28|2025-12-01|2025-12-02|2025-12-03|2025-12-04|2025-12-05|2025-12-08|2025-12-09|2025-12-10|2025-12-11|2025-12-12|2025-12-15|2025-12-16|2025-12-17|2025-12-18|2025-12-19|2025-12-22|2025-12-23|2025-12-24|2025-12-26|2025-12-29|2025-12-30|2025-12-31|2026-01-02|2026-01-05|2026-01-06|2026-01-07|2026-01-08,2026-01-09 18:41:55,0.0
Resideo Technologies,,2025-11-25|2025-11-26|2025-11-28|2025-12-01|2025-12-02|2025-12-03|2025-12-04|2025-12-05|2025-12-08|2025-12-09|2025-12-10|2025-12-11|2025-12-12|2025-12-15|2025-12-16|2025-12-17|2025-12-18|2025-12-19|2025-12-22|2025-12-23|2025-12-24|2025-12-26|2025-12-29|2025-12-30|2025-12-31|2026-01-02|2026-01-05|2026-01-06|2026-01-07|2026-01-08,2026-01-09 18:41:55,0.0
Camping World,,2025-11-25|2025-11-26|2025-11-28|2025-12-01|2025-12-02|2025-12-03|2025-12-04|2025-12-05|2025-12-08|2025-12-09|2025-12-10|2025-12-11|2025-12-12|2025-12-15|2025-12-16|2025-12-17|2025-12-18|2025-12-19|2025-12-22|2025-12-23|2025-12-24|2025-12-26|2025-12-29|2025-12-30|2025-12-31|2026-01-02|2026-01-05|2026-01-06|2026-01-07|2026-01-08,2026-01-09 18:41:55,0.0
Huntsman Corporation,,2025-11-25|2025-11-26|2025-11-28|2025-12-01|2025-12-02|2025-12-03|2025-12-04|2025-12-05|2025-12-08|2025-12-09|2025-12-10|2025-12-11|2025-12-12|2025-12-15|2025-12-16|2025-12-17|2025-12-18|2025-12-19|2025-12-22|2025-12-23|2025-12-24|2025-12-26|2025-12-29|2025-12-30|2025-12-31|2026-01-02|2026-01-05|2026-01-06|2026-01-07|2026-01-08,2026-01-09 18:41:55,0.0
Victorias Secret,,2025-11-25|2025-11-26|2025-11-28|2025-12-01|2025-12-02|2025-12-03|2025-12-04|2025-12-05|2025-12-08|2025-12-09|2025-12-10|2025-12-11|2025-12-12|2025-12-15|2025-12-16|2025-12-17|2025-12-18|2025-12-19|2025-12-22|2025-12-23|2025-12-24|2025-12-26|2025-12-29|2025-12-30|2025-12-31|2026-01-02|2026-01-05|2026-01-06|2026-01-07|2026-01-08,2026-01-09 18:41:55,0.0
Levi Strauss,,2025-11-25|2025-11-26|2025-11-28|2025-12-01|2025-12-02|2025-12-03|2025-12-04|2025-12-05|2025-12-08|2025-12-09|2025-12-10|2025-12-11|2025-12-12|2025-12-15|2025-12-16|2025-12-17|2025-12-18|2025-12-19|2025-12-22|2025-12-23|2025-12-24|2025-12-26|2025-12-29|2025-12-30|2025-12-31|2026-01-02|2026-01-05|2026-01-06|2026-01-07|2026-01-08,2026-01-09 18:41:55,0.0
Roper Technologies,,2025-11-25|2025-11-26|2025-11-28|2025-12-01|2025-12-02|2025-12-03|2025-12-04|2025-12-05|2025-12-08|2025-12-09|2025-12-10|2025-12-11|2025-12-12|2025-12-15|2025-12-16|2025-12-17|2025-12-18|2025-12-19|2025-12-22|2025-12-23|2025-12-24|2025-12-26|2025-12-29|2025-12-30|2025-12-31|2026-01-02|2026-01-05|2026-01-06|2026-01-07|2026-01-08,2026-01-09 18:41:55,0.0
Academy Sports and Outdoors,,2025-11-25|2025-11-26|2025-11-28|2025-12-01|2025-12-02|2025-12-03|2025-12-04|2025-12-05|2025-12-08|2025-12-09|2025-12-10|2025-12-11|2025-12-12|2025-12-15|2025-12-16|2025-12-17|2025-12-18|2025-12-19|2025-12-22|2025-12-23|2025-12-24|2025-12-26|2025-12-29|2025-12-30|2025-12-31|2026-01-02|2026-01-05|2026-01-06|2026-01-07|2026-01-08,2026-01-09 18:41:55,0.0
Meritage Homes,,2025-11-25|2025-11-26|2025-11-28|2025-12-01|2025-12-02|2025-12-03|2025-12-04|2025-12-05|2025-12-08|2025-12-09|2025-12-10|2025-12-11|2025-12-12|2025-12-15|2025-12-16|2025-12-17|2025-12-18|2025-12-19|2025-12-22|2025-12-23|2025-12-24|2025-12-26|2025-12-29|2025-12-30|2025-12-31|2026-01-02|2026-01-05|2026-01-06|2026-01-07|2026-01-08,2026-01-09 18:41:55,0.0
American Axle & Manufacturing,,2025-11-25|2025-11-26|2025-11-28|2025-12-01|2025-12-02|2025-12-03|2025-12-04|2025-12-05|2025-12-08|2025-12-09|2025-12-10|2025-12-11|2025-12-12|2025-12-15|2025-12-16|2025-12-17|2025-12-18|2025-12-19|2025-12-22|2025-12-23|2025-12-24|2025-12-26|2025-12-29|2025-12-30|2025-12-31|2026-01-02|2026-01-05|2026-01-06|2026-01-07|2026-01-08,2026-01-09 18:41:55,0.0
Fortive,,2025-11-25|2025-11-26|2025-11-28|2025-12-01|2025-12-02|2025-12-03|2025-12-04|2025-12-05|2025-12-08|2025-12-09|2025-12-10|2025-12-11|2025-12-12|2025-12-15|2025-12-16|2025-12-17|2025-12-18|2025-12-19|2025-12-22|2025-12-23|2025-12-24|2025-12-26|2025-12-29|2025-12-30|2025-12-31|2026-01-02|2026-01-05|2026-01-06|2026-01-07|2026-01-08,2026-01-09 18:41:55,0.0
Nasdaq Inc,,2025-11-25|2025-11-26|2025-11-28|2025-12-01|2025-12-02|2025-12-03|2025-12-04|2025-12-05|2025-12-08|2025-12-09|2025-12-10|2025-12-11|2025-12-12|2025-12-15|2025-12-16|2025-12-17|2025-12-18|2025-12-19|2025-12-22|2025-12-23|2025-12-24|2025-12-26|2025-12-29|2025-12-30|2025-12-31|2026-01-02|2026-01-05|2026-01-06|2026-01-07|2026-01-08,2026-01-09 18:41:55,0.0
Broadridge Financial Solutions,,2025-11-25|2025-11-26|2025-11-28|2025-12-01|2025-12-02|2025-12-03|2025-12-04|2025-12-05|2025-12-08|2025-12-09|2025-12-10|2025-12-11|2025-12-12|2025-12-15|2025-12-16|2025-12-17|2025-12-18|2025-12-19|2025-12-22|2025-12-23|2025-12-24|2025-12-26|2025-12-29|2025-12-30|2025-12-31|2026-01-02|2026-01-05|2026-01-06|2026-01-07|2026-01-08,2026-01-09 18:41:55,0.0
Spirit AeroSystems,,2025-10-24|2025-10-27|2025-10-28|2025-10-29|2025-10-30|2025-10-31|2025-11-03|2025-11-04|2025-11-05|2025-11-06|2025-11-07|2025-11-10|2025-11-11|2025-11-12|2025-11-13|2025-11-14|2025-11-17|2025-11-18|2025-11-19|2025-11-20|2025-11-21|2025-11-24|2025-11-25|2025-11-26|2025-11-28|2025-12-01|2025-12-02|2025-12-03|2025-12-04|2025-12-05,2026-01-09 18:41:55,0.0
Warner Music Group,,2025-11-25|2025-11-26|2025-11-28|2025-12-01|2025-12-02|2025-12-03|2025-12-04|2025-12-05|2025-12-08|2025-12-09|2025-12-10|2025-12-11|2025-12-12|2025-12-15|2025-12-16|2025-12-17|2025-12-18|2025-12-19|2025-12-22|2025-12-23|2025-12-24|2025-12-26|2025-12-29|2025-12-30|2025-12-31|2026-01-02|2026-01-05|2026-01-06|2026-01-07|2026-01-08,2026-01-09 18:41:55,0.0
Chemours,,2025-11-25|2025-11-26|2025-11-28|2025-12-01|2025-12-02|2025-12-03|2025-12-04|2025-12-05|2025-12-08|2025-12-09|2025-12-10|2025-12-11|2025-12-12|2025-12-15|2025-12-16|2025-12-17|2025-12-18|2025-12-19|2025-12-22|2025-12-23|2025-12-24|2025-12-26|2025-12-29|2025-12-30|2025-12-31|2026-01-02|2026-01-05|2026-01-06|2026-01-07|2026-01-08,2026-01-09 18:41:55,0.0
ADT,,2025-11-25|2025-11-26|2025-11-28|2025-12-01|2025-12-02|2025-12-03|2025-12-04|2025-12-05|2025-12-08|2025-12-09|2025-12-10|2025-12-11|2025-12-12|2025-12-15|2025-12-16|2025-12-17|2025-12-18|2025-12-19|2025-12-22|2025-12-23|2025-12-24|2025-12-26|2025-12-29|2025-12-30|2025-12-31|2026-01-02|2026-01-05|2026-01-06|2026-01-07|2026-01-08,2026-01-09 18:41:55,0.0
Edwards Lifesciences,,2025-11-25|2025-11-26|2025-11-28|2025-12-01|2025-12-02|2025-12-03|2025-12-04|2025-12-05|2025-12-08|2025-12-09|2025-12-10|2025-12-11|2025-12-12|2025-12-15|2025-12-16|2025-12-17|2025-12-18|2025-12-19|2025-12-22|2025-12-23|2025-12-24|2025-12-26|2025-12-29|2025-12-30|2025-12-31|2026-01-02|2026-01-05|2026-01-06|2026-01-07|2026-01-08,2026-01-09 18:41:55,0.0
First American Financial,,2025-11-25|2025-11-26|2025-11-28|2025-12-01|2025-12-02|2025-12-03|2025-12-04|2025-12-05|2025-12-08|2025-12-09|2025-12-10|2025-12-11|2025-12-12|2025-12-15|2025-12-16|2025-12-17|2025-12-18|2025-12-19|2025-12-22|2025-12-23|2025-12-24|2025-12-26|2025-12-29|2025-12-30|2025-12-31|2026-01-02|2026-01-05|2026-01-06|2026-01-07|2026-01-08,2026-01-09 18:41:55,0.0
Hanover Insurance Group,,2025-11-25|2025-11-26|2025-11-28|2025-12-01|2025-12-02|2025-12-03|2025-12-04|2025-12-05|2025-12-08|2025-12-09|2025-12-10|2025-12-11|2025-12-12|2025-12-15|2025-12-16|2025-12-17|2025-12-18|2025-12-19|2025-12-22|2025-12-23|2025-12-24|2025-12-26|2025-12-29|2025-12-30|2025-12-31|2026-01-02|2026-01-05|2026-01-06|2026-01-07|2026-01-08,2026-01-09 18:41:55,0.0
Silgan,,2025-11-25|2025-11-26|2025-11-28|2025-12-01|2025-12-02|2025-12-03|2025-12-04|2025-12-05|2025-12-08|2025-12-09|2025-12-10|2025-12-11|2025-12-12|2025-12-15|2025-12-16|2025-12-17|2025-12-18|2025-12-19|2025-12-22|2025-12-23|2025-12-24|2025-12-26|2025-12-29|2025-12-30|2025-12-31|2026-01-02|2026-01-05|2026-01-06|2026-01-07|2026-01-08,2026-01-09 18:41:55,0.0
Moodys Corporation,,2025-11-25|2025-11-26|2025-11-28|2025-12-01|2025-12-02|2025-12-03|2025-12-04|2025-12-05|2025-12-08|2025-12-09|2025-12-10|2025-12-11|2025-12-12|2025-12-15|2025-12-16|2025-12-17|2025-12-18|2025-12-19|2025-12-22|2025-12-23|2025-12-24|2025-12-26|2025-12-29|2025-12-30|2025-12-31|2026-01-02|2026-01-05|2026-01-06|2026-01-07|2026-01-08,2026-01-09 18:41:55,0.0
Coterra Energy,,2025-11-25|2025-11-26|2025-11-28|2025-12-01|2025-12-02|2025-12-03|2025-12-04|2025-12-05|2025-12-08|2025-12-09|2025-12-10|2025-12-11|2025-12-12|2025-12-15|2025-12-16|2025-12-17|2025-12-18|2025-12-19|2025-12-22|2025-12-23|2025-12-24|2025-12-26|2025-12-29|2025-12-30|2025-12-31|2026-01-02|2026-01-05|2026-01-06|2026-01-07|2026-01-08,2026-01-09 18:41:55,0.0
Gartner,,2025-11-25|2025-11-26|2025-11-28|2025-12-01|2025-12-02|2025-12-03|2025-12-04|2025-12-05|2025-12-08|2025-12-09|2025-12-10|2025-12-11|2025-12-12|2025-12-15|2025-12-16|2025-12-17|2025-12-18|2025-12-19|2025-12-22|2025-12-23|2025-12-24|2025-12-26|2025-12-29|2025-12-30|2025-12-31|2026-01-02|2026-01-05|2026-01-06|2026-01-07|2026-01-08,2026-01-09 18:41:55,0.0
Under Armour,,2025-11-25|2025-11-26|2025-11-28|2025-12-01|2025-12-02|2025-12-03|2025-12-04|2025-12-05|2025-12-08|2025-12-09|2025-12-10|2025-12-11|2025-12-12|2025-12-15|2025-12-16|2025-12-17|2025-12-18|2025-12-19|2025-12-22|2025-12-23|2025-12-24|2025-12-26|2025-12-29|2025-12-30|2025-12-31|2026-01-02|2026-01-05|2026-01-06|2026-01-07|2026-01-08,2026-01-09 18:41:55,0.0
Ingles Markets,,2025-11-25|2025-11-26|2025-11-28|2025-12-01|2025-12-02|2025-12-03|2025-12-04|2025-12-05|2025-12-08|2025-12-09|2025-12-10|2025-12-11|2025-12-12|2025-12-15|2025-12-16|2025-12-17|2025-12-18|2025-12-19|2025-12-22|2025-12-23|2025-12-24|2025-12-26|2025-12-29|2025-12-30|2025-12-31|2026-01-02|2026-01-05|2026-01-06|2026-01-07|2026-01-08,2026-01-09 18:41:55,0.0
Church & Dwight,,2025-11-25|2025-11-26|2025-11-28|2025-12-01|2025-12-02|2025-12-03|2025-12-04|2025-12-05|2025-12-08|2025-12-09|2025-12-10|2025-12-11|2025-12-12|2025-12-15|2025-12-16|2025-12-17|2025-12-18|2025-12-19|2025-12-22|2025-12-23|2025-12-24|2025-12-26|2025-12-29|2025-12-30|2025-12-31|2026-01-02|2026-01-05|2026-01-06|2026-01-07|2026-01-08,2026-01-09 18:41:55,0.0
Old Dominion Freight Line,,2025-11-25|2025-11-26|2025-11-28|2025-12-01|2025-12-02|2025-12-03|2025-12-04|2025-12-05|2025-12-08|2025-12-09|2025-12-10|2025-12-11|2025-12-12|2025-12-15|2025-12-16|2025-12-17|2025-12-18|2025-12-19|2025-12-22|2025-12-23|2025-12-24|2025-12-26|2025-12-29|2025-12-30|2025-12-31|2026-01-02|2026-01-05|2026-01-06|2026-01-07|2026-01-08,2026-01-09 18:41:55,0.0
U-Haul,,2025-11-25|2025-11-26|2025-11-28|2025-12-01|2025-12-02|2025-12-03|2025-12-04|2025-12-05|2025-12-08|2025-12-09|2025-12-10|2025-12-11|2025-12-12|2025-12-15|2025-12-16|2025-12-17|2025-12-18|2025-12-19|2025-12-22|2025-12-23|2025-12-24|2025-12-26|2025-12-29|2025-12-30|2025-12-31|2026-01-02|2026-01-05|2026-01-06|2026-01-07|2026-01-08,2026-01-09 18:41:55,0.0
Arista Networks,,2025-11-25|2025-11-26|2025-11-28|2025-12-01|2025-12-02|2025-12-03|2025-12-04|2025-12-05|2025-12-08|2025-12-09|2025-12-10|2025-12-11|2025-12-12|2025-12-15|2025-12-16|2025-12-17|2025-12-18|2025-12-19|2025-12-22|2025-12-23|2025-12-24|2025-12-26|2025-12-29|2025-12-30|2025-12-31|2026-01-02|2026-01-05|2026-01-06|2026-01-07|2026-01-08,2026-01-09 18:41:55,0.0
Synopsys,,2025-11-25|2025-11-26|2025-11-28|2025-12-01|2025-12-02|2025-12-03|2025-12-04|2025-12-05|2025-12-08|2025-12-09|2025-12-10|2025-12-11|2025-12-12|2025-12-15|2025-12-16|2025-12-17|2025-12-18|2025-12-19|2025-12-22|2025-12-23|2025-12-24|2025-12-26|2025-12-29|2025-12-30|2025-12-31|2026-01-02|2026-01-05|2026-01-06|2026-01-07|2026-01-08,2026-01-09 18:41:55,0.0
Harley-Davidson,,2025-11-25|2025-11-26|2025-11-28|2025-12-01|2025-12-02|2025-12-03|2025-12-04|2025-12-05|2025-12-08|2025-12-09|2025-12-10|2025-12-11|2025-12-12|2025-12-15|2025-12-16|2025-12-17|2025-12-18|2025-12-19|2025-12-22|2025-12-23|2025-12-24|2025-12-26|2025-12-29|2025-12-30|2025-12-31|2026-01-02|2026-01-05|2026-01-06|2026-01-07|2026-01-08,2026-01-09 18:41:55,0.0
Frontier Communications,,2025-11-25|2025-11-26|2025-11-28|2025-12-01|2025-12-02|2025-12-03|2025-12-04|2025-12-05|2025-12-08|2025-12-09|2025-12-10|2025-12-11|2025-12-12|2025-12-15|2025-12-16|2025-12-17|2025-12-18|2025-12-19|2025-12-22|2025-12-23|2025-12-24|2025-12-26|2025-12-29|2025-12-30|2025-12-31|2026-01-02|2026-01-05|2026-01-06|2026-01-07|2026-01-08,2026-01-09 18:41:55,0.0
Primoris Services,,2025-11-25|2025-11-26|2025-11-28|2025-12-01|2025-12-02|2025-12-03|2025-12-04|2025-12-05|2025-12-08|2025-12-09|2025-12-10|2025-12-11|2025-12-12|2025-12-15|2025-12-16|2025-12-17|2025-12-18|2025-12-19|2025-12-22|2025-12-23|2025-12-24|2025-12-26|2025-12-29|2025-12-30|2025-12-31|2026-01-02|2026-01-05|2026-01-06|2026-01-07|2026-01-08,2026-01-09 18:41:55,0.0
Carlisle Companies,,2025-11-25|2025-11-26|2025-11-28|2025-12-01|2025-12-02|2025-12-03|2025-12-04|2025-12-05|2025-12-08|2025-12-09|2025-12-10|2025-12-11|2025-12-12|2025-12-15|2025-12-16|2025-12-17|2025-12-18|2025-12-19|2025-12-22|2025-12-23|2025-12-24|2025-12-26|2025-12-29|2025-12-30|2025-12-31|2026-01-02|2026-01-05|2026-01-06|2026-01-07|2026-01-08,2026-01-09 18:41:55,0.0
Simon Property Group,,2025-11-25|2025-11-26|2025-11-28|2025-12-01|2025-12-02|2025-12-03|2025-12-04|2025-12-05|2025-12-08|2025-12-09|2025-12-10|2025-12-11|2025-12-12|2025-12-15|2025-12-16|2025-12-17|2025-12-18|2025-12-19|2025-12-22|2025-12-23|2025-12-24|2025-12-26|2025-12-29|2025-12-30|2025-12-31|2026-01-02|2026-01-05|2026-01-06|2026-01-07|2026-01-08,2026-01-09 18:41:55,0.0
Hanesbrands,,2025-10-17|2025-10-20|2025-10-21|2025-10-22|2025-10-23|2025-10-24|2025-10-27|2025-10-28|2025-10-29|2025-10-30|2025-10-31|2025-11-03|2025-11-04|2025-11-05|2025-11-06|2025-11-07|2025-11-10|2025-11-11|2025-11-12|2025-11-13|2025-11-14|2025-11-17|2025-11-18|2025-11-19|2025-11-20|2025-11-21|2025-11-24|2025-11-25|2025-11-26|2025-11-28,2026-01-09 18:41:55,0.0
Anywhere Real Estate Inc,,2025-11-25|2025-11-26|2025-11-28|2025-12-01|2025-12-02|2025-12-03|2025-12-04|2025-12-05|2025-12-08|2025-12-09|2025-12-10|2025-12-11|2025-12-12|2025-12-15|2025-12-16|2025-12-17|2025-12-18|2025-12-19|2025-12-22|2025-12-23|2025-12-24|2025-12-26|2025-12-29|2025-12-30|2025-12-31|2026-01-02|2026-01-05|2026-01-06|2026-01-07|2026-01-08,2026-01-09 18:41:55,0.0
Teledyne Technologies,,2025-11-25|2025-11-26|2025-11-28|2025-12-01|2025-12-02|2025-12-03|2025-12-04|2025-12-05|2025-12-08|2025-12-09|2025-12-10|2025-12-11|2025-12-12|2025-12-15|2025-12-16|2025-12-17|2025-12-18|2025-12-19|2025-12-22|2025-12-23|2025-12-24|2025-12-26|2025-12-29|2025-12-30|2025-12-31|2026-01-02|2026-01-05|2026-01-06|2026-01-07|2026-01-08,2026-01-09 18:41:55,0.0
CME Group,,2025-11-25|2025-11-26|2025-11-28|2025-12-01|2025-12-02|2025-12-03|2025-12-04|2025-12-05|2025-12-08|2025-12-09|2025-12-10|2025-12-11|2025-12-12|2025-12-15|2025-12-16|2025-12-17|2025-12-18|2025-12-19|2025-12-22|2025-12-23|2025-12-24|2025-12-26|2025-12-29|2025-12-30|2025-12-31|2026-01-02|2026-01-05|2026-01-06|2026-01-07|2026-01-08,2026-01-09 18:41:55,0.0
Coty,,2025-11-25|2025-11-26|2025-11-28|2025-12-01|2025-12-02|2025-12-03|2025-12-04|2025-12-05|2025-12-08|2025-12-09|2025-12-10|2025-12-11|2025-12-12|2025-12-15|2025-12-16|2025-12-17|2025-12-18|2025-12-19|2025-12-22|2025-12-23|2025-12-24|2025-12-26|2025-12-29|2025-12-30|2025-12-31|2026-01-02|2026-01-05|2026-01-06|2026-01-07|2026-01-08,2026-01-09 18:41:55,0.0
Pool Corporation,,2025-11-25|2025-11-26|2025-11-28|2025-12-01|2025-12-02|2025-12-03|2025-12-04|2025-12-05|2025-12-08|2025-12-09|2025-12-10|2025-12-11|2025-12-12|2025-12-15|2025-12-16|2025-12-17|2025-12-18|2025-12-19|2025-12-22|2025-12-23|2025-12-24|2025-12-26|2025-12-29|2025-12-30|2025-12-31|2026-01-02|2026-01-05|2026-01-06|2026-01-07|2026-01-08,2026-01-09 18:41:55,0.0
Evergy,,2025-11-25|2025-11-26|2025-11-28|2025-12-01|2025-12-02|2025-12-03|2025-12-04|2025-12-05|2025-12-08|2025-12-09|2025-12-10|2025-12-11|2025-12-12|2025-12-15|2025-12-16|2025-12-17|2025-12-18|2025-12-19|2025-12-22|2025-12-23|2025-12-24|2025-12-26|2025-12-29|2025-12-30|2025-12-31|2026-01-02|2026-01-05|2026-01-06|2026-01-07|2026-01-08,2026-01-09 18:41:55,0.0
Marvell Technology,,2025-11-25|2025-11-26|2025-11-28|2025-12-01|2025-12-02|2025-12-03|2025-12-04|2025-12-05|2025-12-08|2025-12-09|2025-12-10|2025-12-11|2025-12-12|2025-12-15|2025-12-16|2025-12-17|2025-12-18|2025-12-19|2025-12-22|2025-12-23|2025-12-24|2025-12-26|2025-12-29|2025-12-30|2025-12-31|2026-01-02|2026-01-05|2026-01-06|2026-01-07|2026-01-08,2026-01-09 18:41:55,0.0
NiSource,,2025-11-25|2025-11-26|2025-11-28|2025-12-01|2025-12-02|2025-12-03|2025-12-04|2025-12-05|2025-12-08|2025-12-09|2025-12-10|2025-12-11|2025-12-12|2025-12-15|2025-12-16|2025-12-17|2025-12-18|2025-12-19|2025-12-22|2025-12-23|2025-12-24|2025-12-26|2025-12-29|2025-12-30|2025-12-31|2026-01-02|2026-01-05|2026-01-06|2026-01-07|2026-01-08,2026-01-09 18:41:55,0.0
SS&C Technologies,,2025-11-25|2025-11-26|2025-11-28|2025-12-01|2025-12-02|2025-12-03|2025-12-04|2025-12-05|2025-12-08|2025-12-09|2025-12-10|2025-12-11|2025-12-12|2025-12-15|2025-12-16|2025-12-17|2025-12-18|2025-12-19|2025-12-22|2025-12-23|2025-12-24|2025-12-26|2025-12-29|2025-12-30|2025-12-31|2026-01-02|2026-01-05|2026-01-06|2026-01-07|2026-01-08,2026-01-09 18:41:55,0.0
Schneider National,,2025-11-25|2025-11-26|2025-11-28|2025-12-01|2025-12-02|2025-12-03|2025-12-04|2025-12-05|2025-12-08|2025-12-09|2025-12-10|2025-12-11|2025-12-12|2025-12-15|2025-12-16|2025-12-17|2025-12-18|2025-12-19|2025-12-22|2025-12-23|2025-12-24|2025-12-26|2025-12-29|2025-12-30|2025-12-31|2026-01-02|2026-01-05|2026-01-06|2026-01-07|2026-01-08,2026-01-09 18:41:55,0.0
Autodesk,,2025-11-25|2025-11-26|2025-11-28|2025-12-01|2025-12-02|2025-12-03|2025-12-04|2025-12-05|2025-12-08|2025-12-09|2025-12-10|2025-12-11|2025-12-12|2025-12-15|2025-12-16|2025-12-17|2025-12-18|2025-12-19|2025-12-22|2025-12-23|2025-12-24|2025-12-26|2025-12-29|2025-12-30|2025-12-31|2026-01-02|2026-01-05|2026-01-06|2026-01-07|2026-01-08,2026-01-09 18:41:55,0.0
Sealed Air Corporation,,2025-11-25|2025-11-26|2025-11-28|2025-12-01|2025-12-02|2025-12-03|2025-12-04|2025-12-05|2025-12-08|2025-12-09|2025-12-10|2025-12-11|2025-12-12|2025-12-15|2025-12-16|2025-12-17|2025-12-18|2025-12-19|2025-12-22|2025-12-23|2025-12-24|2025-12-26|2025-12-29|2025-12-30|2025-12-31|2026-01-02|2026-01-05|2026-01-06|2026-01-07|2026-01-08,2026-01-09 18:41:55,0.0
Iron Mountain,,2025-11-25|2025-11-26|2025-11-28|2025-12-01|2025-12-02|2025-12-03|2025-12-04|2025-12-05|2025-12-08|2025-12-09|2025-12-10|2025-12-11|2025-12-12|2025-12-15|2025-12-16|2025-12-17|2025-12-18|2025-12-19|2025-12-22|2025-12-23|2025-12-24|2025-12-26|2025-12-29|2025-12-30|2025-12-31|2026-01-02|2026-01-05|2026-01-06|2026-01-07|2026-01-08,2026-01-09 18:41:55,0.0
Digital Realty Trust,,2025-11-25|2025-11-26|2025-11-28|2025-12-01|2025-12-02|2025-12-03|2025-12-04|2025-12-05|2025-12-08|2025-12-09|2025-12-10|2025-12-11|2025-12-12|2025-12-15|2025-12-16|2025-12-17|2025-12-18|2025-12-19|2025-12-22|2025-12-23|2025-12-24|2025-12-26|2025-12-29|2025-12-30|2025-12-31|2026-01-02|2026-01-05|2026-01-06|2026-01-07|2026-01-08,2026-01-09 18:41:55,0.0
Keysight Technologies,,2025-11-25|2025-11-26|2025-11-28|2025-12-01|2025-12-02|2025-12-03|2025-12-04|2025-12-05|2025-12-08|2025-12-09|2025-12-10|2025-12-11|2025-12-12|2025-12-15|2025-12-16|2025-12-17|2025-12-18|2025-12-19|2025-12-22|2025-12-23|2025-12-24|2025-12-26|2025-12-29|2025-12-30|2025-12-31|2026-01-02|2026-01-05|2026-01-06|2026-01-07|2026-01-08,2026-01-09 18:41:55,0.0
Globe Life,,2025-11-25|2025-11-26|2025-11-28|2025-12-01|2025-12-02|2025-12-03|2025-12-04|2025-12-05|2025-12-08|2025-12-09|2025-12-10|2025-12-11|2025-12-12|2025-12-15|2025-12-16|2025-12-17|2025-12-18|2025-12-19|2025-12-22|2025-12-23|2025-12-24|2025-12-26|2025-12-29|2025-12-30|2025-12-31|2026-01-02|2026-01-05|2026-01-06|2026-01-07|2026-01-08,2026-01-09 18:41:55,0.0
Parsons Corporation,,2025-11-25|2025-11-26|2025-11-28|2025-12-01|2025-12-02|2025-12-03|2025-12-04|2025-12-05|2025-12-08|2025-12-09|2025-12-10|2025-12-11|2025-12-12|2025-12-15|2025-12-16|2025-12-17|2025-12-18|2025-12-19|2025-12-22|2025-12-23|2025-12-24|2025-12-26|2025-12-29|2025-12-30|2025-12-31|2026-01-02|2026-01-05|2026-01-06|2026-01-07|2026-01-08,2026-01-09 18:41:55,0.0
Mattel,,2025-11-25|2025-11-26|2025-11-28|2025-12-01|2025-12-02|2025-12-03|2025-12-04|2025-12-05|2025-12-08|2025-12-09|2025-12-10|2025-12-11|2025-12-12|2025-12-15|2025-12-16|2025-12-17|2025-12-18|2025-12-19|2025-12-22|2025-12-23|2025-12-24|2025-12-26|2025-12-29|2025-12-30|2025-12-31|2026-01-02|2026-01-05|2026-01-06|2026-01-07|2026-01-08,2026-01-09 18:41:55,0.0
Southwest Gas Holdings,,2025-11-25|2025-11-26|2025-11-28|2025-12-01|2025-12-02|2025-12-03|2025-12-04|2025-12-05|2025-12-08|2025-12-09|2025-12-10|2025-12-11|2025-12-12|2025-12-15|2025-12-16|2025-12-17|2025-12-18|2025-12-19|2025-12-22|2025-12-23|2025-12-24|2025-12-26|2025-12-29|2025-12-30|2025-12-31|2026-01-02|2026-01-05|2026-01-06|2026-01-07|2026-01-08,2026-01-09 18:41:55,0.0
Clean Harbors,,2025-11-25|2025-11-26|2025-11-28|2025-12-01|2025-12-02|2025-12-03|2025-12-04|2025-12-05|2025-12-08|2025-12-09|2025-12-10|2025-12-11|2025-12-12|2025-12-15|2025-12-16|2025-12-17|2025-12-18|2025-12-19|2025-12-22|2025-12-23|2025-12-24|2025-12-26|2025-12-29|2025-12-30|2025-12-31|2026-01-02|2026-01-05|2026-01-06|2026-01-07|2026-01-08,2026-01-09 18:41:55,0.0
Hubbell,,2025-11-25|2025-11-26|2025-11-28|2025-12-01|2025-12-02|2025-12-03|2025-12-04|2025-12-05|2025-12-08|2025-12-09|2025-12-10|2025-12-11|2025-12-12|2025-12-15|2025-12-16|2025-12-17|2025-12-18|2025-12-19|2025-12-22|2025-12-23|2025-12-24|2025-12-26|2025-12-29|2025-12-30|2025-12-31|2026-01-02|2026-01-05|2026-01-06|2026-01-07|2026-01-08,2026-01-09 18:41:55,0.0
Lamb Weston,,2025-11-25|2025-11-26|2025-11-28|2025-12-01|2025-12-02|2025-12-03|2025-12-04|2025-12-05|2025-12-08|2025-12-09|2025-12-10|2025-12-11|2025-12-12|2025-12-15|2025-12-16|2025-12-17|2025-12-18|2025-12-19|2025-12-22|2025-12-23|2025-12-24|2025-12-26|2025-12-29|2025-12-30|2025-12-31|2026-01-02|2026-01-05|2026-01-06|2026-01-07|2026-01-08,2026-01-09 18:41:55,0.0
Take-Two Interactive Software,,2025-11-25|2025-11-26|2025-11-28|2025-12-01|2025-12-02|2025-12-03|2025-12-04|2025-12-05|2025-12-08|2025-12-09|2025-12-10|2025-12-11|2025-12-12|2025-12-15|2025-12-16|2025-12-17|2025-12-18|2025-12-19|2025-12-22|2025-12-23|2025-12-24|2025-12-26|2025-12-29|2025-12-30|2025-12-31|2026-01-02|2026-01-05|2026-01-06|2026-01-07|2026-01-08,2026-01-09 18:41:55,0.0
Landstar System,,2025-11-25|2025-11-26|2025-11-28|2025-12-01|2025-12-02|2025-12-03|2025-12-04|2025-12-05|2025-12-08|2025-12-09|2025-12-10|2025-12-11|2025-12-12|2025-12-15|2025-12-16|2025-12-17|2025-12-18|2025-12-19|2025-12-22|2025-12-23|2025-12-24|2025-12-26|2025-12-29|2025-12-30|2025-12-31|2026-01-02|2026-01-05|2026-01-06|2026-01-07|2026-01-08,2026-01-09 18:41:55,0.0
Host Hotels & Resorts,,2025-11-25|2025-11-26|2025-11-28|2025-12-01|2025-12-02|2025-12-03|2025-12-04|2025-12-05|2025-12-08|2025-12-09|2025-12-10|2025-12-11|2025-12-12|2025-12-15|2025-12-16|2025-12-17|2025-12-18|2025-12-19|2025-12-22|2025-12-23|2025-12-24|2025-12-26|2025-12-29|2025-12-30|2025-12-31|2026-01-02|2026-01-05|2026-01-06|2026-01-07|2026-01-08,2026-01-09 18:41:55,0.0
Fortinet,,2025-11-25|2025-11-26|2025-11-28|2025-12-01|2025-12-02|2025-12-03|2025-12-04|2025-12-05|2025-12-08|2025-12-09|2025-12-10|2025-12-11|2025-12-12|2025-12-15|2025-12-16|2025-12-17|2025-12-18|2025-12-19|2025-12-22|2025-12-23|2025-12-24|2025-12-26|2025-12-29|2025-12-30|2025-12-31|2026-01-02|2026-01-05|2026-01-06|2026-01-07|2026-01-08,2026-01-09 18:41:55,0.0
OneMain,,2025-11-25|2025-11-26|2025-11-28|2025-12-01|2025-12-02|2025-12-03|2025-12-04|2025-12-05|2025-12-08|2025-12-09|2025-12-10|2025-12-11|2025-12-12|2025-12-15|2025-12-16|2025-12-17|2025-12-18|2025-12-19|2025-12-22|2025-12-23|2025-12-24|2025-12-26|2025-12-29|2025-12-30|2025-12-31|2026-01-02|2026-01-05|2026-01-06|2026-01-07|2026-01-08,2026-01-09 18:41:55,0.0
GameStop,,2025-11-25|2025-11-26|2025-11-28|2025-12-01|2025-12-02|2025-12-03|2025-12-04|2025-12-05|2025-12-08|2025-12-09|2025-12-10|2025-12-11|2025-12-12|2025-12-15|2025-12-16|2025-12-17|2025-12-18|2025-12-19|2025-12-22|2025-12-23|2025-12-24|2025-12-26|2025-12-29|2025-12-30|2025-12-31|2026-01-02|2026-01-05|2026-01-06|2026-01-07|2026-01-08,2026-01-09 18:41:55,0.0
Equifax,,2025-11-25|2025-11-26|2025-11-28|2025-12-01|2025-12-02|2025-12-03|2025-12-04|2025-12-05|2025-12-08|2025-12-09|2025-12-10|2025-12-11|2025-12-12|2025-12-15|2025-12-16|2025-12-17|2025-12-18|2025-12-19|2025-12-22|2025-12-23|2025-12-24|2025-12-26|2025-12-29|2025-12-30|2025-12-31|2026-01-02|2026-01-05|2026-01-06|2026-01-07|2026-01-08,2026-01-09 18:41:55,0.0
American Eagle Outfitters,,2025-11-25|2025-11-26|2025-11-28|2025-12-01|2025-12-02|2025-12-03|2025-12-04|2025-12-05|2025-12-08|2025-12-09|2025-12-10|2025-12-11|2025-12-12|2025-12-15|2025-12-16|2025-12-17|2025-12-18|2025-12-19|2025-12-22|2025-12-23|2025-12-24|2025-12-26|2025-12-29|2025-12-30|2025-12-31|2026-01-02|2026-01-05|2026-01-06|2026-01-07|2026-01-08,2026-01-09 18:41:55,0.0
Greif,,2025-11-25|2025-11-26|2025-11-28|2025-12-01|2025-12-02|2025-12-03|2025-12-04|2025-12-05|2025-12-08|2025-12-09|2025-12-10|2025-12-11|2025-12-12|2025-12-15|2025-12-16|2025-12-17|2025-12-18|2025-12-19|2025-12-22|2025-12-23|2025-12-24|2025-12-26|2025-12-29|2025-12-30|2025-12-31|2026-01-02|2026-01-05|2026-01-06|2026-01-07|2026-01-08,2026-01-09 18:41:55,0.0
Comfort Systems USA,,2025-11-25|2025-11-26|2025-11-28|2025-12-01|2025-12-02|2025-12-03|2025-12-04|2025-12-05|2025-12-08|2025-12-09|2025-12-10|2025-12-11|2025-12-12|2025-12-15|2025-12-16|2025-12-17|2025-12-18|2025-12-19|2025-12-22|2025-12-23|2025-12-24|2025-12-26|2025-12-29|2025-12-30|2025-12-31|2026-01-02|2026-01-05|2026-01-06|2026-01-07|2026-01-08,2026-01-09 18:41:55,0.0
TopBuild,,2025-11-25|2025-11-26|2025-11-28|2025-12-01|2025-12-02|2025-12-03|2025-12-04|2025-12-05|2025-12-08|2025-12-09|2025-12-10|2025-12-11|2025-12-12|2025-12-15|2025-12-16|2025-12-17|2025-12-18|2025-12-19|2025-12-22|2025-12-23|2025-12-24|2025-12-26|2025-12-29|2025-12-30|2025-12-31|2026-01-02|2026-01-05|2026-01-06|2026-01-07|2026-01-08,2026-01-09 18:41:55,0.0
Bread Financial,,2025-11-25|2025-11-26|2025-11-28|2025-12-01|2025-12-02|2025-12-03|2025-12-04|2025-12-05|2025-12-08|2025-12-09|2025-12-10|2025-12-11|2025-12-12|2025-12-15|2025-12-16|2025-12-17|2025-12-18|2025-12-19|2025-12-22|2025-12-23|2025-12-24|2025-12-26|2025-12-29|2025-12-30|2025-12-31|2026-01-02|2026-01-05|2026-01-06|2026-01-07|2026-01-08,2026-01-09 18:41:55,0.0
Coherent,,2025-11-25|2025-11-26|2025-11-28|2025-12-01|2025-12-02|2025-12-03|2025-12-04|2025-12-05|2025-12-08|2025-12-09|2025-12-10|2025-12-11|2025-12-12|2025-12-15|2025-12-16|2025-12-17|2025-12-18|2025-12-19|2025-12-22|2025-12-23|2025-12-24|2025-12-26|2025-12-29|2025-12-30|2025-12-31|2026-01-02|2026-01-05|2026-01-06|2026-01-07|2026-01-08,2026-01-09 18:41:55,0.0
Telephone & Data Systems,,2025-11-25|2025-11-26|2025-11-28|2025-12-01|2025-12-02|2025-12-03|2025-12-04|2025-12-05|2025-12-08|2025-12-09|2025-12-10|2025-12-11|2025-12-12|2025-12-15|2025-12-16|2025-12-17|2025-12-18|2025-12-19|2025-12-22|2025-12-23|2025-12-24|2025-12-26|2025-12-29|2025-12-30|2025-12-31|2026-01-02|2026-01-05|2026-01-06|2026-01-07|2026-01-08,2026-01-09 18:41:55,0.0
Stifel Financial,,2025-11-25|2025-11-26|2025-11-28|2025-12-01|2025-12-02|2025-12-03|2025-12-04|2025-12-05|2025-12-08|2025-12-09|2025-12-10|2025-12-11|2025-12-12|2025-12-15|2025-12-16|2025-12-17|2025-12-18|2025-12-19|2025-12-22|2025-12-23|2025-12-24|2025-12-26|2025-12-29|2025-12-30|2025-12-31|2026-01-02|2026-01-05|2026-01-06|2026-01-07|2026-01-08,2026-01-09 18:41:55,0.0
Urban Outfitters,,2025-11-25|2025-11-26|2025-11-28|2025-12-01|2025-12-02|2025-12-03|2025-12-04|2025-12-05|2025-12-08|2025-12-09|2025-12-10|2025-12-11|2025-12-12|2025-12-15|2025-12-16|2025-12-17|2025-12-18|2025-12-19|2025-12-22|2025-12-23|2025-12-24|2025-12-26|2025-12-29|2025-12-30|2025-12-31|2026-01-02|2026-01-05|2026-01-06|2026-01-07|2026-01-08,2026-01-09 18:41:55,0.0
Terex,,2025-11-25|2025-11-26|2025-11-28|2025-12-01|2025-12-02|2025-12-03|2025-12-04|2025-12-05|2025-12-08|2025-12-09|2025-12-10|2025-12-11|2025-12-12|2025-12-15|2025-12-16|2025-12-17|2025-12-18|2025-12-19|2025-12-22|2025-12-23|2025-12-24|2025-12-26|2025-12-29|2025-12-30|2025-12-31|2026-01-02|2026-01-05|2026-01-06|2026-01-07|2026-01-08,2026-01-09 18:41:55,0.0
Ryerson Holding,,2025-11-25|2025-11-26|2025-11-28|2025-12-01|2025-12-02|2025-12-03|2025-12-04|2025-12-05|2025-12-08|2025-12-09|2025-12-10|2025-12-11|2025-12-12|2025-12-15|2025-12-16|2025-12-17|2025-12-18|2025-12-19|2025-12-22|2025-12-23|2025-12-24|2025-12-26|2025-12-29|2025-12-30|2025-12-31|2026-01-02|2026-01-05|2026-01-06|2026-01-07|2026-01-08,2026-01-09 18:41:55,0.0
Snap-on,,2025-11-25|2025-11-26|2025-11-28|2025-12-01|2025-12-02|2025-12-03|2025-12-04|2025-12-05|2025-12-08|2025-12-09|2025-12-10|2025-12-11|2025-12-12|2025-12-15|2025-12-16|2025-12-17|2025-12-18|2025-12-19|2025-12-22|2025-12-23|2025-12-24|2025-12-26|2025-12-29|2025-12-30|2025-12-31|2026-01-02|2026-01-05|2026-01-06|2026-01-07|2026-01-08,2026-01-09 18:41:55,0.0
Flowers Foods,,2025-11-25|2025-11-26|2025-11-28|2025-12-01|2025-12-02|2025-12-03|2025-12-04|2025-12-05|2025-12-08|2025-12-09|2025-12-10|2025-12-11|2025-12-12|2025-12-15|2025-12-16|2025-12-17|2025-12-18|2025-12-19|2025-12-22|2025-12-23|2025-12-24|2025-12-26|2025-12-29|2025-12-30|2025-12-31|2026-01-02|2026-01-05|2026-01-06|2026-01-07|2026-01-08,2026-01-09 18:41:55,0.0
First Horizon,,2025-11-25|2025-11-26|2025-11-28|2025-12-01|2025-12-02|2025-12-03|2025-12-04|2025-12-05|2025-12-08|2025-12-09|2025-12-10|2025-12-11|2025-12-12|2025-12-15|2025-12-16|2025-12-17|2025-12-18|2025-12-19|2025-12-22|2025-12-23|2025-12-24|2025-12-26|2025-12-29|2025-12-30|2025-12-31|2026-01-02|2026-01-05|2026-01-06|2026-01-07|2026-01-08,2026-01-09 18:41:55,0.0
Paychex,,2025-11-25|2025-11-26|2025-11-28|2025-12-01|2025-12-02|2025-12-03|2025-12-04|2025-12-05|2025-12-08|2025-12-09|2025-12-10|2025-12-11|2025-12-12|2025-12-15|2025-12-16|2025-12-17|2025-12-18|2025-12-19|2025-12-22|2025-12-23|2025-12-24|2025-12-26|2025-12-29|2025-12-30|2025-12-31|2026-01-02|2026-01-05|2026-01-06|2026-01-07|2026-01-08,2026-01-09 18:41:55,0.0
Hasbro,,2025-11-25|2025-11-26|2025-11-28|2025-12-01|2025-12-02|2025-12-03|2025-12-04|2025-12-05|2025-12-08|2025-12-09|2025-12-10|2025-12-11|2025-12-12|2025-12-15|2025-12-16|2025-12-17|2025-12-18|2025-12-19|2025-12-22|2025-12-23|2025-12-24|2025-12-26|2025-12-29|2025-12-30|2025-12-31|2026-01-02|2026-01-05|2026-01-06|2026-01-07|2026-01-08,2026-01-09 18:41:55,0.0
Ares Management,,2025-11-25|2025-11-26|2025-11-28|2025-12-01|2025-12-02|2025-12-03|2025-12-04|2025-12-05|2025-12-08|2025-12-09|2025-12-10|2025-12-11|2025-12-12|2025-12-15|2025-12-16|2025-12-17|2025-12-18|2025-12-19|2025-12-22|2025-12-23|2025-12-24|2025-12-26|2025-12-29|2025-12-30|2025-12-31|2026-01-02|2026-01-05|2026-01-06|2026-01-07|2026-01-08,2026-01-09 18:41:55,0.0
Lennox International,,2025-11-25|2025-11-26|2025-11-28|2025-12-01|2025-12-02|2025-12-03|2025-12-04|2025-12-05|2025-12-08|2025-12-09|2025-12-10|2025-12-11|2025-12-12|2025-12-15|2025-12-16|2025-12-17|2025-12-18|2025-12-19|2025-12-22|2025-12-23|2025-12-24|2025-12-26|2025-12-29|2025-12-30|2025-12-31|2026-01-02|2026-01-05|2026-01-06|2026-01-07|2026-01-08,2026-01-09 18:41:55,0.0
Peabody Energy,,2025-11-25|2025-11-26|2025-11-28|2025-12-01|2025-12-02|2025-12-03|2025-12-04|2025-12-05|2025-12-08|2025-12-09|2025-12-10|2025-12-11|2025-12-12|2025-12-15|2025-12-16|2025-12-17|2025-12-18|2025-12-19|2025-12-22|2025-12-23|2025-12-24|2025-12-26|2025-12-29|2025-12-30|2025-12-31|2026-01-02|2026-01-05|2026-01-06|2026-01-07|2026-01-08,2026-01-09 18:41:55,0.0
Kemper Corporation,,2025-11-25|2025-11-26|2025-11-28|2025-12-01|2025-12-02|2025-12-03|2025-12-04|2025-12-05|2025-12-08|2025-12-09|2025-12-10|2025-12-11|2025-12-12|2025-12-15|2025-12-16|2025-12-17|2025-12-18|2025-12-19|2025-12-22|2025-12-23|2025-12-24|2025-12-26|2025-12-29|2025-12-30|2025-12-31|2026-01-02|2026-01-05|2026-01-06|2026-01-07|2026-01-08,2026-01-09 18:41:55,0.0
Nexstar Media Group,,2025-11-25|2025-11-26|2025-11-28|2025-12-01|2025-12-02|2025-12-03|2025-12-04|2025-12-05|2025-12-08|2025-12-09|2025-12-10|2025-12-11|2025-12-12|2025-12-15|2025-12-16|2025-12-17|2025-12-18|2025-12-19|2025-12-22|2025-12-23|2025-12-24|2025-12-26|2025-12-29|2025-12-30|2025-12-31|2026-01-02|2026-01-05|2026-01-06|2026-01-07|2026-01-08,2026-01-09 18:41:55,0.0
TriNet Group,,2025-11-25|2025-11-26|2025-11-28|2025-12-01|2025-12-02|2025-12-03|2025-12-04|2025-12-05|2025-12-08|2025-12-09|2025-12-10|2025-12-11|2025-12-12|2025-12-15|2025-12-16|2025-12-17|2025-12-18|2025-12-19|2025-12-22|2025-12-23|2025-12-24|2025-12-26|2025-12-29|2025-12-30|2025-12-31|2026-01-02|2026-01-05|2026-01-06|2026-01-07|2026-01-08,2026-01-09 18:41:55,0.0
Worthington Enterprises,,2025-11-25|2025-11-26|2025-11-28|2025-12-01|2025-12-02|2025-12-03|2025-12-04|2025-12-05|2025-12-08|2025-12-09|2025-12-10|2025-12-11|2025-12-12|2025-12-15|2025-12-16|2025-12-17|2025-12-18|2025-12-19|2025-12-22|2025-12-23|2025-12-24|2025-12-26|2025-12-29|2025-12-30|2025-12-31|2026-01-02|2026-01-05|2026-01-06|2026-01-07|2026-01-08,2026-01-09 18:41:55,0.0
Maximus,,2025-11-25|2025-11-26|2025-11-28|2025-12-01|2025-12-02|2025-12-03|2025-12-04|2025-12-05|2025-12-08|2025-12-09|2025-12-10|2025-12-11|2025-12-12|2025-12-15|2025-12-16|2025-12-17|2025-12-18|2025-12-19|2025-12-22|2025-12-23|2025-12-24|2025-12-26|2025-12-29|2025-12-30|2025-12-31|2026-01-02|2026-01-05|2026-01-06|2026-01-07|2026-01-08,2026-01-09 18:41:55,0.0
Compass Group,,2025-11-25|2025-11-26|2025-11-28|2025-12-01|2025-12-02|2025-12-03|2025-12-04|2025-12-05|2025-12-08|2025-12-09|2025-12-10|2025-12-11|2025-12-12|2025-12-15|2025-12-16|2025-12-17|2025-12-18|2025-12-19|2025-12-22|2025-12-23|2025-12-24|2025-12-26|2025-12-29|2025-12-30|2025-12-31|2026-01-02|2026-01-05|2026-01-06|2026-01-07|2026-01-08,2026-01-09 18:41:55,0.0
Brinks Company,,2025-11-25|2025-11-26|2025-11-28|2025-12-01|2025-12-02|2025-12-03|2025-12-04|2025-12-05|2025-12-08|2025-12-09|2025-12-10|2025-12-11|2025-12-12|2025-12-15|2025-12-16|2025-12-17|2025-12-18|2025-12-19|2025-12-22|2025-12-23|2025-12-24|2025-12-26|2025-12-29|2025-12-30|2025-12-31|2026-01-02|2026-01-05|2026-01-06|2026-01-07|2026-01-08,2026-01-09 18:41:55,0.0
Kelly Services Inc,,2025-11-25|2025-11-26|2025-11-28|2025-12-01|2025-12-02|2025-12-03|2025-12-04|2025-12-05|2025-12-08|2025-12-09|2025-12-10|2025-12-11|2025-12-12|2025-12-15|2025-12-16|2025-12-17|2025-12-18|2025-12-19|2025-12-22|2025-12-23|2025-12-24|2025-12-26|2025-12-29|2025-12-30|2025-12-31|2026-01-02|2026-01-05|2026-01-06|2026-01-07|2026-01-08,2026-01-09 18:41:55,0.0
Navient,,2025-11-25|2025-11-26|2025-11-28|2025-12-01|2025-12-02|2025-12-03|2025-12-04|2025-12-05|2025-12-08|2025-12-09|2025-12-10|2025-12-11|2025-12-12|2025-12-15|2025-12-16|2025-12-17|2025-12-18|2025-12-19|2025-12-22|2025-12-23|2025-12-24|2025-12-26|2025-12-29|2025-12-30|2025-12-31|2026-01-02|2026-01-05|2026-01-06|2026-01-07|2026-01-08,2026-01-09 18:41:55,0.0
AMC Entertainment,,2025-11-25|2025-11-26|2025-11-28|2025-12-01|2025-12-02|2025-12-03|2025-12-04|2025-12-05|2025-12-08|2025-12-09|2025-12-10|2025-12-11|2025-12-12|2025-12-15|2025-12-16|2025-12-17|2025-12-18|2025-12-19|2025-12-22|2025-12-23|2025-12-24|2025-12-26|2025-12-29|2025-12-30|2025-12-31|2026-01-02|2026-01-05|2026-01-06|2026-01-07|2026-01-08,2026-01-09 18:41:55,0.0
Encompass Health,,2025-11-25|2025-11-26|2025-11-28|2025-12-01|2025-12-02|2025-12-03|2025-12-04|2025-12-05|2025-12-08|2025-12-09|2025-12-10|2025-12-11|2025-12-12|2025-12-15|2025-12-16|2025-12-17|2025-12-18|2025-12-19|2025-12-22|2025-12-23|2025-12-24|2025-12-26|2025-12-29|2025-12-30|2025-12-31|2026-01-02|2026-01-05|2026-01-06|2026-01-07|2026-01-08,2026-01-09 18:41:55,0.0
Skyworks Solutions,0|0|0|0|0|0|0|0|0|0|0|0|0|0|0|0|0|0|0|0|0|22|21|23|20|25|27|35|100|46,2025-11-25|2025-11-26|2025-11-28|2025-12-01|2025-12-02|2025-12-03|2025-12-04|2025-12-05|2025-12-08|2025-12-09|2025-12-10|2025-12-11|2025-12-12|2025-12-15|2025-12-16|2025-12-17|2025-12-18|2025-12-19|2025-12-22|2025-12-23|2025-12-24|2025-12-26|2025-12-29|2025-12-30|2025-12-31|2026-01-02|2026-01-05|2026-01-06|2026-01-07|2026-01-08,2026-01-09 22:24:48,10.6
Timken,99|66|38|85|75|73|93|78|86|90|100|82|73|69|90|97|98|67|70|59|64|44|70|63|51|50|72|71|80|83,2025-11-25|2025-11-26|2025-11-28|2025-12-01|2025-12-02|2025-12-03|2025-12-04|2025-12-05|2025-12-08|2025-12-09|2025-12-10|2025-12-11|2025-12-12|2025-12-15|2025-12-16|2025-12-17|2025-12-18|2025-12-19|2025-12-22|2025-12-23|2025-12-24|2025-12-26|2025-12-29|2025-12-30|2025-12-31|2026-01-02|2026-01-05|2026-01-06|2026-01-07|2026-01-08,2026-01-09 22:24:51,74.5
Liberty Energy,88|0|0|40|92|83|59|98|100|59|57|88|90|68|60|79|80|52|73|55|0|29|41|43|34|40|64|57|58|43,2025-11-25|2025-11-26|2025-11-28|2025-12-01|2025-12-02|2025-12-03|2025-12-04|2025-12-05|2025-12-08|2025-12-09|2025-12-10|2025-12-11|2025-12-12|2025-12-15|2025-12-16|2025-12-17|2025-12-18|2025-12-19|2025-12-22|2025-12-23|2025-12-24|2025-12-26|2025-12-29|2025-12-30|2025-12-31|2026-01-02|2026-01-05|2026-01-06|2026-01-07|2026-01-08,2026-01-09 22:24:54,57.7
Marriott Vacations Worldwide,0|0|0|0|0|0|0|0|0|0|0|0|0|0|0|0|0|0|0|0|0|41|67|72|58|53|72|76|100|91,2025-11-25|2025-11-26|2025-11-28|2025-12-01|2025-12-02|2025-12-03|2025-12-04|2025-12-05|2025-12-08|2025-12-09|2025-12-10|2025-12-11|2025-12-12|2025-12-15|2025-12-16|2025-12-17|2025-12-18|2025-12-19|2025-12-22|2025-12-23|2025-12-24|2025-12-26|2025-12-29|2025-12-30|2025-12-31|2026-01-02|2026-01-05|2026-01-06|2026-01-07|2026-01-08,2026-01-09 22:24:58,21.0
Leggett & Platt,0|0|0|99|96|0|0|0|0|0|0|0|0|0|0|0|0|0|0|0|0|13|18|25|23|22|27|31|23|24,2025-11-25|2025-11-26|2025-11-28|2025-12-01|2025-12-02|2025-12-03|2025-12-04|2025-12-05|2025-12-08|2025-12-09|2025-12-10|2025-12-11|2025-12-12|2025-12-15|2025-12-16|2025-12-17|2025-12-18|2025-12-19|2025-12-22|2025-12-23|2025-12-24|2025-12-26|2025-12-29|2025-12-30|2025-12-31|2026-01-02|2026-01-05|2026-01-06|2026-01-07|2026-01-08,2026-01-09 22:25:03,13.4
Weis Markets,35|61|17|24|26|25|27|26|23|27|28|26|26|18|22|29|29|27|40|40|91|25|24|27|52|23|20|20|20|21,2025-11-25|2025-11-26|2025-11-28|2025-12-01|2025-12-02|2025-12-03|2025-12-04|2025-12-05|2025-12-08|2025-12-09|2025-12-10|2025-12-11|2025-12-12|2025-12-15|2025-12-16|2025-12-17|2025-12-18|2025-12-19|2025-12-22|2025-12-23|2025-12-24|2025-12-26|2025-12-29|2025-12-30|2025-12-31|2026-01-02|2026-01-05|2026-01-06|2026-01-07|2026-01-08,2026-01-09 22:25:07,30.0
Pinnacle West Capital,0|0|0|0|0|0|0|0|0|0|0|0|0|0|0|0|0|0|0|0|0|0|0|0|0|0|0|76|0|0,2025-11-25|2025-11-26|2025-11-28|2025-12-01|2025-12-02|2025-12-03|2025-12-04|2025-12-05|2025-12-08|2025-12-09|2025-12-10|2025-12-11|2025-12-12|2025-12-15|2025-12-16|2025-12-17|2025-12-18|2025-12-19|2025-12-22|2025-12-23|2025-12-24|2025-12-26|2025-12-29|2025-12-30|2025-12-31|2026-01-02|2026-01-05|2026-01-06|2026-01-07|2026-01-08,2026-01-09 22:25:11,2.5
EPAM Systems,0|0|0|0|0|0|0|0|0|0|0|0|0|0|0|0|0|0|0|0|0|50|59|58|39|42|75|85|100|92,2025-11-25|2025-11-26|2025-11-28|2025-12-01|2025-12-02|2025-12-03|2025-12-04|2025-12-05|2025-12-08|2025-12-09|2025-12-10|2025-12-11|2025-12-12|2025-12-15|2025-12-16|2025-12-17|2025-12-18|2025-12-19|2025-12-22|2025-12-23|2025-12-24|2025-12-26|2025-12-29|2025-12-30|2025-12-31|2026-01-02|2026-01-05|2026-01-06|2026-01-07|2026-01-08,2026-01-09 22:25:14,20.0
Antero Resources,0|0|0|0|0|53|0|0|69|100|52|0|0|0|0|0|0|0|0|0|0|10|13|14|9|11|16|21|18|18,2025-11-25|2025-11-26|2025-11-28|2025-12-01|2025-12-02|2025-12-03|2025-12-04|2025-12-05|2025-12-08|2025-12-09|2025-12-10|2025-12-11|2025-12-12|2025-12-15|2025-12-16|2025-12-17|2025-12-18|2025-12-19|2025-12-22|2025-12-23|2025-12-24|2025-12-26|2025-12-29|2025-12-30|2025-12-31|2026-01-02|2026-01-05|2026-01-06|2026-01-07|2026-01-08,2026-01-09 22:25:18,13.5
Bloomin Brands,0|0|0|0|0|0|0|52|48|0|0|0|77|0|0|0|0|72|0|0|60|70|61|55|52|56|47|49|49|42,2025-11-25|2025-11-26|2025-11-28|2025-12-01|2025-12-02|2025-12-03|2025-12-04|2025-12-05|2025-12-08|2025-12-09|2025-12-10|2025-12-11|2025-12-12|2025-12-15|2025-12-16|2025-12-17|2025-12-18|2025-12-19|2025-12-22|2025-12-23|2025-12-24|2025-12-26|2025-12-29|2025-12-30|2025-12-31|2026-01-02|2026-01-05|2026-01-06|2026-01-07|2026-01-08,2026-01-09 22:25:22,26.3
MDU Resources Group,,2025-11-25|2025-11-26|2025-11-28|2025-12-01|2025-12-02|2025-12-03|2025-12-04|2025-12-05|2025-12-08|2025-12-09|2025-12-10|2025-12-11|2025-12-12|2025-12-15|2025-12-16|2025-12-17|2025-12-18|2025-12-19|2025-12-22|2025-12-23|2025-12-24|2025-12-26|2025-12-29|2025-12-30|2025-12-31|2026-01-02|2026-01-05|2026-01-06|2026-01-07|2026-01-08,2026-01-09 22:25:25,0.0
Texas Roadhouse,48|61|47|36|39|36|39|47|36|37|40|40|53|41|41|43|46|55|59|62|87|69|64|64|97|80|45|42|41|48,2025-11-25|2025-11-26|2025-11-28|2025-12-01|2025-12-02|2025-12-03|2025-12-04|2025-12-05|2025-12-08|2025-12-09|2025-12-10|2025-12-11|2025-12-12|2025-12-15|2025-12-16|2025-12-17|2025-12-18|2025-12-19|2025-12-22|2025-12-23|2025-12-24|2025-12-26|2025-12-29|2025-12-30|2025-12-31|2026-01-02|2026-01-05|2026-01-06|2026-01-07|2026-01-08,2026-01-09 22:25:26,51.4
Mercury General,0|0|98|86|100|73|94|86|90|52|0|86|97|67|55|58|56|0|0|0|0|18|19|17|16|18|18|22|16|19,2025-11-25|2025-11-26|2025-11-28|2025-12-01|2025-12-02|2025-12-03|2025-12-04|2025-12-05|2025-12-08|2025-12-09|2025-12-10|2025-12-11|2025-12-12|2025-12-15|2025-12-16|2025-12-17|2025-12-18|2025-12-19|2025-12-22|2025-12-23|2025-12-24|2025-12-26|2025-12-29|2025-12-30|2025-12-31|2026-01-02|2026-01-05|2026-01-06|2026-01-07|2026-01-08,2026-01-09 22:25:29,42.0
Fortune Brands Innovations,0|0|0|0|0|0|0|0|0|0|0|0|0|0|0|0|0|0|0|0|0|57|69|0|0|51|76|100|89|85,2025-11-25|2025-11-26|2025-11-28|2025-12-01|2025-12-02|2025-12-03|2025-12-04|2025-12-05|2025-12-08|2025-12-09|2025-12-10|2025-12-11|2025-12-12|2025-12-15|2025-12-16|2025-12-17|2025-12-18|2025-12-19|2025-12-22|2025-12-23|2025-12-24|2025-12-26|2025-12-29|2025-12-30|2025-12-31|2026-01-02|2026-01-05|2026-01-06|2026-01-07|2026-01-08,2026-01-09 22:25:32,17.6
Zions Bancorp,0|0|0|0|0|0|0|0|0|0|0|0|0|0|0|0|0|0|0|0|0|0|0|0|0|0|0|86|84|72,2025-11-25|2025-11-26|2025-11-28|2025-12-01|2025-12-02|2025-12-03|2025-12-04|2025-12-05|2025-12-08|2025-12-09|2025-12-10|2025-12-11|2025-12-12|2025-12-15|2025-12-16|2025-12-17|2025-12-18|2025-12-19|2025-12-22|2025-12-23|2025-12-24|2025-12-26|2025-12-29|2025-12-30|2025-12-31|2026-01-02|2026-01-05|2026-01-06|2026-01-07|2026-01-08,2026-01-09 22:25:36,8.1
JELD-WEN Holding,,2025-11-25|2025-11-26|2025-11-28|2025-12-01|2025-12-02|2025-12-03|2025-12-04|2025-12-05|2025-12-08|2025-12-09|2025-12-10|2025-12-11|2025-12-12|2025-12-15|2025-12-16|2025-12-17|2025-12-18|2025-12-19|2025-12-22|2025-12-23|2025-12-24|2025-12-26|2025-12-29|2025-12-30|2025-12-31|2026-01-02|2026-01-05|2026-01-06|2026-01-07|2026-01-08,2026-01-09 22:25:40,0.0
Snap Inc,72|0|0|80|88|54|54|100|81|71|70|81|0|94|88|50|50|58|0|56|0|24|35|32|30|30|43|49|43|43,2025-11-25|2025-11-26|2025-11-28|2025-12-01|2025-12-02|2025-12-03|2025-12-04|2025-12-05|2025-12-08|2025-12-09|2025-12-10|2025-12-11|2025-12-12|2025-12-15|2025-12-16|2025-12-17|2025-12-18|2025-12-19|2025-12-22|2025-12-23|2025-12-24|2025-12-26|2025-12-29|2025-12-30|2025-12-31|2026-01-02|2026-01-05|2026-01-06|2026-01-07|2026-01-08,2026-01-09 22:25:40,49.2
Zebra Technologies,0|0|70|66|0|64|100|0|0|0|78|65|57|66|68|0|64|61|0|0|0|23|35|42|21|30|48|52|50|50,2025-11-25|2025-11-26|2025-11-28|2025-12-01|2025-12-02|2025-12-03|2025-12-04|2025-12-05|2025-12-08|2025-12-09|2025-12-10|2025-12-11|2025-12-12|2025-12-15|2025-12-16|2025-12-17|2025-12-18|2025-12-19|2025-12-22|2025-12-23|2025-12-24|2025-12-26|2025-12-29|2025-12-30|2025-12-31|2026-01-02|2026-01-05|2026-01-06|2026-01-07|2026-01-08,2026-01-09 22:25:43,37.0
Agilon Health,0|0|0|0|0|0|0|0|0|0|0|0|0|0|0|0|0|0|0|0|0|40|52|44|42|32|58|77|100|84,2025-11-25|2025-11-26|2025-11-28|2025-12-01|2025-12-02|2025-12-03|2025-12-04|2025-12-05|2025-12-08|2025-12-09|2025-12-10|2025-12-11|2025-12-12|2025-12-15|2025-12-16|2025-12-17|2025-12-18|2025-12-19|2025-12-22|2025-12-23|2025-12-24|2025-12-26|2025-12-29|2025-12-30|2025-12-31|2026-01-02|2026-01-05|2026-01-06|2026-01-07|2026-01-08,2026-01-09 22:25:46,17.6
Toro Company,80|0|67|71|0|57|0|51|56|85|73|73|73|0|0|100|0|0|0|0|0|24|26|31|21|31|28|32|31|35,2025-11-25|2025-11-26|2025-11-28|2025-12-01|2025-12-02|2025-12-03|2025-12-04|2025-12-05|2025-12-08|2025-12-09|2025-12-10|2025-12-11|2025-12-12|2025-12-15|2025-12-16|2025-12-17|2025-12-18|2025-12-19|2025-12-22|2025-12-23|2025-12-24|2025-12-26|2025-12-29|2025-12-30|2025-12-31|2026-01-02|2026-01-05|2026-01-06|2026-01-07|2026-01-08,2026-01-09 22:25:49,34.8
Zoom Video Communications,0|0|0|0|0|0|0|0|0|0|0|0|0|0|0|0|0|0|0|0|0|0|80|0|0|0|64|0|72|100,2025-11-25|2025-11-26|2025-11-28|2025-12-01|2025-12-02|2025-12-03|2025-12-04|2025-12-05|2025-12-08|2025-12-09|2025-12-10|2025-12-11|2025-12-12|2025-12-15|2025-12-16|2025-12-17|2025-12-18|2025-12-19|2025-12-22|2025-12-23|2025-12-24|2025-12-26|2025-12-29|2025-12-30|2025-12-31|2026-01-02|2026-01-05|2026-01-06|2026-01-07|2026-01-08,2026-01-09 22:25:52,10.5
Tetra Tech,0|0|0|45|51|59|48|0|100|0|55|0|79|0|0|0|50|0|0|0|0|23|36|37|27|29|43|53|56|55,2025-11-25|2025-11-26|2025-11-28|2025-12-01|2025-12-02|2025-12-03|2025-12-04|2025-12-05|2025-12-08|2025-12-09|2025-12-10|2025-12-11|2025-12-12|2025-12-15|2025-12-16|2025-12-17|2025-12-18|2025-12-19|2025-12-22|2025-12-23|2025-12-24|2025-12-26|2025-12-29|2025-12-30|2025-12-31|2026-01-02|2026-01-05|2026-01-06|2026-01-07|2026-01-08,2026-01-09 22:25:56,28.2
Public Storage,55|76|71|87|92|100|80|73|71|67|68|56|62|58|61|64|65|58|60|56|55|48|61|63|69|75|59|60|53|50,2025-11-25|2025-11-26|2025-11-28|2025-12-01|2025-12-02|2025-12-03|2025-12-04|2025-12-05|2025-12-08|2025-12-09|2025-12-10|2025-12-11|2025-12-12|2025-12-15|2025-12-16|2025-12-17|2025-12-18|2025-12-19|2025-12-22|2025-12-23|2025-12-24|2025-12-26|2025-12-29|2025-12-30|2025-12-31|2026-01-02|2026-01-05|2026-01-06|2026-01-07|2026-01-08,2026-01-09 22:26:00,65.8
Illumina Inc,0|0|0|0|0|0|0|0|0|0|0|0|0|0|0|0|0|100|0|0|0|0|0|6|0|0|0|6|8|0,2025-11-25|2025-11-26|2025-11-28|2025-12-01|2025-12-02|2025-12-03|2025-12-04|2025-12-05|2025-12-08|2025-12-09|2025-12-10|2025-12-11|2025-12-12|2025-12-15|2025-12-16|2025-12-17|2025-12-18|2025-12-19|2025-12-22|2025-12-23|2025-12-24|2025-12-26|2025-12-29|2025-12-30|2025-12-31|2026-01-02|2026-01-05|2026-01-06|2026-01-07|2026-01-08,2026-01-09 22:26:03,4.0
Ventas Inc,0|0|0|0|0|0|0|0|0|0|0|0|0|0|0|0|0|0|0|0|0|0|0|0|0|0|0|0|0|100,2025-11-25|2025-11-26|2025-11-28|2025-12-01|2025-12-02|2025-12-03|2025-12-04|2025-12-05|2025-12-08|2025-12-09|2025-12-10|2025-12-11|2025-12-12|2025-12-15|2025-12-16|2025-12-17|2025-12-18|2025-12-19|2025-12-22|2025-12-23|2025-12-24|2025-12-26|2025-12-29|2025-12-30|2025-12-31|2026-01-02|2026-01-05|2026-01-06|2026-01-07|2026-01-08,2026-01-09 22:26:07,3.3
FMC Corporation,0|0|0|100|0|0|0|0|0|0|0|0|0|0|0|0|0|0|0|0|0|7|16|13|10|16|19|20|20|16,2025-11-25|2025-11-26|2025-11-28|2025-12-01|2025-12-02|2025-12-03|2025-12-04|2025-12-05|2025-12-08|2025-12-09|2025-12-10|2025-12-11|2025-12-12|2025-12-15|2025-12-16|2025-12-17|2025-12-18|2025-12-19|2025-12-22|2025-12-23|2025-12-24|2025-12-26|2025-12-29|2025-12-30|2025-12-31|2026-01-02|2026-01-05|2026-01-06|2026-01-07|2026-01-08,2026-01-09 22:26:10,7.9
ArcBest,56|0|0|47|52|83|57|60|87|66|99|79|51|100|0|66|68|60|77|0|0|30|56|54|35|39|56|64|63|56,2025-11-25|2025-11-26|2025-11-28|2025-12-01|2025-12-02|2025-12-03|2025-12-04|2025-12-05|2025-12-08|2025-12-09|2025-12-10|2025-12-11|2025-12-12|2025-12-15|2025-12-16|2025-12-17|2025-12-18|2025-12-19|2025-12-22|2025-12-23|2025-12-24|2025-12-26|2025-12-29|2025-12-30|2025-12-31|2026-01-02|2026-01-05|2026-01-06|2026-01-07|2026-01-08,2026-01-09 22:26:15,52.0
Dominos Pizza Inc,0|0|0|0|0|0|0|0|0|0|0|0|0|0|0|0|0|0|0|0|0|100|0|0|0|0|0|0|85|0,2025-11-25|2025-11-26|2025-11-28|2025-12-01|2025-12-02|2025-12-03|2025-12-04|2025-12-05|2025-12-08|2025-12-09|2025-12-10|2025-12-11|2025-12-12|2025-12-15|2025-12-16|2025-12-17|2025-12-18|2025-12-19|2025-12-22|2025-12-23|2025-12-24|2025-12-26|2025-12-29|2025-12-30|2025-12-31|2026-01-02|2026-01-05|2026-01-06|2026-01-07|2026-01-08,2026-01-09 22:26:19,6.2
ASGN,100|0|0|0|0|0|92|0|0|0|0|0|0|0|0|0|0|0|0|0|0|12|16|14|14|21|27|44|32|38,2025-11-25|2025-11-26|2025-11-28|2025-12-01|2025-12-02|2025-12-03|2025-12-04|2025-12-05|2025-12-08|2025-12-09|2025-12-10|2025-12-11|2025-12-12|2025-12-15|2025-12-16|2025-12-17|2025-12-18|2025-12-19|2025-12-22|2025-12-23|2025-12-24|2025-12-26|2025-12-29|2025-12-30|2025-12-31|2026-01-02|2026-01-05|2026-01-06|2026-01-07|2026-01-08,2026-01-09 22:26:23,13.7
Rivian Automotive,81|0|0|0|0|0|0|0|0|0|0|0|0|100|0|0|0|0|0|0|0|10|15|22|24|25|18|17|15|19,2025-11-25|2025-11-26|2025-11-28|2025-12-01|2025-12-02|2025-12-03|2025-12-04|2025-12-05|2025-12-08|2025-12-09|2025-12-10|2025-12-11|2025-12-12|2025-12-15|2025-12-16|2025-12-17|2025-12-18|2025-12-19|2025-12-22|2025-12-23|2025-12-24|2025-12-26|2025-12-29|2025-12-30|2025-12-31|2026-01-02|2026-01-05|2026-01-06|2026-01-07|2026-01-08,2026-01-09 22:26:27,11.5
Elanco Animal Health,0|0|0|100|0|0|0|0|81|0|0|0|0|0|0|0|0|0|0|0|0|6|13|7|6|8|10|14|9|11,2025-11-25|2025-11-26|2025-11-28|2025-12-01|2025-12-02|2025-12-03|2025-12-04|2025-12-05|2025-12-08|2025-12-09|2025-12-10|2025-12-11|2025-12-12|2025-12-15|2025-12-16|2025-12-17|2025-12-18|2025-12-19|2025-12-22|2025-12-23|2025-12-24|2025-12-26|2025-12-29|2025-12-30|2025-12-31|2026-01-02|2026-01-05|2026-01-06|2026-01-07|2026-01-08,2026-01-09 22:26:31,8.8
Graham Holdings Company,0|0|0|0|0|0|0|0|0|0|0|0|0|0|0|0|0|0|0|0|0|0|0|0|0|0|0|100|0|0,2025-11-25|2025-11-26|2025-11-28|2025-12-01|2025-12-02|2025-12-03|2025-12-04|2025-12-05|2025-12-08|2025-12-09|2025-12-10|2025-12-11|2025-12-12|2025-12-15|2025-12-16|2025-12-17|2025-12-18|2025-12-19|2025-12-22|2025-12-23|2025-12-24|2025-12-26|2025-12-29|2025-12-30|2025-12-31|2026-01-02|2026-01-05|2026-01-06|2026-01-07|2026-01-08,2026-01-09 22:26:35,3.3
Floor & Decor,69|95|90|93|80|97|100|48|99|83|80|71|71|61|93|65|98|90|57|74|44|67|64|75|68|75|60|77|73|74,2025-11-25|2025-11-26|2025-11-28|2025-12-01|2025-12-02|2025-12-03|2025-12-04|2025-12-05|2025-12-08|2025-12-09|2025-12-10|2025-12-11|2025-12-12|2025-12-15|2025-12-16|2025-12-17|2025-12-18|2025-12-19|2025-12-22|2025-12-23|2025-12-24|2025-12-26|2025-12-29|2025-12-30|2025-12-31|2026-01-02|2026-01-05|2026-01-06|2026-01-07|2026-01-08,2026-01-09 22:26:39,76.4
Applied Industrial Technologies,0|0|0|0|73|60|61|0|0|0|56|66|0|76|73|72|0|0|0|100|0|13|29|36|25|29|40|54|46|87,2025-11-25|2025-11-26|2025-11-28|2025-12-01|2025-12-02|2025-12-03|2025-12-04|2025-12-05|2025-12-08|2025-12-09|2025-12-10|2025-12-11|2025-12-12|2025-12-15|2025-12-16|2025-12-17|2025-12-18|2025-12-19|2025-12-22|2025-12-23|2025-12-24|2025-12-26|2025-12-29|2025-12-30|2025-12-31|2026-01-02|2026-01-05|2026-01-06|2026-01-07|2026-01-08,2026-01-09 22:26:43,33.2
PriceSmart,58|56|96|64|65|69|60|99|51|73|34|71|51|55|63|80|69|69|36|52|76|48|56|57|46|48|45|46|47|51,2025-11-25|2025-11-26|2025-11-28|2025-12-01|2025-12-02|2025-12-03|2025-12-04|2025-12-05|2025-12-08|2025-12-09|2025-12-10|2025-12-11|2025-12-12|2025-12-15|2025-12-16|2025-12-17|2025-12-18|2025-12-19|2025-12-22|2025-12-23|2025-12-24|2025-12-26|2025-12-29|2025-12-30|2025-12-31|2026-01-02|2026-01-05|2026-01-06|2026-01-07|2026-01-08,2026-01-09 22:26:46,59.7
Lyft,73|82|74|85|83|80|80|79|74|74|81|79|79|77|72|69|82|81|80|72|72|70|72|75|88|75|66|67|68|66,2025-11-25|2025-11-26|2025-11-28|2025-12-01|2025-12-02|2025-12-03|2025-12-04|2025-12-05|2025-12-08|2025-12-09|2025-12-10|2025-12-11|2025-12-12|2025-12-15|2025-12-16|2025-12-17|2025-12-18|2025-12-19|2025-12-22|2025-12-23|2025-12-24|2025-12-26|2025-12-29|2025-12-30|2025-12-31|2026-01-02|2026-01-05|2026-01-06|2026-01-07|2026-01-08,2026-01-09 22:26:50,75.8
Ciena,50|37|41|49|53|59|51|48|32|57|44|100|78|42|57|40|51|39|30|45|30|22|30|30|25|31|42|50|51|100,2025-11-25|2025-11-26|2025-11-28|2025-12-01|2025-12-02|2025-12-03|2025-12-04|2025-12-05|2025-12-08|2025-12-09|2025-12-10|2025-12-11|2025-12-12|2025-12-15|2025-12-16|2025-12-17|2025-12-18|2025-12-19|2025-12-22|2025-12-23|2025-12-24|2025-12-26|2025-12-29|2025-12-30|2025-12-31|2026-01-02|2026-01-05|2026-01-06|2026-01-07|2026-01-08,2026-01-09 22:26:53,47.1
IAC,74|78|50|77|100|79|85|84|71|82|91|76|86|73|84|79|90|85|55|65|61|52|62|67|58|56|71|79|81|75,2025-11-25|2025-11-26|2025-11-28|2025-12-01|2025-12-02|2025-12-03|2025-12-04|2025-12-05|2025-12-08|2025-12-09|2025-12-10|2025-12-11|2025-12-12|2025-12-15|2025-12-16|2025-12-17|2025-12-18|2025-12-19|2025-12-22|2025-12-23|2025-12-24|2025-12-26|2025-12-29|2025-12-30|2025-12-31|2026-01-02|2026-01-05|2026-01-06|2026-01-07|2026-01-08,2026-01-09 22:26:57,74.2
Western Union,70|76|79|82|83|86|84|88|80|82|85|83|83|82|81|80|78|85|91|91|100|66|71|76|75|70|67|72|71|66,2025-11-25|2025-11-26|2025-11-28|2025-12-01|2025-12-02|2025-12-03|2025-12-04|2025-12-05|2025-12-08|2025-12-09|2025-12-10|2025-12-11|2025-12-12|2025-12-15|2025-12-16|2025-12-17|2025-12-18|2025-12-19|2025-12-22|2025-12-23|2025-12-24|2025-12-26|2025-12-29|2025-12-30|2025-12-31|2026-01-02|2026-01-05|2026-01-06|2026-01-07|2026-01-08,2026-01-09 22:26:59,79.4
Flowserve,49|65|0|64|86|82|79|80|58|98|100|45|63|56|89|62|89|54|70|76|0|20|39|50|31|36|58|69|68|76,2025-11-25|2025-11-26|2025-11-28|2025-12-01|2025-12-02|2025-12-03|2025-12-04|2025-12-05|2025-12-08|2025-12-09|2025-12-10|2025-12-11|2025-12-12|2025-12-15|2025-12-16|2025-12-17|2025-12-18|2025-12-19|2025-12-22|2025-12-23|2025-12-24|2025-12-26|2025-12-29|2025-12-30|2025-12-31|2026-01-02|2026-01-05|2026-01-06|2026-01-07|2026-01-08,2026-01-09 22:27:03,60.4
Western Alliance Bancorp,0|0|0|0|0|0|0|0|0|0|0|0|0|0|0|0|0|0|0|0|0|0|0|0|0|100|0|0|0|0,2025-11-25|2025-11-26|2025-11-28|2025-12-01|2025-12-02|2025-12-03|2025-12-04|2025-12-05|2025-12-08|2025-12-09|2025-12-10|2025-12-11|2025-12-12|2025-12-15|2025-12-16|2025-12-17|2025-12-18|2025-12-19|2025-12-22|2025-12-23|2025-12-24|2025-12-26|2025-12-29|2025-12-30|2025-12-31|2026-01-02|2026-01-05|2026-01-06|2026-01-07|2026-01-08,2026-01-09 22:27:07,3.3
Option Care Health,,2025-11-25|2025-11-26|2025-11-28|2025-12-01|2025-12-02|2025-12-03|2025-12-04|2025-12-05|2025-12-08|2025-12-09|2025-12-10|2025-12-11|2025-12-12|2025-12-15|2025-12-16|2025-12-17|2025-12-18|2025-12-19|2025-12-22|2025-12-23|2025-12-24|2025-12-26|2025-12-29|2025-12-30|2025-12-31|2026-01-02|2026-01-05|2026-01-06|2026-01-07|2026-01-08,2026-01-09 22:27:41,0.0
SiteOne Landscape Supply,,2025-11-25|2025-11-26|2025-11-28|2025-12-01|2025-12-02|2025-12-03|2025-12-04|2025-12-05|2025-12-08|2025-12-09|2025-12-10|2025-12-11|2025-12-12|2025-12-15|2025-12-16|2025-12-17|2025-12-18|2025-12-19|2025-12-22|2025-12-23|2025-12-24|2025-12-26|2025-12-29|2025-12-30|2025-12-31|2026-01-02|2026-01-05|2026-01-06|2026-01-07|2026-01-08,2026-01-09 22:28:23,0.0
Topgolf Callaway Brands,,2025-11-25|2025-11-26|2025-11-28|2025-12-01|2025-12-02|2025-12-03|2025-12-04|2025-12-05|2025-12-08|2025-12-09|2025-12-10|2025-12-11|2025-12-12|2025-12-15|2025-12-16|2025-12-17|2025-12-18|2025-12-19|2025-12-22|2025-12-23|2025-12-24|2025-12-26|2025-12-29|2025-12-30|2025-12-31|2026-01-02|2026-01-05|2026-01-06|2026-01-07|2026-01-08,2026-01-09 22:28:33,0.0
eXp World,,2025-11-25|2025-11-26|2025-11-28|2025-12-01|2025-12-02|2025-12-03|2025-12-04|2025-12-05|2025-12-08|2025-12-09|2025-12-10|2025-12-11|2025-12-12|2025-12-15|2025-12-16|2025-12-17|2025-12-18|2025-12-19|2025-12-22|2025-12-23|2025-12-24|2025-12-26|2025-12-29|2025-12-30|2025-12-31|2026-01-02|2026-01-05|2026-01-06|2026-01-07|2026-01-08,2026-01-09 22:28:33,0.0
Abercrombie & Fitch,,2025-11-25|2025-11-26|2025-11-28|2025-12-01|2025-12-02|2025-12-03|2025-12-04|2025-12-05|2025-12-08|2025-12-09|2025-12-10|2025-12-11|2025-12-12|2025-12-15|2025-12-16|2025-12-17|2025-12-18|2025-12-19|2025-12-22|2025-12-23|2025-12-24|2025-12-26|2025-12-29|2025-12-30|2025-12-31|2026-01-02|2026-01-05|2026-01-06|2026-01-07|2026-01-08,2026-01-09 22:28:33,0.0
Atmos Energy,,2025-11-25|2025-11-26|2025-11-28|2025-12-01|2025-12-02|2025-12-03|2025-12-04|2025-12-05|2025-12-08|2025-12-09|2025-12-10|2025-12-11|2025-12-12|2025-12-15|2025-12-16|2025-12-17|2025-12-18|2025-12-19|2025-12-22|2025-12-23|2025-12-24|2025-12-26|2025-12-29|2025-12-30|2025-12-31|2026-01-02|2026-01-05|2026-01-06|2026-01-07|2026-01-08,2026-01-09 22:28:33,0.0
Brown & Brown,,2025-11-25|2025-11-26|2025-11-28|2025-12-01|2025-12-02|2025-12-03|2025-12-04|2025-12-05|2025-12-08|2025-12-09|2025-12-10|2025-12-11|2025-12-12|2025-12-15|2025-12-16|2025-12-17|2025-12-18|2025-12-19|2025-12-22|2025-12-23|2025-12-24|2025-12-26|2025-12-29|2025-12-30|2025-12-31|2026-01-02|2026-01-05|2026-01-06|2026-01-07|2026-01-08,2026-01-09 22:28:33,0.0
GoDaddy,,2025-11-25|2025-11-26|2025-11-28|2025-12-01|2025-12-02|2025-12-03|2025-12-04|2025-12-05|2025-12-08|2025-12-09|2025-12-10|2025-12-11|2025-12-12|2025-12-15|2025-12-16|2025-12-17|2025-12-18|2025-12-19|2025-12-22|2025-12-23|2025-12-24|2025-12-26|2025-12-29|2025-12-30|2025-12-31|2026-01-02|2026-01-05|2026-01-06|2026-01-07|2026-01-08,2026-01-09 22:28:33,0.0
American Water Works,,2025-11-25|2025-11-26|2025-11-28|2025-12-01|2025-12-02|2025-12-03|2025-12-04|2025-12-05|2025-12-08|2025-12-09|2025-12-10|2025-12-11|2025-12-12|2025-12-15|2025-12-16|2025-12-17|2025-12-18|2025-12-19|2025-12-22|2025-12-23|2025-12-24|2025-12-26|2025-12-29|2025-12-30|2025-12-31|2026-01-02|2026-01-05|2026-01-06|2026-01-07|2026-01-08,2026-01-09 22:28:33,0.0
Selective Insurance Group,,2025-11-25|2025-11-26|2025-11-28|2025-12-01|2025-12-02|2025-12-03|2025-12-04|2025-12-05|2025-12-08|2025-12-09|2025-12-10|2025-12-11|2025-12-12|2025-12-15|2025-12-16|2025-12-17|2025-12-18|2025-12-19|2025-12-22|2025-12-23|2025-12-24|2025-12-26|2025-12-29|2025-12-30|2025-12-31|2026-01-02|2026-01-05|2026-01-06|2026-01-07|2026-01-08,2026-01-09 22:28:33,0.0
Advantage Solutions,,2025-11-25|2025-11-26|2025-11-28|2025-12-01|2025-12-02|2025-12-03|2025-12-04|2025-12-05|2025-12-08|2025-12-09|2025-12-10|2025-12-11|2025-12-12|2025-12-15|2025-12-16|2025-12-17|2025-12-18|2025-12-19|2025-12-22|2025-12-23|2025-12-24|2025-12-26|2025-12-29|2025-12-30|2025-12-31|2026-01-02|2026-01-05|2026-01-06|2026-01-07|2026-01-08,2026-01-09 22:28:33,0.0
ResMed,,2025-11-25|2025-11-26|2025-11-28|2025-12-01|2025-12-02|2025-12-03|2025-12-04|2025-12-05|2025-12-08|2025-12-09|2025-12-10|2025-12-11|2025-12-12|2025-12-15|2025-12-16|2025-12-17|2025-12-18|2025-12-19|2025-12-22|2025-12-23|2025-12-24|2025-12-26|2025-12-29|2025-12-30|2025-12-31|2026-01-02|2026-01-05|2026-01-06|2026-01-07|2026-01-08,2026-01-09 22:28:33,0.0
Plexus Corp,,2025-11-25|2025-11-26|2025-11-28|2025-12-01|2025-12-02|2025-12-03|2025-12-04|2025-12-05|2025-12-08|2025-12-09|2025-12-10|2025-12-11|2025-12-12|2025-12-15|2025-12-16|2025-12-17|2025-12-18|2025-12-19|2025-12-22|2025-12-23|2025-12-24|2025-12-26|2025-12-29|2025-12-30|2025-12-31|2026-01-02|2026-01-05|2026-01-06|2026-01-07|2026-01-08,2026-01-09 22:28:33,0.0
Hub Group,,2025-11-25|2025-11-26|2025-11-28|2025-12-01|2025-12-02|2025-12-03|2025-12-04|2025-12-05|2025-12-08|2025-12-09|2025-12-10|2025-12-11|2025-12-12|2025-12-15|2025-12-16|2025-12-17|2025-12-18|2025-12-19|2025-12-22|2025-12-23|2025-12-24|2025-12-26|2025-12-29|2025-12-30|2025-12-31|2026-01-02|2026-01-05|2026-01-06|2026-01-07|2026-01-08,2026-01-09 22:28:33,0.0
Lincoln Electric,,2025-11-25|2025-11-26|2025-11-28|2025-12-01|2025-12-02|2025-12-03|2025-12-04|2025-12-05|2025-12-08|2025-12-09|2025-12-10|2025-12-11|2025-12-12|2025-12-15|2025-12-16|2025-12-17|2025-12-18|2025-12-19|2025-12-22|2025-12-23|2025-12-24|2025-12-26|2025-12-29|2025-12-30|2025-12-31|2026-01-02|2026-01-05|2026-01-06|2026-01-07|2026-01-08,2026-01-09 22:28:33,0.0
NCR Atleos,,2025-11-25|2025-11-26|2025-11-28|2025-12-01|2025-12-02|2025-12-03|2025-12-04|2025-12-05|2025-12-08|2025-12-09|2025-12-10|2025-12-11|2025-12-12|2025-12-15|2025-12-16|2025-12-17|2025-12-18|2025-12-19|2025-12-22|2025-12-23|2025-12-24|2025-12-26|2025-12-29|2025-12-30|2025-12-31|2026-01-02|2026-01-05|2026-01-06|2026-01-07|2026-01-08,2026-01-09 22:28:33,0.0
Calumet Inc,,2025-11-25|2025-11-26|2025-11-28|2025-12-01|2025-12-02|2025-12-03|2025-12-04|2025-12-05|2025-12-08|2025-12-09|2025-12-10|2025-12-11|2025-12-12|2025-12-15|2025-12-16|2025-12-17|2025-12-18|2025-12-19|2025-12-22|2025-12-23|2025-12-24|2025-12-26|2025-12-29|2025-12-30|2025-12-31|2026-01-02|2026-01-05|2026-01-06|2026-01-07|2026-01-08,2026-01-09 22:28:33,0.0
Dycom Industries,,2025-11-25|2025-11-26|2025-11-28|2025-12-01|2025-12-02|2025-12-03|2025-12-04|2025-12-05|2025-12-08|2025-12-09|2025-12-10|2025-12-11|2025-12-12|2025-12-15|2025-12-16|2025-12-17|2025-12-18|2025-12-19|2025-12-22|2025-12-23|2025-12-24|2025-12-26|2025-12-29|2025-12-30|2025-12-31|2026-01-02|2026-01-05|2026-01-06|2026-01-07|2026-01-08,2026-01-09 22:28:33,0.0
Valmont Industries,,2025-11-25|2025-11-26|2025-11-28|2025-12-01|2025-12-02|2025-12-03|2025-12-04|2025-12-05|2025-12-08|2025-12-09|2025-12-10|2025-12-11|2025-12-12|2025-12-15|2025-12-16|2025-12-17|2025-12-18|2025-12-19|2025-12-22|2025-12-23|2025-12-24|2025-12-26|2025-12-29|2025-12-30|2025-12-31|2026-01-02|2026-01-05|2026-01-06|2026-01-07|2026-01-08,2026-01-09 22:28:33,0.0
ATI Inc,,2025-11-25|2025-11-26|2025-11-28|2025-12-01|2025-12-02|2025-12-03|2025-12-04|2025-12-05|2025-12-08|2025-12-09|2025-12-10|2025-12-11|2025-12-12|2025-12-15|2025-12-16|2025-12-17|2025-12-18|2025-12-19|2025-12-22|2025-12-23|2025-12-24|2025-12-26|2025-12-29|2025-12-30|2025-12-31|2026-01-02|2026-01-05|2026-01-06|2026-01-07|2026-01-08,2026-01-09 22:28:33,0.0
Twilio,,2025-11-25|2025-11-26|2025-11-28|2025-12-01|2025-12-02|2025-12-03|2025-12-04|2025-12-05|2025-12-08|2025-12-09|2025-12-10|2025-12-11|2025-12-12|2025-12-15|2025-12-16|2025-12-17|2025-12-18|2025-12-19|2025-12-22|2025-12-23|2025-12-24|2025-12-26|2025-12-29|2025-12-30|2025-12-31|2026-01-02|2026-01-05|2026-01-06|2026-01-07|2026-01-08,2026-01-09 22:28:33,0.0
CNO Financial Group,,2025-11-25|2025-11-26|2025-11-28|2025-12-01|2025-12-02|2025-12-03|2025-12-04|2025-12-05|2025-12-08|2025-12-09|2025-12-10|2025-12-11|2025-12-12|2025-12-15|2025-12-16|2025-12-17|2025-12-18|2025-12-19|2025-12-22|2025-12-23|2025-12-24|2025-12-26|2025-12-29|2025-12-30|2025-12-31|2026-01-02|2026-01-05|2026-01-06|2026-01-07|2026-01-08,2026-01-09 22:28:33,0.0
Patterson-UTI Energy,,2025-11-25|2025-11-26|2025-11-28|2025-12-01|2025-12-02|2025-12-03|2025-12-04|2025-12-05|2025-12-08|2025-12-09|2025-12-10|2025-12-11|2025-12-12|2025-12-15|2025-12-16|2025-12-17|2025-12-18|2025-12-19|2025-12-22|2025-12-23|2025-12-24|2025-12-26|2025-12-29|2025-12-30|2025-12-31|2026-01-02|2026-01-05|2026-01-06|2026-01-07|2026-01-08,2026-01-09 22:28:33,0.0
Brinker International,,2025-11-25|2025-11-26|2025-11-28|2025-12-01|2025-12-02|2025-12-03|2025-12-04|2025-12-05|2025-12-08|2025-12-09|2025-12-10|2025-12-11|2025-12-12|2025-12-15|2025-12-16|2025-12-17|2025-12-18|2025-12-19|2025-12-22|2025-12-23|2025-12-24|2025-12-26|2025-12-29|2025-12-30|2025-12-31|2026-01-02|2026-01-05|2026-01-06|2026-01-07|2026-01-08,2026-01-09 22:28:33,0.0
Charles River Laboratories International,,2025-11-25|2025-11-26|2025-11-28|2025-12-01|2025-12-02|2025-12-03|2025-12-04|2025-12-05|2025-12-08|2025-12-09|2025-12-10|2025-12-11|2025-12-12|2025-12-15|2025-12-16|2025-12-17|2025-12-18|2025-12-19|2025-12-22|2025-12-23|2025-12-24|2025-12-26|2025-12-29|2025-12-30|2025-12-31|2026-01-02|2026-01-05|2026-01-06|2026-01-07|2026-01-08,2026-01-09 22:28:33,0.0
Hyster-Yale,,2025-11-25|2025-11-26|2025-11-28|2025-12-01|2025-12-02|2025-12-03|2025-12-04|2025-12-05|2025-12-08|2025-12-09|2025-12-10|2025-12-11|2025-12-12|2025-12-15|2025-12-16|2025-12-17|2025-12-18|2025-12-19|2025-12-22|2025-12-23|2025-12-24|2025-12-26|2025-12-29|2025-12-30|2025-12-31|2026-01-02|2026-01-05|2026-01-06|2026-01-07|2026-01-08,2026-01-09 22:28:33,0.0
Brighthouse Financial,,2025-11-25|2025-11-26|2025-11-28|2025-12-01|2025-12-02|2025-12-03|2025-12-04|2025-12-05|2025-12-08|2025-12-09|2025-12-10|2025-12-11|2025-12-12|2025-12-15|2025-12-16|2025-12-17|2025-12-18|2025-12-19|2025-12-22|2025-12-23|2025-12-24|2025-12-26|2025-12-29|2025-12-30|2025-12-31|2026-01-02|2026-01-05|2026-01-06|2026-01-07|2026-01-08,2026-01-09 22:28:33,0.0
Service Corp International,,2025-11-25|2025-11-26|2025-11-28|2025-12-01|2025-12-02|2025-12-03|2025-12-04|2025-12-05|2025-12-08|2025-12-09|2025-12-10|2025-12-11|2025-12-12|2025-12-15|2025-12-16|2025-12-17|2025-12-18|2025-12-19|2025-12-22|2025-12-23|2025-12-24|2025-12-26|2025-12-29|2025-12-30|2025-12-31|2026-01-02|2026-01-05|2026-01-06|2026-01-07|2026-01-08,2026-01-09 22:28:33,0.0
CrossAmerica Partners,,2025-11-25|2025-11-26|2025-11-28|2025-12-01|2025-12-02|2025-12-03|2025-12-04|2025-12-05|2025-12-08|2025-12-09|2025-12-10|2025-12-11|2025-12-12|2025-12-15|2025-12-16|2025-12-17|2025-12-18|2025-12-19|2025-12-22|2025-12-23|2025-12-24|2025-12-26|2025-12-29|2025-12-30|2025-12-31|2026-01-02|2026-01-05|2026-01-06|2026-01-07|2026-01-08,2026-01-09 22:28:33,0.0
Cadence,,2025-11-25|2025-11-26|2025-11-28|2025-12-01|2025-12-02|2025-12-03|2025-12-04|2025-12-05|2025-12-08|2025-12-09|2025-12-10|2025-12-11|2025-12-12|2025-12-15|2025-12-16|2025-12-17|2025-12-18|2025-12-19|2025-12-22|2025-12-23|2025-12-24|2025-12-26|2025-12-29|2025-12-30|2025-12-31|2026-01-02|2026-01-05|2026-01-06|2026-01-07|2026-01-08,2026-01-09 22:28:33,0.0
MillerKnoll,,2025-11-25|2025-11-26|2025-11-28|2025-12-01|2025-12-02|2025-12-03|2025-12-04|2025-12-05|2025-12-08|2025-12-09|2025-12-10|2025-12-11|2025-12-12|2025-12-15|2025-12-16|2025-12-17|2025-12-18|2025-12-19|2025-12-22|2025-12-23|2025-12-24|2025-12-26|2025-12-29|2025-12-30|2025-12-31|2026-01-02|2026-01-05|2026-01-06|2026-01-07|2026-01-08,2026-01-09 22:28:33,0.0
Realty Income,,2025-11-25|2025-11-26|2025-11-28|2025-12-01|2025-12-02|2025-12-03|2025-12-04|2025-12-05|2025-12-08|2025-12-09|2025-12-10|2025-12-11|2025-12-12|2025-12-15|2025-12-16|2025-12-17|2025-12-18|2025-12-19|2025-12-22|2025-12-23|2025-12-24|2025-12-26|2025-12-29|2025-12-30|2025-12-31|2026-01-02|2026-01-05|2026-01-06|2026-01-07|2026-01-08,2026-01-09 22:28:33,0.0
Middleby,,2025-11-25|2025-11-26|2025-11-28|2025-12-01|2025-12-02|2025-12-03|2025-12-04|2025-12-05|2025-12-08|2025-12-09|2025-12-10|2025-12-11|2025-12-12|2025-12-15|2025-12-16|2025-12-17|2025-12-18|2025-12-19|2025-12-22|2025-12-23|2025-12-24|2025-12-26|2025-12-29|2025-12-30|2025-12-31|2026-01-02|2026-01-05|2026-01-06|2026-01-07|2026-01-08,2026-01-09 22:28:33,0.0
M/I Homes,,2025-11-25|2025-11-26|2025-11-28|2025-12-01|2025-12-02|2025-12-03|2025-12-04|2025-12-05|2025-12-08|2025-12-09|2025-12-10|2025-12-11|2025-12-12|2025-12-15|2025-12-16|2025-12-17|2025-12-18|2025-12-19|2025-12-22|2025-12-23|2025-12-24|2025-12-26|2025-12-29|2025-12-30|2025-12-31|2026-01-02|2026-01-05|2026-01-06|2026-01-07|2026-01-08,2026-01-09 22:28:33,0.0
Hologic,,2025-11-25|2025-11-26|2025-11-28|2025-12-01|2025-12-02|2025-12-03|2025-12-04|2025-12-05|2025-12-08|2025-12-09|2025-12-10|2025-12-11|2025-12-12|2025-12-15|2025-12-16|2025-12-17|2025-12-18|2025-12-19|2025-12-22|2025-12-23|2025-12-24|2025-12-26|2025-12-29|2025-12-30|2025-12-31|2026-01-02|2026-01-05|2026-01-06|2026-01-07|2026-01-08,2026-01-09 22:28:33,0.0
Alliant Energy,,2025-11-25|2025-11-26|2025-11-28|2025-12-01|2025-12-02|2025-12-03|2025-12-04|2025-12-05|2025-12-08|2025-12-09|2025-12-10|2025-12-11|2025-12-12|2025-12-15|2025-12-16|2025-12-17|2025-12-18|2025-12-19|2025-12-22|2025-12-23|2025-12-24|2025-12-26|2025-12-29|2025-12-30|2025-12-31|2026-01-02|2026-01-05|2026-01-06|2026-01-07|2026-01-08,2026-01-09 22:28:33,0.0
Generac,,2025-11-25|2025-11-26|2025-11-28|2025-12-01|2025-12-02|2025-12-03|2025-12-04|2025-12-05|2025-12-08|2025-12-09|2025-12-10|2025-12-11|2025-12-12|2025-12-15|2025-12-16|2025-12-17|2025-12-18|2025-12-19|2025-12-22|2025-12-23|2025-12-24|2025-12-26|2025-12-29|2025-12-30|2025-12-31|2026-01-02|2026-01-05|2026-01-06|2026-01-07|2026-01-08,2026-01-09 22:28:33,0.0
MSC Industrial Direct,,2025-11-25|2025-11-26|2025-11-28|2025-12-01|2025-12-02|2025-12-03|2025-12-04|2025-12-05|2025-12-08|2025-12-09|2025-12-10|2025-12-11|2025-12-12|2025-12-15|2025-12-16|2025-12-17|2025-12-18|2025-12-19|2025-12-22|2025-12-23|2025-12-24|2025-12-26|2025-12-29|2025-12-30|2025-12-31|2026-01-02|2026-01-05|2026-01-06|2026-01-07|2026-01-08,2026-01-09 22:28:33,0.0
Rocket Companies,,2025-11-25|2025-11-26|2025-11-28|2025-12-01|2025-12-02|2025-12-03|2025-12-04|2025-12-05|2025-12-08|2025-12-09|2025-12-10|2025-12-11|2025-12-12|2025-12-15|2025-12-16|2025-12-17|2025-12-18|2025-12-19|2025-12-22|2025-12-23|2025-12-24|2025-12-26|2025-12-29|2025-12-30|2025-12-31|2026-01-02|2026-01-05|2026-01-06|2026-01-07|2026-01-08,2026-01-09 22:28:33,0.0
Upbound Group,,2025-11-25|2025-11-26|2025-11-28|2025-12-01|2025-12-02|2025-12-03|2025-12-04|2025-12-05|2025-12-08|2025-12-09|2025-12-10|2025-12-11|2025-12-12|2025-12-15|2025-12-16|2025-12-17|2025-12-18|2025-12-19|2025-12-22|2025-12-23|2025-12-24|2025-12-26|2025-12-29|2025-12-30|2025-12-31|2026-01-02|2026-01-05|2026-01-06|2026-01-07|2026-01-08,2026-01-09 22:28:33,0.0
East West Bancorp,,2025-11-25|2025-11-26|2025-11-28|2025-12-01|2025-12-02|2025-12-03|2025-12-04|2025-12-05|2025-12-08|2025-12-09|2025-12-10|2025-12-11|2025-12-12|2025-12-15|2025-12-16|2025-12-17|2025-12-18|2025-12-19|2025-12-22|2025-12-23|2025-12-24|2025-12-26|2025-12-29|2025-12-30|2025-12-31|2026-01-02|2026-01-05|2026-01-06|2026-01-07|2026-01-08,2026-01-09 22:28:33,0.0
Hilton Grand Vacations,,2025-11-25|2025-11-26|2025-11-28|2025-12-01|2025-12-02|2025-12-03|2025-12-04|2025-12-05|2025-12-08|2025-12-09|2025-12-10|2025-12-11|2025-12-12|2025-12-15|2025-12-16|2025-12-17|2025-12-18|2025-12-19|2025-12-22|2025-12-23|2025-12-24|2025-12-26|2025-12-29|2025-12-30|2025-12-31|2026-01-02|2026-01-05|2026-01-06|2026-01-07|2026-01-08,2026-01-09 22:28:33,0.0
Grocery Outlet Holding,,2025-11-25|2025-11-26|2025-11-28|2025-12-01|2025-12-02|2025-12-03|2025-12-04|2025-12-05|2025-12-08|2025-12-09|2025-12-10|2025-12-11|2025-12-12|2025-12-15|2025-12-16|2025-12-17|2025-12-18|2025-12-19|2025-12-22|2025-12-23|2025-12-24|2025-12-26|2025-12-29|2025-12-30|2025-12-31|2026-01-02|2026-01-05|2026-01-06|2026-01-07|2026-01-08,2026-01-09 22:28:33,0.0
Dentsply Sirona,,2025-11-25|2025-11-26|2025-11-28|2025-12-01|2025-12-02|2025-12-03|2025-12-04|2025-12-05|2025-12-08|2025-12-09|2025-12-10|2025-12-11|2025-12-12|2025-12-15|2025-12-16|2025-12-17|2025-12-18|2025-12-19|2025-12-22|2025-12-23|2025-12-24|2025-12-26|2025-12-29|2025-12-30|2025-12-31|2026-01-02|2026-01-05|2026-01-06|2026-01-07|2026-01-08,2026-01-09 22:28:33,0.0
v2x Inc,,2025-11-25|2025-11-26|2025-11-28|2025-12-01|2025-12-02|2025-12-03|2025-12-04|2025-12-05|2025-12-08|2025-12-09|2025-12-10|2025-12-11|2025-12-12|2025-12-15|2025-12-16|2025-12-17|2025-12-18|2025-12-19|2025-12-22|2025-12-23|2025-12-24|2025-12-26|2025-12-29|2025-12-30|2025-12-31|2026-01-02|2026-01-05|2026-01-06|2026-01-07|2026-01-08,2026-01-09 22:28:33,0.0
Crocs,,2025-11-25|2025-11-26|2025-11-28|2025-12-01|2025-12-02|2025-12-03|2025-12-04|2025-12-05|2025-12-08|2025-12-09|2025-12-10|2025-12-11|2025-12-12|2025-12-15|2025-12-16|2025-12-17|2025-12-18|2025-12-19|2025-12-22|2025-12-23|2025-12-24|2025-12-26|2025-12-29|2025-12-30|2025-12-31|2026-01-02|2026-01-05|2026-01-06|2026-01-07|2026-01-08,2026-01-09 22:28:33,0.0
Spectrum Brands,,2025-11-25|2025-11-26|2025-11-28|2025-12-01|2025-12-02|2025-12-03|2025-12-04|2025-12-05|2025-12-08|2025-12-09|2025-12-10|2025-12-11|2025-12-12|2025-12-15|2025-12-16|2025-12-17|2025-12-18|2025-12-19|2025-12-22|2025-12-23|2025-12-24|2025-12-26|2025-12-29|2025-12-30|2025-12-31|2026-01-02|2026-01-05|2026-01-06|2026-01-07|2026-01-08,2026-01-09 22:28:33,0.0
Visteon,,2025-11-25|2025-11-26|2025-11-28|2025-12-01|2025-12-02|2025-12-03|2025-12-04|2025-12-05|2025-12-08|2025-12-09|2025-12-10|2025-12-11|2025-12-12|2025-12-15|2025-12-16|2025-12-17|2025-12-18|2025-12-19|2025-12-22|2025-12-23|2025-12-24|2025-12-26|2025-12-29|2025-12-30|2025-12-31|2026-01-02|2026-01-05|2026-01-06|2026-01-07|2026-01-08,2026-01-09 22:28:33,0.0
Acuity Inc,,2025-11-25|2025-11-26|2025-11-28|2025-12-01|2025-12-02|2025-12-03|2025-12-04|2025-12-05|2025-12-08|2025-12-09|2025-12-10|2025-12-11|2025-12-12|2025-12-15|2025-12-16|2025-12-17|2025-12-18|2025-12-19|2025-12-22|2025-12-23|2025-12-24|2025-12-26|2025-12-29|2025-12-30|2025-12-31|2026-01-02|2026-01-05|2026-01-06|2026-01-07|2026-01-08,2026-01-09 22:28:33,0.0
The Greenbrier Companies,,2025-11-25|2025-11-26|2025-11-28|2025-12-01|2025-12-02|2025-12-03|2025-12-04|2025-12-05|2025-12-08|2025-12-09|2025-12-10|2025-12-11|2025-12-12|2025-12-15|2025-12-16|2025-12-17|2025-12-18|2025-12-19|2025-12-22|2025-12-23|2025-12-24|2025-12-26|2025-12-29|2025-12-30|2025-12-31|2026-01-02|2026-01-05|2026-01-06|2026-01-07|2026-01-08,2026-01-09 22:28:33,0.0
Webster Financial,,2025-11-25|2025-11-26|2025-11-28|2025-12-01|2025-12-02|2025-12-03|2025-12-04|2025-12-05|2025-12-08|2025-12-09|2025-12-10|2025-12-11|2025-12-12|2025-12-15|2025-12-16|2025-12-17|2025-12-18|2025-12-19|2025-12-22|2025-12-23|2025-12-24|2025-12-26|2025-12-29|2025-12-30|2025-12-31|2026-01-02|2026-01-05|2026-01-06|2026-01-07|2026-01-08,2026-01-09 22:28:33,0.0
Cabot Corporation,,2025-11-25|2025-11-26|2025-11-28|2025-12-01|2025-12-02|2025-12-03|2025-12-04|2025-12-05|2025-12-08|2025-12-09|2025-12-10|2025-12-11|2025-12-12|2025-12-15|2025-12-16|2025-12-17|2025-12-18|2025-12-19|2025-12-22|2025-12-23|2025-12-24|2025-12-26|2025-12-29|2025-12-30|2025-12-31|2026-01-02|2026-01-05|2026-01-06|2026-01-07|2026-01-08,2026-01-09 22:28:33,0.0
RXO Inc,,2025-11-25|2025-11-26|2025-11-28|2025-12-01|2025-12-02|2025-12-03|2025-12-04|2025-12-05|2025-12-08|2025-12-09|2025-12-10|2025-12-11|2025-12-12|2025-12-15|2025-12-16|2025-12-17|2025-12-18|2025-12-19|2025-12-22|2025-12-23|2025-12-24|2025-12-26|2025-12-29|2025-12-30|2025-12-31|2026-01-02|2026-01-05|2026-01-06|2026-01-07|2026-01-08,2026-01-09 22:28:33,0.0
Chord Energy,,2025-11-25|2025-11-26|2025-11-28|2025-12-01|2025-12-02|2025-12-03|2025-12-04|2025-12-05|2025-12-08|2025-12-09|2025-12-10|2025-12-11|2025-12-12|2025-12-15|2025-12-16|2025-12-17|2025-12-18|2025-12-19|2025-12-22|2025-12-23|2025-12-24|2025-12-26|2025-12-29|2025-12-30|2025-12-31|2026-01-02|2026-01-05|2026-01-06|2026-01-07|2026-01-08,2026-01-09 22:28:33,0.0
Popular Inc,,2025-11-25|2025-11-26|2025-11-28|2025-12-01|2025-12-02|2025-12-03|2025-12-04|2025-12-05|2025-12-08|2025-12-09|2025-12-10|2025-12-11|2025-12-12|2025-12-15|2025-12-16|2025-12-17|2025-12-18|2025-12-19|2025-12-22|2025-12-23|2025-12-24|2025-12-26|2025-12-29|2025-12-30|2025-12-31|2026-01-02|2026-01-05|2026-01-06|2026-01-07|2026-01-08,2026-01-09 22:28:33,0.0
Garrett Motion Inc,,2025-11-25|2025-11-26|2025-11-28|2025-12-01|2025-12-02|2025-12-03|2025-12-04|2025-12-05|2025-12-08|2025-12-09|2025-12-10|2025-12-11|2025-12-12|2025-12-15|2025-12-16|2025-12-17|2025-12-18|2025-12-19|2025-12-22|2025-12-23|2025-12-24|2025-12-26|2025-12-29|2025-12-30|2025-12-31|2026-01-02|2026-01-05|2026-01-06|2026-01-07|2026-01-08,2026-01-09 22:28:33,0.0
Tutor Perini Corporation,,2025-11-25|2025-11-26|2025-11-28|2025-12-01|2025-12-02|2025-12-03|2025-12-04|2025-12-05|2025-12-08|2025-12-09|2025-12-10|2025-12-11|2025-12-12|2025-12-15|2025-12-16|2025-12-17|2025-12-18|2025-12-19|2025-12-22|2025-12-23|2025-12-24|2025-12-26|2025-12-29|2025-12-30|2025-12-31|2026-01-02|2026-01-05|2026-01-06|2026-01-07|2026-01-08,2026-01-09 22:28:33,0.0
Copart,,2025-11-25|2025-11-26|2025-11-28|2025-12-01|2025-12-02|2025-12-03|2025-12-04|2025-12-05|2025-12-08|2025-12-09|2025-12-10|2025-12-11|2025-12-12|2025-12-15|2025-12-16|2025-12-17|2025-12-18|2025-12-19|2025-12-22|2025-12-23|2025-12-24|2025-12-26|2025-12-29|2025-12-30|2025-12-31|2026-01-02|2026-01-05|2026-01-06|2026-01-07|2026-01-08,2026-01-09 22:28:33,0.0
Toast Inc,,2025-11-25|2025-11-26|2025-11-28|2025-12-01|2025-12-02|2025-12-03|2025-12-04|2025-12-05|2025-12-08|2025-12-09|2025-12-10|2025-12-11|2025-12-12|2025-12-15|2025-12-16|2025-12-17|2025-12-18|2025-12-19|2025-12-22|2025-12-23|2025-12-24|2025-12-26|2025-12-29|2025-12-30|2025-12-31|2026-01-02|2026-01-05|2026-01-06|2026-01-07|2026-01-08,2026-01-09 22:28:33,0.0
Align Technology,,2025-11-25|2025-11-26|2025-11-28|2025-12-01|2025-12-02|2025-12-03|2025-12-04|2025-12-05|2025-12-08|2025-12-09|2025-12-10|2025-12-11|2025-12-12|2025-12-15|2025-12-16|2025-12-17|2025-12-18|2025-12-19|2025-12-22|2025-12-23|2025-12-24|2025-12-26|2025-12-29|2025-12-30|2025-12-31|2026-01-02|2026-01-05|2026-01-06|2026-01-07|2026-01-08,2026-01-09 22:28:33,0.0
A O Smith,,2025-11-25|2025-11-26|2025-11-28|2025-12-01|2025-12-02|2025-12-03|2025-12-04|2025-12-05|2025-12-08|2025-12-09|2025-12-10|2025-12-11|2025-12-12|2025-12-15|2025-12-16|2025-12-17|2025-12-18|2025-12-19|2025-12-22|2025-12-23|2025-12-24|2025-12-26|2025-12-29|2025-12-30|2025-12-31|2026-01-02|2026-01-05|2026-01-06|2026-01-07|2026-01-08,2026-01-09 22:28:33,0.0
TransUnion,,2025-11-25|2025-11-26|2025-11-28|2025-12-01|2025-12-02|2025-12-03|2025-12-04|2025-12-05|2025-12-08|2025-12-09|2025-12-10|2025-12-11|2025-12-12|2025-12-15|2025-12-16|2025-12-17|2025-12-18|2025-12-19|2025-12-22|2025-12-23|2025-12-24|2025-12-26|2025-12-29|2025-12-30|2025-12-31|2026-01-02|2026-01-05|2026-01-06|2026-01-07|2026-01-08,2026-01-09 22:28:33,0.0
NCR Voyix,,2025-11-25|2025-11-26|2025-11-28|2025-12-01|2025-12-02|2025-12-03|2025-12-04|2025-12-05|2025-12-08|2025-12-09|2025-12-10|2025-12-11|2025-12-12|2025-12-15|2025-12-16|2025-12-17|2025-12-18|2025-12-19|2025-12-22|2025-12-23|2025-12-24|2025-12-26|2025-12-29|2025-12-30|2025-12-31|2026-01-02|2026-01-05|2026-01-06|2026-01-07|2026-01-08,2026-01-09 22:28:33,0.0
Akamai Technologies,,2025-11-25|2025-11-26|2025-11-28|2025-12-01|2025-12-02|2025-12-03|2025-12-04|2025-12-05|2025-12-08|2025-12-09|2025-12-10|2025-12-11|2025-12-12|2025-12-15|2025-12-16|2025-12-17|2025-12-18|2025-12-19|2025-12-22|2025-12-23|2025-12-24|2025-12-26|2025-12-29|2025-12-30|2025-12-31|2026-01-02|2026-01-05|2026-01-06|2026-01-07|2026-01-08,2026-01-09 22:28:33,0.0
Trimble Inc,,2025-11-25|2025-11-26|2025-11-28|2025-12-01|2025-12-02|2025-12-03|2025-12-04|2025-12-05|2025-12-08|2025-12-09|2025-12-10|2025-12-11|2025-12-12|2025-12-15|2025-12-16|2025-12-17|2025-12-18|2025-12-19|2025-12-22|2025-12-23|2025-12-24|2025-12-26|2025-12-29|2025-12-30|2025-12-31|2026-01-02|2026-01-05|2026-01-06|2026-01-07|2026-01-08,2026-01-09 22:28:33,0.0
AMN Healthcare Services,,2025-11-25|2025-11-26|2025-11-28|2025-12-01|2025-12-02|2025-12-03|2025-12-04|2025-12-05|2025-12-08|2025-12-09|2025-12-10|2025-12-11|2025-12-12|2025-12-15|2025-12-16|2025-12-17|2025-12-18|2025-12-19|2025-12-22|2025-12-23|2025-12-24|2025-12-26|2025-12-29|2025-12-30|2025-12-31|2026-01-02|2026-01-05|2026-01-06|2026-01-07|2026-01-08,2026-01-09 22:28:33,0.0
Mettler-Toledo International,,2025-11-25|2025-11-26|2025-11-28|2025-12-01|2025-12-02|2025-12-03|2025-12-04|2025-12-05|2025-12-08|2025-12-09|2025-12-10|2025-12-11|2025-12-12|2025-12-15|2025-12-16|2025-12-17|2025-12-18|2025-12-19|2025-12-22|2025-12-23|2025-12-24|2025-12-26|2025-12-29|2025-12-30|2025-12-31|2026-01-02|2026-01-05|2026-01-06|2026-01-07|2026-01-08,2026-01-09 22:28:33,0.0
ScanSource,,2025-11-25|2025-11-26|2025-11-28|2025-12-01|2025-12-02|2025-12-03|2025-12-04|2025-12-05|2025-12-08|2025-12-09|2025-12-10|2025-12-11|2025-12-12|2025-12-15|2025-12-16|2025-12-17|2025-12-18|2025-12-19|2025-12-22|2025-12-23|2025-12-24|2025-12-26|2025-12-29|2025-12-30|2025-12-31|2026-01-02|2026-01-05|2026-01-06|2026-01-07|2026-01-08,2026-01-09 22:28:33,0.0
LCI Industries,,2025-11-25|2025-11-26|2025-11-28|2025-12-01|2025-12-02|2025-12-03|2025-12-04|2025-12-05|2025-12-08|2025-12-09|2025-12-10|2025-12-11|2025-12-12|2025-12-15|2025-12-16|2025-12-17|2025-12-18|2025-12-19|2025-12-22|2025-12-23|2025-12-24|2025-12-26|2025-12-29|2025-12-30|2025-12-31|2026-01-02|2026-01-05|2026-01-06|2026-01-07|2026-01-08,2026-01-09 22:28:33,0.0
Cboe Global Markets,,2025-11-25|2025-11-26|2025-11-28|2025-12-01|2025-12-02|2025-12-03|2025-12-04|2025-12-05|2025-12-08|2025-12-09|2025-12-10|2025-12-11|2025-12-12|2025-12-15|2025-12-16|2025-12-17|2025-12-18|2025-12-19|2025-12-22|2025-12-23|2025-12-24|2025-12-26|2025-12-29|2025-12-30|2025-12-31|2026-01-02|2026-01-05|2026-01-06|2026-01-07|2026-01-08,2026-01-09 22:28:33,0.0
Diebold Nixdorf,,2025-11-25|2025-11-26|2025-11-28|2025-12-01|2025-12-02|2025-12-03|2025-12-04|2025-12-05|2025-12-08|2025-12-09|2025-12-10|2025-12-11|2025-12-12|2025-12-15|2025-12-16|2025-12-17|2025-12-18|2025-12-19|2025-12-22|2025-12-23|2025-12-24|2025-12-26|2025-12-29|2025-12-30|2025-12-31|2026-01-02|2026-01-05|2026-01-06|2026-01-07|2026-01-08,2026-01-09 22:28:33,0.0
Corpay,,2025-11-25|2025-11-26|2025-11-28|2025-12-01|2025-12-02|2025-12-03|2025-12-04|2025-12-05|2025-12-08|2025-12-09|2025-12-10|2025-12-11|2025-12-12|2025-12-15|2025-12-16|2025-12-17|2025-12-18|2025-12-19|2025-12-22|2025-12-23|2025-12-24|2025-12-26|2025-12-29|2025-12-30|2025-12-31|2026-01-02|2026-01-05|2026-01-06|2026-01-07|2026-01-08,2026-01-09 22:28:33,0.0
iHeartMedia,,2025-11-25|2025-11-26|2025-11-28|2025-12-01|2025-12-02|2025-12-03|2025-12-04|2025-12-05|2025-12-08|2025-12-09|2025-12-10|2025-12-11|2025-12-12|2025-12-15|2025-12-16|2025-12-17|2025-12-18|2025-12-19|2025-12-22|2025-12-23|2025-12-24|2025-12-26|2025-12-29|2025-12-30|2025-12-31|2026-01-02|2026-01-05|2026-01-06|2026-01-07|2026-01-08,2026-01-09 22:28:33,0.0
Dream Finders Homes,,2025-11-25|2025-11-26|2025-11-28|2025-12-01|2025-12-02|2025-12-03|2025-12-04|2025-12-05|2025-12-08|2025-12-09|2025-12-10|2025-12-11|2025-12-12|2025-12-15|2025-12-16|2025-12-17|2025-12-18|2025-12-19|2025-12-22|2025-12-23|2025-12-24|2025-12-26|2025-12-29|2025-12-30|2025-12-31|2026-01-02|2026-01-05|2026-01-06|2026-01-07|2026-01-08,2026-01-09 22:28:33,0.0
Boyd Gaming,,2025-11-25|2025-11-26|2025-11-28|2025-12-01|2025-12-02|2025-12-03|2025-12-04|2025-12-05|2025-12-08|2025-12-09|2025-12-10|2025-12-11|2025-12-12|2025-12-15|2025-12-16|2025-12-17|2025-12-18|2025-12-19|2025-12-22|2025-12-23|2025-12-24|2025-12-26|2025-12-29|2025-12-30|2025-12-31|2026-01-02|2026-01-05|2026-01-06|2026-01-07|2026-01-08,2026-01-09 22:28:33,0.0
Ensign Group,,2025-11-25|2025-11-26|2025-11-28|2025-12-01|2025-12-02|2025-12-03|2025-12-04|2025-12-05|2025-12-08|2025-12-09|2025-12-10|2025-12-11|2025-12-12|2025-12-15|2025-12-16|2025-12-17|2025-12-18|2025-12-19|2025-12-22|2025-12-23|2025-12-24|2025-12-26|2025-12-29|2025-12-30|2025-12-31|2026-01-02|2026-01-05|2026-01-06|2026-01-07|2026-01-08,2026-01-09 22:28:33,0.0
Sally Beauty,,2025-11-25|2025-11-26|2025-11-28|2025-12-01|2025-12-02|2025-12-03|2025-12-04|2025-12-05|2025-12-08|2025-12-09|2025-12-10|2025-12-11|2025-12-12|2025-12-15|2025-12-16|2025-12-17|2025-12-18|2025-12-19|2025-12-22|2025-12-23|2025-12-24|2025-12-26|2025-12-29|2025-12-30|2025-12-31|2026-01-02|2026-01-05|2026-01-06|2026-01-07|2026-01-08,2026-01-09 22:28:33,0.0
Conduent,,2025-11-25|2025-11-26|2025-11-28|2025-12-01|2025-12-02|2025-12-03|2025-12-04|2025-12-05|2025-12-08|2025-12-09|2025-12-10|2025-12-11|2025-12-12|2025-12-15|2025-12-16|2025-12-17|2025-12-18|2025-12-19|2025-12-22|2025-12-23|2025-12-24|2025-12-26|2025-12-29|2025-12-30|2025-12-31|2026-01-02|2026-01-05|2026-01-06|2026-01-07|2026-01-08,2026-01-09 22:28:33,0.0
Sylvamo,,2025-11-25|2025-11-26|2025-11-28|2025-12-01|2025-12-02|2025-12-03|2025-12-04|2025-12-05|2025-12-08|2025-12-09|2025-12-10|2025-12-11|2025-12-12|2025-12-15|2025-12-16|2025-12-17|2025-12-18|2025-12-19|2025-12-22|2025-12-23|2025-12-24|2025-12-26|2025-12-29|2025-12-30|2025-12-31|2026-01-02|2026-01-05|2026-01-06|2026-01-07|2026-01-08,2026-01-09 22:28:33,0.0
Tri Pointe Homes,,2025-11-25|2025-11-26|2025-11-28|2025-12-01|2025-12-02|2025-12-03|2025-12-04|2025-12-05|2025-12-08|2025-12-09|2025-12-10|2025-12-11|2025-12-12|2025-12-15|2025-12-16|2025-12-17|2025-12-18|2025-12-19|2025-12-22|2025-12-23|2025-12-24|2025-12-26|2025-12-29|2025-12-30|2025-12-31|2026-01-02|2026-01-05|2026-01-06|2026-01-07|2026-01-08,2026-01-09 22:28:33,0.0
EnerSys,,2025-11-25|2025-11-26|2025-11-28|2025-12-01|2025-12-02|2025-12-03|2025-12-04|2025-12-05|2025-12-08|2025-12-09|2025-12-10|2025-12-11|2025-12-12|2025-12-15|2025-12-16|2025-12-17|2025-12-18|2025-12-19|2025-12-22|2025-12-23|2025-12-24|2025-12-26|2025-12-29|2025-12-30|2025-12-31|2026-01-02|2026-01-05|2026-01-06|2026-01-07|2026-01-08,2026-01-09 22:28:33,0.0
Incyte,,2025-11-25|2025-11-26|2025-11-28|2025-12-01|2025-12-02|2025-12-03|2025-12-04|2025-12-05|2025-12-08|2025-12-09|2025-12-10|2025-12-11|2025-12-12|2025-12-15|2025-12-16|2025-12-17|2025-12-18|2025-12-19|2025-12-22|2025-12-23|2025-12-24|2025-12-26|2025-12-29|2025-12-30|2025-12-31|2026-01-02|2026-01-05|2026-01-06|2026-01-07|2026-01-08,2026-01-09 22:28:33,0.0
Century Communities,,2025-11-25|2025-11-26|2025-11-28|2025-12-01|2025-12-02|2025-12-03|2025-12-04|2025-12-05|2025-12-08|2025-12-09|2025-12-10|2025-12-11|2025-12-12|2025-12-15|2025-12-16|2025-12-17|2025-12-18|2025-12-19|2025-12-22|2025-12-23|2025-12-24|2025-12-26|2025-12-29|2025-12-30|2025-12-31|2026-01-02|2026-01-05|2026-01-06|2026-01-07|2026-01-08,2026-01-09 22:28:33,0.0
Rithm Capital,,2025-11-25|2025-11-26|2025-11-28|2025-12-01|2025-12-02|2025-12-03|2025-12-04|2025-12-05|2025-12-08|2025-12-09|2025-12-10|2025-12-11|2025-12-12|2025-12-15|2025-12-16|2025-12-17|2025-12-18|2025-12-19|2025-12-22|2025-12-23|2025-12-24|2025-12-26|2025-12-29|2025-12-30|2025-12-31|2026-01-02|2026-01-05|2026-01-06|2026-01-07|2026-01-08,2026-01-09 22:28:33,0.0
Euronet Worldwide,,2025-11-25|2025-11-26|2025-11-28|2025-12-01|2025-12-02|2025-12-03|2025-12-04|2025-12-05|2025-12-08|2025-12-09|2025-12-10|2025-12-11|2025-12-12|2025-12-15|2025-12-16|2025-12-17|2025-12-18|2025-12-19|2025-12-22|2025-12-23|2025-12-24|2025-12-26|2025-12-29|2025-12-30|2025-12-31|2026-01-02|2026-01-05|2026-01-06|2026-01-07|2026-01-08,2026-01-09 22:28:33,0.0
Hawaiian Electric Industries,,2025-11-25|2025-11-26|2025-11-28|2025-12-01|2025-12-02|2025-12-03|2025-12-04|2025-12-05|2025-12-08|2025-12-09|2025-12-10|2025-12-11|2025-12-12|2025-12-15|2025-12-16|2025-12-17|2025-12-18|2025-12-19|2025-12-22|2025-12-23|2025-12-24|2025-12-26|2025-12-29|2025-12-30|2025-12-31|2026-01-02|2026-01-05|2026-01-06|2026-01-07|2026-01-08,2026-01-09 22:28:33,0.0
DraftKings,,2025-11-25|2025-11-26|2025-11-28|2025-12-01|2025-12-02|2025-12-03|2025-12-04|2025-12-05|2025-12-08|2025-12-09|2025-12-10|2025-12-11|2025-12-12|2025-12-15|2025-12-16|2025-12-17|2025-12-18|2025-12-19|2025-12-22|2025-12-23|2025-12-24|2025-12-26|2025-12-29|2025-12-30|2025-12-31|2026-01-02|2026-01-05|2026-01-06|2026-01-07|2026-01-08,2026-01-09 22:28:33,0.0
IDEXX Laboratories,,2025-11-25|2025-11-26|2025-11-28|2025-12-01|2025-12-02|2025-12-03|2025-12-04|2025-12-05|2025-12-08|2025-12-09|2025-12-10|2025-12-11|2025-12-12|2025-12-15|2025-12-16|2025-12-17|2025-12-18|2025-12-19|2025-12-22|2025-12-23|2025-12-24|2025-12-26|2025-12-29|2025-12-30|2025-12-31|2026-01-02|2026-01-05|2026-01-06|2026-01-07|2026-01-08,2026-01-09 22:28:33,0.0
MYR Group,,2025-11-25|2025-11-26|2025-11-28|2025-12-01|2025-12-02|2025-12-03|2025-12-04|2025-12-05|2025-12-08|2025-12-09|2025-12-10|2025-12-11|2025-12-12|2025-12-15|2025-12-16|2025-12-17|2025-12-18|2025-12-19|2025-12-22|2025-12-23|2025-12-24|2025-12-26|2025-12-29|2025-12-30|2025-12-31|2026-01-02|2026-01-05|2026-01-06|2026-01-07|2026-01-08,2026-01-09 22:28:33,0.0
Deckers Outdoor,,2025-11-25|2025-11-26|2025-11-28|2025-12-01|2025-12-02|2025-12-03|2025-12-04|2025-12-05|2025-12-08|2025-12-09|2025-12-10|2025-12-11|2025-12-12|2025-12-15|2025-12-16|2025-12-17|2025-12-18|2025-12-19|2025-12-22|2025-12-23|2025-12-24|2025-12-26|2025-12-29|2025-12-30|2025-12-31|2026-01-02|2026-01-05|2026-01-06|2026-01-07|2026-01-08,2026-01-09 22:28:33,0.0
DexCom,,2025-11-25|2025-11-26|2025-11-28|2025-12-01|2025-12-02|2025-12-03|2025-12-04|2025-12-05|2025-12-08|2025-12-09|2025-12-10|2025-12-11|2025-12-12|2025-12-15|2025-12-16|2025-12-17|2025-12-18|2025-12-19|2025-12-22|2025-12-23|2025-12-24|2025-12-26|2025-12-29|2025-12-30|2025-12-31|2026-01-02|2026-01-05|2026-01-06|2026-01-07|2026-01-08,2026-01-09 22:28:33,0.0
MKS Instruments,,2025-11-25|2025-11-26|2025-11-28|2025-12-01|2025-12-02|2025-12-03|2025-12-04|2025-12-05|2025-12-08|2025-12-09|2025-12-10|2025-12-11|2025-12-12|2025-12-15|2025-12-16|2025-12-17|2025-12-18|2025-12-19|2025-12-22|2025-12-23|2025-12-24|2025-12-26|2025-12-29|2025-12-30|2025-12-31|2026-01-02|2026-01-05|2026-01-06|2026-01-07|2026-01-08,2026-01-09 22:28:33,0.0
VICI Properties,,2025-11-25|2025-11-26|2025-11-28|2025-12-01|2025-12-02|2025-12-03|2025-12-04|2025-12-05|2025-12-08|2025-12-09|2025-12-10|2025-12-11|2025-12-12|2025-12-15|2025-12-16|2025-12-17|2025-12-18|2025-12-19|2025-12-22|2025-12-23|2025-12-24|2025-12-26|2025-12-29|2025-12-30|2025-12-31|2026-01-02|2026-01-05|2026-01-06|2026-01-07|2026-01-08,2026-01-09 22:28:33,0.0
Cooper Cos,,2025-11-25|2025-11-26|2025-11-28|2025-12-01|2025-12-02|2025-12-03|2025-12-04|2025-12-05|2025-12-08|2025-12-09|2025-12-10|2025-12-11|2025-12-12|2025-12-15|2025-12-16|2025-12-17|2025-12-18|2025-12-19|2025-12-22|2025-12-23|2025-12-24|2025-12-26|2025-12-29|2025-12-30|2025-12-31|2026-01-02|2026-01-05|2026-01-06|2026-01-07|2026-01-08,2026-01-09 22:28:33,0.0
Frontier Airlines,,2025-11-25|2025-11-26|2025-11-28|2025-12-01|2025-12-02|2025-12-03|2025-12-04|2025-12-05|2025-12-08|2025-12-09|2025-12-10|2025-12-11|2025-12-12|2025-12-15|2025-12-16|2025-12-17|2025-12-18|2025-12-19|2025-12-22|2025-12-23|2025-12-24|2025-12-26|2025-12-29|2025-12-30|2025-12-31|2026-01-02|2026-01-05|2026-01-06|2026-01-07|2026-01-08,2026-01-09 22:28:33,0.0
Qorvo,,2025-11-25|2025-11-26|2025-11-28|2025-12-01|2025-12-02|2025-12-03|2025-12-04|2025-12-05|2025-12-08|2025-12-09|2025-12-10|2025-12-11|2025-12-12|2025-12-15|2025-12-16|2025-12-17|2025-12-18|2025-12-19|2025-12-22|2025-12-23|2025-12-24|2025-12-26|2025-12-29|2025-12-30|2025-12-31|2026-01-02|2026-01-05|2026-01-06|2026-01-07|2026-01-08,2026-01-09 22:28:33,0.0
Five Below,,2025-11-25|2025-11-26|2025-11-28|2025-12-01|2025-12-02|2025-12-03|2025-12-04|2025-12-05|2025-12-08|2025-12-09|2025-12-10|2025-12-11|2025-12-12|2025-12-15|2025-12-16|2025-12-17|2025-12-18|2025-12-19|2025-12-22|2025-12-23|2025-12-24|2025-12-26|2025-12-29|2025-12-30|2025-12-31|2026-01-02|2026-01-05|2026-01-06|2026-01-07|2026-01-08,2026-01-09 22:28:33,0.0
TreeHouse Foods,,2025-11-25|2025-11-26|2025-11-28|2025-12-01|2025-12-02|2025-12-03|2025-12-04|2025-12-05|2025-12-08|2025-12-09|2025-12-10|2025-12-11|2025-12-12|2025-12-15|2025-12-16|2025-12-17|2025-12-18|2025-12-19|2025-12-22|2025-12-23|2025-12-24|2025-12-26|2025-12-29|2025-12-30|2025-12-31|2026-01-02|2026-01-05|2026-01-06|2026-01-07|2026-01-08,2026-01-09 22:28:33,0.0
Scotts Miracle-Gro,,2025-11-25|2025-11-26|2025-11-28|2025-12-01|2025-12-02|2025-12-03|2025-12-04|2025-12-05|2025-12-08|2025-12-09|2025-12-10|2025-12-11|2025-12-12|2025-12-15|2025-12-16|2025-12-17|2025-12-18|2025-12-19|2025-12-22|2025-12-23|2025-12-24|2025-12-26|2025-12-29|2025-12-30|2025-12-31|2026-01-02|2026-01-05|2026-01-06|2026-01-07|2026-01-08,2026-01-09 22:28:33,0.0
Atlassian,,2025-11-25|2025-11-26|2025-11-28|2025-12-01|2025-12-02|2025-12-03|2025-12-04|2025-12-05|2025-12-08|2025-12-09|2025-12-10|2025-12-11|2025-12-12|2025-12-15|2025-12-16|2025-12-17|2025-12-18|2025-12-19|2025-12-22|2025-12-23|2025-12-24|2025-12-26|2025-12-29|2025-12-30|2025-12-31|2026-01-02|2026-01-05|2026-01-06|2026-01-07|2026-01-08,2026-01-09 22:28:33,0.0
Entegris,,2025-11-25|2025-11-26|2025-11-28|2025-12-01|2025-12-02|2025-12-03|2025-12-04|2025-12-05|2025-12-08|2025-12-09|2025-12-10|2025-12-11|2025-12-12|2025-12-15|2025-12-16|2025-12-17|2025-12-18|2025-12-19|2025-12-22|2025-12-23|2025-12-24|2025-12-26|2025-12-29|2025-12-30|2025-12-31|2026-01-02|2026-01-05|2026-01-06|2026-01-07|2026-01-08,2026-01-09 22:28:33,0.0
Atkore,,2025-11-25|2025-11-26|2025-11-28|2025-12-01|2025-12-02|2025-12-03|2025-12-04|2025-12-05|2025-12-08|2025-12-09|2025-12-10|2025-12-11|2025-12-12|2025-12-15|2025-12-16|2025-12-17|2025-12-18|2025-12-19|2025-12-22|2025-12-23|2025-12-24|2025-12-26|2025-12-29|2025-12-30|2025-12-31|2026-01-02|2026-01-05|2026-01-06|2026-01-07|2026-01-08,2026-01-09 22:28:33,0.0
HB Fuller,,2025-11-25|2025-11-26|2025-11-28|2025-12-01|2025-12-02|2025-12-03|2025-12-04|2025-12-05|2025-12-08|2025-12-09|2025-12-10|2025-12-11|2025-12-12|2025-12-15|2025-12-16|2025-12-17|2025-12-18|2025-12-19|2025-12-22|2025-12-23|2025-12-24|2025-12-26|2025-12-29|2025-12-30|2025-12-31|2026-01-02|2026-01-05|2026-01-06|2026-01-07|2026-01-08,2026-01-09 22:28:33,0.0
Granite Construction,,2025-11-25|2025-11-26|2025-11-28|2025-12-01|2025-12-02|2025-12-03|2025-12-04|2025-12-05|2025-12-08|2025-12-09|2025-12-10|2025-12-11|2025-12-12|2025-12-15|2025-12-16|2025-12-17|2025-12-18|2025-12-19|2025-12-22|2025-12-23|2025-12-24|2025-12-26|2025-12-29|2025-12-30|2025-12-31|2026-01-02|2026-01-05|2026-01-06|2026-01-07|2026-01-08,2026-01-09 22:28:33,0.0
Winnebago Industries,,2025-11-25|2025-11-26|2025-11-28|2025-12-01|2025-12-02|2025-12-03|2025-12-04|2025-12-05|2025-12-08|2025-12-09|2025-12-10|2025-12-11|2025-12-12|2025-12-15|2025-12-16|2025-12-17|2025-12-18|2025-12-19|2025-12-22|2025-12-23|2025-12-24|2025-12-26|2025-12-29|2025-12-30|2025-12-31|2026-01-02|2026-01-05|2026-01-06|2026-01-07|2026-01-08,2026-01-09 22:28:33,0.0
FTI Consulting,,2025-11-25|2025-11-26|2025-11-28|2025-12-01|2025-12-02|2025-12-03|2025-12-04|2025-12-05|2025-12-08|2025-12-09|2025-12-10|2025-12-11|2025-12-12|2025-12-15|2025-12-16|2025-12-17|2025-12-18|2025-12-19|2025-12-22|2025-12-23|2025-12-24|2025-12-26|2025-12-29|2025-12-30|2025-12-31|2026-01-02|2026-01-05|2026-01-06|2026-01-07|2026-01-08,2026-01-09 22:28:33,0.0
AptarGroup,,2025-11-25|2025-11-26|2025-11-28|2025-12-01|2025-12-02|2025-12-03|2025-12-04|2025-12-05|2025-12-08|2025-12-09|2025-12-10|2025-12-11|2025-12-12|2025-12-15|2025-12-16|2025-12-17|2025-12-18|2025-12-19|2025-12-22|2025-12-23|2025-12-24|2025-12-26|2025-12-29|2025-12-30|2025-12-31|2026-01-02|2026-01-05|2026-01-06|2026-01-07|2026-01-08,2026-01-09 22:28:33,0.0
Columbia Sportswear,,2025-11-25|2025-11-26|2025-11-28|2025-12-01|2025-12-02|2025-12-03|2025-12-04|2025-12-05|2025-12-08|2025-12-09|2025-12-10|2025-12-11|2025-12-12|2025-12-15|2025-12-16|2025-12-17|2025-12-18|2025-12-19|2025-12-22|2025-12-23|2025-12-24|2025-12-26|2025-12-29|2025-12-30|2025-12-31|2026-01-02|2026-01-05|2026-01-06|2026-01-07|2026-01-08,2026-01-09 22:28:33,0.0
Roku,,2025-11-25|2025-11-26|2025-11-28|2025-12-01|2025-12-02|2025-12-03|2025-12-04|2025-12-05|2025-12-08|2025-12-09|2025-12-10|2025-12-11|2025-12-12|2025-12-15|2025-12-16|2025-12-17|2025-12-18|2025-12-19|2025-12-22|2025-12-23|2025-12-24|2025-12-26|2025-12-29|2025-12-30|2025-12-31|2026-01-02|2026-01-05|2026-01-06|2026-01-07|2026-01-08,2026-01-09 22:28:33,0.0
Civitas Resources,,2025-11-25|2025-11-26|2025-11-28|2025-12-01|2025-12-02|2025-12-03|2025-12-04|2025-12-05|2025-12-08|2025-12-09|2025-12-10|2025-12-11|2025-12-12|2025-12-15|2025-12-16|2025-12-17|2025-12-18|2025-12-19|2025-12-22|2025-12-23|2025-12-24|2025-12-26|2025-12-29|2025-12-30|2025-12-31|2026-01-02|2026-01-05|2026-01-06|2026-01-07|2026-01-08,2026-01-09 22:28:33,0.0
Alpha Metallurgical Resources,,2025-11-25|2025-11-26|2025-11-28|2025-12-01|2025-12-02|2025-12-03|2025-12-04|2025-12-05|2025-12-08|2025-12-09|2025-12-10|2025-12-11|2025-12-12|2025-12-15|2025-12-16|2025-12-17|2025-12-18|2025-12-19|2025-12-22|2025-12-23|2025-12-24|2025-12-26|2025-12-29|2025-12-30|2025-12-31|2026-01-02|2026-01-05|2026-01-06|2026-01-07|2026-01-08,2026-01-09 22:28:33,0.0
Patrick Industries,,2025-11-25|2025-11-26|2025-11-28|2025-12-01|2025-12-02|2025-12-03|2025-12-04|2025-12-05|2025-12-08|2025-12-09|2025-12-10|2025-12-11|2025-12-12|2025-12-15|2025-12-16|2025-12-17|2025-12-18|2025-12-19|2025-12-22|2025-12-23|2025-12-24|2025-12-26|2025-12-29|2025-12-30|2025-12-31|2026-01-02|2026-01-05|2026-01-06|2026-01-07|2026-01-08,2026-01-09 22:28:33,0.0
Murphy Oil,,2025-11-25|2025-11-26|2025-11-28|2025-12-01|2025-12-02|2025-12-03|2025-12-04|2025-12-05|2025-12-08|2025-12-09|2025-12-10|2025-12-11|2025-12-12|2025-12-15|2025-12-16|2025-12-17|2025-12-18|2025-12-19|2025-12-22|2025-12-23|2025-12-24|2025-12-26|2025-12-29|2025-12-30|2025-12-31|2026-01-02|2026-01-05|2026-01-06|2026-01-07|2026-01-08,2026-01-09 22:28:33,0.0
Synovus Financial,,2025-11-19|2025-11-20|2025-11-21|2025-11-24|2025-11-25|2025-11-26|2025-11-28|2025-12-01|2025-12-02|2025-12-03|2025-12-04|2025-12-05|2025-12-08|2025-12-09|2025-12-10|2025-12-11|2025-12-12|2025-12-15|2025-12-16|2025-12-17|2025-12-18|2025-12-19|2025-12-22|2025-12-23|2025-12-24|2025-12-26|2025-12-29|2025-12-30|2025-12-31|2026-01-02,2026-01-09 22:28:33,0.0
Cracker Barrel,,2025-11-25|2025-11-26|2025-11-28|2025-12-01|2025-12-02|2025-12-03|2025-12-04|2025-12-05|2025-12-08|2025-12-09|2025-12-10|2025-12-11|2025-12-12|2025-12-15|2025-12-16|2025-12-17|2025-12-18|2025-12-19|2025-12-22|2025-12-23|2025-12-24|2025-12-26|2025-12-29|2025-12-30|2025-12-31|2026-01-02|2026-01-05|2026-01-06|2026-01-07|2026-01-08,2026-01-09 22:28:33,0.0
Cheesecake Factory,,2025-11-25|2025-11-26|2025-11-28|2025-12-01|2025-12-02|2025-12-03|2025-12-04|2025-12-05|2025-12-08|2025-12-09|2025-12-10|2025-12-11|2025-12-12|2025-12-15|2025-12-16|2025-12-17|2025-12-18|2025-12-19|2025-12-22|2025-12-23|2025-12-24|2025-12-26|2025-12-29|2025-12-30|2025-12-31|2026-01-02|2026-01-05|2026-01-06|2026-01-07|2026-01-08,2026-01-09 22:28:33,0.0
CNX Resources,,2025-11-25|2025-11-26|2025-11-28|2025-12-01|2025-12-02|2025-12-03|2025-12-04|2025-12-05|2025-12-08|2025-12-09|2025-12-10|2025-12-11|2025-12-12|2025-12-15|2025-12-16|2025-12-17|2025-12-18|2025-12-19|2025-12-22|2025-12-23|2025-12-24|2025-12-26|2025-12-29|2025-12-30|2025-12-31|2026-01-02|2026-01-05|2026-01-06|2026-01-07|2026-01-08,2026-01-09 22:28:33,0.0
Chefs Warehouse,,2025-11-25|2025-11-26|2025-11-28|2025-12-01|2025-12-02|2025-12-03|2025-12-04|2025-12-05|2025-12-08|2025-12-09|2025-12-10|2025-12-11|2025-12-12|2025-12-15|2025-12-16|2025-12-17|2025-12-18|2025-12-19|2025-12-22|2025-12-23|2025-12-24|2025-12-26|2025-12-29|2025-12-30|2025-12-31|2026-01-02|2026-01-05|2026-01-06|2026-01-07|2026-01-08,2026-01-09 22:28:33,0.0
Donaldson Company,,2025-11-25|2025-11-26|2025-11-28|2025-12-01|2025-12-02|2025-12-03|2025-12-04|2025-12-05|2025-12-08|2025-12-09|2025-12-10|2025-12-11|2025-12-12|2025-12-15|2025-12-16|2025-12-17|2025-12-18|2025-12-19|2025-12-22|2025-12-23|2025-12-24|2025-12-26|2025-12-29|2025-12-30|2025-12-31|2026-01-02|2026-01-05|2026-01-06|2026-01-07|2026-01-08,2026-01-09 22:28:33,0.0
Mueller Industries,,2025-11-25|2025-11-26|2025-11-28|2025-12-01|2025-12-02|2025-12-03|2025-12-04|2025-12-05|2025-12-08|2025-12-09|2025-12-10|2025-12-11|2025-12-12|2025-12-15|2025-12-16|2025-12-17|2025-12-18|2025-12-19|2025-12-22|2025-12-23|2025-12-24|2025-12-26|2025-12-29|2025-12-30|2025-12-31|2026-01-02|2026-01-05|2026-01-06|2026-01-07|2026-01-08,2026-01-09 22:28:33,0.0
Chart Industries,,2025-11-25|2025-11-26|2025-11-28|2025-12-01|2025-12-02|2025-12-03|2025-12-04|2025-12-05|2025-12-08|2025-12-09|2025-12-10|2025-12-11|2025-12-12|2025-12-15|2025-12-16|2025-12-17|2025-12-18|2025-12-19|2025-12-22|2025-12-23|2025-12-24|2025-12-26|2025-12-29|2025-12-30|2025-12-31|2026-01-02|2026-01-05|2026-01-06|2026-01-07|2026-01-08,2026-01-09 22:28:33,0.0
Alight Solutions,,2025-11-25|2025-11-26|2025-11-28|2025-12-01|2025-12-02|2025-12-03|2025-12-04|2025-12-05|2025-12-08|2025-12-09|2025-12-10|2025-12-11|2025-12-12|2025-12-15|2025-12-16|2025-12-17|2025-12-18|2025-12-19|2025-12-22|2025-12-23|2025-12-24|2025-12-26|2025-12-29|2025-12-30|2025-12-31|2026-01-02|2026-01-05|2026-01-06|2026-01-07|2026-01-08,2026-01-09 22:28:33,0.0
Vishay Intertechnology,,2025-11-25|2025-11-26|2025-11-28|2025-12-01|2025-12-02|2025-12-03|2025-12-04|2025-12-05|2025-12-08|2025-12-09|2025-12-10|2025-12-11|2025-12-12|2025-12-15|2025-12-16|2025-12-17|2025-12-18|2025-12-19|2025-12-22|2025-12-23|2025-12-24|2025-12-26|2025-12-29|2025-12-30|2025-12-31|2026-01-02|2026-01-05|2026-01-06|2026-01-07|2026-01-08,2026-01-09 22:28:33,0.0
Range Resources,,2025-11-25|2025-11-26|2025-11-28|2025-12-01|2025-12-02|2025-12-03|2025-12-04|2025-12-05|2025-12-08|2025-12-09|2025-12-10|2025-12-11|2025-12-12|2025-12-15|2025-12-16|2025-12-17|2025-12-18|2025-12-19|2025-12-22|2025-12-23|2025-12-24|2025-12-26|2025-12-29|2025-12-30|2025-12-31|2026-01-02|2026-01-05|2026-01-06|2026-01-07|2026-01-08,2026-01-09 22:28:33,0.0
Valley National Bancorp,,2025-11-25|2025-11-26|2025-11-28|2025-12-01|2025-12-02|2025-12-03|2025-12-04|2025-12-05|2025-12-08|2025-12-09|2025-12-10|2025-12-11|2025-12-12|2025-12-15|2025-12-16|2025-12-17|2025-12-18|2025-12-19|2025-12-22|2025-12-23|2025-12-24|2025-12-26|2025-12-29|2025-12-30|2025-12-31|2026-01-02|2026-01-05|2026-01-06|2026-01-07|2026-01-08,2026-01-09 22:28:33,0.0
Match Group,,2025-11-25|2025-11-26|2025-11-28|2025-12-01|2025-12-02|2025-12-03|2025-12-04|2025-12-05|2025-12-08|2025-12-09|2025-12-10|2025-12-11|2025-12-12|2025-12-15|2025-12-16|2025-12-17|2025-12-18|2025-12-19|2025-12-22|2025-12-23|2025-12-24|2025-12-26|2025-12-29|2025-12-30|2025-12-31|2026-01-02|2026-01-05|2026-01-06|2026-01-07|2026-01-08,2026-01-09 22:28:33,0.0
Gen Digital,,2025-11-25|2025-11-26|2025-11-28|2025-12-01|2025-12-02|2025-12-03|2025-12-04|2025-12-05|2025-12-08|2025-12-09|2025-12-10|2025-12-11|2025-12-12|2025-12-15|2025-12-16|2025-12-17|2025-12-18|2025-12-19|2025-12-22|2025-12-23|2025-12-24|2025-12-26|2025-12-29|2025-12-30|2025-12-31|2026-01-02|2026-01-05|2026-01-06|2026-01-07|2026-01-08,2026-01-09 22:28:33,0.0
Wintrust Financial,,2025-11-25|2025-11-26|2025-11-28|2025-12-01|2025-12-02|2025-12-03|2025-12-04|2025-12-05|2025-12-08|2025-12-09|2025-12-10|2025-12-11|2025-12-12|2025-12-15|2025-12-16|2025-12-17|2025-12-18|2025-12-19|2025-12-22|2025-12-23|2025-12-24|2025-12-26|2025-12-29|2025-12-30|2025-12-31|2026-01-02|2026-01-05|2026-01-06|2026-01-07|2026-01-08,2026-01-09 22:28:33,0.0
First Solar,,2025-11-25|2025-11-26|2025-11-28|2025-12-01|2025-12-02|2025-12-03|2025-12-04|2025-12-05|2025-12-08|2025-12-09|2025-12-10|2025-12-11|2025-12-12|2025-12-15|2025-12-16|2025-12-17|2025-12-18|2025-12-19|2025-12-22|2025-12-23|2025-12-24|2025-12-26|2025-12-29|2025-12-30|2025-12-31|2026-01-02|2026-01-05|2026-01-06|2026-01-07|2026-01-08,2026-01-09 22:28:33,0.0
Central Garden & Pet,,2025-11-25|2025-11-26|2025-11-28|2025-12-01|2025-12-02|2025-12-03|2025-12-04|2025-12-05|2025-12-08|2025-12-09|2025-12-10|2025-12-11|2025-12-12|2025-12-15|2025-12-16|2025-12-17|2025-12-18|2025-12-19|2025-12-22|2025-12-23|2025-12-24|2025-12-26|2025-12-29|2025-12-30|2025-12-31|2026-01-02|2026-01-05|2026-01-06|2026-01-07|2026-01-08,2026-01-09 22:28:33,0.0
Green Plains Inc,,2025-11-25|2025-11-26|2025-11-28|2025-12-01|2025-12-02|2025-12-03|2025-12-04|2025-12-05|2025-12-08|2025-12-09|2025-12-10|2025-12-11|2025-12-12|2025-12-15|2025-12-16|2025-12-17|2025-12-18|2025-12-19|2025-12-22|2025-12-23|2025-12-24|2025-12-26|2025-12-29|2025-12-30|2025-12-31|2026-01-02|2026-01-05|2026-01-06|2026-01-07|2026-01-08,2026-01-09 22:28:33,0.0
Werner Enterprises,,2025-11-25|2025-11-26|2025-11-28|2025-12-01|2025-12-02|2025-12-03|2025-12-04|2025-12-05|2025-12-08|2025-12-09|2025-12-10|2025-12-11|2025-12-12|2025-12-15|2025-12-16|2025-12-17|2025-12-18|2025-12-19|2025-12-22|2025-12-23|2025-12-24|2025-12-26|2025-12-29|2025-12-30|2025-12-31|2026-01-02|2026-01-05|2026-01-06|2026-01-07|2026-01-08,2026-01-09 22:28:33,0.0
AppLovin,,2025-11-25|2025-11-26|2025-11-28|2025-12-01|2025-12-02|2025-12-03|2025-12-04|2025-12-05|2025-12-08|2025-12-09|2025-12-10|2025-12-11|2025-12-12|2025-12-15|2025-12-16|2025-12-17|2025-12-18|2025-12-19|2025-12-22|2025-12-23|2025-12-24|2025-12-26|2025-12-29|2025-12-30|2025-12-31|2026-01-02|2026-01-05|2026-01-06|2026-01-07|2026-01-08,2026-01-09 22:28:33,0.0
ITT,,2025-11-25|2025-11-26|2025-11-28|2025-12-01|2025-12-02|2025-12-03|2025-12-04|2025-12-05|2025-12-08|2025-12-09|2025-12-10|2025-12-11|2025-12-12|2025-12-15|2025-12-16|2025-12-17|2025-12-18|2025-12-19|2025-12-22|2025-12-23|2025-12-24|2025-12-26|2025-12-29|2025-12-30|2025-12-31|2026-01-02|2026-01-05|2026-01-06|2026-01-07|2026-01-08,2026-01-09 22:28:33,0.0
Herc Rentals,,2025-11-25|2025-11-26|2025-11-28|2025-12-01|2025-12-02|2025-12-03|2025-12-04|2025-12-05|2025-12-08|2025-12-09|2025-12-10|2025-12-11|2025-12-12|2025-12-15|2025-12-16|2025-12-17|2025-12-18|2025-12-19|2025-12-22|2025-12-23|2025-12-24|2025-12-26|2025-12-29|2025-12-30|2025-12-31|2026-01-02|2026-01-05|2026-01-06|2026-01-07|2026-01-08,2026-01-09 22:28:33,0.0
Gray Television,,2025-11-25|2025-11-26|2025-11-28|2025-12-01|2025-12-02|2025-12-03|2025-12-04|2025-12-05|2025-12-08|2025-12-09|2025-12-10|2025-12-11|2025-12-12|2025-12-15|2025-12-16|2025-12-17|2025-12-18|2025-12-19|2025-12-22|2025-12-23|2025-12-24|2025-12-26|2025-12-29|2025-12-30|2025-12-31|2026-01-02|2026-01-05|2026-01-06|2026-01-07|2026-01-08,2026-01-09 22:28:33,0.0
IDEX,,2025-11-25|2025-11-26|2025-11-28|2025-12-01|2025-12-02|2025-12-03|2025-12-04|2025-12-05|2025-12-08|2025-12-09|2025-12-10|2025-12-11|2025-12-12|2025-12-15|2025-12-16|2025-12-17|2025-12-18|2025-12-19|2025-12-22|2025-12-23|2025-12-24|2025-12-26|2025-12-29|2025-12-30|2025-12-31|2026-01-02|2026-01-05|2026-01-06|2026-01-07|2026-01-08,2026-01-09 22:28:33,0.0
Boston Properties,,2025-11-25|2025-11-26|2025-11-28|2025-12-01|2025-12-02|2025-12-03|2025-12-04|2025-12-05|2025-12-08|2025-12-09|2025-12-10|2025-12-11|2025-12-12|2025-12-15|2025-12-16|2025-12-17|2025-12-18|2025-12-19|2025-12-22|2025-12-23|2025-12-24|2025-12-26|2025-12-29|2025-12-30|2025-12-31|2026-01-02|2026-01-05|2026-01-06|2026-01-07|2026-01-08,2026-01-09 22:28:33,0.0
Pitney Bowes,,2025-11-25|2025-11-26|2025-11-28|2025-12-01|2025-12-02|2025-12-03|2025-12-04|2025-12-05|2025-12-08|2025-12-09|2025-12-10|2025-12-11|2025-12-12|2025-12-15|2025-12-16|2025-12-17|2025-12-18|2025-12-19|2025-12-22|2025-12-23|2025-12-24|2025-12-26|2025-12-29|2025-12-30|2025-12-31|2026-01-02|2026-01-05|2026-01-06|2026-01-07|2026-01-08,2026-01-09 22:28:33,0.0
Steelcase,,2025-10-28|2025-10-29|2025-10-30|2025-10-31|2025-11-03|2025-11-04|2025-11-05|2025-11-06|2025-11-07|2025-11-10|2025-11-11|2025-11-12|2025-11-13|2025-11-14|2025-11-17|2025-11-18|2025-11-19|2025-11-20|2025-11-21|2025-11-24|2025-11-25|2025-11-26|2025-11-28|2025-12-01|2025-12-02|2025-12-03|2025-12-04|2025-12-05|2025-12-08|2025-12-09,2026-01-09 22:28:33,0.0
Sun Communities,,2025-11-25|2025-11-26|2025-11-28|2025-12-01|2025-12-02|2025-12-03|2025-12-04|2025-12-05|2025-12-08|2025-12-09|2025-12-10|2025-12-11|2025-12-12|2025-12-15|2025-12-16|2025-12-17|2025-12-18|2025-12-19|2025-12-22|2025-12-23|2025-12-24|2025-12-26|2025-12-29|2025-12-30|2025-12-31|2026-01-02|2026-01-05|2026-01-06|2026-01-07|2026-01-08,2026-01-09 22:28:33,0.0
AdaptHealth,,2025-11-25|2025-11-26|2025-11-28|2025-12-01|2025-12-02|2025-12-03|2025-12-04|2025-12-05|2025-12-08|2025-12-09|2025-12-10|2025-12-11|2025-12-12|2025-12-15|2025-12-16|2025-12-17|2025-12-18|2025-12-19|2025-12-22|2025-12-23|2025-12-24|2025-12-26|2025-12-29|2025-12-30|2025-12-31|2026-01-02|2026-01-05|2026-01-06|2026-01-07|2026-01-08,2026-01-09 22:28:33,0.0
Genesis Energy,,2025-11-25|2025-11-26|2025-11-28|2025-12-01|2025-12-02|2025-12-03|2025-12-04|2025-12-05|2025-12-08|2025-12-09|2025-12-10|2025-12-11|2025-12-12|2025-12-15|2025-12-16|2025-12-17|2025-12-18|2025-12-19|2025-12-22|2025-12-23|2025-12-24|2025-12-26|2025-12-29|2025-12-30|2025-12-31|2026-01-02|2026-01-05|2026-01-06|2026-01-07|2026-01-08,2026-01-09 22:28:33,0.0
Jackson Financial,,2025-11-25|2025-11-26|2025-11-28|2025-12-01|2025-12-02|2025-12-03|2025-12-04|2025-12-05|2025-12-08|2025-12-09|2025-12-10|2025-12-11|2025-12-12|2025-12-15|2025-12-16|2025-12-17|2025-12-18|2025-12-19|2025-12-22|2025-12-23|2025-12-24|2025-12-26|2025-12-29|2025-12-30|2025-12-31|2026-01-02|2026-01-05|2026-01-06|2026-01-07|2026-01-08,2026-01-09 22:28:33,0.0
FirstCash,,2025-11-25|2025-11-26|2025-11-28|2025-12-01|2025-12-02|2025-12-03|2025-12-04|2025-12-05|2025-12-08|2025-12-09|2025-12-10|2025-12-11|2025-12-12|2025-12-15|2025-12-16|2025-12-17|2025-12-18|2025-12-19|2025-12-22|2025-12-23|2025-12-24|2025-12-26|2025-12-29|2025-12-30|2025-12-31|2026-01-02|2026-01-05|2026-01-06|2026-01-07|2026-01-08,2026-01-09 22:28:33,0.0
Cal-Maine Foods,,2025-11-25|2025-11-26|2025-11-28|2025-12-01|2025-12-02|2025-12-03|2025-12-04|2025-12-05|2025-12-08|2025-12-09|2025-12-10|2025-12-11|2025-12-12|2025-12-15|2025-12-16|2025-12-17|2025-12-18|2025-12-19|2025-12-22|2025-12-23|2025-12-24|2025-12-26|2025-12-29|2025-12-30|2025-12-31|2026-01-02|2026-01-05|2026-01-06|2026-01-07|2026-01-08,2026-01-09 22:28:33,0.0
Avient,,2025-11-25|2025-11-26|2025-11-28|2025-12-01|2025-12-02|2025-12-03|2025-12-04|2025-12-05|2025-12-08|2025-12-09|2025-12-10|2025-12-11|2025-12-12|2025-12-15|2025-12-16|2025-12-17|2025-12-18|2025-12-19|2025-12-22|2025-12-23|2025-12-24|2025-12-26|2025-12-29|2025-12-30|2025-12-31|2026-01-02|2026-01-05|2026-01-06|2026-01-07|2026-01-08,2026-01-09 22:28:33,0.0
BlueLinx,,2025-11-25|2025-11-26|2025-11-28|2025-12-01|2025-12-02|2025-12-03|2025-12-04|2025-12-05|2025-12-08|2025-12-09|2025-12-10|2025-12-11|2025-12-12|2025-12-15|2025-12-16|2025-12-17|2025-12-18|2025-12-19|2025-12-22|2025-12-23|2025-12-24|2025-12-26|2025-12-29|2025-12-30|2025-12-31|2026-01-02|2026-01-05|2026-01-06|2026-01-07|2026-01-08,2026-01-09 22:28:33,0.0
Sinclair,,2025-11-25|2025-11-26|2025-11-28|2025-12-01|2025-12-02|2025-12-03|2025-12-04|2025-12-05|2025-12-08|2025-12-09|2025-12-10|2025-12-11|2025-12-12|2025-12-15|2025-12-16|2025-12-17|2025-12-18|2025-12-19|2025-12-22|2025-12-23|2025-12-24|2025-12-26|2025-12-29|2025-12-30|2025-12-31|2026-01-02|2026-01-05|2026-01-06|2026-01-07|2026-01-08,2026-01-09 22:28:33,0.0
BOK Financial,,2025-11-25|2025-11-26|2025-11-28|2025-12-01|2025-12-02|2025-12-03|2025-12-04|2025-12-05|2025-12-08|2025-12-09|2025-12-10|2025-12-11|2025-12-12|2025-12-15|2025-12-16|2025-12-17|2025-12-18|2025-12-19|2025-12-22|2025-12-23|2025-12-24|2025-12-26|2025-12-29|2025-12-30|2025-12-31|2026-01-02|2026-01-05|2026-01-06|2026-01-07|2026-01-08,2026-01-09 22:28:33,0.0
Permian Resources,,2025-11-25|2025-11-26|2025-11-28|2025-12-01|2025-12-02|2025-12-03|2025-12-04|2025-12-05|2025-12-08|2025-12-09|2025-12-10|2025-12-11|2025-12-12|2025-12-15|2025-12-16|2025-12-17|2025-12-18|2025-12-19|2025-12-22|2025-12-23|2025-12-24|2025-12-26|2025-12-29|2025-12-30|2025-12-31|2026-01-02|2026-01-05|2026-01-06|2026-01-07|2026-01-08,2026-01-09 22:28:33,0.0
PACS Group,,2025-11-25|2025-11-26|2025-11-28|2025-12-01|2025-12-02|2025-12-03|2025-12-04|2025-12-05|2025-12-08|2025-12-09|2025-12-10|2025-12-11|2025-12-12|2025-12-15|2025-12-16|2025-12-17|2025-12-18|2025-12-19|2025-12-22|2025-12-23|2025-12-24|2025-12-26|2025-12-29|2025-12-30|2025-12-31|2026-01-02|2026-01-05|2026-01-06|2026-01-07|2026-01-08,2026-01-09 22:28:33,0.0
Coinbase Global,,2025-11-25|2025-11-26|2025-11-28|2025-12-01|2025-12-02|2025-12-03|2025-12-04|2025-12-05|2025-12-08|2025-12-09|2025-12-10|2025-12-11|2025-12-12|2025-12-15|2025-12-16|2025-12-17|2025-12-18|2025-12-19|2025-12-22|2025-12-23|2025-12-24|2025-12-26|2025-12-29|2025-12-30|2025-12-31|2026-01-02|2026-01-05|2026-01-06|2026-01-07|2026-01-08,2026-01-09 22:28:33,0.0
Western Midstream Partners,,2025-11-25|2025-11-26|2025-11-28|2025-12-01|2025-12-02|2025-12-03|2025-12-04|2025-12-05|2025-12-08|2025-12-09|2025-12-10|2025-12-11|2025-12-12|2025-12-15|2025-12-16|2025-12-17|2025-12-18|2025-12-19|2025-12-22|2025-12-23|2025-12-24|2025-12-26|2025-12-29|2025-12-30|2025-12-31|2026-01-02|2026-01-05|2026-01-06|2026-01-07|2026-01-08,2026-01-09 22:28:33,0.0
G-III Apparel Group,,2025-11-25|2025-11-26|2025-11-28|2025-12-01|2025-12-02|2025-12-03|2025-12-04|2025-12-05|2025-12-08|2025-12-09|2025-12-10|2025-12-11|2025-12-12|2025-12-15|2025-12-16|2025-12-17|2025-12-18|2025-12-19|2025-12-22|2025-12-23|2025-12-24|2025-12-26|2025-12-29|2025-12-30|2025-12-31|2026-01-02|2026-01-05|2026-01-06|2026-01-07|2026-01-08,2026-01-09 22:28:33,0.0
Vontier,,2025-11-25|2025-11-26|2025-11-28|2025-12-01|2025-12-02|2025-12-03|2025-12-04|2025-12-05|2025-12-08|2025-12-09|2025-12-10|2025-12-11|2025-12-12|2025-12-15|2025-12-16|2025-12-17|2025-12-18|2025-12-19|2025-12-22|2025-12-23|2025-12-24|2025-12-26|2025-12-29|2025-12-30|2025-12-31|2026-01-02|2026-01-05|2026-01-06|2026-01-07|2026-01-08,2026-01-09 22:28:33,0.0
Matson Inc,,2025-11-25|2025-11-26|2025-11-28|2025-12-01|2025-12-02|2025-12-03|2025-12-04|2025-12-05|2025-12-08|2025-12-09|2025-12-10|2025-12-11|2025-12-12|2025-12-15|2025-12-16|2025-12-17|2025-12-18|2025-12-19|2025-12-22|2025-12-23|2025-12-24|2025-12-26|2025-12-29|2025-12-30|2025-12-31|2026-01-02|2026-01-05|2026-01-06|2026-01-07|2026-01-08,2026-01-09 22:28:33,0.0
Kirby Corporation,,2025-11-25|2025-11-26|2025-11-28|2025-12-01|2025-12-02|2025-12-03|2025-12-04|2025-12-05|2025-12-08|2025-12-09|2025-12-10|2025-12-11|2025-12-12|2025-12-15|2025-12-16|2025-12-17|2025-12-18|2025-12-19|2025-12-22|2025-12-23|2025-12-24|2025-12-26|2025-12-29|2025-12-30|2025-12-31|2026-01-02|2026-01-05|2026-01-06|2026-01-07|2026-01-08,2026-01-09 22:28:33,0.0
Kaiser Aluminum,,2025-11-25|2025-11-26|2025-11-28|2025-12-01|2025-12-02|2025-12-03|2025-12-04|2025-12-05|2025-12-08|2025-12-09|2025-12-10|2025-12-11|2025-12-12|2025-12-15|2025-12-16|2025-12-17|2025-12-18|2025-12-19|2025-12-22|2025-12-23|2025-12-24|2025-12-26|2025-12-29|2025-12-30|2025-12-31|2026-01-02|2026-01-05|2026-01-06|2026-01-07|2026-01-08,2026-01-09 22:28:33,0.0
Designer Brands Inc,,2025-11-25|2025-11-26|2025-11-28|2025-12-01|2025-12-02|2025-12-03|2025-12-04|2025-12-05|2025-12-08|2025-12-09|2025-12-10|2025-12-11|2025-12-12|2025-12-15|2025-12-16|2025-12-17|2025-12-18|2025-12-19|2025-12-22|2025-12-23|2025-12-24|2025-12-26|2025-12-29|2025-12-30|2025-12-31|2026-01-02|2026-01-05|2026-01-06|2026-01-07|2026-01-08,2026-01-09 22:28:33,0.0
Rollins Inc,,2025-11-25|2025-11-26|2025-11-28|2025-12-01|2025-12-02|2025-12-03|2025-12-04|2025-12-05|2025-12-08|2025-12-09|2025-12-10|2025-12-11|2025-12-12|2025-12-15|2025-12-16|2025-12-17|2025-12-18|2025-12-19|2025-12-22|2025-12-23|2025-12-24|2025-12-26|2025-12-29|2025-12-30|2025-12-31|2026-01-02|2026-01-05|2026-01-06|2026-01-07|2026-01-08,2026-01-09 22:28:33,0.0
Advanced Drainage Systems,,2025-11-25|2025-11-26|2025-11-28|2025-12-01|2025-12-02|2025-12-03|2025-12-04|2025-12-05|2025-12-08|2025-12-09|2025-12-10|2025-12-11|2025-12-12|2025-12-15|2025-12-16|2025-12-17|2025-12-18|2025-12-19|2025-12-22|2025-12-23|2025-12-24|2025-12-26|2025-12-29|2025-12-30|2025-12-31|2026-01-02|2026-01-05|2026-01-06|2026-01-07|2026-01-08,2026-01-09 22:28:33,0.0
Cinemark,,2025-11-25|2025-11-26|2025-11-28|2025-12-01|2025-12-02|2025-12-03|2025-12-04|2025-12-05|2025-12-08|2025-12-09|2025-12-10|2025-12-11|2025-12-12|2025-12-15|2025-12-16|2025-12-17|2025-12-18|2025-12-19|2025-12-22|2025-12-23|2025-12-24|2025-12-26|2025-12-29|2025-12-30|2025-12-31|2026-01-02|2026-01-05|2026-01-06|2026-01-07|2026-01-08,2026-01-09 22:28:33,0.0
CrowdStrike,,2025-11-25|2025-11-26|2025-11-28|2025-12-01|2025-12-02|2025-12-03|2025-12-04|2025-12-05|2025-12-08|2025-12-09|2025-12-10|2025-12-11|2025-12-12|2025-12-15|2025-12-16|2025-12-17|2025-12-18|2025-12-19|2025-12-22|2025-12-23|2025-12-24|2025-12-26|2025-12-29|2025-12-30|2025-12-31|2026-01-02|2026-01-05|2026-01-06|2026-01-07|2026-01-08,2026-01-09 22:28:33,0.0
Pinterest,,2025-11-25|2025-11-26|2025-11-28|2025-12-01|2025-12-02|2025-12-03|2025-12-04|2025-12-05|2025-12-08|2025-12-09|2025-12-10|2025-12-11|2025-12-12|2025-12-15|2025-12-16|2025-12-17|2025-12-18|2025-12-19|2025-12-22|2025-12-23|2025-12-24|2025-12-26|2025-12-29|2025-12-30|2025-12-31|2026-01-02|2026-01-05|2026-01-06|2026-01-07|2026-01-08,2026-01-09 22:28:33,0.0
Instacart,,2025-11-25|2025-11-26|2025-11-28|2025-12-01|2025-12-02|2025-12-03|2025-12-04|2025-12-05|2025-12-08|2025-12-09|2025-12-10|2025-12-11|2025-12-12|2025-12-15|2025-12-16|2025-12-17|2025-12-18|2025-12-19|2025-12-22|2025-12-23|2025-12-24|2025-12-26|2025-12-29|2025-12-30|2025-12-31|2026-01-02|2026-01-05|2026-01-06|2026-01-07|2026-01-08,2026-01-09 22:28:33,0.0
Hillenbrand,,2025-11-25|2025-11-26|2025-11-28|2025-12-01|2025-12-02|2025-12-03|2025-12-04|2025-12-05|2025-12-08|2025-12-09|2025-12-10|2025-12-11|2025-12-12|2025-12-15|2025-12-16|2025-12-17|2025-12-18|2025-12-19|2025-12-22|2025-12-23|2025-12-24|2025-12-26|2025-12-29|2025-12-30|2025-12-31|2026-01-02|2026-01-05|2026-01-06|2026-01-07|2026-01-08,2026-01-09 22:28:33,0.0
Allison Transmission,,2025-11-25|2025-11-26|2025-11-28|2025-12-01|2025-12-02|2025-12-03|2025-12-04|2025-12-05|2025-12-08|2025-12-09|2025-12-10|2025-12-11|2025-12-12|2025-12-15|2025-12-16|2025-12-17|2025-12-18|2025-12-19|2025-12-22|2025-12-23|2025-12-24|2025-12-26|2025-12-29|2025-12-30|2025-12-31|2026-01-02|2026-01-05|2026-01-06|2026-01-07|2026-01-08,2026-01-09 22:28:33,0.0
Restoration Hardware,,2025-11-25|2025-11-26|2025-11-28|2025-12-01|2025-12-02|2025-12-03|2025-12-04|2025-12-05|2025-12-08|2025-12-09|2025-12-10|2025-12-11|2025-12-12|2025-12-15|2025-12-16|2025-12-17|2025-12-18|2025-12-19|2025-12-22|2025-12-23|2025-12-24|2025-12-26|2025-12-29|2025-12-30|2025-12-31|2026-01-02|2026-01-05|2026-01-06|2026-01-07|2026-01-08,2026-01-09 22:28:33,0.0
Brookdale Senior Living,,2025-11-25|2025-11-26|2025-11-28|2025-12-01|2025-12-02|2025-12-03|2025-12-04|2025-12-05|2025-12-08|2025-12-09|2025-12-10|2025-12-11|2025-12-12|2025-12-15|2025-12-16|2025-12-17|2025-12-18|2025-12-19|2025-12-22|2025-12-23|2025-12-24|2025-12-26|2025-12-29|2025-12-30|2025-12-31|2026-01-02|2026-01-05|2026-01-06|2026-01-07|2026-01-08,2026-01-09 22:28:33,0.0
QuidelOrtho,,2025-11-25|2025-11-26|2025-11-28|2025-12-01|2025-12-02|2025-12-03|2025-12-04|2025-12-05|2025-12-08|2025-12-09|2025-12-10|2025-12-11|2025-12-12|2025-12-15|2025-12-16|2025-12-17|2025-12-18|2025-12-19|2025-12-22|2025-12-23|2025-12-24|2025-12-26|2025-12-29|2025-12-30|2025-12-31|2026-01-02|2026-01-05|2026-01-06|2026-01-07|2026-01-08,2026-01-09 22:28:33,0.0
Trinity Industries,,2025-11-25|2025-11-26|2025-11-28|2025-12-01|2025-12-02|2025-12-03|2025-12-04|2025-12-05|2025-12-08|2025-12-09|2025-12-10|2025-12-11|2025-12-12|2025-12-15|2025-12-16|2025-12-17|2025-12-18|2025-12-19|2025-12-22|2025-12-23|2025-12-24|2025-12-26|2025-12-29|2025-12-30|2025-12-31|2026-01-02|2026-01-05|2026-01-06|2026-01-07|2026-01-08,2026-01-09 22:28:33,0.0
Teleflex,,2025-11-25|2025-11-26|2025-11-28|2025-12-01|2025-12-02|2025-12-03|2025-12-04|2025-12-05|2025-12-08|2025-12-09|2025-12-10|2025-12-11|2025-12-12|2025-12-15|2025-12-16|2025-12-17|2025-12-18|2025-12-19|2025-12-22|2025-12-23|2025-12-24|2025-12-26|2025-12-29|2025-12-30|2025-12-31|2026-01-02|2026-01-05|2026-01-06|2026-01-07|2026-01-08,2026-01-09 22:28:33,0.0
HEICO,,2025-11-25|2025-11-26|2025-11-28|2025-12-01|2025-12-02|2025-12-03|2025-12-04|2025-12-05|2025-12-08|2025-12-09|2025-12-10|2025-12-11|2025-12-12|2025-12-15|2025-12-16|2025-12-17|2025-12-18|2025-12-19|2025-12-22|2025-12-23|2025-12-24|2025-12-26|2025-12-29|2025-12-30|2025-12-31|2026-01-02|2026-01-05|2026-01-06|2026-01-07|2026-01-08,2026-01-09 22:28:33,0.0
Bruker,,2025-11-25|2025-11-26|2025-11-28|2025-12-01|2025-12-02|2025-12-03|2025-12-04|2025-12-05|2025-12-08|2025-12-09|2025-12-10|2025-12-11|2025-12-12|2025-12-15|2025-12-16|2025-12-17|2025-12-18|2025-12-19|2025-12-22|2025-12-23|2025-12-24|2025-12-26|2025-12-29|2025-12-30|2025-12-31|2026-01-02|2026-01-05|2026-01-06|2026-01-07|2026-01-08,2026-01-09 22:28:33,0.0
Carlyle Group,,2025-11-25|2025-11-26|2025-11-28|2025-12-01|2025-12-02|2025-12-03|2025-12-04|2025-12-05|2025-12-08|2025-12-09|2025-12-10|2025-12-11|2025-12-12|2025-12-15|2025-12-16|2025-12-17|2025-12-18|2025-12-19|2025-12-22|2025-12-23|2025-12-24|2025-12-26|2025-12-29|2025-12-30|2025-12-31|2026-01-02|2026-01-05|2026-01-06|2026-01-07|2026-01-08,2026-01-09 22:28:33,0.0
Energizer Holdings,,2025-11-25|2025-11-26|2025-11-28|2025-12-01|2025-12-02|2025-12-03|2025-12-04|2025-12-05|2025-12-08|2025-12-09|2025-12-10|2025-12-11|2025-12-12|2025-12-15|2025-12-16|2025-12-17|2025-12-18|2025-12-19|2025-12-22|2025-12-23|2025-12-24|2025-12-26|2025-12-29|2025-12-30|2025-12-31|2026-01-02|2026-01-05|2026-01-06|2026-01-07|2026-01-08,2026-01-09 22:28:33,0.0
Rackspace Technology,,2025-11-25|2025-11-26|2025-11-28|2025-12-01|2025-12-02|2025-12-03|2025-12-04|2025-12-05|2025-12-08|2025-12-09|2025-12-10|2025-12-11|2025-12-12|2025-12-15|2025-12-16|2025-12-17|2025-12-18|2025-12-19|2025-12-22|2025-12-23|2025-12-24|2025-12-26|2025-12-29|2025-12-30|2025-12-31|2026-01-02|2026-01-05|2026-01-06|2026-01-07|2026-01-08,2026-01-09 22:28:33,0.0
Waters Corporation,,2025-11-25|2025-11-26|2025-11-28|2025-12-01|2025-12-02|2025-12-03|2025-12-04|2025-12-05|2025-12-08|2025-12-09|2025-12-10|2025-12-11|2025-12-12|2025-12-15|2025-12-16|2025-12-17|2025-12-18|2025-12-19|2025-12-22|2025-12-23|2025-12-24|2025-12-26|2025-12-29|2025-12-30|2025-12-31|2026-01-02|2026-01-05|2026-01-06|2026-01-07|2026-01-08,2026-01-09 22:28:33,0.0
West Pharmaceutical Services,,2025-11-25|2025-11-26|2025-11-28|2025-12-01|2025-12-02|2025-12-03|2025-12-04|2025-12-05|2025-12-08|2025-12-09|2025-12-10|2025-12-11|2025-12-12|2025-12-15|2025-12-16|2025-12-17|2025-12-18|2025-12-19|2025-12-22|2025-12-23|2025-12-24|2025-12-26|2025-12-29|2025-12-30|2025-12-31|2026-01-02|2026-01-05|2026-01-06|2026-01-07|2026-01-08,2026-01-09 22:28:33,0.0
Carters Inc,,2025-11-25|2025-11-26|2025-11-28|2025-12-01|2025-12-02|2025-12-03|2025-12-04|2025-12-05|2025-12-08|2025-12-09|2025-12-10|2025-12-11|2025-12-12|2025-12-15|2025-12-16|2025-12-17|2025-12-18|2025-12-19|2025-12-22|2025-12-23|2025-12-24|2025-12-26|2025-12-29|2025-12-30|2025-12-31|2026-01-02|2026-01-05|2026-01-06|2026-01-07|2026-01-08,2026-01-09 22:28:33,0.0
SkyWest,,2025-11-25|2025-11-26|2025-11-28|2025-12-01|2025-12-02|2025-12-03|2025-12-04|2025-12-05|2025-12-08|2025-12-09|2025-12-10|2025-12-11|2025-12-12|2025-12-15|2025-12-16|2025-12-17|2025-12-18|2025-12-19|2025-12-22|2025-12-23|2025-12-24|2025-12-26|2025-12-29|2025-12-30|2025-12-31|2026-01-02|2026-01-05|2026-01-06|2026-01-07|2026-01-08,2026-01-09 22:28:33,0.0
Acadia Healthcare,,2025-11-25|2025-11-26|2025-11-28|2025-12-01|2025-12-02|2025-12-03|2025-12-04|2025-12-05|2025-12-08|2025-12-09|2025-12-10|2025-12-11|2025-12-12|2025-12-15|2025-12-16|2025-12-17|2025-12-18|2025-12-19|2025-12-22|2025-12-23|2025-12-24|2025-12-26|2025-12-29|2025-12-30|2025-12-31|2026-01-02|2026-01-05|2026-01-06|2026-01-07|2026-01-08,2026-01-09 22:28:33,0.0
Revvity,,2025-11-25|2025-11-26|2025-11-28|2025-12-01|2025-12-02|2025-12-03|2025-12-04|2025-12-05|2025-12-08|2025-12-09|2025-12-10|2025-12-11|2025-12-12|2025-12-15|2025-12-16|2025-12-17|2025-12-18|2025-12-19|2025-12-22|2025-12-23|2025-12-24|2025-12-26|2025-12-29|2025-12-30|2025-12-31|2026-01-02|2026-01-05|2026-01-06|2026-01-07|2026-01-08,2026-01-09 22:28:33,0.0
Portland General Electric,,2025-11-25|2025-11-26|2025-11-28|2025-12-01|2025-12-02|2025-12-03|2025-12-04|2025-12-05|2025-12-08|2025-12-09|2025-12-10|2025-12-11|2025-12-12|2025-12-15|2025-12-16|2025-12-17|2025-12-18|2025-12-19|2025-12-22|2025-12-23|2025-12-24|2025-12-26|2025-12-29|2025-12-30|2025-12-31|2026-01-02|2026-01-05|2026-01-06|2026-01-07|2026-01-08,2026-01-09 22:28:33,0.0
Woodward Inc,,2025-11-25|2025-11-26|2025-11-28|2025-12-01|2025-12-02|2025-12-03|2025-12-04|2025-12-05|2025-12-08|2025-12-09|2025-12-10|2025-12-11|2025-12-12|2025-12-15|2025-12-16|2025-12-17|2025-12-18|2025-12-19|2025-12-22|2025-12-23|2025-12-24|2025-12-26|2025-12-29|2025-12-30|2025-12-31|2026-01-02|2026-01-05|2026-01-06|2026-01-07|2026-01-08,2026-01-09 22:28:33,0.0
TEGNA,,2025-11-25|2025-11-26|2025-11-28|2025-12-01|2025-12-02|2025-12-03|2025-12-04|2025-12-05|2025-12-08|2025-12-09|2025-12-10|2025-12-11|2025-12-12|2025-12-15|2025-12-16|2025-12-17|2025-12-18|2025-12-19|2025-12-22|2025-12-23|2025-12-24|2025-12-26|2025-12-29|2025-12-30|2025-12-31|2026-01-02|2026-01-05|2026-01-06|2026-01-07|2026-01-08,2026-01-09 22:28:33,0.0
Sabre Corporation,,2025-11-25|2025-11-26|2025-11-28|2025-12-01|2025-12-02|2025-12-03|2025-12-04|2025-12-05|2025-12-08|2025-12-09|2025-12-10|2025-12-11|2025-12-12|2025-12-15|2025-12-16|2025-12-17|2025-12-18|2025-12-19|2025-12-22|2025-12-23|2025-12-24|2025-12-26|2025-12-29|2025-12-30|2025-12-31|2026-01-02|2026-01-05|2026-01-06|2026-01-07|2026-01-08,2026-01-09 22:28:33,0.0
Light & Wonder,,2025-11-25|2025-11-26|2025-11-28|2025-12-01|2025-12-02|2025-12-03|2025-12-04|2025-12-05|2025-12-08|2025-12-09|2025-12-10|2025-12-11|2025-12-12|2025-12-15|2025-12-16|2025-12-17|2025-12-18|2025-12-19|2025-12-22|2025-12-23|2025-12-24|2025-12-26|2025-12-29|2025-12-30|2025-12-31|2026-01-02|2026-01-05|2026-01-06|2026-01-07|2026-01-08,2026-01-09 22:28:33,0.0
Vail Resorts,,2025-11-25|2025-11-26|2025-11-28|2025-12-01|2025-12-02|2025-12-03|2025-12-04|2025-12-05|2025-12-08|2025-12-09|2025-12-10|2025-12-11|2025-12-12|2025-12-15|2025-12-16|2025-12-17|2025-12-18|2025-12-19|2025-12-22|2025-12-23|2025-12-24|2025-12-26|2025-12-29|2025-12-30|2025-12-31|2026-01-02|2026-01-05|2026-01-06|2026-01-07|2026-01-08,2026-01-09 22:28:33,0.0
PennyMac Financial Services,,2025-11-25|2025-11-26|2025-11-28|2025-12-01|2025-12-02|2025-12-03|2025-12-04|2025-12-05|2025-12-08|2025-12-09|2025-12-10|2025-12-11|2025-12-12|2025-12-15|2025-12-16|2025-12-17|2025-12-18|2025-12-19|2025-12-22|2025-12-23|2025-12-24|2025-12-26|2025-12-29|2025-12-30|2025-12-31|2026-01-02|2026-01-05|2026-01-06|2026-01-07|2026-01-08,2026-01-09 22:28:33,0.0
Saia Inc,,2025-11-25|2025-11-26|2025-11-28|2025-12-01|2025-12-02|2025-12-03|2025-12-04|2025-12-05|2025-12-08|2025-12-09|2025-12-10|2025-12-11|2025-12-12|2025-12-15|2025-12-16|2025-12-17|2025-12-18|2025-12-19|2025-12-22|2025-12-23|2025-12-24|2025-12-26|2025-12-29|2025-12-30|2025-12-31|2026-01-02|2026-01-05|2026-01-06|2026-01-07|2026-01-08,2026-01-09 22:28:33,0.0
Equity Residential,,2025-11-25|2025-11-26|2025-11-28|2025-12-01|2025-12-02|2025-12-03|2025-12-04|2025-12-05|2025-12-08|2025-12-09|2025-12-10|2025-12-11|2025-12-12|2025-12-15|2025-12-16|2025-12-17|2025-12-18|2025-12-19|2025-12-22|2025-12-23|2025-12-24|2025-12-26|2025-12-29|2025-12-30|2025-12-31|2026-01-02|2026-01-05|2026-01-06|2026-01-07|2026-01-08,2026-01-09 22:28:33,0.0
Helmerich & Payne,,2025-11-25|2025-11-26|2025-11-28|2025-12-01|2025-12-02|2025-12-03|2025-12-04|2025-12-05|2025-12-08|2025-12-09|2025-12-10|2025-12-11|2025-12-12|2025-12-15|2025-12-16|2025-12-17|2025-12-18|2025-12-19|2025-12-22|2025-12-23|2025-12-24|2025-12-26|2025-12-29|2025-12-30|2025-12-31|2026-01-02|2026-01-05|2026-01-06|2026-01-07|2026-01-08,2026-01-09 22:28:33,0.0
Korn Ferry,,2025-11-25|2025-11-26|2025-11-28|2025-12-01|2025-12-02|2025-12-03|2025-12-04|2025-12-05|2025-12-08|2025-12-09|2025-12-10|2025-12-11|2025-12-12|2025-12-15|2025-12-16|2025-12-17|2025-12-18|2025-12-19|2025-12-22|2025-12-23|2025-12-24|2025-12-26|2025-12-29|2025-12-30|2025-12-31|2026-01-02|2026-01-05|2026-01-06|2026-01-07|2026-01-08,2026-01-09 22:28:33,0.0
PC Connection Inc,,2025-11-25|2025-11-26|2025-11-28|2025-12-01|2025-12-02|2025-12-03|2025-12-04|2025-12-05|2025-12-08|2025-12-09|2025-12-10|2025-12-11|2025-12-12|2025-12-15|2025-12-16|2025-12-17|2025-12-18|2025-12-19|2025-12-22|2025-12-23|2025-12-24|2025-12-26|2025-12-29|2025-12-30|2025-12-31|2026-01-02|2026-01-05|2026-01-06|2026-01-07|2026-01-08,2026-01-09 22:28:33,0.0
Curtiss-Wright,,2025-11-25|2025-11-26|2025-11-28|2025-12-01|2025-12-02|2025-12-03|2025-12-04|2025-12-05|2025-12-08|2025-12-09|2025-12-10|2025-12-11|2025-12-12|2025-12-15|2025-12-16|2025-12-17|2025-12-18|2025-12-19|2025-12-22|2025-12-23|2025-12-24|2025-12-26|2025-12-29|2025-12-30|2025-12-31|2026-01-02|2026-01-05|2026-01-06|2026-01-07|2026-01-08,2026-01-09 22:28:33,0.0
Sallie Mae,,2025-11-25|2025-11-26|2025-11-28|2025-12-01|2025-12-02|2025-12-03|2025-12-04|2025-12-05|2025-12-08|2025-12-09|2025-12-10|2025-12-11|2025-12-12|2025-12-15|2025-12-16|2025-12-17|2025-12-18|2025-12-19|2025-12-22|2025-12-23|2025-12-24|2025-12-26|2025-12-29|2025-12-30|2025-12-31|2026-01-02|2026-01-05|2026-01-06|2026-01-07|2026-01-08,2026-01-09 22:28:33,0.0
Benchmark Electronics,,2025-11-25|2025-11-26|2025-11-28|2025-12-01|2025-12-02|2025-12-03|2025-12-04|2025-12-05|2025-12-08|2025-12-09|2025-12-10|2025-12-11|2025-12-12|2025-12-15|2025-12-16|2025-12-17|2025-12-18|2025-12-19|2025-12-22|2025-12-23|2025-12-24|2025-12-26|2025-12-29|2025-12-30|2025-12-31|2026-01-02|2026-01-05|2026-01-06|2026-01-07|2026-01-08,2026-01-09 22:28:33,0.0
Pure Storage,,2025-11-25|2025-11-26|2025-11-28|2025-12-01|2025-12-02|2025-12-03|2025-12-04|2025-12-05|2025-12-08|2025-12-09|2025-12-10|2025-12-11|2025-12-12|2025-12-15|2025-12-16|2025-12-17|2025-12-18|2025-12-19|2025-12-22|2025-12-23|2025-12-24|2025-12-26|2025-12-29|2025-12-30|2025-12-31|2026-01-02|2026-01-05|2026-01-06|2026-01-07|2026-01-08,2026-01-09 22:28:33,0.0
Knife River Corporation,,2025-11-25|2025-11-26|2025-11-28|2025-12-01|2025-12-02|2025-12-03|2025-12-04|2025-12-05|2025-12-08|2025-12-09|2025-12-10|2025-12-11|2025-12-12|2025-12-15|2025-12-16|2025-12-17|2025-12-18|2025-12-19|2025-12-22|2025-12-23|2025-12-24|2025-12-26|2025-12-29|2025-12-30|2025-12-31|2026-01-02|2026-01-05|2026-01-06|2026-01-07|2026-01-08,2026-01-09 22:28:33,0.0
Caleres Inc,,2025-11-25|2025-11-26|2025-11-28|2025-12-01|2025-12-02|2025-12-03|2025-12-04|2025-12-05|2025-12-08|2025-12-09|2025-12-10|2025-12-11|2025-12-12|2025-12-15|2025-12-16|2025-12-17|2025-12-18|2025-12-19|2025-12-22|2025-12-23|2025-12-24|2025-12-26|2025-12-29|2025-12-30|2025-12-31|2026-01-02|2026-01-05|2026-01-06|2026-01-07|2026-01-08,2026-01-09 22:28:33,0.0
BrightView Holdings,,2025-11-25|2025-11-26|2025-11-28|2025-12-01|2025-12-02|2025-12-03|2025-12-04|2025-12-05|2025-12-08|2025-12-09|2025-12-10|2025-12-11|2025-12-12|2025-12-15|2025-12-16|2025-12-17|2025-12-18|2025-12-19|2025-12-22|2025-12-23|2025-12-24|2025-12-26|2025-12-29|2025-12-30|2025-12-31|2026-01-02|2026-01-05|2026-01-06|2026-01-07|2026-01-08,2026-01-09 22:28:33,0.0
Cooper-Standard,,2025-11-25|2025-11-26|2025-11-28|2025-12-01|2025-12-02|2025-12-03|2025-12-04|2025-12-05|2025-12-08|2025-12-09|2025-12-10|2025-12-11|2025-12-12|2025-12-15|2025-12-16|2025-12-17|2025-12-18|2025-12-19|2025-12-22|2025-12-23|2025-12-24|2025-12-26|2025-12-29|2025-12-30|2025-12-31|2026-01-02|2026-01-05|2026-01-06|2026-01-07|2026-01-08,2026-01-09 22:28:33,0.0
Primerica,,2025-11-25|2025-11-26|2025-11-28|2025-12-01|2025-12-02|2025-12-03|2025-12-04|2025-12-05|2025-12-08|2025-12-09|2025-12-10|2025-12-11|2025-12-12|2025-12-15|2025-12-16|2025-12-17|2025-12-18|2025-12-19|2025-12-22|2025-12-23|2025-12-24|2025-12-26|2025-12-29|2025-12-30|2025-12-31|2026-01-02|2026-01-05|2026-01-06|2026-01-07|2026-01-08,2026-01-09 22:28:33,0.0
F5,,2025-11-25|2025-11-26|2025-11-28|2025-12-01|2025-12-02|2025-12-03|2025-12-04|2025-12-05|2025-12-08|2025-12-09|2025-12-10|2025-12-11|2025-12-12|2025-12-15|2025-12-16|2025-12-17|2025-12-18|2025-12-19|2025-12-22|2025-12-23|2025-12-24|2025-12-26|2025-12-29|2025-12-30|2025-12-31|2026-01-02|2026-01-05|2026-01-06|2026-01-07|2026-01-08,2026-01-09 22:28:33,0.0
Matador Resources,,2025-11-25|2025-11-26|2025-11-28|2025-12-01|2025-12-02|2025-12-03|2025-12-04|2025-12-05|2025-12-08|2025-12-09|2025-12-10|2025-12-11|2025-12-12|2025-12-15|2025-12-16|2025-12-17|2025-12-18|2025-12-19|2025-12-22|2025-12-23|2025-12-24|2025-12-26|2025-12-29|2025-12-30|2025-12-31|2026-01-02|2026-01-05|2026-01-06|2026-01-07|2026-01-08,2026-01-09 22:28:33,0.0
Snowflake Inc,,2025-11-25|2025-11-26|2025-11-28|2025-12-01|2025-12-02|2025-12-03|2025-12-04|2025-12-05|2025-12-08|2025-12-09|2025-12-10|2025-12-11|2025-12-12|2025-12-15|2025-12-16|2025-12-17|2025-12-18|2025-12-19|2025-12-22|2025-12-23|2025-12-24|2025-12-26|2025-12-29|2025-12-30|2025-12-31|2026-01-02|2026-01-05|2026-01-06|2026-01-07|2026-01-08,2026-01-09 22:28:33,0.0
Viasat,,2025-11-25|2025-11-26|2025-11-28|2025-12-01|2025-12-02|2025-12-03|2025-12-04|2025-12-05|2025-12-08|2025-12-09|2025-12-10|2025-12-11|2025-12-12|2025-12-15|2025-12-16|2025-12-17|2025-12-18|2025-12-19|2025-12-22|2025-12-23|2025-12-24|2025-12-26|2025-12-29|2025-12-30|2025-12-31|2026-01-02|2026-01-05|2026-01-06|2026-01-07|2026-01-08,2026-01-09 22:28:33,0.0
California Resources,,2025-11-25|2025-11-26|2025-11-28|2025-12-01|2025-12-02|2025-12-03|2025-12-04|2025-12-05|2025-12-08|2025-12-09|2025-12-10|2025-12-11|2025-12-12|2025-12-15|2025-12-16|2025-12-17|2025-12-18|2025-12-19|2025-12-22|2025-12-23|2025-12-24|2025-12-26|2025-12-29|2025-12-30|2025-12-31|2026-01-02|2026-01-05|2026-01-06|2026-01-07|2026-01-08,2026-01-09 22:28:33,0.0
Peloton Interactive,,2025-11-25|2025-11-26|2025-11-28|2025-12-01|2025-12-02|2025-12-03|2025-12-04|2025-12-05|2025-12-08|2025-12-09|2025-12-10|2025-12-11|2025-12-12|2025-12-15|2025-12-16|2025-12-17|2025-12-18|2025-12-19|2025-12-22|2025-12-23|2025-12-24|2025-12-26|2025-12-29|2025-12-30|2025-12-31|2026-01-02|2026-01-05|2026-01-06|2026-01-07|2026-01-08,2026-01-09 22:28:33,0.0
Roblox,,2025-11-25|2025-11-26|2025-11-28|2025-12-01|2025-12-02|2025-12-03|2025-12-04|2025-12-05|2025-12-08|2025-12-09|2025-12-10|2025-12-11|2025-12-12|2025-12-15|2025-12-16|2025-12-17|2025-12-18|2025-12-19|2025-12-22|2025-12-23|2025-12-24|2025-12-26|2025-12-29|2025-12-30|2025-12-31|2026-01-02|2026-01-05|2026-01-06|2026-01-07|2026-01-08,2026-01-09 22:28:33,0.0
Installed Building Products,,2025-11-25|2025-11-26|2025-11-28|2025-12-01|2025-12-02|2025-12-03|2025-12-04|2025-12-05|2025-12-08|2025-12-09|2025-12-10|2025-12-11|2025-12-12|2025-12-15|2025-12-16|2025-12-17|2025-12-18|2025-12-19|2025-12-22|2025-12-23|2025-12-24|2025-12-26|2025-12-29|2025-12-30|2025-12-31|2026-01-02|2026-01-05|2026-01-06|2026-01-07|2026-01-08,2026-01-09 22:28:33,0.0
First National of Nebraska,,2025-11-25|2025-11-26|2025-11-28|2025-12-01|2025-12-02|2025-12-03|2025-12-04|2025-12-05|2025-12-08|2025-12-09|2025-12-10|2025-12-11|2025-12-12|2025-12-15|2025-12-16|2025-12-17|2025-12-18|2025-12-19|2025-12-22|2025-12-23|2025-12-24|2025-12-26|2025-12-29|2025-12-30|2025-12-31|2026-01-02|2026-01-05|2026-01-06|2026-01-07|2026-01-08,2026-01-09 22:28:33,0.0
Guess Inc,,2025-11-25|2025-11-26|2025-11-28|2025-12-01|2025-12-02|2025-12-03|2025-12-04|2025-12-05|2025-12-08|2025-12-09|2025-12-10|2025-12-11|2025-12-12|2025-12-15|2025-12-16|2025-12-17|2025-12-18|2025-12-19|2025-12-22|2025-12-23|2025-12-24|2025-12-26|2025-12-29|2025-12-30|2025-12-31|2026-01-02|2026-01-05|2026-01-06|2026-01-07|2026-01-08,2026-01-09 22:28:33,0.0
ESAB,,2025-11-25|2025-11-26|2025-11-28|2025-12-01|2025-12-02|2025-12-03|2025-12-04|2025-12-05|2025-12-08|2025-12-09|2025-12-10|2025-12-11|2025-12-12|2025-12-15|2025-12-16|2025-12-17|2025-12-18|2025-12-19|2025-12-22|2025-12-23|2025-12-24|2025-12-26|2025-12-29|2025-12-30|2025-12-31|2026-01-02|2026-01-05|2026-01-06|2026-01-07|2026-01-08,2026-01-09 22:28:33,0.0
AvalonBay Communities,,2025-11-25|2025-11-26|2025-11-28|2025-12-01|2025-12-02|2025-12-03|2025-12-04|2025-12-05|2025-12-08|2025-12-09|2025-12-10|2025-12-11|2025-12-12|2025-12-15|2025-12-16|2025-12-17|2025-12-18|2025-12-19|2025-12-22|2025-12-23|2025-12-24|2025-12-26|2025-12-29|2025-12-30|2025-12-31|2026-01-02|2026-01-05|2026-01-06|2026-01-07|2026-01-08,2026-01-09 22:28:33,0.0
DocuSign,,2025-11-25|2025-11-26|2025-11-28|2025-12-01|2025-12-02|2025-12-03|2025-12-04|2025-12-05|2025-12-08|2025-12-09|2025-12-10|2025-12-11|2025-12-12|2025-12-15|2025-12-16|2025-12-17|2025-12-18|2025-12-19|2025-12-22|2025-12-23|2025-12-24|2025-12-26|2025-12-29|2025-12-30|2025-12-31|2026-01-02|2026-01-05|2026-01-06|2026-01-07|2026-01-08,2026-01-09 22:28:33,0.0
Titan Machinery,,2025-11-25|2025-11-26|2025-11-28|2025-12-01|2025-12-02|2025-12-03|2025-12-04|2025-12-05|2025-12-08|2025-12-09|2025-12-10|2025-12-11|2025-12-12|2025-12-15|2025-12-16|2025-12-17|2025-12-18|2025-12-19|2025-12-22|2025-12-23|2025-12-24|2025-12-26|2025-12-29|2025-12-30|2025-12-31|2026-01-02|2026-01-05|2026-01-06|2026-01-07|2026-01-08,2026-01-09 22:28:33,0.0
ModivCare,,2025-11-25|2025-11-26|2025-11-28|2025-12-01|2025-12-02|2025-12-03|2025-12-04|2025-12-05|2025-12-08|2025-12-09|2025-12-10|2025-12-11|2025-12-12|2025-12-15|2025-12-16|2025-12-17|2025-12-18|2025-12-19|2025-12-22|2025-12-23|2025-12-24|2025-12-26|2025-12-29|2025-12-30|2025-12-31|2026-01-02|2026-01-05|2026-01-06|2026-01-07|2026-01-08,2026-01-09 22:28:33,0.0
Hovnanian Enterprises,,2025-11-25|2025-11-26|2025-11-28|2025-12-01|2025-12-02|2025-12-03|2025-12-04|2025-12-05|2025-12-08|2025-12-09|2025-12-10|2025-12-11|2025-12-12|2025-12-15|2025-12-16|2025-12-17|2025-12-18|2025-12-19|2025-12-22|2025-12-23|2025-12-24|2025-12-26|2025-12-29|2025-12-30|2025-12-31|2026-01-02|2026-01-05|2026-01-06|2026-01-07|2026-01-08,2026-01-09 22:28:33,0.0
Etsy,,2025-11-25|2025-11-26|2025-11-28|2025-12-01|2025-12-02|2025-12-03|2025-12-04|2025-12-05|2025-12-08|2025-12-09|2025-12-10|2025-12-11|2025-12-12|2025-12-15|2025-12-16|2025-12-17|2025-12-18|2025-12-19|2025-12-22|2025-12-23|2025-12-24|2025-12-26|2025-12-29|2025-12-30|2025-12-31|2026-01-02|2026-01-05|2026-01-06|2026-01-07|2026-01-08,2026-01-09 22:28:33,0.0
Surgery Partners,,2025-11-25|2025-11-26|2025-11-28|2025-12-01|2025-12-02|2025-12-03|2025-12-04|2025-12-05|2025-12-08|2025-12-09|2025-12-10|2025-12-11|2025-12-12|2025-12-15|2025-12-16|2025-12-17|2025-12-18|2025-12-19|2025-12-22|2025-12-23|2025-12-24|2025-12-26|2025-12-29|2025-12-30|2025-12-31|2026-01-02|2026-01-05|2026-01-06|2026-01-07|2026-01-08,2026-01-09 22:28:33,0.0
Columbia Banking System,,2025-11-25|2025-11-26|2025-11-28|2025-12-01|2025-12-02|2025-12-03|2025-12-04|2025-12-05|2025-12-08|2025-12-09|2025-12-10|2025-12-11|2025-12-12|2025-12-15|2025-12-16|2025-12-17|2025-12-18|2025-12-19|2025-12-22|2025-12-23|2025-12-24|2025-12-26|2025-12-29|2025-12-30|2025-12-31|2026-01-02|2026-01-05|2026-01-06|2026-01-07|2026-01-08,2026-01-09 22:28:33,0.0
Verisk Analytics,,2025-11-25|2025-11-26|2025-11-28|2025-12-01|2025-12-02|2025-12-03|2025-12-04|2025-12-05|2025-12-08|2025-12-09|2025-12-10|2025-12-11|2025-12-12|2025-12-15|2025-12-16|2025-12-17|2025-12-18|2025-12-19|2025-12-22|2025-12-23|2025-12-24|2025-12-26|2025-12-29|2025-12-30|2025-12-31|2026-01-02|2026-01-05|2026-01-06|2026-01-07|2026-01-08,2026-01-09 22:28:33,0.0
MasterBrand,,2025-11-25|2025-11-26|2025-11-28|2025-12-01|2025-12-02|2025-12-03|2025-12-04|2025-12-05|2025-12-08|2025-12-09|2025-12-10|2025-12-11|2025-12-12|2025-12-15|2025-12-16|2025-12-17|2025-12-18|2025-12-19|2025-12-22|2025-12-23|2025-12-24|2025-12-26|2025-12-29|2025-12-30|2025-12-31|2026-01-02|2026-01-05|2026-01-06|2026-01-07|2026-01-08,2026-01-09 22:28:33,0.0
AMC Networks,,2025-11-25|2025-11-26|2025-11-28|2025-12-01|2025-12-02|2025-12-03|2025-12-04|2025-12-05|2025-12-08|2025-12-09|2025-12-10|2025-12-11|2025-12-12|2025-12-15|2025-12-16|2025-12-17|2025-12-18|2025-12-19|2025-12-22|2025-12-23|2025-12-24|2025-12-26|2025-12-29|2025-12-30|2025-12-31|2026-01-02|2026-01-05|2026-01-06|2026-01-07|2026-01-08,2026-01-09 22:28:33,0.0
SBA Communications,,2025-11-25|2025-11-26|2025-11-28|2025-12-01|2025-12-02|2025-12-03|2025-12-04|2025-12-05|2025-12-08|2025-12-09|2025-12-10|2025-12-11|2025-12-12|2025-12-15|2025-12-16|2025-12-17|2025-12-18|2025-12-19|2025-12-22|2025-12-23|2025-12-24|2025-12-26|2025-12-29|2025-12-30|2025-12-31|2026-01-02|2026-01-05|2026-01-06|2026-01-07|2026-01-08,2026-01-09 22:28:33,0.0
Americold Realty Trust,,2025-11-25|2025-11-26|2025-11-28|2025-12-01|2025-12-02|2025-12-03|2025-12-04|2025-12-05|2025-12-08|2025-12-09|2025-12-10|2025-12-11|2025-12-12|2025-12-15|2025-12-16|2025-12-17|2025-12-18|2025-12-19|2025-12-22|2025-12-23|2025-12-24|2025-12-26|2025-12-29|2025-12-30|2025-12-31|2026-01-02|2026-01-05|2026-01-06|2026-01-07|2026-01-08,2026-01-09 22:28:33,0.0
NewMarket Corporation,,2025-11-25|2025-11-26|2025-11-28|2025-12-01|2025-12-02|2025-12-03|2025-12-04|2025-12-05|2025-12-08|2025-12-09|2025-12-10|2025-12-11|2025-12-12|2025-12-15|2025-12-16|2025-12-17|2025-12-18|2025-12-19|2025-12-22|2025-12-23|2025-12-24|2025-12-26|2025-12-29|2025-12-30|2025-12-31|2026-01-02|2026-01-05|2026-01-06|2026-01-07|2026-01-08,2026-01-09 22:28:33,0.0
Park Hotels & Resorts,,2025-11-25|2025-11-26|2025-11-28|2025-12-01|2025-12-02|2025-12-03|2025-12-04|2025-12-05|2025-12-08|2025-12-09|2025-12-10|2025-12-11|2025-12-12|2025-12-15|2025-12-16|2025-12-17|2025-12-18|2025-12-19|2025-12-22|2025-12-23|2025-12-24|2025-12-26|2025-12-29|2025-12-30|2025-12-31|2026-01-02|2026-01-05|2026-01-06|2026-01-07|2026-01-08,2026-01-09 22:28:33,0.0
Alexandria Real Estate Equities,,2025-11-25|2025-11-26|2025-11-28|2025-12-01|2025-12-02|2025-12-03|2025-12-04|2025-12-05|2025-12-08|2025-12-09|2025-12-10|2025-12-11|2025-12-12|2025-12-15|2025-12-16|2025-12-17|2025-12-18|2025-12-19|2025-12-22|2025-12-23|2025-12-24|2025-12-26|2025-12-29|2025-12-30|2025-12-31|2026-01-02|2026-01-05|2026-01-06|2026-01-07|2026-01-08,2026-01-09 22:28:33,0.0
Griffon Corporation,,2025-11-25|2025-11-26|2025-11-28|2025-12-01|2025-12-02|2025-12-03|2025-12-04|2025-12-05|2025-12-08|2025-12-09|2025-12-10|2025-12-11|2025-12-12|2025-12-15|2025-12-16|2025-12-17|2025-12-18|2025-12-19|2025-12-22|2025-12-23|2025-12-24|2025-12-26|2025-12-29|2025-12-30|2025-12-31|2026-01-02|2026-01-05|2026-01-06|2026-01-07|2026-01-08,2026-01-09 22:28:33,0.0
Air Lease,,2025-11-25|2025-11-26|2025-11-28|2025-12-01|2025-12-02|2025-12-03|2025-12-04|2025-12-05|2025-12-08|2025-12-09|2025-12-10|2025-12-11|2025-12-12|2025-12-15|2025-12-16|2025-12-17|2025-12-18|2025-12-19|2025-12-22|2025-12-23|2025-12-24|2025-12-26|2025-12-29|2025-12-30|2025-12-31|2026-01-02|2026-01-05|2026-01-06|2026-01-07|2026-01-08,2026-01-09 22:28:33,0.0
UL Solutions,,2025-11-25|2025-11-26|2025-11-28|2025-12-01|2025-12-02|2025-12-03|2025-12-04|2025-12-05|2025-12-08|2025-12-09|2025-12-10|2025-12-11|2025-12-12|2025-12-15|2025-12-16|2025-12-17|2025-12-18|2025-12-19|2025-12-22|2025-12-23|2025-12-24|2025-12-26|2025-12-29|2025-12-30|2025-12-31|2026-01-02|2026-01-05|2026-01-06|2026-01-07|2026-01-08,2026-01-09 22:28:33,0.0
Teradyne,,2025-11-25|2025-11-26|2025-11-28|2025-12-01|2025-12-02|2025-12-03|2025-12-04|2025-12-05|2025-12-08|2025-12-09|2025-12-10|2025-12-11|2025-12-12|2025-12-15|2025-12-16|2025-12-17|2025-12-18|2025-12-19|2025-12-22|2025-12-23|2025-12-24|2025-12-26|2025-12-29|2025-12-30|2025-12-31|2026-01-02|2026-01-05|2026-01-06|2026-01-07|2026-01-08,2026-01-09 22:28:33,0.0
OGE Energy,,2025-11-25|2025-11-26|2025-11-28|2025-12-01|2025-12-02|2025-12-03|2025-12-04|2025-12-05|2025-12-08|2025-12-09|2025-12-10|2025-12-11|2025-12-12|2025-12-15|2025-12-16|2025-12-17|2025-12-18|2025-12-19|2025-12-22|2025-12-23|2025-12-24|2025-12-26|2025-12-29|2025-12-30|2025-12-31|2026-01-02|2026-01-05|2026-01-06|2026-01-07|2026-01-08,2026-01-09 22:28:33,0.0
Bio-Rad Laboratories,,2025-11-25|2025-11-26|2025-11-28|2025-12-01|2025-12-02|2025-12-03|2025-12-04|2025-12-05|2025-12-08|2025-12-09|2025-12-10|2025-12-11|2025-12-12|2025-12-15|2025-12-16|2025-12-17|2025-12-18|2025-12-19|2025-12-22|2025-12-23|2025-12-24|2025-12-26|2025-12-29|2025-12-30|2025-12-31|2026-01-02|2026-01-05|2026-01-06|2026-01-07|2026-01-08,2026-01-09 22:28:33,0.0
Spire Inc,,2025-11-25|2025-11-26|2025-11-28|2025-12-01|2025-12-02|2025-12-03|2025-12-04|2025-12-05|2025-12-08|2025-12-09|2025-12-10|2025-12-11|2025-12-12|2025-12-15|2025-12-16|2025-12-17|2025-12-18|2025-12-19|2025-12-22|2025-12-23|2025-12-24|2025-12-26|2025-12-29|2025-12-30|2025-12-31|2026-01-02|2026-01-05|2026-01-06|2026-01-07|2026-01-08,2026-01-09 22:28:33,0.0
Gannett,,2025-11-25|2025-11-26|2025-11-28|2025-12-01|2025-12-02|2025-12-03|2025-12-04|2025-12-05|2025-12-08|2025-12-09|2025-12-10|2025-12-11|2025-12-12|2025-12-15|2025-12-16|2025-12-17|2025-12-18|2025-12-19|2025-12-22|2025-12-23|2025-12-24|2025-12-26|2025-12-29|2025-12-30|2025-12-31|2026-01-02|2026-01-05|2026-01-06|2026-01-07|2026-01-08,2026-01-09 22:28:33,0.0
Stericycle,,2025-11-25,2026-01-09 22:28:33,0.0
Cullen Frost Bankers,,2025-11-25|2025-11-26|2025-11-28|2025-12-01|2025-12-02|2025-12-03|2025-12-04|2025-12-05|2025-12-08|2025-12-09|2025-12-10|2025-12-11|2025-12-12|2025-12-15|2025-12-16|2025-12-17|2025-12-18|2025-12-19|2025-12-22|2025-12-23|2025-12-24|2025-12-26|2025-12-29|2025-12-30|2025-12-31|2026-01-02|2026-01-05|2026-01-06|2026-01-07|2026-01-08,2026-01-09 22:28:33,0.0
Extra Space Storage,,2025-11-25|2025-11-26|2025-11-28|2025-12-01|2025-12-02|2025-12-03|2025-12-04|2025-12-05|2025-12-08|2025-12-09|2025-12-10|2025-12-11|2025-12-12|2025-12-15|2025-12-16|2025-12-17|2025-12-18|2025-12-19|2025-12-22|2025-12-23|2025-12-24|2025-12-26|2025-12-29|2025-12-30|2025-12-31|2026-01-02|2026-01-05|2026-01-06|2026-01-07|2026-01-08,2026-01-09 22:28:33,0.0
REV Group,,2025-11-25|2025-11-26|2025-11-28|2025-12-01|2025-12-02|2025-12-03|2025-12-04|2025-12-05|2025-12-08|2025-12-09|2025-12-10|2025-12-11|2025-12-12|2025-12-15|2025-12-16|2025-12-17|2025-12-18|2025-12-19|2025-12-22|2025-12-23|2025-12-24|2025-12-26|2025-12-29|2025-12-30|2025-12-31|2026-01-02|2026-01-05|2026-01-06|2026-01-07|2026-01-08,2026-01-09 22:28:33,0.0
ProFrac Holding,,2025-11-25|2025-11-26|2025-11-28|2025-12-01|2025-12-02|2025-12-03|2025-12-04|2025-12-05|2025-12-08|2025-12-09|2025-12-10|2025-12-11|2025-12-12|2025-12-15|2025-12-16|2025-12-17|2025-12-18|2025-12-19|2025-12-22|2025-12-23|2025-12-24|2025-12-26|2025-12-29|2025-12-30|2025-12-31|2026-01-02|2026-01-05|2026-01-06|2026-01-07|2026-01-08,2026-01-09 22:28:33,0.0
Nordson,,2025-11-25|2025-11-26|2025-11-28|2025-12-01|2025-12-02|2025-12-03|2025-12-04|2025-12-05|2025-12-08|2025-12-09|2025-12-10|2025-12-11|2025-12-12|2025-12-15|2025-12-16|2025-12-17|2025-12-18|2025-12-19|2025-12-22|2025-12-23|2025-12-24|2025-12-26|2025-12-29|2025-12-30|2025-12-31|2026-01-02|2026-01-05|2026-01-06|2026-01-07|2026-01-08,2026-01-09 22:28:33,0.0
Valvoline Inc,,2025-11-25|2025-11-26|2025-11-28|2025-12-01|2025-12-02|2025-12-03|2025-12-04|2025-12-05|2025-12-08|2025-12-09|2025-12-10|2025-12-11|2025-12-12|2025-12-15|2025-12-16|2025-12-17|2025-12-18|2025-12-19|2025-12-22|2025-12-23|2025-12-24|2025-12-26|2025-12-29|2025-12-30|2025-12-31|2026-01-02|2026-01-05|2026-01-06|2026-01-07|2026-01-08,2026-01-09 22:28:33,0.0
Kontoor Brands,,2025-11-25|2025-11-26|2025-11-28|2025-12-01|2025-12-02|2025-12-03|2025-12-04|2025-12-05|2025-12-08|2025-12-09|2025-12-10|2025-12-11|2025-12-12|2025-12-15|2025-12-16|2025-12-17|2025-12-18|2025-12-19|2025-12-22|2025-12-23|2025-12-24|2025-12-26|2025-12-29|2025-12-30|2025-12-31|2026-01-02|2026-01-05|2026-01-06|2026-01-07|2026-01-08,2026-01-09 22:28:33,0.0
Skyline Champion,,2025-11-25|2025-11-26|2025-11-28|2025-12-01|2025-12-02|2025-12-03|2025-12-04|2025-12-05|2025-12-08|2025-12-09|2025-12-10|2025-12-11|2025-12-12|2025-12-15|2025-12-16|2025-12-17|2025-12-18|2025-12-19|2025-12-22|2025-12-23|2025-12-24|2025-12-26|2025-12-29|2025-12-30|2025-12-31|2026-01-02|2026-01-05|2026-01-06|2026-01-07|2026-01-08,2026-01-09 22:28:33,0.0
Teladoc Health,,2025-11-25|2025-11-26|2025-11-28|2025-12-01|2025-12-02|2025-12-03|2025-12-04|2025-12-05|2025-12-08|2025-12-09|2025-12-10|2025-12-11|2025-12-12|2025-12-15|2025-12-16|2025-12-17|2025-12-18|2025-12-19|2025-12-22|2025-12-23|2025-12-24|2025-12-26|2025-12-29|2025-12-30|2025-12-31|2026-01-02|2026-01-05|2026-01-06|2026-01-07|2026-01-08,2026-01-09 22:28:33,0.0
Louisiana-Pacific Corporation,,2025-11-25|2025-11-26|2025-11-28|2025-12-01|2025-12-02|2025-12-03|2025-12-04|2025-12-05|2025-12-08|2025-12-09|2025-12-10|2025-12-11|2025-12-12|2025-12-15|2025-12-16|2025-12-17|2025-12-18|2025-12-19|2025-12-22|2025-12-23|2025-12-24|2025-12-26|2025-12-29|2025-12-30|2025-12-31|2026-01-02|2026-01-05|2026-01-06|2026-01-07|2026-01-08,2026-01-09 22:28:33,0.0
Universal Corporation,,2025-11-25|2025-11-26|2025-11-28|2025-12-01|2025-12-02|2025-12-03|2025-12-04|2025-12-05|2025-12-08|2025-12-09|2025-12-10|2025-12-11|2025-12-12|2025-12-15|2025-12-16|2025-12-17|2025-12-18|2025-12-19|2025-12-22|2025-12-23|2025-12-24|2025-12-26|2025-12-29|2025-12-30|2025-12-31|2026-01-02|2026-01-05|2026-01-06|2026-01-07|2026-01-08,2026-01-09 22:28:33,0.0
Playtika Holding,,2025-11-25|2025-11-26|2025-11-28|2025-12-01|2025-12-02|2025-12-03|2025-12-04|2025-12-05|2025-12-08|2025-12-09|2025-12-10|2025-12-11|2025-12-12|2025-12-15|2025-12-16|2025-12-17|2025-12-18|2025-12-19|2025-12-22|2025-12-23|2025-12-24|2025-12-26|2025-12-29|2025-12-30|2025-12-31|2026-01-02|2026-01-05|2026-01-06|2026-01-07|2026-01-08,2026-01-09 22:28:33,0.0
Alliance Resource Partners,,2025-11-25|2025-11-26|2025-11-28|2025-12-01|2025-12-02|2025-12-03|2025-12-04|2025-12-05|2025-12-08|2025-12-09|2025-12-10|2025-12-11|2025-12-12|2025-12-15|2025-12-16|2025-12-17|2025-12-18|2025-12-19|2025-12-22|2025-12-23|2025-12-24|2025-12-26|2025-12-29|2025-12-30|2025-12-31|2026-01-02|2026-01-05|2026-01-06|2026-01-07|2026-01-08,2026-01-09 22:28:33,0.0
Envista Holdings,,2025-11-25|2025-11-26|2025-11-28|2025-12-01|2025-12-02|2025-12-03|2025-12-04|2025-12-05|2025-12-08|2025-12-09|2025-12-10|2025-12-11|2025-12-12|2025-12-15|2025-12-16|2025-12-17|2025-12-18|2025-12-19|2025-12-22|2025-12-23|2025-12-24|2025-12-26|2025-12-29|2025-12-30|2025-12-31|2026-01-02|2026-01-05|2026-01-06|2026-01-07|2026-01-08,2026-01-09 22:28:33,0.0
Shift4 Payments,,2025-11-25|2025-11-26|2025-11-28|2025-12-01|2025-12-02|2025-12-03|2025-12-04|2025-12-05|2025-12-08|2025-12-09|2025-12-10|2025-12-11|2025-12-12|2025-12-15|2025-12-16|2025-12-17|2025-12-18|2025-12-19|2025-12-22|2025-12-23|2025-12-24|2025-12-26|2025-12-29|2025-12-30|2025-12-31|2026-01-02|2026-01-05|2026-01-06|2026-01-07|2026-01-08,2026-01-09 22:28:33,0.0
Talen Energy,,2025-11-25|2025-11-26|2025-11-28|2025-12-01|2025-12-02|2025-12-03|2025-12-04|2025-12-05|2025-12-08|2025-12-09|2025-12-10|2025-12-11|2025-12-12|2025-12-15|2025-12-16|2025-12-17|2025-12-18|2025-12-19|2025-12-22|2025-12-23|2025-12-24|2025-12-26|2025-12-29|2025-12-30|2025-12-31|2026-01-02|2026-01-05|2026-01-06|2026-01-07|2026-01-08,2026-01-09 22:28:33,0.0
Carpenter Technology,,2025-11-25|2025-11-26|2025-11-28|2025-12-01|2025-12-02|2025-12-03|2025-12-04|2025-12-05|2025-12-08|2025-12-09|2025-12-10|2025-12-11|2025-12-12|2025-12-15|2025-12-16|2025-12-17|2025-12-18|2025-12-19|2025-12-22|2025-12-23|2025-12-24|2025-12-26|2025-12-29|2025-12-30|2025-12-31|2026-01-02|2026-01-05|2026-01-06|2026-01-07|2026-01-08,2026-01-09 22:28:33,0.0
WEX,,2025-11-25|2025-11-26|2025-11-28|2025-12-01|2025-12-02|2025-12-03|2025-12-04|2025-12-05|2025-12-08|2025-12-09|2025-12-10|2025-12-11|2025-12-12|2025-12-15|2025-12-16|2025-12-17|2025-12-18|2025-12-19|2025-12-22|2025-12-23|2025-12-24|2025-12-26|2025-12-29|2025-12-30|2025-12-31|2026-01-02|2026-01-05|2026-01-06|2026-01-07|2026-01-08,2026-01-09 22:28:33,0.0
