company,trends_history,date_history,last_updated,avg_interest
Walmart,73|72|75|78|76|78|76|79|84|81|78|79|82|79|80|78|82|82|81|76|73|72|77|75|74|76|78|79|82|77,2026-05-12|2026-05-13|2026-05-14|2026-05-15|2026-05-18|2026-05-19|2026-05-20|2026-05-21|2026-05-22|2026-05-26|2026-05-27|2026-05-28|2026-05-29|2026-06-01|2026-06-02|2026-06-03|2026-06-04|2026-06-05|2026-06-08|2026-06-09|2026-06-10|2026-06-11|2026-06-12|2026-06-15|2026-06-16|2026-06-17|2026-06-18|2026-06-22|2026-06-23|2026-06-24,2026-06-24 23:06:31,77.7
Amazon,79|79|78|74|79|78|74|76|78|78|78|79|79|80|80|79|77|78|82|84|78|71|73|74|78|77|76|82|100|97,2026-05-12|2026-05-13|2026-05-14|2026-05-15|2026-05-18|2026-05-19|2026-05-20|2026-05-21|2026-05-22|2026-05-26|2026-05-27|2026-05-28|2026-05-29|2026-06-01|2026-06-02|2026-06-03|2026-06-04|2026-06-05|2026-06-08|2026-06-09|2026-06-10|2026-06-11|2026-06-12|2026-06-15|2026-06-16|2026-06-17|2026-06-18|2026-06-22|2026-06-23|2026-06-24,2026-06-24 23:06:35,79.2
UnitedHealth,60|62|64|67|100|57|50|39|42|61|59|68|61|68|92|52|83|79|68|70|30|33|36|27|29|36|33|38|50|37,2026-05-12|2026-05-13|2026-05-14|2026-05-15|2026-05-18|2026-05-19|2026-05-20|2026-05-21|2026-05-22|2026-05-26|2026-05-27|2026-05-28|2026-05-29|2026-06-01|2026-06-02|2026-06-03|2026-06-04|2026-06-05|2026-06-08|2026-06-09|2026-06-10|2026-06-11|2026-06-12|2026-06-15|2026-06-16|2026-06-17|2026-06-18|2026-06-22|2026-06-23|2026-06-24,2026-06-24 23:06:39,55.0
Apple,78|93|100|94|90|90|87|80|89|85|81|83|87|80|82|77|81|84|97|94|68|63|66|65|68|67|71|70|79|75,2026-05-12|2026-05-13|2026-05-14|2026-05-15|2026-05-18|2026-05-19|2026-05-20|2026-05-21|2026-05-22|2026-05-26|2026-05-27|2026-05-28|2026-05-29|2026-06-01|2026-06-02|2026-06-03|2026-06-04|2026-06-05|2026-06-08|2026-06-09|2026-06-10|2026-06-11|2026-06-12|2026-06-15|2026-06-16|2026-06-17|2026-06-18|2026-06-22|2026-06-23|2026-06-24,2026-06-24 23:06:42,80.8
CVS Health,37|82|86|93|91|89|72|61|66|51|47|49|48|46|39|58|57|56|59|59|31|29|32|32|33|30|33|29|29|24,2026-05-12|2026-05-13|2026-05-14|2026-05-15|2026-05-18|2026-05-19|2026-05-20|2026-05-21|2026-05-22|2026-05-26|2026-05-27|2026-05-28|2026-05-29|2026-06-01|2026-06-02|2026-06-03|2026-06-04|2026-06-05|2026-06-08|2026-06-09|2026-06-10|2026-06-11|2026-06-12|2026-06-15|2026-06-16|2026-06-17|2026-06-18|2026-06-22|2026-06-23|2026-06-24,2026-06-24 23:06:44,51.6
Alphabet Inc,61|69|70|75|100|45|64|54|47|33|39|76|43|63|89|36|69|55|67|42|27|21|25|25|29|29|32|32|40|41,2026-05-12|2026-05-13|2026-05-14|2026-05-15|2026-05-18|2026-05-19|2026-05-20|2026-05-21|2026-05-22|2026-05-26|2026-05-27|2026-05-28|2026-05-29|2026-06-01|2026-06-02|2026-06-03|2026-06-04|2026-06-05|2026-06-08|2026-06-09|2026-06-10|2026-06-11|2026-06-12|2026-06-15|2026-06-16|2026-06-17|2026-06-18|2026-06-22|2026-06-23|2026-06-24,2026-06-24 23:06:47,49.9
Exxon Mobil,99|100|84|80|82|77|78|95|80|90|83|90|94|97|90|71|74|63|95|82|64|64|59|80|72|61|65|67|85|67,2026-05-12|2026-05-13|2026-05-14|2026-05-15|2026-05-18|2026-05-19|2026-05-20|2026-05-21|2026-05-22|2026-05-26|2026-05-27|2026-05-28|2026-05-29|2026-06-01|2026-06-02|2026-06-03|2026-06-04|2026-06-05|2026-06-08|2026-06-09|2026-06-10|2026-06-11|2026-06-12|2026-06-15|2026-06-16|2026-06-17|2026-06-18|2026-06-22|2026-06-23|2026-06-24,2026-06-24 23:06:50,79.6
McKesson,78|90|100|83|84|88|89|78|75|72|83|73|73|72|76|80|75|67|72|83|61|55|56|56|64|68|61|60|59|55,2026-05-12|2026-05-13|2026-05-14|2026-05-15|2026-05-18|2026-05-19|2026-05-20|2026-05-21|2026-05-22|2026-05-26|2026-05-27|2026-05-28|2026-05-29|2026-06-01|2026-06-02|2026-06-03|2026-06-04|2026-06-05|2026-06-08|2026-06-09|2026-06-10|2026-06-11|2026-06-12|2026-06-15|2026-06-16|2026-06-17|2026-06-18|2026-06-22|2026-06-23|2026-06-24,2026-06-24 23:06:53,72.9
Cencora,62|58|65|54|58|79|52|54|54|45|67|28|55|65|98|78|55|64|100|54|51|45|41|47|60|57|45|48|49|48,2026-05-12|2026-05-13|2026-05-14|2026-05-15|2026-05-18|2026-05-19|2026-05-20|2026-05-21|2026-05-22|2026-05-26|2026-05-27|2026-05-28|2026-05-29|2026-06-01|2026-06-02|2026-06-03|2026-06-04|2026-06-05|2026-06-08|2026-06-09|2026-06-10|2026-06-11|2026-06-12|2026-06-15|2026-06-16|2026-06-17|2026-06-18|2026-06-22|2026-06-23|2026-06-24,2026-06-24 23:06:56,57.9
JPMorgan Chase,84|80|70|70|56|64|58|61|69|66|77|80|62|81|91|65|79|73|81|100|46|40|43|41|48|42|42|48|72|96,2026-05-12|2026-05-13|2026-05-14|2026-05-15|2026-05-18|2026-05-19|2026-05-20|2026-05-21|2026-05-22|2026-05-26|2026-05-27|2026-05-28|2026-05-29|2026-06-01|2026-06-02|2026-06-03|2026-06-04|2026-06-05|2026-06-08|2026-06-09|2026-06-10|2026-06-11|2026-06-12|2026-06-15|2026-06-16|2026-06-17|2026-06-18|2026-06-22|2026-06-23|2026-06-24,2026-06-24 23:06:59,66.2
Costco,58|58|57|60|62|60|61|61|64|66|63|61|69|66|65|61|64|62|70|59|62|56|60|63|64|60|64|59|59|64,2026-05-12|2026-05-13|2026-05-14|2026-05-15|2026-05-18|2026-05-19|2026-05-20|2026-05-21|2026-05-22|2026-05-26|2026-05-27|2026-05-28|2026-05-29|2026-06-01|2026-06-02|2026-06-03|2026-06-04|2026-06-05|2026-06-08|2026-06-09|2026-06-10|2026-06-11|2026-06-12|2026-06-15|2026-06-16|2026-06-17|2026-06-18|2026-06-22|2026-06-23|2026-06-24,2026-06-24 23:07:02,61.9
Cigna,89|91|83|78|85|86|89|84|73|88|94|89|80|99|100|95|91|82|92|94|90|77|67|90|92|88|82|87|84|82,2026-05-12|2026-05-13|2026-05-14|2026-05-15|2026-05-18|2026-05-19|2026-05-20|2026-05-21|2026-05-22|2026-05-26|2026-05-27|2026-05-28|2026-05-29|2026-06-01|2026-06-02|2026-06-03|2026-06-04|2026-06-05|2026-06-08|2026-06-09|2026-06-10|2026-06-11|2026-06-12|2026-06-15|2026-06-16|2026-06-17|2026-06-18|2026-06-22|2026-06-23|2026-06-24,2026-06-24 23:07:06,86.7
Microsoft,73|77|78|71|85|89|87|79|75|87|87|91|84|100|99|84|87|85|98|94|59|55|48|60|60|56|56|69|73|77,2026-05-12|2026-05-13|2026-05-14|2026-05-15|2026-05-18|2026-05-19|2026-05-20|2026-05-21|2026-05-22|2026-05-26|2026-05-27|2026-05-28|2026-05-29|2026-06-01|2026-06-02|2026-06-03|2026-06-04|2026-06-05|2026-06-08|2026-06-09|2026-06-10|2026-06-11|2026-06-12|2026-06-15|2026-06-16|2026-06-17|2026-06-18|2026-06-22|2026-06-23|2026-06-24,2026-06-24 23:07:10,77.4
Cardinal Health,65|77|81|82|67|78|68|64|55|64|64|69|66|70|100|62|70|45|69|74|59|52|48|51|57|63|53|50|52|51,2026-05-12|2026-05-13|2026-05-14|2026-05-15|2026-05-18|2026-05-19|2026-05-20|2026-05-21|2026-05-22|2026-05-26|2026-05-27|2026-05-28|2026-05-29|2026-06-01|2026-06-02|2026-06-03|2026-06-04|2026-06-05|2026-06-08|2026-06-09|2026-06-10|2026-06-11|2026-06-12|2026-06-15|2026-06-16|2026-06-17|2026-06-18|2026-06-22|2026-06-23|2026-06-24,2026-06-24 23:07:14,64.2
Chevron,73|92|90|100|83|88|83|78|86|76|73|76|75|78|78|73|72|77|79|74|60|56|55|61|65|59|60|71|68|57,2026-05-12|2026-05-13|2026-05-14|2026-05-15|2026-05-18|2026-05-19|2026-05-20|2026-05-21|2026-05-22|2026-05-26|2026-05-27|2026-05-28|2026-05-29|2026-06-01|2026-06-02|2026-06-03|2026-06-04|2026-06-05|2026-06-08|2026-06-09|2026-06-10|2026-06-11|2026-06-12|2026-06-15|2026-06-16|2026-06-17|2026-06-18|2026-06-22|2026-06-23|2026-06-24,2026-06-24 23:07:18,73.9
Bank of America,70|72|70|74|72|81|77|70|77|71|73|76|87|84|82|78|77|79|77|78|91|72|82|74|75|76|74|71|71|63,2026-05-12|2026-05-13|2026-05-14|2026-05-15|2026-05-18|2026-05-19|2026-05-20|2026-05-21|2026-05-22|2026-05-26|2026-05-27|2026-05-28|2026-05-29|2026-06-01|2026-06-02|2026-06-03|2026-06-04|2026-06-05|2026-06-08|2026-06-09|2026-06-10|2026-06-11|2026-06-12|2026-06-15|2026-06-16|2026-06-17|2026-06-18|2026-06-22|2026-06-23|2026-06-24,2026-06-24 23:07:21,75.8
General Motors,80|76|82|78|66|64|75|57|100|71|71|71|70|76|93|70|63|70|78|71|59|54|54|59|70|61|57|72|63|57,2026-05-12|2026-05-13|2026-05-14|2026-05-15|2026-05-18|2026-05-19|2026-05-20|2026-05-21|2026-05-22|2026-05-26|2026-05-27|2026-05-28|2026-05-29|2026-06-01|2026-06-02|2026-06-03|2026-06-04|2026-06-05|2026-06-08|2026-06-09|2026-06-10|2026-06-11|2026-06-12|2026-06-15|2026-06-16|2026-06-17|2026-06-18|2026-06-22|2026-06-23|2026-06-24,2026-06-24 23:07:24,69.6
Ford Motor,78|86|86|97|93|85|88|84|99|81|87|84|87|76|76|79|84|87|79|91|69|64|64|67|70|70|70|68|69|59,2026-05-12|2026-05-13|2026-05-14|2026-05-15|2026-05-18|2026-05-19|2026-05-20|2026-05-21|2026-05-22|2026-05-26|2026-05-27|2026-05-28|2026-05-29|2026-06-01|2026-06-02|2026-06-03|2026-06-04|2026-06-05|2026-06-08|2026-06-09|2026-06-10|2026-06-11|2026-06-12|2026-06-15|2026-06-16|2026-06-17|2026-06-18|2026-06-22|2026-06-23|2026-06-24,2026-06-24 23:07:27,79.2
Elevance Health,80|72|82|60|58|59|62|57|38|62|78|61|45|60|100|90|91|64|54|80|66|63|42|51|62|64|54|51|54|53,2026-05-12|2026-05-13|2026-05-14|2026-05-15|2026-05-18|2026-05-19|2026-05-20|2026-05-21|2026-05-22|2026-05-26|2026-05-27|2026-05-28|2026-05-29|2026-06-01|2026-06-02|2026-06-03|2026-06-04|2026-06-05|2026-06-08|2026-06-09|2026-06-10|2026-06-11|2026-06-12|2026-06-15|2026-06-16|2026-06-17|2026-06-18|2026-06-22|2026-06-23|2026-06-24,2026-06-24 23:07:30,63.8
Citigroup,85|66|78|79|56|100|97|72|61|84|70|90|86|89|94|41|68|61|74|62|44|45|34|39|42|63|41|47|65|54,2026-05-12|2026-05-13|2026-05-14|2026-05-15|2026-05-18|2026-05-19|2026-05-20|2026-05-21|2026-05-22|2026-05-26|2026-05-27|2026-05-28|2026-05-29|2026-06-01|2026-06-02|2026-06-03|2026-06-04|2026-06-05|2026-06-08|2026-06-09|2026-06-10|2026-06-11|2026-06-12|2026-06-15|2026-06-16|2026-06-17|2026-06-18|2026-06-22|2026-06-23|2026-06-24,2026-06-24 23:07:33,66.2
Meta Platforms,63|59|72|60|47|42|54|51|70|64|61|63|49|91|100|47|51|64|69|72|21|19|30|19|24|24|23|28|39|45,2026-05-12|2026-05-13|2026-05-14|2026-05-15|2026-05-18|2026-05-19|2026-05-20|2026-05-21|2026-05-22|2026-05-26|2026-05-27|2026-05-28|2026-05-29|2026-06-01|2026-06-02|2026-06-03|2026-06-04|2026-06-05|2026-06-08|2026-06-09|2026-06-10|2026-06-11|2026-06-12|2026-06-15|2026-06-16|2026-06-17|2026-06-18|2026-06-22|2026-06-23|2026-06-24,2026-06-24 23:07:36,50.7
Centene,24|21|23|16|20|17|18|20|14|18|24|19|18|21|25|19|21|18|21|19|19|16|14|48|100|65|39|26|24|24,2026-05-12|2026-05-13|2026-05-14|2026-05-15|2026-05-18|2026-05-19|2026-05-20|2026-05-21|2026-05-22|2026-05-26|2026-05-27|2026-05-28|2026-05-29|2026-06-01|2026-06-02|2026-06-03|2026-06-04|2026-06-05|2026-06-08|2026-06-09|2026-06-10|2026-06-11|2026-06-12|2026-06-15|2026-06-16|2026-06-17|2026-06-18|2026-06-22|2026-06-23|2026-06-24,2026-06-24 23:07:40,25.7
The Home Depot Inc,0|0|58|58|0|0|0|0|0|0|67|0|0|0|65|0|0|0|0|100|11|9|10|11|13|13|17|14|13|10,2026-05-12|2026-05-13|2026-05-14|2026-05-15|2026-05-18|2026-05-19|2026-05-20|2026-05-21|2026-05-22|2026-05-26|2026-05-27|2026-05-28|2026-05-29|2026-06-01|2026-06-02|2026-06-03|2026-06-04|2026-06-05|2026-06-08|2026-06-09|2026-06-10|2026-06-11|2026-06-12|2026-06-15|2026-06-16|2026-06-17|2026-06-18|2026-06-22|2026-06-23|2026-06-24,2026-06-24 23:07:42,15.6
Fannie Mae,72|80|72|62|77|88|99|85|70|80|100|93|75|80|97|94|85|88|90|82|54|52|50|49|56|55|55|56|66|73,2026-05-12|2026-05-13|2026-05-14|2026-05-15|2026-05-18|2026-05-19|2026-05-20|2026-05-21|2026-05-22|2026-05-26|2026-05-27|2026-05-28|2026-05-29|2026-06-01|2026-06-02|2026-06-03|2026-06-04|2026-06-05|2026-06-08|2026-06-09|2026-06-10|2026-06-11|2026-06-12|2026-06-15|2026-06-16|2026-06-17|2026-06-18|2026-06-22|2026-06-23|2026-06-24,2026-06-24 23:07:46,74.5
Kroger,68|76|69|79|80|90|91|80|87|81|81|77|76|76|80|74|73|77|75|72|82|76|77|75|81|80|84|76|73|79,2026-05-12|2026-05-13|2026-05-14|2026-05-15|2026-05-18|2026-05-19|2026-05-20|2026-05-21|2026-05-22|2026-05-26|2026-05-27|2026-05-28|2026-05-29|2026-06-01|2026-06-02|2026-06-03|2026-06-04|2026-06-05|2026-06-08|2026-06-09|2026-06-10|2026-06-11|2026-06-12|2026-06-15|2026-06-16|2026-06-17|2026-06-18|2026-06-22|2026-06-23|2026-06-24,2026-06-24 23:07:50,78.2
Phillips 66,71|90|98|93|96|81|81|76|65|79|89|80|60|72|100|74|77|59|92|96|70|66|61|60|72|93|68|80|79|74,2026-05-12|2026-05-13|2026-05-14|2026-05-15|2026-05-18|2026-05-19|2026-05-20|2026-05-21|2026-05-22|2026-05-26|2026-05-27|2026-05-28|2026-05-29|2026-06-01|2026-06-02|2026-06-03|2026-06-04|2026-06-05|2026-06-08|2026-06-09|2026-06-10|2026-06-11|2026-06-12|2026-06-15|2026-06-16|2026-06-17|2026-06-18|2026-06-22|2026-06-23|2026-06-24,2026-06-24 23:07:53,78.4
Marathon Petroleum,42|54|45|48|65|49|32|45|45|72|83|52|41|37|100|46|46|46|51|47|40|36|34|37|38|77|33|40|51|45,2026-05-12|2026-05-13|2026-05-14|2026-05-15|2026-05-18|2026-05-19|2026-05-20|2026-05-21|2026-05-22|2026-05-26|2026-05-27|2026-05-28|2026-05-29|2026-06-01|2026-06-02|2026-06-03|2026-06-04|2026-06-05|2026-06-08|2026-06-09|2026-06-10|2026-06-11|2026-06-12|2026-06-15|2026-06-16|2026-06-17|2026-06-18|2026-06-22|2026-06-23|2026-06-24,2026-06-24 23:07:56,49.2
Verizon,82|85|89|91|92|86|88|90|89|91|87|91|90|92|88|85|89|87|94|95|100|88|90|86|98|93|93|90|90|83,2026-05-12|2026-05-13|2026-05-14|2026-05-15|2026-05-18|2026-05-19|2026-05-20|2026-05-21|2026-05-22|2026-05-26|2026-05-27|2026-05-28|2026-05-29|2026-06-01|2026-06-02|2026-06-03|2026-06-04|2026-06-05|2026-06-08|2026-06-09|2026-06-10|2026-06-11|2026-06-12|2026-06-15|2026-06-16|2026-06-17|2026-06-18|2026-06-22|2026-06-23|2026-06-24,2026-06-24 23:07:58,89.7
Nvidia,42|55|67|63|56|61|100|76|62|57|60|54|59|83|76|55|57|60|64|58|35|34|32|34|33|30|32|34|37|36,2026-05-12|2026-05-13|2026-05-14|2026-05-15|2026-05-18|2026-05-19|2026-05-20|2026-05-21|2026-05-22|2026-05-26|2026-05-27|2026-05-28|2026-05-29|2026-06-01|2026-06-02|2026-06-03|2026-06-04|2026-06-05|2026-06-08|2026-06-09|2026-06-10|2026-06-11|2026-06-12|2026-06-15|2026-06-16|2026-06-17|2026-06-18|2026-06-22|2026-06-23|2026-06-24,2026-06-24 23:08:02,53.4
Goldman Sachs,77|86|67|81|65|71|76|66|64|64|75|76|64|86|100|66|68|65|87|81|52|49|47|47|52|48|47|53|59|56,2026-05-12|2026-05-13|2026-05-14|2026-05-15|2026-05-18|2026-05-19|2026-05-20|2026-05-21|2026-05-22|2026-05-26|2026-05-27|2026-05-28|2026-05-29|2026-06-01|2026-06-02|2026-06-03|2026-06-04|2026-06-05|2026-06-08|2026-06-09|2026-06-10|2026-06-11|2026-06-12|2026-06-15|2026-06-16|2026-06-17|2026-06-18|2026-06-22|2026-06-23|2026-06-24,2026-06-24 23:08:06,66.5
Wells Fargo,93|84|88|91|81|87|92|89|92|90|93|94|100|98|100|97|96|97|93|89|88|83|86|88|99|88|91|89|83|81,2026-05-12|2026-05-13|2026-05-14|2026-05-15|2026-05-18|2026-05-19|2026-05-20|2026-05-21|2026-05-22|2026-05-26|2026-05-27|2026-05-28|2026-05-29|2026-06-01|2026-06-02|2026-06-03|2026-06-04|2026-06-05|2026-06-08|2026-06-09|2026-06-10|2026-06-11|2026-06-12|2026-06-15|2026-06-16|2026-06-17|2026-06-18|2026-06-22|2026-06-23|2026-06-24,2026-06-24 23:08:09,90.7
Valero Energy,0|0|93|99|0|0|0|0|0|0|0|0|0|0|100|0|0|0|0|0|19|17|13|24|17|85|20|22|34|52,2026-05-12|2026-05-13|2026-05-14|2026-05-15|2026-05-18|2026-05-19|2026-05-20|2026-05-21|2026-05-22|2026-05-26|2026-05-27|2026-05-28|2026-05-29|2026-06-01|2026-06-02|2026-06-03|2026-06-04|2026-06-05|2026-06-08|2026-06-09|2026-06-10|2026-06-11|2026-06-12|2026-06-15|2026-06-16|2026-06-17|2026-06-18|2026-06-22|2026-06-23|2026-06-24,2026-06-24 23:08:14,19.8
Comcast,55|61|61|61|57|61|58|57|60|66|63|63|64|81|71|55|65|67|70|70|45|43|40|52|50|52|46|100|57|43,2026-05-12|2026-05-13|2026-05-14|2026-05-15|2026-05-18|2026-05-19|2026-05-20|2026-05-21|2026-05-22|2026-05-26|2026-05-27|2026-05-28|2026-05-29|2026-06-01|2026-06-02|2026-06-03|2026-06-04|2026-06-05|2026-06-08|2026-06-09|2026-06-10|2026-06-11|2026-06-12|2026-06-15|2026-06-16|2026-06-17|2026-06-18|2026-06-22|2026-06-23|2026-06-24,2026-06-24 23:08:16,59.8
AT&T,,2026-05-12|2026-05-13|2026-05-14|2026-05-15|2026-05-18|2026-05-19|2026-05-20|2026-05-21|2026-05-22|2026-05-26|2026-05-27|2026-05-28|2026-05-29|2026-06-01|2026-06-02|2026-06-03|2026-06-04|2026-06-05|2026-06-08|2026-06-09|2026-06-10|2026-06-11|2026-06-12|2026-06-15|2026-06-16|2026-06-17|2026-06-18|2026-06-22|2026-06-23|2026-06-24,2026-06-24 23:08:51,0.0
Freddie Mac,48|57|56|46|56|66|68|70|56|69|68|78|63|75|80|57|78|86|100|83|35|34|28|34|35|36|36|43|52|50,2026-05-12|2026-05-13|2026-05-14|2026-05-15|2026-05-18|2026-05-19|2026-05-20|2026-05-21|2026-05-22|2026-05-26|2026-05-27|2026-05-28|2026-05-29|2026-06-01|2026-06-02|2026-06-03|2026-06-04|2026-06-05|2026-06-08|2026-06-09|2026-06-10|2026-06-11|2026-06-12|2026-06-15|2026-06-16|2026-06-17|2026-06-18|2026-06-22|2026-06-23|2026-06-24,2026-06-24 23:09:11,58.1
Humana,80|80|81|67|74|78|77|71|69|81|86|82|76|100|90|88|79|74|86|85|79|70|66|78|84|76|75|78|75|68,2026-05-12|2026-05-13|2026-05-14|2026-05-15|2026-05-18|2026-05-19|2026-05-20|2026-05-21|2026-05-22|2026-05-26|2026-05-27|2026-05-28|2026-05-29|2026-06-01|2026-06-02|2026-06-03|2026-06-04|2026-06-05|2026-06-08|2026-06-09|2026-06-10|2026-06-11|2026-06-12|2026-06-15|2026-06-16|2026-06-17|2026-06-18|2026-06-22|2026-06-23|2026-06-24,2026-06-24 23:09:14,78.4
Morgan Stanley,,2026-05-12|2026-05-13|2026-05-14|2026-05-15|2026-05-18|2026-05-19|2026-05-20|2026-05-21|2026-05-22|2026-05-26|2026-05-27|2026-05-28|2026-05-29|2026-06-01|2026-06-02|2026-06-03|2026-06-04|2026-06-05|2026-06-08|2026-06-09|2026-06-10|2026-06-11|2026-06-12|2026-06-15|2026-06-16|2026-06-17|2026-06-18|2026-06-22|2026-06-23|2026-06-24,2026-06-24 23:09:49,0.0
Target Corporation,,2026-05-12|2026-05-13|2026-05-14|2026-05-15|2026-05-18|2026-05-19|2026-05-20|2026-05-21|2026-05-22|2026-05-26|2026-05-27|2026-05-28|2026-05-29|2026-06-01|2026-06-02|2026-06-03|2026-06-04|2026-06-05|2026-06-08|2026-06-09|2026-06-10|2026-06-11|2026-06-12|2026-06-15|2026-06-16|2026-06-17|2026-06-18|2026-06-22|2026-06-23|2026-06-24,2026-06-24 23:10:30,0.0
StoneX Group,,2026-05-12|2026-05-13|2026-05-14|2026-05-15|2026-05-18|2026-05-19|2026-05-20|2026-05-21|2026-05-22|2026-05-26|2026-05-27|2026-05-28|2026-05-29|2026-06-01|2026-06-02|2026-06-03|2026-06-04|2026-06-05|2026-06-08|2026-06-09|2026-06-10|2026-06-11|2026-06-12|2026-06-15|2026-06-16|2026-06-17|2026-06-18|2026-06-22|2026-06-23|2026-06-24,2026-06-24 23:10:40,0.0
Tesla,,2026-05-12|2026-05-13|2026-05-14|2026-05-15|2026-05-18|2026-05-19|2026-05-20|2026-05-21|2026-05-22|2026-05-26|2026-05-27|2026-05-28|2026-05-29|2026-06-01|2026-06-02|2026-06-03|2026-06-04|2026-06-05|2026-06-08|2026-06-09|2026-06-10|2026-06-11|2026-06-12|2026-06-15|2026-06-16|2026-06-17|2026-06-18|2026-06-22|2026-06-23|2026-06-24,2026-06-24 23:10:40,0.0
Dell Technologies,,2026-05-12|2026-05-13|2026-05-14|2026-05-15|2026-05-18|2026-05-19|2026-05-20|2026-05-21|2026-05-22|2026-05-26|2026-05-27|2026-05-28|2026-05-29|2026-06-01|2026-06-02|2026-06-03|2026-06-04|2026-06-05|2026-06-08|2026-06-09|2026-06-10|2026-06-11|2026-06-12|2026-06-15|2026-06-16|2026-06-17|2026-06-18|2026-06-22|2026-06-23|2026-06-24,2026-06-24 23:10:40,0.0
PepsiCo,,2026-05-12|2026-05-13|2026-05-14|2026-05-15|2026-05-18|2026-05-19|2026-05-20|2026-05-21|2026-05-22|2026-05-26|2026-05-27|2026-05-28|2026-05-29|2026-06-01|2026-06-02|2026-06-03|2026-06-04|2026-06-05|2026-06-08|2026-06-09|2026-06-10|2026-06-11|2026-06-12|2026-06-15|2026-06-16|2026-06-17|2026-06-18|2026-06-22|2026-06-23|2026-06-24,2026-06-24 23:10:40,0.0
The Walt Disney Company,,2026-05-12|2026-05-13|2026-05-14|2026-05-15|2026-05-18|2026-05-19|2026-05-20|2026-05-21|2026-05-22|2026-05-26|2026-05-27|2026-05-28|2026-05-29|2026-06-01|2026-06-02|2026-06-03|2026-06-04|2026-06-05|2026-06-08|2026-06-09|2026-06-10|2026-06-11|2026-06-12|2026-06-15|2026-06-16|2026-06-17|2026-06-18|2026-06-22|2026-06-23|2026-06-24,2026-06-24 23:10:40,0.0
UPS,,2026-05-12|2026-05-13|2026-05-14|2026-05-15|2026-05-18|2026-05-19|2026-05-20|2026-05-21|2026-05-22|2026-05-26|2026-05-27|2026-05-28|2026-05-29|2026-06-01|2026-06-02|2026-06-03|2026-06-04|2026-06-05|2026-06-08|2026-06-09|2026-06-10|2026-06-11|2026-06-12|2026-06-15|2026-06-16|2026-06-17|2026-06-18|2026-06-22|2026-06-23|2026-06-24,2026-06-24 23:10:40,0.0
Johnson & Johnson,,2026-05-12|2026-05-13|2026-05-14|2026-05-15|2026-05-18|2026-05-19|2026-05-20|2026-05-21|2026-05-22|2026-05-26|2026-05-27|2026-05-28|2026-05-29|2026-06-01|2026-06-02|2026-06-03|2026-06-04|2026-06-05|2026-06-08|2026-06-09|2026-06-10|2026-06-11|2026-06-12|2026-06-15|2026-06-16|2026-06-17|2026-06-18|2026-06-22|2026-06-23|2026-06-24,2026-06-24 23:10:40,0.0
FedEx,,2026-05-12|2026-05-13|2026-05-14|2026-05-15|2026-05-18|2026-05-19|2026-05-20|2026-05-21|2026-05-22|2026-05-26|2026-05-27|2026-05-28|2026-05-29|2026-06-01|2026-06-02|2026-06-03|2026-06-04|2026-06-05|2026-06-08|2026-06-09|2026-06-10|2026-06-11|2026-06-12|2026-06-15|2026-06-16|2026-06-17|2026-06-18|2026-06-22|2026-06-23|2026-06-24,2026-06-24 23:10:40,0.0
Archer Daniels Midland,,2026-05-12|2026-05-13|2026-05-14|2026-05-15|2026-05-18|2026-05-19|2026-05-20|2026-05-21|2026-05-22|2026-05-26|2026-05-27|2026-05-28|2026-05-29|2026-06-01|2026-06-02|2026-06-03|2026-06-04|2026-06-05|2026-06-08|2026-06-09|2026-06-10|2026-06-11|2026-06-12|2026-06-15|2026-06-16|2026-06-17|2026-06-18|2026-06-22|2026-06-23|2026-06-24,2026-06-24 23:10:40,0.0
Procter & Gamble,,2026-05-12|2026-05-13|2026-05-14|2026-05-15|2026-05-18|2026-05-19|2026-05-20|2026-05-21|2026-05-22|2026-05-26|2026-05-27|2026-05-28|2026-05-29|2026-06-01|2026-06-02|2026-06-03|2026-06-04|2026-06-05|2026-06-08|2026-06-09|2026-06-10|2026-06-11|2026-06-12|2026-06-15|2026-06-16|2026-06-17|2026-06-18|2026-06-22|2026-06-23|2026-06-24,2026-06-24 23:10:40,0.0
Lowe's Companies,,2026-05-12|2026-05-13|2026-05-14|2026-05-15|2026-05-18|2026-05-19|2026-05-20|2026-05-21|2026-05-22|2026-05-26|2026-05-27|2026-05-28|2026-05-29|2026-06-01|2026-06-02|2026-06-03|2026-06-04|2026-06-05|2026-06-08|2026-06-09|2026-06-10|2026-06-11|2026-06-12|2026-06-15|2026-06-16|2026-06-17|2026-06-18|2026-06-22|2026-06-23|2026-06-24,2026-06-24 23:10:40,0.0
Energy Transfer,,2026-05-12|2026-05-13|2026-05-14|2026-05-15|2026-05-18|2026-05-19|2026-05-20|2026-05-21|2026-05-22|2026-05-26|2026-05-27|2026-05-28|2026-05-29|2026-06-01|2026-06-02|2026-06-03|2026-06-04|2026-06-05|2026-06-08|2026-06-09|2026-06-10|2026-06-11|2026-06-12|2026-06-15|2026-06-16|2026-06-17|2026-06-18|2026-06-22|2026-06-23|2026-06-24,2026-06-24 23:10:40,0.0
RTX,,2026-05-12|2026-05-13|2026-05-14|2026-05-15|2026-05-18|2026-05-19|2026-05-20|2026-05-21|2026-05-22|2026-05-26|2026-05-27|2026-05-28|2026-05-29|2026-06-01|2026-06-02|2026-06-03|2026-06-04|2026-06-05|2026-06-08|2026-06-09|2026-06-10|2026-06-11|2026-06-12|2026-06-15|2026-06-16|2026-06-17|2026-06-18|2026-06-22|2026-06-23|2026-06-24,2026-06-24 23:10:40,0.0
Albertsons,,2026-05-12|2026-05-13|2026-05-14|2026-05-15|2026-05-18|2026-05-19|2026-05-20|2026-05-21|2026-05-22|2026-05-26|2026-05-27|2026-05-28|2026-05-29|2026-06-01|2026-06-02|2026-06-03|2026-06-04|2026-06-05|2026-06-08|2026-06-09|2026-06-10|2026-06-11|2026-06-12|2026-06-15|2026-06-16|2026-06-17|2026-06-18|2026-06-22|2026-06-23|2026-06-24,2026-06-24 23:10:40,0.0
Sysco,,2026-05-12|2026-05-13|2026-05-14|2026-05-15|2026-05-18|2026-05-19|2026-05-20|2026-05-21|2026-05-22|2026-05-26|2026-05-27|2026-05-28|2026-05-29|2026-06-01|2026-06-02|2026-06-03|2026-06-04|2026-06-05|2026-06-08|2026-06-09|2026-06-10|2026-06-11|2026-06-12|2026-06-15|2026-06-16|2026-06-17|2026-06-18|2026-06-22|2026-06-23|2026-06-24,2026-06-24 23:10:40,0.0
Progressive Insurance,,2026-05-12|2026-05-13|2026-05-14|2026-05-15|2026-05-18|2026-05-19|2026-05-20|2026-05-21|2026-05-22|2026-05-26|2026-05-27|2026-05-28|2026-05-29|2026-06-01|2026-06-02|2026-06-03|2026-06-04|2026-06-05|2026-06-08|2026-06-09|2026-06-10|2026-06-11|2026-06-12|2026-06-15|2026-06-16|2026-06-17|2026-06-18|2026-06-22|2026-06-23|2026-06-24,2026-06-24 23:10:40,0.0
American Express,,2026-05-12|2026-05-13|2026-05-14|2026-05-15|2026-05-18|2026-05-19|2026-05-20|2026-05-21|2026-05-22|2026-05-26|2026-05-27|2026-05-28|2026-05-29|2026-06-01|2026-06-02|2026-06-03|2026-06-04|2026-06-05|2026-06-08|2026-06-09|2026-06-10|2026-06-11|2026-06-12|2026-06-15|2026-06-16|2026-06-17|2026-06-18|2026-06-22|2026-06-23|2026-06-24,2026-06-24 23:10:40,0.0
Lockheed Martin,,2026-05-12|2026-05-13|2026-05-14|2026-05-15|2026-05-18|2026-05-19|2026-05-20|2026-05-21|2026-05-22|2026-05-26|2026-05-27|2026-05-28|2026-05-29|2026-06-01|2026-06-02|2026-06-03|2026-06-04|2026-06-05|2026-06-08|2026-06-09|2026-06-10|2026-06-11|2026-06-12|2026-06-15|2026-06-16|2026-06-17|2026-06-18|2026-06-22|2026-06-23|2026-06-24,2026-06-24 23:10:40,0.0
MetLife Inc,,2026-05-12|2026-05-13|2026-05-14|2026-05-15|2026-05-18|2026-05-19|2026-05-20|2026-05-21|2026-05-22|2026-05-26|2026-05-27|2026-05-28|2026-05-29|2026-06-01|2026-06-02|2026-06-03|2026-06-04|2026-06-05|2026-06-08|2026-06-09|2026-06-10|2026-06-11|2026-06-12|2026-06-15|2026-06-16|2026-06-17|2026-06-18|2026-06-22|2026-06-23|2026-06-24,2026-06-24 23:10:40,0.0
HCA Healthcare,,2026-05-12|2026-05-13|2026-05-14|2026-05-15|2026-05-18|2026-05-19|2026-05-20|2026-05-21|2026-05-22|2026-05-26|2026-05-27|2026-05-28|2026-05-29|2026-06-01|2026-06-02|2026-06-03|2026-06-04|2026-06-05|2026-06-08|2026-06-09|2026-06-10|2026-06-11|2026-06-12|2026-06-15|2026-06-16|2026-06-17|2026-06-18|2026-06-22|2026-06-23|2026-06-24,2026-06-24 23:10:40,0.0
Prudential Financial,,2026-05-12|2026-05-13|2026-05-14|2026-05-15|2026-05-18|2026-05-19|2026-05-20|2026-05-21|2026-05-22|2026-05-26|2026-05-27|2026-05-28|2026-05-29|2026-06-01|2026-06-02|2026-06-03|2026-06-04|2026-06-05|2026-06-08|2026-06-09|2026-06-10|2026-06-11|2026-06-12|2026-06-15|2026-06-16|2026-06-17|2026-06-18|2026-06-22|2026-06-23|2026-06-24,2026-06-24 23:10:40,0.0
Boeing,,2026-05-12|2026-05-13|2026-05-14|2026-05-15|2026-05-18|2026-05-19|2026-05-20|2026-05-21|2026-05-22|2026-05-26|2026-05-27|2026-05-28|2026-05-29|2026-06-01|2026-06-02|2026-06-03|2026-06-04|2026-06-05|2026-06-08|2026-06-09|2026-06-10|2026-06-11|2026-06-12|2026-06-15|2026-06-16|2026-06-17|2026-06-18|2026-06-22|2026-06-23|2026-06-24,2026-06-24 23:10:40,0.0
Caterpillar,,2026-05-12|2026-05-13|2026-05-14|2026-05-15|2026-05-18|2026-05-19|2026-05-20|2026-05-21|2026-05-22|2026-05-26|2026-05-27|2026-05-28|2026-05-29|2026-06-01|2026-06-02|2026-06-03|2026-06-04|2026-06-05|2026-06-08|2026-06-09|2026-06-10|2026-06-11|2026-06-12|2026-06-15|2026-06-16|2026-06-17|2026-06-18|2026-06-22|2026-06-23|2026-06-24,2026-06-24 23:10:40,0.0
Merck,,2026-05-12|2026-05-13|2026-05-14|2026-05-15|2026-05-18|2026-05-19|2026-05-20|2026-05-21|2026-05-22|2026-05-26|2026-05-27|2026-05-28|2026-05-29|2026-06-01|2026-06-02|2026-06-03|2026-06-04|2026-06-05|2026-06-08|2026-06-09|2026-06-10|2026-06-11|2026-06-12|2026-06-15|2026-06-16|2026-06-17|2026-06-18|2026-06-22|2026-06-23|2026-06-24,2026-06-24 23:10:40,0.0
Allstate,,2026-05-12|2026-05-13|2026-05-14|2026-05-15|2026-05-18|2026-05-19|2026-05-20|2026-05-21|2026-05-22|2026-05-26|2026-05-27|2026-05-28|2026-05-29|2026-06-01|2026-06-02|2026-06-03|2026-06-04|2026-06-05|2026-06-08|2026-06-09|2026-06-10|2026-06-11|2026-06-12|2026-06-15|2026-06-16|2026-06-17|2026-06-18|2026-06-22|2026-06-23|2026-06-24,2026-06-24 23:10:40,0.0
Pfizer,,2026-05-12|2026-05-13|2026-05-14|2026-05-15|2026-05-18|2026-05-19|2026-05-20|2026-05-21|2026-05-22|2026-05-26|2026-05-27|2026-05-28|2026-05-29|2026-06-01|2026-06-02|2026-06-03|2026-06-04|2026-06-05|2026-06-08|2026-06-09|2026-06-10|2026-06-11|2026-06-12|2026-06-15|2026-06-16|2026-06-17|2026-06-18|2026-06-22|2026-06-23|2026-06-24,2026-06-24 23:10:40,0.0
IBM,,2026-05-12|2026-05-13|2026-05-14|2026-05-15|2026-05-18|2026-05-19|2026-05-20|2026-05-21|2026-05-22|2026-05-26|2026-05-27|2026-05-28|2026-05-29|2026-06-01|2026-06-02|2026-06-03|2026-06-04|2026-06-05|2026-06-08|2026-06-09|2026-06-10|2026-06-11|2026-06-12|2026-06-15|2026-06-16|2026-06-17|2026-06-18|2026-06-22|2026-06-23|2026-06-24,2026-06-24 23:10:40,0.0
Delta Air Lines,,2026-05-12|2026-05-13|2026-05-14|2026-05-15|2026-05-18|2026-05-19|2026-05-20|2026-05-21|2026-05-22|2026-05-26|2026-05-27|2026-05-28|2026-05-29|2026-06-01|2026-06-02|2026-06-03|2026-06-04|2026-06-05|2026-06-08|2026-06-09|2026-06-10|2026-06-11|2026-06-12|2026-06-15|2026-06-16|2026-06-17|2026-06-18|2026-06-22|2026-06-23|2026-06-24,2026-06-24 23:10:40,0.0
Publix Super Markets,,2026-05-12|2026-05-13|2026-05-14|2026-05-15|2026-05-18|2026-05-19|2026-05-20|2026-05-21|2026-05-22|2026-05-26|2026-05-27|2026-05-28|2026-05-29|2026-06-01|2026-06-02|2026-06-03|2026-06-04|2026-06-05|2026-06-08|2026-06-09|2026-06-10|2026-06-11|2026-06-12|2026-06-15|2026-06-16|2026-06-17|2026-06-18|2026-06-22|2026-06-23|2026-06-24,2026-06-24 23:10:40,0.0
TD Synnex,,2026-05-12|2026-05-13|2026-05-14|2026-05-15|2026-05-18|2026-05-19|2026-05-20|2026-05-21|2026-05-22|2026-05-26|2026-05-27|2026-05-28|2026-05-29|2026-06-01|2026-06-02|2026-06-03|2026-06-04|2026-06-05|2026-06-08|2026-06-09|2026-06-10|2026-06-11|2026-06-12|2026-06-15|2026-06-16|2026-06-17|2026-06-18|2026-06-22|2026-06-23|2026-06-24,2026-06-24 23:10:40,0.0
United Airlines,,2026-05-12|2026-05-13|2026-05-14|2026-05-15|2026-05-18|2026-05-19|2026-05-20|2026-05-21|2026-05-22|2026-05-26|2026-05-27|2026-05-28|2026-05-29|2026-06-01|2026-06-02|2026-06-03|2026-06-04|2026-06-05|2026-06-08|2026-06-09|2026-06-10|2026-06-11|2026-06-12|2026-06-15|2026-06-16|2026-06-17|2026-06-18|2026-06-22|2026-06-23|2026-06-24,2026-06-24 23:10:40,0.0
ConocoPhillips,,2026-05-12|2026-05-13|2026-05-14|2026-05-15|2026-05-18|2026-05-19|2026-05-20|2026-05-21|2026-05-22|2026-05-26|2026-05-27|2026-05-28|2026-05-29|2026-06-01|2026-06-02|2026-06-03|2026-06-04|2026-06-05|2026-06-08|2026-06-09|2026-06-10|2026-06-11|2026-06-12|2026-06-15|2026-06-16|2026-06-17|2026-06-18|2026-06-22|2026-06-23|2026-06-24,2026-06-24 23:10:40,0.0
TJX,,2026-05-12|2026-05-13|2026-05-14|2026-05-15|2026-05-18|2026-05-19|2026-05-20|2026-05-21|2026-05-22|2026-05-26|2026-05-27|2026-05-28|2026-05-29|2026-06-01|2026-06-02|2026-06-03|2026-06-04|2026-06-05|2026-06-08|2026-06-09|2026-06-10|2026-06-11|2026-06-12|2026-06-15|2026-06-16|2026-06-17|2026-06-18|2026-06-22|2026-06-23|2026-06-24,2026-06-24 23:10:40,0.0
AbbVie,,2026-05-12|2026-05-13|2026-05-14|2026-05-15|2026-05-18|2026-05-19|2026-05-20|2026-05-21|2026-05-22|2026-05-26|2026-05-27|2026-05-28|2026-05-29|2026-06-01|2026-06-02|2026-06-03|2026-06-04|2026-06-05|2026-06-08|2026-06-09|2026-06-10|2026-06-11|2026-06-12|2026-06-15|2026-06-16|2026-06-17|2026-06-18|2026-06-22|2026-06-23|2026-06-24,2026-06-24 23:10:40,0.0
Enterprise Products Partners,,2026-05-12|2026-05-13|2026-05-14|2026-05-15|2026-05-18|2026-05-19|2026-05-20|2026-05-21|2026-05-22|2026-05-26|2026-05-27|2026-05-28|2026-05-29|2026-06-01|2026-06-02|2026-06-03|2026-06-04|2026-06-05|2026-06-08|2026-06-09|2026-06-10|2026-06-11|2026-06-12|2026-06-15|2026-06-16|2026-06-17|2026-06-18|2026-06-22|2026-06-23|2026-06-24,2026-06-24 23:10:40,0.0
Charter Communications,,2026-05-12|2026-05-13|2026-05-14|2026-05-15|2026-05-18|2026-05-19|2026-05-20|2026-05-21|2026-05-22|2026-05-26|2026-05-27|2026-05-28|2026-05-29|2026-06-01|2026-06-02|2026-06-03|2026-06-04|2026-06-05|2026-06-08|2026-06-09|2026-06-10|2026-06-11|2026-06-12|2026-06-15|2026-06-16|2026-06-17|2026-06-18|2026-06-22|2026-06-23|2026-06-24,2026-06-24 23:10:40,0.0
Performance Food,,2026-05-12|2026-05-13|2026-05-14|2026-05-15|2026-05-18|2026-05-19|2026-05-20|2026-05-21|2026-05-22|2026-05-26|2026-05-27|2026-05-28|2026-05-29|2026-06-01|2026-06-02|2026-06-03|2026-06-04|2026-06-05|2026-06-08|2026-06-09|2026-06-10|2026-06-11|2026-06-12|2026-06-15|2026-06-16|2026-06-17|2026-06-18|2026-06-22|2026-06-23|2026-06-24,2026-06-24 23:10:40,0.0
American Airlines,,2026-05-12|2026-05-13|2026-05-14|2026-05-15|2026-05-18|2026-05-19|2026-05-20|2026-05-21|2026-05-22|2026-05-26|2026-05-27|2026-05-28|2026-05-29|2026-06-01|2026-06-02|2026-06-03|2026-06-04|2026-06-05|2026-06-08|2026-06-09|2026-06-10|2026-06-11|2026-06-12|2026-06-15|2026-06-16|2026-06-17|2026-06-18|2026-06-22|2026-06-23|2026-06-24,2026-06-24 23:10:40,0.0
Capital One,,2026-05-12|2026-05-13|2026-05-14|2026-05-15|2026-05-18|2026-05-19|2026-05-20|2026-05-21|2026-05-22|2026-05-26|2026-05-27|2026-05-28|2026-05-29|2026-06-01|2026-06-02|2026-06-03|2026-06-04|2026-06-05|2026-06-08|2026-06-09|2026-06-10|2026-06-11|2026-06-12|2026-06-15|2026-06-16|2026-06-17|2026-06-18|2026-06-22|2026-06-23|2026-06-24,2026-06-24 23:10:40,0.0
Cisco Systems,,2026-05-12|2026-05-13|2026-05-14|2026-05-15|2026-05-18|2026-05-19|2026-05-20|2026-05-21|2026-05-22|2026-05-26|2026-05-27|2026-05-28|2026-05-29|2026-06-01|2026-06-02|2026-06-03|2026-06-04|2026-06-05|2026-06-08|2026-06-09|2026-06-10|2026-06-11|2026-06-12|2026-06-15|2026-06-16|2026-06-17|2026-06-18|2026-06-22|2026-06-23|2026-06-24,2026-06-24 23:10:40,0.0
HP,,2026-05-12|2026-05-13|2026-05-14|2026-05-15|2026-05-18|2026-05-19|2026-05-20|2026-05-21|2026-05-22|2026-05-26|2026-05-27|2026-05-28|2026-05-29|2026-06-01|2026-06-02|2026-06-03|2026-06-04|2026-06-05|2026-06-08|2026-06-09|2026-06-10|2026-06-11|2026-06-12|2026-06-15|2026-06-16|2026-06-17|2026-06-18|2026-06-22|2026-06-23|2026-06-24,2026-06-24 23:10:40,0.0
Tyson Foods,,2026-05-12|2026-05-13|2026-05-14|2026-05-15|2026-05-18|2026-05-19|2026-05-20|2026-05-21|2026-05-22|2026-05-26|2026-05-27|2026-05-28|2026-05-29|2026-06-01|2026-06-02|2026-06-03|2026-06-04|2026-06-05|2026-06-08|2026-06-09|2026-06-10|2026-06-11|2026-06-12|2026-06-15|2026-06-16|2026-06-17|2026-06-18|2026-06-22|2026-06-23|2026-06-24,2026-06-24 23:10:40,0.0
Intel,,2026-05-12|2026-05-13|2026-05-14|2026-05-15|2026-05-18|2026-05-19|2026-05-20|2026-05-21|2026-05-22|2026-05-26|2026-05-27|2026-05-28|2026-05-29|2026-06-01|2026-06-02|2026-06-03|2026-06-04|2026-06-05|2026-06-08|2026-06-09|2026-06-10|2026-06-11|2026-06-12|2026-06-15|2026-06-16|2026-06-17|2026-06-18|2026-06-22|2026-06-23|2026-06-24,2026-06-24 23:10:40,0.0
Oracle,,2026-05-12|2026-05-13|2026-05-14|2026-05-15|2026-05-18|2026-05-19|2026-05-20|2026-05-21|2026-05-22|2026-05-26|2026-05-27|2026-05-28|2026-05-29|2026-06-01|2026-06-02|2026-06-03|2026-06-04|2026-06-05|2026-06-08|2026-06-09|2026-06-10|2026-06-11|2026-06-12|2026-06-15|2026-06-16|2026-06-17|2026-06-18|2026-06-22|2026-06-23|2026-06-24,2026-06-24 23:10:40,0.0
Broadcom,,2026-05-12|2026-05-13|2026-05-14|2026-05-15|2026-05-18|2026-05-19|2026-05-20|2026-05-21|2026-05-22|2026-05-26|2026-05-27|2026-05-28|2026-05-29|2026-06-01|2026-06-02|2026-06-03|2026-06-04|2026-06-05|2026-06-08|2026-06-09|2026-06-10|2026-06-11|2026-06-12|2026-06-15|2026-06-16|2026-06-17|2026-06-18|2026-06-22|2026-06-23|2026-06-24,2026-06-24 23:10:40,0.0
John Deere & Company,,2026-05-12|2026-05-13|2026-05-14|2026-05-15|2026-05-18|2026-05-19|2026-05-20|2026-05-21|2026-05-22|2026-05-26|2026-05-27|2026-05-28|2026-05-29|2026-06-01|2026-06-02|2026-06-03|2026-06-04|2026-06-05|2026-06-08|2026-06-09|2026-06-10|2026-06-11|2026-06-12|2026-06-15|2026-06-16|2026-06-17|2026-06-18|2026-06-22|2026-06-23|2026-06-24,2026-06-24 23:10:40,0.0
Nike,,2026-05-12|2026-05-13|2026-05-14|2026-05-15|2026-05-18|2026-05-19|2026-05-20|2026-05-21|2026-05-22|2026-05-26|2026-05-27|2026-05-28|2026-05-29|2026-06-01|2026-06-02|2026-06-03|2026-06-04|2026-06-05|2026-06-08|2026-06-09|2026-06-10|2026-06-11|2026-06-12|2026-06-15|2026-06-16|2026-06-17|2026-06-18|2026-06-22|2026-06-23|2026-06-24,2026-06-24 23:10:40,0.0
Plains GP,,2026-05-12|2026-05-13|2026-05-14|2026-05-15|2026-05-18|2026-05-19|2026-05-20|2026-05-21|2026-05-22|2026-05-26|2026-05-27|2026-05-28|2026-05-29|2026-06-01|2026-06-02|2026-06-03|2026-06-04|2026-06-05|2026-06-08|2026-06-09|2026-06-10|2026-06-11|2026-06-12|2026-06-15|2026-06-16|2026-06-17|2026-06-18|2026-06-22|2026-06-23|2026-06-24,2026-06-24 23:10:40,0.0
Bristol-Myers Squibb,,2026-05-12|2026-05-13|2026-05-14|2026-05-15|2026-05-18|2026-05-19|2026-05-20|2026-05-21|2026-05-22|2026-05-26|2026-05-27|2026-05-28|2026-05-29|2026-06-01|2026-06-02|2026-06-03|2026-06-04|2026-06-05|2026-06-08|2026-06-09|2026-06-10|2026-06-11|2026-06-12|2026-06-15|2026-06-16|2026-06-17|2026-06-18|2026-06-22|2026-06-23|2026-06-24,2026-06-24 23:10:40,0.0
Ingram Micro,,2026-05-12|2026-05-13|2026-05-14|2026-05-15|2026-05-18|2026-05-19|2026-05-20|2026-05-21|2026-05-22|2026-05-26|2026-05-27|2026-05-28|2026-05-29|2026-06-01|2026-06-02|2026-06-03|2026-06-04|2026-06-05|2026-06-08|2026-06-09|2026-06-10|2026-06-11|2026-06-12|2026-06-15|2026-06-16|2026-06-17|2026-06-18|2026-06-22|2026-06-23|2026-06-24,2026-06-24 23:10:40,0.0
General Dynamics,,2026-05-12|2026-05-13|2026-05-14|2026-05-15|2026-05-18|2026-05-19|2026-05-20|2026-05-21|2026-05-22|2026-05-26|2026-05-27|2026-05-28|2026-05-29|2026-06-01|2026-06-02|2026-06-03|2026-06-04|2026-06-05|2026-06-08|2026-06-09|2026-06-10|2026-06-11|2026-06-12|2026-06-15|2026-06-16|2026-06-17|2026-06-18|2026-06-22|2026-06-23|2026-06-24,2026-06-24 23:10:40,0.0
The Coca-Cola Company,,2026-05-12|2026-05-13|2026-05-14|2026-05-15|2026-05-18|2026-05-19|2026-05-20|2026-05-21|2026-05-22|2026-05-26|2026-05-27|2026-05-28|2026-05-29|2026-06-01|2026-06-02|2026-06-03|2026-06-04|2026-06-05|2026-06-08|2026-06-09|2026-06-10|2026-06-11|2026-06-12|2026-06-15|2026-06-16|2026-06-17|2026-06-18|2026-06-22|2026-06-23|2026-06-24,2026-06-24 23:10:40,0.0
The Travelers Indemnity Company,,2026-05-12|2026-05-13|2026-05-14|2026-05-15|2026-05-18|2026-05-19|2026-05-20|2026-05-21|2026-05-22|2026-05-26|2026-05-27|2026-05-28|2026-05-29|2026-06-01|2026-06-02|2026-06-03|2026-06-04|2026-06-05|2026-06-08|2026-06-09|2026-06-10|2026-06-11|2026-06-12|2026-06-15|2026-06-16|2026-06-17|2026-06-18|2026-06-22|2026-06-23|2026-06-24,2026-06-24 23:10:40,0.0
Eli Lilly,,2026-05-12|2026-05-13|2026-05-14|2026-05-15|2026-05-18|2026-05-19|2026-05-20|2026-05-21|2026-05-22|2026-05-26|2026-05-27|2026-05-28|2026-05-29|2026-06-01|2026-06-02|2026-06-03|2026-06-04|2026-06-05|2026-06-08|2026-06-09|2026-06-10|2026-06-11|2026-06-12|2026-06-15|2026-06-16|2026-06-17|2026-06-18|2026-06-22|2026-06-23|2026-06-24,2026-06-24 23:10:40,0.0
Uber Technologies,,2026-05-12|2026-05-13|2026-05-14|2026-05-15|2026-05-18|2026-05-19|2026-05-20|2026-05-21|2026-05-22|2026-05-26|2026-05-27|2026-05-28|2026-05-29|2026-06-01|2026-06-02|2026-06-03|2026-06-04|2026-06-05|2026-06-08|2026-06-09|2026-06-10|2026-06-11|2026-06-12|2026-06-15|2026-06-16|2026-06-17|2026-06-18|2026-06-22|2026-06-23|2026-06-24,2026-06-24 23:10:40,0.0
Thermo Fisher Scientific,,2026-05-12|2026-05-13|2026-05-14|2026-05-15|2026-05-18|2026-05-19|2026-05-20|2026-05-21|2026-05-22|2026-05-26|2026-05-27|2026-05-28|2026-05-29|2026-06-01|2026-06-02|2026-06-03|2026-06-04|2026-06-05|2026-06-08|2026-06-09|2026-06-10|2026-06-11|2026-06-12|2026-06-15|2026-06-16|2026-06-17|2026-06-18|2026-06-22|2026-06-23|2026-06-24,2026-06-24 23:10:40,0.0
US Bancorp,,2026-05-12|2026-05-13|2026-05-14|2026-05-15|2026-05-18|2026-05-19|2026-05-20|2026-05-21|2026-05-22|2026-05-26|2026-05-27|2026-05-28|2026-05-29|2026-06-01|2026-06-02|2026-06-03|2026-06-04|2026-06-05|2026-06-08|2026-06-09|2026-06-10|2026-06-11|2026-06-12|2026-06-15|2026-06-16|2026-06-17|2026-06-18|2026-06-22|2026-06-23|2026-06-24,2026-06-24 23:10:40,0.0
World Kinect,,2026-05-12|2026-05-13|2026-05-14|2026-05-15|2026-05-18|2026-05-19|2026-05-20|2026-05-21|2026-05-22|2026-05-26|2026-05-27|2026-05-28|2026-05-29|2026-06-01|2026-06-02|2026-06-03|2026-06-04|2026-06-05|2026-06-08|2026-06-09|2026-06-10|2026-06-11|2026-06-12|2026-06-15|2026-06-16|2026-06-17|2026-06-18|2026-06-22|2026-06-23|2026-06-24,2026-06-24 23:10:40,0.0
Abbott Laboratories,,2026-05-12|2026-05-13|2026-05-14|2026-05-15|2026-05-18|2026-05-19|2026-05-20|2026-05-21|2026-05-22|2026-05-26|2026-05-27|2026-05-28|2026-05-29|2026-06-01|2026-06-02|2026-06-03|2026-06-04|2026-06-05|2026-06-08|2026-06-09|2026-06-10|2026-06-11|2026-06-12|2026-06-15|2026-06-16|2026-06-17|2026-06-18|2026-06-22|2026-06-23|2026-06-24,2026-06-24 23:10:40,0.0
Best Buy,,2026-05-12|2026-05-13|2026-05-14|2026-05-15|2026-05-18|2026-05-19|2026-05-20|2026-05-21|2026-05-22|2026-05-26|2026-05-27|2026-05-28|2026-05-29|2026-06-01|2026-06-02|2026-06-03|2026-06-04|2026-06-05|2026-06-08|2026-06-09|2026-06-10|2026-06-11|2026-06-12|2026-06-15|2026-06-16|2026-06-17|2026-06-18|2026-06-22|2026-06-23|2026-06-24,2026-06-24 23:10:40,0.0
Northrop Grumman,,2026-05-12|2026-05-13|2026-05-14|2026-05-15|2026-05-18|2026-05-19|2026-05-20|2026-05-21|2026-05-22|2026-05-26|2026-05-27|2026-05-28|2026-05-29|2026-06-01|2026-06-02|2026-06-03|2026-06-04|2026-06-05|2026-06-08|2026-06-09|2026-06-10|2026-06-11|2026-06-12|2026-06-15|2026-06-16|2026-06-17|2026-06-18|2026-06-22|2026-06-23|2026-06-24,2026-06-24 23:10:40,0.0
Molina Healthcare,,2026-05-12|2026-05-13|2026-05-14|2026-05-15|2026-05-18|2026-05-19|2026-05-20|2026-05-21|2026-05-22|2026-05-26|2026-05-27|2026-05-28|2026-05-29|2026-06-01|2026-06-02|2026-06-03|2026-06-04|2026-06-05|2026-06-08|2026-06-09|2026-06-10|2026-06-11|2026-06-12|2026-06-15|2026-06-16|2026-06-17|2026-06-18|2026-06-22|2026-06-23|2026-06-24,2026-06-24 23:10:40,0.0
Dollar General Corporation,,2026-05-12|2026-05-13|2026-05-14|2026-05-15|2026-05-18|2026-05-19|2026-05-20|2026-05-21|2026-05-22|2026-05-26|2026-05-27|2026-05-28|2026-05-29|2026-06-01|2026-06-02|2026-06-03|2026-06-04|2026-06-05|2026-06-08|2026-06-09|2026-06-10|2026-06-11|2026-06-12|2026-06-15|2026-06-16|2026-06-17|2026-06-18|2026-06-22|2026-06-23|2026-06-24,2026-06-24 23:10:40,0.0
Bank of New York Mellon,,2026-05-07|2026-05-08|2026-05-11|2026-05-12|2026-05-13|2026-05-14|2026-05-15|2026-05-18|2026-05-19|2026-05-20|2026-05-21|2026-05-22|2026-05-26|2026-05-27|2026-05-28|2026-05-29|2026-06-01|2026-06-02|2026-06-03|2026-06-04|2026-06-05|2026-06-08|2026-06-09|2026-06-10|2026-06-11|2026-06-12|2026-06-15|2026-06-16|2026-06-17|2026-06-18,2026-06-24 23:10:40,0.0
Warner Bros Discovery,,2026-05-12|2026-05-13|2026-05-14|2026-05-15|2026-05-18|2026-05-19|2026-05-20|2026-05-21|2026-05-22|2026-05-26|2026-05-27|2026-05-28|2026-05-29|2026-06-01|2026-06-02|2026-06-03|2026-06-04|2026-06-05|2026-06-08|2026-06-09|2026-06-10|2026-06-11|2026-06-12|2026-06-15|2026-06-16|2026-06-17|2026-06-18|2026-06-22|2026-06-23|2026-06-24,2026-06-24 23:10:40,0.0
Netflix,,2026-05-12|2026-05-13|2026-05-14|2026-05-15|2026-05-18|2026-05-19|2026-05-20|2026-05-21|2026-05-22|2026-05-26|2026-05-27|2026-05-28|2026-05-29|2026-06-01|2026-06-02|2026-06-03|2026-06-04|2026-06-05|2026-06-08|2026-06-09|2026-06-10|2026-06-11|2026-06-12|2026-06-15|2026-06-16|2026-06-17|2026-06-18|2026-06-22|2026-06-23|2026-06-24,2026-06-24 23:10:40,0.0
Qualcomm,,2026-05-12|2026-05-13|2026-05-14|2026-05-15|2026-05-18|2026-05-19|2026-05-20|2026-05-21|2026-05-22|2026-05-26|2026-05-27|2026-05-28|2026-05-29|2026-06-01|2026-06-02|2026-06-03|2026-06-04|2026-06-05|2026-06-08|2026-06-09|2026-06-10|2026-06-11|2026-06-12|2026-06-15|2026-06-16|2026-06-17|2026-06-18|2026-06-22|2026-06-23|2026-06-24,2026-06-24 23:10:40,0.0
Honeywell,,2026-05-12|2026-05-13|2026-05-14|2026-05-15|2026-05-18|2026-05-19|2026-05-20|2026-05-21|2026-05-22|2026-05-26|2026-05-27|2026-05-28|2026-05-29|2026-06-01|2026-06-02|2026-06-03|2026-06-04|2026-06-05|2026-06-08|2026-06-09|2026-06-10|2026-06-11|2026-06-12|2026-06-15|2026-06-16|2026-06-17|2026-06-18|2026-06-22|2026-06-23|2026-06-24,2026-06-24 23:10:40,0.0
Salesforce,,2026-05-12|2026-05-13|2026-05-14|2026-05-15|2026-05-18|2026-05-19|2026-05-20|2026-05-21|2026-05-22|2026-05-26|2026-05-27|2026-05-28|2026-05-29|2026-06-01|2026-06-02|2026-06-03|2026-06-04|2026-06-05|2026-06-08|2026-06-09|2026-06-10|2026-06-11|2026-06-12|2026-06-15|2026-06-16|2026-06-17|2026-06-18|2026-06-22|2026-06-23|2026-06-24,2026-06-24 23:10:40,0.0
Philip Morris International,,2026-05-12|2026-05-13|2026-05-14|2026-05-15|2026-05-18|2026-05-19|2026-05-20|2026-05-21|2026-05-22|2026-05-26|2026-05-27|2026-05-28|2026-05-29|2026-06-01|2026-06-02|2026-06-03|2026-06-04|2026-06-05|2026-06-08|2026-06-09|2026-06-10|2026-06-11|2026-06-12|2026-06-15|2026-06-16|2026-06-17|2026-06-18|2026-06-22|2026-06-23|2026-06-24,2026-06-24 23:10:40,0.0
US Foods,,2026-05-12|2026-05-13|2026-05-14|2026-05-15|2026-05-18|2026-05-19|2026-05-20|2026-05-21|2026-05-22|2026-05-26|2026-05-27|2026-05-28|2026-05-29|2026-06-01|2026-06-02|2026-06-03|2026-06-04|2026-06-05|2026-06-08|2026-06-09|2026-06-10|2026-06-11|2026-06-12|2026-06-15|2026-06-16|2026-06-17|2026-06-18|2026-06-22|2026-06-23|2026-06-24,2026-06-24 23:10:40,0.0
DR Horton Inc,,2026-05-12|2026-05-13|2026-05-14|2026-05-15|2026-05-18|2026-05-19|2026-05-20|2026-05-21|2026-05-22|2026-05-26|2026-05-27|2026-05-28|2026-05-29|2026-06-01|2026-06-02|2026-06-03|2026-06-04|2026-06-05|2026-06-08|2026-06-09|2026-06-10|2026-06-11|2026-06-12|2026-06-15|2026-06-16|2026-06-17|2026-06-18|2026-06-22|2026-06-23|2026-06-24,2026-06-24 23:10:40,0.0
Lithia Motors,,2026-05-12|2026-05-13|2026-05-14|2026-05-15|2026-05-18|2026-05-19|2026-05-20|2026-05-21|2026-05-22|2026-05-26|2026-05-27|2026-05-28|2026-05-29|2026-06-01|2026-06-02|2026-06-03|2026-06-04|2026-06-05|2026-06-08|2026-06-09|2026-06-10|2026-06-11|2026-06-12|2026-06-15|2026-06-16|2026-06-17|2026-06-18|2026-06-22|2026-06-23|2026-06-24,2026-06-24 23:10:40,0.0
Mondelez,,2026-05-12|2026-05-13|2026-05-14|2026-05-15|2026-05-18|2026-05-19|2026-05-20|2026-05-21|2026-05-22|2026-05-26|2026-05-27|2026-05-28|2026-05-29|2026-06-01|2026-06-02|2026-06-03|2026-06-04|2026-06-05|2026-06-08|2026-06-09|2026-06-10|2026-06-11|2026-06-12|2026-06-15|2026-06-16|2026-06-17|2026-06-18|2026-06-22|2026-06-23|2026-06-24,2026-06-24 23:10:40,0.0
Starbucks,,2026-05-12|2026-05-13|2026-05-14|2026-05-15|2026-05-18|2026-05-19|2026-05-20|2026-05-21|2026-05-22|2026-05-26|2026-05-27|2026-05-28|2026-05-29|2026-06-01|2026-06-02|2026-06-03|2026-06-04|2026-06-05|2026-06-08|2026-06-09|2026-06-10|2026-06-11|2026-06-12|2026-06-15|2026-06-16|2026-06-17|2026-06-18|2026-06-22|2026-06-23|2026-06-24,2026-06-24 23:10:40,0.0
Visa Inc,,2026-05-12|2026-05-13|2026-05-14|2026-05-15|2026-05-18|2026-05-19|2026-05-20|2026-05-21|2026-05-22|2026-05-26|2026-05-27|2026-05-28|2026-05-29|2026-06-01|2026-06-02|2026-06-03|2026-06-04|2026-06-05|2026-06-08|2026-06-09|2026-06-10|2026-06-11|2026-06-12|2026-06-15|2026-06-16|2026-06-17|2026-06-18|2026-06-22|2026-06-23|2026-06-24,2026-06-24 23:10:40,0.0
CBRE Group,,2026-05-12|2026-05-13|2026-05-14|2026-05-15|2026-05-18|2026-05-19|2026-05-20|2026-05-21|2026-05-22|2026-05-26|2026-05-27|2026-05-28|2026-05-29|2026-06-01|2026-06-02|2026-06-03|2026-06-04|2026-06-05|2026-06-08|2026-06-09|2026-06-10|2026-06-11|2026-06-12|2026-06-15|2026-06-16|2026-06-17|2026-06-18|2026-06-22|2026-06-23|2026-06-24,2026-06-24 23:10:40,0.0
Lennar,,2026-05-12|2026-05-13|2026-05-14|2026-05-15|2026-05-18|2026-05-19|2026-05-20|2026-05-21|2026-05-22|2026-05-26|2026-05-27|2026-05-28|2026-05-29|2026-06-01|2026-06-02|2026-06-03|2026-06-04|2026-06-05|2026-06-08|2026-06-09|2026-06-10|2026-06-11|2026-06-12|2026-06-15|2026-06-16|2026-06-17|2026-06-18|2026-06-22|2026-06-23|2026-06-24,2026-06-24 23:10:40,0.0
GE Vernova,,2026-05-12|2026-05-13|2026-05-14|2026-05-15|2026-05-18|2026-05-19|2026-05-20|2026-05-21|2026-05-22|2026-05-26|2026-05-27|2026-05-28|2026-05-29|2026-06-01|2026-06-02|2026-06-03|2026-06-04|2026-06-05|2026-06-08|2026-06-09|2026-06-10|2026-06-11|2026-06-12|2026-06-15|2026-06-16|2026-06-17|2026-06-18|2026-06-22|2026-06-23|2026-06-24,2026-06-24 23:10:40,0.0
PNC Financial Services,,2026-05-12|2026-05-13|2026-05-14|2026-05-15|2026-05-18|2026-05-19|2026-05-20|2026-05-21|2026-05-22|2026-05-26|2026-05-27|2026-05-28|2026-05-29|2026-06-01|2026-06-02|2026-06-03|2026-06-04|2026-06-05|2026-06-08|2026-06-09|2026-06-10|2026-06-11|2026-06-12|2026-06-15|2026-06-16|2026-06-17|2026-06-18|2026-06-22|2026-06-23|2026-06-24,2026-06-24 23:10:40,0.0
Cummins Inc,,2026-05-12|2026-05-13|2026-05-14|2026-05-15|2026-05-18|2026-05-19|2026-05-20|2026-05-21|2026-05-22|2026-05-26|2026-05-27|2026-05-28|2026-05-29|2026-06-01|2026-06-02|2026-06-03|2026-06-04|2026-06-05|2026-06-08|2026-06-09|2026-06-10|2026-06-11|2026-06-12|2026-06-15|2026-06-16|2026-06-17|2026-06-18|2026-06-22|2026-06-23|2026-06-24,2026-06-24 23:10:40,0.0
Paccar,,2026-05-12|2026-05-13|2026-05-14|2026-05-15|2026-05-18|2026-05-19|2026-05-20|2026-05-21|2026-05-22|2026-05-26|2026-05-27|2026-05-28|2026-05-29|2026-06-01|2026-06-02|2026-06-03|2026-06-04|2026-06-05|2026-06-08|2026-06-09|2026-06-10|2026-06-11|2026-06-12|2026-06-15|2026-06-16|2026-06-17|2026-06-18|2026-06-22|2026-06-23|2026-06-24,2026-06-24 23:10:40,0.0
Amgen,,2026-05-12|2026-05-13|2026-05-14|2026-05-15|2026-05-18|2026-05-19|2026-05-20|2026-05-21|2026-05-22|2026-05-26|2026-05-27|2026-05-28|2026-05-29|2026-06-01|2026-06-02|2026-06-03|2026-06-04|2026-06-05|2026-06-08|2026-06-09|2026-06-10|2026-06-11|2026-06-12|2026-06-15|2026-06-16|2026-06-17|2026-06-18|2026-06-22|2026-06-23|2026-06-24,2026-06-24 23:10:40,0.0
PBF Energy,,2026-05-12|2026-05-13|2026-05-14|2026-05-15|2026-05-18|2026-05-19|2026-05-20|2026-05-21|2026-05-22|2026-05-26|2026-05-27|2026-05-28|2026-05-29|2026-06-01|2026-06-02|2026-06-03|2026-06-04|2026-06-05|2026-06-08|2026-06-09|2026-06-10|2026-06-11|2026-06-12|2026-06-15|2026-06-16|2026-06-17|2026-06-18|2026-06-22|2026-06-23|2026-06-24,2026-06-24 23:10:40,0.0
PayPal,,2026-05-12|2026-05-13|2026-05-14|2026-05-15|2026-05-18|2026-05-19|2026-05-20|2026-05-21|2026-05-22|2026-05-26|2026-05-27|2026-05-28|2026-05-29|2026-06-01|2026-06-02|2026-06-03|2026-06-04|2026-06-05|2026-06-08|2026-06-09|2026-06-10|2026-06-11|2026-06-12|2026-06-15|2026-06-16|2026-06-17|2026-06-18|2026-06-22|2026-06-23|2026-06-24,2026-06-24 23:10:40,0.0
United Natural Foods,,2026-05-12|2026-05-13|2026-05-14|2026-05-15|2026-05-18|2026-05-19|2026-05-20|2026-05-21|2026-05-22|2026-05-26|2026-05-27|2026-05-28|2026-05-29|2026-06-01|2026-06-02|2026-06-03|2026-06-04|2026-06-05|2026-06-08|2026-06-09|2026-06-10|2026-06-11|2026-06-12|2026-06-15|2026-06-16|2026-06-17|2026-06-18|2026-06-22|2026-06-23|2026-06-24,2026-06-24 23:10:40,0.0
Dollar Tree,,2026-05-12|2026-05-13|2026-05-14|2026-05-15|2026-05-18|2026-05-19|2026-05-20|2026-05-21|2026-05-22|2026-05-26|2026-05-27|2026-05-28|2026-05-29|2026-06-01|2026-06-02|2026-06-03|2026-06-04|2026-06-05|2026-06-08|2026-06-09|2026-06-10|2026-06-11|2026-06-12|2026-06-15|2026-06-16|2026-06-17|2026-06-18|2026-06-22|2026-06-23|2026-06-24,2026-06-24 23:10:40,0.0
Nucor,,2026-05-12|2026-05-13|2026-05-14|2026-05-15|2026-05-18|2026-05-19|2026-05-20|2026-05-21|2026-05-22|2026-05-26|2026-05-27|2026-05-28|2026-05-29|2026-06-01|2026-06-02|2026-06-03|2026-06-04|2026-06-05|2026-06-08|2026-06-09|2026-06-10|2026-06-11|2026-06-12|2026-06-15|2026-06-16|2026-06-17|2026-06-18|2026-06-22|2026-06-23|2026-06-24,2026-06-24 23:10:40,0.0
Penske Automotive,,2026-05-12|2026-05-13|2026-05-14|2026-05-15|2026-05-18|2026-05-19|2026-05-20|2026-05-21|2026-05-22|2026-05-26|2026-05-27|2026-05-28|2026-05-29|2026-06-01|2026-06-02|2026-06-03|2026-06-04|2026-06-05|2026-06-08|2026-06-09|2026-06-10|2026-06-11|2026-06-12|2026-06-15|2026-06-16|2026-06-17|2026-06-18|2026-06-22|2026-06-23|2026-06-24,2026-06-24 23:10:40,0.0
Coupang,,2026-05-12|2026-05-13|2026-05-14|2026-05-15|2026-05-18|2026-05-19|2026-05-20|2026-05-21|2026-05-22|2026-05-26|2026-05-27|2026-05-28|2026-05-29|2026-06-01|2026-06-02|2026-06-03|2026-06-04|2026-06-05|2026-06-08|2026-06-09|2026-06-10|2026-06-11|2026-06-12|2026-06-15|2026-06-16|2026-06-17|2026-06-18|2026-06-22|2026-06-23|2026-06-24,2026-06-24 23:10:40,0.0
Hewlett Packard Enterprise,,2026-05-12|2026-05-13|2026-05-14|2026-05-15|2026-05-18|2026-05-19|2026-05-20|2026-05-21|2026-05-22|2026-05-26|2026-05-27|2026-05-28|2026-05-29|2026-06-01|2026-06-02|2026-06-03|2026-06-04|2026-06-05|2026-06-08|2026-06-09|2026-06-10|2026-06-11|2026-06-12|2026-06-15|2026-06-16|2026-06-17|2026-06-18|2026-06-22|2026-06-23|2026-06-24,2026-06-24 23:10:40,0.0
Duke Energy Corporation,,2026-05-12|2026-05-13|2026-05-14|2026-05-15|2026-05-18|2026-05-19|2026-05-20|2026-05-21|2026-05-22|2026-05-26|2026-05-27|2026-05-28|2026-05-29|2026-06-01|2026-06-02|2026-06-03|2026-06-04|2026-06-05|2026-06-08|2026-06-09|2026-06-10|2026-06-11|2026-06-12|2026-06-15|2026-06-16|2026-06-17|2026-06-18|2026-06-22|2026-06-23|2026-06-24,2026-06-24 23:10:40,0.0
KKR & Co,,2026-05-12|2026-05-13|2026-05-14|2026-05-15|2026-05-18|2026-05-19|2026-05-20|2026-05-21|2026-05-22|2026-05-26|2026-05-27|2026-05-28|2026-05-29|2026-06-01|2026-06-02|2026-06-03|2026-06-04|2026-06-05|2026-06-08|2026-06-09|2026-06-10|2026-06-11|2026-06-12|2026-06-15|2026-06-16|2026-06-17|2026-06-18|2026-06-22|2026-06-23|2026-06-24,2026-06-24 23:10:40,0.0
Ferguson Enterprises,,2026-05-12|2026-05-13|2026-05-14|2026-05-15|2026-05-18|2026-05-19|2026-05-20|2026-05-21|2026-05-22|2026-05-26|2026-05-27|2026-05-28|2026-05-29|2026-06-01|2026-06-02|2026-06-03|2026-06-04|2026-06-05|2026-06-08|2026-06-09|2026-06-10|2026-06-11|2026-06-12|2026-06-15|2026-06-16|2026-06-17|2026-06-18|2026-06-22|2026-06-23|2026-06-24,2026-06-24 23:10:40,0.0
Jabil,,2026-05-12|2026-05-13|2026-05-14|2026-05-15|2026-05-18|2026-05-19|2026-05-20|2026-05-21|2026-05-22|2026-05-26|2026-05-27|2026-05-28|2026-05-29|2026-06-01|2026-06-02|2026-06-03|2026-06-04|2026-06-05|2026-06-08|2026-06-09|2026-06-10|2026-06-11|2026-06-12|2026-06-15|2026-06-16|2026-06-17|2026-06-18|2026-06-22|2026-06-23|2026-06-24,2026-06-24 23:10:40,0.0
Gilead Sciences,,2026-05-12|2026-05-13|2026-05-14|2026-05-15|2026-05-18|2026-05-19|2026-05-20|2026-05-21|2026-05-22|2026-05-26|2026-05-27|2026-05-28|2026-05-29|2026-06-01|2026-06-02|2026-06-03|2026-06-04|2026-06-05|2026-06-08|2026-06-09|2026-06-10|2026-06-11|2026-06-12|2026-06-15|2026-06-16|2026-06-17|2026-06-18|2026-06-22|2026-06-23|2026-06-24,2026-06-24 23:10:40,0.0
HF Sinclair,,2026-05-12|2026-05-13|2026-05-14|2026-05-15|2026-05-18|2026-05-19|2026-05-20|2026-05-21|2026-05-22|2026-05-26|2026-05-27|2026-05-28|2026-05-29|2026-06-01|2026-06-02|2026-06-03|2026-06-04|2026-06-05|2026-06-08|2026-06-09|2026-06-10|2026-06-11|2026-06-12|2026-06-15|2026-06-16|2026-06-17|2026-06-18|2026-06-22|2026-06-23|2026-06-24,2026-06-24 23:10:40,0.0
CarMax,,2026-05-12|2026-05-13|2026-05-14|2026-05-15|2026-05-18|2026-05-19|2026-05-20|2026-05-21|2026-05-22|2026-05-26|2026-05-27|2026-05-28|2026-05-29|2026-06-01|2026-06-02|2026-06-03|2026-06-04|2026-06-05|2026-06-08|2026-06-09|2026-06-10|2026-06-11|2026-06-12|2026-06-15|2026-06-16|2026-06-17|2026-06-18|2026-06-22|2026-06-23|2026-06-24,2026-06-24 23:10:40,0.0
Mastercard,,2026-05-12|2026-05-13|2026-05-14|2026-05-15|2026-05-18|2026-05-19|2026-05-20|2026-05-21|2026-05-22|2026-05-26|2026-05-27|2026-05-28|2026-05-29|2026-06-01|2026-06-02|2026-06-03|2026-06-04|2026-06-05|2026-06-08|2026-06-09|2026-06-10|2026-06-11|2026-06-12|2026-06-15|2026-06-16|2026-06-17|2026-06-18|2026-06-22|2026-06-23|2026-06-24,2026-06-24 23:10:40,0.0
NRG Energy,,2026-05-12|2026-05-13|2026-05-14|2026-05-15|2026-05-18|2026-05-19|2026-05-20|2026-05-21|2026-05-22|2026-05-26|2026-05-27|2026-05-28|2026-05-29|2026-06-01|2026-06-02|2026-06-03|2026-06-04|2026-06-05|2026-06-08|2026-06-09|2026-06-10|2026-06-11|2026-06-12|2026-06-15|2026-06-16|2026-06-17|2026-06-18|2026-06-22|2026-06-23|2026-06-24,2026-06-24 23:10:40,0.0
Arrow Electronics,,2026-05-12|2026-05-13|2026-05-14|2026-05-15|2026-05-18|2026-05-19|2026-05-20|2026-05-21|2026-05-22|2026-05-26|2026-05-27|2026-05-28|2026-05-29|2026-06-01|2026-06-02|2026-06-03|2026-06-04|2026-06-05|2026-06-08|2026-06-09|2026-06-10|2026-06-11|2026-06-12|2026-06-15|2026-06-16|2026-06-17|2026-06-18|2026-06-22|2026-06-23|2026-06-24,2026-06-24 23:10:40,0.0
Baker Hughes,,2026-05-12|2026-05-13|2026-05-14|2026-05-15|2026-05-18|2026-05-19|2026-05-20|2026-05-21|2026-05-22|2026-05-26|2026-05-27|2026-05-28|2026-05-29|2026-06-01|2026-06-02|2026-06-03|2026-06-04|2026-06-05|2026-06-08|2026-06-09|2026-06-10|2026-06-11|2026-06-12|2026-06-15|2026-06-16|2026-06-17|2026-06-18|2026-06-22|2026-06-23|2026-06-24,2026-06-24 23:10:40,0.0
Southwest Airlines,,2026-05-12|2026-05-13|2026-05-14|2026-05-15|2026-05-18|2026-05-19|2026-05-20|2026-05-21|2026-05-22|2026-05-26|2026-05-27|2026-05-28|2026-05-29|2026-06-01|2026-06-02|2026-06-03|2026-06-04|2026-06-05|2026-06-08|2026-06-09|2026-06-10|2026-06-11|2026-06-12|2026-06-15|2026-06-16|2026-06-17|2026-06-18|2026-06-22|2026-06-23|2026-06-24,2026-06-24 23:10:40,0.0
AIG,,2026-05-12|2026-05-13|2026-05-14|2026-05-15|2026-05-18|2026-05-19|2026-05-20|2026-05-21|2026-05-22|2026-05-26|2026-05-27|2026-05-28|2026-05-29|2026-06-01|2026-06-02|2026-06-03|2026-06-04|2026-06-05|2026-06-08|2026-06-09|2026-06-10|2026-06-11|2026-06-12|2026-06-15|2026-06-16|2026-06-17|2026-06-18|2026-06-22|2026-06-23|2026-06-24,2026-06-24 23:10:40,0.0
Applied Materials,,2026-05-12|2026-05-13|2026-05-14|2026-05-15|2026-05-18|2026-05-19|2026-05-20|2026-05-21|2026-05-22|2026-05-26|2026-05-27|2026-05-28|2026-05-29|2026-06-01|2026-06-02|2026-06-03|2026-06-04|2026-06-05|2026-06-08|2026-06-09|2026-06-10|2026-06-11|2026-06-12|2026-06-15|2026-06-16|2026-06-17|2026-06-18|2026-06-22|2026-06-23|2026-06-24,2026-06-24 23:10:40,0.0
Occidental Petroleum,,2026-05-12|2026-05-13|2026-05-14|2026-05-15|2026-05-18|2026-05-19|2026-05-20|2026-05-21|2026-05-22|2026-05-26|2026-05-27|2026-05-28|2026-05-29|2026-06-01|2026-06-02|2026-06-03|2026-06-04|2026-06-05|2026-06-08|2026-06-09|2026-06-10|2026-06-11|2026-06-12|2026-06-15|2026-06-16|2026-06-17|2026-06-18|2026-06-22|2026-06-23|2026-06-24,2026-06-24 23:10:40,0.0
AutoNation,,2026-05-12|2026-05-13|2026-05-14|2026-05-15|2026-05-18|2026-05-19|2026-05-20|2026-05-21|2026-05-22|2026-05-26|2026-05-27|2026-05-28|2026-05-29|2026-06-01|2026-06-02|2026-06-03|2026-06-04|2026-06-05|2026-06-08|2026-06-09|2026-06-10|2026-06-11|2026-06-12|2026-06-15|2026-06-16|2026-06-17|2026-06-18|2026-06-22|2026-06-23|2026-06-24,2026-06-24 23:10:40,0.0
Southern Company,,2026-05-12|2026-05-13|2026-05-14|2026-05-15|2026-05-18|2026-05-19|2026-05-20|2026-05-21|2026-05-22|2026-05-26|2026-05-27|2026-05-28|2026-05-29|2026-06-01|2026-06-02|2026-06-03|2026-06-04|2026-06-05|2026-06-08|2026-06-09|2026-06-10|2026-06-11|2026-06-12|2026-06-15|2026-06-16|2026-06-17|2026-06-18|2026-06-22|2026-06-23|2026-06-24,2026-06-24 23:10:40,0.0
The Hartford Insurance,,2026-05-12|2026-05-13|2026-05-14|2026-05-15|2026-05-18|2026-05-19|2026-05-20|2026-05-21|2026-05-22|2026-05-26|2026-05-27|2026-05-28|2026-05-29|2026-06-01|2026-06-02|2026-06-03|2026-06-04|2026-06-05|2026-06-08|2026-06-09|2026-06-10|2026-06-11|2026-06-12|2026-06-15|2026-06-16|2026-06-17|2026-06-18|2026-06-22|2026-06-23|2026-06-24,2026-06-24 23:10:40,0.0
Apollo Global Management,,2026-05-12|2026-05-13|2026-05-14|2026-05-15|2026-05-18|2026-05-19|2026-05-20|2026-05-21|2026-05-22|2026-05-26|2026-05-27|2026-05-28|2026-05-29|2026-06-01|2026-06-02|2026-06-03|2026-06-04|2026-06-05|2026-06-08|2026-06-09|2026-06-10|2026-06-11|2026-06-12|2026-06-15|2026-06-16|2026-06-17|2026-06-18|2026-06-22|2026-06-23|2026-06-24,2026-06-24 23:10:40,0.0
Charles Schwab,,2026-05-12|2026-05-13|2026-05-14|2026-05-15|2026-05-18|2026-05-19|2026-05-20|2026-05-21|2026-05-22|2026-05-26|2026-05-27|2026-05-28|2026-05-29|2026-06-01|2026-06-02|2026-06-03|2026-06-04|2026-06-05|2026-06-08|2026-06-09|2026-06-10|2026-06-11|2026-06-12|2026-06-15|2026-06-16|2026-06-17|2026-06-18|2026-06-22|2026-06-23|2026-06-24,2026-06-24 23:10:40,0.0
McDonalds,,2026-05-12|2026-05-13|2026-05-14|2026-05-15|2026-05-18|2026-05-19|2026-05-20|2026-05-21|2026-05-22|2026-05-26|2026-05-27|2026-05-28|2026-05-29|2026-06-01|2026-06-02|2026-06-03|2026-06-04|2026-06-05|2026-06-08|2026-06-09|2026-06-10|2026-06-11|2026-06-12|2026-06-15|2026-06-16|2026-06-17|2026-06-18|2026-06-22|2026-06-23|2026-06-24,2026-06-24 23:10:40,0.0
Kraft Heinz,,2026-05-12|2026-05-13|2026-05-14|2026-05-15|2026-05-18|2026-05-19|2026-05-20|2026-05-21|2026-05-22|2026-05-26|2026-05-27|2026-05-28|2026-05-29|2026-06-01|2026-06-02|2026-06-03|2026-06-04|2026-06-05|2026-06-08|2026-06-09|2026-06-10|2026-06-11|2026-06-12|2026-06-15|2026-06-16|2026-06-17|2026-06-18|2026-06-22|2026-06-23|2026-06-24,2026-06-24 23:10:40,0.0
Advanced Micro Devices,,2026-05-12|2026-05-13|2026-05-14|2026-05-15|2026-05-18|2026-05-19|2026-05-20|2026-05-21|2026-05-22|2026-05-26|2026-05-27|2026-05-28|2026-05-29|2026-06-01|2026-06-02|2026-06-03|2026-06-04|2026-06-05|2026-06-08|2026-06-09|2026-06-10|2026-06-11|2026-06-12|2026-06-15|2026-06-16|2026-06-17|2026-06-18|2026-06-22|2026-06-23|2026-06-24,2026-06-24 23:10:40,0.0
Truist Financial,,2026-05-12|2026-05-13|2026-05-14|2026-05-15|2026-05-18|2026-05-19|2026-05-20|2026-05-21|2026-05-22|2026-05-26|2026-05-27|2026-05-28|2026-05-29|2026-06-01|2026-06-02|2026-06-03|2026-06-04|2026-06-05|2026-06-08|2026-06-09|2026-06-10|2026-06-11|2026-06-12|2026-06-15|2026-06-16|2026-06-17|2026-06-18|2026-06-22|2026-06-23|2026-06-24,2026-06-24 23:10:40,0.0
Freeport-McMoRan,,2026-05-12|2026-05-13|2026-05-14|2026-05-15|2026-05-18|2026-05-19|2026-05-20|2026-05-21|2026-05-22|2026-05-26|2026-05-27|2026-05-28|2026-05-29|2026-06-01|2026-06-02|2026-06-03|2026-06-04|2026-06-05|2026-06-08|2026-06-09|2026-06-10|2026-06-11|2026-06-12|2026-06-15|2026-06-16|2026-06-17|2026-06-18|2026-06-22|2026-06-23|2026-06-24,2026-06-24 23:10:40,0.0
Micron Technology,,2026-05-12|2026-05-13|2026-05-14|2026-05-15|2026-05-18|2026-05-19|2026-05-20|2026-05-21|2026-05-22|2026-05-26|2026-05-27|2026-05-28|2026-05-29|2026-06-01|2026-06-02|2026-06-03|2026-06-04|2026-06-05|2026-06-08|2026-06-09|2026-06-10|2026-06-11|2026-06-12|2026-06-15|2026-06-16|2026-06-17|2026-06-18|2026-06-22|2026-06-23|2026-06-24,2026-06-24 23:10:40,0.0
Marriott International,,2026-05-12|2026-05-13|2026-05-14|2026-05-15|2026-05-18|2026-05-19|2026-05-20|2026-05-21|2026-05-22|2026-05-26|2026-05-27|2026-05-28|2026-05-29|2026-06-01|2026-06-02|2026-06-03|2026-06-04|2026-06-05|2026-06-08|2026-06-09|2026-06-10|2026-06-11|2026-06-12|2026-06-15|2026-06-16|2026-06-17|2026-06-18|2026-06-22|2026-06-23|2026-06-24,2026-06-24 23:10:40,0.0
Carrier Global,,2026-05-12|2026-05-13|2026-05-14|2026-05-15|2026-05-18|2026-05-19|2026-05-20|2026-05-21|2026-05-22|2026-05-26|2026-05-27|2026-05-28|2026-05-29|2026-06-01|2026-06-02|2026-06-03|2026-06-04|2026-06-05|2026-06-08|2026-06-09|2026-06-10|2026-06-11|2026-06-12|2026-06-15|2026-06-16|2026-06-17|2026-06-18|2026-06-22|2026-06-23|2026-06-24,2026-06-24 23:10:40,0.0
NextEra Energy,,2026-05-12|2026-05-13|2026-05-14|2026-05-15|2026-05-18|2026-05-19|2026-05-20|2026-05-21|2026-05-22|2026-05-26|2026-05-27|2026-05-28|2026-05-29|2026-06-01|2026-06-02|2026-06-03|2026-06-04|2026-06-05|2026-06-08|2026-06-09|2026-06-10|2026-06-11|2026-06-12|2026-06-15|2026-06-16|2026-06-17|2026-06-18|2026-06-22|2026-06-23|2026-06-24,2026-06-24 23:10:40,0.0
3M Company,,2026-05-12|2026-05-13|2026-05-14|2026-05-15|2026-05-18|2026-05-19|2026-05-20|2026-05-21|2026-05-22|2026-05-26|2026-05-27|2026-05-28|2026-05-29|2026-06-01|2026-06-02|2026-06-03|2026-06-04|2026-06-05|2026-06-08|2026-06-09|2026-06-10|2026-06-11|2026-06-12|2026-06-15|2026-06-16|2026-06-17|2026-06-18|2026-06-22|2026-06-23|2026-06-24,2026-06-24 23:10:40,0.0
Pacific Gas and Electric Company,,2026-05-12|2026-05-13|2026-05-14|2026-05-15|2026-05-18|2026-05-19|2026-05-20|2026-05-21|2026-05-22|2026-05-26|2026-05-27|2026-05-28|2026-05-29|2026-06-01|2026-06-02|2026-06-03|2026-06-04|2026-06-05|2026-06-08|2026-06-09|2026-06-10|2026-06-11|2026-06-12|2026-06-15|2026-06-16|2026-06-17|2026-06-18|2026-06-22|2026-06-23|2026-06-24,2026-06-24 23:10:40,0.0
Union Pacific,,2026-05-12|2026-05-13|2026-05-14|2026-05-15|2026-05-18|2026-05-19|2026-05-20|2026-05-21|2026-05-22|2026-05-26|2026-05-27|2026-05-28|2026-05-29|2026-06-01|2026-06-02|2026-06-03|2026-06-04|2026-06-05|2026-06-08|2026-06-09|2026-06-10|2026-06-11|2026-06-12|2026-06-15|2026-06-16|2026-06-17|2026-06-18|2026-06-22|2026-06-23|2026-06-24,2026-06-24 23:10:40,0.0
Synchrony Financial,,2026-05-12|2026-05-13|2026-05-14|2026-05-15|2026-05-18|2026-05-19|2026-05-20|2026-05-21|2026-05-22|2026-05-26|2026-05-27|2026-05-28|2026-05-29|2026-06-01|2026-06-02|2026-06-03|2026-06-04|2026-06-05|2026-06-08|2026-06-09|2026-06-10|2026-06-11|2026-06-12|2026-06-15|2026-06-16|2026-06-17|2026-06-18|2026-06-22|2026-06-23|2026-06-24,2026-06-24 23:10:40,0.0
Danaher,,2026-05-12|2026-05-13|2026-05-14|2026-05-15|2026-05-18|2026-05-19|2026-05-20|2026-05-21|2026-05-22|2026-05-26|2026-05-27|2026-05-28|2026-05-29|2026-06-01|2026-06-02|2026-06-03|2026-06-04|2026-06-05|2026-06-08|2026-06-09|2026-06-10|2026-06-11|2026-06-12|2026-06-15|2026-06-16|2026-06-17|2026-06-18|2026-06-22|2026-06-23|2026-06-24,2026-06-24 23:10:40,0.0
Avnet,,2026-05-12|2026-05-13|2026-05-14|2026-05-15|2026-05-18|2026-05-19|2026-05-20|2026-05-21|2026-05-22|2026-05-26|2026-05-27|2026-05-28|2026-05-29|2026-06-01|2026-06-02|2026-06-03|2026-06-04|2026-06-05|2026-06-08|2026-06-09|2026-06-10|2026-06-11|2026-06-12|2026-06-15|2026-06-16|2026-06-17|2026-06-18|2026-06-22|2026-06-23|2026-06-24,2026-06-24 23:10:40,0.0
Booking Holdings,,2026-05-12|2026-05-13|2026-05-14|2026-05-15|2026-05-18|2026-05-19|2026-05-20|2026-05-21|2026-05-22|2026-05-26|2026-05-27|2026-05-28|2026-05-29|2026-06-01|2026-06-02|2026-06-03|2026-06-04|2026-06-05|2026-06-08|2026-06-09|2026-06-10|2026-06-11|2026-06-12|2026-06-15|2026-06-16|2026-06-17|2026-06-18|2026-06-22|2026-06-23|2026-06-24,2026-06-24 23:10:40,0.0
EOG Resources,,2026-05-12|2026-05-13|2026-05-14|2026-05-15|2026-05-18|2026-05-19|2026-05-20|2026-05-21|2026-05-22|2026-05-26|2026-05-27|2026-05-28|2026-05-29|2026-06-01|2026-06-02|2026-06-03|2026-06-04|2026-06-05|2026-06-08|2026-06-09|2026-06-10|2026-06-11|2026-06-12|2026-06-15|2026-06-16|2026-06-17|2026-06-18|2026-06-22|2026-06-23|2026-06-24,2026-06-24 23:10:40,0.0
Quanta Services,,2026-05-12|2026-05-13|2026-05-14|2026-05-15|2026-05-18|2026-05-19|2026-05-20|2026-05-21|2026-05-22|2026-05-26|2026-05-27|2026-05-28|2026-05-29|2026-06-01|2026-06-02|2026-06-03|2026-06-04|2026-06-05|2026-06-08|2026-06-09|2026-06-10|2026-06-11|2026-06-12|2026-06-15|2026-06-16|2026-06-17|2026-06-18|2026-06-22|2026-06-23|2026-06-24,2026-06-24 23:10:40,0.0
Constellation Energy,,2026-05-12|2026-05-13|2026-05-14|2026-05-15|2026-05-18|2026-05-19|2026-05-20|2026-05-21|2026-05-22|2026-05-26|2026-05-27|2026-05-28|2026-05-29|2026-06-01|2026-06-02|2026-06-03|2026-06-04|2026-06-05|2026-06-08|2026-06-09|2026-06-10|2026-06-11|2026-06-12|2026-06-15|2026-06-16|2026-06-17|2026-06-18|2026-06-22|2026-06-23|2026-06-24,2026-06-24 23:10:40,0.0
Genuine Parts Company,,2026-05-12|2026-05-13|2026-05-14|2026-05-15|2026-05-18|2026-05-19|2026-05-20|2026-05-21|2026-05-22|2026-05-26|2026-05-27|2026-05-28|2026-05-29|2026-06-01|2026-06-02|2026-06-03|2026-06-04|2026-06-05|2026-06-08|2026-06-09|2026-06-10|2026-06-11|2026-06-12|2026-06-15|2026-06-16|2026-06-17|2026-06-18|2026-06-22|2026-06-23|2026-06-24,2026-06-24 23:10:40,0.0
Jones Lang LaSalle,,2026-05-12|2026-05-13|2026-05-14|2026-05-15|2026-05-18|2026-05-19|2026-05-20|2026-05-21|2026-05-22|2026-05-26|2026-05-27|2026-05-28|2026-05-29|2026-06-01|2026-06-02|2026-06-03|2026-06-04|2026-06-05|2026-06-08|2026-06-09|2026-06-10|2026-06-11|2026-06-12|2026-06-15|2026-06-16|2026-06-17|2026-06-18|2026-06-22|2026-06-23|2026-06-24,2026-06-24 23:10:40,0.0
Lear Corporation,,2026-05-12|2026-05-13|2026-05-14|2026-05-15|2026-05-18|2026-05-19|2026-05-20|2026-05-21|2026-05-22|2026-05-26|2026-05-27|2026-05-28|2026-05-29|2026-06-01|2026-06-02|2026-06-03|2026-06-04|2026-06-05|2026-06-08|2026-06-09|2026-06-10|2026-06-11|2026-06-12|2026-06-15|2026-06-16|2026-06-17|2026-06-18|2026-06-22|2026-06-23|2026-06-24,2026-06-24 23:10:40,0.0
Live Nation Entertainment,,2026-05-12|2026-05-13|2026-05-14|2026-05-15|2026-05-18|2026-05-19|2026-05-20|2026-05-21|2026-05-22|2026-05-26|2026-05-27|2026-05-28|2026-05-29|2026-06-01|2026-06-02|2026-06-03|2026-06-04|2026-06-05|2026-06-08|2026-06-09|2026-06-10|2026-06-11|2026-06-12|2026-06-15|2026-06-16|2026-06-17|2026-06-18|2026-06-22|2026-06-23|2026-06-24,2026-06-24 23:10:40,0.0
Sherwin-Williams,,2026-05-12|2026-05-13|2026-05-14|2026-05-15|2026-05-18|2026-05-19|2026-05-20|2026-05-21|2026-05-22|2026-05-26|2026-05-27|2026-05-28|2026-05-29|2026-06-01|2026-06-02|2026-06-03|2026-06-04|2026-06-05|2026-06-08|2026-06-09|2026-06-10|2026-06-11|2026-06-12|2026-06-15|2026-06-16|2026-06-17|2026-06-18|2026-06-22|2026-06-23|2026-06-24,2026-06-24 23:10:40,0.0
Exelon,,2026-05-12|2026-05-13|2026-05-14|2026-05-15|2026-05-18|2026-05-19|2026-05-20|2026-05-21|2026-05-22|2026-05-26|2026-05-27|2026-05-28|2026-05-29|2026-06-01|2026-06-02|2026-06-03|2026-06-04|2026-06-05|2026-06-08|2026-06-09|2026-06-10|2026-06-11|2026-06-12|2026-06-15|2026-06-16|2026-06-17|2026-06-18|2026-06-22|2026-06-23|2026-06-24,2026-06-24 23:10:40,0.0
Macys,,2026-05-12|2026-05-13|2026-05-14|2026-05-15|2026-05-18|2026-05-19|2026-05-20|2026-05-21|2026-05-22|2026-05-26|2026-05-27|2026-05-28|2026-05-29|2026-06-01|2026-06-02|2026-06-03|2026-06-04|2026-06-05|2026-06-08|2026-06-09|2026-06-10|2026-06-11|2026-06-12|2026-06-15|2026-06-16|2026-06-17|2026-06-18|2026-06-22|2026-06-23|2026-06-24,2026-06-24 23:10:40,0.0
Halliburton,,2026-05-12|2026-05-13|2026-05-14|2026-05-15|2026-05-18|2026-05-19|2026-05-20|2026-05-21|2026-05-22|2026-05-26|2026-05-27|2026-05-28|2026-05-29|2026-06-01|2026-06-02|2026-06-03|2026-06-04|2026-06-05|2026-06-08|2026-06-09|2026-06-10|2026-06-11|2026-06-12|2026-06-15|2026-06-16|2026-06-17|2026-06-18|2026-06-22|2026-06-23|2026-06-24,2026-06-24 23:10:40,0.0
Stryker,,2026-05-12|2026-05-13|2026-05-14|2026-05-15|2026-05-18|2026-05-19|2026-05-20|2026-05-21|2026-05-22|2026-05-26|2026-05-27|2026-05-28|2026-05-29|2026-06-01|2026-06-02|2026-06-03|2026-06-04|2026-06-05|2026-06-08|2026-06-09|2026-06-10|2026-06-11|2026-06-12|2026-06-15|2026-06-16|2026-06-17|2026-06-18|2026-06-22|2026-06-23|2026-06-24,2026-06-24 23:10:40,0.0
Reinsurance Group of America,,2026-05-12|2026-05-13|2026-05-14|2026-05-15|2026-05-18|2026-05-19|2026-05-20|2026-05-21|2026-05-22|2026-05-26|2026-05-27|2026-05-28|2026-05-29|2026-06-01|2026-06-02|2026-06-03|2026-06-04|2026-06-05|2026-06-08|2026-06-09|2026-06-10|2026-06-11|2026-06-12|2026-06-15|2026-06-16|2026-06-17|2026-06-18|2026-06-22|2026-06-23|2026-06-24,2026-06-24 23:10:40,0.0
State Street,,2026-05-12|2026-05-13|2026-05-14|2026-05-15|2026-05-18|2026-05-19|2026-05-20|2026-05-21|2026-05-22|2026-05-26|2026-05-27|2026-05-28|2026-05-29|2026-06-01|2026-06-02|2026-06-03|2026-06-04|2026-06-05|2026-06-08|2026-06-09|2026-06-10|2026-06-11|2026-06-12|2026-06-15|2026-06-16|2026-06-17|2026-06-18|2026-06-22|2026-06-23|2026-06-24,2026-06-24 23:10:40,0.0
WESCO International,,2026-05-12|2026-05-13|2026-05-14|2026-05-15|2026-05-18|2026-05-19|2026-05-20|2026-05-21|2026-05-22|2026-05-26|2026-05-27|2026-05-28|2026-05-29|2026-06-01|2026-06-02|2026-06-03|2026-06-04|2026-06-05|2026-06-08|2026-06-09|2026-06-10|2026-06-11|2026-06-12|2026-06-15|2026-06-16|2026-06-17|2026-06-18|2026-06-22|2026-06-23|2026-06-24,2026-06-24 23:10:40,0.0
Oneok,,2026-05-12|2026-05-13|2026-05-14|2026-05-15|2026-05-18|2026-05-19|2026-05-20|2026-05-21|2026-05-22|2026-05-26|2026-05-27|2026-05-28|2026-05-29|2026-06-01|2026-06-02|2026-06-03|2026-06-04|2026-06-05|2026-06-08|2026-06-09|2026-06-10|2026-06-11|2026-06-12|2026-06-15|2026-06-16|2026-06-17|2026-06-18|2026-06-22|2026-06-23|2026-06-24,2026-06-24 23:10:40,0.0
Adobe,,2026-05-12|2026-05-13|2026-05-14|2026-05-15|2026-05-18|2026-05-19|2026-05-20|2026-05-21|2026-05-22|2026-05-26|2026-05-27|2026-05-28|2026-05-29|2026-06-01|2026-06-02|2026-06-03|2026-06-04|2026-06-05|2026-06-08|2026-06-09|2026-06-10|2026-06-11|2026-06-12|2026-06-15|2026-06-16|2026-06-17|2026-06-18|2026-06-22|2026-06-23|2026-06-24,2026-06-24 23:10:40,0.0
L3Harris Technologies,,2026-05-12|2026-05-13|2026-05-14|2026-05-15|2026-05-18|2026-05-19|2026-05-20|2026-05-21|2026-05-22|2026-05-26|2026-05-27|2026-05-28|2026-05-29|2026-06-01|2026-06-02|2026-06-03|2026-06-04|2026-06-05|2026-06-08|2026-06-09|2026-06-10|2026-06-11|2026-06-12|2026-06-15|2026-06-16|2026-06-17|2026-06-18|2026-06-22|2026-06-23|2026-06-24,2026-06-24 23:10:40,0.0
Ross Stores,,2026-05-12|2026-05-13|2026-05-14|2026-05-15|2026-05-18|2026-05-19|2026-05-20|2026-05-21|2026-05-22|2026-05-26|2026-05-27|2026-05-28|2026-05-29|2026-06-01|2026-06-02|2026-06-03|2026-06-04|2026-06-05|2026-06-08|2026-06-09|2026-06-10|2026-06-11|2026-06-12|2026-06-15|2026-06-16|2026-06-17|2026-06-18|2026-06-22|2026-06-23|2026-06-24,2026-06-24 23:10:40,0.0
CDW,,2026-05-12|2026-05-13|2026-05-14|2026-05-15|2026-05-18|2026-05-19|2026-05-20|2026-05-21|2026-05-22|2026-05-26|2026-05-27|2026-05-28|2026-05-29|2026-06-01|2026-06-02|2026-06-03|2026-06-04|2026-06-05|2026-06-08|2026-06-09|2026-06-10|2026-06-11|2026-06-12|2026-06-15|2026-06-16|2026-06-17|2026-06-18|2026-06-22|2026-06-23|2026-06-24,2026-06-24 23:10:40,0.0
Tenet Healthcare,,2026-05-12|2026-05-13|2026-05-14|2026-05-15|2026-05-18|2026-05-19|2026-05-20|2026-05-21|2026-05-22|2026-05-26|2026-05-27|2026-05-28|2026-05-29|2026-06-01|2026-06-02|2026-06-03|2026-06-04|2026-06-05|2026-06-08|2026-06-09|2026-06-10|2026-06-11|2026-06-12|2026-06-15|2026-06-16|2026-06-17|2026-06-18|2026-06-22|2026-06-23|2026-06-24,2026-06-24 23:10:40,0.0
BJ's Wholesale Club,,2026-05-12|2026-05-13|2026-05-14|2026-05-15|2026-05-18|2026-05-19|2026-05-20|2026-05-21|2026-05-22|2026-05-26|2026-05-27|2026-05-28|2026-05-29|2026-06-01|2026-06-02|2026-06-03|2026-06-04|2026-06-05|2026-06-08|2026-06-09|2026-06-10|2026-06-11|2026-06-12|2026-06-15|2026-06-16|2026-06-17|2026-06-18|2026-06-22|2026-06-23|2026-06-24,2026-06-24 23:10:40,0.0
Altria,,2026-05-12|2026-05-13|2026-05-14|2026-05-15|2026-05-18|2026-05-19|2026-05-20|2026-05-21|2026-05-22|2026-05-26|2026-05-27|2026-05-28|2026-05-29|2026-06-01|2026-06-02|2026-06-03|2026-06-04|2026-06-05|2026-06-08|2026-06-09|2026-06-10|2026-06-11|2026-06-12|2026-06-15|2026-06-16|2026-06-17|2026-06-18|2026-06-22|2026-06-23|2026-06-24,2026-06-24 23:10:40,0.0
BlackRock,,2026-05-12|2026-05-13|2026-05-14|2026-05-15|2026-05-18|2026-05-19|2026-05-20|2026-05-21|2026-05-22|2026-05-26|2026-05-27|2026-05-28|2026-05-29|2026-06-01|2026-06-02|2026-06-03|2026-06-04|2026-06-05|2026-06-08|2026-06-09|2026-06-10|2026-06-11|2026-06-12|2026-06-15|2026-06-16|2026-06-17|2026-06-18|2026-06-22|2026-06-23|2026-06-24,2026-06-24 23:10:40,0.0
Becton Dickinson,,2026-05-12|2026-05-13|2026-05-14|2026-05-15|2026-05-18|2026-05-19|2026-05-20|2026-05-21|2026-05-22|2026-05-26|2026-05-27|2026-05-28|2026-05-29|2026-06-01|2026-06-02|2026-06-03|2026-06-04|2026-06-05|2026-06-08|2026-06-09|2026-06-10|2026-06-11|2026-06-12|2026-06-15|2026-06-16|2026-06-17|2026-06-18|2026-06-22|2026-06-23|2026-06-24,2026-06-24 23:10:40,0.0
Colgate-Palmolive,,2026-05-12|2026-05-13|2026-05-14|2026-05-15|2026-05-18|2026-05-19|2026-05-20|2026-05-21|2026-05-22|2026-05-26|2026-05-27|2026-05-28|2026-05-29|2026-06-01|2026-06-02|2026-06-03|2026-06-04|2026-06-05|2026-06-08|2026-06-09|2026-06-10|2026-06-11|2026-06-12|2026-06-15|2026-06-16|2026-06-17|2026-06-18|2026-06-22|2026-06-23|2026-06-24,2026-06-24 23:10:40,0.0
Kimberly-Clark,,2026-05-12|2026-05-13|2026-05-14|2026-05-15|2026-05-18|2026-05-19|2026-05-20|2026-05-21|2026-05-22|2026-05-26|2026-05-27|2026-05-28|2026-05-29|2026-06-01|2026-06-02|2026-06-03|2026-06-04|2026-06-05|2026-06-08|2026-06-09|2026-06-10|2026-06-11|2026-06-12|2026-06-15|2026-06-16|2026-06-17|2026-06-18|2026-06-22|2026-06-23|2026-06-24,2026-06-24 23:10:40,0.0
Group 1 Automotive,,2026-05-12|2026-05-13|2026-05-14|2026-05-15|2026-05-18|2026-05-19|2026-05-20|2026-05-21|2026-05-22|2026-05-26|2026-05-27|2026-05-28|2026-05-29|2026-06-01|2026-06-02|2026-06-03|2026-06-04|2026-06-05|2026-06-08|2026-06-09|2026-06-10|2026-06-11|2026-06-12|2026-06-15|2026-06-16|2026-06-17|2026-06-18|2026-06-22|2026-06-23|2026-06-24,2026-06-24 23:10:40,0.0
Parker-Hannifin,,2026-05-12|2026-05-13|2026-05-14|2026-05-15|2026-05-18|2026-05-19|2026-05-20|2026-05-21|2026-05-22|2026-05-26|2026-05-27|2026-05-28|2026-05-29|2026-06-01|2026-06-02|2026-06-03|2026-06-04|2026-06-05|2026-06-08|2026-06-09|2026-06-10|2026-06-11|2026-06-12|2026-06-15|2026-06-16|2026-06-17|2026-06-18|2026-06-22|2026-06-23|2026-06-24,2026-06-24 23:10:40,0.0
General Mills,,2026-05-12|2026-05-13|2026-05-14|2026-05-15|2026-05-18|2026-05-19|2026-05-20|2026-05-21|2026-05-22|2026-05-26|2026-05-27|2026-05-28|2026-05-29|2026-06-01|2026-06-02|2026-06-03|2026-06-04|2026-06-05|2026-06-08|2026-06-09|2026-06-10|2026-06-11|2026-06-12|2026-06-15|2026-06-16|2026-06-17|2026-06-18|2026-06-22|2026-06-23|2026-06-24,2026-06-24 23:10:40,0.0
Cognizant Technology Solutions,,2026-05-12|2026-05-13|2026-05-14|2026-05-15|2026-05-18|2026-05-19|2026-05-20|2026-05-21|2026-05-22|2026-05-26|2026-05-27|2026-05-28|2026-05-29|2026-06-01|2026-06-02|2026-06-03|2026-06-04|2026-06-05|2026-06-08|2026-06-09|2026-06-10|2026-06-11|2026-06-12|2026-06-15|2026-06-16|2026-06-17|2026-06-18|2026-06-22|2026-06-23|2026-06-24,2026-06-24 23:10:40,0.0
American Electric Power,,2026-05-12|2026-05-13|2026-05-14|2026-05-15|2026-05-18|2026-05-19|2026-05-20|2026-05-21|2026-05-22|2026-05-26|2026-05-27|2026-05-28|2026-05-29|2026-06-01|2026-06-02|2026-06-03|2026-06-04|2026-06-05|2026-06-08|2026-06-09|2026-06-10|2026-06-11|2026-06-12|2026-06-15|2026-06-16|2026-06-17|2026-06-18|2026-06-22|2026-06-23|2026-06-24,2026-06-24 23:10:40,0.0
GE HealthCare Technologies,,2026-05-12|2026-05-13|2026-05-14|2026-05-15|2026-05-18|2026-05-19|2026-05-20|2026-05-21|2026-05-22|2026-05-26|2026-05-27|2026-05-28|2026-05-29|2026-06-01|2026-06-02|2026-06-03|2026-06-04|2026-06-05|2026-06-08|2026-06-09|2026-06-10|2026-06-11|2026-06-12|2026-06-15|2026-06-16|2026-06-17|2026-06-18|2026-06-22|2026-06-23|2026-06-24,2026-06-24 23:10:40,0.0
Automatic Data Processing,,2026-05-12|2026-05-13|2026-05-14|2026-05-15|2026-05-18|2026-05-19|2026-05-20|2026-05-21|2026-05-22|2026-05-26|2026-05-27|2026-05-28|2026-05-29|2026-06-01|2026-06-02|2026-06-03|2026-06-04|2026-06-05|2026-06-08|2026-06-09|2026-06-10|2026-06-11|2026-06-12|2026-06-15|2026-06-16|2026-06-17|2026-06-18|2026-06-22|2026-06-23|2026-06-24,2026-06-24 23:10:40,0.0
Cleveland-Cliffs,,2026-05-12|2026-05-13|2026-05-14|2026-05-15|2026-05-18|2026-05-19|2026-05-20|2026-05-21|2026-05-22|2026-05-26|2026-05-27|2026-05-28|2026-05-29|2026-06-01|2026-06-02|2026-06-03|2026-06-04|2026-06-05|2026-06-08|2026-06-09|2026-06-10|2026-06-11|2026-06-12|2026-06-15|2026-06-16|2026-06-17|2026-06-18|2026-06-22|2026-06-23|2026-06-24,2026-06-24 23:10:40,0.0
Aflac,,2026-05-12|2026-05-13|2026-05-14|2026-05-15|2026-05-18|2026-05-19|2026-05-20|2026-05-21|2026-05-22|2026-05-26|2026-05-27|2026-05-28|2026-05-29|2026-06-01|2026-06-02|2026-06-03|2026-06-04|2026-06-05|2026-06-08|2026-06-09|2026-06-10|2026-06-11|2026-06-12|2026-06-15|2026-06-16|2026-06-17|2026-06-18|2026-06-22|2026-06-23|2026-06-24,2026-06-24 23:10:40,0.0
Goodyear Tire & Rubber,,2026-05-12|2026-05-13|2026-05-14|2026-05-15|2026-05-18|2026-05-19|2026-05-20|2026-05-21|2026-05-22|2026-05-26|2026-05-27|2026-05-28|2026-05-29|2026-06-01|2026-06-02|2026-06-03|2026-06-04|2026-06-05|2026-06-08|2026-06-09|2026-06-10|2026-06-11|2026-06-12|2026-06-15|2026-06-16|2026-06-17|2026-06-18|2026-06-22|2026-06-23|2026-06-24,2026-06-24 23:10:40,0.0
Corebridge Financial,,2026-05-12|2026-05-13|2026-05-14|2026-05-15|2026-05-18|2026-05-19|2026-05-20|2026-05-21|2026-05-22|2026-05-26|2026-05-27|2026-05-28|2026-05-29|2026-06-01|2026-06-02|2026-06-03|2026-06-04|2026-06-05|2026-06-08|2026-06-09|2026-06-10|2026-06-11|2026-06-12|2026-06-15|2026-06-16|2026-06-17|2026-06-18|2026-06-22|2026-06-23|2026-06-24,2026-06-24 23:10:40,0.0
Newmont,,2026-05-12|2026-05-13|2026-05-14|2026-05-15|2026-05-18|2026-05-19|2026-05-20|2026-05-21|2026-05-22|2026-05-26|2026-05-27|2026-05-28|2026-05-29|2026-06-01|2026-06-02|2026-06-03|2026-06-04|2026-06-05|2026-06-08|2026-06-09|2026-06-10|2026-06-11|2026-06-12|2026-06-15|2026-06-16|2026-06-17|2026-06-18|2026-06-22|2026-06-23|2026-06-24,2026-06-24 23:10:40,0.0
International Paper,,2026-05-12|2026-05-13|2026-05-14|2026-05-15|2026-05-18|2026-05-19|2026-05-20|2026-05-21|2026-05-22|2026-05-26|2026-05-27|2026-05-28|2026-05-29|2026-06-01|2026-06-02|2026-06-03|2026-06-04|2026-06-05|2026-06-08|2026-06-09|2026-06-10|2026-06-11|2026-06-12|2026-06-15|2026-06-16|2026-06-17|2026-06-18|2026-06-22|2026-06-23|2026-06-24,2026-06-24 23:10:40,0.0
AutoZone,,2026-05-12|2026-05-13|2026-05-14|2026-05-15|2026-05-18|2026-05-19|2026-05-20|2026-05-21|2026-05-22|2026-05-26|2026-05-27|2026-05-28|2026-05-29|2026-06-01|2026-06-02|2026-06-03|2026-06-04|2026-06-05|2026-06-08|2026-06-09|2026-06-10|2026-06-11|2026-06-12|2026-06-15|2026-06-16|2026-06-17|2026-06-18|2026-06-22|2026-06-23|2026-06-24,2026-06-24 23:10:40,0.0
Lincoln National,,2026-05-12|2026-05-13|2026-05-14|2026-05-15|2026-05-18|2026-05-19|2026-05-20|2026-05-21|2026-05-22|2026-05-26|2026-05-27|2026-05-28|2026-05-29|2026-06-01|2026-06-02|2026-06-03|2026-06-04|2026-06-05|2026-06-08|2026-06-09|2026-06-10|2026-06-11|2026-06-12|2026-06-15|2026-06-16|2026-06-17|2026-06-18|2026-06-22|2026-06-23|2026-06-24,2026-06-24 23:10:40,0.0
PulteGroup,,2026-05-12|2026-05-13|2026-05-14|2026-05-15|2026-05-18|2026-05-19|2026-05-20|2026-05-21|2026-05-22|2026-05-26|2026-05-27|2026-05-28|2026-05-29|2026-06-01|2026-06-02|2026-06-03|2026-06-04|2026-06-05|2026-06-08|2026-06-09|2026-06-10|2026-06-11|2026-06-12|2026-06-15|2026-06-16|2026-06-17|2026-06-18|2026-06-22|2026-06-23|2026-06-24,2026-06-24 23:10:40,0.0
Ameriprise Financial,,2026-05-12|2026-05-13|2026-05-14|2026-05-15|2026-05-18|2026-05-19|2026-05-20|2026-05-21|2026-05-22|2026-05-26|2026-05-27|2026-05-28|2026-05-29|2026-06-01|2026-06-02|2026-06-03|2026-06-04|2026-06-05|2026-06-08|2026-06-09|2026-06-10|2026-06-11|2026-06-12|2026-06-15|2026-06-16|2026-06-17|2026-06-18|2026-06-22|2026-06-23|2026-06-24,2026-06-24 23:10:40,0.0
Murphy USA,,2026-05-12|2026-05-13|2026-05-14|2026-05-15|2026-05-18|2026-05-19|2026-05-20|2026-05-21|2026-05-22|2026-05-26|2026-05-27|2026-05-28|2026-05-29|2026-06-01|2026-06-02|2026-06-03|2026-06-04|2026-06-05|2026-06-08|2026-06-09|2026-06-10|2026-06-11|2026-06-12|2026-06-15|2026-06-16|2026-06-17|2026-06-18|2026-06-22|2026-06-23|2026-06-24,2026-06-24 23:10:40,0.0
ManpowerGroup,,2026-05-12|2026-05-13|2026-05-14|2026-05-15|2026-05-18|2026-05-19|2026-05-20|2026-05-21|2026-05-22|2026-05-26|2026-05-27|2026-05-28|2026-05-29|2026-06-01|2026-06-02|2026-06-03|2026-06-04|2026-06-05|2026-06-08|2026-06-09|2026-06-10|2026-06-11|2026-06-12|2026-06-15|2026-06-16|2026-06-17|2026-06-18|2026-06-22|2026-06-23|2026-06-24,2026-06-24 23:10:40,0.0
CH Robinson Worldwide,,2026-05-12|2026-05-13|2026-05-14|2026-05-15|2026-05-18|2026-05-19|2026-05-20|2026-05-21|2026-05-22|2026-05-26|2026-05-27|2026-05-28|2026-05-29|2026-06-01|2026-06-02|2026-06-03|2026-06-04|2026-06-05|2026-06-08|2026-06-09|2026-06-10|2026-06-11|2026-06-12|2026-06-15|2026-06-16|2026-06-17|2026-06-18|2026-06-22|2026-06-23|2026-06-24,2026-06-24 23:10:40,0.0
PPG Industries,,2026-05-12|2026-05-13|2026-05-14|2026-05-15|2026-05-18|2026-05-19|2026-05-20|2026-05-21|2026-05-22|2026-05-26|2026-05-27|2026-05-28|2026-05-29|2026-06-01|2026-06-02|2026-06-03|2026-06-04|2026-06-05|2026-06-08|2026-06-09|2026-06-10|2026-06-11|2026-06-12|2026-06-15|2026-06-16|2026-06-17|2026-06-18|2026-06-22|2026-06-23|2026-06-24,2026-06-24 23:10:40,0.0
Edison International,,2026-05-12|2026-05-13|2026-05-14|2026-05-15|2026-05-18|2026-05-19|2026-05-20|2026-05-21|2026-05-22|2026-05-26|2026-05-27|2026-05-28|2026-05-29|2026-06-01|2026-06-02|2026-06-03|2026-06-04|2026-06-05|2026-06-08|2026-06-09|2026-06-10|2026-06-11|2026-06-12|2026-06-15|2026-06-16|2026-06-17|2026-06-18|2026-06-22|2026-06-23|2026-06-24,2026-06-24 23:10:40,0.0
Steel Dynamics,,2026-05-12|2026-05-13|2026-05-14|2026-05-15|2026-05-18|2026-05-19|2026-05-20|2026-05-21|2026-05-22|2026-05-26|2026-05-27|2026-05-28|2026-05-29|2026-06-01|2026-06-02|2026-06-03|2026-06-04|2026-06-05|2026-06-08|2026-06-09|2026-06-10|2026-06-11|2026-06-12|2026-06-15|2026-06-16|2026-06-17|2026-06-18|2026-06-22|2026-06-23|2026-06-24,2026-06-24 23:10:40,0.0
Loews,,2026-05-12|2026-05-13|2026-05-14|2026-05-15|2026-05-18|2026-05-19|2026-05-20|2026-05-21|2026-05-22|2026-05-26|2026-05-27|2026-05-28|2026-05-29|2026-06-01|2026-06-02|2026-06-03|2026-06-04|2026-06-05|2026-06-08|2026-06-09|2026-06-10|2026-06-11|2026-06-12|2026-06-15|2026-06-16|2026-06-17|2026-06-18|2026-06-22|2026-06-23|2026-06-24,2026-06-24 23:10:40,0.0
Emerson Electric,,2026-05-12|2026-05-13|2026-05-14|2026-05-15|2026-05-18|2026-05-19|2026-05-20|2026-05-21|2026-05-22|2026-05-26|2026-05-27|2026-05-28|2026-05-29|2026-06-01|2026-06-02|2026-06-03|2026-06-04|2026-06-05|2026-06-08|2026-06-09|2026-06-10|2026-06-11|2026-06-12|2026-06-15|2026-06-16|2026-06-17|2026-06-18|2026-06-22|2026-06-23|2026-06-24,2026-06-24 23:10:40,0.0
Aramark,,2026-05-12|2026-05-13|2026-05-14|2026-05-15|2026-05-18|2026-05-19|2026-05-20|2026-05-21|2026-05-22|2026-05-26|2026-05-27|2026-05-28|2026-05-29|2026-06-01|2026-06-02|2026-06-03|2026-06-04|2026-06-05|2026-06-08|2026-06-09|2026-06-10|2026-06-11|2026-06-12|2026-06-15|2026-06-16|2026-06-17|2026-06-18|2026-06-22|2026-06-23|2026-06-24,2026-06-24 23:10:40,0.0
MGM Resorts International,,2026-05-12|2026-05-13|2026-05-14|2026-05-15|2026-05-18|2026-05-19|2026-05-20|2026-05-21|2026-05-22|2026-05-26|2026-05-27|2026-05-28|2026-05-29|2026-06-01|2026-06-02|2026-06-03|2026-06-04|2026-06-05|2026-06-08|2026-06-09|2026-06-10|2026-06-11|2026-06-12|2026-06-15|2026-06-16|2026-06-17|2026-06-18|2026-06-22|2026-06-23|2026-06-24,2026-06-24 23:10:40,0.0
Vistra,,2026-05-12|2026-05-13|2026-05-14|2026-05-15|2026-05-18|2026-05-19|2026-05-20|2026-05-21|2026-05-22|2026-05-26|2026-05-27|2026-05-28|2026-05-29|2026-06-01|2026-06-02|2026-06-03|2026-06-04|2026-06-05|2026-06-08|2026-06-09|2026-06-10|2026-06-11|2026-06-12|2026-06-15|2026-06-16|2026-06-17|2026-06-18|2026-06-22|2026-06-23|2026-06-24,2026-06-24 23:10:40,0.0
Asbury Automotive Group,,2026-05-12|2026-05-13|2026-05-14|2026-05-15|2026-05-18|2026-05-19|2026-05-20|2026-05-21|2026-05-22|2026-05-26|2026-05-27|2026-05-28|2026-05-29|2026-06-01|2026-06-02|2026-06-03|2026-06-04|2026-06-05|2026-06-08|2026-06-09|2026-06-10|2026-06-11|2026-06-12|2026-06-15|2026-06-16|2026-06-17|2026-06-18|2026-06-22|2026-06-23|2026-06-24,2026-06-24 23:10:40,0.0
WW Grainger,,2026-05-12|2026-05-13|2026-05-14|2026-05-15|2026-05-18|2026-05-19|2026-05-20|2026-05-21|2026-05-22|2026-05-26|2026-05-27|2026-05-28|2026-05-29|2026-06-01|2026-06-02|2026-06-03|2026-06-04|2026-06-05|2026-06-08|2026-06-09|2026-06-10|2026-06-11|2026-06-12|2026-06-15|2026-06-16|2026-06-17|2026-06-18|2026-06-22|2026-06-23|2026-06-24,2026-06-24 23:10:40,0.0
Global Partners,,2026-05-12|2026-05-13|2026-05-14|2026-05-15|2026-05-18|2026-05-19|2026-05-20|2026-05-21|2026-05-22|2026-05-26|2026-05-27|2026-05-28|2026-05-29|2026-06-01|2026-06-02|2026-06-03|2026-06-04|2026-06-05|2026-06-08|2026-06-09|2026-06-10|2026-06-11|2026-06-12|2026-06-15|2026-06-16|2026-06-17|2026-06-18|2026-06-22|2026-06-23|2026-06-24,2026-06-24 23:10:40,0.0
Jacobs Solutions,,2026-05-12|2026-05-13|2026-05-14|2026-05-15|2026-05-18|2026-05-19|2026-05-20|2026-05-21|2026-05-22|2026-05-26|2026-05-27|2026-05-28|2026-05-29|2026-06-01|2026-06-02|2026-06-03|2026-06-04|2026-06-05|2026-06-08|2026-06-09|2026-06-10|2026-06-11|2026-06-12|2026-06-15|2026-06-16|2026-06-17|2026-06-18|2026-06-22|2026-06-23|2026-06-24,2026-06-24 23:10:40,0.0
Corteva,,2026-05-12|2026-05-13|2026-05-14|2026-05-15|2026-05-18|2026-05-19|2026-05-20|2026-05-21|2026-05-22|2026-05-26|2026-05-27|2026-05-28|2026-05-29|2026-06-01|2026-06-02|2026-06-03|2026-06-04|2026-06-05|2026-06-08|2026-06-09|2026-06-10|2026-06-11|2026-06-12|2026-06-15|2026-06-16|2026-06-17|2026-06-18|2026-06-22|2026-06-23|2026-06-24,2026-06-24 23:10:40,0.0
Boston Scientific,,2026-05-12|2026-05-13|2026-05-14|2026-05-15|2026-05-18|2026-05-19|2026-05-20|2026-05-21|2026-05-22|2026-05-26|2026-05-27|2026-05-28|2026-05-29|2026-06-01|2026-06-02|2026-06-03|2026-06-04|2026-06-05|2026-06-08|2026-06-09|2026-06-10|2026-06-11|2026-06-12|2026-06-15|2026-06-16|2026-06-17|2026-06-18|2026-06-22|2026-06-23|2026-06-24,2026-06-24 23:10:40,0.0
O'Reilly Automotive,,2026-05-12|2026-05-13|2026-05-14|2026-05-15|2026-05-18|2026-05-19|2026-05-20|2026-05-21|2026-05-22|2026-05-26|2026-05-27|2026-05-28|2026-05-29|2026-06-01|2026-06-02|2026-06-03|2026-06-04|2026-06-05|2026-06-08|2026-06-09|2026-06-10|2026-06-11|2026-06-12|2026-06-15|2026-06-16|2026-06-17|2026-06-18|2026-06-22|2026-06-23|2026-06-24,2026-06-24 23:10:40,0.0
Leidos,,2026-05-12|2026-05-13|2026-05-14|2026-05-15|2026-05-18|2026-05-19|2026-05-20|2026-05-21|2026-05-22|2026-05-26|2026-05-27|2026-05-28|2026-05-29|2026-06-01|2026-06-02|2026-06-03|2026-06-04|2026-06-05|2026-06-08|2026-06-09|2026-06-10|2026-06-11|2026-06-12|2026-06-15|2026-06-16|2026-06-17|2026-06-18|2026-06-22|2026-06-23|2026-06-24,2026-06-24 23:10:40,0.0
Markel Group,,2026-05-12|2026-05-13|2026-05-14|2026-05-15|2026-05-18|2026-05-19|2026-05-20|2026-05-21|2026-05-22|2026-05-26|2026-05-27|2026-05-28|2026-05-29|2026-06-01|2026-06-02|2026-06-03|2026-06-04|2026-06-05|2026-06-08|2026-06-09|2026-06-10|2026-06-11|2026-06-12|2026-06-15|2026-06-16|2026-06-17|2026-06-18|2026-06-22|2026-06-23|2026-06-24,2026-06-24 23:10:40,0.0
Whirlpool Corporation,,2026-05-12|2026-05-13|2026-05-14|2026-05-15|2026-05-18|2026-05-19|2026-05-20|2026-05-21|2026-05-22|2026-05-26|2026-05-27|2026-05-28|2026-05-29|2026-06-01|2026-06-02|2026-06-03|2026-06-04|2026-06-05|2026-06-08|2026-06-09|2026-06-10|2026-06-11|2026-06-12|2026-06-15|2026-06-16|2026-06-17|2026-06-18|2026-06-22|2026-06-23|2026-06-24,2026-06-24 23:10:40,0.0
Builders FirstSource,,2026-05-12|2026-05-13|2026-05-14|2026-05-15|2026-05-18|2026-05-19|2026-05-20|2026-05-21|2026-05-22|2026-05-26|2026-05-27|2026-05-28|2026-05-29|2026-06-01|2026-06-02|2026-06-03|2026-06-04|2026-06-05|2026-06-08|2026-06-09|2026-06-10|2026-06-11|2026-06-12|2026-06-15|2026-06-16|2026-06-17|2026-06-18|2026-06-22|2026-06-23|2026-06-24,2026-06-24 23:10:40,0.0
Ally Financial,,2026-05-12|2026-05-13|2026-05-14|2026-05-15|2026-05-18|2026-05-19|2026-05-20|2026-05-21|2026-05-22|2026-05-26|2026-05-27|2026-05-28|2026-05-29|2026-06-01|2026-06-02|2026-06-03|2026-06-04|2026-06-05|2026-06-08|2026-06-09|2026-06-10|2026-06-11|2026-06-12|2026-06-15|2026-06-16|2026-06-17|2026-06-18|2026-06-22|2026-06-23|2026-06-24,2026-06-24 23:10:40,0.0
Targa Resources,,2026-05-12|2026-05-13|2026-05-14|2026-05-15|2026-05-18|2026-05-19|2026-05-20|2026-05-21|2026-05-22|2026-05-26|2026-05-27|2026-05-28|2026-05-29|2026-06-01|2026-06-02|2026-06-03|2026-06-04|2026-06-05|2026-06-08|2026-06-09|2026-06-10|2026-06-11|2026-06-12|2026-06-15|2026-06-16|2026-06-17|2026-06-18|2026-06-22|2026-06-23|2026-06-24,2026-06-24 23:10:40,0.0
Fluor,,2026-05-12|2026-05-13|2026-05-14|2026-05-15|2026-05-18|2026-05-19|2026-05-20|2026-05-21|2026-05-22|2026-05-26|2026-05-27|2026-05-28|2026-05-29|2026-06-01|2026-06-02|2026-06-03|2026-06-04|2026-06-05|2026-06-08|2026-06-09|2026-06-10|2026-06-11|2026-06-12|2026-06-15|2026-06-16|2026-06-17|2026-06-18|2026-06-22|2026-06-23|2026-06-24,2026-06-24 23:10:40,0.0
Intuit,,2026-05-12|2026-05-13|2026-05-14|2026-05-15|2026-05-18|2026-05-19|2026-05-20|2026-05-21|2026-05-22|2026-05-26|2026-05-27|2026-05-28|2026-05-29|2026-06-01|2026-06-02|2026-06-03|2026-06-04|2026-06-05|2026-06-08|2026-06-09|2026-06-10|2026-06-11|2026-06-12|2026-06-15|2026-06-16|2026-06-17|2026-06-18|2026-06-22|2026-06-23|2026-06-24,2026-06-24 23:10:40,0.0
AECOM,,2026-05-12|2026-05-13|2026-05-14|2026-05-15|2026-05-18|2026-05-19|2026-05-20|2026-05-21|2026-05-22|2026-05-26|2026-05-27|2026-05-28|2026-05-29|2026-06-01|2026-06-02|2026-06-03|2026-06-04|2026-06-05|2026-06-08|2026-06-09|2026-06-10|2026-06-11|2026-06-12|2026-06-15|2026-06-16|2026-06-17|2026-06-18|2026-06-22|2026-06-23|2026-06-24,2026-06-24 23:10:40,0.0
Kohl's,,2026-05-12|2026-05-13|2026-05-14|2026-05-15|2026-05-18|2026-05-19|2026-05-20|2026-05-21|2026-05-22|2026-05-26|2026-05-27|2026-05-28|2026-05-29|2026-06-01|2026-06-02|2026-06-03|2026-06-04|2026-06-05|2026-06-08|2026-06-09|2026-06-10|2026-06-11|2026-06-12|2026-06-15|2026-06-16|2026-06-17|2026-06-18|2026-06-22|2026-06-23|2026-06-24,2026-06-24 23:10:40,0.0
PrIncipal Financial,,2026-05-12|2026-05-13|2026-05-14|2026-05-15|2026-05-18|2026-05-19|2026-05-20|2026-05-21|2026-05-22|2026-05-26|2026-05-27|2026-05-28|2026-05-29|2026-06-01|2026-06-02|2026-06-03|2026-06-04|2026-06-05|2026-06-08|2026-06-09|2026-06-10|2026-06-11|2026-06-12|2026-06-15|2026-06-16|2026-06-17|2026-06-18|2026-06-22|2026-06-23|2026-06-24,2026-06-24 23:10:40,0.0
Dominion Energy,,2026-05-12|2026-05-13|2026-05-14|2026-05-15|2026-05-18|2026-05-19|2026-05-20|2026-05-21|2026-05-22|2026-05-26|2026-05-27|2026-05-28|2026-05-29|2026-06-01|2026-06-02|2026-06-03|2026-06-04|2026-06-05|2026-06-08|2026-06-09|2026-06-10|2026-06-11|2026-06-12|2026-06-15|2026-06-16|2026-06-17|2026-06-18|2026-06-22|2026-06-23|2026-06-24,2026-06-24 23:10:40,0.0
Kyndryl,,2026-05-12|2026-05-13|2026-05-14|2026-05-15|2026-05-18|2026-05-19|2026-05-20|2026-05-21|2026-05-22|2026-05-26|2026-05-27|2026-05-28|2026-05-29|2026-06-01|2026-06-02|2026-06-03|2026-06-04|2026-06-05|2026-06-08|2026-06-09|2026-06-10|2026-06-11|2026-06-12|2026-06-15|2026-06-16|2026-06-17|2026-06-18|2026-06-22|2026-06-23|2026-06-24,2026-06-24 23:10:40,0.0
Republic Services,,2026-05-12|2026-05-13|2026-05-14|2026-05-15|2026-05-18|2026-05-19|2026-05-20|2026-05-21|2026-05-22|2026-05-26|2026-05-27|2026-05-28|2026-05-29|2026-06-01|2026-06-02|2026-06-03|2026-06-04|2026-06-05|2026-06-08|2026-06-09|2026-06-10|2026-06-11|2026-06-12|2026-06-15|2026-06-16|2026-06-17|2026-06-18|2026-06-22|2026-06-23|2026-06-24,2026-06-24 23:10:40,0.0
Devon Energy,,2026-05-12|2026-05-13|2026-05-14|2026-05-15|2026-05-18|2026-05-19|2026-05-20|2026-05-21|2026-05-22|2026-05-26|2026-05-27|2026-05-28|2026-05-29|2026-06-01|2026-06-02|2026-06-03|2026-06-04|2026-06-05|2026-06-08|2026-06-09|2026-06-10|2026-06-11|2026-06-12|2026-06-15|2026-06-16|2026-06-17|2026-06-18|2026-06-22|2026-06-23|2026-06-24,2026-06-24 23:10:40,0.0
Illinois Tool Works,,2026-05-12|2026-05-13|2026-05-14|2026-05-15|2026-05-18|2026-05-19|2026-05-20|2026-05-21|2026-05-22|2026-05-26|2026-05-27|2026-05-28|2026-05-29|2026-06-01|2026-06-02|2026-06-03|2026-06-04|2026-06-05|2026-06-08|2026-06-09|2026-06-10|2026-06-11|2026-06-12|2026-06-15|2026-06-16|2026-06-17|2026-06-18|2026-06-22|2026-06-23|2026-06-24,2026-06-24 23:10:40,0.0
Northern Trust,,2026-05-12|2026-05-13|2026-05-14|2026-05-15|2026-05-18|2026-05-19|2026-05-20|2026-05-21|2026-05-22|2026-05-26|2026-05-27|2026-05-28|2026-05-29|2026-06-01|2026-06-02|2026-06-03|2026-06-04|2026-06-05|2026-06-08|2026-06-09|2026-06-10|2026-06-11|2026-06-12|2026-06-15|2026-06-16|2026-06-17|2026-06-18|2026-06-22|2026-06-23|2026-06-24,2026-06-24 23:10:40,0.0
Universal Health Services,,2026-05-12|2026-05-13|2026-05-14|2026-05-15|2026-05-18|2026-05-19|2026-05-20|2026-05-21|2026-05-22|2026-05-26|2026-05-27|2026-05-28|2026-05-29|2026-06-01|2026-06-02|2026-06-03|2026-06-04|2026-06-05|2026-06-08|2026-06-09|2026-06-10|2026-06-11|2026-06-12|2026-06-15|2026-06-16|2026-06-17|2026-06-18|2026-06-22|2026-06-23|2026-06-24,2026-06-24 23:10:40,0.0
EchoStar,,2026-05-07|2026-05-08|2026-05-11|2026-05-12|2026-05-13|2026-05-14|2026-05-15|2026-05-18|2026-05-19|2026-05-20|2026-05-21|2026-05-22|2026-05-26|2026-05-27|2026-05-28|2026-05-29|2026-06-01|2026-06-02|2026-06-03|2026-06-04|2026-06-05|2026-06-08|2026-06-09|2026-06-10|2026-06-11|2026-06-12|2026-06-15|2026-06-16|2026-06-17|2026-06-18,2026-06-24 23:10:40,0.0
Ecolab,,2026-05-12|2026-05-13|2026-05-14|2026-05-15|2026-05-18|2026-05-19|2026-05-20|2026-05-21|2026-05-22|2026-05-26|2026-05-27|2026-05-28|2026-05-29|2026-06-01|2026-06-02|2026-06-03|2026-06-04|2026-06-05|2026-06-08|2026-06-09|2026-06-10|2026-06-11|2026-06-12|2026-06-15|2026-06-16|2026-06-17|2026-06-18|2026-06-22|2026-06-23|2026-06-24,2026-06-24 23:10:40,0.0
Cheniere Energy,,2026-05-12|2026-05-13|2026-05-14|2026-05-15|2026-05-18|2026-05-19|2026-05-20|2026-05-21|2026-05-22|2026-05-26|2026-05-27|2026-05-28|2026-05-29|2026-06-01|2026-06-02|2026-06-03|2026-06-04|2026-06-05|2026-06-08|2026-06-09|2026-06-10|2026-06-11|2026-06-12|2026-06-15|2026-06-16|2026-06-17|2026-06-18|2026-06-22|2026-06-23|2026-06-24,2026-06-24 23:10:40,0.0
Omnicom Group,,2026-05-12|2026-05-13|2026-05-14|2026-05-15|2026-05-18|2026-05-19|2026-05-20|2026-05-21|2026-05-22|2026-05-26|2026-05-27|2026-05-28|2026-05-29|2026-06-01|2026-06-02|2026-06-03|2026-06-04|2026-06-05|2026-06-08|2026-06-09|2026-06-10|2026-06-11|2026-06-12|2026-06-15|2026-06-16|2026-06-17|2026-06-18|2026-06-22|2026-06-23|2026-06-24,2026-06-24 23:10:40,0.0
Texas Instruments,,2026-05-12|2026-05-13|2026-05-14|2026-05-15|2026-05-18|2026-05-19|2026-05-20|2026-05-21|2026-05-22|2026-05-26|2026-05-27|2026-05-28|2026-05-29|2026-06-01|2026-06-02|2026-06-03|2026-06-04|2026-06-05|2026-06-08|2026-06-09|2026-06-10|2026-06-11|2026-06-12|2026-06-15|2026-06-16|2026-06-17|2026-06-18|2026-06-22|2026-06-23|2026-06-24,2026-06-24 23:10:40,0.0
The Estee Lauder Companies,,2026-05-12|2026-05-13|2026-05-14|2026-05-15|2026-05-18|2026-05-19|2026-05-20|2026-05-21|2026-05-22|2026-05-26|2026-05-27|2026-05-28|2026-05-29|2026-06-01|2026-06-02|2026-06-03|2026-06-04|2026-06-05|2026-06-08|2026-06-09|2026-06-10|2026-06-11|2026-06-12|2026-06-15|2026-06-16|2026-06-17|2026-06-18|2026-06-22|2026-06-23|2026-06-24,2026-06-24 23:10:40,0.0
Kenvue,,2026-05-12|2026-05-13|2026-05-14|2026-05-15|2026-05-18|2026-05-19|2026-05-20|2026-05-21|2026-05-22|2026-05-26|2026-05-27|2026-05-28|2026-05-29|2026-06-01|2026-06-02|2026-06-03|2026-06-04|2026-06-05|2026-06-08|2026-06-09|2026-06-10|2026-06-11|2026-06-12|2026-06-15|2026-06-16|2026-06-17|2026-06-18|2026-06-22|2026-06-23|2026-06-24,2026-06-24 23:10:40,0.0
IQVIA,,2026-05-12|2026-05-13|2026-05-14|2026-05-15|2026-05-18|2026-05-19|2026-05-20|2026-05-21|2026-05-22|2026-05-26|2026-05-27|2026-05-28|2026-05-29|2026-06-01|2026-06-02|2026-06-03|2026-06-04|2026-06-05|2026-06-08|2026-06-09|2026-06-10|2026-06-11|2026-06-12|2026-06-15|2026-06-16|2026-06-17|2026-06-18|2026-06-22|2026-06-23|2026-06-24,2026-06-24 23:10:40,0.0
Stanley Black & Decker,,2026-05-12|2026-05-13|2026-05-14|2026-05-15|2026-05-18|2026-05-19|2026-05-20|2026-05-21|2026-05-22|2026-05-26|2026-05-27|2026-05-28|2026-05-29|2026-06-01|2026-06-02|2026-06-03|2026-06-04|2026-06-05|2026-06-08|2026-06-09|2026-06-10|2026-06-11|2026-06-12|2026-06-15|2026-06-16|2026-06-17|2026-06-18|2026-06-22|2026-06-23|2026-06-24,2026-06-24 23:10:40,0.0
Keurig Dr Pepper,,2026-05-12|2026-05-13|2026-05-14|2026-05-15|2026-05-18|2026-05-19|2026-05-20|2026-05-21|2026-05-22|2026-05-26|2026-05-27|2026-05-28|2026-05-29|2026-06-01|2026-06-02|2026-06-03|2026-06-04|2026-06-05|2026-06-08|2026-06-09|2026-06-10|2026-06-11|2026-06-12|2026-06-15|2026-06-16|2026-06-17|2026-06-18|2026-06-22|2026-06-23|2026-06-24,2026-06-24 23:10:40,0.0
United Rentals,,2026-05-12|2026-05-13|2026-05-14|2026-05-15|2026-05-18|2026-05-19|2026-05-20|2026-05-21|2026-05-22|2026-05-26|2026-05-27|2026-05-28|2026-05-29|2026-06-01|2026-06-02|2026-06-03|2026-06-04|2026-06-05|2026-06-08|2026-06-09|2026-06-10|2026-06-11|2026-06-12|2026-06-15|2026-06-16|2026-06-17|2026-06-18|2026-06-22|2026-06-23|2026-06-24,2026-06-24 23:10:40,0.0
Consolidated Edison,,2026-05-12|2026-05-13|2026-05-14|2026-05-15|2026-05-18|2026-05-19|2026-05-20|2026-05-21|2026-05-22|2026-05-26|2026-05-27|2026-05-28|2026-05-29|2026-06-01|2026-06-02|2026-06-03|2026-06-04|2026-06-05|2026-06-08|2026-06-09|2026-06-10|2026-06-11|2026-06-12|2026-06-15|2026-06-16|2026-06-17|2026-06-18|2026-06-22|2026-06-23|2026-06-24,2026-06-24 23:10:40,0.0
Amphenol,,2026-05-12|2026-05-13|2026-05-14|2026-05-15|2026-05-18|2026-05-19|2026-05-20|2026-05-21|2026-05-22|2026-05-26|2026-05-27|2026-05-28|2026-05-29|2026-06-01|2026-06-02|2026-06-03|2026-06-04|2026-06-05|2026-06-08|2026-06-09|2026-06-10|2026-06-11|2026-06-12|2026-06-15|2026-06-16|2026-06-17|2026-06-18|2026-06-22|2026-06-23|2026-06-24,2026-06-24 23:10:40,0.0
Baxter International,,2026-05-12|2026-05-13|2026-05-14|2026-05-15|2026-05-18|2026-05-19|2026-05-20|2026-05-21|2026-05-22|2026-05-26|2026-05-27|2026-05-28|2026-05-29|2026-06-01|2026-06-02|2026-06-03|2026-06-04|2026-06-05|2026-06-08|2026-06-09|2026-06-10|2026-06-11|2026-06-12|2026-06-15|2026-06-16|2026-06-17|2026-06-18|2026-06-22|2026-06-23|2026-06-24,2026-06-24 23:10:40,0.0
Kinder Morgan,,2026-05-12|2026-05-13|2026-05-14|2026-05-15|2026-05-18|2026-05-19|2026-05-20|2026-05-21|2026-05-22|2026-05-26|2026-05-27|2026-05-28|2026-05-29|2026-06-01|2026-06-02|2026-06-03|2026-06-04|2026-06-05|2026-06-08|2026-06-09|2026-06-10|2026-06-11|2026-06-12|2026-06-15|2026-06-16|2026-06-17|2026-06-18|2026-06-22|2026-06-23|2026-06-24,2026-06-24 23:10:40,0.0
First Citizens BancShares,,2026-05-12|2026-05-13|2026-05-14|2026-05-15|2026-05-18|2026-05-19|2026-05-20|2026-05-21|2026-05-22|2026-05-26|2026-05-27|2026-05-28|2026-05-29|2026-06-01|2026-06-02|2026-06-03|2026-06-04|2026-06-05|2026-06-08|2026-06-09|2026-06-10|2026-06-11|2026-06-12|2026-06-15|2026-06-16|2026-06-17|2026-06-18|2026-06-22|2026-06-23|2026-06-24,2026-06-24 23:10:40,0.0
Raymond James Financial,,2026-05-12|2026-05-13|2026-05-14|2026-05-15|2026-05-18|2026-05-19|2026-05-20|2026-05-21|2026-05-22|2026-05-26|2026-05-27|2026-05-28|2026-05-29|2026-06-01|2026-06-02|2026-06-03|2026-06-04|2026-06-05|2026-06-08|2026-06-09|2026-06-10|2026-06-11|2026-06-12|2026-06-15|2026-06-16|2026-06-17|2026-06-18|2026-06-22|2026-06-23|2026-06-24,2026-06-24 23:10:40,0.0
Lam Research,,2026-05-12|2026-05-13|2026-05-14|2026-05-15|2026-05-18|2026-05-19|2026-05-20|2026-05-21|2026-05-22|2026-05-26|2026-05-27|2026-05-28|2026-05-29|2026-06-01|2026-06-02|2026-06-03|2026-06-04|2026-06-05|2026-06-08|2026-06-09|2026-06-10|2026-06-11|2026-06-12|2026-06-15|2026-06-16|2026-06-17|2026-06-18|2026-06-22|2026-06-23|2026-06-24,2026-06-24 23:10:40,0.0
Tractor Supply Company,,2026-05-12|2026-05-13|2026-05-14|2026-05-15|2026-05-18|2026-05-19|2026-05-20|2026-05-21|2026-05-22|2026-05-26|2026-05-27|2026-05-28|2026-05-29|2026-06-01|2026-06-02|2026-06-03|2026-06-04|2026-06-05|2026-06-08|2026-06-09|2026-06-10|2026-06-11|2026-06-12|2026-06-15|2026-06-16|2026-06-17|2026-06-18|2026-06-22|2026-06-23|2026-06-24,2026-06-24 23:10:40,0.0
Caseys General Stores,,2026-05-12|2026-05-13|2026-05-14|2026-05-15|2026-05-18|2026-05-19|2026-05-20|2026-05-21|2026-05-22|2026-05-26|2026-05-27|2026-05-28|2026-05-29|2026-06-01|2026-06-02|2026-06-03|2026-06-04|2026-06-05|2026-06-08|2026-06-09|2026-06-10|2026-06-11|2026-06-12|2026-06-15|2026-06-16|2026-06-17|2026-06-18|2026-06-22|2026-06-23|2026-06-24,2026-06-24 23:10:40,0.0
Viatris,,2026-05-12|2026-05-13|2026-05-14|2026-05-15|2026-05-18|2026-05-19|2026-05-20|2026-05-21|2026-05-22|2026-05-26|2026-05-27|2026-05-28|2026-05-29|2026-06-01|2026-06-02|2026-06-03|2026-06-04|2026-06-05|2026-06-08|2026-06-09|2026-06-10|2026-06-11|2026-06-12|2026-06-15|2026-06-16|2026-06-17|2026-06-18|2026-06-22|2026-06-23|2026-06-24,2026-06-24 23:10:40,0.0
EMCOR Group,,2026-05-12|2026-05-13|2026-05-14|2026-05-15|2026-05-18|2026-05-19|2026-05-20|2026-05-21|2026-05-22|2026-05-26|2026-05-27|2026-05-28|2026-05-29|2026-06-01|2026-06-02|2026-06-03|2026-06-04|2026-06-05|2026-06-08|2026-06-09|2026-06-10|2026-06-11|2026-06-12|2026-06-15|2026-06-16|2026-06-17|2026-06-18|2026-06-22|2026-06-23|2026-06-24,2026-06-24 23:10:40,0.0
CSX,,2026-05-12|2026-05-13|2026-05-14|2026-05-15|2026-05-18|2026-05-19|2026-05-20|2026-05-21|2026-05-22|2026-05-26|2026-05-27|2026-05-28|2026-05-29|2026-06-01|2026-06-02|2026-06-03|2026-06-04|2026-06-05|2026-06-08|2026-06-09|2026-06-10|2026-06-11|2026-06-12|2026-06-15|2026-06-16|2026-06-17|2026-06-18|2026-06-22|2026-06-23|2026-06-24,2026-06-24 23:10:40,0.0
LKQ,,2026-05-12|2026-05-13|2026-05-14|2026-05-15|2026-05-18|2026-05-19|2026-05-20|2026-05-21|2026-05-22|2026-05-26|2026-05-27|2026-05-28|2026-05-29|2026-06-01|2026-06-02|2026-06-03|2026-06-04|2026-06-05|2026-06-08|2026-06-09|2026-06-10|2026-06-11|2026-06-12|2026-06-15|2026-06-16|2026-06-17|2026-06-18|2026-06-22|2026-06-23|2026-06-24,2026-06-24 23:10:40,0.0
Otis Worldwide,,2026-05-12|2026-05-13|2026-05-14|2026-05-15|2026-05-18|2026-05-19|2026-05-20|2026-05-21|2026-05-22|2026-05-26|2026-05-27|2026-05-28|2026-05-29|2026-06-01|2026-06-02|2026-06-03|2026-06-04|2026-06-05|2026-06-08|2026-06-09|2026-06-10|2026-06-11|2026-06-12|2026-06-15|2026-06-16|2026-06-17|2026-06-18|2026-06-22|2026-06-23|2026-06-24,2026-06-24 23:10:40,0.0
Sonic Automotive,,2026-05-12|2026-05-13|2026-05-14|2026-05-15|2026-05-18|2026-05-19|2026-05-20|2026-05-21|2026-05-22|2026-05-26|2026-05-27|2026-05-28|2026-05-29|2026-06-01|2026-06-02|2026-06-03|2026-06-04|2026-06-05|2026-06-08|2026-06-09|2026-06-10|2026-06-11|2026-06-12|2026-06-15|2026-06-16|2026-06-17|2026-06-18|2026-06-22|2026-06-23|2026-06-24,2026-06-24 23:10:40,0.0
S&P Global,,2026-05-12|2026-05-13|2026-05-14|2026-05-15|2026-05-18|2026-05-19|2026-05-20|2026-05-21|2026-05-22|2026-05-26|2026-05-27|2026-05-28|2026-05-29|2026-06-01|2026-06-02|2026-06-03|2026-06-04|2026-06-05|2026-06-08|2026-06-09|2026-06-10|2026-06-11|2026-06-12|2026-06-15|2026-06-16|2026-06-17|2026-06-18|2026-06-22|2026-06-23|2026-06-24,2026-06-24 23:10:40,0.0
Regeneron Pharmaceuticals,,2026-05-12|2026-05-13|2026-05-14|2026-05-15|2026-05-18|2026-05-19|2026-05-20|2026-05-21|2026-05-22|2026-05-26|2026-05-27|2026-05-28|2026-05-29|2026-06-01|2026-06-02|2026-06-03|2026-06-04|2026-06-05|2026-06-08|2026-06-09|2026-06-10|2026-06-11|2026-06-12|2026-06-15|2026-06-16|2026-06-17|2026-06-18|2026-06-22|2026-06-23|2026-06-24,2026-06-24 23:10:40,0.0
BorgWarner,,2026-05-12|2026-05-13|2026-05-14|2026-05-15|2026-05-18|2026-05-19|2026-05-20|2026-05-21|2026-05-22|2026-05-26|2026-05-27|2026-05-28|2026-05-29|2026-06-01|2026-06-02|2026-06-03|2026-06-04|2026-06-05|2026-06-08|2026-06-09|2026-06-10|2026-06-11|2026-06-12|2026-06-15|2026-06-16|2026-06-17|2026-06-18|2026-06-22|2026-06-23|2026-06-24,2026-06-24 23:10:40,0.0
Reliance Inc,,2026-05-12|2026-05-13|2026-05-14|2026-05-15|2026-05-18|2026-05-19|2026-05-20|2026-05-21|2026-05-22|2026-05-26|2026-05-27|2026-05-28|2026-05-29|2026-06-01|2026-06-02|2026-06-03|2026-06-04|2026-06-05|2026-06-08|2026-06-09|2026-06-10|2026-06-11|2026-06-12|2026-06-15|2026-06-16|2026-06-17|2026-06-18|2026-06-22|2026-06-23|2026-06-24,2026-06-24 23:10:40,0.0
Textron,,2026-05-12|2026-05-13|2026-05-14|2026-05-15|2026-05-18|2026-05-19|2026-05-20|2026-05-21|2026-05-22|2026-05-26|2026-05-27|2026-05-28|2026-05-29|2026-06-01|2026-06-02|2026-06-03|2026-06-04|2026-06-05|2026-06-08|2026-06-09|2026-06-10|2026-06-11|2026-06-12|2026-06-15|2026-06-16|2026-06-17|2026-06-18|2026-06-22|2026-06-23|2026-06-24,2026-06-24 23:10:40,0.0
Expedia,,2026-05-12|2026-05-13|2026-05-14|2026-05-15|2026-05-18|2026-05-19|2026-05-20|2026-05-21|2026-05-22|2026-05-26|2026-05-27|2026-05-28|2026-05-29|2026-06-01|2026-06-02|2026-06-03|2026-06-04|2026-06-05|2026-06-08|2026-06-09|2026-06-10|2026-06-11|2026-06-12|2026-06-15|2026-06-16|2026-06-17|2026-06-18|2026-06-22|2026-06-23|2026-06-24,2026-06-24 23:10:40,0.0
Fidelity National Financial,,2026-05-12|2026-05-13|2026-05-14|2026-05-15|2026-05-18|2026-05-19|2026-05-20|2026-05-21|2026-05-22|2026-05-26|2026-05-27|2026-05-28|2026-05-29|2026-06-01|2026-06-02|2026-06-03|2026-06-04|2026-06-05|2026-06-08|2026-06-09|2026-06-10|2026-06-11|2026-06-12|2026-06-15|2026-06-16|2026-06-17|2026-06-18|2026-06-22|2026-06-23|2026-06-24,2026-06-24 23:10:40,0.0
Carvana,,2026-05-12|2026-05-13|2026-05-14|2026-05-15|2026-05-18|2026-05-19|2026-05-20|2026-05-21|2026-05-22|2026-05-26|2026-05-27|2026-05-28|2026-05-29|2026-06-01|2026-06-02|2026-06-03|2026-06-04|2026-06-05|2026-06-08|2026-06-09|2026-06-10|2026-06-11|2026-06-12|2026-06-15|2026-06-16|2026-06-17|2026-06-18|2026-06-22|2026-06-23|2026-06-24,2026-06-24 23:10:40,0.0
DXC Technology,,2026-05-12|2026-05-13|2026-05-14|2026-05-15|2026-05-18|2026-05-19|2026-05-20|2026-05-21|2026-05-22|2026-05-26|2026-05-27|2026-05-28|2026-05-29|2026-06-01|2026-06-02|2026-06-03|2026-06-04|2026-06-05|2026-06-08|2026-06-09|2026-06-10|2026-06-11|2026-06-12|2026-06-15|2026-06-16|2026-06-17|2026-06-18|2026-06-22|2026-06-23|2026-06-24,2026-06-24 23:10:40,0.0
WR Berkley,,2026-05-12|2026-05-13|2026-05-14|2026-05-15|2026-05-18|2026-05-19|2026-05-20|2026-05-21|2026-05-22|2026-05-26|2026-05-27|2026-05-28|2026-05-29|2026-06-01|2026-06-02|2026-06-03|2026-06-04|2026-06-05|2026-06-08|2026-06-09|2026-06-10|2026-06-11|2026-06-12|2026-06-15|2026-06-16|2026-06-17|2026-06-18|2026-06-22|2026-06-23|2026-06-24,2026-06-24 23:10:40,0.0
M&T Bank,,2026-05-12|2026-05-13|2026-05-14|2026-05-15|2026-05-18|2026-05-19|2026-05-20|2026-05-21|2026-05-22|2026-05-26|2026-05-27|2026-05-28|2026-05-29|2026-06-01|2026-06-02|2026-06-03|2026-06-04|2026-06-05|2026-06-08|2026-06-09|2026-06-10|2026-06-11|2026-06-12|2026-06-15|2026-06-16|2026-06-17|2026-06-18|2026-06-22|2026-06-23|2026-06-24,2026-06-24 23:10:40,0.0
Dicks Sporting Goods,,2026-05-12|2026-05-13|2026-05-14|2026-05-15|2026-05-18|2026-05-19|2026-05-20|2026-05-21|2026-05-22|2026-05-26|2026-05-27|2026-05-28|2026-05-29|2026-06-01|2026-06-02|2026-06-03|2026-06-04|2026-06-05|2026-06-08|2026-06-09|2026-06-10|2026-06-11|2026-06-12|2026-06-15|2026-06-16|2026-06-17|2026-06-18|2026-06-22|2026-06-23|2026-06-24,2026-06-24 23:10:40,0.0
Xcel Energy,,2026-05-12|2026-05-13|2026-05-14|2026-05-15|2026-05-18|2026-05-19|2026-05-20|2026-05-21|2026-05-22|2026-05-26|2026-05-27|2026-05-28|2026-05-29|2026-06-01|2026-06-02|2026-06-03|2026-06-04|2026-06-05|2026-06-08|2026-06-09|2026-06-10|2026-06-11|2026-06-12|2026-06-15|2026-06-16|2026-06-17|2026-06-18|2026-06-22|2026-06-23|2026-06-24,2026-06-24 23:10:40,0.0
Fifth Third Bancorp,,2026-05-12|2026-05-13|2026-05-14|2026-05-15|2026-05-18|2026-05-19|2026-05-20|2026-05-21|2026-05-22|2026-05-26|2026-05-27|2026-05-28|2026-05-29|2026-06-01|2026-06-02|2026-06-03|2026-06-04|2026-06-05|2026-06-08|2026-06-09|2026-06-10|2026-06-11|2026-06-12|2026-06-15|2026-06-16|2026-06-17|2026-06-18|2026-06-22|2026-06-23|2026-06-24,2026-06-24 23:10:40,0.0
Blackstone,,2026-05-12|2026-05-13|2026-05-14|2026-05-15|2026-05-18|2026-05-19|2026-05-20|2026-05-21|2026-05-22|2026-05-26|2026-05-27|2026-05-28|2026-05-29|2026-06-01|2026-06-02|2026-06-03|2026-06-04|2026-06-05|2026-06-08|2026-06-09|2026-06-10|2026-06-11|2026-06-12|2026-06-15|2026-06-16|2026-06-17|2026-06-18|2026-06-22|2026-06-23|2026-06-24,2026-06-24 23:10:40,0.0
Sempra,,2026-05-12|2026-05-13|2026-05-14|2026-05-15|2026-05-18|2026-05-19|2026-05-20|2026-05-21|2026-05-22|2026-05-26|2026-05-27|2026-05-28|2026-05-29|2026-06-01|2026-06-02|2026-06-03|2026-06-04|2026-06-05|2026-06-08|2026-06-09|2026-06-10|2026-06-11|2026-06-12|2026-06-15|2026-06-16|2026-06-17|2026-06-18|2026-06-22|2026-06-23|2026-06-24,2026-06-24 23:10:40,0.0
Corning,,2026-05-12|2026-05-13|2026-05-14|2026-05-15|2026-05-18|2026-05-19|2026-05-20|2026-05-21|2026-05-22|2026-05-26|2026-05-27|2026-05-28|2026-05-29|2026-06-01|2026-06-02|2026-06-03|2026-06-04|2026-06-05|2026-06-08|2026-06-09|2026-06-10|2026-06-11|2026-06-12|2026-06-15|2026-06-16|2026-06-17|2026-06-18|2026-06-22|2026-06-23|2026-06-24,2026-06-24 23:10:40,0.0
Lumen Technologies,,2026-05-12|2026-05-13|2026-05-14|2026-05-15|2026-05-18|2026-05-19|2026-05-20|2026-05-21|2026-05-22|2026-05-26|2026-05-27|2026-05-28|2026-05-29|2026-06-01|2026-06-02|2026-06-03|2026-06-04|2026-06-05|2026-06-08|2026-06-09|2026-06-10|2026-06-11|2026-06-12|2026-06-15|2026-06-16|2026-06-17|2026-06-18|2026-06-22|2026-06-23|2026-06-24,2026-06-24 23:10:40,0.0
FirstEnergy Corp,,2026-05-12|2026-05-13|2026-05-14|2026-05-15|2026-05-18|2026-05-19|2026-05-20|2026-05-21|2026-05-22|2026-05-26|2026-05-27|2026-05-28|2026-05-29|2026-06-01|2026-06-02|2026-06-03|2026-06-04|2026-06-05|2026-06-08|2026-06-09|2026-06-10|2026-06-11|2026-06-12|2026-06-15|2026-06-16|2026-06-17|2026-06-18|2026-06-22|2026-06-23|2026-06-24,2026-06-24 23:10:40,0.0
Labcorp Holdings,,2026-05-12|2026-05-13|2026-05-14|2026-05-15|2026-05-18|2026-05-19|2026-05-20|2026-05-21|2026-05-22|2026-05-26|2026-05-27|2026-05-28|2026-05-29|2026-06-01|2026-06-02|2026-06-03|2026-06-04|2026-06-05|2026-06-08|2026-06-09|2026-06-10|2026-06-11|2026-06-12|2026-06-15|2026-06-16|2026-06-17|2026-06-18|2026-06-22|2026-06-23|2026-06-24,2026-06-24 23:10:40,0.0
Western Digital,,2026-05-12|2026-05-13|2026-05-14|2026-05-15|2026-05-18|2026-05-19|2026-05-20|2026-05-21|2026-05-22|2026-05-26|2026-05-27|2026-05-28|2026-05-29|2026-06-01|2026-06-02|2026-06-03|2026-06-04|2026-06-05|2026-06-08|2026-06-09|2026-06-10|2026-06-11|2026-06-12|2026-06-15|2026-06-16|2026-06-17|2026-06-18|2026-06-22|2026-06-23|2026-06-24,2026-06-24 23:10:40,0.0
Unum Group,,2026-05-12|2026-05-13|2026-05-14|2026-05-15|2026-05-18|2026-05-19|2026-05-20|2026-05-21|2026-05-22|2026-05-26|2026-05-27|2026-05-28|2026-05-29|2026-06-01|2026-06-02|2026-06-03|2026-06-04|2026-06-05|2026-06-08|2026-06-09|2026-06-10|2026-06-11|2026-06-12|2026-06-15|2026-06-16|2026-06-17|2026-06-18|2026-06-22|2026-06-23|2026-06-24,2026-06-24 23:10:40,0.0
DaVita,,2026-05-12|2026-05-13|2026-05-14|2026-05-15|2026-05-18|2026-05-19|2026-05-20|2026-05-21|2026-05-22|2026-05-26|2026-05-27|2026-05-28|2026-05-29|2026-06-01|2026-06-02|2026-06-03|2026-06-04|2026-06-05|2026-06-08|2026-06-09|2026-06-10|2026-06-11|2026-06-12|2026-06-15|2026-06-16|2026-06-17|2026-06-18|2026-06-22|2026-06-23|2026-06-24,2026-06-24 23:10:40,0.0
Henry Schein,,2026-05-12|2026-05-13|2026-05-14|2026-05-15|2026-05-18|2026-05-19|2026-05-20|2026-05-21|2026-05-22|2026-05-26|2026-05-27|2026-05-28|2026-05-29|2026-06-01|2026-06-02|2026-06-03|2026-06-04|2026-06-05|2026-06-08|2026-06-09|2026-06-10|2026-06-11|2026-06-12|2026-06-15|2026-06-16|2026-06-17|2026-06-18|2026-06-22|2026-06-23|2026-06-24,2026-06-24 23:10:40,0.0
Ryder System,,2026-05-12|2026-05-13|2026-05-14|2026-05-15|2026-05-18|2026-05-19|2026-05-20|2026-05-21|2026-05-22|2026-05-26|2026-05-27|2026-05-28|2026-05-29|2026-06-01|2026-06-02|2026-06-03|2026-06-04|2026-06-05|2026-06-08|2026-06-09|2026-06-10|2026-06-11|2026-06-12|2026-06-15|2026-06-16|2026-06-17|2026-06-18|2026-06-22|2026-06-23|2026-06-24,2026-06-24 23:10:40,0.0
Community Health Systems,,2026-05-12|2026-05-13|2026-05-14|2026-05-15|2026-05-18|2026-05-19|2026-05-20|2026-05-21|2026-05-22|2026-05-26|2026-05-27|2026-05-28|2026-05-29|2026-06-01|2026-06-02|2026-06-03|2026-06-04|2026-06-05|2026-06-08|2026-06-09|2026-06-10|2026-06-11|2026-06-12|2026-06-15|2026-06-16|2026-06-17|2026-06-18|2026-06-22|2026-06-23|2026-06-24,2026-06-24 23:10:40,0.0
Delek US,,2026-05-12|2026-05-13|2026-05-14|2026-05-15|2026-05-18|2026-05-19|2026-05-20|2026-05-21|2026-05-22|2026-05-26|2026-05-27|2026-05-28|2026-05-29|2026-06-01|2026-06-02|2026-06-03|2026-06-04|2026-06-05|2026-06-08|2026-06-09|2026-06-10|2026-06-11|2026-06-12|2026-06-15|2026-06-16|2026-06-17|2026-06-18|2026-06-22|2026-06-23|2026-06-24,2026-06-24 23:10:40,0.0
DTE Energy,,2026-05-12|2026-05-13|2026-05-14|2026-05-15|2026-05-18|2026-05-19|2026-05-20|2026-05-21|2026-05-22|2026-05-26|2026-05-27|2026-05-28|2026-05-29|2026-06-01|2026-06-02|2026-06-03|2026-06-04|2026-06-05|2026-06-08|2026-06-09|2026-06-10|2026-06-11|2026-06-12|2026-06-15|2026-06-16|2026-06-17|2026-06-18|2026-06-22|2026-06-23|2026-06-24,2026-06-24 23:10:40,0.0
Equitable Holdings,,2026-05-12|2026-05-13|2026-05-14|2026-05-15|2026-05-18|2026-05-19|2026-05-20|2026-05-21|2026-05-22|2026-05-26|2026-05-27|2026-05-28|2026-05-29|2026-06-01|2026-06-02|2026-06-03|2026-06-04|2026-06-05|2026-06-08|2026-06-09|2026-06-10|2026-06-11|2026-06-12|2026-06-15|2026-06-16|2026-06-17|2026-06-18|2026-06-22|2026-06-23|2026-06-24,2026-06-24 23:10:40,0.0
