company,trends_history,date_history,last_updated,avg_interest
LPL Financial,89|91|85|77|70|94|95|74|92|85|80|82|64|78|100|91|76|76|84|87|73|63|65|67|69|69|55|86|74|60,2026-08-12|2026-08-13|2026-08-14|2026-08-17|2026-08-18|2026-08-19|2026-08-20|2026-08-21|2026-08-24|2026-08-25|2026-08-26|2026-08-27|2026-08-28|2026-08-31|2026-09-01|2026-09-02|2026-09-03|2026-09-04|2026-09-08|2026-09-09|2026-09-10|2026-09-11|2026-09-14|2026-09-15|2026-09-16|2026-09-17|2026-09-18|2026-09-21|2026-09-23|2026-09-24,2026-09-24 18:31:34,78.4
Citizens Financial Group,0|0|0|0|0|0|0|0|0|0|0|0|0|0|0|0|0|0|0|0|71|66|88|73|71|68|61|100|74|71,2026-08-12|2026-08-13|2026-08-14|2026-08-17|2026-08-18|2026-08-19|2026-08-20|2026-08-21|2026-08-24|2026-08-25|2026-08-26|2026-08-27|2026-08-28|2026-08-31|2026-09-01|2026-09-02|2026-09-03|2026-09-04|2026-09-08|2026-09-09|2026-09-10|2026-09-11|2026-09-14|2026-09-15|2026-09-16|2026-09-17|2026-09-18|2026-09-21|2026-09-23|2026-09-24,2026-09-24 18:31:37,24.8
MasTec,89|56|51|55|100|69|81|64|73|65|56|52|50|66|58|70|69|76|40|77|57|51|59|67|65|75|55|60|64|52,2026-08-12|2026-08-13|2026-08-14|2026-08-17|2026-08-18|2026-08-19|2026-08-20|2026-08-21|2026-08-24|2026-08-25|2026-08-26|2026-08-27|2026-08-28|2026-08-31|2026-09-01|2026-09-02|2026-09-03|2026-09-04|2026-09-08|2026-09-09|2026-09-10|2026-09-11|2026-09-14|2026-09-15|2026-09-16|2026-09-17|2026-09-18|2026-09-21|2026-09-23|2026-09-24,2026-09-24 18:31:40,64.1
AES,100|77|75|74|67|71|80|67|70|70|67|66|62|66|70|74|77|88|62|65|73|60|61|68|65|77|64|98|64|56,2026-08-12|2026-08-13|2026-08-14|2026-08-17|2026-08-18|2026-08-19|2026-08-20|2026-08-21|2026-08-24|2026-08-25|2026-08-26|2026-08-27|2026-08-28|2026-08-31|2026-09-01|2026-09-02|2026-09-03|2026-09-04|2026-09-08|2026-09-09|2026-09-10|2026-09-11|2026-09-14|2026-09-15|2026-09-16|2026-09-17|2026-09-18|2026-09-21|2026-09-23|2026-09-24,2026-09-24 18:31:43,71.1
Norfolk Southern,77|87|88|77|79|100|82|70|76|68|81|84|71|68|76|80|81|80|58|84|73|70|67|90|85|80|75|81|68|56,2026-08-12|2026-08-13|2026-08-14|2026-08-17|2026-08-18|2026-08-19|2026-08-20|2026-08-21|2026-08-24|2026-08-25|2026-08-26|2026-08-27|2026-08-28|2026-08-31|2026-09-01|2026-09-02|2026-09-03|2026-09-04|2026-09-08|2026-09-09|2026-09-10|2026-09-11|2026-09-14|2026-09-15|2026-09-16|2026-09-17|2026-09-18|2026-09-21|2026-09-23|2026-09-24,2026-09-24 18:31:46,77.1
Air Products & Chemicals,,2026-08-12|2026-08-13|2026-08-14|2026-08-17|2026-08-18|2026-08-19|2026-08-20|2026-08-21|2026-08-24|2026-08-25|2026-08-26|2026-08-27|2026-08-28|2026-08-31|2026-09-01|2026-09-02|2026-09-03|2026-09-04|2026-09-08|2026-09-09|2026-09-10|2026-09-11|2026-09-14|2026-09-15|2026-09-16|2026-09-17|2026-09-18|2026-09-21|2026-09-23|2026-09-24,2026-09-24 18:31:50,0.0
JB Hunt Transport Services,,2026-08-12|2026-08-13|2026-08-14|2026-08-17|2026-08-18|2026-08-19|2026-08-20|2026-08-21|2026-08-24|2026-08-25|2026-08-26|2026-08-27|2026-08-28|2026-08-31|2026-09-01|2026-09-02|2026-09-03|2026-09-04|2026-09-08|2026-09-09|2026-09-10|2026-09-11|2026-09-14|2026-09-15|2026-09-16|2026-09-17|2026-09-18|2026-09-21|2026-09-23|2026-09-24,2026-09-24 18:31:51,0.0
Ball Corporation,0|59|0|0|0|0|100|100|66|0|0|0|0|0|0|63|0|0|0|0|42|31|30|47|43|41|39|40|39|38,2026-08-12|2026-08-13|2026-08-14|2026-08-17|2026-08-18|2026-08-19|2026-08-20|2026-08-21|2026-08-24|2026-08-25|2026-08-26|2026-08-27|2026-08-28|2026-08-31|2026-09-01|2026-09-02|2026-09-03|2026-09-04|2026-09-08|2026-09-09|2026-09-10|2026-09-11|2026-09-14|2026-09-15|2026-09-16|2026-09-17|2026-09-18|2026-09-21|2026-09-23|2026-09-24,2026-09-24 18:31:51,25.9
Conagra Brands,100|0|72|0|0|69|0|0|0|80|0|0|0|0|0|0|0|0|0|0|43|40|47|42|49|52|38|49|48|47,2026-08-12|2026-08-13|2026-08-14|2026-08-17|2026-08-18|2026-08-19|2026-08-20|2026-08-21|2026-08-24|2026-08-25|2026-08-26|2026-08-27|2026-08-28|2026-08-31|2026-09-01|2026-09-02|2026-09-03|2026-09-04|2026-09-08|2026-09-09|2026-09-10|2026-09-11|2026-09-14|2026-09-15|2026-09-16|2026-09-17|2026-09-18|2026-09-21|2026-09-23|2026-09-24,2026-09-24 18:31:54,25.9
Huntington Bancshares,0|0|0|0|0|0|0|0|0|0|0|0|0|0|0|0|0|0|0|0|36|48|33|32|45|69|0|100|79|0,2026-08-12|2026-08-13|2026-08-14|2026-08-17|2026-08-18|2026-08-19|2026-08-20|2026-08-21|2026-08-24|2026-08-25|2026-08-26|2026-08-27|2026-08-28|2026-08-31|2026-09-01|2026-09-02|2026-09-03|2026-09-04|2026-09-08|2026-09-09|2026-09-10|2026-09-11|2026-09-14|2026-09-15|2026-09-16|2026-09-17|2026-09-18|2026-09-21|2026-09-23|2026-09-24,2026-09-24 18:31:58,14.7
Hormel Foods,0|0|0|0|0|65|0|88|0|0|0|100|0|97|0|0|0|0|0|0|47|36|39|45|52|43|33|41|55|40,2026-08-12|2026-08-13|2026-08-14|2026-08-17|2026-08-18|2026-08-19|2026-08-20|2026-08-21|2026-08-24|2026-08-25|2026-08-26|2026-08-27|2026-08-28|2026-08-31|2026-09-01|2026-09-02|2026-09-03|2026-09-04|2026-09-08|2026-09-09|2026-09-10|2026-09-11|2026-09-14|2026-09-15|2026-09-16|2026-09-17|2026-09-18|2026-09-21|2026-09-23|2026-09-24,2026-09-24 18:32:02,26.0
Eversource Energy,0|0|0|0|0|0|0|0|0|0|0|0|0|0|0|100|0|0|0|83|44|29|38|37|41|39|41|50|40|44,2026-08-12|2026-08-13|2026-08-14|2026-08-17|2026-08-18|2026-08-19|2026-08-20|2026-08-21|2026-08-24|2026-08-25|2026-08-26|2026-08-27|2026-08-28|2026-08-31|2026-09-01|2026-09-02|2026-09-03|2026-09-04|2026-09-08|2026-09-09|2026-09-10|2026-09-11|2026-09-14|2026-09-15|2026-09-16|2026-09-17|2026-09-18|2026-09-21|2026-09-23|2026-09-24,2026-09-24 18:32:06,19.5
Alcoa Corporation,0|0|0|0|0|0|0|0|0|0|0|0|0|0|0|0|0|0|0|0|0|100|0|85|0|0|0|0|0|0,2026-08-12|2026-08-13|2026-08-14|2026-08-17|2026-08-18|2026-08-19|2026-08-20|2026-08-21|2026-08-24|2026-08-25|2026-08-26|2026-08-27|2026-08-28|2026-08-31|2026-09-01|2026-09-02|2026-09-03|2026-09-04|2026-09-08|2026-09-09|2026-09-10|2026-09-11|2026-09-14|2026-09-15|2026-09-16|2026-09-17|2026-09-18|2026-09-21|2026-09-23|2026-09-24,2026-09-24 18:32:09,6.2
Entergy,38|41|33|50|41|36|33|46|42|36|40|50|33|31|60|100|63|42|33|33|36|34|29|32|30|31|29|25|32|30,2026-08-12|2026-08-13|2026-08-14|2026-08-17|2026-08-18|2026-08-19|2026-08-20|2026-08-21|2026-08-24|2026-08-25|2026-08-26|2026-08-27|2026-08-28|2026-08-31|2026-09-01|2026-09-02|2026-09-03|2026-09-04|2026-09-08|2026-09-09|2026-09-10|2026-09-11|2026-09-14|2026-09-15|2026-09-16|2026-09-17|2026-09-18|2026-09-21|2026-09-23|2026-09-24,2026-09-24 18:32:12,39.6
Assurant,84|97|95|86|100|99|90|98|89|92|88|85|81|84|90|78|83|70|85|79|72|73|77|76|72|69|66|69|74|60,2026-08-12|2026-08-13|2026-08-14|2026-08-17|2026-08-18|2026-08-19|2026-08-20|2026-08-21|2026-08-24|2026-08-25|2026-08-26|2026-08-27|2026-08-28|2026-08-31|2026-09-01|2026-09-02|2026-09-03|2026-09-04|2026-09-08|2026-09-09|2026-09-10|2026-09-11|2026-09-14|2026-09-15|2026-09-16|2026-09-17|2026-09-18|2026-09-21|2026-09-23|2026-09-24,2026-09-24 18:32:14,82.0
Chewy,45|44|47|47|52|54|52|44|57|63|58|58|57|58|55|61|58|53|60|48|47|50|47|43|46|47|61|45|39|38,2026-08-13|2026-08-14|2026-08-17|2026-08-18|2026-08-19|2026-08-20|2026-08-21|2026-08-24|2026-08-25|2026-08-26|2026-08-27|2026-08-28|2026-08-31|2026-09-01|2026-09-02|2026-09-03|2026-09-04|2026-09-08|2026-09-09|2026-09-10|2026-09-11|2026-09-14|2026-09-15|2026-09-16|2026-09-17|2026-09-18|2026-09-21|2026-09-22|2026-09-23|2026-09-24,2026-09-24 18:32:18,51.1
Wayfair,63|61|62|68|63|65|61|66|69|63|62|59|62|77|64|66|64|68|70|61|58|59|64|60|61|60|56|58|58|56,2026-08-12|2026-08-13|2026-08-14|2026-08-17|2026-08-18|2026-08-19|2026-08-20|2026-08-21|2026-08-24|2026-08-25|2026-08-26|2026-08-27|2026-08-28|2026-08-31|2026-09-01|2026-09-02|2026-09-03|2026-09-04|2026-09-08|2026-09-09|2026-09-10|2026-09-11|2026-09-14|2026-09-15|2026-09-16|2026-09-17|2026-09-18|2026-09-21|2026-09-23|2026-09-24,2026-09-24 18:32:20,62.8
Avis Budget,95|78|85|91|100|81|73|67|59|81|57|55|69|75|75|66|72|74|72|49|62|60|63|68|62|68|60|51|60|49,2026-08-12|2026-08-13|2026-08-14|2026-08-17|2026-08-18|2026-08-19|2026-08-20|2026-08-21|2026-08-24|2026-08-25|2026-08-26|2026-08-27|2026-08-28|2026-08-31|2026-09-01|2026-09-02|2026-09-03|2026-09-04|2026-09-08|2026-09-09|2026-09-10|2026-09-11|2026-09-14|2026-09-15|2026-09-16|2026-09-17|2026-09-18|2026-09-21|2026-09-23|2026-09-24,2026-09-24 18:32:23,69.2
Intercontinental Exchange,0|0|0|0|72|0|0|0|0|0|0|0|0|0|0|0|0|0|0|0|34|28|33|29|38|40|29|45|39|31,2026-08-12|2026-08-13|2026-08-14|2026-08-17|2026-08-18|2026-08-19|2026-08-20|2026-08-21|2026-08-24|2026-08-25|2026-08-26|2026-08-27|2026-08-28|2026-08-31|2026-09-01|2026-09-02|2026-09-03|2026-09-04|2026-09-08|2026-09-09|2026-09-10|2026-09-11|2026-09-14|2026-09-15|2026-09-16|2026-09-17|2026-09-18|2026-09-21|2026-09-23|2026-09-24,2026-09-24 18:32:26,13.9
Alaska Airlines,97|93|89|91|96|84|86|76|76|72|69|66|69|100|68|70|65|66|71|67|66|65|65|62|61|61|59|57|61|56,2026-08-12|2026-08-13|2026-08-14|2026-08-17|2026-08-18|2026-08-19|2026-08-20|2026-08-21|2026-08-24|2026-08-25|2026-08-26|2026-08-27|2026-08-28|2026-08-31|2026-09-01|2026-09-02|2026-09-03|2026-09-04|2026-09-08|2026-09-09|2026-09-10|2026-09-11|2026-09-14|2026-09-15|2026-09-16|2026-09-17|2026-09-18|2026-09-21|2026-09-23|2026-09-24,2026-09-24 18:32:30,72.8
GXO Logistics,100|70|95|91|62|0|71|0|75|65|0|0|88|0|0|79|0|0|72|55|53|50|51|53|59|49|47|42|62|67,2026-08-12|2026-08-13|2026-08-14|2026-08-17|2026-08-18|2026-08-19|2026-08-20|2026-08-21|2026-08-24|2026-08-25|2026-08-26|2026-08-27|2026-08-28|2026-08-31|2026-09-01|2026-09-02|2026-09-03|2026-09-04|2026-09-08|2026-09-09|2026-09-10|2026-09-11|2026-09-14|2026-09-15|2026-09-16|2026-09-17|2026-09-18|2026-09-21|2026-09-23|2026-09-24,2026-09-24 18:32:32,48.5
AGCO,44|36|42|41|41|29|42|33|32|32|37|34|37|38|37|37|31|34|33|38|35|27|30|33|29|34|37|44|28|27,2026-08-12|2026-08-13|2026-08-14|2026-08-17|2026-08-18|2026-08-19|2026-08-20|2026-08-21|2026-08-24|2026-08-25|2026-08-26|2026-08-27|2026-08-28|2026-08-31|2026-09-01|2026-09-02|2026-09-03|2026-09-04|2026-09-08|2026-09-09|2026-09-10|2026-09-11|2026-09-14|2026-09-15|2026-09-16|2026-09-17|2026-09-18|2026-09-21|2026-09-23|2026-09-24,2026-09-24 18:32:36,35.1
Molson Coors Beverage,0|0|0|0|0|0|0|0|0|0|0|0|0|0|0|0|0|0|0|0|60|0|62|47|56|52|38|0|70|0,2026-08-12|2026-08-13|2026-08-14|2026-08-17|2026-08-18|2026-08-19|2026-08-20|2026-08-21|2026-08-24|2026-08-25|2026-08-26|2026-08-27|2026-08-28|2026-08-31|2026-09-01|2026-09-02|2026-09-03|2026-09-04|2026-09-08|2026-09-09|2026-09-10|2026-09-11|2026-09-14|2026-09-15|2026-09-16|2026-09-17|2026-09-18|2026-09-21|2026-09-23|2026-09-24,2026-09-24 18:32:39,12.8
Huntington Ingalls Industries,0|0|0|0|0|0|0|0|0|0|0|0|0|0|0|0|0|0|0|0|13|9|12|18|18|13|11|21|16|20,2026-08-12|2026-08-13|2026-08-14|2026-08-17|2026-08-18|2026-08-19|2026-08-20|2026-08-21|2026-08-24|2026-08-25|2026-08-26|2026-08-27|2026-08-28|2026-08-31|2026-09-01|2026-09-02|2026-09-03|2026-09-04|2026-09-08|2026-09-09|2026-09-10|2026-09-11|2026-09-14|2026-09-15|2026-09-16|2026-09-17|2026-09-18|2026-09-21|2026-09-23|2026-09-24,2026-09-24 18:32:43,5.0
International Flavors & Fragrances,0|0|0|0|0|0|0|0|0|0|0|0|0|0|0|0|0|0|0|0|0|100|0|0|83|0|0|0|0|0,2026-08-12|2026-08-13|2026-08-14|2026-08-17|2026-08-18|2026-08-19|2026-08-20|2026-08-21|2026-08-24|2026-08-25|2026-08-26|2026-08-27|2026-08-28|2026-08-31|2026-09-01|2026-09-02|2026-09-03|2026-09-04|2026-09-08|2026-09-09|2026-09-10|2026-09-11|2026-09-14|2026-09-15|2026-09-16|2026-09-17|2026-09-18|2026-09-21|2026-09-23|2026-09-24,2026-09-24 18:32:47,6.1
Darden Restaurants,78|72|88|55|63|72|49|79|71|56|83|60|94|44|86|51|100|75|47|67|52|55|53|55|49|50|51|46|54|75,2026-08-12|2026-08-13|2026-08-14|2026-08-17|2026-08-18|2026-08-19|2026-08-20|2026-08-21|2026-08-24|2026-08-25|2026-08-26|2026-08-27|2026-08-28|2026-08-31|2026-09-01|2026-09-02|2026-09-03|2026-09-04|2026-09-08|2026-09-09|2026-09-10|2026-09-11|2026-09-14|2026-09-15|2026-09-16|2026-09-17|2026-09-18|2026-09-21|2026-09-23|2026-09-24,2026-09-24 18:32:50,64.3
CIncinnati Financial,59|84|67|100|67|74|84|0|70|73|0|0|63|61|61|45|51|44|0|49|38|35|32|35|36|37|33|47|38|35,2026-08-12|2026-08-13|2026-08-14|2026-08-17|2026-08-18|2026-08-19|2026-08-20|2026-08-21|2026-08-24|2026-08-25|2026-08-26|2026-08-27|2026-08-28|2026-08-31|2026-09-01|2026-09-02|2026-09-03|2026-09-04|2026-09-08|2026-09-09|2026-09-10|2026-09-11|2026-09-14|2026-09-15|2026-09-16|2026-09-17|2026-09-18|2026-09-21|2026-09-23|2026-09-24,2026-09-24 18:32:53,47.3
Chipotle Mexican Grill,31|36|34|31|52|36|100|22|24|43|32|25|25|31|44|27|25|18|38|20|18|18|18|34|76|17|45|37|37|55,2026-08-13|2026-08-14|2026-08-17|2026-08-18|2026-08-19|2026-08-20|2026-08-21|2026-08-24|2026-08-25|2026-08-26|2026-08-27|2026-08-28|2026-08-31|2026-09-01|2026-09-02|2026-09-03|2026-09-04|2026-09-08|2026-09-09|2026-09-10|2026-09-11|2026-09-14|2026-09-15|2026-09-16|2026-09-17|2026-09-18|2026-09-21|2026-09-22|2026-09-23|2026-09-24,2026-09-24 18:32:57,35.0
Yum China,0|0|0|100|0|0|0|0|0|0|0|0|0|0|0|85|0|89|0|0|11|14|15|19|11|21|21|35|23|22,2026-08-12|2026-08-13|2026-08-14|2026-08-17|2026-08-18|2026-08-19|2026-08-20|2026-08-21|2026-08-24|2026-08-25|2026-08-26|2026-08-27|2026-08-28|2026-08-31|2026-09-01|2026-09-02|2026-09-03|2026-09-04|2026-09-08|2026-09-09|2026-09-10|2026-09-11|2026-09-14|2026-09-15|2026-09-16|2026-09-17|2026-09-18|2026-09-21|2026-09-23|2026-09-24,2026-09-24 18:32:59,15.5
Las Vegas Sands,0|0|0|0|0|0|0|0|0|0|0|0|0|0|0|0|0|0|0|0|53|54|61|60|53|65|56|100|56|49,2026-08-12|2026-08-13|2026-08-14|2026-08-17|2026-08-18|2026-08-19|2026-08-20|2026-08-21|2026-08-24|2026-08-25|2026-08-26|2026-08-27|2026-08-28|2026-08-31|2026-09-01|2026-09-02|2026-09-03|2026-09-04|2026-09-08|2026-09-09|2026-09-10|2026-09-11|2026-09-14|2026-09-15|2026-09-16|2026-09-17|2026-09-18|2026-09-21|2026-09-23|2026-09-24,2026-09-24 18:33:02,20.2
Ulta Beauty,51|46|44|43|53|56|55|57|50|49|51|54|80|63|57|57|58|63|51|50|49|57|51|47|47|50|67|35|44|39,2026-08-12|2026-08-13|2026-08-14|2026-08-17|2026-08-18|2026-08-19|2026-08-20|2026-08-21|2026-08-24|2026-08-25|2026-08-26|2026-08-27|2026-08-28|2026-08-31|2026-09-01|2026-09-02|2026-09-03|2026-09-04|2026-09-08|2026-09-09|2026-09-10|2026-09-11|2026-09-14|2026-09-15|2026-09-16|2026-09-17|2026-09-18|2026-09-21|2026-09-23|2026-09-24,2026-09-24 18:33:05,52.5
Caesars Entertainment,100|91|93|90|40|42|62|47|0|0|0|0|42|0|0|62|0|0|51|0|31|28|30|30|29|45|38|41|75|68,2026-08-12|2026-08-13|2026-08-14|2026-08-17|2026-08-18|2026-08-19|2026-08-20|2026-08-21|2026-08-24|2026-08-25|2026-08-26|2026-08-27|2026-08-28|2026-08-31|2026-09-01|2026-09-02|2026-09-03|2026-09-04|2026-09-08|2026-09-09|2026-09-10|2026-09-11|2026-09-14|2026-09-15|2026-09-16|2026-09-17|2026-09-18|2026-09-21|2026-09-23|2026-09-24,2026-09-24 18:33:08,37.8
The Andersons Inc,0|0|0|0|0|0|0|0|0|0|0|0|0|0|0|0|0|0|0|0|0|0|0|0|0|0|0|0|0|0,2026-08-12|2026-08-13|2026-08-14|2026-08-17|2026-08-18|2026-08-19|2026-08-20|2026-08-21|2026-08-24|2026-08-25|2026-08-26|2026-08-27|2026-08-28|2026-08-31|2026-09-01|2026-09-02|2026-09-03|2026-09-04|2026-09-08|2026-09-09|2026-09-10|2026-09-11|2026-09-14|2026-09-15|2026-09-16|2026-09-17|2026-09-18|2026-09-21|2026-09-23|2026-09-24,2026-09-24 18:33:10,0.0
The Hershey Company,0|93|85|0|0|0|0|0|87|0|0|0|0|0|100|0|0|0|0|0|52|46|49|42|52|51|44|66|58|48,2026-08-12|2026-08-13|2026-08-14|2026-08-17|2026-08-18|2026-08-19|2026-08-20|2026-08-21|2026-08-24|2026-08-25|2026-08-26|2026-08-27|2026-08-28|2026-08-31|2026-09-01|2026-09-02|2026-09-03|2026-09-04|2026-09-08|2026-09-09|2026-09-10|2026-09-11|2026-09-14|2026-09-15|2026-09-16|2026-09-17|2026-09-18|2026-09-21|2026-09-23|2026-09-24,2026-09-24 18:33:14,29.1
Hilton Worldwide,0|0|0|0|0|0|0|0|0|0|0|0|0|0|0|0|0|0|0|0|46|32|52|53|45|51|39|73|38|0,2026-08-12|2026-08-13|2026-08-14|2026-08-17|2026-08-18|2026-08-19|2026-08-20|2026-08-21|2026-08-24|2026-08-25|2026-08-26|2026-08-27|2026-08-28|2026-08-31|2026-09-01|2026-09-02|2026-09-03|2026-09-04|2026-09-08|2026-09-09|2026-09-10|2026-09-11|2026-09-14|2026-09-15|2026-09-16|2026-09-17|2026-09-18|2026-09-21|2026-09-23|2026-09-24,2026-09-24 18:33:17,14.3
Hilton Grand Vacations,45|38|44|35|47|44|36|54|44|100|52|37|36|46|41|49|36|36|36|42|37|36|38|36|36|33|32|32|36|31,2026-08-12|2026-08-13|2026-08-14|2026-08-17|2026-08-18|2026-08-19|2026-08-20|2026-08-21|2026-08-24|2026-08-25|2026-08-26|2026-08-27|2026-08-28|2026-08-31|2026-09-01|2026-09-02|2026-09-03|2026-09-04|2026-09-08|2026-09-09|2026-09-10|2026-09-11|2026-09-14|2026-09-15|2026-09-16|2026-09-17|2026-09-18|2026-09-21|2026-09-23|2026-09-24,2026-09-24 18:33:20,41.5
The Mosaic Company,0|0|0|0|0|0|0|0|0|0|0|0|100|88|0|0|0|0|0|0|17|18|14|20|19|12|16|18|18|0,2026-08-12|2026-08-13|2026-08-14|2026-08-17|2026-08-18|2026-08-19|2026-08-20|2026-08-21|2026-08-24|2026-08-25|2026-08-26|2026-08-27|2026-08-28|2026-08-31|2026-09-01|2026-09-02|2026-09-03|2026-09-04|2026-09-08|2026-09-09|2026-09-10|2026-09-11|2026-09-14|2026-09-15|2026-09-16|2026-09-17|2026-09-18|2026-09-21|2026-09-23|2026-09-24,2026-09-24 18:33:23,11.3
Airbnb,95|93|92|96|91|92|91|85|94|85|86|80|79|96|91|88|84|82|82|81|80|76|85|84|79|78|74|70|80|76,2026-08-12|2026-08-13|2026-08-14|2026-08-17|2026-08-18|2026-08-19|2026-08-20|2026-08-21|2026-08-24|2026-08-25|2026-08-26|2026-08-27|2026-08-28|2026-08-31|2026-09-01|2026-09-02|2026-09-03|2026-09-04|2026-09-08|2026-09-09|2026-09-10|2026-09-11|2026-09-14|2026-09-15|2026-09-16|2026-09-17|2026-09-18|2026-09-21|2026-09-23|2026-09-24,2026-09-24 18:33:26,84.8
Diamondback Energy,0|0|0|0|0|0|0|0|0|0|72|100|0|0|67|0|0|0|0|0|37|26|33|39|58|50|34|61|38|28,2026-08-12|2026-08-13|2026-08-14|2026-08-17|2026-08-18|2026-08-19|2026-08-20|2026-08-21|2026-08-24|2026-08-25|2026-08-26|2026-08-27|2026-08-28|2026-08-31|2026-09-01|2026-09-02|2026-09-03|2026-09-04|2026-09-08|2026-09-09|2026-09-10|2026-09-11|2026-09-14|2026-09-15|2026-09-16|2026-09-17|2026-09-18|2026-09-21|2026-09-23|2026-09-24,2026-09-24 18:33:29,21.4
American Tower,31|49|36|43|44|56|50|32|43|35|55|42|41|28|42|49|55|30|43|35|46|100|50|40|37|41|36|47|34|33,2026-08-12|2026-08-13|2026-08-14|2026-08-17|2026-08-18|2026-08-19|2026-08-20|2026-08-21|2026-08-24|2026-08-25|2026-08-26|2026-08-27|2026-08-28|2026-08-31|2026-09-01|2026-09-02|2026-09-03|2026-09-04|2026-09-08|2026-09-09|2026-09-10|2026-09-11|2026-09-14|2026-09-15|2026-09-16|2026-09-17|2026-09-18|2026-09-21|2026-09-23|2026-09-24,2026-09-24 18:33:33,43.4
Vertex Pharmaceuticals,0|72|72|71|0|94|74|88|52|73|60|0|100|66|89|93|72|0|73|0|57|47|49|58|53|63|49|52|67|50,2026-08-12|2026-08-13|2026-08-14|2026-08-17|2026-08-18|2026-08-19|2026-08-20|2026-08-21|2026-08-24|2026-08-25|2026-08-26|2026-08-27|2026-08-28|2026-08-31|2026-09-01|2026-09-02|2026-09-03|2026-09-04|2026-09-08|2026-09-09|2026-09-10|2026-09-11|2026-09-14|2026-09-15|2026-09-16|2026-09-17|2026-09-18|2026-09-21|2026-09-23|2026-09-24,2026-09-24 18:33:37,56.5
ServiceNow,72|63|64|67|89|66|53|57|54|64|72|49|62|62|62|61|50|58|62|63|47|54|63|60|59|50|100|69|60|52,2026-08-13|2026-08-14|2026-08-17|2026-08-18|2026-08-19|2026-08-20|2026-08-21|2026-08-24|2026-08-25|2026-08-26|2026-08-27|2026-08-28|2026-08-31|2026-09-01|2026-09-02|2026-09-03|2026-09-04|2026-09-08|2026-09-09|2026-09-10|2026-09-11|2026-09-14|2026-09-15|2026-09-16|2026-09-17|2026-09-18|2026-09-21|2026-09-22|2026-09-23|2026-09-24,2026-09-24 18:33:42,62.1
Owens Corning,84|100|89|81|88|87|89|70|71|90|88|83|65|78|88|75|73|72|75|81|84|70|74|76|74|73|70|87|79|65,2026-08-12|2026-08-13|2026-08-14|2026-08-17|2026-08-18|2026-08-19|2026-08-20|2026-08-21|2026-08-24|2026-08-25|2026-08-26|2026-08-27|2026-08-28|2026-08-31|2026-09-01|2026-09-02|2026-09-03|2026-09-04|2026-09-08|2026-09-09|2026-09-10|2026-09-11|2026-09-14|2026-09-15|2026-09-16|2026-09-17|2026-09-18|2026-09-21|2026-09-23|2026-09-24,2026-09-24 18:33:45,79.3
Advance Auto Parts,66|92|70|66|58|66|94|66|67|63|63|90|63|63|57|58|89|66|57|59|100|63|58|57|60|58|63|55|61|52,2026-08-12|2026-08-13|2026-08-14|2026-08-17|2026-08-18|2026-08-19|2026-08-20|2026-08-21|2026-08-24|2026-08-25|2026-08-26|2026-08-27|2026-08-28|2026-08-31|2026-09-01|2026-09-02|2026-09-03|2026-09-04|2026-09-08|2026-09-09|2026-09-10|2026-09-11|2026-09-14|2026-09-15|2026-09-16|2026-09-17|2026-09-18|2026-09-21|2026-09-23|2026-09-24,2026-09-24 18:33:49,66.7
Toll Brothers,65|78|57|88|73|100|67|86|74|73|55|66|52|72|50|67|56|49|61|58|58|58|62|61|57|57|55|62|59|47,2026-08-12|2026-08-13|2026-08-14|2026-08-17|2026-08-18|2026-08-19|2026-08-20|2026-08-21|2026-08-24|2026-08-25|2026-08-26|2026-08-27|2026-08-28|2026-08-31|2026-09-01|2026-09-02|2026-09-03|2026-09-04|2026-09-08|2026-09-09|2026-09-10|2026-09-11|2026-09-14|2026-09-15|2026-09-16|2026-09-17|2026-09-18|2026-09-21|2026-09-23|2026-09-24,2026-09-24 18:33:53,64.1
Mohawk Industries,0|73|65|0|0|0|100|0|0|0|0|0|0|0|0|0|0|0|0|0|25|21|34|29|28|23|23|31|24|23,2026-08-12|2026-08-13|2026-08-14|2026-08-17|2026-08-18|2026-08-19|2026-08-20|2026-08-21|2026-08-24|2026-08-25|2026-08-26|2026-08-27|2026-08-28|2026-08-31|2026-09-01|2026-09-02|2026-09-03|2026-09-04|2026-09-08|2026-09-09|2026-09-10|2026-09-11|2026-09-14|2026-09-15|2026-09-16|2026-09-17|2026-09-18|2026-09-21|2026-09-23|2026-09-24,2026-09-24 18:33:57,16.6
Motorola Solutions,77|90|69|95|93|74|62|90|0|61|99|70|68|100|75|70|51|65|71|0|57|51|52|60|57|54|48|53|62|55,2026-08-12|2026-08-13|2026-08-14|2026-08-17|2026-08-18|2026-08-19|2026-08-20|2026-08-21|2026-08-24|2026-08-25|2026-08-26|2026-08-27|2026-08-28|2026-08-31|2026-09-01|2026-09-02|2026-09-03|2026-09-04|2026-09-08|2026-09-09|2026-09-10|2026-09-11|2026-09-14|2026-09-15|2026-09-16|2026-09-17|2026-09-18|2026-09-21|2026-09-23|2026-09-24,2026-09-24 18:34:00,64.3
Oshkosh Corporation,0|0|0|0|0|0|0|0|0|0|0|0|0|0|0|0|0|0|0|0|49|54|59|69|66|63|44|0|90|0,2026-08-12|2026-08-13|2026-08-14|2026-08-17|2026-08-18|2026-08-19|2026-08-20|2026-08-21|2026-08-24|2026-08-25|2026-08-26|2026-08-27|2026-08-28|2026-08-31|2026-09-01|2026-09-02|2026-09-03|2026-09-04|2026-09-08|2026-09-09|2026-09-10|2026-09-11|2026-09-14|2026-09-15|2026-09-16|2026-09-17|2026-09-18|2026-09-21|2026-09-23|2026-09-24,2026-09-24 18:34:05,16.5
DoorDash,87|81|86|68|73|87|78|88|73|72|87|76|89|75|79|82|77|83|63|72|75|85|73|69|80|90|87|77|95|100,2026-08-12|2026-08-13|2026-08-14|2026-08-17|2026-08-18|2026-08-19|2026-08-20|2026-08-21|2026-08-24|2026-08-25|2026-08-26|2026-08-27|2026-08-28|2026-08-31|2026-09-01|2026-09-02|2026-09-03|2026-09-04|2026-09-08|2026-09-09|2026-09-10|2026-09-11|2026-09-14|2026-09-15|2026-09-16|2026-09-17|2026-09-18|2026-09-21|2026-09-23|2026-09-24,2026-09-24 18:34:08,80.2
NVR Inc,0|0|0|0|0|0|0|0|0|0|0|0|0|0|0|0|0|0|0|0|56|51|43|51|54|61|38|100|63|0,2026-08-12|2026-08-13|2026-08-14|2026-08-17|2026-08-18|2026-08-19|2026-08-20|2026-08-21|2026-08-24|2026-08-25|2026-08-26|2026-08-27|2026-08-28|2026-08-31|2026-09-01|2026-09-02|2026-09-03|2026-09-04|2026-09-08|2026-09-09|2026-09-10|2026-09-11|2026-09-14|2026-09-15|2026-09-16|2026-09-17|2026-09-18|2026-09-21|2026-09-23|2026-09-24,2026-09-24 18:34:12,17.2
Booz Allen Hamilton,86|77|92|62|73|100|74|81|79|75|82|72|89|64|84|80|60|50|61|73|62|56|67|72|63|82|57|62|67|54,2026-08-12|2026-08-13|2026-08-14|2026-08-17|2026-08-18|2026-08-19|2026-08-20|2026-08-21|2026-08-24|2026-08-25|2026-08-26|2026-08-27|2026-08-28|2026-08-31|2026-09-01|2026-09-02|2026-09-03|2026-09-04|2026-09-08|2026-09-09|2026-09-10|2026-09-11|2026-09-14|2026-09-15|2026-09-16|2026-09-17|2026-09-18|2026-09-21|2026-09-23|2026-09-24,2026-09-24 18:34:16,71.9
Burlington Stores,52|67|84|75|83|64|79|78|69|31|31|76|76|54|41|32|98|100|64|32|44|45|42|42|43|46|54|40|49|49,2026-08-12|2026-08-13|2026-08-14|2026-08-17|2026-08-18|2026-08-19|2026-08-20|2026-08-21|2026-08-24|2026-08-25|2026-08-26|2026-08-27|2026-08-28|2026-08-31|2026-09-01|2026-09-02|2026-09-03|2026-09-04|2026-09-08|2026-09-09|2026-09-10|2026-09-11|2026-09-14|2026-09-15|2026-09-16|2026-09-17|2026-09-18|2026-09-21|2026-09-23|2026-09-24,2026-09-24 18:34:19,58.0
Expeditors International of Washington,0|0|0|0|0|0|0|0|0|0|0|0|100|0|0|0|0|0|0|0|0|0|0|6|8|0|0|0|0|0,2026-08-12|2026-08-13|2026-08-14|2026-08-17|2026-08-18|2026-08-19|2026-08-20|2026-08-21|2026-08-24|2026-08-25|2026-08-26|2026-08-27|2026-08-28|2026-08-31|2026-09-01|2026-09-02|2026-09-03|2026-09-04|2026-09-08|2026-09-09|2026-09-10|2026-09-11|2026-09-14|2026-09-15|2026-09-16|2026-09-17|2026-09-18|2026-09-21|2026-09-23|2026-09-24,2026-09-24 18:34:23,3.8
Lululemon athletica,0|0|0|0|0|0|0|0|0|0|0|0|0|0|0|0|0|0|0|25|24|26|26|24|26|22|34|24|29|18,2026-08-13|2026-08-14|2026-08-17|2026-08-18|2026-08-19|2026-08-20|2026-08-21|2026-08-24|2026-08-25|2026-08-26|2026-08-27|2026-08-28|2026-08-31|2026-09-01|2026-09-02|2026-09-03|2026-09-04|2026-09-08|2026-09-09|2026-09-10|2026-09-11|2026-09-14|2026-09-15|2026-09-16|2026-09-17|2026-09-18|2026-09-21|2026-09-22|2026-09-23|2026-09-24,2026-09-24 18:34:27,9.3
Fidelity National Information Services,,2026-08-12|2026-08-13|2026-08-14|2026-08-17|2026-08-18|2026-08-19|2026-08-20|2026-08-21|2026-08-24|2026-08-25|2026-08-26|2026-08-27|2026-08-28|2026-08-31|2026-09-01|2026-09-02|2026-09-03|2026-09-04|2026-09-08|2026-09-09|2026-09-10|2026-09-11|2026-09-14|2026-09-15|2026-09-16|2026-09-17|2026-09-18|2026-09-21|2026-09-23|2026-09-24,2026-09-24 18:35:01,0.0
Jefferies Financial,,2026-08-12|2026-08-13|2026-08-14|2026-08-17|2026-08-18|2026-08-19|2026-08-20|2026-08-21|2026-08-24|2026-08-25|2026-08-26|2026-08-27|2026-08-28|2026-08-31|2026-09-01|2026-09-02|2026-09-03|2026-09-04|2026-09-08|2026-09-09|2026-09-10|2026-09-11|2026-09-14|2026-09-15|2026-09-16|2026-09-17|2026-09-18|2026-09-21|2026-09-23|2026-09-24,2026-09-24 18:35:43,0.0
Williams Companies,,2026-08-12|2026-08-13|2026-08-14|2026-08-17|2026-08-18|2026-08-19|2026-08-20|2026-08-21|2026-08-24|2026-08-25|2026-08-26|2026-08-27|2026-08-28|2026-08-31|2026-09-01|2026-09-02|2026-09-03|2026-09-04|2026-09-08|2026-09-09|2026-09-10|2026-09-11|2026-09-14|2026-09-15|2026-09-16|2026-09-17|2026-09-18|2026-09-21|2026-09-23|2026-09-24,2026-09-24 18:35:53,0.0
VF Corporation,,2026-08-12|2026-08-13|2026-08-14|2026-08-17|2026-08-18|2026-08-19|2026-08-20|2026-08-21|2026-08-24|2026-08-25|2026-08-26|2026-08-27|2026-08-28|2026-08-31|2026-09-01|2026-09-02|2026-09-03|2026-09-04|2026-09-08|2026-09-09|2026-09-10|2026-09-11|2026-09-14|2026-09-15|2026-09-16|2026-09-17|2026-09-18|2026-09-21|2026-09-23|2026-09-24,2026-09-24 18:35:53,0.0
Autoliv,,2026-08-12|2026-08-13|2026-08-14|2026-08-17|2026-08-18|2026-08-19|2026-08-20|2026-08-21|2026-08-24|2026-08-25|2026-08-26|2026-08-27|2026-08-28|2026-08-31|2026-09-01|2026-09-02|2026-09-03|2026-09-04|2026-09-08|2026-09-09|2026-09-10|2026-09-11|2026-09-14|2026-09-15|2026-09-16|2026-09-17|2026-09-18|2026-09-21|2026-09-23|2026-09-24,2026-09-24 18:35:53,0.0
Westinghouse Air Brake Technologies,,2026-08-12|2026-08-13|2026-08-14|2026-08-17|2026-08-18|2026-08-19|2026-08-20|2026-08-21|2026-08-24|2026-08-25|2026-08-26|2026-08-27|2026-08-28|2026-08-31|2026-09-01|2026-09-02|2026-09-03|2026-09-04|2026-09-08|2026-09-09|2026-09-10|2026-09-11|2026-09-14|2026-09-15|2026-09-16|2026-09-17|2026-09-18|2026-09-21|2026-09-23|2026-09-24,2026-09-24 18:35:53,0.0
Public Service Enterprise Group,,2026-08-12|2026-08-13|2026-08-14|2026-08-17|2026-08-18|2026-08-19|2026-08-20|2026-08-21|2026-08-24|2026-08-25|2026-08-26|2026-08-27|2026-08-28|2026-08-31|2026-09-01|2026-09-02|2026-09-03|2026-09-04|2026-09-08|2026-09-09|2026-09-10|2026-09-11|2026-09-14|2026-09-15|2026-09-16|2026-09-17|2026-09-18|2026-09-21|2026-09-23|2026-09-24,2026-09-24 18:35:53,0.0
Ebay,,2026-08-12|2026-08-13|2026-08-14|2026-08-17|2026-08-18|2026-08-19|2026-08-20|2026-08-21|2026-08-24|2026-08-25|2026-08-26|2026-08-27|2026-08-28|2026-08-31|2026-09-01|2026-09-02|2026-09-03|2026-09-04|2026-09-08|2026-09-09|2026-09-10|2026-09-11|2026-09-14|2026-09-15|2026-09-16|2026-09-17|2026-09-18|2026-09-21|2026-09-23|2026-09-24,2026-09-24 18:35:53,0.0
Celanese,,2026-08-12|2026-08-13|2026-08-14|2026-08-17|2026-08-18|2026-08-19|2026-08-20|2026-08-21|2026-08-24|2026-08-25|2026-08-26|2026-08-27|2026-08-28|2026-08-31|2026-09-01|2026-09-02|2026-09-03|2026-09-04|2026-09-08|2026-09-09|2026-09-10|2026-09-11|2026-09-14|2026-09-15|2026-09-16|2026-09-17|2026-09-18|2026-09-21|2026-09-23|2026-09-24,2026-09-24 18:35:53,0.0
Global Payments,,2026-08-12|2026-08-13|2026-08-14|2026-08-17|2026-08-18|2026-08-19|2026-08-20|2026-08-21|2026-08-24|2026-08-25|2026-08-26|2026-08-27|2026-08-28|2026-08-31|2026-09-01|2026-09-02|2026-09-03|2026-09-04|2026-09-08|2026-09-09|2026-09-10|2026-09-11|2026-09-14|2026-09-15|2026-09-16|2026-09-17|2026-09-18|2026-09-21|2026-09-23|2026-09-24,2026-09-24 18:35:53,0.0
News Corp,,2026-08-12|2026-08-13|2026-08-14|2026-08-17|2026-08-18|2026-08-19|2026-08-20|2026-08-21|2026-08-24|2026-08-25|2026-08-26|2026-08-27|2026-08-28|2026-08-31|2026-09-01|2026-09-02|2026-09-03|2026-09-04|2026-09-08|2026-09-09|2026-09-10|2026-09-11|2026-09-14|2026-09-15|2026-09-16|2026-09-17|2026-09-18|2026-09-21|2026-09-23|2026-09-24,2026-09-24 18:35:53,0.0
THOR Industries,,2026-08-12|2026-08-13|2026-08-14|2026-08-17|2026-08-18|2026-08-19|2026-08-20|2026-08-21|2026-08-24|2026-08-25|2026-08-26|2026-08-27|2026-08-28|2026-08-31|2026-09-01|2026-09-02|2026-09-03|2026-09-04|2026-09-08|2026-09-09|2026-09-10|2026-09-11|2026-09-14|2026-09-15|2026-09-16|2026-09-17|2026-09-18|2026-09-21|2026-09-23|2026-09-24,2026-09-24 18:35:53,0.0
Icahn Enterprises,,2026-08-13|2026-08-14|2026-08-17|2026-08-18|2026-08-19|2026-08-20|2026-08-21|2026-08-24|2026-08-25|2026-08-26|2026-08-27|2026-08-28|2026-08-31|2026-09-01|2026-09-02|2026-09-03|2026-09-04|2026-09-08|2026-09-09|2026-09-10|2026-09-11|2026-09-14|2026-09-15|2026-09-16|2026-09-17|2026-09-18|2026-09-21|2026-09-22|2026-09-23|2026-09-24,2026-09-24 18:35:53,0.0
Constellation Brands,,2026-08-12|2026-08-13|2026-08-14|2026-08-17|2026-08-18|2026-08-19|2026-08-20|2026-08-21|2026-08-24|2026-08-25|2026-08-26|2026-08-27|2026-08-28|2026-08-31|2026-09-01|2026-09-02|2026-09-03|2026-09-04|2026-09-08|2026-09-09|2026-09-10|2026-09-11|2026-09-14|2026-09-15|2026-09-16|2026-09-17|2026-09-18|2026-09-21|2026-09-23|2026-09-24,2026-09-24 18:35:53,0.0
Quest Diagnostics,,2026-08-12|2026-08-13|2026-08-14|2026-08-17|2026-08-18|2026-08-19|2026-08-20|2026-08-21|2026-08-24|2026-08-25|2026-08-26|2026-08-27|2026-08-28|2026-08-31|2026-09-01|2026-09-02|2026-09-03|2026-09-04|2026-09-08|2026-09-09|2026-09-10|2026-09-11|2026-09-14|2026-09-15|2026-09-16|2026-09-17|2026-09-18|2026-09-21|2026-09-23|2026-09-24,2026-09-24 18:35:53,0.0
KLA,,2026-08-12|2026-08-13|2026-08-14|2026-08-17|2026-08-18|2026-08-19|2026-08-20|2026-08-21|2026-08-24|2026-08-25|2026-08-26|2026-08-27|2026-08-28|2026-08-31|2026-09-01|2026-09-02|2026-09-03|2026-09-04|2026-09-08|2026-09-09|2026-09-10|2026-09-11|2026-09-14|2026-09-15|2026-09-16|2026-09-17|2026-09-18|2026-09-21|2026-09-23|2026-09-24,2026-09-24 18:35:53,0.0
QXO Building Products,,2026-08-13|2026-08-14|2026-08-17|2026-08-18|2026-08-19|2026-08-20|2026-08-21|2026-08-24|2026-08-25|2026-08-26|2026-08-27|2026-08-28|2026-08-31|2026-09-01|2026-09-02|2026-09-03|2026-09-04|2026-09-08|2026-09-09|2026-09-10|2026-09-11|2026-09-14|2026-09-15|2026-09-16|2026-09-17|2026-09-18|2026-09-21|2026-09-22|2026-09-23|2026-09-24,2026-09-24 18:35:53,0.0
APA,,2026-08-12|2026-08-13|2026-08-14|2026-08-17|2026-08-18|2026-08-19|2026-08-20|2026-08-21|2026-08-24|2026-08-25|2026-08-26|2026-08-27|2026-08-28|2026-08-31|2026-09-01|2026-09-02|2026-09-03|2026-09-04|2026-09-08|2026-09-09|2026-09-10|2026-09-11|2026-09-14|2026-09-15|2026-09-16|2026-09-17|2026-09-18|2026-09-21|2026-09-23|2026-09-24,2026-09-24 18:35:53,0.0
Biogen,,2026-08-12|2026-08-13|2026-08-14|2026-08-17|2026-08-18|2026-08-19|2026-08-20|2026-08-21|2026-08-24|2026-08-25|2026-08-26|2026-08-27|2026-08-28|2026-08-31|2026-09-01|2026-09-02|2026-09-03|2026-09-04|2026-09-08|2026-09-09|2026-09-10|2026-09-11|2026-09-14|2026-09-15|2026-09-16|2026-09-17|2026-09-18|2026-09-21|2026-09-23|2026-09-24,2026-09-24 18:35:53,0.0
The Campbells Company,,2026-08-12|2026-08-13|2026-08-14|2026-08-17|2026-08-18|2026-08-19|2026-08-20|2026-08-21|2026-08-24|2026-08-25|2026-08-26|2026-08-27|2026-08-28|2026-08-31|2026-09-01|2026-09-02|2026-09-03|2026-09-04|2026-09-08|2026-09-09|2026-09-10|2026-09-11|2026-09-14|2026-09-15|2026-09-16|2026-09-17|2026-09-18|2026-09-21|2026-09-23|2026-09-24,2026-09-24 18:35:53,0.0
Concentrix,,2026-08-12|2026-08-13|2026-08-14|2026-08-17|2026-08-18|2026-08-19|2026-08-20|2026-08-21|2026-08-24|2026-08-25|2026-08-26|2026-08-27|2026-08-28|2026-08-31|2026-09-01|2026-09-02|2026-09-03|2026-09-04|2026-09-08|2026-09-09|2026-09-10|2026-09-11|2026-09-14|2026-09-15|2026-09-16|2026-09-17|2026-09-18|2026-09-21|2026-09-23|2026-09-24,2026-09-24 18:35:53,0.0
Cintas,,2026-08-12|2026-08-13|2026-08-14|2026-08-17|2026-08-18|2026-08-19|2026-08-20|2026-08-21|2026-08-24|2026-08-25|2026-08-26|2026-08-27|2026-08-28|2026-08-31|2026-09-01|2026-09-02|2026-09-03|2026-09-04|2026-09-08|2026-09-09|2026-09-10|2026-09-11|2026-09-14|2026-09-15|2026-09-16|2026-09-17|2026-09-18|2026-09-21|2026-09-23|2026-09-24,2026-09-24 18:35:53,0.0
Analog Devices,,2026-08-12|2026-08-13|2026-08-14|2026-08-17|2026-08-18|2026-08-19|2026-08-20|2026-08-21|2026-08-24|2026-08-25|2026-08-26|2026-08-27|2026-08-28|2026-08-31|2026-09-01|2026-09-02|2026-09-03|2026-09-04|2026-09-08|2026-09-09|2026-09-10|2026-09-11|2026-09-14|2026-09-15|2026-09-16|2026-09-17|2026-09-18|2026-09-21|2026-09-23|2026-09-24,2026-09-24 18:35:53,0.0
Eastman Chemical,,2026-08-12|2026-08-13|2026-08-14|2026-08-17|2026-08-18|2026-08-19|2026-08-20|2026-08-21|2026-08-24|2026-08-25|2026-08-26|2026-08-27|2026-08-28|2026-08-31|2026-09-01|2026-09-02|2026-09-03|2026-09-04|2026-09-08|2026-09-09|2026-09-10|2026-09-11|2026-09-14|2026-09-15|2026-09-16|2026-09-17|2026-09-18|2026-09-21|2026-09-23|2026-09-24,2026-09-24 18:35:53,0.0
Interactive Brokers,,2026-08-12|2026-08-13|2026-08-14|2026-08-17|2026-08-18|2026-08-19|2026-08-20|2026-08-21|2026-08-24|2026-08-25|2026-08-26|2026-08-27|2026-08-28|2026-08-31|2026-09-01|2026-09-02|2026-09-03|2026-09-04|2026-09-08|2026-09-09|2026-09-10|2026-09-11|2026-09-14|2026-09-15|2026-09-16|2026-09-17|2026-09-18|2026-09-21|2026-09-23|2026-09-24,2026-09-24 18:35:53,0.0
Regions Financial,,2026-08-12|2026-08-13|2026-08-14|2026-08-17|2026-08-18|2026-08-19|2026-08-20|2026-08-21|2026-08-24|2026-08-25|2026-08-26|2026-08-27|2026-08-28|2026-08-31|2026-09-01|2026-09-02|2026-09-03|2026-09-04|2026-09-08|2026-09-09|2026-09-10|2026-09-11|2026-09-14|2026-09-15|2026-09-16|2026-09-17|2026-09-18|2026-09-21|2026-09-23|2026-09-24,2026-09-24 18:35:53,0.0
JetBlue Airways,,2026-08-13|2026-08-14|2026-08-17|2026-08-18|2026-08-19|2026-08-20|2026-08-21|2026-08-24|2026-08-25|2026-08-26|2026-08-27|2026-08-28|2026-08-31|2026-09-01|2026-09-02|2026-09-03|2026-09-04|2026-09-08|2026-09-09|2026-09-10|2026-09-11|2026-09-14|2026-09-15|2026-09-16|2026-09-17|2026-09-18|2026-09-21|2026-09-22|2026-09-23|2026-09-24,2026-09-24 18:35:53,0.0
Zoetis,,2026-08-12|2026-08-13|2026-08-14|2026-08-17|2026-08-18|2026-08-19|2026-08-20|2026-08-21|2026-08-24|2026-08-25|2026-08-26|2026-08-27|2026-08-28|2026-08-31|2026-09-01|2026-09-02|2026-09-03|2026-09-04|2026-09-08|2026-09-09|2026-09-10|2026-09-11|2026-09-14|2026-09-15|2026-09-16|2026-09-17|2026-09-18|2026-09-21|2026-09-23|2026-09-24,2026-09-24 18:35:53,0.0
KeyCorp,,2026-08-12|2026-08-13|2026-08-14|2026-08-17|2026-08-18|2026-08-19|2026-08-20|2026-08-21|2026-08-24|2026-08-25|2026-08-26|2026-08-27|2026-08-28|2026-08-31|2026-09-01|2026-09-02|2026-09-03|2026-09-04|2026-09-08|2026-09-09|2026-09-10|2026-09-11|2026-09-14|2026-09-15|2026-09-16|2026-09-17|2026-09-18|2026-09-21|2026-09-23|2026-09-24,2026-09-24 18:35:53,0.0
Oscar Health,,2026-08-12|2026-08-13|2026-08-14|2026-08-17|2026-08-18|2026-08-19|2026-08-20|2026-08-21|2026-08-24|2026-08-25|2026-08-26|2026-08-27|2026-08-28|2026-08-31|2026-09-01|2026-09-02|2026-09-03|2026-09-04|2026-09-08|2026-09-09|2026-09-10|2026-09-11|2026-09-14|2026-09-15|2026-09-16|2026-09-17|2026-09-18|2026-09-21|2026-09-23|2026-09-24,2026-09-24 18:35:53,0.0
Ovintiv,,2026-08-12|2026-08-13|2026-08-14|2026-08-17|2026-08-18|2026-08-19|2026-08-20|2026-08-21|2026-08-24|2026-08-25|2026-08-26|2026-08-27|2026-08-28|2026-08-31|2026-09-01|2026-09-02|2026-09-03|2026-09-04|2026-09-08|2026-09-09|2026-09-10|2026-09-11|2026-09-14|2026-09-15|2026-09-16|2026-09-17|2026-09-18|2026-09-21|2026-09-23|2026-09-24,2026-09-24 18:35:53,0.0
Seaboard,,2026-08-12|2026-08-13|2026-08-14|2026-08-17|2026-08-18|2026-08-19|2026-08-20|2026-08-21|2026-08-24|2026-08-25|2026-08-26|2026-08-27|2026-08-28|2026-08-31|2026-09-01|2026-09-02|2026-09-03|2026-09-04|2026-09-08|2026-09-09|2026-09-10|2026-09-11|2026-09-14|2026-09-15|2026-09-16|2026-09-17|2026-09-18|2026-09-21|2026-09-23|2026-09-24,2026-09-24 18:35:53,0.0
Hertz,,2026-08-13|2026-08-14|2026-08-17|2026-08-18|2026-08-19|2026-08-20|2026-08-21|2026-08-24|2026-08-25|2026-08-26|2026-08-27|2026-08-28|2026-08-31|2026-09-01|2026-09-02|2026-09-03|2026-09-04|2026-09-08|2026-09-09|2026-09-10|2026-09-11|2026-09-14|2026-09-15|2026-09-16|2026-09-17|2026-09-18|2026-09-21|2026-09-22|2026-09-23|2026-09-24,2026-09-24 18:35:53,0.0
NOV,,2026-08-12|2026-08-13|2026-08-14|2026-08-17|2026-08-18|2026-08-19|2026-08-20|2026-08-21|2026-08-24|2026-08-25|2026-08-26|2026-08-27|2026-08-28|2026-08-31|2026-09-01|2026-09-02|2026-09-03|2026-09-04|2026-09-08|2026-09-09|2026-09-10|2026-09-11|2026-09-14|2026-09-15|2026-09-16|2026-09-17|2026-09-18|2026-09-21|2026-09-23|2026-09-24,2026-09-24 18:35:53,0.0
Graphic Packaging,,2026-08-12|2026-08-13|2026-08-14|2026-08-17|2026-08-18|2026-08-19|2026-08-20|2026-08-21|2026-08-24|2026-08-25|2026-08-26|2026-08-27|2026-08-28|2026-08-31|2026-09-01|2026-09-02|2026-09-03|2026-09-04|2026-09-08|2026-09-09|2026-09-10|2026-09-11|2026-09-14|2026-09-15|2026-09-16|2026-09-17|2026-09-18|2026-09-21|2026-09-23|2026-09-24,2026-09-24 18:35:53,0.0
Avery Dennison,,2026-08-12|2026-08-13|2026-08-14|2026-08-17|2026-08-18|2026-08-19|2026-08-20|2026-08-21|2026-08-24|2026-08-25|2026-08-26|2026-08-27|2026-08-28|2026-08-31|2026-09-01|2026-09-02|2026-09-03|2026-09-04|2026-09-08|2026-09-09|2026-09-10|2026-09-11|2026-09-14|2026-09-15|2026-09-16|2026-09-17|2026-09-18|2026-09-21|2026-09-23|2026-09-24,2026-09-24 18:35:53,0.0
Equinix,,2026-08-12|2026-08-13|2026-08-14|2026-08-17|2026-08-18|2026-08-19|2026-08-20|2026-08-21|2026-08-24|2026-08-25|2026-08-26|2026-08-27|2026-08-28|2026-08-31|2026-09-01|2026-09-02|2026-09-03|2026-09-04|2026-09-08|2026-09-09|2026-09-10|2026-09-11|2026-09-14|2026-09-15|2026-09-16|2026-09-17|2026-09-18|2026-09-21|2026-09-23|2026-09-24,2026-09-24 18:35:53,0.0
Insight Enterprises,,2026-08-12|2026-08-13|2026-08-14|2026-08-17|2026-08-18|2026-08-19|2026-08-20|2026-08-21|2026-08-24|2026-08-25|2026-08-26|2026-08-27|2026-08-28|2026-08-31|2026-09-01|2026-09-02|2026-09-03|2026-09-04|2026-09-08|2026-09-09|2026-09-10|2026-09-11|2026-09-14|2026-09-15|2026-09-16|2026-09-17|2026-09-18|2026-09-21|2026-09-23|2026-09-24,2026-09-24 18:35:53,0.0
Sirius XM,,2026-08-12|2026-08-13|2026-08-14|2026-08-17|2026-08-18|2026-08-19|2026-08-20|2026-08-21|2026-08-24|2026-08-25|2026-08-26|2026-08-27|2026-08-28|2026-08-31|2026-09-01|2026-09-02|2026-09-03|2026-09-04|2026-09-08|2026-09-09|2026-09-10|2026-09-11|2026-09-14|2026-09-15|2026-09-16|2026-09-17|2026-09-18|2026-09-21|2026-09-23|2026-09-24,2026-09-24 18:35:53,0.0
PVH,,2026-08-12|2026-08-13|2026-08-14|2026-08-17|2026-08-18|2026-08-19|2026-08-20|2026-08-21|2026-08-24|2026-08-25|2026-08-26|2026-08-27|2026-08-28|2026-08-31|2026-09-01|2026-09-02|2026-09-03|2026-09-04|2026-09-08|2026-09-09|2026-09-10|2026-09-11|2026-09-14|2026-09-15|2026-09-16|2026-09-17|2026-09-18|2026-09-21|2026-09-23|2026-09-24,2026-09-24 18:35:53,0.0
CenterPoint Energy,,2026-08-12|2026-08-13|2026-08-14|2026-08-17|2026-08-18|2026-08-19|2026-08-20|2026-08-21|2026-08-24|2026-08-25|2026-08-26|2026-08-27|2026-08-28|2026-08-31|2026-09-01|2026-09-02|2026-09-03|2026-09-04|2026-09-08|2026-09-09|2026-09-10|2026-09-11|2026-09-14|2026-09-15|2026-09-16|2026-09-17|2026-09-18|2026-09-21|2026-09-23|2026-09-24,2026-09-24 18:35:53,0.0
WEC Energy,,2026-08-12|2026-08-13|2026-08-14|2026-08-17|2026-08-18|2026-08-19|2026-08-20|2026-08-21|2026-08-24|2026-08-25|2026-08-26|2026-08-27|2026-08-28|2026-08-31|2026-09-01|2026-09-02|2026-09-03|2026-09-04|2026-09-08|2026-09-09|2026-09-10|2026-09-11|2026-09-14|2026-09-15|2026-09-16|2026-09-17|2026-09-18|2026-09-21|2026-09-23|2026-09-24,2026-09-24 18:35:53,0.0
Xylem Inc,,2026-08-12|2026-08-13|2026-08-14|2026-08-17|2026-08-18|2026-08-19|2026-08-20|2026-08-21|2026-08-24|2026-08-25|2026-08-26|2026-08-27|2026-08-28|2026-08-31|2026-09-01|2026-09-02|2026-09-03|2026-09-04|2026-09-08|2026-09-09|2026-09-10|2026-09-11|2026-09-14|2026-09-15|2026-09-16|2026-09-17|2026-09-18|2026-09-21|2026-09-23|2026-09-24,2026-09-24 18:35:53,0.0
Franklin Resources,,2026-08-12|2026-08-13|2026-08-14|2026-08-17|2026-08-18|2026-08-19|2026-08-20|2026-08-21|2026-08-24|2026-08-25|2026-08-26|2026-08-27|2026-08-28|2026-08-31|2026-09-01|2026-09-02|2026-09-03|2026-09-04|2026-09-08|2026-09-09|2026-09-10|2026-09-11|2026-09-14|2026-09-15|2026-09-16|2026-09-17|2026-09-18|2026-09-21|2026-09-23|2026-09-24,2026-09-24 18:35:53,0.0
PPL Corporation,,2026-08-12|2026-08-13|2026-08-14|2026-08-17|2026-08-18|2026-08-19|2026-08-20|2026-08-21|2026-08-24|2026-08-25|2026-08-26|2026-08-27|2026-08-28|2026-08-31|2026-09-01|2026-09-02|2026-09-03|2026-09-04|2026-09-08|2026-09-09|2026-09-10|2026-09-11|2026-09-14|2026-09-15|2026-09-16|2026-09-17|2026-09-18|2026-09-21|2026-09-23|2026-09-24,2026-09-24 18:35:53,0.0
Workday,,2026-08-12|2026-08-13|2026-08-14|2026-08-17|2026-08-18|2026-08-19|2026-08-20|2026-08-21|2026-08-24|2026-08-25|2026-08-26|2026-08-27|2026-08-28|2026-08-31|2026-09-01|2026-09-02|2026-09-03|2026-09-04|2026-09-08|2026-09-09|2026-09-10|2026-09-11|2026-09-14|2026-09-15|2026-09-16|2026-09-17|2026-09-18|2026-09-21|2026-09-23|2026-09-24,2026-09-24 18:35:53,0.0
Dover Corporation,,2026-08-12|2026-08-13|2026-08-14|2026-08-17|2026-08-18|2026-08-19|2026-08-20|2026-08-21|2026-08-24|2026-08-25|2026-08-26|2026-08-27|2026-08-28|2026-08-31|2026-09-01|2026-09-02|2026-09-03|2026-09-04|2026-09-08|2026-09-09|2026-09-10|2026-09-11|2026-09-14|2026-09-15|2026-09-16|2026-09-17|2026-09-18|2026-09-21|2026-09-23|2026-09-24,2026-09-24 18:35:53,0.0
Packaging Corp of America,,2026-08-12|2026-08-13|2026-08-14|2026-08-17|2026-08-18|2026-08-19|2026-08-20|2026-08-21|2026-08-24|2026-08-25|2026-08-26|2026-08-27|2026-08-28|2026-08-31|2026-09-01|2026-09-02|2026-09-03|2026-09-04|2026-09-08|2026-09-09|2026-09-10|2026-09-11|2026-09-14|2026-09-15|2026-09-16|2026-09-17|2026-09-18|2026-09-21|2026-09-23|2026-09-24,2026-09-24 18:35:53,0.0
ABM Industries,,2026-08-12|2026-08-13|2026-08-14|2026-08-17|2026-08-18|2026-08-19|2026-08-20|2026-08-21|2026-08-24|2026-08-25|2026-08-26|2026-08-27|2026-08-28|2026-08-31|2026-09-01|2026-09-02|2026-09-03|2026-09-04|2026-09-08|2026-09-09|2026-09-10|2026-09-11|2026-09-14|2026-09-15|2026-09-16|2026-09-17|2026-09-18|2026-09-21|2026-09-23|2026-09-24,2026-09-24 18:35:53,0.0
Intuitive Surgical,,2026-08-12|2026-08-13|2026-08-14|2026-08-17|2026-08-18|2026-08-19|2026-08-20|2026-08-21|2026-08-24|2026-08-25|2026-08-26|2026-08-27|2026-08-28|2026-08-31|2026-09-01|2026-09-02|2026-09-03|2026-09-04|2026-09-08|2026-09-09|2026-09-10|2026-09-11|2026-09-14|2026-09-15|2026-09-16|2026-09-17|2026-09-18|2026-09-21|2026-09-23|2026-09-24,2026-09-24 18:35:53,0.0
American Financial Group,,2026-08-12|2026-08-13|2026-08-14|2026-08-17|2026-08-18|2026-08-19|2026-08-20|2026-08-21|2026-08-24|2026-08-25|2026-08-26|2026-08-27|2026-08-28|2026-08-31|2026-09-01|2026-09-02|2026-09-03|2026-09-04|2026-09-08|2026-09-09|2026-09-10|2026-09-11|2026-09-14|2026-09-15|2026-09-16|2026-09-17|2026-09-18|2026-09-21|2026-09-23|2026-09-24,2026-09-24 18:35:53,0.0
Rockwell Automation,,2026-08-12|2026-08-13|2026-08-14|2026-08-17|2026-08-18|2026-08-19|2026-08-20|2026-08-21|2026-08-24|2026-08-25|2026-08-26|2026-08-27|2026-08-28|2026-08-31|2026-09-01|2026-09-02|2026-09-03|2026-09-04|2026-09-08|2026-09-09|2026-09-10|2026-09-11|2026-09-14|2026-09-15|2026-09-16|2026-09-17|2026-09-18|2026-09-21|2026-09-23|2026-09-24,2026-09-24 18:35:53,0.0
Solventum,,2026-08-12|2026-08-13|2026-08-14|2026-08-17|2026-08-18|2026-08-19|2026-08-20|2026-08-21|2026-08-24|2026-08-25|2026-08-26|2026-08-27|2026-08-28|2026-08-31|2026-09-01|2026-09-02|2026-09-03|2026-09-04|2026-09-08|2026-09-09|2026-09-10|2026-09-11|2026-09-14|2026-09-15|2026-09-16|2026-09-17|2026-09-18|2026-09-21|2026-09-23|2026-09-24,2026-09-24 18:35:53,0.0
Old Republic International,,2026-08-12|2026-08-13|2026-08-14|2026-08-17|2026-08-18|2026-08-19|2026-08-20|2026-08-21|2026-08-24|2026-08-25|2026-08-26|2026-08-27|2026-08-28|2026-08-31|2026-09-01|2026-09-02|2026-09-03|2026-09-04|2026-09-08|2026-09-09|2026-09-10|2026-09-11|2026-09-14|2026-09-15|2026-09-16|2026-09-17|2026-09-18|2026-09-21|2026-09-23|2026-09-24,2026-09-24 18:35:53,0.0
Prologis,,2026-08-12|2026-08-13|2026-08-14|2026-08-17|2026-08-18|2026-08-19|2026-08-20|2026-08-21|2026-08-24|2026-08-25|2026-08-26|2026-08-27|2026-08-28|2026-08-31|2026-09-01|2026-09-02|2026-09-03|2026-09-04|2026-09-08|2026-09-09|2026-09-10|2026-09-11|2026-09-14|2026-09-15|2026-09-16|2026-09-17|2026-09-18|2026-09-21|2026-09-23|2026-09-24,2026-09-24 18:35:53,0.0
JM Smucker,,2026-08-12|2026-08-13|2026-08-14|2026-08-17|2026-08-18|2026-08-19|2026-08-20|2026-08-21|2026-08-24|2026-08-25|2026-08-26|2026-08-27|2026-08-28|2026-08-31|2026-09-01|2026-09-02|2026-09-03|2026-09-04|2026-09-08|2026-09-09|2026-09-10|2026-09-11|2026-09-14|2026-09-15|2026-09-16|2026-09-17|2026-09-18|2026-09-21|2026-09-23|2026-09-24,2026-09-24 18:35:53,0.0
Taylor Morrison Home,,2026-07-23,2026-09-24 18:35:53,0.0
XPO,,2026-08-12|2026-08-13|2026-08-14|2026-08-17|2026-08-18|2026-08-19|2026-08-20|2026-08-21|2026-08-24|2026-08-25|2026-08-26|2026-08-27|2026-08-28|2026-08-31|2026-09-01|2026-09-02|2026-09-03|2026-09-04|2026-09-08|2026-09-09|2026-09-10|2026-09-11|2026-09-14|2026-09-15|2026-09-16|2026-09-17|2026-09-18|2026-09-21|2026-09-23|2026-09-24,2026-09-24 18:35:53,0.0
Voya Financial,,2026-08-12|2026-08-13|2026-08-14|2026-08-17|2026-08-18|2026-08-19|2026-08-20|2026-08-21|2026-08-24|2026-08-25|2026-08-26|2026-08-27|2026-08-28|2026-08-31|2026-09-01|2026-09-02|2026-09-03|2026-09-04|2026-09-08|2026-09-09|2026-09-10|2026-09-11|2026-09-14|2026-09-15|2026-09-16|2026-09-17|2026-09-18|2026-09-21|2026-09-23|2026-09-24,2026-09-24 18:35:53,0.0
Palo Alto Networks,,2026-08-12|2026-08-13|2026-08-14|2026-08-17|2026-08-18|2026-08-19|2026-08-20|2026-08-21|2026-08-24|2026-08-25|2026-08-26|2026-08-27|2026-08-28|2026-08-31|2026-09-01|2026-09-02|2026-09-03|2026-09-04|2026-09-08|2026-09-09|2026-09-10|2026-09-11|2026-09-14|2026-09-15|2026-09-16|2026-09-17|2026-09-18|2026-09-21|2026-09-23|2026-09-24,2026-09-24 18:35:53,0.0
Vertiv,,2026-08-12|2026-08-13|2026-08-14|2026-08-17|2026-08-18|2026-08-19|2026-08-20|2026-08-21|2026-08-24|2026-08-25|2026-08-26|2026-08-27|2026-08-28|2026-08-31|2026-09-01|2026-09-02|2026-09-03|2026-09-04|2026-09-08|2026-09-09|2026-09-10|2026-09-11|2026-09-14|2026-09-15|2026-09-16|2026-09-17|2026-09-18|2026-09-21|2026-09-23|2026-09-24,2026-09-24 18:35:53,0.0
Welltower,,2026-08-12|2026-08-13|2026-08-14|2026-08-17|2026-08-18|2026-08-19|2026-08-20|2026-08-21|2026-08-24|2026-08-25|2026-08-26|2026-08-27|2026-08-28|2026-08-31|2026-09-01|2026-09-02|2026-09-03|2026-09-04|2026-09-08|2026-09-09|2026-09-10|2026-09-11|2026-09-14|2026-09-15|2026-09-16|2026-09-17|2026-09-18|2026-09-21|2026-09-23|2026-09-24,2026-09-24 18:35:53,0.0
Par Pacific,,2026-08-12|2026-08-13|2026-08-14|2026-08-17|2026-08-18|2026-08-19|2026-08-20|2026-08-21|2026-08-24|2026-08-25|2026-08-26|2026-08-27|2026-08-28|2026-08-31|2026-09-01|2026-09-02|2026-09-03|2026-09-04|2026-09-08|2026-09-09|2026-09-10|2026-09-11|2026-09-14|2026-09-15|2026-09-16|2026-09-17|2026-09-18|2026-09-21|2026-09-23|2026-09-24,2026-09-24 18:35:53,0.0
TransDigm,,2026-08-12|2026-08-13|2026-08-14|2026-08-17|2026-08-18|2026-08-19|2026-08-20|2026-08-21|2026-08-24|2026-08-25|2026-08-26|2026-08-27|2026-08-28|2026-08-31|2026-09-01|2026-09-02|2026-09-03|2026-09-04|2026-09-08|2026-09-09|2026-09-10|2026-09-11|2026-09-14|2026-09-15|2026-09-16|2026-09-17|2026-09-18|2026-09-21|2026-09-23|2026-09-24,2026-09-24 18:35:53,0.0
Commercial Metals,,2026-08-12|2026-08-13|2026-08-14|2026-08-17|2026-08-18|2026-08-19|2026-08-20|2026-08-21|2026-08-24|2026-08-25|2026-08-26|2026-08-27|2026-08-28|2026-08-31|2026-09-01|2026-09-02|2026-09-03|2026-09-04|2026-09-08|2026-09-09|2026-09-10|2026-09-11|2026-09-14|2026-09-15|2026-09-16|2026-09-17|2026-09-18|2026-09-21|2026-09-23|2026-09-24,2026-09-24 18:35:53,0.0
Post Holdings,,2026-08-12|2026-08-13|2026-08-14|2026-08-17|2026-08-18|2026-08-19|2026-08-20|2026-08-21|2026-08-24|2026-08-25|2026-08-26|2026-08-27|2026-08-28|2026-08-31|2026-09-01|2026-09-02|2026-09-03|2026-09-04|2026-09-08|2026-09-09|2026-09-10|2026-09-11|2026-09-14|2026-09-15|2026-09-16|2026-09-17|2026-09-18|2026-09-21|2026-09-23|2026-09-24,2026-09-24 18:35:53,0.0
Masco,,2026-08-12|2026-08-13|2026-08-14|2026-08-17|2026-08-18|2026-08-19|2026-08-20|2026-08-21|2026-08-24|2026-08-25|2026-08-26|2026-08-27|2026-08-28|2026-08-31|2026-09-01|2026-09-02|2026-09-03|2026-09-04|2026-09-08|2026-09-09|2026-09-10|2026-09-11|2026-09-14|2026-09-15|2026-09-16|2026-09-17|2026-09-18|2026-09-21|2026-09-23|2026-09-24,2026-09-24 18:35:53,0.0
Rush Enterprises,,2026-08-12|2026-08-13|2026-08-14|2026-08-17|2026-08-18|2026-08-19|2026-08-20|2026-08-21|2026-08-24|2026-08-25|2026-08-26|2026-08-27|2026-08-28|2026-08-31|2026-09-01|2026-09-02|2026-09-03|2026-09-04|2026-09-08|2026-09-09|2026-09-10|2026-09-11|2026-09-14|2026-09-15|2026-09-16|2026-09-17|2026-09-18|2026-09-21|2026-09-23|2026-09-24,2026-09-24 18:35:53,0.0
KBR,,2026-08-12|2026-08-13|2026-08-14|2026-08-17|2026-08-18|2026-08-19|2026-08-20|2026-08-21|2026-08-24|2026-08-25|2026-08-26|2026-08-27|2026-08-28|2026-08-31|2026-09-01|2026-09-02|2026-09-03|2026-09-04|2026-09-08|2026-09-09|2026-09-10|2026-09-11|2026-09-14|2026-09-15|2026-09-16|2026-09-17|2026-09-18|2026-09-21|2026-09-23|2026-09-24,2026-09-24 18:35:53,0.0
Sprouts Farmers Market,,2026-08-12|2026-08-13|2026-08-14|2026-08-17|2026-08-18|2026-08-19|2026-08-20|2026-08-21|2026-08-24|2026-08-25|2026-08-26|2026-08-27|2026-08-28|2026-08-31|2026-09-01|2026-09-02|2026-09-03|2026-09-04|2026-09-08|2026-09-09|2026-09-10|2026-09-11|2026-09-14|2026-09-15|2026-09-16|2026-09-17|2026-09-18|2026-09-21|2026-09-23|2026-09-24,2026-09-24 18:35:53,0.0
Williams-Sonoma,,2026-08-12|2026-08-13|2026-08-14|2026-08-17|2026-08-18|2026-08-19|2026-08-20|2026-08-21|2026-08-24|2026-08-25|2026-08-26|2026-08-27|2026-08-28|2026-08-31|2026-09-01|2026-09-02|2026-09-03|2026-09-04|2026-09-08|2026-09-09|2026-09-10|2026-09-11|2026-09-14|2026-09-15|2026-09-16|2026-09-17|2026-09-18|2026-09-21|2026-09-23|2026-09-24,2026-09-24 18:35:53,0.0
Zimmer Biomet,,2026-08-12|2026-08-13|2026-08-14|2026-08-17|2026-08-18|2026-08-19|2026-08-20|2026-08-21|2026-08-24|2026-08-25|2026-08-26|2026-08-27|2026-08-28|2026-08-31|2026-09-01|2026-09-02|2026-09-03|2026-09-04|2026-09-08|2026-09-09|2026-09-10|2026-09-11|2026-09-14|2026-09-15|2026-09-16|2026-09-17|2026-09-18|2026-09-21|2026-09-23|2026-09-24,2026-09-24 18:35:53,0.0
CACI International,,2026-08-12|2026-08-13|2026-08-14|2026-08-17|2026-08-18|2026-08-19|2026-08-20|2026-08-21|2026-08-24|2026-08-25|2026-08-26|2026-08-27|2026-08-28|2026-08-31|2026-09-01|2026-09-02|2026-09-03|2026-09-04|2026-09-08|2026-09-09|2026-09-10|2026-09-11|2026-09-14|2026-09-15|2026-09-16|2026-09-17|2026-09-18|2026-09-21|2026-09-23|2026-09-24,2026-09-24 18:35:53,0.0
Microchip Technology,,2026-08-12|2026-08-13|2026-08-14|2026-08-17|2026-08-18|2026-08-19|2026-08-20|2026-08-21|2026-08-24|2026-08-25|2026-08-26|2026-08-27|2026-08-28|2026-08-31|2026-09-01|2026-09-02|2026-09-03|2026-09-04|2026-09-08|2026-09-09|2026-09-10|2026-09-11|2026-09-14|2026-09-15|2026-09-16|2026-09-17|2026-09-18|2026-09-21|2026-09-23|2026-09-24,2026-09-24 18:35:53,0.0
Watsco,,2026-08-12|2026-08-13|2026-08-14|2026-08-17|2026-08-18|2026-08-19|2026-08-20|2026-08-21|2026-08-24|2026-08-25|2026-08-26|2026-08-27|2026-08-28|2026-08-31|2026-09-01|2026-09-02|2026-09-03|2026-09-04|2026-09-08|2026-09-09|2026-09-10|2026-09-11|2026-09-14|2026-09-15|2026-09-16|2026-09-17|2026-09-18|2026-09-21|2026-09-23|2026-09-24,2026-09-24 18:35:53,0.0
Newell Brands,,2026-08-12|2026-08-13|2026-08-14|2026-08-17|2026-08-18|2026-08-19|2026-08-20|2026-08-21|2026-08-24|2026-08-25|2026-08-26|2026-08-27|2026-08-28|2026-08-31|2026-09-01|2026-09-02|2026-09-03|2026-09-04|2026-09-08|2026-09-09|2026-09-10|2026-09-11|2026-09-14|2026-09-15|2026-09-16|2026-09-17|2026-09-18|2026-09-21|2026-09-23|2026-09-24,2026-09-24 18:35:53,0.0
ARKO,,2026-08-12|2026-08-13|2026-08-14|2026-08-17|2026-08-18|2026-08-19|2026-08-20|2026-08-21|2026-08-24|2026-08-25|2026-08-26|2026-08-27|2026-08-28|2026-08-31|2026-09-01|2026-09-02|2026-09-03|2026-09-04|2026-09-08|2026-09-09|2026-09-10|2026-09-11|2026-09-14|2026-09-15|2026-09-16|2026-09-17|2026-09-18|2026-09-21|2026-09-23|2026-09-24,2026-09-24 18:35:53,0.0
Sanmina,,2026-08-12|2026-08-13|2026-08-14|2026-08-17|2026-08-18|2026-08-19|2026-08-20|2026-08-21|2026-08-24|2026-08-25|2026-08-26|2026-08-27|2026-08-28|2026-08-31|2026-09-01|2026-09-02|2026-09-03|2026-09-04|2026-09-08|2026-09-09|2026-09-10|2026-09-11|2026-09-14|2026-09-15|2026-09-16|2026-09-17|2026-09-18|2026-09-21|2026-09-23|2026-09-24,2026-09-24 18:35:53,0.0
Electronic Arts,,2026-08-04,2026-09-24 18:35:53,0.0
Yum Brands,,2026-08-12|2026-08-13|2026-08-14|2026-08-17|2026-08-18|2026-08-19|2026-08-20|2026-08-21|2026-08-24|2026-08-25|2026-08-26|2026-08-27|2026-08-28|2026-08-31|2026-09-01|2026-09-02|2026-09-03|2026-09-04|2026-09-08|2026-09-09|2026-09-10|2026-09-11|2026-09-14|2026-09-15|2026-09-16|2026-09-17|2026-09-18|2026-09-21|2026-09-23|2026-09-24,2026-09-24 18:35:53,0.0
Fastenal,,2026-08-12|2026-08-13|2026-08-14|2026-08-17|2026-08-18|2026-08-19|2026-08-20|2026-08-21|2026-08-24|2026-08-25|2026-08-26|2026-08-27|2026-08-28|2026-08-31|2026-09-01|2026-09-02|2026-09-03|2026-09-04|2026-09-08|2026-09-09|2026-09-10|2026-09-11|2026-09-14|2026-09-15|2026-09-16|2026-09-17|2026-09-18|2026-09-21|2026-09-23|2026-09-24,2026-09-24 18:35:53,0.0
CMS Energy,,2026-08-12|2026-08-13|2026-08-14|2026-08-17|2026-08-18|2026-08-19|2026-08-20|2026-08-21|2026-08-24|2026-08-25|2026-08-26|2026-08-27|2026-08-28|2026-08-31|2026-09-01|2026-09-02|2026-09-03|2026-09-04|2026-09-08|2026-09-09|2026-09-10|2026-09-11|2026-09-14|2026-09-15|2026-09-16|2026-09-17|2026-09-18|2026-09-21|2026-09-23|2026-09-24,2026-09-24 18:35:53,0.0
Monster Beverage,,2026-08-12|2026-08-13|2026-08-14|2026-08-17|2026-08-18|2026-08-19|2026-08-20|2026-08-21|2026-08-24|2026-08-25|2026-08-26|2026-08-27|2026-08-28|2026-08-31|2026-09-01|2026-09-02|2026-09-03|2026-09-04|2026-09-08|2026-09-09|2026-09-10|2026-09-11|2026-09-14|2026-09-15|2026-09-16|2026-09-17|2026-09-18|2026-09-21|2026-09-23|2026-09-24,2026-09-24 18:35:53,0.0
Science Applications International,,2026-08-12|2026-08-13|2026-08-14|2026-08-17|2026-08-18|2026-08-19|2026-08-20|2026-08-21|2026-08-24|2026-08-25|2026-08-26|2026-08-27|2026-08-28|2026-08-31|2026-09-01|2026-09-02|2026-09-03|2026-09-04|2026-09-08|2026-09-09|2026-09-10|2026-09-11|2026-09-14|2026-09-15|2026-09-16|2026-09-17|2026-09-18|2026-09-21|2026-09-23|2026-09-24,2026-09-24 18:35:53,0.0
Core & Main,,2026-08-12|2026-08-13|2026-08-14|2026-08-17|2026-08-18|2026-08-19|2026-08-20|2026-08-21|2026-08-24|2026-08-25|2026-08-26|2026-08-27|2026-08-28|2026-08-31|2026-09-01|2026-09-02|2026-09-03|2026-09-04|2026-09-08|2026-09-09|2026-09-10|2026-09-11|2026-09-14|2026-09-15|2026-09-16|2026-09-17|2026-09-18|2026-09-21|2026-09-23|2026-09-24,2026-09-24 18:35:53,0.0
Howmet Aerospace,,2026-08-12|2026-08-13|2026-08-14|2026-08-17|2026-08-18|2026-08-19|2026-08-20|2026-08-21|2026-08-24|2026-08-25|2026-08-26|2026-08-27|2026-08-28|2026-08-31|2026-09-01|2026-09-02|2026-09-03|2026-09-04|2026-09-08|2026-09-09|2026-09-10|2026-09-11|2026-09-14|2026-09-15|2026-09-16|2026-09-17|2026-09-18|2026-09-21|2026-09-23|2026-09-24,2026-09-24 18:35:53,0.0
Ingredion,,2026-08-12|2026-08-13|2026-08-14|2026-08-17|2026-08-18|2026-08-19|2026-08-20|2026-08-21|2026-08-24|2026-08-25|2026-08-26|2026-08-27|2026-08-28|2026-08-31|2026-09-01|2026-09-02|2026-09-03|2026-09-04|2026-09-08|2026-09-09|2026-09-10|2026-09-11|2026-09-14|2026-09-15|2026-09-16|2026-09-17|2026-09-18|2026-09-21|2026-09-23|2026-09-24,2026-09-24 18:35:53,0.0
Vulcan Materials,,2026-08-12|2026-08-13|2026-08-14|2026-08-17|2026-08-18|2026-08-19|2026-08-20|2026-08-21|2026-08-24|2026-08-25|2026-08-26|2026-08-27|2026-08-28|2026-08-31|2026-09-01|2026-09-02|2026-09-03|2026-09-04|2026-09-08|2026-09-09|2026-09-10|2026-09-11|2026-09-14|2026-09-15|2026-09-16|2026-09-17|2026-09-18|2026-09-21|2026-09-23|2026-09-24,2026-09-24 18:35:53,0.0
Smurfit Westrock,,2026-08-12|2026-08-13|2026-08-14|2026-08-17|2026-08-18|2026-08-19|2026-08-20|2026-08-21|2026-08-24|2026-08-25|2026-08-26|2026-08-27|2026-08-28|2026-08-31|2026-09-01|2026-09-02|2026-09-03|2026-09-04|2026-09-08|2026-09-09|2026-09-10|2026-09-11|2026-09-14|2026-09-15|2026-09-16|2026-09-17|2026-09-18|2026-09-21|2026-09-23|2026-09-24,2026-09-24 18:35:53,0.0
Crown Holdings,,2026-08-12|2026-08-13|2026-08-14|2026-08-17|2026-08-18|2026-08-19|2026-08-20|2026-08-21|2026-08-24|2026-08-25|2026-08-26|2026-08-27|2026-08-28|2026-08-31|2026-09-01|2026-09-02|2026-09-03|2026-09-04|2026-09-08|2026-09-09|2026-09-10|2026-09-11|2026-09-14|2026-09-15|2026-09-16|2026-09-17|2026-09-18|2026-09-21|2026-09-23|2026-09-24,2026-09-24 18:35:53,0.0
Dana Incorporated,,2026-08-12|2026-08-13|2026-08-14|2026-08-17|2026-08-18|2026-08-19|2026-08-20|2026-08-21|2026-08-24|2026-08-25|2026-08-26|2026-08-27|2026-08-28|2026-08-31|2026-09-01|2026-09-02|2026-09-03|2026-09-04|2026-09-08|2026-09-09|2026-09-10|2026-09-11|2026-09-14|2026-09-15|2026-09-16|2026-09-17|2026-09-18|2026-09-21|2026-09-23|2026-09-24,2026-09-24 18:35:53,0.0
Albemarle Corporation,,2026-08-12|2026-08-13|2026-08-14|2026-08-17|2026-08-18|2026-08-19|2026-08-20|2026-08-21|2026-08-24|2026-08-25|2026-08-26|2026-08-27|2026-08-28|2026-08-31|2026-09-01|2026-09-02|2026-09-03|2026-09-04|2026-09-08|2026-09-09|2026-09-10|2026-09-11|2026-09-14|2026-09-15|2026-09-16|2026-09-17|2026-09-18|2026-09-21|2026-09-23|2026-09-24,2026-09-24 18:35:53,0.0
Polaris Inc,,2026-08-12|2026-08-13|2026-08-14|2026-08-17|2026-08-18|2026-08-19|2026-08-20|2026-08-21|2026-08-24|2026-08-25|2026-08-26|2026-08-27|2026-08-28|2026-08-31|2026-09-01|2026-09-02|2026-09-03|2026-09-04|2026-09-08|2026-09-09|2026-09-10|2026-09-11|2026-09-14|2026-09-15|2026-09-16|2026-09-17|2026-09-18|2026-09-21|2026-09-23|2026-09-24,2026-09-24 18:35:53,0.0
UGI Utilities Inc,,2026-08-12|2026-08-13|2026-08-14|2026-08-17|2026-08-18|2026-08-19|2026-08-20|2026-08-21|2026-08-24|2026-08-25|2026-08-26|2026-08-27|2026-08-28|2026-08-31|2026-09-01|2026-09-02|2026-09-03|2026-09-04|2026-09-08|2026-09-09|2026-09-10|2026-09-11|2026-09-14|2026-09-15|2026-09-16|2026-09-17|2026-09-18|2026-09-21|2026-09-23|2026-09-24,2026-09-24 18:35:53,0.0
Expand Energy Corporation,,2026-08-12|2026-08-13|2026-08-14|2026-08-17|2026-08-18|2026-08-19|2026-08-20|2026-08-21|2026-08-24|2026-08-25|2026-08-26|2026-08-27|2026-08-28|2026-08-31|2026-09-01|2026-09-02|2026-09-03|2026-09-04|2026-09-08|2026-09-09|2026-09-10|2026-09-11|2026-09-14|2026-09-15|2026-09-16|2026-09-17|2026-09-18|2026-09-21|2026-09-23|2026-09-24,2026-09-24 18:35:53,0.0
NGL Energy Partners,,2026-08-12|2026-08-13|2026-08-14|2026-08-17|2026-08-18|2026-08-19|2026-08-20|2026-08-21|2026-08-24|2026-08-25|2026-08-26|2026-08-27|2026-08-28|2026-08-31|2026-09-01|2026-09-02|2026-09-03|2026-09-04|2026-09-08|2026-09-09|2026-09-10|2026-09-11|2026-09-14|2026-09-15|2026-09-16|2026-09-17|2026-09-18|2026-09-21|2026-09-23|2026-09-24,2026-09-24 18:35:53,0.0
ON Semiconductor,,2026-08-12|2026-08-13|2026-08-14|2026-08-17|2026-08-18|2026-08-19|2026-08-20|2026-08-21|2026-08-24|2026-08-25|2026-08-26|2026-08-27|2026-08-28|2026-08-31|2026-09-01|2026-09-02|2026-09-03|2026-09-04|2026-09-08|2026-09-09|2026-09-10|2026-09-11|2026-09-14|2026-09-15|2026-09-16|2026-09-17|2026-09-18|2026-09-21|2026-09-23|2026-09-24,2026-09-24 18:35:53,0.0
Flagstar Financial,,2026-08-12|2026-08-13|2026-08-14|2026-08-17|2026-08-18|2026-08-19|2026-08-20|2026-08-21|2026-08-24|2026-08-25|2026-08-26|2026-08-27|2026-08-28|2026-08-31|2026-09-01|2026-09-02|2026-09-03|2026-09-04|2026-09-08|2026-09-09|2026-09-10|2026-09-11|2026-09-14|2026-09-15|2026-09-16|2026-09-17|2026-09-18|2026-09-21|2026-09-23|2026-09-24,2026-09-24 18:35:53,0.0
Weyerhaeuser,,2026-08-12|2026-08-13|2026-08-14|2026-08-17|2026-08-18|2026-08-19|2026-08-20|2026-08-21|2026-08-24|2026-08-25|2026-08-26|2026-08-27|2026-08-28|2026-08-31|2026-09-01|2026-09-02|2026-09-03|2026-09-04|2026-09-08|2026-09-09|2026-09-10|2026-09-11|2026-09-14|2026-09-15|2026-09-16|2026-09-17|2026-09-18|2026-09-21|2026-09-23|2026-09-24,2026-09-24 18:35:53,0.0
Genworth Financial,,2026-08-12|2026-08-13|2026-08-14|2026-08-17|2026-08-18|2026-08-19|2026-08-20|2026-08-21|2026-08-24|2026-08-25|2026-08-26|2026-08-27|2026-08-28|2026-08-31|2026-09-01|2026-09-02|2026-09-03|2026-09-04|2026-09-08|2026-09-09|2026-09-10|2026-09-11|2026-09-14|2026-09-15|2026-09-16|2026-09-17|2026-09-18|2026-09-21|2026-09-23|2026-09-24,2026-09-24 18:35:53,0.0
Bath & Body Works,,2026-08-12|2026-08-13|2026-08-14|2026-08-17|2026-08-18|2026-08-19|2026-08-20|2026-08-21|2026-08-24|2026-08-25|2026-08-26|2026-08-27|2026-08-28|2026-08-31|2026-09-01|2026-09-02|2026-09-03|2026-09-04|2026-09-08|2026-09-09|2026-09-10|2026-09-11|2026-09-14|2026-09-15|2026-09-16|2026-09-17|2026-09-18|2026-09-21|2026-09-23|2026-09-24,2026-09-24 18:35:53,0.0
Clorox,,2026-08-12|2026-08-13|2026-08-14|2026-08-17|2026-08-18|2026-08-19|2026-08-20|2026-08-21|2026-08-24|2026-08-25|2026-08-26|2026-08-27|2026-08-28|2026-08-31|2026-09-01|2026-09-02|2026-09-03|2026-09-04|2026-09-08|2026-09-09|2026-09-10|2026-09-11|2026-09-14|2026-09-15|2026-09-16|2026-09-17|2026-09-18|2026-09-21|2026-09-23|2026-09-24,2026-09-24 18:35:53,0.0
RPM International,,2026-08-12|2026-08-13|2026-08-14|2026-08-17|2026-08-18|2026-08-19|2026-08-20|2026-08-21|2026-08-24|2026-08-25|2026-08-26|2026-08-27|2026-08-28|2026-08-31|2026-09-01|2026-09-02|2026-09-03|2026-09-04|2026-09-08|2026-09-09|2026-09-10|2026-09-11|2026-09-14|2026-09-15|2026-09-16|2026-09-17|2026-09-18|2026-09-21|2026-09-23|2026-09-24,2026-09-24 18:35:53,0.0
UFP Industries,,2026-08-12|2026-08-13|2026-08-14|2026-08-17|2026-08-18|2026-08-19|2026-08-20|2026-08-21|2026-08-24|2026-08-25|2026-08-26|2026-08-27|2026-08-28|2026-08-31|2026-09-01|2026-09-02|2026-09-03|2026-09-04|2026-09-08|2026-09-09|2026-09-10|2026-09-11|2026-09-14|2026-09-15|2026-09-16|2026-09-17|2026-09-18|2026-09-21|2026-09-23|2026-09-24,2026-09-24 18:35:53,0.0
Ameren,,2026-08-12|2026-08-13|2026-08-14|2026-08-17|2026-08-18|2026-08-19|2026-08-20|2026-08-21|2026-08-24|2026-08-25|2026-08-26|2026-08-27|2026-08-28|2026-08-31|2026-09-01|2026-09-02|2026-09-03|2026-09-04|2026-09-08|2026-09-09|2026-09-10|2026-09-11|2026-09-14|2026-09-15|2026-09-16|2026-09-17|2026-09-18|2026-09-21|2026-09-23|2026-09-24,2026-09-24 18:35:53,0.0
Knight Swift Transportation,,2026-08-12|2026-08-13|2026-08-14|2026-08-17|2026-08-18|2026-08-19|2026-08-20|2026-08-21|2026-08-24|2026-08-25|2026-08-26|2026-08-27|2026-08-28|2026-08-31|2026-09-01|2026-09-02|2026-09-03|2026-09-04|2026-09-08|2026-09-09|2026-09-10|2026-09-11|2026-09-14|2026-09-15|2026-09-16|2026-09-17|2026-09-18|2026-09-21|2026-09-23|2026-09-24,2026-09-24 18:35:53,0.0
Super Micro Computer,,2026-08-13|2026-08-14|2026-08-17|2026-08-18|2026-08-19|2026-08-20|2026-08-21|2026-08-24|2026-08-25|2026-08-26|2026-08-27|2026-08-28|2026-08-31|2026-09-01|2026-09-02|2026-09-03|2026-09-04|2026-09-08|2026-09-09|2026-09-10|2026-09-11|2026-09-14|2026-09-15|2026-09-16|2026-09-17|2026-09-18|2026-09-21|2026-09-22|2026-09-23|2026-09-24,2026-09-24 18:35:53,0.0
O-I Glass,,2026-08-12|2026-08-13|2026-08-14|2026-08-17|2026-08-18|2026-08-19|2026-08-20|2026-08-21|2026-08-24|2026-08-25|2026-08-26|2026-08-27|2026-08-28|2026-08-31|2026-09-01|2026-09-02|2026-09-03|2026-09-04|2026-09-08|2026-09-09|2026-09-10|2026-09-11|2026-09-14|2026-09-15|2026-09-16|2026-09-17|2026-09-18|2026-09-21|2026-09-23|2026-09-24,2026-09-24 18:35:53,0.0
Crown Castle,,2026-08-12|2026-08-13|2026-08-14|2026-08-17|2026-08-18|2026-08-19|2026-08-20|2026-08-21|2026-08-24|2026-08-25|2026-08-26|2026-08-27|2026-08-28|2026-08-31|2026-09-01|2026-09-02|2026-09-03|2026-09-04|2026-09-08|2026-09-09|2026-09-10|2026-09-11|2026-09-14|2026-09-15|2026-09-16|2026-09-17|2026-09-18|2026-09-21|2026-09-23|2026-09-24,2026-09-24 18:35:53,0.0
Avantor,,2026-08-12|2026-08-13|2026-08-14|2026-08-17|2026-08-18|2026-08-19|2026-08-20|2026-08-21|2026-08-24|2026-08-25|2026-08-26|2026-08-27|2026-08-28|2026-08-31|2026-09-01|2026-09-02|2026-09-03|2026-09-04|2026-09-08|2026-09-09|2026-09-10|2026-09-11|2026-09-14|2026-09-15|2026-09-16|2026-09-17|2026-09-18|2026-09-21|2026-09-23|2026-09-24,2026-09-24 18:35:53,0.0
Opendoor Technologies,,2026-08-13|2026-08-14|2026-08-17|2026-08-18|2026-08-19|2026-08-20|2026-08-21|2026-08-24|2026-08-25|2026-08-26|2026-08-27|2026-08-28|2026-08-31|2026-09-01|2026-09-02|2026-09-03|2026-09-04|2026-09-08|2026-09-09|2026-09-10|2026-09-11|2026-09-14|2026-09-15|2026-09-16|2026-09-17|2026-09-18|2026-09-21|2026-09-22|2026-09-23|2026-09-24,2026-09-24 18:35:53,0.0
APi Group,,2026-08-12|2026-08-13|2026-08-14|2026-08-17|2026-08-18|2026-08-19|2026-08-20|2026-08-21|2026-08-24|2026-08-25|2026-08-26|2026-08-27|2026-08-28|2026-08-31|2026-09-01|2026-09-02|2026-09-03|2026-09-04|2026-09-08|2026-09-09|2026-09-10|2026-09-11|2026-09-14|2026-09-15|2026-09-16|2026-09-17|2026-09-18|2026-09-21|2026-09-23|2026-09-24,2026-09-24 18:35:53,0.0
EQT,,2026-08-12|2026-08-13|2026-08-14|2026-08-17|2026-08-18|2026-08-19|2026-08-20|2026-08-21|2026-08-24|2026-08-25|2026-08-26|2026-08-27|2026-08-28|2026-08-31|2026-09-01|2026-09-02|2026-09-03|2026-09-04|2026-09-08|2026-09-09|2026-09-10|2026-09-11|2026-09-14|2026-09-15|2026-09-16|2026-09-17|2026-09-18|2026-09-21|2026-09-23|2026-09-24,2026-09-24 18:35:53,0.0
Xerox,,2026-08-12|2026-08-13|2026-08-14|2026-08-17|2026-08-18|2026-08-19|2026-08-20|2026-08-21|2026-08-24|2026-08-25|2026-08-26|2026-08-27|2026-08-28|2026-08-31|2026-09-01|2026-09-02|2026-09-03|2026-09-04|2026-09-08|2026-09-09|2026-09-10|2026-09-11|2026-09-14|2026-09-15|2026-09-16|2026-09-17|2026-09-18|2026-09-21|2026-09-23|2026-09-24,2026-09-24 18:35:53,0.0
Ingersoll Rand,,2026-08-12|2026-08-13|2026-08-14|2026-08-17|2026-08-18|2026-08-19|2026-08-20|2026-08-21|2026-08-24|2026-08-25|2026-08-26|2026-08-27|2026-08-28|2026-08-31|2026-09-01|2026-09-02|2026-09-03|2026-09-04|2026-09-08|2026-09-09|2026-09-10|2026-09-11|2026-09-14|2026-09-15|2026-09-16|2026-09-17|2026-09-18|2026-09-21|2026-09-23|2026-09-24,2026-09-24 18:35:53,0.0
Dillards,,2026-08-12|2026-08-13|2026-08-14|2026-08-17|2026-08-18|2026-08-19|2026-08-20|2026-08-21|2026-08-24|2026-08-25|2026-08-26|2026-08-27|2026-08-28|2026-08-31|2026-09-01|2026-09-02|2026-09-03|2026-09-04|2026-09-08|2026-09-09|2026-09-10|2026-09-11|2026-09-14|2026-09-15|2026-09-16|2026-09-17|2026-09-18|2026-09-21|2026-09-23|2026-09-24,2026-09-24 18:35:53,0.0
Martin Marietta Materials,,2026-08-12|2026-08-13|2026-08-14|2026-08-17|2026-08-18|2026-08-19|2026-08-20|2026-08-21|2026-08-24|2026-08-25|2026-08-26|2026-08-27|2026-08-28|2026-08-31|2026-09-01|2026-09-02|2026-09-03|2026-09-04|2026-09-08|2026-09-09|2026-09-10|2026-09-11|2026-09-14|2026-09-15|2026-09-16|2026-09-17|2026-09-18|2026-09-21|2026-09-23|2026-09-24,2026-09-24 18:35:53,0.0
Moderna,,2026-08-13|2026-08-14|2026-08-17|2026-08-18|2026-08-19|2026-08-20|2026-08-21|2026-08-24|2026-08-25|2026-08-26|2026-08-27|2026-08-28|2026-08-31|2026-09-01|2026-09-02|2026-09-03|2026-09-04|2026-09-08|2026-09-09|2026-09-10|2026-09-11|2026-09-14|2026-09-15|2026-09-16|2026-09-17|2026-09-18|2026-09-21|2026-09-22|2026-09-23|2026-09-24,2026-09-24 18:35:53,0.0
Boise Cascade,,2026-08-12|2026-08-13|2026-08-14|2026-08-17|2026-08-18|2026-08-19|2026-08-20|2026-08-21|2026-08-24|2026-08-25|2026-08-26|2026-08-27|2026-08-28|2026-08-31|2026-09-01|2026-09-02|2026-09-03|2026-09-04|2026-09-08|2026-09-09|2026-09-10|2026-09-11|2026-09-14|2026-09-15|2026-09-16|2026-09-17|2026-09-18|2026-09-21|2026-09-23|2026-09-24,2026-09-24 18:35:53,0.0
Agilent Technologies,,2026-08-12|2026-08-13|2026-08-14|2026-08-17|2026-08-18|2026-08-19|2026-08-20|2026-08-21|2026-08-24|2026-08-25|2026-08-26|2026-08-27|2026-08-28|2026-08-31|2026-09-01|2026-09-02|2026-09-03|2026-09-04|2026-09-08|2026-09-09|2026-09-10|2026-09-11|2026-09-14|2026-09-15|2026-09-16|2026-09-17|2026-09-18|2026-09-21|2026-09-23|2026-09-24,2026-09-24 18:35:53,0.0
Olin Corporation,,2026-08-12|2026-08-13|2026-08-14|2026-08-17|2026-08-18|2026-08-19|2026-08-20|2026-08-21|2026-08-24|2026-08-25|2026-08-26|2026-08-27|2026-08-28|2026-08-31|2026-09-01|2026-09-02|2026-09-03|2026-09-04|2026-09-08|2026-09-09|2026-09-10|2026-09-11|2026-09-14|2026-09-15|2026-09-16|2026-09-17|2026-09-18|2026-09-21|2026-09-23|2026-09-24,2026-09-24 18:35:53,0.0
Darling Ingredients,,2026-08-12|2026-08-13|2026-08-14|2026-08-17|2026-08-18|2026-08-19|2026-08-20|2026-08-21|2026-08-24|2026-08-25|2026-08-26|2026-08-27|2026-08-28|2026-08-31|2026-09-01|2026-09-02|2026-09-03|2026-09-04|2026-09-08|2026-09-09|2026-09-10|2026-09-11|2026-09-14|2026-09-15|2026-09-16|2026-09-17|2026-09-18|2026-09-21|2026-09-23|2026-09-24,2026-09-24 18:35:53,0.0
Sonoco Products,,2026-08-12|2026-08-13|2026-08-14|2026-08-17|2026-08-18|2026-08-19|2026-08-20|2026-08-21|2026-08-24|2026-08-25|2026-08-26|2026-08-27|2026-08-28|2026-08-31|2026-09-01|2026-09-02|2026-09-03|2026-09-04|2026-09-08|2026-09-09|2026-09-10|2026-09-11|2026-09-14|2026-09-15|2026-09-16|2026-09-17|2026-09-18|2026-09-21|2026-09-23|2026-09-24,2026-09-24 18:35:53,0.0
Hyatt Hotels,,2026-08-12|2026-08-13|2026-08-14|2026-08-17|2026-08-18|2026-08-19|2026-08-20|2026-08-21|2026-08-24|2026-08-25|2026-08-26|2026-08-27|2026-08-28|2026-08-31|2026-09-01|2026-09-02|2026-09-03|2026-09-04|2026-09-08|2026-09-09|2026-09-10|2026-09-11|2026-09-14|2026-09-15|2026-09-16|2026-09-17|2026-09-18|2026-09-21|2026-09-23|2026-09-24,2026-09-24 18:35:53,0.0
McCormick & Company,,2026-08-12|2026-08-13|2026-08-14|2026-08-17|2026-08-18|2026-08-19|2026-08-20|2026-08-21|2026-08-24|2026-08-25|2026-08-26|2026-08-27|2026-08-28|2026-08-31|2026-09-01|2026-09-02|2026-09-03|2026-09-04|2026-09-08|2026-09-09|2026-09-10|2026-09-11|2026-09-14|2026-09-15|2026-09-16|2026-09-17|2026-09-18|2026-09-21|2026-09-23|2026-09-24,2026-09-24 18:35:53,0.0
Tapestry,,2026-08-12|2026-08-13|2026-08-14|2026-08-17|2026-08-18|2026-08-19|2026-08-20|2026-08-21|2026-08-24|2026-08-25|2026-08-26|2026-08-27|2026-08-28|2026-08-31|2026-09-01|2026-09-02|2026-09-03|2026-09-04|2026-09-08|2026-09-09|2026-09-10|2026-09-11|2026-09-14|2026-09-15|2026-09-16|2026-09-17|2026-09-18|2026-09-21|2026-09-23|2026-09-24,2026-09-24 18:35:53,0.0
CF Industries,,2026-08-12|2026-08-13|2026-08-14|2026-08-17|2026-08-18|2026-08-19|2026-08-20|2026-08-21|2026-08-24|2026-08-25|2026-08-26|2026-08-27|2026-08-28|2026-08-31|2026-09-01|2026-09-02|2026-09-03|2026-09-04|2026-09-08|2026-09-09|2026-09-10|2026-09-11|2026-09-14|2026-09-15|2026-09-16|2026-09-17|2026-09-18|2026-09-21|2026-09-23|2026-09-24,2026-09-24 18:35:53,0.0
Ametek,,2026-08-12|2026-08-13|2026-08-14|2026-08-17|2026-08-18|2026-08-19|2026-08-20|2026-08-21|2026-08-24|2026-08-25|2026-08-26|2026-08-27|2026-08-28|2026-08-31|2026-09-01|2026-09-02|2026-09-03|2026-09-04|2026-09-08|2026-09-09|2026-09-10|2026-09-11|2026-09-14|2026-09-15|2026-09-16|2026-09-17|2026-09-18|2026-09-21|2026-09-23|2026-09-24,2026-09-24 18:35:53,0.0
Wynn Resorts,,2026-08-12|2026-08-13|2026-08-14|2026-08-17|2026-08-18|2026-08-19|2026-08-20|2026-08-21|2026-08-24|2026-08-25|2026-08-26|2026-08-27|2026-08-28|2026-08-31|2026-09-01|2026-09-02|2026-09-03|2026-09-04|2026-09-08|2026-09-09|2026-09-10|2026-09-11|2026-09-14|2026-09-15|2026-09-16|2026-09-17|2026-09-18|2026-09-21|2026-09-23|2026-09-24,2026-09-24 18:35:53,0.0
Amkor Technology,,2026-08-12|2026-08-13|2026-08-14|2026-08-17|2026-08-18|2026-08-19|2026-08-20|2026-08-21|2026-08-24|2026-08-25|2026-08-26|2026-08-27|2026-08-28|2026-08-31|2026-09-01|2026-09-02|2026-09-03|2026-09-04|2026-09-08|2026-09-09|2026-09-10|2026-09-11|2026-09-14|2026-09-15|2026-09-16|2026-09-17|2026-09-18|2026-09-21|2026-09-23|2026-09-24,2026-09-24 18:35:53,0.0
Insperity,,2026-08-12|2026-08-13|2026-08-14|2026-08-17|2026-08-18|2026-08-19|2026-08-20|2026-08-21|2026-08-24|2026-08-25|2026-08-26|2026-08-27|2026-08-28|2026-08-31|2026-09-01|2026-09-02|2026-09-03|2026-09-04|2026-09-08|2026-09-09|2026-09-10|2026-09-11|2026-09-14|2026-09-15|2026-09-16|2026-09-17|2026-09-18|2026-09-21|2026-09-23|2026-09-24,2026-09-24 18:35:53,0.0
T Rowe Price,,2026-08-12|2026-08-13|2026-08-14|2026-08-17|2026-08-18|2026-08-19|2026-08-20|2026-08-21|2026-08-24|2026-08-25|2026-08-26|2026-08-27|2026-08-28|2026-08-31|2026-09-01|2026-09-02|2026-09-03|2026-09-04|2026-09-08|2026-09-09|2026-09-10|2026-09-11|2026-09-14|2026-09-15|2026-09-16|2026-09-17|2026-09-18|2026-09-21|2026-09-23|2026-09-24,2026-09-24 18:35:53,0.0
Ralph Lauren,,2026-08-12|2026-08-13|2026-08-14|2026-08-17|2026-08-18|2026-08-19|2026-08-20|2026-08-21|2026-08-24|2026-08-25|2026-08-26|2026-08-27|2026-08-28|2026-08-31|2026-09-01|2026-09-02|2026-09-03|2026-09-04|2026-09-08|2026-09-09|2026-09-10|2026-09-11|2026-09-14|2026-09-15|2026-09-16|2026-09-17|2026-09-18|2026-09-21|2026-09-23|2026-09-24,2026-09-24 18:35:53,0.0
KB Home,,2026-08-13|2026-08-14|2026-08-17|2026-08-18|2026-08-19|2026-08-20|2026-08-21|2026-08-24|2026-08-25|2026-08-26|2026-08-27|2026-08-28|2026-08-31|2026-09-01|2026-09-02|2026-09-03|2026-09-04|2026-09-08|2026-09-09|2026-09-10|2026-09-11|2026-09-14|2026-09-15|2026-09-16|2026-09-17|2026-09-18|2026-09-21|2026-09-22|2026-09-23|2026-09-24,2026-09-24 18:35:53,0.0
Brunswick Corporation,,2026-08-12|2026-08-13|2026-08-14|2026-08-17|2026-08-18|2026-08-19|2026-08-20|2026-08-21|2026-08-24|2026-08-25|2026-08-26|2026-08-27|2026-08-28|2026-08-31|2026-09-01|2026-09-02|2026-09-03|2026-09-04|2026-09-08|2026-09-09|2026-09-10|2026-09-11|2026-09-14|2026-09-15|2026-09-16|2026-09-17|2026-09-18|2026-09-21|2026-09-23|2026-09-24,2026-09-24 18:35:53,0.0
Robert Half,,2026-08-12|2026-08-13|2026-08-14|2026-08-17|2026-08-18|2026-08-19|2026-08-20|2026-08-21|2026-08-24|2026-08-25|2026-08-26|2026-08-27|2026-08-28|2026-08-31|2026-09-01|2026-09-02|2026-09-03|2026-09-04|2026-09-08|2026-09-09|2026-09-10|2026-09-11|2026-09-14|2026-09-15|2026-09-16|2026-09-17|2026-09-18|2026-09-21|2026-09-23|2026-09-24,2026-09-24 18:35:53,0.0
PENN Entertainment,,2026-08-12|2026-08-13|2026-08-14|2026-08-17|2026-08-18|2026-08-19|2026-08-20|2026-08-21|2026-08-24|2026-08-25|2026-08-26|2026-08-27|2026-08-28|2026-08-31|2026-09-01|2026-09-02|2026-09-03|2026-09-04|2026-09-08|2026-09-09|2026-09-10|2026-09-11|2026-09-14|2026-09-15|2026-09-16|2026-09-17|2026-09-18|2026-09-21|2026-09-23|2026-09-24,2026-09-24 18:35:53,0.0
NetApp,,2026-08-12|2026-08-13|2026-08-14|2026-08-17|2026-08-18|2026-08-19|2026-08-20|2026-08-21|2026-08-24|2026-08-25|2026-08-26|2026-08-27|2026-08-28|2026-08-31|2026-09-01|2026-09-02|2026-09-03|2026-09-04|2026-09-08|2026-09-09|2026-09-10|2026-09-11|2026-09-14|2026-09-15|2026-09-16|2026-09-17|2026-09-18|2026-09-21|2026-09-23|2026-09-24,2026-09-24 18:35:53,0.0
Organon,,2026-08-12|2026-08-13|2026-08-14|2026-08-17|2026-08-18|2026-08-19|2026-08-20|2026-08-21|2026-08-24|2026-08-25|2026-08-26|2026-08-27|2026-08-28|2026-08-31|2026-09-01|2026-09-02|2026-09-03|2026-09-04|2026-09-08|2026-09-09|2026-09-10|2026-09-11|2026-09-14|2026-09-15|2026-09-16|2026-09-17|2026-09-18|2026-09-21|2026-09-23|2026-09-24,2026-09-24 18:35:53,0.0
Petco Health and Wellness,,2026-08-12|2026-08-13|2026-08-14|2026-08-17|2026-08-18|2026-08-19|2026-08-20|2026-08-21|2026-08-24|2026-08-25|2026-08-26|2026-08-27|2026-08-28|2026-08-31|2026-09-01|2026-09-02|2026-09-03|2026-09-04|2026-09-08|2026-09-09|2026-09-10|2026-09-11|2026-09-14|2026-09-15|2026-09-16|2026-09-17|2026-09-18|2026-09-21|2026-09-23|2026-09-24,2026-09-24 18:35:53,0.0
Regal Rexnord,,2026-08-12|2026-08-13|2026-08-14|2026-08-17|2026-08-18|2026-08-19|2026-08-20|2026-08-21|2026-08-24|2026-08-25|2026-08-26|2026-08-27|2026-08-28|2026-08-31|2026-09-01|2026-09-02|2026-09-03|2026-09-04|2026-09-08|2026-09-09|2026-09-10|2026-09-11|2026-09-14|2026-09-15|2026-09-16|2026-09-17|2026-09-18|2026-09-21|2026-09-23|2026-09-24,2026-09-24 18:35:53,0.0
Resideo Technologies,,2026-08-12|2026-08-13|2026-08-14|2026-08-17|2026-08-18|2026-08-19|2026-08-20|2026-08-21|2026-08-24|2026-08-25|2026-08-26|2026-08-27|2026-08-28|2026-08-31|2026-09-01|2026-09-02|2026-09-03|2026-09-04|2026-09-08|2026-09-09|2026-09-10|2026-09-11|2026-09-14|2026-09-15|2026-09-16|2026-09-17|2026-09-18|2026-09-21|2026-09-23|2026-09-24,2026-09-24 18:35:53,0.0
Camping World,,2026-08-12|2026-08-13|2026-08-14|2026-08-17|2026-08-18|2026-08-19|2026-08-20|2026-08-21|2026-08-24|2026-08-25|2026-08-26|2026-08-27|2026-08-28|2026-08-31|2026-09-01|2026-09-02|2026-09-03|2026-09-04|2026-09-08|2026-09-09|2026-09-10|2026-09-11|2026-09-14|2026-09-15|2026-09-16|2026-09-17|2026-09-18|2026-09-21|2026-09-23|2026-09-24,2026-09-24 18:35:53,0.0
Huntsman Corporation,,2026-08-12|2026-08-13|2026-08-14|2026-08-17|2026-08-18|2026-08-19|2026-08-20|2026-08-21|2026-08-24|2026-08-25|2026-08-26|2026-08-27|2026-08-28|2026-08-31|2026-09-01|2026-09-02|2026-09-03|2026-09-04|2026-09-08|2026-09-09|2026-09-10|2026-09-11|2026-09-14|2026-09-15|2026-09-16|2026-09-17|2026-09-18|2026-09-21|2026-09-23|2026-09-24,2026-09-24 18:35:53,0.0
Levi Strauss,,2026-08-12|2026-08-13|2026-08-14|2026-08-17|2026-08-18|2026-08-19|2026-08-20|2026-08-21|2026-08-24|2026-08-25|2026-08-26|2026-08-27|2026-08-28|2026-08-31|2026-09-01|2026-09-02|2026-09-03|2026-09-04|2026-09-08|2026-09-09|2026-09-10|2026-09-11|2026-09-14|2026-09-15|2026-09-16|2026-09-17|2026-09-18|2026-09-21|2026-09-23|2026-09-24,2026-09-24 18:35:53,0.0
Roper Technologies,,2026-08-12|2026-08-13|2026-08-14|2026-08-17|2026-08-18|2026-08-19|2026-08-20|2026-08-21|2026-08-24|2026-08-25|2026-08-26|2026-08-27|2026-08-28|2026-08-31|2026-09-01|2026-09-02|2026-09-03|2026-09-04|2026-09-08|2026-09-09|2026-09-10|2026-09-11|2026-09-14|2026-09-15|2026-09-16|2026-09-17|2026-09-18|2026-09-21|2026-09-23|2026-09-24,2026-09-24 18:35:53,0.0
Academy Sports and Outdoors,,2026-08-12|2026-08-13|2026-08-14|2026-08-17|2026-08-18|2026-08-19|2026-08-20|2026-08-21|2026-08-24|2026-08-25|2026-08-26|2026-08-27|2026-08-28|2026-08-31|2026-09-01|2026-09-02|2026-09-03|2026-09-04|2026-09-08|2026-09-09|2026-09-10|2026-09-11|2026-09-14|2026-09-15|2026-09-16|2026-09-17|2026-09-18|2026-09-21|2026-09-23|2026-09-24,2026-09-24 18:35:53,0.0
Meritage Homes,,2026-08-12|2026-08-13|2026-08-14|2026-08-17|2026-08-18|2026-08-19|2026-08-20|2026-08-21|2026-08-24|2026-08-25|2026-08-26|2026-08-27|2026-08-28|2026-08-31|2026-09-01|2026-09-02|2026-09-03|2026-09-04|2026-09-08|2026-09-09|2026-09-10|2026-09-11|2026-09-14|2026-09-15|2026-09-16|2026-09-17|2026-09-18|2026-09-21|2026-09-23|2026-09-24,2026-09-24 18:35:53,0.0
Fortive,,2026-08-12|2026-08-13|2026-08-14|2026-08-17|2026-08-18|2026-08-19|2026-08-20|2026-08-21|2026-08-24|2026-08-25|2026-08-26|2026-08-27|2026-08-28|2026-08-31|2026-09-01|2026-09-02|2026-09-03|2026-09-04|2026-09-08|2026-09-09|2026-09-10|2026-09-11|2026-09-14|2026-09-15|2026-09-16|2026-09-17|2026-09-18|2026-09-21|2026-09-23|2026-09-24,2026-09-24 18:35:53,0.0
Nasdaq Inc,,2026-08-12|2026-08-13|2026-08-14|2026-08-17|2026-08-18|2026-08-19|2026-08-20|2026-08-21|2026-08-24|2026-08-25|2026-08-26|2026-08-27|2026-08-28|2026-08-31|2026-09-01|2026-09-02|2026-09-03|2026-09-04|2026-09-08|2026-09-09|2026-09-10|2026-09-11|2026-09-14|2026-09-15|2026-09-16|2026-09-17|2026-09-18|2026-09-21|2026-09-23|2026-09-24,2026-09-24 18:35:53,0.0
Broadridge Financial Solutions,,2026-08-12|2026-08-13|2026-08-14|2026-08-17|2026-08-18|2026-08-19|2026-08-20|2026-08-21|2026-08-24|2026-08-25|2026-08-26|2026-08-27|2026-08-28|2026-08-31|2026-09-01|2026-09-02|2026-09-03|2026-09-04|2026-09-08|2026-09-09|2026-09-10|2026-09-11|2026-09-14|2026-09-15|2026-09-16|2026-09-17|2026-09-18|2026-09-21|2026-09-23|2026-09-24,2026-09-24 18:35:53,0.0
Warner Music Group,,2026-08-12|2026-08-13|2026-08-14|2026-08-17|2026-08-18|2026-08-19|2026-08-20|2026-08-21|2026-08-24|2026-08-25|2026-08-26|2026-08-27|2026-08-28|2026-08-31|2026-09-01|2026-09-02|2026-09-03|2026-09-04|2026-09-08|2026-09-09|2026-09-10|2026-09-11|2026-09-14|2026-09-15|2026-09-16|2026-09-17|2026-09-18|2026-09-21|2026-09-23|2026-09-24,2026-09-24 18:35:53,0.0
Chemours,,2026-08-12|2026-08-13|2026-08-14|2026-08-17|2026-08-18|2026-08-19|2026-08-20|2026-08-21|2026-08-24|2026-08-25|2026-08-26|2026-08-27|2026-08-28|2026-08-31|2026-09-01|2026-09-02|2026-09-03|2026-09-04|2026-09-08|2026-09-09|2026-09-10|2026-09-11|2026-09-14|2026-09-15|2026-09-16|2026-09-17|2026-09-18|2026-09-21|2026-09-23|2026-09-24,2026-09-24 18:35:53,0.0
ADT Inc,,2026-08-12|2026-08-13|2026-08-14|2026-08-17|2026-08-18|2026-08-19|2026-08-20|2026-08-21|2026-08-24|2026-08-25|2026-08-26|2026-08-27|2026-08-28|2026-08-31|2026-09-01|2026-09-02|2026-09-03|2026-09-04|2026-09-08|2026-09-09|2026-09-10|2026-09-11|2026-09-14|2026-09-15|2026-09-16|2026-09-17|2026-09-18|2026-09-21|2026-09-23|2026-09-24,2026-09-24 18:35:53,0.0
Edwards Lifesciences,,2026-08-12|2026-08-13|2026-08-14|2026-08-17|2026-08-18|2026-08-19|2026-08-20|2026-08-21|2026-08-24|2026-08-25|2026-08-26|2026-08-27|2026-08-28|2026-08-31|2026-09-01|2026-09-02|2026-09-03|2026-09-04|2026-09-08|2026-09-09|2026-09-10|2026-09-11|2026-09-14|2026-09-15|2026-09-16|2026-09-17|2026-09-18|2026-09-21|2026-09-23|2026-09-24,2026-09-24 18:35:53,0.0
First American Financial,,2026-08-12|2026-08-13|2026-08-14|2026-08-17|2026-08-18|2026-08-19|2026-08-20|2026-08-21|2026-08-24|2026-08-25|2026-08-26|2026-08-27|2026-08-28|2026-08-31|2026-09-01|2026-09-02|2026-09-03|2026-09-04|2026-09-08|2026-09-09|2026-09-10|2026-09-11|2026-09-14|2026-09-15|2026-09-16|2026-09-17|2026-09-18|2026-09-21|2026-09-23|2026-09-24,2026-09-24 18:35:53,0.0
Hanover Insurance Group,,2026-08-12|2026-08-13|2026-08-14|2026-08-17|2026-08-18|2026-08-19|2026-08-20|2026-08-21|2026-08-24|2026-08-25|2026-08-26|2026-08-27|2026-08-28|2026-08-31|2026-09-01|2026-09-02|2026-09-03|2026-09-04|2026-09-08|2026-09-09|2026-09-10|2026-09-11|2026-09-14|2026-09-15|2026-09-16|2026-09-17|2026-09-18|2026-09-21|2026-09-23|2026-09-24,2026-09-24 18:35:53,0.0
Silgan,,2026-08-12|2026-08-13|2026-08-14|2026-08-17|2026-08-18|2026-08-19|2026-08-20|2026-08-21|2026-08-24|2026-08-25|2026-08-26|2026-08-27|2026-08-28|2026-08-31|2026-09-01|2026-09-02|2026-09-03|2026-09-04|2026-09-08|2026-09-09|2026-09-10|2026-09-11|2026-09-14|2026-09-15|2026-09-16|2026-09-17|2026-09-18|2026-09-21|2026-09-23|2026-09-24,2026-09-24 18:35:53,0.0
Moodys Corporation,,2026-08-12|2026-08-13|2026-08-14|2026-08-17|2026-08-18|2026-08-19|2026-08-20|2026-08-21|2026-08-24|2026-08-25|2026-08-26|2026-08-27|2026-08-28|2026-08-31|2026-09-01|2026-09-02|2026-09-03|2026-09-04|2026-09-08|2026-09-09|2026-09-10|2026-09-11|2026-09-14|2026-09-15|2026-09-16|2026-09-17|2026-09-18|2026-09-21|2026-09-23|2026-09-24,2026-09-24 18:35:53,0.0
Gartner,,2026-08-12|2026-08-13|2026-08-14|2026-08-17|2026-08-18|2026-08-19|2026-08-20|2026-08-21|2026-08-24|2026-08-25|2026-08-26|2026-08-27|2026-08-28|2026-08-31|2026-09-01|2026-09-02|2026-09-03|2026-09-04|2026-09-08|2026-09-09|2026-09-10|2026-09-11|2026-09-14|2026-09-15|2026-09-16|2026-09-17|2026-09-18|2026-09-21|2026-09-23|2026-09-24,2026-09-24 18:35:53,0.0
Under Armour,,2026-08-12|2026-08-13|2026-08-14|2026-08-17|2026-08-18|2026-08-19|2026-08-20|2026-08-21|2026-08-24|2026-08-25|2026-08-26|2026-08-27|2026-08-28|2026-08-31|2026-09-01|2026-09-02|2026-09-03|2026-09-04|2026-09-08|2026-09-09|2026-09-10|2026-09-11|2026-09-14|2026-09-15|2026-09-16|2026-09-17|2026-09-18|2026-09-21|2026-09-23|2026-09-24,2026-09-24 18:35:53,0.0
Ingles Markets,,2026-08-12|2026-08-13|2026-08-14|2026-08-17|2026-08-18|2026-08-19|2026-08-20|2026-08-21|2026-08-24|2026-08-25|2026-08-26|2026-08-27|2026-08-28|2026-08-31|2026-09-01|2026-09-02|2026-09-03|2026-09-04|2026-09-08|2026-09-09|2026-09-10|2026-09-11|2026-09-14|2026-09-15|2026-09-16|2026-09-17|2026-09-18|2026-09-21|2026-09-23|2026-09-24,2026-09-24 18:35:53,0.0
Church & Dwight,,2026-08-12|2026-08-13|2026-08-14|2026-08-17|2026-08-18|2026-08-19|2026-08-20|2026-08-21|2026-08-24|2026-08-25|2026-08-26|2026-08-27|2026-08-28|2026-08-31|2026-09-01|2026-09-02|2026-09-03|2026-09-04|2026-09-08|2026-09-09|2026-09-10|2026-09-11|2026-09-14|2026-09-15|2026-09-16|2026-09-17|2026-09-18|2026-09-21|2026-09-23|2026-09-24,2026-09-24 18:35:53,0.0
Old Dominion Freight Line,,2026-08-12|2026-08-13|2026-08-14|2026-08-17|2026-08-18|2026-08-19|2026-08-20|2026-08-21|2026-08-24|2026-08-25|2026-08-26|2026-08-27|2026-08-28|2026-08-31|2026-09-01|2026-09-02|2026-09-03|2026-09-04|2026-09-08|2026-09-09|2026-09-10|2026-09-11|2026-09-14|2026-09-15|2026-09-16|2026-09-17|2026-09-18|2026-09-21|2026-09-23|2026-09-24,2026-09-24 18:35:53,0.0
U-Haul,,2026-08-12|2026-08-13|2026-08-14|2026-08-17|2026-08-18|2026-08-19|2026-08-20|2026-08-21|2026-08-24|2026-08-25|2026-08-26|2026-08-27|2026-08-28|2026-08-31|2026-09-01|2026-09-02|2026-09-03|2026-09-04|2026-09-08|2026-09-09|2026-09-10|2026-09-11|2026-09-14|2026-09-15|2026-09-16|2026-09-17|2026-09-18|2026-09-21|2026-09-23|2026-09-24,2026-09-24 18:35:53,0.0
Arista Networks,,2026-08-12|2026-08-13|2026-08-14|2026-08-17|2026-08-18|2026-08-19|2026-08-20|2026-08-21|2026-08-24|2026-08-25|2026-08-26|2026-08-27|2026-08-28|2026-08-31|2026-09-01|2026-09-02|2026-09-03|2026-09-04|2026-09-08|2026-09-09|2026-09-10|2026-09-11|2026-09-14|2026-09-15|2026-09-16|2026-09-17|2026-09-18|2026-09-21|2026-09-23|2026-09-24,2026-09-24 18:35:53,0.0
Synopsys,,2026-08-12|2026-08-13|2026-08-14|2026-08-17|2026-08-18|2026-08-19|2026-08-20|2026-08-21|2026-08-24|2026-08-25|2026-08-26|2026-08-27|2026-08-28|2026-08-31|2026-09-01|2026-09-02|2026-09-03|2026-09-04|2026-09-08|2026-09-09|2026-09-10|2026-09-11|2026-09-14|2026-09-15|2026-09-16|2026-09-17|2026-09-18|2026-09-21|2026-09-23|2026-09-24,2026-09-24 18:35:53,0.0
Harley-Davidson,,2026-08-12|2026-08-13|2026-08-14|2026-08-17|2026-08-18|2026-08-19|2026-08-20|2026-08-21|2026-08-24|2026-08-25|2026-08-26|2026-08-27|2026-08-28|2026-08-31|2026-09-01|2026-09-02|2026-09-03|2026-09-04|2026-09-08|2026-09-09|2026-09-10|2026-09-11|2026-09-14|2026-09-15|2026-09-16|2026-09-17|2026-09-18|2026-09-21|2026-09-23|2026-09-24,2026-09-24 18:35:53,0.0
Primoris Services,,2026-08-12|2026-08-13|2026-08-14|2026-08-17|2026-08-18|2026-08-19|2026-08-20|2026-08-21|2026-08-24|2026-08-25|2026-08-26|2026-08-27|2026-08-28|2026-08-31|2026-09-01|2026-09-02|2026-09-03|2026-09-04|2026-09-08|2026-09-09|2026-09-10|2026-09-11|2026-09-14|2026-09-15|2026-09-16|2026-09-17|2026-09-18|2026-09-21|2026-09-23|2026-09-24,2026-09-24 18:35:53,0.0
Carlisle Companies,,2026-08-12|2026-08-13|2026-08-14|2026-08-17|2026-08-18|2026-08-19|2026-08-20|2026-08-21|2026-08-24|2026-08-25|2026-08-26|2026-08-27|2026-08-28|2026-08-31|2026-09-01|2026-09-02|2026-09-03|2026-09-04|2026-09-08|2026-09-09|2026-09-10|2026-09-11|2026-09-14|2026-09-15|2026-09-16|2026-09-17|2026-09-18|2026-09-21|2026-09-23|2026-09-24,2026-09-24 18:35:53,0.0
Simon Property Group,,2026-08-12|2026-08-13|2026-08-14|2026-08-17|2026-08-18|2026-08-19|2026-08-20|2026-08-21|2026-08-24|2026-08-25|2026-08-26|2026-08-27|2026-08-28|2026-08-31|2026-09-01|2026-09-02|2026-09-03|2026-09-04|2026-09-08|2026-09-09|2026-09-10|2026-09-11|2026-09-14|2026-09-15|2026-09-16|2026-09-17|2026-09-18|2026-09-21|2026-09-23|2026-09-24,2026-09-24 18:35:53,0.0
Teledyne Technologies,,2026-08-12|2026-08-13|2026-08-14|2026-08-17|2026-08-18|2026-08-19|2026-08-20|2026-08-21|2026-08-24|2026-08-25|2026-08-26|2026-08-27|2026-08-28|2026-08-31|2026-09-01|2026-09-02|2026-09-03|2026-09-04|2026-09-08|2026-09-09|2026-09-10|2026-09-11|2026-09-14|2026-09-15|2026-09-16|2026-09-17|2026-09-18|2026-09-21|2026-09-23|2026-09-24,2026-09-24 18:35:53,0.0
CME Group,,2026-08-12|2026-08-13|2026-08-14|2026-08-17|2026-08-18|2026-08-19|2026-08-20|2026-08-21|2026-08-24|2026-08-25|2026-08-26|2026-08-27|2026-08-28|2026-08-31|2026-09-01|2026-09-02|2026-09-03|2026-09-04|2026-09-08|2026-09-09|2026-09-10|2026-09-11|2026-09-14|2026-09-15|2026-09-16|2026-09-17|2026-09-18|2026-09-21|2026-09-23|2026-09-24,2026-09-24 18:35:53,0.0
Coty,,2026-08-12|2026-08-13|2026-08-14|2026-08-17|2026-08-18|2026-08-19|2026-08-20|2026-08-21|2026-08-24|2026-08-25|2026-08-26|2026-08-27|2026-08-28|2026-08-31|2026-09-01|2026-09-02|2026-09-03|2026-09-04|2026-09-08|2026-09-09|2026-09-10|2026-09-11|2026-09-14|2026-09-15|2026-09-16|2026-09-17|2026-09-18|2026-09-21|2026-09-23|2026-09-24,2026-09-24 18:35:53,0.0
Pool Corporation,,2026-08-12|2026-08-13|2026-08-14|2026-08-17|2026-08-18|2026-08-19|2026-08-20|2026-08-21|2026-08-24|2026-08-25|2026-08-26|2026-08-27|2026-08-28|2026-08-31|2026-09-01|2026-09-02|2026-09-03|2026-09-04|2026-09-08|2026-09-09|2026-09-10|2026-09-11|2026-09-14|2026-09-15|2026-09-16|2026-09-17|2026-09-18|2026-09-21|2026-09-23|2026-09-24,2026-09-24 18:35:53,0.0
Evergy,,2026-08-12|2026-08-13|2026-08-14|2026-08-17|2026-08-18|2026-08-19|2026-08-20|2026-08-21|2026-08-24|2026-08-25|2026-08-26|2026-08-27|2026-08-28|2026-08-31|2026-09-01|2026-09-02|2026-09-03|2026-09-04|2026-09-08|2026-09-09|2026-09-10|2026-09-11|2026-09-14|2026-09-15|2026-09-16|2026-09-17|2026-09-18|2026-09-21|2026-09-23|2026-09-24,2026-09-24 18:35:53,0.0
Marvell Technology,,2026-08-13|2026-08-14|2026-08-17|2026-08-18|2026-08-19|2026-08-20|2026-08-21|2026-08-24|2026-08-25|2026-08-26|2026-08-27|2026-08-28|2026-08-31|2026-09-01|2026-09-02|2026-09-03|2026-09-04|2026-09-08|2026-09-09|2026-09-10|2026-09-11|2026-09-14|2026-09-15|2026-09-16|2026-09-17|2026-09-18|2026-09-21|2026-09-22|2026-09-23|2026-09-24,2026-09-24 18:35:53,0.0
NiSource,,2026-08-12|2026-08-13|2026-08-14|2026-08-17|2026-08-18|2026-08-19|2026-08-20|2026-08-21|2026-08-24|2026-08-25|2026-08-26|2026-08-27|2026-08-28|2026-08-31|2026-09-01|2026-09-02|2026-09-03|2026-09-04|2026-09-08|2026-09-09|2026-09-10|2026-09-11|2026-09-14|2026-09-15|2026-09-16|2026-09-17|2026-09-18|2026-09-21|2026-09-23|2026-09-24,2026-09-24 18:35:53,0.0
SS&C Technologies,,2026-08-12|2026-08-13|2026-08-14|2026-08-17|2026-08-18|2026-08-19|2026-08-20|2026-08-21|2026-08-24|2026-08-25|2026-08-26|2026-08-27|2026-08-28|2026-08-31|2026-09-01|2026-09-02|2026-09-03|2026-09-04|2026-09-08|2026-09-09|2026-09-10|2026-09-11|2026-09-14|2026-09-15|2026-09-16|2026-09-17|2026-09-18|2026-09-21|2026-09-23|2026-09-24,2026-09-24 18:35:53,0.0
Schneider National,,2026-08-12|2026-08-13|2026-08-14|2026-08-17|2026-08-18|2026-08-19|2026-08-20|2026-08-21|2026-08-24|2026-08-25|2026-08-26|2026-08-27|2026-08-28|2026-08-31|2026-09-01|2026-09-02|2026-09-03|2026-09-04|2026-09-08|2026-09-09|2026-09-10|2026-09-11|2026-09-14|2026-09-15|2026-09-16|2026-09-17|2026-09-18|2026-09-21|2026-09-23|2026-09-24,2026-09-24 18:35:53,0.0
Autodesk,,2026-08-12|2026-08-13|2026-08-14|2026-08-17|2026-08-18|2026-08-19|2026-08-20|2026-08-21|2026-08-24|2026-08-25|2026-08-26|2026-08-27|2026-08-28|2026-08-31|2026-09-01|2026-09-02|2026-09-03|2026-09-04|2026-09-08|2026-09-09|2026-09-10|2026-09-11|2026-09-14|2026-09-15|2026-09-16|2026-09-17|2026-09-18|2026-09-21|2026-09-23|2026-09-24,2026-09-24 18:35:53,0.0
Iron Mountain,,2026-08-12|2026-08-13|2026-08-14|2026-08-17|2026-08-18|2026-08-19|2026-08-20|2026-08-21|2026-08-24|2026-08-25|2026-08-26|2026-08-27|2026-08-28|2026-08-31|2026-09-01|2026-09-02|2026-09-03|2026-09-04|2026-09-08|2026-09-09|2026-09-10|2026-09-11|2026-09-14|2026-09-15|2026-09-16|2026-09-17|2026-09-18|2026-09-21|2026-09-23|2026-09-24,2026-09-24 18:35:53,0.0
Digital Realty Trust,,2026-08-12|2026-08-13|2026-08-14|2026-08-17|2026-08-18|2026-08-19|2026-08-20|2026-08-21|2026-08-24|2026-08-25|2026-08-26|2026-08-27|2026-08-28|2026-08-31|2026-09-01|2026-09-02|2026-09-03|2026-09-04|2026-09-08|2026-09-09|2026-09-10|2026-09-11|2026-09-14|2026-09-15|2026-09-16|2026-09-17|2026-09-18|2026-09-21|2026-09-23|2026-09-24,2026-09-24 18:35:53,0.0
Keysight Technologies,,2026-08-12|2026-08-13|2026-08-14|2026-08-17|2026-08-18|2026-08-19|2026-08-20|2026-08-21|2026-08-24|2026-08-25|2026-08-26|2026-08-27|2026-08-28|2026-08-31|2026-09-01|2026-09-02|2026-09-03|2026-09-04|2026-09-08|2026-09-09|2026-09-10|2026-09-11|2026-09-14|2026-09-15|2026-09-16|2026-09-17|2026-09-18|2026-09-21|2026-09-23|2026-09-24,2026-09-24 18:35:53,0.0
Globe Life,,2026-08-12|2026-08-13|2026-08-14|2026-08-17|2026-08-18|2026-08-19|2026-08-20|2026-08-21|2026-08-24|2026-08-25|2026-08-26|2026-08-27|2026-08-28|2026-08-31|2026-09-01|2026-09-02|2026-09-03|2026-09-04|2026-09-08|2026-09-09|2026-09-10|2026-09-11|2026-09-14|2026-09-15|2026-09-16|2026-09-17|2026-09-18|2026-09-21|2026-09-23|2026-09-24,2026-09-24 18:35:53,0.0
Parsons Corporation,,2026-08-12|2026-08-13|2026-08-14|2026-08-17|2026-08-18|2026-08-19|2026-08-20|2026-08-21|2026-08-24|2026-08-25|2026-08-26|2026-08-27|2026-08-28|2026-08-31|2026-09-01|2026-09-02|2026-09-03|2026-09-04|2026-09-08|2026-09-09|2026-09-10|2026-09-11|2026-09-14|2026-09-15|2026-09-16|2026-09-17|2026-09-18|2026-09-21|2026-09-23|2026-09-24,2026-09-24 18:35:53,0.0
Mattel,,2026-08-12|2026-08-13|2026-08-14|2026-08-17|2026-08-18|2026-08-19|2026-08-20|2026-08-21|2026-08-24|2026-08-25|2026-08-26|2026-08-27|2026-08-28|2026-08-31|2026-09-01|2026-09-02|2026-09-03|2026-09-04|2026-09-08|2026-09-09|2026-09-10|2026-09-11|2026-09-14|2026-09-15|2026-09-16|2026-09-17|2026-09-18|2026-09-21|2026-09-23|2026-09-24,2026-09-24 18:35:53,0.0
Southwest Gas Holdings,,2026-08-12|2026-08-13|2026-08-14|2026-08-17|2026-08-18|2026-08-19|2026-08-20|2026-08-21|2026-08-24|2026-08-25|2026-08-26|2026-08-27|2026-08-28|2026-08-31|2026-09-01|2026-09-02|2026-09-03|2026-09-04|2026-09-08|2026-09-09|2026-09-10|2026-09-11|2026-09-14|2026-09-15|2026-09-16|2026-09-17|2026-09-18|2026-09-21|2026-09-23|2026-09-24,2026-09-24 18:35:53,0.0
Clean Harbors,,2026-08-12|2026-08-13|2026-08-14|2026-08-17|2026-08-18|2026-08-19|2026-08-20|2026-08-21|2026-08-24|2026-08-25|2026-08-26|2026-08-27|2026-08-28|2026-08-31|2026-09-01|2026-09-02|2026-09-03|2026-09-04|2026-09-08|2026-09-09|2026-09-10|2026-09-11|2026-09-14|2026-09-15|2026-09-16|2026-09-17|2026-09-18|2026-09-21|2026-09-23|2026-09-24,2026-09-24 18:35:53,0.0
Hubbell Incorporated,,2026-08-13|2026-08-14|2026-08-17|2026-08-18|2026-08-19|2026-08-20|2026-08-21|2026-08-24|2026-08-25|2026-08-26|2026-08-27|2026-08-28|2026-08-31|2026-09-01|2026-09-02|2026-09-03|2026-09-04|2026-09-08|2026-09-09|2026-09-10|2026-09-11|2026-09-14|2026-09-15|2026-09-16|2026-09-17|2026-09-18|2026-09-21|2026-09-22|2026-09-23|2026-09-24,2026-09-24 18:35:53,0.0
Lamb Weston,,2026-08-12|2026-08-13|2026-08-14|2026-08-17|2026-08-18|2026-08-19|2026-08-20|2026-08-21|2026-08-24|2026-08-25|2026-08-26|2026-08-27|2026-08-28|2026-08-31|2026-09-01|2026-09-02|2026-09-03|2026-09-04|2026-09-08|2026-09-09|2026-09-10|2026-09-11|2026-09-14|2026-09-15|2026-09-16|2026-09-17|2026-09-18|2026-09-21|2026-09-23|2026-09-24,2026-09-24 18:35:53,0.0
Take-Two Interactive Software,,2026-08-12|2026-08-13|2026-08-14|2026-08-17|2026-08-18|2026-08-19|2026-08-20|2026-08-21|2026-08-24|2026-08-25|2026-08-26|2026-08-27|2026-08-28|2026-08-31|2026-09-01|2026-09-02|2026-09-03|2026-09-04|2026-09-08|2026-09-09|2026-09-10|2026-09-11|2026-09-14|2026-09-15|2026-09-16|2026-09-17|2026-09-18|2026-09-21|2026-09-23|2026-09-24,2026-09-24 18:35:53,0.0
Landstar System,,2026-08-12|2026-08-13|2026-08-14|2026-08-17|2026-08-18|2026-08-19|2026-08-20|2026-08-21|2026-08-24|2026-08-25|2026-08-26|2026-08-27|2026-08-28|2026-08-31|2026-09-01|2026-09-02|2026-09-03|2026-09-04|2026-09-08|2026-09-09|2026-09-10|2026-09-11|2026-09-14|2026-09-15|2026-09-16|2026-09-17|2026-09-18|2026-09-21|2026-09-23|2026-09-24,2026-09-24 18:35:53,0.0
Host Hotels & Resorts,,2026-08-12|2026-08-13|2026-08-14|2026-08-17|2026-08-18|2026-08-19|2026-08-20|2026-08-21|2026-08-24|2026-08-25|2026-08-26|2026-08-27|2026-08-28|2026-08-31|2026-09-01|2026-09-02|2026-09-03|2026-09-04|2026-09-08|2026-09-09|2026-09-10|2026-09-11|2026-09-14|2026-09-15|2026-09-16|2026-09-17|2026-09-18|2026-09-21|2026-09-23|2026-09-24,2026-09-24 18:35:53,0.0
Fortinet,,2026-08-12|2026-08-13|2026-08-14|2026-08-17|2026-08-18|2026-08-19|2026-08-20|2026-08-21|2026-08-24|2026-08-25|2026-08-26|2026-08-27|2026-08-28|2026-08-31|2026-09-01|2026-09-02|2026-09-03|2026-09-04|2026-09-08|2026-09-09|2026-09-10|2026-09-11|2026-09-14|2026-09-15|2026-09-16|2026-09-17|2026-09-18|2026-09-21|2026-09-23|2026-09-24,2026-09-24 18:35:53,0.0
OneMain,,2026-08-12|2026-08-13|2026-08-14|2026-08-17|2026-08-18|2026-08-19|2026-08-20|2026-08-21|2026-08-24|2026-08-25|2026-08-26|2026-08-27|2026-08-28|2026-08-31|2026-09-01|2026-09-02|2026-09-03|2026-09-04|2026-09-08|2026-09-09|2026-09-10|2026-09-11|2026-09-14|2026-09-15|2026-09-16|2026-09-17|2026-09-18|2026-09-21|2026-09-23|2026-09-24,2026-09-24 18:35:53,0.0
GameStop,,2026-08-13|2026-08-14|2026-08-17|2026-08-18|2026-08-19|2026-08-20|2026-08-21|2026-08-24|2026-08-25|2026-08-26|2026-08-27|2026-08-28|2026-08-31|2026-09-01|2026-09-02|2026-09-03|2026-09-04|2026-09-08|2026-09-09|2026-09-10|2026-09-11|2026-09-14|2026-09-15|2026-09-16|2026-09-17|2026-09-18|2026-09-21|2026-09-22|2026-09-23|2026-09-24,2026-09-24 18:35:53,0.0
Equifax,,2026-08-12|2026-08-13|2026-08-14|2026-08-17|2026-08-18|2026-08-19|2026-08-20|2026-08-21|2026-08-24|2026-08-25|2026-08-26|2026-08-27|2026-08-28|2026-08-31|2026-09-01|2026-09-02|2026-09-03|2026-09-04|2026-09-08|2026-09-09|2026-09-10|2026-09-11|2026-09-14|2026-09-15|2026-09-16|2026-09-17|2026-09-18|2026-09-21|2026-09-23|2026-09-24,2026-09-24 18:35:53,0.0
American Eagle Outfitters,,2026-08-12|2026-08-13|2026-08-14|2026-08-17|2026-08-18|2026-08-19|2026-08-20|2026-08-21|2026-08-24|2026-08-25|2026-08-26|2026-08-27|2026-08-28|2026-08-31|2026-09-01|2026-09-02|2026-09-03|2026-09-04|2026-09-08|2026-09-09|2026-09-10|2026-09-11|2026-09-14|2026-09-15|2026-09-16|2026-09-17|2026-09-18|2026-09-21|2026-09-23|2026-09-24,2026-09-24 18:35:53,0.0
Greif,,2026-08-12|2026-08-13|2026-08-14|2026-08-17|2026-08-18|2026-08-19|2026-08-20|2026-08-21|2026-08-24|2026-08-25|2026-08-26|2026-08-27|2026-08-28|2026-08-31|2026-09-01|2026-09-02|2026-09-03|2026-09-04|2026-09-08|2026-09-09|2026-09-10|2026-09-11|2026-09-14|2026-09-15|2026-09-16|2026-09-17|2026-09-18|2026-09-21|2026-09-23|2026-09-24,2026-09-24 18:35:53,0.0
Comfort Systems USA,,2026-08-12|2026-08-13|2026-08-14|2026-08-17|2026-08-18|2026-08-19|2026-08-20|2026-08-21|2026-08-24|2026-08-25|2026-08-26|2026-08-27|2026-08-28|2026-08-31|2026-09-01|2026-09-02|2026-09-03|2026-09-04|2026-09-08|2026-09-09|2026-09-10|2026-09-11|2026-09-14|2026-09-15|2026-09-16|2026-09-17|2026-09-18|2026-09-21|2026-09-23|2026-09-24,2026-09-24 18:35:53,0.0
Bread Financial,,2026-08-12|2026-08-13|2026-08-14|2026-08-17|2026-08-18|2026-08-19|2026-08-20|2026-08-21|2026-08-24|2026-08-25|2026-08-26|2026-08-27|2026-08-28|2026-08-31|2026-09-01|2026-09-02|2026-09-03|2026-09-04|2026-09-08|2026-09-09|2026-09-10|2026-09-11|2026-09-14|2026-09-15|2026-09-16|2026-09-17|2026-09-18|2026-09-21|2026-09-23|2026-09-24,2026-09-24 18:35:53,0.0
Coherent,,2026-08-13|2026-08-14|2026-08-17|2026-08-18|2026-08-19|2026-08-20|2026-08-21|2026-08-24|2026-08-25|2026-08-26|2026-08-27|2026-08-28|2026-08-31|2026-09-01|2026-09-02|2026-09-03|2026-09-04|2026-09-08|2026-09-09|2026-09-10|2026-09-11|2026-09-14|2026-09-15|2026-09-16|2026-09-17|2026-09-18|2026-09-21|2026-09-22|2026-09-23|2026-09-24,2026-09-24 18:35:53,0.0
Telephone & Data Systems,,2026-08-12|2026-08-13|2026-08-14|2026-08-17|2026-08-18|2026-08-19|2026-08-20|2026-08-21|2026-08-24|2026-08-25|2026-08-26|2026-08-27|2026-08-28|2026-08-31|2026-09-01|2026-09-02|2026-09-03|2026-09-04|2026-09-08|2026-09-09|2026-09-10|2026-09-11|2026-09-14|2026-09-15|2026-09-16|2026-09-17|2026-09-18|2026-09-21|2026-09-23|2026-09-24,2026-09-24 18:35:53,0.0
Stifel Financial,,2026-08-12|2026-08-13|2026-08-14|2026-08-17|2026-08-18|2026-08-19|2026-08-20|2026-08-21|2026-08-24|2026-08-25|2026-08-26|2026-08-27|2026-08-28|2026-08-31|2026-09-01|2026-09-02|2026-09-03|2026-09-04|2026-09-08|2026-09-09|2026-09-10|2026-09-11|2026-09-14|2026-09-15|2026-09-16|2026-09-17|2026-09-18|2026-09-21|2026-09-23|2026-09-24,2026-09-24 18:35:53,0.0
Urban Outfitters,,2026-08-12|2026-08-13|2026-08-14|2026-08-17|2026-08-18|2026-08-19|2026-08-20|2026-08-21|2026-08-24|2026-08-25|2026-08-26|2026-08-27|2026-08-28|2026-08-31|2026-09-01|2026-09-02|2026-09-03|2026-09-04|2026-09-08|2026-09-09|2026-09-10|2026-09-11|2026-09-14|2026-09-15|2026-09-16|2026-09-17|2026-09-18|2026-09-21|2026-09-23|2026-09-24,2026-09-24 18:35:53,0.0
Terex,,2026-08-12|2026-08-13|2026-08-14|2026-08-17|2026-08-18|2026-08-19|2026-08-20|2026-08-21|2026-08-24|2026-08-25|2026-08-26|2026-08-27|2026-08-28|2026-08-31|2026-09-01|2026-09-02|2026-09-03|2026-09-04|2026-09-08|2026-09-09|2026-09-10|2026-09-11|2026-09-14|2026-09-15|2026-09-16|2026-09-17|2026-09-18|2026-09-21|2026-09-23|2026-09-24,2026-09-24 18:35:53,0.0
Snap-on,,2026-08-12|2026-08-13|2026-08-14|2026-08-17|2026-08-18|2026-08-19|2026-08-20|2026-08-21|2026-08-24|2026-08-25|2026-08-26|2026-08-27|2026-08-28|2026-08-31|2026-09-01|2026-09-02|2026-09-03|2026-09-04|2026-09-08|2026-09-09|2026-09-10|2026-09-11|2026-09-14|2026-09-15|2026-09-16|2026-09-17|2026-09-18|2026-09-21|2026-09-23|2026-09-24,2026-09-24 18:35:53,0.0
Flowers Foods,,2026-08-12|2026-08-13|2026-08-14|2026-08-17|2026-08-18|2026-08-19|2026-08-20|2026-08-21|2026-08-24|2026-08-25|2026-08-26|2026-08-27|2026-08-28|2026-08-31|2026-09-01|2026-09-02|2026-09-03|2026-09-04|2026-09-08|2026-09-09|2026-09-10|2026-09-11|2026-09-14|2026-09-15|2026-09-16|2026-09-17|2026-09-18|2026-09-21|2026-09-23|2026-09-24,2026-09-24 18:35:53,0.0
First Horizon,,2026-08-12|2026-08-13|2026-08-14|2026-08-17|2026-08-18|2026-08-19|2026-08-20|2026-08-21|2026-08-24|2026-08-25|2026-08-26|2026-08-27|2026-08-28|2026-08-31|2026-09-01|2026-09-02|2026-09-03|2026-09-04|2026-09-08|2026-09-09|2026-09-10|2026-09-11|2026-09-14|2026-09-15|2026-09-16|2026-09-17|2026-09-18|2026-09-21|2026-09-23|2026-09-24,2026-09-24 18:35:53,0.0
Paychex,,2026-08-12|2026-08-13|2026-08-14|2026-08-17|2026-08-18|2026-08-19|2026-08-20|2026-08-21|2026-08-24|2026-08-25|2026-08-26|2026-08-27|2026-08-28|2026-08-31|2026-09-01|2026-09-02|2026-09-03|2026-09-04|2026-09-08|2026-09-09|2026-09-10|2026-09-11|2026-09-14|2026-09-15|2026-09-16|2026-09-17|2026-09-18|2026-09-21|2026-09-23|2026-09-24,2026-09-24 18:35:53,0.0
Hasbro,,2026-08-12|2026-08-13|2026-08-14|2026-08-17|2026-08-18|2026-08-19|2026-08-20|2026-08-21|2026-08-24|2026-08-25|2026-08-26|2026-08-27|2026-08-28|2026-08-31|2026-09-01|2026-09-02|2026-09-03|2026-09-04|2026-09-08|2026-09-09|2026-09-10|2026-09-11|2026-09-14|2026-09-15|2026-09-16|2026-09-17|2026-09-18|2026-09-21|2026-09-23|2026-09-24,2026-09-24 18:35:53,0.0
Ares Management,,2026-08-12|2026-08-13|2026-08-14|2026-08-17|2026-08-18|2026-08-19|2026-08-20|2026-08-21|2026-08-24|2026-08-25|2026-08-26|2026-08-27|2026-08-28|2026-08-31|2026-09-01|2026-09-02|2026-09-03|2026-09-04|2026-09-08|2026-09-09|2026-09-10|2026-09-11|2026-09-14|2026-09-15|2026-09-16|2026-09-17|2026-09-18|2026-09-21|2026-09-23|2026-09-24,2026-09-24 18:35:53,0.0
Lennox International,,2026-08-12|2026-08-13|2026-08-14|2026-08-17|2026-08-18|2026-08-19|2026-08-20|2026-08-21|2026-08-24|2026-08-25|2026-08-26|2026-08-27|2026-08-28|2026-08-31|2026-09-01|2026-09-02|2026-09-03|2026-09-04|2026-09-08|2026-09-09|2026-09-10|2026-09-11|2026-09-14|2026-09-15|2026-09-16|2026-09-17|2026-09-18|2026-09-21|2026-09-23|2026-09-24,2026-09-24 18:35:53,0.0
Peabody Energy,,2026-08-12|2026-08-13|2026-08-14|2026-08-17|2026-08-18|2026-08-19|2026-08-20|2026-08-21|2026-08-24|2026-08-25|2026-08-26|2026-08-27|2026-08-28|2026-08-31|2026-09-01|2026-09-02|2026-09-03|2026-09-04|2026-09-08|2026-09-09|2026-09-10|2026-09-11|2026-09-14|2026-09-15|2026-09-16|2026-09-17|2026-09-18|2026-09-21|2026-09-23|2026-09-24,2026-09-24 18:35:53,0.0
Kemper Corporation,,2026-08-12|2026-08-13|2026-08-14|2026-08-17|2026-08-18|2026-08-19|2026-08-20|2026-08-21|2026-08-24|2026-08-25|2026-08-26|2026-08-27|2026-08-28|2026-08-31|2026-09-01|2026-09-02|2026-09-03|2026-09-04|2026-09-08|2026-09-09|2026-09-10|2026-09-11|2026-09-14|2026-09-15|2026-09-16|2026-09-17|2026-09-18|2026-09-21|2026-09-23|2026-09-24,2026-09-24 18:35:53,0.0
Nexstar Media Group,,2026-08-12|2026-08-13|2026-08-14|2026-08-17|2026-08-18|2026-08-19|2026-08-20|2026-08-21|2026-08-24|2026-08-25|2026-08-26|2026-08-27|2026-08-28|2026-08-31|2026-09-01|2026-09-02|2026-09-03|2026-09-04|2026-09-08|2026-09-09|2026-09-10|2026-09-11|2026-09-14|2026-09-15|2026-09-16|2026-09-17|2026-09-18|2026-09-21|2026-09-23|2026-09-24,2026-09-24 18:35:53,0.0
TriNet Group,,2026-08-12|2026-08-13|2026-08-14|2026-08-17|2026-08-18|2026-08-19|2026-08-20|2026-08-21|2026-08-24|2026-08-25|2026-08-26|2026-08-27|2026-08-28|2026-08-31|2026-09-01|2026-09-02|2026-09-03|2026-09-04|2026-09-08|2026-09-09|2026-09-10|2026-09-11|2026-09-14|2026-09-15|2026-09-16|2026-09-17|2026-09-18|2026-09-21|2026-09-23|2026-09-24,2026-09-24 18:35:53,0.0
Worthington Enterprises,,2026-08-13|2026-08-14|2026-08-17|2026-08-18|2026-08-19|2026-08-20|2026-08-21|2026-08-24|2026-08-25|2026-08-26|2026-08-27|2026-08-28|2026-08-31|2026-09-01|2026-09-02|2026-09-03|2026-09-04|2026-09-08|2026-09-09|2026-09-10|2026-09-11|2026-09-14|2026-09-15|2026-09-16|2026-09-17|2026-09-18|2026-09-21|2026-09-22|2026-09-23|2026-09-24,2026-09-24 18:35:53,0.0
Maximus,,2026-08-12|2026-08-13|2026-08-14|2026-08-17|2026-08-18|2026-08-19|2026-08-20|2026-08-21|2026-08-24|2026-08-25|2026-08-26|2026-08-27|2026-08-28|2026-08-31|2026-09-01|2026-09-02|2026-09-03|2026-09-04|2026-09-08|2026-09-09|2026-09-10|2026-09-11|2026-09-14|2026-09-15|2026-09-16|2026-09-17|2026-09-18|2026-09-21|2026-09-23|2026-09-24,2026-09-24 18:35:53,0.0
Compass Group,,2026-08-12|2026-08-13|2026-08-14|2026-08-17|2026-08-18|2026-08-19|2026-08-20|2026-08-21|2026-08-24|2026-08-25|2026-08-26|2026-08-27|2026-08-28|2026-08-31|2026-09-01|2026-09-02|2026-09-03|2026-09-04|2026-09-08|2026-09-09|2026-09-10|2026-09-11|2026-09-14|2026-09-15|2026-09-16|2026-09-17|2026-09-18|2026-09-21|2026-09-23|2026-09-24,2026-09-24 18:35:53,0.0
Brinks Company,,2026-08-12|2026-08-13|2026-08-14|2026-08-17|2026-08-18|2026-08-19|2026-08-20|2026-08-21|2026-08-24|2026-08-25|2026-08-26|2026-08-27|2026-08-28|2026-08-31|2026-09-01|2026-09-02|2026-09-03|2026-09-04|2026-09-08|2026-09-09|2026-09-10|2026-09-11|2026-09-14|2026-09-15|2026-09-16|2026-09-17|2026-09-18|2026-09-21|2026-09-23|2026-09-24,2026-09-24 18:35:53,0.0
Kelly Services Inc,,2026-08-12|2026-08-13|2026-08-14|2026-08-17|2026-08-18|2026-08-19|2026-08-20|2026-08-21|2026-08-24|2026-08-25|2026-08-26|2026-08-27|2026-08-28|2026-08-31|2026-09-01|2026-09-02|2026-09-03|2026-09-04|2026-09-08|2026-09-09|2026-09-10|2026-09-11|2026-09-14|2026-09-15|2026-09-16|2026-09-17|2026-09-18|2026-09-21|2026-09-23|2026-09-24,2026-09-24 18:35:53,0.0
Navient,,2026-08-12|2026-08-13|2026-08-14|2026-08-17|2026-08-18|2026-08-19|2026-08-20|2026-08-21|2026-08-24|2026-08-25|2026-08-26|2026-08-27|2026-08-28|2026-08-31|2026-09-01|2026-09-02|2026-09-03|2026-09-04|2026-09-08|2026-09-09|2026-09-10|2026-09-11|2026-09-14|2026-09-15|2026-09-16|2026-09-17|2026-09-18|2026-09-21|2026-09-23|2026-09-24,2026-09-24 18:35:53,0.0
AMC Entertainment,,2026-08-13|2026-08-14|2026-08-17|2026-08-18|2026-08-19|2026-08-20|2026-08-21|2026-08-24|2026-08-25|2026-08-26|2026-08-27|2026-08-28|2026-08-31|2026-09-01|2026-09-02|2026-09-03|2026-09-04|2026-09-08|2026-09-09|2026-09-10|2026-09-11|2026-09-14|2026-09-15|2026-09-16|2026-09-17|2026-09-18|2026-09-21|2026-09-22|2026-09-23|2026-09-24,2026-09-24 18:35:53,0.0
Encompass Health,,2026-08-12|2026-08-13|2026-08-14|2026-08-17|2026-08-18|2026-08-19|2026-08-20|2026-08-21|2026-08-24|2026-08-25|2026-08-26|2026-08-27|2026-08-28|2026-08-31|2026-09-01|2026-09-02|2026-09-03|2026-09-04|2026-09-08|2026-09-09|2026-09-10|2026-09-11|2026-09-14|2026-09-15|2026-09-16|2026-09-17|2026-09-18|2026-09-21|2026-09-23|2026-09-24,2026-09-24 18:35:53,0.0
Skyworks Solutions,,2026-08-12|2026-08-13|2026-08-14|2026-08-17|2026-08-18|2026-08-19|2026-08-20|2026-08-21|2026-08-24|2026-08-25|2026-08-26|2026-08-27|2026-08-28|2026-08-31|2026-09-01|2026-09-02|2026-09-03|2026-09-04|2026-09-08|2026-09-09|2026-09-10|2026-09-11|2026-09-14|2026-09-15|2026-09-16|2026-09-17|2026-09-18|2026-09-21|2026-09-23|2026-09-24,2026-09-24 18:35:53,0.0
Timken,,2026-08-12|2026-08-13|2026-08-14|2026-08-17|2026-08-18|2026-08-19|2026-08-20|2026-08-21|2026-08-24|2026-08-25|2026-08-26|2026-08-27|2026-08-28|2026-08-31|2026-09-01|2026-09-02|2026-09-03|2026-09-04|2026-09-08|2026-09-09|2026-09-10|2026-09-11|2026-09-14|2026-09-15|2026-09-16|2026-09-17|2026-09-18|2026-09-21|2026-09-23|2026-09-24,2026-09-24 18:35:53,0.0
Liberty Energy,,2026-08-12|2026-08-13|2026-08-14|2026-08-17|2026-08-18|2026-08-19|2026-08-20|2026-08-21|2026-08-24|2026-08-25|2026-08-26|2026-08-27|2026-08-28|2026-08-31|2026-09-01|2026-09-02|2026-09-03|2026-09-04|2026-09-08|2026-09-09|2026-09-10|2026-09-11|2026-09-14|2026-09-15|2026-09-16|2026-09-17|2026-09-18|2026-09-21|2026-09-23|2026-09-24,2026-09-24 18:35:53,0.0
Marriott Vacations Worldwide,,2026-08-12|2026-08-13|2026-08-14|2026-08-17|2026-08-18|2026-08-19|2026-08-20|2026-08-21|2026-08-24|2026-08-25|2026-08-26|2026-08-27|2026-08-28|2026-08-31|2026-09-01|2026-09-02|2026-09-03|2026-09-04|2026-09-08|2026-09-09|2026-09-10|2026-09-11|2026-09-14|2026-09-15|2026-09-16|2026-09-17|2026-09-18|2026-09-21|2026-09-23|2026-09-24,2026-09-24 18:35:53,0.0
Leggett & Platt,,2026-07-17|2026-08-10|2026-08-24|2026-08-25|2026-08-26|2026-08-27,2026-09-24 18:35:53,0.0
Weis Markets,,2026-08-12|2026-08-13|2026-08-14|2026-08-17|2026-08-18|2026-08-19|2026-08-20|2026-08-21|2026-08-24|2026-08-25|2026-08-26|2026-08-27|2026-08-28|2026-08-31|2026-09-01|2026-09-02|2026-09-03|2026-09-04|2026-09-08|2026-09-09|2026-09-10|2026-09-11|2026-09-14|2026-09-15|2026-09-16|2026-09-17|2026-09-18|2026-09-21|2026-09-23|2026-09-24,2026-09-24 18:35:53,0.0
Pinnacle West Capital,,2026-08-12|2026-08-13|2026-08-14|2026-08-17|2026-08-18|2026-08-19|2026-08-20|2026-08-21|2026-08-24|2026-08-25|2026-08-26|2026-08-27|2026-08-28|2026-08-31|2026-09-01|2026-09-02|2026-09-03|2026-09-04|2026-09-08|2026-09-09|2026-09-10|2026-09-11|2026-09-14|2026-09-15|2026-09-16|2026-09-17|2026-09-18|2026-09-21|2026-09-23|2026-09-24,2026-09-24 18:35:53,0.0
EPAM Systems,,2026-08-12|2026-08-13|2026-08-14|2026-08-17|2026-08-18|2026-08-19|2026-08-20|2026-08-21|2026-08-24|2026-08-25|2026-08-26|2026-08-27|2026-08-28|2026-08-31|2026-09-01|2026-09-02|2026-09-03|2026-09-04|2026-09-08|2026-09-09|2026-09-10|2026-09-11|2026-09-14|2026-09-15|2026-09-16|2026-09-17|2026-09-18|2026-09-21|2026-09-23|2026-09-24,2026-09-24 18:35:53,0.0
Antero Resources,,2026-08-12|2026-08-13|2026-08-14|2026-08-17|2026-08-18|2026-08-19|2026-08-20|2026-08-21|2026-08-24|2026-08-25|2026-08-26|2026-08-27|2026-08-28|2026-08-31|2026-09-01|2026-09-02|2026-09-03|2026-09-04|2026-09-08|2026-09-09|2026-09-10|2026-09-11|2026-09-14|2026-09-15|2026-09-16|2026-09-17|2026-09-18|2026-09-21|2026-09-23|2026-09-24,2026-09-24 18:35:53,0.0
Bloomin Brands,,2026-08-12|2026-08-13|2026-08-14|2026-08-17|2026-08-18|2026-08-19|2026-08-20|2026-08-21|2026-08-24|2026-08-25|2026-08-26|2026-08-27|2026-08-28|2026-08-31|2026-09-01|2026-09-02|2026-09-03|2026-09-04|2026-09-08|2026-09-09|2026-09-10|2026-09-11|2026-09-14|2026-09-15|2026-09-16|2026-09-17|2026-09-18|2026-09-21|2026-09-23|2026-09-24,2026-09-24 18:35:53,0.0
MDU Resources Group,,2026-08-12|2026-08-13|2026-08-14|2026-08-17|2026-08-18|2026-08-19|2026-08-20|2026-08-21|2026-08-24|2026-08-25|2026-08-26|2026-08-27|2026-08-28|2026-08-31|2026-09-01|2026-09-02|2026-09-03|2026-09-04|2026-09-08|2026-09-09|2026-09-10|2026-09-11|2026-09-14|2026-09-15|2026-09-16|2026-09-17|2026-09-18|2026-09-21|2026-09-23|2026-09-24,2026-09-24 18:35:53,0.0
Texas Roadhouse,,2026-08-12|2026-08-13|2026-08-14|2026-08-17|2026-08-18|2026-08-19|2026-08-20|2026-08-21|2026-08-24|2026-08-25|2026-08-26|2026-08-27|2026-08-28|2026-08-31|2026-09-01|2026-09-02|2026-09-03|2026-09-04|2026-09-08|2026-09-09|2026-09-10|2026-09-11|2026-09-14|2026-09-15|2026-09-16|2026-09-17|2026-09-18|2026-09-21|2026-09-23|2026-09-24,2026-09-24 18:35:53,0.0
Mercury General,,2026-08-12|2026-08-13|2026-08-14|2026-08-17|2026-08-18|2026-08-19|2026-08-20|2026-08-21|2026-08-24|2026-08-25|2026-08-26|2026-08-27|2026-08-28|2026-08-31|2026-09-01|2026-09-02|2026-09-03|2026-09-04|2026-09-08|2026-09-09|2026-09-10|2026-09-11|2026-09-14|2026-09-15|2026-09-16|2026-09-17|2026-09-18|2026-09-21|2026-09-23|2026-09-24,2026-09-24 18:35:53,0.0
Fortune Brands Innovations,,2026-08-12|2026-08-13|2026-08-14|2026-08-17|2026-08-18|2026-08-19|2026-08-20|2026-08-21|2026-08-24|2026-08-25|2026-08-26|2026-08-27|2026-08-28|2026-08-31|2026-09-01|2026-09-02|2026-09-03|2026-09-04|2026-09-08|2026-09-09|2026-09-10|2026-09-11|2026-09-14|2026-09-15|2026-09-16|2026-09-17|2026-09-18|2026-09-21|2026-09-23|2026-09-24,2026-09-24 18:35:53,0.0
Zions Bancorp,,2026-08-12|2026-08-13|2026-08-14|2026-08-17|2026-08-18|2026-08-19|2026-08-20|2026-08-21|2026-08-24|2026-08-25|2026-08-26|2026-08-27|2026-08-28|2026-08-31|2026-09-01|2026-09-02|2026-09-03|2026-09-04|2026-09-08|2026-09-09|2026-09-10|2026-09-11|2026-09-14|2026-09-15|2026-09-16|2026-09-17|2026-09-18|2026-09-21|2026-09-23|2026-09-24,2026-09-24 18:35:53,0.0
JELD-WEN Holding,,2026-08-12|2026-08-13|2026-08-14|2026-08-17|2026-08-18|2026-08-19|2026-08-20|2026-08-21|2026-08-24|2026-08-25|2026-08-26|2026-08-27|2026-08-28|2026-08-31|2026-09-01|2026-09-02|2026-09-03|2026-09-04|2026-09-08|2026-09-09|2026-09-10|2026-09-11|2026-09-14|2026-09-15|2026-09-16|2026-09-17|2026-09-18|2026-09-21|2026-09-23|2026-09-24,2026-09-24 18:35:53,0.0
Snap Inc,,2026-08-13|2026-08-14|2026-08-17|2026-08-18|2026-08-19|2026-08-20|2026-08-21|2026-08-24|2026-08-25|2026-08-26|2026-08-27|2026-08-28|2026-08-31|2026-09-01|2026-09-02|2026-09-03|2026-09-04|2026-09-08|2026-09-09|2026-09-10|2026-09-11|2026-09-14|2026-09-15|2026-09-16|2026-09-17|2026-09-18|2026-09-21|2026-09-22|2026-09-23|2026-09-24,2026-09-24 18:35:53,0.0
Zebra Technologies,,2026-08-12|2026-08-13|2026-08-14|2026-08-17|2026-08-18|2026-08-19|2026-08-20|2026-08-21|2026-08-24|2026-08-25|2026-08-26|2026-08-27|2026-08-28|2026-08-31|2026-09-01|2026-09-02|2026-09-03|2026-09-04|2026-09-08|2026-09-09|2026-09-10|2026-09-11|2026-09-14|2026-09-15|2026-09-16|2026-09-17|2026-09-18|2026-09-21|2026-09-23|2026-09-24,2026-09-24 18:35:53,0.0
Agilon Health,,2026-08-12|2026-08-13|2026-08-14|2026-08-17|2026-08-18|2026-08-19|2026-08-20|2026-08-21|2026-08-24|2026-08-25|2026-08-26|2026-08-27|2026-08-28|2026-08-31|2026-09-01|2026-09-02|2026-09-03|2026-09-04|2026-09-08|2026-09-09|2026-09-10|2026-09-11|2026-09-14|2026-09-15|2026-09-16|2026-09-17|2026-09-18|2026-09-21|2026-09-23|2026-09-24,2026-09-24 18:35:53,0.0
Toro Company,,2026-08-12|2026-08-13|2026-08-14|2026-08-17|2026-08-18|2026-08-19|2026-08-20|2026-08-21|2026-08-24|2026-08-25|2026-08-26|2026-08-27|2026-08-28|2026-08-31|2026-09-01|2026-09-02|2026-09-03|2026-09-04|2026-09-08|2026-09-09|2026-09-10|2026-09-11|2026-09-14|2026-09-15|2026-09-16|2026-09-17|2026-09-18|2026-09-21|2026-09-23|2026-09-24,2026-09-24 18:35:53,0.0
