company,trends_history,date_history,last_updated,avg_interest
Walmart,49|51|51|47|48|50|50|48|48|56|54|54|51|47|52|48|52|52|50|50|49|53|44|47|46|48|49|45|46|47,2026-03-05|2026-03-06|2026-03-09|2026-03-10|2026-03-11|2026-03-12|2026-03-13|2026-03-16|2026-03-17|2026-03-18|2026-03-19|2026-03-20|2026-03-23|2026-03-24|2026-03-25|2026-03-26|2026-03-27|2026-03-30|2026-03-31|2026-04-01|2026-04-02|2026-04-06|2026-04-07|2026-04-08|2026-04-09|2026-04-10|2026-04-13|2026-04-14|2026-04-15|2026-04-16,2026-04-16 19:21:57,49.4
Amazon,100|78|83|82|82|80|77|75|79|81|77|77|81|79|88|81|80|81|84|84|80|80|76|82|81|79|80|79|79|80,2026-03-05|2026-03-06|2026-03-09|2026-03-10|2026-03-11|2026-03-12|2026-03-13|2026-03-16|2026-03-17|2026-03-18|2026-03-19|2026-03-20|2026-03-23|2026-03-24|2026-03-25|2026-03-26|2026-03-27|2026-03-30|2026-03-31|2026-04-01|2026-04-02|2026-04-06|2026-04-07|2026-04-08|2026-04-09|2026-04-10|2026-04-13|2026-04-14|2026-04-15|2026-04-16,2026-04-16 19:22:01,80.8
UnitedHealth,27|24|21|26|21|20|19|30|64|75|100|55|21|14|22|18|24|20|24|26|11|13|17|13|15|14|11|11|13|11,2026-03-05|2026-03-06|2026-03-09|2026-03-10|2026-03-11|2026-03-12|2026-03-13|2026-03-16|2026-03-17|2026-03-18|2026-03-19|2026-03-20|2026-03-23|2026-03-24|2026-03-25|2026-03-26|2026-03-27|2026-03-30|2026-03-31|2026-04-01|2026-04-02|2026-04-06|2026-04-07|2026-04-08|2026-04-09|2026-04-10|2026-04-13|2026-04-14|2026-04-15|2026-04-16,2026-04-16 19:22:05,26.0
Apple,85|80|75|73|75|75|73|73|70|81|75|78|80|78|86|84|88|92|94|99|73|78|71|74|77|73|75|70|73|79,2026-03-05|2026-03-06|2026-03-09|2026-03-10|2026-03-11|2026-03-12|2026-03-13|2026-03-16|2026-03-17|2026-03-18|2026-03-19|2026-03-20|2026-03-23|2026-03-24|2026-03-25|2026-03-26|2026-03-27|2026-03-30|2026-03-31|2026-04-01|2026-04-02|2026-04-06|2026-04-07|2026-04-08|2026-04-09|2026-04-10|2026-04-13|2026-04-14|2026-04-15|2026-04-16,2026-04-16 19:22:09,78.6
CVS Health,32|27|26|30|24|25|22|31|23|25|27|35|45|37|35|41|45|53|76|100|41|45|45|52|51|47|45|49|59|62,2026-03-05|2026-03-06|2026-03-09|2026-03-10|2026-03-11|2026-03-12|2026-03-13|2026-03-16|2026-03-17|2026-03-18|2026-03-19|2026-03-20|2026-03-23|2026-03-24|2026-03-25|2026-03-26|2026-03-27|2026-03-30|2026-03-31|2026-04-01|2026-04-02|2026-04-06|2026-04-07|2026-04-08|2026-04-09|2026-04-10|2026-04-13|2026-04-14|2026-04-15|2026-04-16,2026-04-16 19:22:13,41.8
Alphabet Inc,87|56|57|51|61|55|67|81|92|55|100|58|72|84|90|73|85|70|69|73|31|32|29|33|54|56|60|42|51|40,2026-03-05|2026-03-06|2026-03-09|2026-03-10|2026-03-11|2026-03-12|2026-03-13|2026-03-16|2026-03-17|2026-03-18|2026-03-19|2026-03-20|2026-03-23|2026-03-24|2026-03-25|2026-03-26|2026-03-27|2026-03-30|2026-03-31|2026-04-01|2026-04-02|2026-04-06|2026-04-07|2026-04-08|2026-04-09|2026-04-10|2026-04-13|2026-04-14|2026-04-15|2026-04-16,2026-04-16 19:22:16,62.1
Exxon Mobil,61|74|100|80|66|71|64|56|60|59|76|68|67|67|69|64|73|63|83|70|61|48|52|68|56|42|51|47|43|44,2026-03-05|2026-03-06|2026-03-09|2026-03-10|2026-03-11|2026-03-12|2026-03-13|2026-03-16|2026-03-17|2026-03-18|2026-03-19|2026-03-20|2026-03-23|2026-03-24|2026-03-25|2026-03-26|2026-03-27|2026-03-30|2026-03-31|2026-04-01|2026-04-02|2026-04-06|2026-04-07|2026-04-08|2026-04-09|2026-04-10|2026-04-13|2026-04-14|2026-04-15|2026-04-16,2026-04-16 19:22:20,63.4
McKesson,64|60|63|65|63|66|57|56|60|64|55|59|66|70|69|72|57|71|83|100|62|61|73|66|59|55|59|65|69|65,2026-03-05|2026-03-06|2026-03-09|2026-03-10|2026-03-11|2026-03-12|2026-03-13|2026-03-16|2026-03-17|2026-03-18|2026-03-19|2026-03-20|2026-03-23|2026-03-24|2026-03-25|2026-03-26|2026-03-27|2026-03-30|2026-03-31|2026-04-01|2026-04-02|2026-04-06|2026-04-07|2026-04-08|2026-04-09|2026-04-10|2026-04-13|2026-04-14|2026-04-15|2026-04-16,2026-04-16 19:22:23,65.1
Cencora,77|63|87|80|83|64|49|68|95|95|56|63|100|62|90|92|89|68|73|98|60|55|62|66|57|48|61|62|56|51,2026-03-05|2026-03-06|2026-03-09|2026-03-10|2026-03-11|2026-03-12|2026-03-13|2026-03-16|2026-03-17|2026-03-18|2026-03-19|2026-03-20|2026-03-23|2026-03-24|2026-03-25|2026-03-26|2026-03-27|2026-03-30|2026-03-31|2026-04-01|2026-04-02|2026-04-06|2026-04-07|2026-04-08|2026-04-09|2026-04-10|2026-04-13|2026-04-14|2026-04-15|2026-04-16,2026-04-16 19:22:28,71.0
JPMorgan Chase,58|38|39|49|44|52|35|48|64|80|100|72|49|49|53|49|52|44|61|52|27|28|31|29|35|25|27|31|31|28,2026-03-05|2026-03-06|2026-03-09|2026-03-10|2026-03-11|2026-03-12|2026-03-13|2026-03-16|2026-03-17|2026-03-18|2026-03-19|2026-03-20|2026-03-23|2026-03-24|2026-03-25|2026-03-26|2026-03-27|2026-03-30|2026-03-31|2026-04-01|2026-04-02|2026-04-06|2026-04-07|2026-04-08|2026-04-09|2026-04-10|2026-04-13|2026-04-14|2026-04-15|2026-04-16,2026-04-16 19:22:31,46.0
Costco,62|69|70|67|65|66|69|72|61|65|67|69|71|66|68|63|63|66|70|66|66|75|68|70|70|72|67|64|67|68,2026-03-05|2026-03-06|2026-03-09|2026-03-10|2026-03-11|2026-03-12|2026-03-13|2026-03-16|2026-03-17|2026-03-18|2026-03-19|2026-03-20|2026-03-23|2026-03-24|2026-03-25|2026-03-26|2026-03-27|2026-03-30|2026-03-31|2026-04-01|2026-04-02|2026-04-06|2026-04-07|2026-04-08|2026-04-09|2026-04-10|2026-04-13|2026-04-14|2026-04-15|2026-04-16,2026-04-16 19:22:35,67.4
Cigna,95|82|98|100|96|93|77|89|94|95|89|74|93|89|89|85|71|95|92|92|81|89|88|89|80|67|85|86|82|78,2026-03-05|2026-03-06|2026-03-09|2026-03-10|2026-03-11|2026-03-12|2026-03-13|2026-03-16|2026-03-17|2026-03-18|2026-03-19|2026-03-20|2026-03-23|2026-03-24|2026-03-25|2026-03-26|2026-03-27|2026-03-30|2026-03-31|2026-04-01|2026-04-02|2026-04-06|2026-04-07|2026-04-08|2026-04-09|2026-04-10|2026-04-13|2026-04-14|2026-04-15|2026-04-16,2026-04-16 19:22:38,87.1
Microsoft,83|77|82|86|84|82|75|82|87|88|92|83|86|86|98|85|100|96|94|95|67|66|62|75|69|62|66|68|67|71,2026-03-05|2026-03-06|2026-03-09|2026-03-10|2026-03-11|2026-03-12|2026-03-13|2026-03-16|2026-03-17|2026-03-18|2026-03-19|2026-03-20|2026-03-23|2026-03-24|2026-03-25|2026-03-26|2026-03-27|2026-03-30|2026-03-31|2026-04-01|2026-04-02|2026-04-06|2026-04-07|2026-04-08|2026-04-09|2026-04-10|2026-04-13|2026-04-14|2026-04-15|2026-04-16,2026-04-16 19:22:42,80.5
Cardinal Health,83|67|86|91|68|69|59|73|67|86|79|59|84|92|83|86|65|66|100|97|64|66|66|71|65|56|61|65|65|64,2026-03-05|2026-03-06|2026-03-09|2026-03-10|2026-03-11|2026-03-12|2026-03-13|2026-03-16|2026-03-17|2026-03-18|2026-03-19|2026-03-20|2026-03-23|2026-03-24|2026-03-25|2026-03-26|2026-03-27|2026-03-30|2026-03-31|2026-04-01|2026-04-02|2026-04-06|2026-04-07|2026-04-08|2026-04-09|2026-04-10|2026-04-13|2026-04-14|2026-04-15|2026-04-16,2026-04-16 19:22:47,73.4
Chevron,80|80|100|80|75|79|74|74|69|71|85|79|80|77|79|75|84|80|91|94|72|68|68|79|71|67|68|68|73|72,2026-03-05|2026-03-06|2026-03-09|2026-03-10|2026-03-11|2026-03-12|2026-03-13|2026-03-16|2026-03-17|2026-03-18|2026-03-19|2026-03-20|2026-03-23|2026-03-24|2026-03-25|2026-03-26|2026-03-27|2026-03-30|2026-03-31|2026-04-01|2026-04-02|2026-04-06|2026-04-07|2026-04-08|2026-04-09|2026-04-10|2026-04-13|2026-04-14|2026-04-15|2026-04-16,2026-04-16 19:22:51,77.1
Bank of America,88|88|91|88|84|85|90|89|89|88|85|89|84|83|86|80|90|88|93|95|91|96|87|88|90|100|96|95|96|84,2026-03-05|2026-03-06|2026-03-09|2026-03-10|2026-03-11|2026-03-12|2026-03-13|2026-03-16|2026-03-17|2026-03-18|2026-03-19|2026-03-20|2026-03-23|2026-03-24|2026-03-25|2026-03-26|2026-03-27|2026-03-30|2026-03-31|2026-04-01|2026-04-02|2026-04-06|2026-04-07|2026-04-08|2026-04-09|2026-04-10|2026-04-13|2026-04-14|2026-04-15|2026-04-16,2026-04-16 19:22:56,89.2
General Motors,32|24|27|26|27|27|23|29|26|29|33|28|25|29|27|26|27|26|27|29|20|100|38|43|31|27|21|24|22|24,2026-03-05|2026-03-06|2026-03-09|2026-03-10|2026-03-11|2026-03-12|2026-03-13|2026-03-16|2026-03-17|2026-03-18|2026-03-19|2026-03-20|2026-03-23|2026-03-24|2026-03-25|2026-03-26|2026-03-27|2026-03-30|2026-03-31|2026-04-01|2026-04-02|2026-04-06|2026-04-07|2026-04-08|2026-04-09|2026-04-10|2026-04-13|2026-04-14|2026-04-15|2026-04-16,2026-04-16 19:23:10,29.9
Ford Motor,84|79|86|78|74|75|73|73|71|77|81|81|81|77|82|82|84|78|95|100|73|74|73|73|77|73|72|75|77|73,2026-03-05|2026-03-06|2026-03-09|2026-03-10|2026-03-11|2026-03-12|2026-03-13|2026-03-16|2026-03-17|2026-03-18|2026-03-19|2026-03-20|2026-03-23|2026-03-24|2026-03-25|2026-03-26|2026-03-27|2026-03-30|2026-03-31|2026-04-01|2026-04-02|2026-04-06|2026-04-07|2026-04-08|2026-04-09|2026-04-10|2026-04-13|2026-04-14|2026-04-15|2026-04-16,2026-04-16 19:23:13,78.4
Elevance Health,72|57|55|62|100|60|65|59|61|66|50|40|51|52|52|58|52|47|68|54|43|43|45|42|41|34|38|41|41|39,2026-03-05|2026-03-06|2026-03-09|2026-03-10|2026-03-11|2026-03-12|2026-03-13|2026-03-16|2026-03-17|2026-03-18|2026-03-19|2026-03-20|2026-03-23|2026-03-24|2026-03-25|2026-03-26|2026-03-27|2026-03-30|2026-03-31|2026-04-01|2026-04-02|2026-04-06|2026-04-07|2026-04-08|2026-04-09|2026-04-10|2026-04-13|2026-04-14|2026-04-15|2026-04-16,2026-04-16 19:23:18,52.9
Citigroup,60|49|59|60|50|53|42|73|73|81|88|100|81|74|75|76|96|61|65|81|30|39|54|39|38|33|48|93|80|49,2026-03-05|2026-03-06|2026-03-09|2026-03-10|2026-03-11|2026-03-12|2026-03-13|2026-03-16|2026-03-17|2026-03-18|2026-03-19|2026-03-20|2026-03-23|2026-03-24|2026-03-25|2026-03-26|2026-03-27|2026-03-30|2026-03-31|2026-04-01|2026-04-02|2026-04-06|2026-04-07|2026-04-08|2026-04-09|2026-04-10|2026-04-13|2026-04-14|2026-04-15|2026-04-16,2026-04-16 19:23:20,63.3
Meta Platforms,30|25|27|22|22|24|28|31|46|65|100|59|25|23|31|41|37|27|27|28|7|8|8|9|10|9|7|8|9|11,2026-03-05|2026-03-06|2026-03-09|2026-03-10|2026-03-11|2026-03-12|2026-03-13|2026-03-16|2026-03-17|2026-03-18|2026-03-19|2026-03-20|2026-03-23|2026-03-24|2026-03-25|2026-03-26|2026-03-27|2026-03-30|2026-03-31|2026-04-01|2026-04-02|2026-04-06|2026-04-07|2026-04-08|2026-04-09|2026-04-10|2026-04-13|2026-04-14|2026-04-15|2026-04-16,2026-04-16 19:23:24,26.8
Centene,86|76|75|100|73|73|54|77|81|89|82|62|63|74|85|64|69|56|79|71|57|63|96|67|59|52|57|76|62|58,2026-03-05|2026-03-06|2026-03-09|2026-03-10|2026-03-11|2026-03-12|2026-03-13|2026-03-16|2026-03-17|2026-03-18|2026-03-19|2026-03-20|2026-03-23|2026-03-24|2026-03-25|2026-03-26|2026-03-27|2026-03-30|2026-03-31|2026-04-01|2026-04-02|2026-04-06|2026-04-07|2026-04-08|2026-04-09|2026-04-10|2026-04-13|2026-04-14|2026-04-15|2026-04-16,2026-04-16 19:23:28,71.2
The Home Depot Inc,0|0|0|0|0|0|0|0|0|87|100|0|0|0|0|0|0|0|0|0|13|16|16|18|22|18|15|16|18|26,2026-03-05|2026-03-06|2026-03-09|2026-03-10|2026-03-11|2026-03-12|2026-03-13|2026-03-16|2026-03-17|2026-03-18|2026-03-19|2026-03-20|2026-03-23|2026-03-24|2026-03-25|2026-03-26|2026-03-27|2026-03-30|2026-03-31|2026-04-01|2026-04-02|2026-04-06|2026-04-07|2026-04-08|2026-04-09|2026-04-10|2026-04-13|2026-04-14|2026-04-15|2026-04-16,2026-04-16 19:24:03,12.2
Fannie Mae,53|48|48|50|52|51|52|47|63|60|55|58|52|50|59|74|60|100|97|60|45|42|40|52|42|42|40|52|37|38,2026-03-05|2026-03-06|2026-03-09|2026-03-10|2026-03-11|2026-03-12|2026-03-13|2026-03-16|2026-03-17|2026-03-18|2026-03-19|2026-03-20|2026-03-23|2026-03-24|2026-03-25|2026-03-26|2026-03-27|2026-03-30|2026-03-31|2026-04-01|2026-04-02|2026-04-06|2026-04-07|2026-04-08|2026-04-09|2026-04-10|2026-04-13|2026-04-14|2026-04-15|2026-04-16,2026-04-16 19:24:07,54.0
Kroger,39|39|41|43|42|42|42|41|41|43|38|41|40|41|42|38|40|38|43|48|46|48|45|48|44|45|44|45|47|46,2026-03-05|2026-03-06|2026-03-09|2026-03-10|2026-03-11|2026-03-12|2026-03-13|2026-03-16|2026-03-17|2026-03-18|2026-03-19|2026-03-20|2026-03-23|2026-03-24|2026-03-25|2026-03-26|2026-03-27|2026-03-30|2026-03-31|2026-04-01|2026-04-02|2026-04-06|2026-04-07|2026-04-08|2026-04-09|2026-04-10|2026-04-13|2026-04-14|2026-04-15|2026-04-16,2026-04-16 19:24:11,42.7
Phillips 66,58|56|100|85|71|81|75|58|60|65|77|49|65|63|53|58|50|69|57|82|48|54|67|67|57|52|48|49|48|52,2026-03-05|2026-03-06|2026-03-09|2026-03-10|2026-03-11|2026-03-12|2026-03-13|2026-03-16|2026-03-17|2026-03-18|2026-03-19|2026-03-20|2026-03-23|2026-03-24|2026-03-25|2026-03-26|2026-03-27|2026-03-30|2026-03-31|2026-04-01|2026-04-02|2026-04-06|2026-04-07|2026-04-08|2026-04-09|2026-04-10|2026-04-13|2026-04-14|2026-04-15|2026-04-16,2026-04-16 19:24:14,62.5
Marathon Petroleum,83|100|90|69|80|66|72|79|67|71|72|75|63|74|54|52|83|65|68|54|48|47|45|53|48|37|48|44|52|41,2026-03-05|2026-03-06|2026-03-09|2026-03-10|2026-03-11|2026-03-12|2026-03-13|2026-03-16|2026-03-17|2026-03-18|2026-03-19|2026-03-20|2026-03-23|2026-03-24|2026-03-25|2026-03-26|2026-03-27|2026-03-30|2026-03-31|2026-04-01|2026-04-02|2026-04-06|2026-04-07|2026-04-08|2026-04-09|2026-04-10|2026-04-13|2026-04-14|2026-04-15|2026-04-16,2026-04-16 19:24:17,63.3
Verizon,99|91|92|93|94|99|92|95|100|90|94|90|90|87|89|93|92|83|95|97|89|95|90|90|91|88|88|87|85|91,2026-03-05|2026-03-06|2026-03-09|2026-03-10|2026-03-11|2026-03-12|2026-03-13|2026-03-16|2026-03-17|2026-03-18|2026-03-19|2026-03-20|2026-03-23|2026-03-24|2026-03-25|2026-03-26|2026-03-27|2026-03-30|2026-03-31|2026-04-01|2026-04-02|2026-04-06|2026-04-07|2026-04-08|2026-04-09|2026-04-10|2026-04-13|2026-04-14|2026-04-15|2026-04-16,2026-04-16 19:24:21,91.6
Nvidia,,2026-03-05|2026-03-06|2026-03-09|2026-03-10|2026-03-11|2026-03-12|2026-03-13|2026-03-16|2026-03-17|2026-03-18|2026-03-19|2026-03-20|2026-03-23|2026-03-24|2026-03-25|2026-03-26|2026-03-27|2026-03-30|2026-03-31|2026-04-01|2026-04-02|2026-04-06|2026-04-07|2026-04-08|2026-04-09|2026-04-10|2026-04-13|2026-04-14|2026-04-15|2026-04-16,2026-04-16 19:24:57,0.0
Goldman Sachs,,2026-03-05|2026-03-06|2026-03-09|2026-03-10|2026-03-11|2026-03-12|2026-03-13|2026-03-16|2026-03-17|2026-03-18|2026-03-19|2026-03-20|2026-03-23|2026-03-24|2026-03-25|2026-03-26|2026-03-27|2026-03-30|2026-03-31|2026-04-01|2026-04-02|2026-04-06|2026-04-07|2026-04-08|2026-04-09|2026-04-10|2026-04-13|2026-04-14|2026-04-15|2026-04-16,2026-04-16 19:25:38,0.0
Wells Fargo,,2026-03-05|2026-03-06|2026-03-09|2026-03-10|2026-03-11|2026-03-12|2026-03-13|2026-03-16|2026-03-17|2026-03-18|2026-03-19|2026-03-20|2026-03-23|2026-03-24|2026-03-25|2026-03-26|2026-03-27|2026-03-30|2026-03-31|2026-04-01|2026-04-02|2026-04-06|2026-04-07|2026-04-08|2026-04-09|2026-04-10|2026-04-13|2026-04-14|2026-04-15|2026-04-16,2026-04-16 19:25:48,0.0
Valero Energy,,2026-03-05|2026-03-06|2026-03-09|2026-03-10|2026-03-11|2026-03-12|2026-03-13|2026-03-16|2026-03-17|2026-03-18|2026-03-19|2026-03-20|2026-03-23|2026-03-24|2026-03-25|2026-03-26|2026-03-27|2026-03-30|2026-03-31|2026-04-01|2026-04-02|2026-04-06|2026-04-07|2026-04-08|2026-04-09|2026-04-10|2026-04-13|2026-04-14|2026-04-15|2026-04-16,2026-04-16 19:25:48,0.0
Comcast,,2026-03-05|2026-03-06|2026-03-09|2026-03-10|2026-03-11|2026-03-12|2026-03-13|2026-03-16|2026-03-17|2026-03-18|2026-03-19|2026-03-20|2026-03-23|2026-03-24|2026-03-25|2026-03-26|2026-03-27|2026-03-30|2026-03-31|2026-04-01|2026-04-02|2026-04-06|2026-04-07|2026-04-08|2026-04-09|2026-04-10|2026-04-13|2026-04-14|2026-04-15|2026-04-16,2026-04-16 19:25:48,0.0
AT&T,,2026-03-05|2026-03-06|2026-03-09|2026-03-10|2026-03-11|2026-03-12|2026-03-13|2026-03-16|2026-03-17|2026-03-18|2026-03-19|2026-03-20|2026-03-23|2026-03-24|2026-03-25|2026-03-26|2026-03-27|2026-03-30|2026-03-31|2026-04-01|2026-04-02|2026-04-06|2026-04-07|2026-04-08|2026-04-09|2026-04-10|2026-04-13|2026-04-14|2026-04-15|2026-04-16,2026-04-16 19:25:48,0.0
Freddie Mac,,2026-03-05|2026-03-06|2026-03-09|2026-03-10|2026-03-11|2026-03-12|2026-03-13|2026-03-16|2026-03-17|2026-03-18|2026-03-19|2026-03-20|2026-03-23|2026-03-24|2026-03-25|2026-03-26|2026-03-27|2026-03-30|2026-03-31|2026-04-01|2026-04-02|2026-04-06|2026-04-07|2026-04-08|2026-04-09|2026-04-10|2026-04-13|2026-04-14|2026-04-15|2026-04-16,2026-04-16 19:25:48,0.0
Humana,,2026-03-05|2026-03-06|2026-03-09|2026-03-10|2026-03-11|2026-03-12|2026-03-13|2026-03-16|2026-03-17|2026-03-18|2026-03-19|2026-03-20|2026-03-23|2026-03-24|2026-03-25|2026-03-26|2026-03-27|2026-03-30|2026-03-31|2026-04-01|2026-04-02|2026-04-06|2026-04-07|2026-04-08|2026-04-09|2026-04-10|2026-04-13|2026-04-14|2026-04-15|2026-04-16,2026-04-16 19:25:48,0.0
Morgan Stanley,,2026-03-05|2026-03-06|2026-03-09|2026-03-10|2026-03-11|2026-03-12|2026-03-13|2026-03-16|2026-03-17|2026-03-18|2026-03-19|2026-03-20|2026-03-23|2026-03-24|2026-03-25|2026-03-26|2026-03-27|2026-03-30|2026-03-31|2026-04-01|2026-04-02|2026-04-06|2026-04-07|2026-04-08|2026-04-09|2026-04-10|2026-04-13|2026-04-14|2026-04-15|2026-04-16,2026-04-16 19:25:48,0.0
Target Corporation,,2026-03-05|2026-03-06|2026-03-09|2026-03-10|2026-03-11|2026-03-12|2026-03-13|2026-03-16|2026-03-17|2026-03-18|2026-03-19|2026-03-20|2026-03-23|2026-03-24|2026-03-25|2026-03-26|2026-03-27|2026-03-30|2026-03-31|2026-04-01|2026-04-02|2026-04-06|2026-04-07|2026-04-08|2026-04-09|2026-04-10|2026-04-13|2026-04-14|2026-04-15|2026-04-16,2026-04-16 19:25:48,0.0
StoneX Group,,2026-03-05|2026-03-06|2026-03-09|2026-03-10|2026-03-11|2026-03-12|2026-03-13|2026-03-16|2026-03-17|2026-03-18|2026-03-19|2026-03-20|2026-03-23|2026-03-24|2026-03-25|2026-03-26|2026-03-27|2026-03-30|2026-03-31|2026-04-01|2026-04-02|2026-04-06|2026-04-07|2026-04-08|2026-04-09|2026-04-10|2026-04-13|2026-04-14|2026-04-15|2026-04-16,2026-04-16 19:25:48,0.0
Tesla,,2026-03-05|2026-03-06|2026-03-09|2026-03-10|2026-03-11|2026-03-12|2026-03-13|2026-03-16|2026-03-17|2026-03-18|2026-03-19|2026-03-20|2026-03-23|2026-03-24|2026-03-25|2026-03-26|2026-03-27|2026-03-30|2026-03-31|2026-04-01|2026-04-02|2026-04-06|2026-04-07|2026-04-08|2026-04-09|2026-04-10|2026-04-13|2026-04-14|2026-04-15|2026-04-16,2026-04-16 19:25:48,0.0
Dell Technologies,,2026-03-05|2026-03-06|2026-03-09|2026-03-10|2026-03-11|2026-03-12|2026-03-13|2026-03-16|2026-03-17|2026-03-18|2026-03-19|2026-03-20|2026-03-23|2026-03-24|2026-03-25|2026-03-26|2026-03-27|2026-03-30|2026-03-31|2026-04-01|2026-04-02|2026-04-06|2026-04-07|2026-04-08|2026-04-09|2026-04-10|2026-04-13|2026-04-14|2026-04-15|2026-04-16,2026-04-16 19:25:48,0.0
PepsiCo,,2026-03-05|2026-03-06|2026-03-09|2026-03-10|2026-03-11|2026-03-12|2026-03-13|2026-03-16|2026-03-17|2026-03-18|2026-03-19|2026-03-20|2026-03-23|2026-03-24|2026-03-25|2026-03-26|2026-03-27|2026-03-30|2026-03-31|2026-04-01|2026-04-02|2026-04-06|2026-04-07|2026-04-08|2026-04-09|2026-04-10|2026-04-13|2026-04-14|2026-04-15|2026-04-16,2026-04-16 19:25:48,0.0
The Walt Disney Company,,2026-03-05|2026-03-06|2026-03-09|2026-03-10|2026-03-11|2026-03-12|2026-03-13|2026-03-16|2026-03-17|2026-03-18|2026-03-19|2026-03-20|2026-03-23|2026-03-24|2026-03-25|2026-03-26|2026-03-27|2026-03-30|2026-03-31|2026-04-01|2026-04-02|2026-04-06|2026-04-07|2026-04-08|2026-04-09|2026-04-10|2026-04-13|2026-04-14|2026-04-15|2026-04-16,2026-04-16 19:25:48,0.0
UPS,,2026-03-05|2026-03-06|2026-03-09|2026-03-10|2026-03-11|2026-03-12|2026-03-13|2026-03-16|2026-03-17|2026-03-18|2026-03-19|2026-03-20|2026-03-23|2026-03-24|2026-03-25|2026-03-26|2026-03-27|2026-03-30|2026-03-31|2026-04-01|2026-04-02|2026-04-06|2026-04-07|2026-04-08|2026-04-09|2026-04-10|2026-04-13|2026-04-14|2026-04-15|2026-04-16,2026-04-16 19:25:48,0.0
Johnson & Johnson,,2026-03-05|2026-03-06|2026-03-09|2026-03-10|2026-03-11|2026-03-12|2026-03-13|2026-03-16|2026-03-17|2026-03-18|2026-03-19|2026-03-20|2026-03-23|2026-03-24|2026-03-25|2026-03-26|2026-03-27|2026-03-30|2026-03-31|2026-04-01|2026-04-02|2026-04-06|2026-04-07|2026-04-08|2026-04-09|2026-04-10|2026-04-13|2026-04-14|2026-04-15|2026-04-16,2026-04-16 19:25:48,0.0
FedEx,,2026-03-05|2026-03-06|2026-03-09|2026-03-10|2026-03-11|2026-03-12|2026-03-13|2026-03-16|2026-03-17|2026-03-18|2026-03-19|2026-03-20|2026-03-23|2026-03-24|2026-03-25|2026-03-26|2026-03-27|2026-03-30|2026-03-31|2026-04-01|2026-04-02|2026-04-06|2026-04-07|2026-04-08|2026-04-09|2026-04-10|2026-04-13|2026-04-14|2026-04-15|2026-04-16,2026-04-16 19:25:48,0.0
Archer Daniels Midland,,2026-03-05|2026-03-06|2026-03-09|2026-03-10|2026-03-11|2026-03-12|2026-03-13|2026-03-16|2026-03-17|2026-03-18|2026-03-19|2026-03-20|2026-03-23|2026-03-24|2026-03-25|2026-03-26|2026-03-27|2026-03-30|2026-03-31|2026-04-01|2026-04-02|2026-04-06|2026-04-07|2026-04-08|2026-04-09|2026-04-10|2026-04-13|2026-04-14|2026-04-15|2026-04-16,2026-04-16 19:25:48,0.0
Procter & Gamble,,2026-03-05|2026-03-06|2026-03-09|2026-03-10|2026-03-11|2026-03-12|2026-03-13|2026-03-16|2026-03-17|2026-03-18|2026-03-19|2026-03-20|2026-03-23|2026-03-24|2026-03-25|2026-03-26|2026-03-27|2026-03-30|2026-03-31|2026-04-01|2026-04-02|2026-04-06|2026-04-07|2026-04-08|2026-04-09|2026-04-10|2026-04-13|2026-04-14|2026-04-15|2026-04-16,2026-04-16 19:25:48,0.0
Lowe's Companies,,2026-03-05|2026-03-06|2026-03-09|2026-03-10|2026-03-11|2026-03-12|2026-03-13|2026-03-16|2026-03-17|2026-03-18|2026-03-19|2026-03-20|2026-03-23|2026-03-24|2026-03-25|2026-03-26|2026-03-27|2026-03-30|2026-03-31|2026-04-01|2026-04-02|2026-04-06|2026-04-07|2026-04-08|2026-04-09|2026-04-10|2026-04-13|2026-04-14|2026-04-15|2026-04-16,2026-04-16 19:25:48,0.0
Energy Transfer,,2026-03-05|2026-03-06|2026-03-09|2026-03-10|2026-03-11|2026-03-12|2026-03-13|2026-03-16|2026-03-17|2026-03-18|2026-03-19|2026-03-20|2026-03-23|2026-03-24|2026-03-25|2026-03-26|2026-03-27|2026-03-30|2026-03-31|2026-04-01|2026-04-02|2026-04-06|2026-04-07|2026-04-08|2026-04-09|2026-04-10|2026-04-13|2026-04-14|2026-04-15|2026-04-16,2026-04-16 19:25:48,0.0
RTX,,2026-03-05|2026-03-06|2026-03-09|2026-03-10|2026-03-11|2026-03-12|2026-03-13|2026-03-16|2026-03-17|2026-03-18|2026-03-19|2026-03-20|2026-03-23|2026-03-24|2026-03-25|2026-03-26|2026-03-27|2026-03-30|2026-03-31|2026-04-01|2026-04-02|2026-04-06|2026-04-07|2026-04-08|2026-04-09|2026-04-10|2026-04-13|2026-04-14|2026-04-15|2026-04-16,2026-04-16 19:25:48,0.0
Albertsons,,2026-03-05|2026-03-06|2026-03-09|2026-03-10|2026-03-11|2026-03-12|2026-03-13|2026-03-16|2026-03-17|2026-03-18|2026-03-19|2026-03-20|2026-03-23|2026-03-24|2026-03-25|2026-03-26|2026-03-27|2026-03-30|2026-03-31|2026-04-01|2026-04-02|2026-04-06|2026-04-07|2026-04-08|2026-04-09|2026-04-10|2026-04-13|2026-04-14|2026-04-15|2026-04-16,2026-04-16 19:25:48,0.0
Sysco,,2026-03-05|2026-03-06|2026-03-09|2026-03-10|2026-03-11|2026-03-12|2026-03-13|2026-03-16|2026-03-17|2026-03-18|2026-03-19|2026-03-20|2026-03-23|2026-03-24|2026-03-25|2026-03-26|2026-03-27|2026-03-30|2026-03-31|2026-04-01|2026-04-02|2026-04-06|2026-04-07|2026-04-08|2026-04-09|2026-04-10|2026-04-13|2026-04-14|2026-04-15|2026-04-16,2026-04-16 19:25:48,0.0
Progressive Insurance,,2026-03-05|2026-03-06|2026-03-09|2026-03-10|2026-03-11|2026-03-12|2026-03-13|2026-03-16|2026-03-17|2026-03-18|2026-03-19|2026-03-20|2026-03-23|2026-03-24|2026-03-25|2026-03-26|2026-03-27|2026-03-30|2026-03-31|2026-04-01|2026-04-02|2026-04-06|2026-04-07|2026-04-08|2026-04-09|2026-04-10|2026-04-13|2026-04-14|2026-04-15|2026-04-16,2026-04-16 19:25:48,0.0
American Express,,2026-03-05|2026-03-06|2026-03-09|2026-03-10|2026-03-11|2026-03-12|2026-03-13|2026-03-16|2026-03-17|2026-03-18|2026-03-19|2026-03-20|2026-03-23|2026-03-24|2026-03-25|2026-03-26|2026-03-27|2026-03-30|2026-03-31|2026-04-01|2026-04-02|2026-04-06|2026-04-07|2026-04-08|2026-04-09|2026-04-10|2026-04-13|2026-04-14|2026-04-15|2026-04-16,2026-04-16 19:25:48,0.0
Lockheed Martin,,2026-03-05|2026-03-06|2026-03-09|2026-03-10|2026-03-11|2026-03-12|2026-03-13|2026-03-16|2026-03-17|2026-03-18|2026-03-19|2026-03-20|2026-03-23|2026-03-24|2026-03-25|2026-03-26|2026-03-27|2026-03-30|2026-03-31|2026-04-01|2026-04-02|2026-04-06|2026-04-07|2026-04-08|2026-04-09|2026-04-10|2026-04-13|2026-04-14|2026-04-15|2026-04-16,2026-04-16 19:25:48,0.0
MetLife Inc,,2026-03-05|2026-03-06|2026-03-09|2026-03-10|2026-03-11|2026-03-12|2026-03-13|2026-03-16|2026-03-17|2026-03-18|2026-03-19|2026-03-20|2026-03-23|2026-03-24|2026-03-25|2026-03-26|2026-03-27|2026-03-30|2026-03-31|2026-04-01|2026-04-02|2026-04-06|2026-04-07|2026-04-08|2026-04-09|2026-04-10|2026-04-13|2026-04-14|2026-04-15|2026-04-16,2026-04-16 19:25:48,0.0
HCA Healthcare,,2026-03-05|2026-03-06|2026-03-09|2026-03-10|2026-03-11|2026-03-12|2026-03-13|2026-03-16|2026-03-17|2026-03-18|2026-03-19|2026-03-20|2026-03-23|2026-03-24|2026-03-25|2026-03-26|2026-03-27|2026-03-30|2026-03-31|2026-04-01|2026-04-02|2026-04-06|2026-04-07|2026-04-08|2026-04-09|2026-04-10|2026-04-13|2026-04-14|2026-04-15|2026-04-16,2026-04-16 19:25:48,0.0
Prudential Financial,,2026-03-05|2026-03-06|2026-03-09|2026-03-10|2026-03-11|2026-03-12|2026-03-13|2026-03-16|2026-03-17|2026-03-18|2026-03-19|2026-03-20|2026-03-23|2026-03-24|2026-03-25|2026-03-26|2026-03-27|2026-03-30|2026-03-31|2026-04-01|2026-04-02|2026-04-06|2026-04-07|2026-04-08|2026-04-09|2026-04-10|2026-04-13|2026-04-14|2026-04-15|2026-04-16,2026-04-16 19:25:48,0.0
Boeing,,2026-03-05|2026-03-06|2026-03-09|2026-03-10|2026-03-11|2026-03-12|2026-03-13|2026-03-16|2026-03-17|2026-03-18|2026-03-19|2026-03-20|2026-03-23|2026-03-24|2026-03-25|2026-03-26|2026-03-27|2026-03-30|2026-03-31|2026-04-01|2026-04-02|2026-04-06|2026-04-07|2026-04-08|2026-04-09|2026-04-10|2026-04-13|2026-04-14|2026-04-15|2026-04-16,2026-04-16 19:25:48,0.0
Caterpillar,,2026-03-05|2026-03-06|2026-03-09|2026-03-10|2026-03-11|2026-03-12|2026-03-13|2026-03-16|2026-03-17|2026-03-18|2026-03-19|2026-03-20|2026-03-23|2026-03-24|2026-03-25|2026-03-26|2026-03-27|2026-03-30|2026-03-31|2026-04-01|2026-04-02|2026-04-06|2026-04-07|2026-04-08|2026-04-09|2026-04-10|2026-04-13|2026-04-14|2026-04-15|2026-04-16,2026-04-16 19:25:48,0.0
Merck,,2026-03-05|2026-03-06|2026-03-09|2026-03-10|2026-03-11|2026-03-12|2026-03-13|2026-03-16|2026-03-17|2026-03-18|2026-03-19|2026-03-20|2026-03-23|2026-03-24|2026-03-25|2026-03-26|2026-03-27|2026-03-30|2026-03-31|2026-04-01|2026-04-02|2026-04-06|2026-04-07|2026-04-08|2026-04-09|2026-04-10|2026-04-13|2026-04-14|2026-04-15|2026-04-16,2026-04-16 19:25:48,0.0
Allstate,,2026-03-05|2026-03-06|2026-03-09|2026-03-10|2026-03-11|2026-03-12|2026-03-13|2026-03-16|2026-03-17|2026-03-18|2026-03-19|2026-03-20|2026-03-23|2026-03-24|2026-03-25|2026-03-26|2026-03-27|2026-03-30|2026-03-31|2026-04-01|2026-04-02|2026-04-06|2026-04-07|2026-04-08|2026-04-09|2026-04-10|2026-04-13|2026-04-14|2026-04-15|2026-04-16,2026-04-16 19:25:48,0.0
Pfizer,,2026-03-05|2026-03-06|2026-03-09|2026-03-10|2026-03-11|2026-03-12|2026-03-13|2026-03-16|2026-03-17|2026-03-18|2026-03-19|2026-03-20|2026-03-23|2026-03-24|2026-03-25|2026-03-26|2026-03-27|2026-03-30|2026-03-31|2026-04-01|2026-04-02|2026-04-06|2026-04-07|2026-04-08|2026-04-09|2026-04-10|2026-04-13|2026-04-14|2026-04-15|2026-04-16,2026-04-16 19:25:48,0.0
IBM,,2026-03-05|2026-03-06|2026-03-09|2026-03-10|2026-03-11|2026-03-12|2026-03-13|2026-03-16|2026-03-17|2026-03-18|2026-03-19|2026-03-20|2026-03-23|2026-03-24|2026-03-25|2026-03-26|2026-03-27|2026-03-30|2026-03-31|2026-04-01|2026-04-02|2026-04-06|2026-04-07|2026-04-08|2026-04-09|2026-04-10|2026-04-13|2026-04-14|2026-04-15|2026-04-16,2026-04-16 19:25:48,0.0
Delta Air Lines,,2026-03-05|2026-03-06|2026-03-09|2026-03-10|2026-03-11|2026-03-12|2026-03-13|2026-03-16|2026-03-17|2026-03-18|2026-03-19|2026-03-20|2026-03-23|2026-03-24|2026-03-25|2026-03-26|2026-03-27|2026-03-30|2026-03-31|2026-04-01|2026-04-02|2026-04-06|2026-04-07|2026-04-08|2026-04-09|2026-04-10|2026-04-13|2026-04-14|2026-04-15|2026-04-16,2026-04-16 19:25:48,0.0
Publix Super Markets,,2026-03-05|2026-03-06|2026-03-09|2026-03-10|2026-03-11|2026-03-12|2026-03-13|2026-03-16|2026-03-17|2026-03-18|2026-03-19|2026-03-20|2026-03-23|2026-03-24|2026-03-25|2026-03-26|2026-03-27|2026-03-30|2026-03-31|2026-04-01|2026-04-02|2026-04-06|2026-04-07|2026-04-08|2026-04-09|2026-04-10|2026-04-13|2026-04-14|2026-04-15|2026-04-16,2026-04-16 19:25:48,0.0
TD Synnex,,2026-03-05|2026-03-06|2026-03-09|2026-03-10|2026-03-11|2026-03-12|2026-03-13|2026-03-16|2026-03-17|2026-03-18|2026-03-19|2026-03-20|2026-03-23|2026-03-24|2026-03-25|2026-03-26|2026-03-27|2026-03-30|2026-03-31|2026-04-01|2026-04-02|2026-04-06|2026-04-07|2026-04-08|2026-04-09|2026-04-10|2026-04-13|2026-04-14|2026-04-15|2026-04-16,2026-04-16 19:25:48,0.0
United Airlines,,2026-03-05|2026-03-06|2026-03-09|2026-03-10|2026-03-11|2026-03-12|2026-03-13|2026-03-16|2026-03-17|2026-03-18|2026-03-19|2026-03-20|2026-03-23|2026-03-24|2026-03-25|2026-03-26|2026-03-27|2026-03-30|2026-03-31|2026-04-01|2026-04-02|2026-04-06|2026-04-07|2026-04-08|2026-04-09|2026-04-10|2026-04-13|2026-04-14|2026-04-15|2026-04-16,2026-04-16 19:25:48,0.0
ConocoPhillips,,2026-03-05|2026-03-06|2026-03-09|2026-03-10|2026-03-11|2026-03-12|2026-03-13|2026-03-16|2026-03-17|2026-03-18|2026-03-19|2026-03-20|2026-03-23|2026-03-24|2026-03-25|2026-03-26|2026-03-27|2026-03-30|2026-03-31|2026-04-01|2026-04-02|2026-04-06|2026-04-07|2026-04-08|2026-04-09|2026-04-10|2026-04-13|2026-04-14|2026-04-15|2026-04-16,2026-04-16 19:25:48,0.0
TJX,,2026-03-05|2026-03-06|2026-03-09|2026-03-10|2026-03-11|2026-03-12|2026-03-13|2026-03-16|2026-03-17|2026-03-18|2026-03-19|2026-03-20|2026-03-23|2026-03-24|2026-03-25|2026-03-26|2026-03-27|2026-03-30|2026-03-31|2026-04-01|2026-04-02|2026-04-06|2026-04-07|2026-04-08|2026-04-09|2026-04-10|2026-04-13|2026-04-14|2026-04-15|2026-04-16,2026-04-16 19:25:48,0.0
AbbVie,,2026-03-05|2026-03-06|2026-03-09|2026-03-10|2026-03-11|2026-03-12|2026-03-13|2026-03-16|2026-03-17|2026-03-18|2026-03-19|2026-03-20|2026-03-23|2026-03-24|2026-03-25|2026-03-26|2026-03-27|2026-03-30|2026-03-31|2026-04-01|2026-04-02|2026-04-06|2026-04-07|2026-04-08|2026-04-09|2026-04-10|2026-04-13|2026-04-14|2026-04-15|2026-04-16,2026-04-16 19:25:48,0.0
Enterprise Products Partners,,2026-03-05|2026-03-06|2026-03-09|2026-03-10|2026-03-11|2026-03-12|2026-03-13|2026-03-16|2026-03-17|2026-03-18|2026-03-19|2026-03-20|2026-03-23|2026-03-24|2026-03-25|2026-03-26|2026-03-27|2026-03-30|2026-03-31|2026-04-01|2026-04-02|2026-04-06|2026-04-07|2026-04-08|2026-04-09|2026-04-10|2026-04-13|2026-04-14|2026-04-15|2026-04-16,2026-04-16 19:25:48,0.0
Charter Communications,,2026-03-05|2026-03-06|2026-03-09|2026-03-10|2026-03-11|2026-03-12|2026-03-13|2026-03-16|2026-03-17|2026-03-18|2026-03-19|2026-03-20|2026-03-23|2026-03-24|2026-03-25|2026-03-26|2026-03-27|2026-03-30|2026-03-31|2026-04-01|2026-04-02|2026-04-06|2026-04-07|2026-04-08|2026-04-09|2026-04-10|2026-04-13|2026-04-14|2026-04-15|2026-04-16,2026-04-16 19:25:48,0.0
Performance Food,,2026-03-05|2026-03-06|2026-03-09|2026-03-10|2026-03-11|2026-03-12|2026-03-13|2026-03-16|2026-03-17|2026-03-18|2026-03-19|2026-03-20|2026-03-23|2026-03-24|2026-03-25|2026-03-26|2026-03-27|2026-03-30|2026-03-31|2026-04-01|2026-04-02|2026-04-06|2026-04-07|2026-04-08|2026-04-09|2026-04-10|2026-04-13|2026-04-14|2026-04-15|2026-04-16,2026-04-16 19:25:48,0.0
American Airlines,,2026-03-05|2026-03-06|2026-03-09|2026-03-10|2026-03-11|2026-03-12|2026-03-13|2026-03-16|2026-03-17|2026-03-18|2026-03-19|2026-03-20|2026-03-23|2026-03-24|2026-03-25|2026-03-26|2026-03-27|2026-03-30|2026-03-31|2026-04-01|2026-04-02|2026-04-06|2026-04-07|2026-04-08|2026-04-09|2026-04-10|2026-04-13|2026-04-14|2026-04-15|2026-04-16,2026-04-16 19:25:48,0.0
Capital One,,2026-03-05|2026-03-06|2026-03-09|2026-03-10|2026-03-11|2026-03-12|2026-03-13|2026-03-16|2026-03-17|2026-03-18|2026-03-19|2026-03-20|2026-03-23|2026-03-24|2026-03-25|2026-03-26|2026-03-27|2026-03-30|2026-03-31|2026-04-01|2026-04-02|2026-04-06|2026-04-07|2026-04-08|2026-04-09|2026-04-10|2026-04-13|2026-04-14|2026-04-15|2026-04-16,2026-04-16 19:25:48,0.0
Cisco Systems,,2026-03-05|2026-03-06|2026-03-09|2026-03-10|2026-03-11|2026-03-12|2026-03-13|2026-03-16|2026-03-17|2026-03-18|2026-03-19|2026-03-20|2026-03-23|2026-03-24|2026-03-25|2026-03-26|2026-03-27|2026-03-30|2026-03-31|2026-04-01|2026-04-02|2026-04-06|2026-04-07|2026-04-08|2026-04-09|2026-04-10|2026-04-13|2026-04-14|2026-04-15|2026-04-16,2026-04-16 19:25:48,0.0
HP,,2026-03-05|2026-03-06|2026-03-09|2026-03-10|2026-03-11|2026-03-12|2026-03-13|2026-03-16|2026-03-17|2026-03-18|2026-03-19|2026-03-20|2026-03-23|2026-03-24|2026-03-25|2026-03-26|2026-03-27|2026-03-30|2026-03-31|2026-04-01|2026-04-02|2026-04-06|2026-04-07|2026-04-08|2026-04-09|2026-04-10|2026-04-13|2026-04-14|2026-04-15|2026-04-16,2026-04-16 19:25:48,0.0
Tyson Foods,,2026-03-05|2026-03-06|2026-03-09|2026-03-10|2026-03-11|2026-03-12|2026-03-13|2026-03-16|2026-03-17|2026-03-18|2026-03-19|2026-03-20|2026-03-23|2026-03-24|2026-03-25|2026-03-26|2026-03-27|2026-03-30|2026-03-31|2026-04-01|2026-04-02|2026-04-06|2026-04-07|2026-04-08|2026-04-09|2026-04-10|2026-04-13|2026-04-14|2026-04-15|2026-04-16,2026-04-16 19:25:48,0.0
Intel,,2026-03-05|2026-03-06|2026-03-09|2026-03-10|2026-03-11|2026-03-12|2026-03-13|2026-03-16|2026-03-17|2026-03-18|2026-03-19|2026-03-20|2026-03-23|2026-03-24|2026-03-25|2026-03-26|2026-03-27|2026-03-30|2026-03-31|2026-04-01|2026-04-02|2026-04-06|2026-04-07|2026-04-08|2026-04-09|2026-04-10|2026-04-13|2026-04-14|2026-04-15|2026-04-16,2026-04-16 19:25:48,0.0
Oracle,,2026-03-05|2026-03-06|2026-03-09|2026-03-10|2026-03-11|2026-03-12|2026-03-13|2026-03-16|2026-03-17|2026-03-18|2026-03-19|2026-03-20|2026-03-23|2026-03-24|2026-03-25|2026-03-26|2026-03-27|2026-03-30|2026-03-31|2026-04-01|2026-04-02|2026-04-06|2026-04-07|2026-04-08|2026-04-09|2026-04-10|2026-04-13|2026-04-14|2026-04-15|2026-04-16,2026-04-16 19:25:48,0.0
Broadcom,,2026-03-05|2026-03-06|2026-03-09|2026-03-10|2026-03-11|2026-03-12|2026-03-13|2026-03-16|2026-03-17|2026-03-18|2026-03-19|2026-03-20|2026-03-23|2026-03-24|2026-03-25|2026-03-26|2026-03-27|2026-03-30|2026-03-31|2026-04-01|2026-04-02|2026-04-06|2026-04-07|2026-04-08|2026-04-09|2026-04-10|2026-04-13|2026-04-14|2026-04-15|2026-04-16,2026-04-16 19:25:48,0.0
John Deere & Company,,2026-03-05|2026-03-06|2026-03-09|2026-03-10|2026-03-11|2026-03-12|2026-03-13|2026-03-16|2026-03-17|2026-03-18|2026-03-19|2026-03-20|2026-03-23|2026-03-24|2026-03-25|2026-03-26|2026-03-27|2026-03-30|2026-03-31|2026-04-01|2026-04-02|2026-04-06|2026-04-07|2026-04-08|2026-04-09|2026-04-10|2026-04-13|2026-04-14|2026-04-15|2026-04-16,2026-04-16 19:25:48,0.0
Nike,,2026-03-05|2026-03-06|2026-03-09|2026-03-10|2026-03-11|2026-03-12|2026-03-13|2026-03-16|2026-03-17|2026-03-18|2026-03-19|2026-03-20|2026-03-23|2026-03-24|2026-03-25|2026-03-26|2026-03-27|2026-03-30|2026-03-31|2026-04-01|2026-04-02|2026-04-06|2026-04-07|2026-04-08|2026-04-09|2026-04-10|2026-04-13|2026-04-14|2026-04-15|2026-04-16,2026-04-16 19:25:48,0.0
Plains GP,,2026-03-05|2026-03-06|2026-03-09|2026-03-10|2026-03-11|2026-03-12|2026-03-13|2026-03-16|2026-03-17|2026-03-18|2026-03-19|2026-03-20|2026-03-23|2026-03-24|2026-03-25|2026-03-26|2026-03-27|2026-03-30|2026-03-31|2026-04-01|2026-04-02|2026-04-06|2026-04-07|2026-04-08|2026-04-09|2026-04-10|2026-04-13|2026-04-14|2026-04-15|2026-04-16,2026-04-16 19:25:48,0.0
Bristol-Myers Squibb,,2026-03-05|2026-03-06|2026-03-09|2026-03-10|2026-03-11|2026-03-12|2026-03-13|2026-03-16|2026-03-17|2026-03-18|2026-03-19|2026-03-20|2026-03-23|2026-03-24|2026-03-25|2026-03-26|2026-03-27|2026-03-30|2026-03-31|2026-04-01|2026-04-02|2026-04-06|2026-04-07|2026-04-08|2026-04-09|2026-04-10|2026-04-13|2026-04-14|2026-04-15|2026-04-16,2026-04-16 19:25:48,0.0
Ingram Micro,,2026-03-05|2026-03-06|2026-03-09|2026-03-10|2026-03-11|2026-03-12|2026-03-13|2026-03-16|2026-03-17|2026-03-18|2026-03-19|2026-03-20|2026-03-23|2026-03-24|2026-03-25|2026-03-26|2026-03-27|2026-03-30|2026-03-31|2026-04-01|2026-04-02|2026-04-06|2026-04-07|2026-04-08|2026-04-09|2026-04-10|2026-04-13|2026-04-14|2026-04-15|2026-04-16,2026-04-16 19:25:48,0.0
General Dynamics,,2026-03-05|2026-03-06|2026-03-09|2026-03-10|2026-03-11|2026-03-12|2026-03-13|2026-03-16|2026-03-17|2026-03-18|2026-03-19|2026-03-20|2026-03-23|2026-03-24|2026-03-25|2026-03-26|2026-03-27|2026-03-30|2026-03-31|2026-04-01|2026-04-02|2026-04-06|2026-04-07|2026-04-08|2026-04-09|2026-04-10|2026-04-13|2026-04-14|2026-04-15|2026-04-16,2026-04-16 19:25:48,0.0
The Coca-Cola Company,,2026-03-05|2026-03-06|2026-03-09|2026-03-10|2026-03-11|2026-03-12|2026-03-13|2026-03-16|2026-03-17|2026-03-18|2026-03-19|2026-03-20|2026-03-23|2026-03-24|2026-03-25|2026-03-26|2026-03-27|2026-03-30|2026-03-31|2026-04-01|2026-04-02|2026-04-06|2026-04-07|2026-04-08|2026-04-09|2026-04-10|2026-04-13|2026-04-14|2026-04-15|2026-04-16,2026-04-16 19:25:48,0.0
The Travelers Indemnity Company,,2026-03-05|2026-03-06|2026-03-09|2026-03-10|2026-03-11|2026-03-12|2026-03-13|2026-03-16|2026-03-17|2026-03-18|2026-03-19|2026-03-20|2026-03-23|2026-03-24|2026-03-25|2026-03-26|2026-03-27|2026-03-30|2026-03-31|2026-04-01|2026-04-02|2026-04-06|2026-04-07|2026-04-08|2026-04-09|2026-04-10|2026-04-13|2026-04-14|2026-04-15|2026-04-16,2026-04-16 19:25:48,0.0
Eli Lilly,,2026-03-05|2026-03-06|2026-03-09|2026-03-10|2026-03-11|2026-03-12|2026-03-13|2026-03-16|2026-03-17|2026-03-18|2026-03-19|2026-03-20|2026-03-23|2026-03-24|2026-03-25|2026-03-26|2026-03-27|2026-03-30|2026-03-31|2026-04-01|2026-04-02|2026-04-06|2026-04-07|2026-04-08|2026-04-09|2026-04-10|2026-04-13|2026-04-14|2026-04-15|2026-04-16,2026-04-16 19:25:48,0.0
Uber Technologies,,2026-03-05|2026-03-06|2026-03-09|2026-03-10|2026-03-11|2026-03-12|2026-03-13|2026-03-16|2026-03-17|2026-03-18|2026-03-19|2026-03-20|2026-03-23|2026-03-24|2026-03-25|2026-03-26|2026-03-27|2026-03-30|2026-03-31|2026-04-01|2026-04-02|2026-04-06|2026-04-07|2026-04-08|2026-04-09|2026-04-10|2026-04-13|2026-04-14|2026-04-15|2026-04-16,2026-04-16 19:25:48,0.0
Thermo Fisher Scientific,,2026-03-05|2026-03-06|2026-03-09|2026-03-10|2026-03-11|2026-03-12|2026-03-13|2026-03-16|2026-03-17|2026-03-18|2026-03-19|2026-03-20|2026-03-23|2026-03-24|2026-03-25|2026-03-26|2026-03-27|2026-03-30|2026-03-31|2026-04-01|2026-04-02|2026-04-06|2026-04-07|2026-04-08|2026-04-09|2026-04-10|2026-04-13|2026-04-14|2026-04-15|2026-04-16,2026-04-16 19:25:48,0.0
US Bancorp,,2026-03-05|2026-03-06|2026-03-09|2026-03-10|2026-03-11|2026-03-12|2026-03-13|2026-03-16|2026-03-17|2026-03-18|2026-03-19|2026-03-20|2026-03-23|2026-03-24|2026-03-25|2026-03-26|2026-03-27|2026-03-30|2026-03-31|2026-04-01|2026-04-02|2026-04-06|2026-04-07|2026-04-08|2026-04-09|2026-04-10|2026-04-13|2026-04-14|2026-04-15|2026-04-16,2026-04-16 19:25:48,0.0
World Kinect,,2026-03-05|2026-03-06|2026-03-09|2026-03-10|2026-03-11|2026-03-12|2026-03-13|2026-03-16|2026-03-17|2026-03-18|2026-03-19|2026-03-20|2026-03-23|2026-03-24|2026-03-25|2026-03-26|2026-03-27|2026-03-30|2026-03-31|2026-04-01|2026-04-02|2026-04-06|2026-04-07|2026-04-08|2026-04-09|2026-04-10|2026-04-13|2026-04-14|2026-04-15|2026-04-16,2026-04-16 19:25:48,0.0
Abbott Laboratories,,2026-03-05|2026-03-06|2026-03-09|2026-03-10|2026-03-11|2026-03-12|2026-03-13|2026-03-16|2026-03-17|2026-03-18|2026-03-19|2026-03-20|2026-03-23|2026-03-24|2026-03-25|2026-03-26|2026-03-27|2026-03-30|2026-03-31|2026-04-01|2026-04-02|2026-04-06|2026-04-07|2026-04-08|2026-04-09|2026-04-10|2026-04-13|2026-04-14|2026-04-15|2026-04-16,2026-04-16 19:25:48,0.0
Best Buy,,2026-03-05|2026-03-06|2026-03-09|2026-03-10|2026-03-11|2026-03-12|2026-03-13|2026-03-16|2026-03-17|2026-03-18|2026-03-19|2026-03-20|2026-03-23|2026-03-24|2026-03-25|2026-03-26|2026-03-27|2026-03-30|2026-03-31|2026-04-01|2026-04-02|2026-04-06|2026-04-07|2026-04-08|2026-04-09|2026-04-10|2026-04-13|2026-04-14|2026-04-15|2026-04-16,2026-04-16 19:25:48,0.0
Northrop Grumman,,2026-03-05|2026-03-06|2026-03-09|2026-03-10|2026-03-11|2026-03-12|2026-03-13|2026-03-16|2026-03-17|2026-03-18|2026-03-19|2026-03-20|2026-03-23|2026-03-24|2026-03-25|2026-03-26|2026-03-27|2026-03-30|2026-03-31|2026-04-01|2026-04-02|2026-04-06|2026-04-07|2026-04-08|2026-04-09|2026-04-10|2026-04-13|2026-04-14|2026-04-15|2026-04-16,2026-04-16 19:25:48,0.0
Molina Healthcare,,2026-03-05|2026-03-06|2026-03-09|2026-03-10|2026-03-11|2026-03-12|2026-03-13|2026-03-16|2026-03-17|2026-03-18|2026-03-19|2026-03-20|2026-03-23|2026-03-24|2026-03-25|2026-03-26|2026-03-27|2026-03-30|2026-03-31|2026-04-01|2026-04-02|2026-04-06|2026-04-07|2026-04-08|2026-04-09|2026-04-10|2026-04-13|2026-04-14|2026-04-15|2026-04-16,2026-04-16 19:25:48,0.0
Dollar General Corporation,,2026-03-05|2026-03-06|2026-03-09|2026-03-10|2026-03-11|2026-03-12|2026-03-13|2026-03-16|2026-03-17|2026-03-18|2026-03-19|2026-03-20|2026-03-23|2026-03-24|2026-03-25|2026-03-26|2026-03-27|2026-03-30|2026-03-31|2026-04-01|2026-04-02|2026-04-06|2026-04-07|2026-04-08|2026-04-09|2026-04-10|2026-04-13|2026-04-14|2026-04-15|2026-04-16,2026-04-16 19:25:48,0.0
Bank of New York Mellon,,2026-03-05|2026-03-06|2026-03-09|2026-03-10|2026-03-11|2026-03-12|2026-03-13|2026-03-16|2026-03-17|2026-03-18|2026-03-19|2026-03-20|2026-03-23|2026-03-24|2026-03-25|2026-03-26|2026-03-27|2026-03-30|2026-03-31|2026-04-01|2026-04-02|2026-04-06|2026-04-07|2026-04-08|2026-04-09|2026-04-10|2026-04-13|2026-04-14|2026-04-15|2026-04-16,2026-04-16 19:25:48,0.0
Warner Bros Discovery,,2026-03-05|2026-03-06|2026-03-09|2026-03-10|2026-03-11|2026-03-12|2026-03-13|2026-03-16|2026-03-17|2026-03-18|2026-03-19|2026-03-20|2026-03-23|2026-03-24|2026-03-25|2026-03-26|2026-03-27|2026-03-30|2026-03-31|2026-04-01|2026-04-02|2026-04-06|2026-04-07|2026-04-08|2026-04-09|2026-04-10|2026-04-13|2026-04-14|2026-04-15|2026-04-16,2026-04-16 19:25:48,0.0
Netflix,,2026-03-05|2026-03-06|2026-03-09|2026-03-10|2026-03-11|2026-03-12|2026-03-13|2026-03-16|2026-03-17|2026-03-18|2026-03-19|2026-03-20|2026-03-23|2026-03-24|2026-03-25|2026-03-26|2026-03-27|2026-03-30|2026-03-31|2026-04-01|2026-04-02|2026-04-06|2026-04-07|2026-04-08|2026-04-09|2026-04-10|2026-04-13|2026-04-14|2026-04-15|2026-04-16,2026-04-16 19:25:48,0.0
Qualcomm,,2026-03-05|2026-03-06|2026-03-09|2026-03-10|2026-03-11|2026-03-12|2026-03-13|2026-03-16|2026-03-17|2026-03-18|2026-03-19|2026-03-20|2026-03-23|2026-03-24|2026-03-25|2026-03-26|2026-03-27|2026-03-30|2026-03-31|2026-04-01|2026-04-02|2026-04-06|2026-04-07|2026-04-08|2026-04-09|2026-04-10|2026-04-13|2026-04-14|2026-04-15|2026-04-16,2026-04-16 19:25:48,0.0
Honeywell,,2026-03-05|2026-03-06|2026-03-09|2026-03-10|2026-03-11|2026-03-12|2026-03-13|2026-03-16|2026-03-17|2026-03-18|2026-03-19|2026-03-20|2026-03-23|2026-03-24|2026-03-25|2026-03-26|2026-03-27|2026-03-30|2026-03-31|2026-04-01|2026-04-02|2026-04-06|2026-04-07|2026-04-08|2026-04-09|2026-04-10|2026-04-13|2026-04-14|2026-04-15|2026-04-16,2026-04-16 19:25:48,0.0
Salesforce,,2026-03-05|2026-03-06|2026-03-09|2026-03-10|2026-03-11|2026-03-12|2026-03-13|2026-03-16|2026-03-17|2026-03-18|2026-03-19|2026-03-20|2026-03-23|2026-03-24|2026-03-25|2026-03-26|2026-03-27|2026-03-30|2026-03-31|2026-04-01|2026-04-02|2026-04-06|2026-04-07|2026-04-08|2026-04-09|2026-04-10|2026-04-13|2026-04-14|2026-04-15|2026-04-16,2026-04-16 19:25:48,0.0
Philip Morris International,,2026-03-05|2026-03-06|2026-03-09|2026-03-10|2026-03-11|2026-03-12|2026-03-13|2026-03-16|2026-03-17|2026-03-18|2026-03-19|2026-03-20|2026-03-23|2026-03-24|2026-03-25|2026-03-26|2026-03-27|2026-03-30|2026-03-31|2026-04-01|2026-04-02|2026-04-06|2026-04-07|2026-04-08|2026-04-09|2026-04-10|2026-04-13|2026-04-14|2026-04-15|2026-04-16,2026-04-16 19:25:48,0.0
US Foods,,2026-03-05|2026-03-06|2026-03-09|2026-03-10|2026-03-11|2026-03-12|2026-03-13|2026-03-16|2026-03-17|2026-03-18|2026-03-19|2026-03-20|2026-03-23|2026-03-24|2026-03-25|2026-03-26|2026-03-27|2026-03-30|2026-03-31|2026-04-01|2026-04-02|2026-04-06|2026-04-07|2026-04-08|2026-04-09|2026-04-10|2026-04-13|2026-04-14|2026-04-15|2026-04-16,2026-04-16 19:25:48,0.0
DR Horton Inc,,2026-03-05|2026-03-06|2026-03-09|2026-03-10|2026-03-11|2026-03-12|2026-03-13|2026-03-16|2026-03-17|2026-03-18|2026-03-19|2026-03-20|2026-03-23|2026-03-24|2026-03-25|2026-03-26|2026-03-27|2026-03-30|2026-03-31|2026-04-01|2026-04-02|2026-04-06|2026-04-07|2026-04-08|2026-04-09|2026-04-10|2026-04-13|2026-04-14|2026-04-15|2026-04-16,2026-04-16 19:25:48,0.0
Lithia Motors,,2026-03-05|2026-03-06|2026-03-09|2026-03-10|2026-03-11|2026-03-12|2026-03-13|2026-03-16|2026-03-17|2026-03-18|2026-03-19|2026-03-20|2026-03-23|2026-03-24|2026-03-25|2026-03-26|2026-03-27|2026-03-30|2026-03-31|2026-04-01|2026-04-02|2026-04-06|2026-04-07|2026-04-08|2026-04-09|2026-04-10|2026-04-13|2026-04-14|2026-04-15|2026-04-16,2026-04-16 19:25:48,0.0
Mondelez,,2026-03-05|2026-03-06|2026-03-09|2026-03-10|2026-03-11|2026-03-12|2026-03-13|2026-03-16|2026-03-17|2026-03-18|2026-03-19|2026-03-20|2026-03-23|2026-03-24|2026-03-25|2026-03-26|2026-03-27|2026-03-30|2026-03-31|2026-04-01|2026-04-02|2026-04-06|2026-04-07|2026-04-08|2026-04-09|2026-04-10|2026-04-13|2026-04-14|2026-04-15|2026-04-16,2026-04-16 19:25:48,0.0
Starbucks,,2026-03-05|2026-03-06|2026-03-09|2026-03-10|2026-03-11|2026-03-12|2026-03-13|2026-03-16|2026-03-17|2026-03-18|2026-03-19|2026-03-20|2026-03-23|2026-03-24|2026-03-25|2026-03-26|2026-03-27|2026-03-30|2026-03-31|2026-04-01|2026-04-02|2026-04-06|2026-04-07|2026-04-08|2026-04-09|2026-04-10|2026-04-13|2026-04-14|2026-04-15|2026-04-16,2026-04-16 19:25:48,0.0
Visa Inc,,2026-03-05|2026-03-06|2026-03-09|2026-03-10|2026-03-11|2026-03-12|2026-03-13|2026-03-16|2026-03-17|2026-03-18|2026-03-19|2026-03-20|2026-03-23|2026-03-24|2026-03-25|2026-03-26|2026-03-27|2026-03-30|2026-03-31|2026-04-01|2026-04-02|2026-04-06|2026-04-07|2026-04-08|2026-04-09|2026-04-10|2026-04-13|2026-04-14|2026-04-15|2026-04-16,2026-04-16 19:25:48,0.0
CBRE Group,,2026-03-05|2026-03-06|2026-03-09|2026-03-10|2026-03-11|2026-03-12|2026-03-13|2026-03-16|2026-03-17|2026-03-18|2026-03-19|2026-03-20|2026-03-23|2026-03-24|2026-03-25|2026-03-26|2026-03-27|2026-03-30|2026-03-31|2026-04-01|2026-04-02|2026-04-06|2026-04-07|2026-04-08|2026-04-09|2026-04-10|2026-04-13|2026-04-14|2026-04-15|2026-04-16,2026-04-16 19:25:48,0.0
Lennar,,2026-03-05|2026-03-06|2026-03-09|2026-03-10|2026-03-11|2026-03-12|2026-03-13|2026-03-16|2026-03-17|2026-03-18|2026-03-19|2026-03-20|2026-03-23|2026-03-24|2026-03-25|2026-03-26|2026-03-27|2026-03-30|2026-03-31|2026-04-01|2026-04-02|2026-04-06|2026-04-07|2026-04-08|2026-04-09|2026-04-10|2026-04-13|2026-04-14|2026-04-15|2026-04-16,2026-04-16 19:25:48,0.0
GE Vernova,,2026-03-05|2026-03-06|2026-03-09|2026-03-10|2026-03-11|2026-03-12|2026-03-13|2026-03-16|2026-03-17|2026-03-18|2026-03-19|2026-03-20|2026-03-23|2026-03-24|2026-03-25|2026-03-26|2026-03-27|2026-03-30|2026-03-31|2026-04-01|2026-04-02|2026-04-06|2026-04-07|2026-04-08|2026-04-09|2026-04-10|2026-04-13|2026-04-14|2026-04-15|2026-04-16,2026-04-16 19:25:48,0.0
PNC Financial Services,,2026-03-05|2026-03-06|2026-03-09|2026-03-10|2026-03-11|2026-03-12|2026-03-13|2026-03-16|2026-03-17|2026-03-18|2026-03-19|2026-03-20|2026-03-23|2026-03-24|2026-03-25|2026-03-26|2026-03-27|2026-03-30|2026-03-31|2026-04-01|2026-04-02|2026-04-06|2026-04-07|2026-04-08|2026-04-09|2026-04-10|2026-04-13|2026-04-14|2026-04-15|2026-04-16,2026-04-16 19:25:48,0.0
Cummins Inc,,2026-03-05|2026-03-06|2026-03-09|2026-03-10|2026-03-11|2026-03-12|2026-03-13|2026-03-16|2026-03-17|2026-03-18|2026-03-19|2026-03-20|2026-03-23|2026-03-24|2026-03-25|2026-03-26|2026-03-27|2026-03-30|2026-03-31|2026-04-01|2026-04-02|2026-04-06|2026-04-07|2026-04-08|2026-04-09|2026-04-10|2026-04-13|2026-04-14|2026-04-15|2026-04-16,2026-04-16 19:25:48,0.0
Paccar,,2026-03-05|2026-03-06|2026-03-09|2026-03-10|2026-03-11|2026-03-12|2026-03-13|2026-03-16|2026-03-17|2026-03-18|2026-03-19|2026-03-20|2026-03-23|2026-03-24|2026-03-25|2026-03-26|2026-03-27|2026-03-30|2026-03-31|2026-04-01|2026-04-02|2026-04-06|2026-04-07|2026-04-08|2026-04-09|2026-04-10|2026-04-13|2026-04-14|2026-04-15|2026-04-16,2026-04-16 19:25:48,0.0
Amgen,,2026-03-05|2026-03-06|2026-03-09|2026-03-10|2026-03-11|2026-03-12|2026-03-13|2026-03-16|2026-03-17|2026-03-18|2026-03-19|2026-03-20|2026-03-23|2026-03-24|2026-03-25|2026-03-26|2026-03-27|2026-03-30|2026-03-31|2026-04-01|2026-04-02|2026-04-06|2026-04-07|2026-04-08|2026-04-09|2026-04-10|2026-04-13|2026-04-14|2026-04-15|2026-04-16,2026-04-16 19:25:48,0.0
PBF Energy,,2026-03-05|2026-03-06|2026-03-09|2026-03-10|2026-03-11|2026-03-12|2026-03-13|2026-03-16|2026-03-17|2026-03-18|2026-03-19|2026-03-20|2026-03-23|2026-03-24|2026-03-25|2026-03-26|2026-03-27|2026-03-30|2026-03-31|2026-04-01|2026-04-02|2026-04-06|2026-04-07|2026-04-08|2026-04-09|2026-04-10|2026-04-13|2026-04-14|2026-04-15|2026-04-16,2026-04-16 19:25:48,0.0
PayPal,,2026-03-05|2026-03-06|2026-03-09|2026-03-10|2026-03-11|2026-03-12|2026-03-13|2026-03-16|2026-03-17|2026-03-18|2026-03-19|2026-03-20|2026-03-23|2026-03-24|2026-03-25|2026-03-26|2026-03-27|2026-03-30|2026-03-31|2026-04-01|2026-04-02|2026-04-06|2026-04-07|2026-04-08|2026-04-09|2026-04-10|2026-04-13|2026-04-14|2026-04-15|2026-04-16,2026-04-16 19:25:48,0.0
United Natural Foods,,2026-03-05|2026-03-06|2026-03-09|2026-03-10|2026-03-11|2026-03-12|2026-03-13|2026-03-16|2026-03-17|2026-03-18|2026-03-19|2026-03-20|2026-03-23|2026-03-24|2026-03-25|2026-03-26|2026-03-27|2026-03-30|2026-03-31|2026-04-01|2026-04-02|2026-04-06|2026-04-07|2026-04-08|2026-04-09|2026-04-10|2026-04-13|2026-04-14|2026-04-15|2026-04-16,2026-04-16 19:25:48,0.0
Dollar Tree,,2026-03-05|2026-03-06|2026-03-09|2026-03-10|2026-03-11|2026-03-12|2026-03-13|2026-03-16|2026-03-17|2026-03-18|2026-03-19|2026-03-20|2026-03-23|2026-03-24|2026-03-25|2026-03-26|2026-03-27|2026-03-30|2026-03-31|2026-04-01|2026-04-02|2026-04-06|2026-04-07|2026-04-08|2026-04-09|2026-04-10|2026-04-13|2026-04-14|2026-04-15|2026-04-16,2026-04-16 19:25:48,0.0
Nucor,,2026-03-05|2026-03-06|2026-03-09|2026-03-10|2026-03-11|2026-03-12|2026-03-13|2026-03-16|2026-03-17|2026-03-18|2026-03-19|2026-03-20|2026-03-23|2026-03-24|2026-03-25|2026-03-26|2026-03-27|2026-03-30|2026-03-31|2026-04-01|2026-04-02|2026-04-06|2026-04-07|2026-04-08|2026-04-09|2026-04-10|2026-04-13|2026-04-14|2026-04-15|2026-04-16,2026-04-16 19:25:48,0.0
Penske Automotive,,2026-03-05|2026-03-06|2026-03-09|2026-03-10|2026-03-11|2026-03-12|2026-03-13|2026-03-16|2026-03-17|2026-03-18|2026-03-19|2026-03-20|2026-03-23|2026-03-24|2026-03-25|2026-03-26|2026-03-27|2026-03-30|2026-03-31|2026-04-01|2026-04-02|2026-04-06|2026-04-07|2026-04-08|2026-04-09|2026-04-10|2026-04-13|2026-04-14|2026-04-15|2026-04-16,2026-04-16 19:25:48,0.0
Coupang,,2026-03-05|2026-03-06|2026-03-09|2026-03-10|2026-03-11|2026-03-12|2026-03-13|2026-03-16|2026-03-17|2026-03-18|2026-03-19|2026-03-20|2026-03-23|2026-03-24|2026-03-25|2026-03-26|2026-03-27|2026-03-30|2026-03-31|2026-04-01|2026-04-02|2026-04-06|2026-04-07|2026-04-08|2026-04-09|2026-04-10|2026-04-13|2026-04-14|2026-04-15|2026-04-16,2026-04-16 19:25:48,0.0
Hewlett Packard Enterprise,,2026-03-05|2026-03-06|2026-03-09|2026-03-10|2026-03-11|2026-03-12|2026-03-13|2026-03-16|2026-03-17|2026-03-18|2026-03-19|2026-03-20|2026-03-23|2026-03-24|2026-03-25|2026-03-26|2026-03-27|2026-03-30|2026-03-31|2026-04-01|2026-04-02|2026-04-06|2026-04-07|2026-04-08|2026-04-09|2026-04-10|2026-04-13|2026-04-14|2026-04-15|2026-04-16,2026-04-16 19:25:48,0.0
Duke Energy Corporation,,2026-03-05|2026-03-06|2026-03-09|2026-03-10|2026-03-11|2026-03-12|2026-03-13|2026-03-16|2026-03-17|2026-03-18|2026-03-19|2026-03-20|2026-03-23|2026-03-24|2026-03-25|2026-03-26|2026-03-27|2026-03-30|2026-03-31|2026-04-01|2026-04-02|2026-04-06|2026-04-07|2026-04-08|2026-04-09|2026-04-10|2026-04-13|2026-04-14|2026-04-15|2026-04-16,2026-04-16 19:25:48,0.0
KKR & Co,,2026-03-05|2026-03-06|2026-03-09|2026-03-10|2026-03-11|2026-03-12|2026-03-13|2026-03-16|2026-03-17|2026-03-18|2026-03-19|2026-03-20|2026-03-23|2026-03-24|2026-03-25|2026-03-26|2026-03-27|2026-03-30|2026-03-31|2026-04-01|2026-04-02|2026-04-06|2026-04-07|2026-04-08|2026-04-09|2026-04-10|2026-04-13|2026-04-14|2026-04-15|2026-04-16,2026-04-16 19:25:48,0.0
Ferguson Enterprises,,2026-03-05|2026-03-06|2026-03-09|2026-03-10|2026-03-11|2026-03-12|2026-03-13|2026-03-16|2026-03-17|2026-03-18|2026-03-19|2026-03-20|2026-03-23|2026-03-24|2026-03-25|2026-03-26|2026-03-27|2026-03-30|2026-03-31|2026-04-01|2026-04-02|2026-04-06|2026-04-07|2026-04-08|2026-04-09|2026-04-10|2026-04-13|2026-04-14|2026-04-15|2026-04-16,2026-04-16 19:25:48,0.0
Jabil,,2026-03-05|2026-03-06|2026-03-09|2026-03-10|2026-03-11|2026-03-12|2026-03-13|2026-03-16|2026-03-17|2026-03-18|2026-03-19|2026-03-20|2026-03-23|2026-03-24|2026-03-25|2026-03-26|2026-03-27|2026-03-30|2026-03-31|2026-04-01|2026-04-02|2026-04-06|2026-04-07|2026-04-08|2026-04-09|2026-04-10|2026-04-13|2026-04-14|2026-04-15|2026-04-16,2026-04-16 19:25:48,0.0
Gilead Sciences,,2026-03-05|2026-03-06|2026-03-09|2026-03-10|2026-03-11|2026-03-12|2026-03-13|2026-03-16|2026-03-17|2026-03-18|2026-03-19|2026-03-20|2026-03-23|2026-03-24|2026-03-25|2026-03-26|2026-03-27|2026-03-30|2026-03-31|2026-04-01|2026-04-02|2026-04-06|2026-04-07|2026-04-08|2026-04-09|2026-04-10|2026-04-13|2026-04-14|2026-04-15|2026-04-16,2026-04-16 19:25:48,0.0
HF Sinclair,,2026-03-05|2026-03-06|2026-03-09|2026-03-10|2026-03-11|2026-03-12|2026-03-13|2026-03-16|2026-03-17|2026-03-18|2026-03-19|2026-03-20|2026-03-23|2026-03-24|2026-03-25|2026-03-26|2026-03-27|2026-03-30|2026-03-31|2026-04-01|2026-04-02|2026-04-06|2026-04-07|2026-04-08|2026-04-09|2026-04-10|2026-04-13|2026-04-14|2026-04-15|2026-04-16,2026-04-16 19:25:48,0.0
CarMax,,2026-03-05|2026-03-06|2026-03-09|2026-03-10|2026-03-11|2026-03-12|2026-03-13|2026-03-16|2026-03-17|2026-03-18|2026-03-19|2026-03-20|2026-03-23|2026-03-24|2026-03-25|2026-03-26|2026-03-27|2026-03-30|2026-03-31|2026-04-01|2026-04-02|2026-04-06|2026-04-07|2026-04-08|2026-04-09|2026-04-10|2026-04-13|2026-04-14|2026-04-15|2026-04-16,2026-04-16 19:25:48,0.0
Mastercard,,2026-03-05|2026-03-06|2026-03-09|2026-03-10|2026-03-11|2026-03-12|2026-03-13|2026-03-16|2026-03-17|2026-03-18|2026-03-19|2026-03-20|2026-03-23|2026-03-24|2026-03-25|2026-03-26|2026-03-27|2026-03-30|2026-03-31|2026-04-01|2026-04-02|2026-04-06|2026-04-07|2026-04-08|2026-04-09|2026-04-10|2026-04-13|2026-04-14|2026-04-15|2026-04-16,2026-04-16 19:25:48,0.0
NRG Energy,,2026-03-05|2026-03-06|2026-03-09|2026-03-10|2026-03-11|2026-03-12|2026-03-13|2026-03-16|2026-03-17|2026-03-18|2026-03-19|2026-03-20|2026-03-23|2026-03-24|2026-03-25|2026-03-26|2026-03-27|2026-03-30|2026-03-31|2026-04-01|2026-04-02|2026-04-06|2026-04-07|2026-04-08|2026-04-09|2026-04-10|2026-04-13|2026-04-14|2026-04-15|2026-04-16,2026-04-16 19:25:48,0.0
Arrow Electronics,,2026-03-05|2026-03-06|2026-03-09|2026-03-10|2026-03-11|2026-03-12|2026-03-13|2026-03-16|2026-03-17|2026-03-18|2026-03-19|2026-03-20|2026-03-23|2026-03-24|2026-03-25|2026-03-26|2026-03-27|2026-03-30|2026-03-31|2026-04-01|2026-04-02|2026-04-06|2026-04-07|2026-04-08|2026-04-09|2026-04-10|2026-04-13|2026-04-14|2026-04-15|2026-04-16,2026-04-16 19:25:48,0.0
Baker Hughes,,2026-03-05|2026-03-06|2026-03-09|2026-03-10|2026-03-11|2026-03-12|2026-03-13|2026-03-16|2026-03-17|2026-03-18|2026-03-19|2026-03-20|2026-03-23|2026-03-24|2026-03-25|2026-03-26|2026-03-27|2026-03-30|2026-03-31|2026-04-01|2026-04-02|2026-04-06|2026-04-07|2026-04-08|2026-04-09|2026-04-10|2026-04-13|2026-04-14|2026-04-15|2026-04-16,2026-04-16 19:25:48,0.0
Southwest Airlines,,2026-03-05|2026-03-06|2026-03-09|2026-03-10|2026-03-11|2026-03-12|2026-03-13|2026-03-16|2026-03-17|2026-03-18|2026-03-19|2026-03-20|2026-03-23|2026-03-24|2026-03-25|2026-03-26|2026-03-27|2026-03-30|2026-03-31|2026-04-01|2026-04-02|2026-04-06|2026-04-07|2026-04-08|2026-04-09|2026-04-10|2026-04-13|2026-04-14|2026-04-15|2026-04-16,2026-04-16 19:25:48,0.0
AIG,,2026-03-05|2026-03-06|2026-03-09|2026-03-10|2026-03-11|2026-03-12|2026-03-13|2026-03-16|2026-03-17|2026-03-18|2026-03-19|2026-03-20|2026-03-23|2026-03-24|2026-03-25|2026-03-26|2026-03-27|2026-03-30|2026-03-31|2026-04-01|2026-04-02|2026-04-06|2026-04-07|2026-04-08|2026-04-09|2026-04-10|2026-04-13|2026-04-14|2026-04-15|2026-04-16,2026-04-16 19:25:48,0.0
Applied Materials,,2026-03-05|2026-03-06|2026-03-09|2026-03-10|2026-03-11|2026-03-12|2026-03-13|2026-03-16|2026-03-17|2026-03-18|2026-03-19|2026-03-20|2026-03-23|2026-03-24|2026-03-25|2026-03-26|2026-03-27|2026-03-30|2026-03-31|2026-04-01|2026-04-02|2026-04-06|2026-04-07|2026-04-08|2026-04-09|2026-04-10|2026-04-13|2026-04-14|2026-04-15|2026-04-16,2026-04-16 19:25:48,0.0
Occidental Petroleum,,2026-03-05|2026-03-06|2026-03-09|2026-03-10|2026-03-11|2026-03-12|2026-03-13|2026-03-16|2026-03-17|2026-03-18|2026-03-19|2026-03-20|2026-03-23|2026-03-24|2026-03-25|2026-03-26|2026-03-27|2026-03-30|2026-03-31|2026-04-01|2026-04-02|2026-04-06|2026-04-07|2026-04-08|2026-04-09|2026-04-10|2026-04-13|2026-04-14|2026-04-15|2026-04-16,2026-04-16 19:25:48,0.0
AutoNation,,2026-03-05|2026-03-06|2026-03-09|2026-03-10|2026-03-11|2026-03-12|2026-03-13|2026-03-16|2026-03-17|2026-03-18|2026-03-19|2026-03-20|2026-03-23|2026-03-24|2026-03-25|2026-03-26|2026-03-27|2026-03-30|2026-03-31|2026-04-01|2026-04-02|2026-04-06|2026-04-07|2026-04-08|2026-04-09|2026-04-10|2026-04-13|2026-04-14|2026-04-15|2026-04-16,2026-04-16 19:25:48,0.0
Southern Company,,2026-03-05|2026-03-06|2026-03-09|2026-03-10|2026-03-11|2026-03-12|2026-03-13|2026-03-16|2026-03-17|2026-03-18|2026-03-19|2026-03-20|2026-03-23|2026-03-24|2026-03-25|2026-03-26|2026-03-27|2026-03-30|2026-03-31|2026-04-01|2026-04-02|2026-04-06|2026-04-07|2026-04-08|2026-04-09|2026-04-10|2026-04-13|2026-04-14|2026-04-15|2026-04-16,2026-04-16 19:25:48,0.0
The Hartford Insurance,,2026-03-05|2026-03-06|2026-03-09|2026-03-10|2026-03-11|2026-03-12|2026-03-13|2026-03-16|2026-03-17|2026-03-18|2026-03-19|2026-03-20|2026-03-23|2026-03-24|2026-03-25|2026-03-26|2026-03-27|2026-03-30|2026-03-31|2026-04-01|2026-04-02|2026-04-06|2026-04-07|2026-04-08|2026-04-09|2026-04-10|2026-04-13|2026-04-14|2026-04-15|2026-04-16,2026-04-16 19:25:48,0.0
Apollo Global Management,,2026-03-05|2026-03-06|2026-03-09|2026-03-10|2026-03-11|2026-03-12|2026-03-13|2026-03-16|2026-03-17|2026-03-18|2026-03-19|2026-03-20|2026-03-23|2026-03-24|2026-03-25|2026-03-26|2026-03-27|2026-03-30|2026-03-31|2026-04-01|2026-04-02|2026-04-06|2026-04-07|2026-04-08|2026-04-09|2026-04-10|2026-04-13|2026-04-14|2026-04-15|2026-04-16,2026-04-16 19:25:48,0.0
Charles Schwab,,2026-03-05|2026-03-06|2026-03-09|2026-03-10|2026-03-11|2026-03-12|2026-03-13|2026-03-16|2026-03-17|2026-03-18|2026-03-19|2026-03-20|2026-03-23|2026-03-24|2026-03-25|2026-03-26|2026-03-27|2026-03-30|2026-03-31|2026-04-01|2026-04-02|2026-04-06|2026-04-07|2026-04-08|2026-04-09|2026-04-10|2026-04-13|2026-04-14|2026-04-15|2026-04-16,2026-04-16 19:25:48,0.0
McDonalds,,2026-03-05|2026-03-06|2026-03-09|2026-03-10|2026-03-11|2026-03-12|2026-03-13|2026-03-16|2026-03-17|2026-03-18|2026-03-19|2026-03-20|2026-03-23|2026-03-24|2026-03-25|2026-03-26|2026-03-27|2026-03-30|2026-03-31|2026-04-01|2026-04-02|2026-04-06|2026-04-07|2026-04-08|2026-04-09|2026-04-10|2026-04-13|2026-04-14|2026-04-15|2026-04-16,2026-04-16 19:25:48,0.0
Kraft Heinz,,2026-03-05|2026-03-06|2026-03-09|2026-03-10|2026-03-11|2026-03-12|2026-03-13|2026-03-16|2026-03-17|2026-03-18|2026-03-19|2026-03-20|2026-03-23|2026-03-24|2026-03-25|2026-03-26|2026-03-27|2026-03-30|2026-03-31|2026-04-01|2026-04-02|2026-04-06|2026-04-07|2026-04-08|2026-04-09|2026-04-10|2026-04-13|2026-04-14|2026-04-15|2026-04-16,2026-04-16 19:25:48,0.0
Advanced Micro Devices,,2026-03-05|2026-03-06|2026-03-09|2026-03-10|2026-03-11|2026-03-12|2026-03-13|2026-03-16|2026-03-17|2026-03-18|2026-03-19|2026-03-20|2026-03-23|2026-03-24|2026-03-25|2026-03-26|2026-03-27|2026-03-30|2026-03-31|2026-04-01|2026-04-02|2026-04-06|2026-04-07|2026-04-08|2026-04-09|2026-04-10|2026-04-13|2026-04-14|2026-04-15|2026-04-16,2026-04-16 19:25:48,0.0
Truist Financial,,2026-03-05|2026-03-06|2026-03-09|2026-03-10|2026-03-11|2026-03-12|2026-03-13|2026-03-16|2026-03-17|2026-03-18|2026-03-19|2026-03-20|2026-03-23|2026-03-24|2026-03-25|2026-03-26|2026-03-27|2026-03-30|2026-03-31|2026-04-01|2026-04-02|2026-04-06|2026-04-07|2026-04-08|2026-04-09|2026-04-10|2026-04-13|2026-04-14|2026-04-15|2026-04-16,2026-04-16 19:25:48,0.0
Freeport-McMoRan,,2026-03-05|2026-03-06|2026-03-09|2026-03-10|2026-03-11|2026-03-12|2026-03-13|2026-03-16|2026-03-17|2026-03-18|2026-03-19|2026-03-20|2026-03-23|2026-03-24|2026-03-25|2026-03-26|2026-03-27|2026-03-30|2026-03-31|2026-04-01|2026-04-02|2026-04-06|2026-04-07|2026-04-08|2026-04-09|2026-04-10|2026-04-13|2026-04-14|2026-04-15|2026-04-16,2026-04-16 19:25:48,0.0
Micron Technology,,2026-03-05|2026-03-06|2026-03-09|2026-03-10|2026-03-11|2026-03-12|2026-03-13|2026-03-16|2026-03-17|2026-03-18|2026-03-19|2026-03-20|2026-03-23|2026-03-24|2026-03-25|2026-03-26|2026-03-27|2026-03-30|2026-03-31|2026-04-01|2026-04-02|2026-04-06|2026-04-07|2026-04-08|2026-04-09|2026-04-10|2026-04-13|2026-04-14|2026-04-15|2026-04-16,2026-04-16 19:25:48,0.0
Marriott International,,2026-03-05|2026-03-06|2026-03-09|2026-03-10|2026-03-11|2026-03-12|2026-03-13|2026-03-16|2026-03-17|2026-03-18|2026-03-19|2026-03-20|2026-03-23|2026-03-24|2026-03-25|2026-03-26|2026-03-27|2026-03-30|2026-03-31|2026-04-01|2026-04-02|2026-04-06|2026-04-07|2026-04-08|2026-04-09|2026-04-10|2026-04-13|2026-04-14|2026-04-15|2026-04-16,2026-04-16 19:25:48,0.0
Carrier Global,,2026-03-05|2026-03-06|2026-03-09|2026-03-10|2026-03-11|2026-03-12|2026-03-13|2026-03-16|2026-03-17|2026-03-18|2026-03-19|2026-03-20|2026-03-23|2026-03-24|2026-03-25|2026-03-26|2026-03-27|2026-03-30|2026-03-31|2026-04-01|2026-04-02|2026-04-06|2026-04-07|2026-04-08|2026-04-09|2026-04-10|2026-04-13|2026-04-14|2026-04-15|2026-04-16,2026-04-16 19:25:48,0.0
NextEra Energy,,2026-03-05|2026-03-06|2026-03-09|2026-03-10|2026-03-11|2026-03-12|2026-03-13|2026-03-16|2026-03-17|2026-03-18|2026-03-19|2026-03-20|2026-03-23|2026-03-24|2026-03-25|2026-03-26|2026-03-27|2026-03-30|2026-03-31|2026-04-01|2026-04-02|2026-04-06|2026-04-07|2026-04-08|2026-04-09|2026-04-10|2026-04-13|2026-04-14|2026-04-15|2026-04-16,2026-04-16 19:25:48,0.0
3M Company,,2026-03-05|2026-03-06|2026-03-09|2026-03-10|2026-03-11|2026-03-12|2026-03-13|2026-03-16|2026-03-17|2026-03-18|2026-03-19|2026-03-20|2026-03-23|2026-03-24|2026-03-25|2026-03-26|2026-03-27|2026-03-30|2026-03-31|2026-04-01|2026-04-02|2026-04-06|2026-04-07|2026-04-08|2026-04-09|2026-04-10|2026-04-13|2026-04-14|2026-04-15|2026-04-16,2026-04-16 19:25:48,0.0
Pacific Gas and Electric Company,,2026-03-05|2026-03-06|2026-03-09|2026-03-10|2026-03-11|2026-03-12|2026-03-13|2026-03-16|2026-03-17|2026-03-18|2026-03-19|2026-03-20|2026-03-23|2026-03-24|2026-03-25|2026-03-26|2026-03-27|2026-03-30|2026-03-31|2026-04-01|2026-04-02|2026-04-06|2026-04-07|2026-04-08|2026-04-09|2026-04-10|2026-04-13|2026-04-14|2026-04-15|2026-04-16,2026-04-16 19:25:48,0.0
Union Pacific,,2026-03-05|2026-03-06|2026-03-09|2026-03-10|2026-03-11|2026-03-12|2026-03-13|2026-03-16|2026-03-17|2026-03-18|2026-03-19|2026-03-20|2026-03-23|2026-03-24|2026-03-25|2026-03-26|2026-03-27|2026-03-30|2026-03-31|2026-04-01|2026-04-02|2026-04-06|2026-04-07|2026-04-08|2026-04-09|2026-04-10|2026-04-13|2026-04-14|2026-04-15|2026-04-16,2026-04-16 19:25:48,0.0
Synchrony Financial,,2026-03-05|2026-03-06|2026-03-09|2026-03-10|2026-03-11|2026-03-12|2026-03-13|2026-03-16|2026-03-17|2026-03-18|2026-03-19|2026-03-20|2026-03-23|2026-03-24|2026-03-25|2026-03-26|2026-03-27|2026-03-30|2026-03-31|2026-04-01|2026-04-02|2026-04-06|2026-04-07|2026-04-08|2026-04-09|2026-04-10|2026-04-13|2026-04-14|2026-04-15|2026-04-16,2026-04-16 19:25:48,0.0
Danaher,,2026-03-05|2026-03-06|2026-03-09|2026-03-10|2026-03-11|2026-03-12|2026-03-13|2026-03-16|2026-03-17|2026-03-18|2026-03-19|2026-03-20|2026-03-23|2026-03-24|2026-03-25|2026-03-26|2026-03-27|2026-03-30|2026-03-31|2026-04-01|2026-04-02|2026-04-06|2026-04-07|2026-04-08|2026-04-09|2026-04-10|2026-04-13|2026-04-14|2026-04-15|2026-04-16,2026-04-16 19:25:48,0.0
Avnet,,2026-03-05|2026-03-06|2026-03-09|2026-03-10|2026-03-11|2026-03-12|2026-03-13|2026-03-16|2026-03-17|2026-03-18|2026-03-19|2026-03-20|2026-03-23|2026-03-24|2026-03-25|2026-03-26|2026-03-27|2026-03-30|2026-03-31|2026-04-01|2026-04-02|2026-04-06|2026-04-07|2026-04-08|2026-04-09|2026-04-10|2026-04-13|2026-04-14|2026-04-15|2026-04-16,2026-04-16 19:25:48,0.0
Booking Holdings,,2026-03-05|2026-03-06|2026-03-09|2026-03-10|2026-03-11|2026-03-12|2026-03-13|2026-03-16|2026-03-17|2026-03-18|2026-03-19|2026-03-20|2026-03-23|2026-03-24|2026-03-25|2026-03-26|2026-03-27|2026-03-30|2026-03-31|2026-04-01|2026-04-02|2026-04-06|2026-04-07|2026-04-08|2026-04-09|2026-04-10|2026-04-13|2026-04-14|2026-04-15|2026-04-16,2026-04-16 19:25:48,0.0
EOG Resources,,2026-03-05|2026-03-06|2026-03-09|2026-03-10|2026-03-11|2026-03-12|2026-03-13|2026-03-16|2026-03-17|2026-03-18|2026-03-19|2026-03-20|2026-03-23|2026-03-24|2026-03-25|2026-03-26|2026-03-27|2026-03-30|2026-03-31|2026-04-01|2026-04-02|2026-04-06|2026-04-07|2026-04-08|2026-04-09|2026-04-10|2026-04-13|2026-04-14|2026-04-15|2026-04-16,2026-04-16 19:25:48,0.0
Quanta Services,,2026-03-05|2026-03-06|2026-03-09|2026-03-10|2026-03-11|2026-03-12|2026-03-13|2026-03-16|2026-03-17|2026-03-18|2026-03-19|2026-03-20|2026-03-23|2026-03-24|2026-03-25|2026-03-26|2026-03-27|2026-03-30|2026-03-31|2026-04-01|2026-04-02|2026-04-06|2026-04-07|2026-04-08|2026-04-09|2026-04-10|2026-04-13|2026-04-14|2026-04-15|2026-04-16,2026-04-16 19:25:48,0.0
Constellation Energy,,2026-03-05|2026-03-06|2026-03-09|2026-03-10|2026-03-11|2026-03-12|2026-03-13|2026-03-16|2026-03-17|2026-03-18|2026-03-19|2026-03-20|2026-03-23|2026-03-24|2026-03-25|2026-03-26|2026-03-27|2026-03-30|2026-03-31|2026-04-01|2026-04-02|2026-04-06|2026-04-07|2026-04-08|2026-04-09|2026-04-10|2026-04-13|2026-04-14|2026-04-15|2026-04-16,2026-04-16 19:25:48,0.0
Genuine Parts Company,,2026-03-05|2026-03-06|2026-03-09|2026-03-10|2026-03-11|2026-03-12|2026-03-13|2026-03-16|2026-03-17|2026-03-18|2026-03-19|2026-03-20|2026-03-23|2026-03-24|2026-03-25|2026-03-26|2026-03-27|2026-03-30|2026-03-31|2026-04-01|2026-04-02|2026-04-06|2026-04-07|2026-04-08|2026-04-09|2026-04-10|2026-04-13|2026-04-14|2026-04-15|2026-04-16,2026-04-16 19:25:48,0.0
Jones Lang LaSalle,,2026-03-05|2026-03-06|2026-03-09|2026-03-10|2026-03-11|2026-03-12|2026-03-13|2026-03-16|2026-03-17|2026-03-18|2026-03-19|2026-03-20|2026-03-23|2026-03-24|2026-03-25|2026-03-26|2026-03-27|2026-03-30|2026-03-31|2026-04-01|2026-04-02|2026-04-06|2026-04-07|2026-04-08|2026-04-09|2026-04-10|2026-04-13|2026-04-14|2026-04-15|2026-04-16,2026-04-16 19:25:48,0.0
Lear Corporation,,2026-03-05|2026-03-06|2026-03-09|2026-03-10|2026-03-11|2026-03-12|2026-03-13|2026-03-16|2026-03-17|2026-03-18|2026-03-19|2026-03-20|2026-03-23|2026-03-24|2026-03-25|2026-03-26|2026-03-27|2026-03-30|2026-03-31|2026-04-01|2026-04-02|2026-04-06|2026-04-07|2026-04-08|2026-04-09|2026-04-10|2026-04-13|2026-04-14|2026-04-15|2026-04-16,2026-04-16 19:25:48,0.0
Live Nation Entertainment,,2026-03-05|2026-03-06|2026-03-09|2026-03-10|2026-03-11|2026-03-12|2026-03-13|2026-03-16|2026-03-17|2026-03-18|2026-03-19|2026-03-20|2026-03-23|2026-03-24|2026-03-25|2026-03-26|2026-03-27|2026-03-30|2026-03-31|2026-04-01|2026-04-02|2026-04-06|2026-04-07|2026-04-08|2026-04-09|2026-04-10|2026-04-13|2026-04-14|2026-04-15|2026-04-16,2026-04-16 19:25:48,0.0
Sherwin-Williams,,2026-03-05|2026-03-06|2026-03-09|2026-03-10|2026-03-11|2026-03-12|2026-03-13|2026-03-16|2026-03-17|2026-03-18|2026-03-19|2026-03-20|2026-03-23|2026-03-24|2026-03-25|2026-03-26|2026-03-27|2026-03-30|2026-03-31|2026-04-01|2026-04-02|2026-04-06|2026-04-07|2026-04-08|2026-04-09|2026-04-10|2026-04-13|2026-04-14|2026-04-15|2026-04-16,2026-04-16 19:25:48,0.0
Exelon,,2026-03-05|2026-03-06|2026-03-09|2026-03-10|2026-03-11|2026-03-12|2026-03-13|2026-03-16|2026-03-17|2026-03-18|2026-03-19|2026-03-20|2026-03-23|2026-03-24|2026-03-25|2026-03-26|2026-03-27|2026-03-30|2026-03-31|2026-04-01|2026-04-02|2026-04-06|2026-04-07|2026-04-08|2026-04-09|2026-04-10|2026-04-13|2026-04-14|2026-04-15|2026-04-16,2026-04-16 19:25:48,0.0
Macys,,2026-03-05|2026-03-06|2026-03-09|2026-03-10|2026-03-11|2026-03-12|2026-03-13|2026-03-16|2026-03-17|2026-03-18|2026-03-19|2026-03-20|2026-03-23|2026-03-24|2026-03-25|2026-03-26|2026-03-27|2026-03-30|2026-03-31|2026-04-01|2026-04-02|2026-04-06|2026-04-07|2026-04-08|2026-04-09|2026-04-10|2026-04-13|2026-04-14|2026-04-15|2026-04-16,2026-04-16 19:25:48,0.0
Halliburton,,2026-03-05|2026-03-06|2026-03-09|2026-03-10|2026-03-11|2026-03-12|2026-03-13|2026-03-16|2026-03-17|2026-03-18|2026-03-19|2026-03-20|2026-03-23|2026-03-24|2026-03-25|2026-03-26|2026-03-27|2026-03-30|2026-03-31|2026-04-01|2026-04-02|2026-04-06|2026-04-07|2026-04-08|2026-04-09|2026-04-10|2026-04-13|2026-04-14|2026-04-15|2026-04-16,2026-04-16 19:25:48,0.0
Stryker,,2026-03-05|2026-03-06|2026-03-09|2026-03-10|2026-03-11|2026-03-12|2026-03-13|2026-03-16|2026-03-17|2026-03-18|2026-03-19|2026-03-20|2026-03-23|2026-03-24|2026-03-25|2026-03-26|2026-03-27|2026-03-30|2026-03-31|2026-04-01|2026-04-02|2026-04-06|2026-04-07|2026-04-08|2026-04-09|2026-04-10|2026-04-13|2026-04-14|2026-04-15|2026-04-16,2026-04-16 19:25:48,0.0
Reinsurance Group of America,,2026-03-05|2026-03-06|2026-03-09|2026-03-10|2026-03-11|2026-03-12|2026-03-13|2026-03-16|2026-03-17|2026-03-18|2026-03-19|2026-03-20|2026-03-23|2026-03-24|2026-03-25|2026-03-26|2026-03-27|2026-03-30|2026-03-31|2026-04-01|2026-04-02|2026-04-06|2026-04-07|2026-04-08|2026-04-09|2026-04-10|2026-04-13|2026-04-14|2026-04-15|2026-04-16,2026-04-16 19:25:48,0.0
State Street,,2026-03-05|2026-03-06|2026-03-09|2026-03-10|2026-03-11|2026-03-12|2026-03-13|2026-03-16|2026-03-17|2026-03-18|2026-03-19|2026-03-20|2026-03-23|2026-03-24|2026-03-25|2026-03-26|2026-03-27|2026-03-30|2026-03-31|2026-04-01|2026-04-02|2026-04-06|2026-04-07|2026-04-08|2026-04-09|2026-04-10|2026-04-13|2026-04-14|2026-04-15|2026-04-16,2026-04-16 19:25:48,0.0
WESCO International,,2026-03-05|2026-03-06|2026-03-09|2026-03-10|2026-03-11|2026-03-12|2026-03-13|2026-03-16|2026-03-17|2026-03-18|2026-03-19|2026-03-20|2026-03-23|2026-03-24|2026-03-25|2026-03-26|2026-03-27|2026-03-30|2026-03-31|2026-04-01|2026-04-02|2026-04-06|2026-04-07|2026-04-08|2026-04-09|2026-04-10|2026-04-13|2026-04-14|2026-04-15|2026-04-16,2026-04-16 19:25:48,0.0
Oneok,,2026-03-05|2026-03-06|2026-03-09|2026-03-10|2026-03-11|2026-03-12|2026-03-13|2026-03-16|2026-03-17|2026-03-18|2026-03-19|2026-03-20|2026-03-23|2026-03-24|2026-03-25|2026-03-26|2026-03-27|2026-03-30|2026-03-31|2026-04-01|2026-04-02|2026-04-06|2026-04-07|2026-04-08|2026-04-09|2026-04-10|2026-04-13|2026-04-14|2026-04-15|2026-04-16,2026-04-16 19:25:48,0.0
Adobe,,2026-03-05|2026-03-06|2026-03-09|2026-03-10|2026-03-11|2026-03-12|2026-03-13|2026-03-16|2026-03-17|2026-03-18|2026-03-19|2026-03-20|2026-03-23|2026-03-24|2026-03-25|2026-03-26|2026-03-27|2026-03-30|2026-03-31|2026-04-01|2026-04-02|2026-04-06|2026-04-07|2026-04-08|2026-04-09|2026-04-10|2026-04-13|2026-04-14|2026-04-15|2026-04-16,2026-04-16 19:25:48,0.0
L3Harris Technologies,,2026-03-05|2026-03-06|2026-03-09|2026-03-10|2026-03-11|2026-03-12|2026-03-13|2026-03-16|2026-03-17|2026-03-18|2026-03-19|2026-03-20|2026-03-23|2026-03-24|2026-03-25|2026-03-26|2026-03-27|2026-03-30|2026-03-31|2026-04-01|2026-04-02|2026-04-06|2026-04-07|2026-04-08|2026-04-09|2026-04-10|2026-04-13|2026-04-14|2026-04-15|2026-04-16,2026-04-16 19:25:48,0.0
Ross Stores,,2026-03-05|2026-03-06|2026-03-09|2026-03-10|2026-03-11|2026-03-12|2026-03-13|2026-03-16|2026-03-17|2026-03-18|2026-03-19|2026-03-20|2026-03-23|2026-03-24|2026-03-25|2026-03-26|2026-03-27|2026-03-30|2026-03-31|2026-04-01|2026-04-02|2026-04-06|2026-04-07|2026-04-08|2026-04-09|2026-04-10|2026-04-13|2026-04-14|2026-04-15|2026-04-16,2026-04-16 19:25:48,0.0
CDW,,2026-03-05|2026-03-06|2026-03-09|2026-03-10|2026-03-11|2026-03-12|2026-03-13|2026-03-16|2026-03-17|2026-03-18|2026-03-19|2026-03-20|2026-03-23|2026-03-24|2026-03-25|2026-03-26|2026-03-27|2026-03-30|2026-03-31|2026-04-01|2026-04-02|2026-04-06|2026-04-07|2026-04-08|2026-04-09|2026-04-10|2026-04-13|2026-04-14|2026-04-15|2026-04-16,2026-04-16 19:25:48,0.0
Tenet Healthcare,,2026-03-05|2026-03-06|2026-03-09|2026-03-10|2026-03-11|2026-03-12|2026-03-13|2026-03-16|2026-03-17|2026-03-18|2026-03-19|2026-03-20|2026-03-23|2026-03-24|2026-03-25|2026-03-26|2026-03-27|2026-03-30|2026-03-31|2026-04-01|2026-04-02|2026-04-06|2026-04-07|2026-04-08|2026-04-09|2026-04-10|2026-04-13|2026-04-14|2026-04-15|2026-04-16,2026-04-16 19:25:48,0.0
BJ's Wholesale Club,,2026-03-05|2026-03-06|2026-03-09|2026-03-10|2026-03-11|2026-03-12|2026-03-13|2026-03-16|2026-03-17|2026-03-18|2026-03-19|2026-03-20|2026-03-23|2026-03-24|2026-03-25|2026-03-26|2026-03-27|2026-03-30|2026-03-31|2026-04-01|2026-04-02|2026-04-06|2026-04-07|2026-04-08|2026-04-09|2026-04-10|2026-04-13|2026-04-14|2026-04-15|2026-04-16,2026-04-16 19:25:48,0.0
Altria,,2026-03-05|2026-03-06|2026-03-09|2026-03-10|2026-03-11|2026-03-12|2026-03-13|2026-03-16|2026-03-17|2026-03-18|2026-03-19|2026-03-20|2026-03-23|2026-03-24|2026-03-25|2026-03-26|2026-03-27|2026-03-30|2026-03-31|2026-04-01|2026-04-02|2026-04-06|2026-04-07|2026-04-08|2026-04-09|2026-04-10|2026-04-13|2026-04-14|2026-04-15|2026-04-16,2026-04-16 19:25:48,0.0
BlackRock,,2026-03-05|2026-03-06|2026-03-09|2026-03-10|2026-03-11|2026-03-12|2026-03-13|2026-03-16|2026-03-17|2026-03-18|2026-03-19|2026-03-20|2026-03-23|2026-03-24|2026-03-25|2026-03-26|2026-03-27|2026-03-30|2026-03-31|2026-04-01|2026-04-02|2026-04-06|2026-04-07|2026-04-08|2026-04-09|2026-04-10|2026-04-13|2026-04-14|2026-04-15|2026-04-16,2026-04-16 19:25:48,0.0
Becton Dickinson,,2026-03-05|2026-03-06|2026-03-09|2026-03-10|2026-03-11|2026-03-12|2026-03-13|2026-03-16|2026-03-17|2026-03-18|2026-03-19|2026-03-20|2026-03-23|2026-03-24|2026-03-25|2026-03-26|2026-03-27|2026-03-30|2026-03-31|2026-04-01|2026-04-02|2026-04-06|2026-04-07|2026-04-08|2026-04-09|2026-04-10|2026-04-13|2026-04-14|2026-04-15|2026-04-16,2026-04-16 19:25:48,0.0
Colgate-Palmolive,,2026-03-05|2026-03-06|2026-03-09|2026-03-10|2026-03-11|2026-03-12|2026-03-13|2026-03-16|2026-03-17|2026-03-18|2026-03-19|2026-03-20|2026-03-23|2026-03-24|2026-03-25|2026-03-26|2026-03-27|2026-03-30|2026-03-31|2026-04-01|2026-04-02|2026-04-06|2026-04-07|2026-04-08|2026-04-09|2026-04-10|2026-04-13|2026-04-14|2026-04-15|2026-04-16,2026-04-16 19:25:48,0.0
Kimberly-Clark,,2026-03-05|2026-03-06|2026-03-09|2026-03-10|2026-03-11|2026-03-12|2026-03-13|2026-03-16|2026-03-17|2026-03-18|2026-03-19|2026-03-20|2026-03-23|2026-03-24|2026-03-25|2026-03-26|2026-03-27|2026-03-30|2026-03-31|2026-04-01|2026-04-02|2026-04-06|2026-04-07|2026-04-08|2026-04-09|2026-04-10|2026-04-13|2026-04-14|2026-04-15|2026-04-16,2026-04-16 19:25:48,0.0
Group 1 Automotive,,2026-03-05|2026-03-06|2026-03-09|2026-03-10|2026-03-11|2026-03-12|2026-03-13|2026-03-16|2026-03-17|2026-03-18|2026-03-19|2026-03-20|2026-03-23|2026-03-24|2026-03-25|2026-03-26|2026-03-27|2026-03-30|2026-03-31|2026-04-01|2026-04-02|2026-04-06|2026-04-07|2026-04-08|2026-04-09|2026-04-10|2026-04-13|2026-04-14|2026-04-15|2026-04-16,2026-04-16 19:25:48,0.0
Parker-Hannifin,,2026-03-05|2026-03-06|2026-03-09|2026-03-10|2026-03-11|2026-03-12|2026-03-13|2026-03-16|2026-03-17|2026-03-18|2026-03-19|2026-03-20|2026-03-23|2026-03-24|2026-03-25|2026-03-26|2026-03-27|2026-03-30|2026-03-31|2026-04-01|2026-04-02|2026-04-06|2026-04-07|2026-04-08|2026-04-09|2026-04-10|2026-04-13|2026-04-14|2026-04-15|2026-04-16,2026-04-16 19:25:48,0.0
General Mills,,2026-03-05|2026-03-06|2026-03-09|2026-03-10|2026-03-11|2026-03-12|2026-03-13|2026-03-16|2026-03-17|2026-03-18|2026-03-19|2026-03-20|2026-03-23|2026-03-24|2026-03-25|2026-03-26|2026-03-27|2026-03-30|2026-03-31|2026-04-01|2026-04-02|2026-04-06|2026-04-07|2026-04-08|2026-04-09|2026-04-10|2026-04-13|2026-04-14|2026-04-15|2026-04-16,2026-04-16 19:25:48,0.0
Cognizant Technology Solutions,,2026-03-05|2026-03-06|2026-03-09|2026-03-10|2026-03-11|2026-03-12|2026-03-13|2026-03-16|2026-03-17|2026-03-18|2026-03-19|2026-03-20|2026-03-23|2026-03-24|2026-03-25|2026-03-26|2026-03-27|2026-03-30|2026-03-31|2026-04-01|2026-04-02|2026-04-06|2026-04-07|2026-04-08|2026-04-09|2026-04-10|2026-04-13|2026-04-14|2026-04-15|2026-04-16,2026-04-16 19:25:48,0.0
American Electric Power,,2026-03-05|2026-03-06|2026-03-09|2026-03-10|2026-03-11|2026-03-12|2026-03-13|2026-03-16|2026-03-17|2026-03-18|2026-03-19|2026-03-20|2026-03-23|2026-03-24|2026-03-25|2026-03-26|2026-03-27|2026-03-30|2026-03-31|2026-04-01|2026-04-02|2026-04-06|2026-04-07|2026-04-08|2026-04-09|2026-04-10|2026-04-13|2026-04-14|2026-04-15|2026-04-16,2026-04-16 19:25:48,0.0
GE HealthCare Technologies,,2026-03-05|2026-03-06|2026-03-09|2026-03-10|2026-03-11|2026-03-12|2026-03-13|2026-03-16|2026-03-17|2026-03-18|2026-03-19|2026-03-20|2026-03-23|2026-03-24|2026-03-25|2026-03-26|2026-03-27|2026-03-30|2026-03-31|2026-04-01|2026-04-02|2026-04-06|2026-04-07|2026-04-08|2026-04-09|2026-04-10|2026-04-13|2026-04-14|2026-04-15|2026-04-16,2026-04-16 19:25:48,0.0
Automatic Data Processing,,2026-03-05|2026-03-06|2026-03-09|2026-03-10|2026-03-11|2026-03-12|2026-03-13|2026-03-16|2026-03-17|2026-03-18|2026-03-19|2026-03-20|2026-03-23|2026-03-24|2026-03-25|2026-03-26|2026-03-27|2026-03-30|2026-03-31|2026-04-01|2026-04-02|2026-04-06|2026-04-07|2026-04-08|2026-04-09|2026-04-10|2026-04-13|2026-04-14|2026-04-15|2026-04-16,2026-04-16 19:25:48,0.0
Cleveland-Cliffs,,2026-03-05|2026-03-06|2026-03-09|2026-03-10|2026-03-11|2026-03-12|2026-03-13|2026-03-16|2026-03-17|2026-03-18|2026-03-19|2026-03-20|2026-03-23|2026-03-24|2026-03-25|2026-03-26|2026-03-27|2026-03-30|2026-03-31|2026-04-01|2026-04-02|2026-04-06|2026-04-07|2026-04-08|2026-04-09|2026-04-10|2026-04-13|2026-04-14|2026-04-15|2026-04-16,2026-04-16 19:25:48,0.0
Aflac,,2026-03-05|2026-03-06|2026-03-09|2026-03-10|2026-03-11|2026-03-12|2026-03-13|2026-03-16|2026-03-17|2026-03-18|2026-03-19|2026-03-20|2026-03-23|2026-03-24|2026-03-25|2026-03-26|2026-03-27|2026-03-30|2026-03-31|2026-04-01|2026-04-02|2026-04-06|2026-04-07|2026-04-08|2026-04-09|2026-04-10|2026-04-13|2026-04-14|2026-04-15|2026-04-16,2026-04-16 19:25:48,0.0
Goodyear Tire & Rubber,,2026-03-05|2026-03-06|2026-03-09|2026-03-10|2026-03-11|2026-03-12|2026-03-13|2026-03-16|2026-03-17|2026-03-18|2026-03-19|2026-03-20|2026-03-23|2026-03-24|2026-03-25|2026-03-26|2026-03-27|2026-03-30|2026-03-31|2026-04-01|2026-04-02|2026-04-06|2026-04-07|2026-04-08|2026-04-09|2026-04-10|2026-04-13|2026-04-14|2026-04-15|2026-04-16,2026-04-16 19:25:48,0.0
Corebridge Financial,,2026-03-05|2026-03-06|2026-03-09|2026-03-10|2026-03-11|2026-03-12|2026-03-13|2026-03-16|2026-03-17|2026-03-18|2026-03-19|2026-03-20|2026-03-23|2026-03-24|2026-03-25|2026-03-26|2026-03-27|2026-03-30|2026-03-31|2026-04-01|2026-04-02|2026-04-06|2026-04-07|2026-04-08|2026-04-09|2026-04-10|2026-04-13|2026-04-14|2026-04-15|2026-04-16,2026-04-16 19:25:48,0.0
Newmont,,2026-03-05|2026-03-06|2026-03-09|2026-03-10|2026-03-11|2026-03-12|2026-03-13|2026-03-16|2026-03-17|2026-03-18|2026-03-19|2026-03-20|2026-03-23|2026-03-24|2026-03-25|2026-03-26|2026-03-27|2026-03-30|2026-03-31|2026-04-01|2026-04-02|2026-04-06|2026-04-07|2026-04-08|2026-04-09|2026-04-10|2026-04-13|2026-04-14|2026-04-15|2026-04-16,2026-04-16 19:25:48,0.0
International Paper,,2026-03-05|2026-03-06|2026-03-09|2026-03-10|2026-03-11|2026-03-12|2026-03-13|2026-03-16|2026-03-17|2026-03-18|2026-03-19|2026-03-20|2026-03-23|2026-03-24|2026-03-25|2026-03-26|2026-03-27|2026-03-30|2026-03-31|2026-04-01|2026-04-02|2026-04-06|2026-04-07|2026-04-08|2026-04-09|2026-04-10|2026-04-13|2026-04-14|2026-04-15|2026-04-16,2026-04-16 19:25:48,0.0
AutoZone,,2026-03-05|2026-03-06|2026-03-09|2026-03-10|2026-03-11|2026-03-12|2026-03-13|2026-03-16|2026-03-17|2026-03-18|2026-03-19|2026-03-20|2026-03-23|2026-03-24|2026-03-25|2026-03-26|2026-03-27|2026-03-30|2026-03-31|2026-04-01|2026-04-02|2026-04-06|2026-04-07|2026-04-08|2026-04-09|2026-04-10|2026-04-13|2026-04-14|2026-04-15|2026-04-16,2026-04-16 19:25:48,0.0
Lincoln National,,2026-03-05|2026-03-06|2026-03-09|2026-03-10|2026-03-11|2026-03-12|2026-03-13|2026-03-16|2026-03-17|2026-03-18|2026-03-19|2026-03-20|2026-03-23|2026-03-24|2026-03-25|2026-03-26|2026-03-27|2026-03-30|2026-03-31|2026-04-01|2026-04-02|2026-04-06|2026-04-07|2026-04-08|2026-04-09|2026-04-10|2026-04-13|2026-04-14|2026-04-15|2026-04-16,2026-04-16 19:25:48,0.0
PulteGroup,,2026-03-05|2026-03-06|2026-03-09|2026-03-10|2026-03-11|2026-03-12|2026-03-13|2026-03-16|2026-03-17|2026-03-18|2026-03-19|2026-03-20|2026-03-23|2026-03-24|2026-03-25|2026-03-26|2026-03-27|2026-03-30|2026-03-31|2026-04-01|2026-04-02|2026-04-06|2026-04-07|2026-04-08|2026-04-09|2026-04-10|2026-04-13|2026-04-14|2026-04-15|2026-04-16,2026-04-16 19:25:48,0.0
Ameriprise Financial,,2026-03-05|2026-03-06|2026-03-09|2026-03-10|2026-03-11|2026-03-12|2026-03-13|2026-03-16|2026-03-17|2026-03-18|2026-03-19|2026-03-20|2026-03-23|2026-03-24|2026-03-25|2026-03-26|2026-03-27|2026-03-30|2026-03-31|2026-04-01|2026-04-02|2026-04-06|2026-04-07|2026-04-08|2026-04-09|2026-04-10|2026-04-13|2026-04-14|2026-04-15|2026-04-16,2026-04-16 19:25:48,0.0
Murphy USA,,2026-03-05|2026-03-06|2026-03-09|2026-03-10|2026-03-11|2026-03-12|2026-03-13|2026-03-16|2026-03-17|2026-03-18|2026-03-19|2026-03-20|2026-03-23|2026-03-24|2026-03-25|2026-03-26|2026-03-27|2026-03-30|2026-03-31|2026-04-01|2026-04-02|2026-04-06|2026-04-07|2026-04-08|2026-04-09|2026-04-10|2026-04-13|2026-04-14|2026-04-15|2026-04-16,2026-04-16 19:25:48,0.0
ManpowerGroup,,2026-03-05|2026-03-06|2026-03-09|2026-03-10|2026-03-11|2026-03-12|2026-03-13|2026-03-16|2026-03-17|2026-03-18|2026-03-19|2026-03-20|2026-03-23|2026-03-24|2026-03-25|2026-03-26|2026-03-27|2026-03-30|2026-03-31|2026-04-01|2026-04-02|2026-04-06|2026-04-07|2026-04-08|2026-04-09|2026-04-10|2026-04-13|2026-04-14|2026-04-15|2026-04-16,2026-04-16 19:25:48,0.0
CH Robinson Worldwide,,2026-03-05|2026-03-06|2026-03-09|2026-03-10|2026-03-11|2026-03-12|2026-03-13|2026-03-16|2026-03-17|2026-03-18|2026-03-19|2026-03-20|2026-03-23|2026-03-24|2026-03-25|2026-03-26|2026-03-27|2026-03-30|2026-03-31|2026-04-01|2026-04-02|2026-04-06|2026-04-07|2026-04-08|2026-04-09|2026-04-10|2026-04-13|2026-04-14|2026-04-15|2026-04-16,2026-04-16 19:25:48,0.0
PPG Industries,,2026-03-05|2026-03-06|2026-03-09|2026-03-10|2026-03-11|2026-03-12|2026-03-13|2026-03-16|2026-03-17|2026-03-18|2026-03-19|2026-03-20|2026-03-23|2026-03-24|2026-03-25|2026-03-26|2026-03-27|2026-03-30|2026-03-31|2026-04-01|2026-04-02|2026-04-06|2026-04-07|2026-04-08|2026-04-09|2026-04-10|2026-04-13|2026-04-14|2026-04-15|2026-04-16,2026-04-16 19:25:48,0.0
Edison International,,2026-03-05|2026-03-06|2026-03-09|2026-03-10|2026-03-11|2026-03-12|2026-03-13|2026-03-16|2026-03-17|2026-03-18|2026-03-19|2026-03-20|2026-03-23|2026-03-24|2026-03-25|2026-03-26|2026-03-27|2026-03-30|2026-03-31|2026-04-01|2026-04-02|2026-04-06|2026-04-07|2026-04-08|2026-04-09|2026-04-10|2026-04-13|2026-04-14|2026-04-15|2026-04-16,2026-04-16 19:25:48,0.0
Steel Dynamics,,2026-03-05|2026-03-06|2026-03-09|2026-03-10|2026-03-11|2026-03-12|2026-03-13|2026-03-16|2026-03-17|2026-03-18|2026-03-19|2026-03-20|2026-03-23|2026-03-24|2026-03-25|2026-03-26|2026-03-27|2026-03-30|2026-03-31|2026-04-01|2026-04-02|2026-04-06|2026-04-07|2026-04-08|2026-04-09|2026-04-10|2026-04-13|2026-04-14|2026-04-15|2026-04-16,2026-04-16 19:25:48,0.0
Loews,,2026-03-05|2026-03-06|2026-03-09|2026-03-10|2026-03-11|2026-03-12|2026-03-13|2026-03-16|2026-03-17|2026-03-18|2026-03-19|2026-03-20|2026-03-23|2026-03-24|2026-03-25|2026-03-26|2026-03-27|2026-03-30|2026-03-31|2026-04-01|2026-04-02|2026-04-06|2026-04-07|2026-04-08|2026-04-09|2026-04-10|2026-04-13|2026-04-14|2026-04-15|2026-04-16,2026-04-16 19:25:48,0.0
Emerson Electric,,2026-03-05|2026-03-06|2026-03-09|2026-03-10|2026-03-11|2026-03-12|2026-03-13|2026-03-16|2026-03-17|2026-03-18|2026-03-19|2026-03-20|2026-03-23|2026-03-24|2026-03-25|2026-03-26|2026-03-27|2026-03-30|2026-03-31|2026-04-01|2026-04-02|2026-04-06|2026-04-07|2026-04-08|2026-04-09|2026-04-10|2026-04-13|2026-04-14|2026-04-15|2026-04-16,2026-04-16 19:25:48,0.0
Aramark,,2026-03-05|2026-03-06|2026-03-09|2026-03-10|2026-03-11|2026-03-12|2026-03-13|2026-03-16|2026-03-17|2026-03-18|2026-03-19|2026-03-20|2026-03-23|2026-03-24|2026-03-25|2026-03-26|2026-03-27|2026-03-30|2026-03-31|2026-04-01|2026-04-02|2026-04-06|2026-04-07|2026-04-08|2026-04-09|2026-04-10|2026-04-13|2026-04-14|2026-04-15|2026-04-16,2026-04-16 19:25:48,0.0
MGM Resorts International,,2026-03-05|2026-03-06|2026-03-09|2026-03-10|2026-03-11|2026-03-12|2026-03-13|2026-03-16|2026-03-17|2026-03-18|2026-03-19|2026-03-20|2026-03-23|2026-03-24|2026-03-25|2026-03-26|2026-03-27|2026-03-30|2026-03-31|2026-04-01|2026-04-02|2026-04-06|2026-04-07|2026-04-08|2026-04-09|2026-04-10|2026-04-13|2026-04-14|2026-04-15|2026-04-16,2026-04-16 19:25:48,0.0
Vistra,,2026-03-05|2026-03-06|2026-03-09|2026-03-10|2026-03-11|2026-03-12|2026-03-13|2026-03-16|2026-03-17|2026-03-18|2026-03-19|2026-03-20|2026-03-23|2026-03-24|2026-03-25|2026-03-26|2026-03-27|2026-03-30|2026-03-31|2026-04-01|2026-04-02|2026-04-06|2026-04-07|2026-04-08|2026-04-09|2026-04-10|2026-04-13|2026-04-14|2026-04-15|2026-04-16,2026-04-16 19:25:48,0.0
Asbury Automotive Group,,2026-03-05|2026-03-06|2026-03-09|2026-03-10|2026-03-11|2026-03-12|2026-03-13|2026-03-16|2026-03-17|2026-03-18|2026-03-19|2026-03-20|2026-03-23|2026-03-24|2026-03-25|2026-03-26|2026-03-27|2026-03-30|2026-03-31|2026-04-01|2026-04-02|2026-04-06|2026-04-07|2026-04-08|2026-04-09|2026-04-10|2026-04-13|2026-04-14|2026-04-15|2026-04-16,2026-04-16 19:25:48,0.0
WW Grainger,,2026-03-05|2026-03-06|2026-03-09|2026-03-10|2026-03-11|2026-03-12|2026-03-13|2026-03-16|2026-03-17|2026-03-18|2026-03-19|2026-03-20|2026-03-23|2026-03-24|2026-03-25|2026-03-26|2026-03-27|2026-03-30|2026-03-31|2026-04-01|2026-04-02|2026-04-06|2026-04-07|2026-04-08|2026-04-09|2026-04-10|2026-04-13|2026-04-14|2026-04-15|2026-04-16,2026-04-16 19:25:48,0.0
Global Partners,,2026-03-05|2026-03-06|2026-03-09|2026-03-10|2026-03-11|2026-03-12|2026-03-13|2026-03-16|2026-03-17|2026-03-18|2026-03-19|2026-03-20|2026-03-23|2026-03-24|2026-03-25|2026-03-26|2026-03-27|2026-03-30|2026-03-31|2026-04-01|2026-04-02|2026-04-06|2026-04-07|2026-04-08|2026-04-09|2026-04-10|2026-04-13|2026-04-14|2026-04-15|2026-04-16,2026-04-16 19:25:48,0.0
Jacobs Solutions,,2026-03-05|2026-03-06|2026-03-09|2026-03-10|2026-03-11|2026-03-12|2026-03-13|2026-03-16|2026-03-17|2026-03-18|2026-03-19|2026-03-20|2026-03-23|2026-03-24|2026-03-25|2026-03-26|2026-03-27|2026-03-30|2026-03-31|2026-04-01|2026-04-02|2026-04-06|2026-04-07|2026-04-08|2026-04-09|2026-04-10|2026-04-13|2026-04-14|2026-04-15|2026-04-16,2026-04-16 19:25:48,0.0
Corteva,,2026-03-05|2026-03-06|2026-03-09|2026-03-10|2026-03-11|2026-03-12|2026-03-13|2026-03-16|2026-03-17|2026-03-18|2026-03-19|2026-03-20|2026-03-23|2026-03-24|2026-03-25|2026-03-26|2026-03-27|2026-03-30|2026-03-31|2026-04-01|2026-04-02|2026-04-06|2026-04-07|2026-04-08|2026-04-09|2026-04-10|2026-04-13|2026-04-14|2026-04-15|2026-04-16,2026-04-16 19:25:48,0.0
Boston Scientific,,2026-03-05|2026-03-06|2026-03-09|2026-03-10|2026-03-11|2026-03-12|2026-03-13|2026-03-16|2026-03-17|2026-03-18|2026-03-19|2026-03-20|2026-03-23|2026-03-24|2026-03-25|2026-03-26|2026-03-27|2026-03-30|2026-03-31|2026-04-01|2026-04-02|2026-04-06|2026-04-07|2026-04-08|2026-04-09|2026-04-10|2026-04-13|2026-04-14|2026-04-15|2026-04-16,2026-04-16 19:25:48,0.0
O'Reilly Automotive,,2026-03-05|2026-03-06|2026-03-09|2026-03-10|2026-03-11|2026-03-12|2026-03-13|2026-03-16|2026-03-17|2026-03-18|2026-03-19|2026-03-20|2026-03-23|2026-03-24|2026-03-25|2026-03-26|2026-03-27|2026-03-30|2026-03-31|2026-04-01|2026-04-02|2026-04-06|2026-04-07|2026-04-08|2026-04-09|2026-04-10|2026-04-13|2026-04-14|2026-04-15|2026-04-16,2026-04-16 19:25:48,0.0
Leidos,,2026-03-05|2026-03-06|2026-03-09|2026-03-10|2026-03-11|2026-03-12|2026-03-13|2026-03-16|2026-03-17|2026-03-18|2026-03-19|2026-03-20|2026-03-23|2026-03-24|2026-03-25|2026-03-26|2026-03-27|2026-03-30|2026-03-31|2026-04-01|2026-04-02|2026-04-06|2026-04-07|2026-04-08|2026-04-09|2026-04-10|2026-04-13|2026-04-14|2026-04-15|2026-04-16,2026-04-16 19:25:48,0.0
Markel Group,,2026-03-05|2026-03-06|2026-03-09|2026-03-10|2026-03-11|2026-03-12|2026-03-13|2026-03-16|2026-03-17|2026-03-18|2026-03-19|2026-03-20|2026-03-23|2026-03-24|2026-03-25|2026-03-26|2026-03-27|2026-03-30|2026-03-31|2026-04-01|2026-04-02|2026-04-06|2026-04-07|2026-04-08|2026-04-09|2026-04-10|2026-04-13|2026-04-14|2026-04-15|2026-04-16,2026-04-16 19:25:48,0.0
Whirlpool Corporation,,2026-03-05|2026-03-06|2026-03-09|2026-03-10|2026-03-11|2026-03-12|2026-03-13|2026-03-16|2026-03-17|2026-03-18|2026-03-19|2026-03-20|2026-03-23|2026-03-24|2026-03-25|2026-03-26|2026-03-27|2026-03-30|2026-03-31|2026-04-01|2026-04-02|2026-04-06|2026-04-07|2026-04-08|2026-04-09|2026-04-10|2026-04-13|2026-04-14|2026-04-15|2026-04-16,2026-04-16 19:25:48,0.0
Builders FirstSource,,2026-03-05|2026-03-06|2026-03-09|2026-03-10|2026-03-11|2026-03-12|2026-03-13|2026-03-16|2026-03-17|2026-03-18|2026-03-19|2026-03-20|2026-03-23|2026-03-24|2026-03-25|2026-03-26|2026-03-27|2026-03-30|2026-03-31|2026-04-01|2026-04-02|2026-04-06|2026-04-07|2026-04-08|2026-04-09|2026-04-10|2026-04-13|2026-04-14|2026-04-15|2026-04-16,2026-04-16 19:25:48,0.0
Ally Financial,,2026-03-05|2026-03-06|2026-03-09|2026-03-10|2026-03-11|2026-03-12|2026-03-13|2026-03-16|2026-03-17|2026-03-18|2026-03-19|2026-03-20|2026-03-23|2026-03-24|2026-03-25|2026-03-26|2026-03-27|2026-03-30|2026-03-31|2026-04-01|2026-04-02|2026-04-06|2026-04-07|2026-04-08|2026-04-09|2026-04-10|2026-04-13|2026-04-14|2026-04-15|2026-04-16,2026-04-16 19:25:48,0.0
Targa Resources,,2026-03-05|2026-03-06|2026-03-09|2026-03-10|2026-03-11|2026-03-12|2026-03-13|2026-03-16|2026-03-17|2026-03-18|2026-03-19|2026-03-20|2026-03-23|2026-03-24|2026-03-25|2026-03-26|2026-03-27|2026-03-30|2026-03-31|2026-04-01|2026-04-02|2026-04-06|2026-04-07|2026-04-08|2026-04-09|2026-04-10|2026-04-13|2026-04-14|2026-04-15|2026-04-16,2026-04-16 19:25:48,0.0
Fluor,,2026-03-05|2026-03-06|2026-03-09|2026-03-10|2026-03-11|2026-03-12|2026-03-13|2026-03-16|2026-03-17|2026-03-18|2026-03-19|2026-03-20|2026-03-23|2026-03-24|2026-03-25|2026-03-26|2026-03-27|2026-03-30|2026-03-31|2026-04-01|2026-04-02|2026-04-06|2026-04-07|2026-04-08|2026-04-09|2026-04-10|2026-04-13|2026-04-14|2026-04-15|2026-04-16,2026-04-16 19:25:48,0.0
Intuit,,2026-03-05|2026-03-06|2026-03-09|2026-03-10|2026-03-11|2026-03-12|2026-03-13|2026-03-16|2026-03-17|2026-03-18|2026-03-19|2026-03-20|2026-03-23|2026-03-24|2026-03-25|2026-03-26|2026-03-27|2026-03-30|2026-03-31|2026-04-01|2026-04-02|2026-04-06|2026-04-07|2026-04-08|2026-04-09|2026-04-10|2026-04-13|2026-04-14|2026-04-15|2026-04-16,2026-04-16 19:25:48,0.0
AECOM,,2026-03-05|2026-03-06|2026-03-09|2026-03-10|2026-03-11|2026-03-12|2026-03-13|2026-03-16|2026-03-17|2026-03-18|2026-03-19|2026-03-20|2026-03-23|2026-03-24|2026-03-25|2026-03-26|2026-03-27|2026-03-30|2026-03-31|2026-04-01|2026-04-02|2026-04-06|2026-04-07|2026-04-08|2026-04-09|2026-04-10|2026-04-13|2026-04-14|2026-04-15|2026-04-16,2026-04-16 19:25:48,0.0
Kohl's,,2026-03-05|2026-03-06|2026-03-09|2026-03-10|2026-03-11|2026-03-12|2026-03-13|2026-03-16|2026-03-17|2026-03-18|2026-03-19|2026-03-20|2026-03-23|2026-03-24|2026-03-25|2026-03-26|2026-03-27|2026-03-30|2026-03-31|2026-04-01|2026-04-02|2026-04-06|2026-04-07|2026-04-08|2026-04-09|2026-04-10|2026-04-13|2026-04-14|2026-04-15|2026-04-16,2026-04-16 19:25:48,0.0
PrIncipal Financial,,2026-03-05|2026-03-06|2026-03-09|2026-03-10|2026-03-11|2026-03-12|2026-03-13|2026-03-16|2026-03-17|2026-03-18|2026-03-19|2026-03-20|2026-03-23|2026-03-24|2026-03-25|2026-03-26|2026-03-27|2026-03-30|2026-03-31|2026-04-01|2026-04-02|2026-04-06|2026-04-07|2026-04-08|2026-04-09|2026-04-10|2026-04-13|2026-04-14|2026-04-15|2026-04-16,2026-04-16 19:25:48,0.0
Dominion Energy,,2026-03-05|2026-03-06|2026-03-09|2026-03-10|2026-03-11|2026-03-12|2026-03-13|2026-03-16|2026-03-17|2026-03-18|2026-03-19|2026-03-20|2026-03-23|2026-03-24|2026-03-25|2026-03-26|2026-03-27|2026-03-30|2026-03-31|2026-04-01|2026-04-02|2026-04-06|2026-04-07|2026-04-08|2026-04-09|2026-04-10|2026-04-13|2026-04-14|2026-04-15|2026-04-16,2026-04-16 19:25:48,0.0
Kyndryl,,2026-03-05|2026-03-06|2026-03-09|2026-03-10|2026-03-11|2026-03-12|2026-03-13|2026-03-16|2026-03-17|2026-03-18|2026-03-19|2026-03-20|2026-03-23|2026-03-24|2026-03-25|2026-03-26|2026-03-27|2026-03-30|2026-03-31|2026-04-01|2026-04-02|2026-04-06|2026-04-07|2026-04-08|2026-04-09|2026-04-10|2026-04-13|2026-04-14|2026-04-15|2026-04-16,2026-04-16 19:25:48,0.0
Republic Services,,2026-03-05|2026-03-06|2026-03-09|2026-03-10|2026-03-11|2026-03-12|2026-03-13|2026-03-16|2026-03-17|2026-03-18|2026-03-19|2026-03-20|2026-03-23|2026-03-24|2026-03-25|2026-03-26|2026-03-27|2026-03-30|2026-03-31|2026-04-01|2026-04-02|2026-04-06|2026-04-07|2026-04-08|2026-04-09|2026-04-10|2026-04-13|2026-04-14|2026-04-15|2026-04-16,2026-04-16 19:25:48,0.0
Devon Energy,,2026-03-05|2026-03-06|2026-03-09|2026-03-10|2026-03-11|2026-03-12|2026-03-13|2026-03-16|2026-03-17|2026-03-18|2026-03-19|2026-03-20|2026-03-23|2026-03-24|2026-03-25|2026-03-26|2026-03-27|2026-03-30|2026-03-31|2026-04-01|2026-04-02|2026-04-06|2026-04-07|2026-04-08|2026-04-09|2026-04-10|2026-04-13|2026-04-14|2026-04-15|2026-04-16,2026-04-16 19:25:48,0.0
Illinois Tool Works,,2026-03-05|2026-03-06|2026-03-09|2026-03-10|2026-03-11|2026-03-12|2026-03-13|2026-03-16|2026-03-17|2026-03-18|2026-03-19|2026-03-20|2026-03-23|2026-03-24|2026-03-25|2026-03-26|2026-03-27|2026-03-30|2026-03-31|2026-04-01|2026-04-02|2026-04-06|2026-04-07|2026-04-08|2026-04-09|2026-04-10|2026-04-13|2026-04-14|2026-04-15|2026-04-16,2026-04-16 19:25:48,0.0
Northern Trust,,2026-03-05|2026-03-06|2026-03-09|2026-03-10|2026-03-11|2026-03-12|2026-03-13|2026-03-16|2026-03-17|2026-03-18|2026-03-19|2026-03-20|2026-03-23|2026-03-24|2026-03-25|2026-03-26|2026-03-27|2026-03-30|2026-03-31|2026-04-01|2026-04-02|2026-04-06|2026-04-07|2026-04-08|2026-04-09|2026-04-10|2026-04-13|2026-04-14|2026-04-15|2026-04-16,2026-04-16 19:25:48,0.0
Universal Health Services,,2026-03-05|2026-03-06|2026-03-09|2026-03-10|2026-03-11|2026-03-12|2026-03-13|2026-03-16|2026-03-17|2026-03-18|2026-03-19|2026-03-20|2026-03-23|2026-03-24|2026-03-25|2026-03-26|2026-03-27|2026-03-30|2026-03-31|2026-04-01|2026-04-02|2026-04-06|2026-04-07|2026-04-08|2026-04-09|2026-04-10|2026-04-13|2026-04-14|2026-04-15|2026-04-16,2026-04-16 19:25:48,0.0
EchoStar,,2026-03-05|2026-03-06|2026-03-09|2026-03-10|2026-03-11|2026-03-12|2026-03-13|2026-03-16|2026-03-17|2026-03-18|2026-03-19|2026-03-20|2026-03-23|2026-03-24|2026-03-25|2026-03-26|2026-03-27|2026-03-30|2026-03-31|2026-04-01|2026-04-02|2026-04-06|2026-04-07|2026-04-08|2026-04-09|2026-04-10|2026-04-13|2026-04-14|2026-04-15|2026-04-16,2026-04-16 19:25:48,0.0
Ecolab,,2026-03-05|2026-03-06|2026-03-09|2026-03-10|2026-03-11|2026-03-12|2026-03-13|2026-03-16|2026-03-17|2026-03-18|2026-03-19|2026-03-20|2026-03-23|2026-03-24|2026-03-25|2026-03-26|2026-03-27|2026-03-30|2026-03-31|2026-04-01|2026-04-02|2026-04-06|2026-04-07|2026-04-08|2026-04-09|2026-04-10|2026-04-13|2026-04-14|2026-04-15|2026-04-16,2026-04-16 19:25:48,0.0
Cheniere Energy,,2026-03-05|2026-03-06|2026-03-09|2026-03-10|2026-03-11|2026-03-12|2026-03-13|2026-03-16|2026-03-17|2026-03-18|2026-03-19|2026-03-20|2026-03-23|2026-03-24|2026-03-25|2026-03-26|2026-03-27|2026-03-30|2026-03-31|2026-04-01|2026-04-02|2026-04-06|2026-04-07|2026-04-08|2026-04-09|2026-04-10|2026-04-13|2026-04-14|2026-04-15|2026-04-16,2026-04-16 19:25:48,0.0
Omnicom Group,,2026-03-05|2026-03-06|2026-03-09|2026-03-10|2026-03-11|2026-03-12|2026-03-13|2026-03-16|2026-03-17|2026-03-18|2026-03-19|2026-03-20|2026-03-23|2026-03-24|2026-03-25|2026-03-26|2026-03-27|2026-03-30|2026-03-31|2026-04-01|2026-04-02|2026-04-06|2026-04-07|2026-04-08|2026-04-09|2026-04-10|2026-04-13|2026-04-14|2026-04-15|2026-04-16,2026-04-16 19:25:48,0.0
Texas Instruments,,2026-03-05|2026-03-06|2026-03-09|2026-03-10|2026-03-11|2026-03-12|2026-03-13|2026-03-16|2026-03-17|2026-03-18|2026-03-19|2026-03-20|2026-03-23|2026-03-24|2026-03-25|2026-03-26|2026-03-27|2026-03-30|2026-03-31|2026-04-01|2026-04-02|2026-04-06|2026-04-07|2026-04-08|2026-04-09|2026-04-10|2026-04-13|2026-04-14|2026-04-15|2026-04-16,2026-04-16 19:25:48,0.0
The Estee Lauder Companies,,2026-03-05|2026-03-06|2026-03-09|2026-03-10|2026-03-11|2026-03-12|2026-03-13|2026-03-16|2026-03-17|2026-03-18|2026-03-19|2026-03-20|2026-03-23|2026-03-24|2026-03-25|2026-03-26|2026-03-27|2026-03-30|2026-03-31|2026-04-01|2026-04-02|2026-04-06|2026-04-07|2026-04-08|2026-04-09|2026-04-10|2026-04-13|2026-04-14|2026-04-15|2026-04-16,2026-04-16 19:25:48,0.0
Kenvue,,2026-03-05|2026-03-06|2026-03-09|2026-03-10|2026-03-11|2026-03-12|2026-03-13|2026-03-16|2026-03-17|2026-03-18|2026-03-19|2026-03-20|2026-03-23|2026-03-24|2026-03-25|2026-03-26|2026-03-27|2026-03-30|2026-03-31|2026-04-01|2026-04-02|2026-04-06|2026-04-07|2026-04-08|2026-04-09|2026-04-10|2026-04-13|2026-04-14|2026-04-15|2026-04-16,2026-04-16 19:25:48,0.0
IQVIA,,2026-03-05|2026-03-06|2026-03-09|2026-03-10|2026-03-11|2026-03-12|2026-03-13|2026-03-16|2026-03-17|2026-03-18|2026-03-19|2026-03-20|2026-03-23|2026-03-24|2026-03-25|2026-03-26|2026-03-27|2026-03-30|2026-03-31|2026-04-01|2026-04-02|2026-04-06|2026-04-07|2026-04-08|2026-04-09|2026-04-10|2026-04-13|2026-04-14|2026-04-15|2026-04-16,2026-04-16 19:25:48,0.0
Stanley Black & Decker,,2026-03-05|2026-03-06|2026-03-09|2026-03-10|2026-03-11|2026-03-12|2026-03-13|2026-03-16|2026-03-17|2026-03-18|2026-03-19|2026-03-20|2026-03-23|2026-03-24|2026-03-25|2026-03-26|2026-03-27|2026-03-30|2026-03-31|2026-04-01|2026-04-02|2026-04-06|2026-04-07|2026-04-08|2026-04-09|2026-04-10|2026-04-13|2026-04-14|2026-04-15|2026-04-16,2026-04-16 19:25:48,0.0
Keurig Dr Pepper,,2026-03-05|2026-03-06|2026-03-09|2026-03-10|2026-03-11|2026-03-12|2026-03-13|2026-03-16|2026-03-17|2026-03-18|2026-03-19|2026-03-20|2026-03-23|2026-03-24|2026-03-25|2026-03-26|2026-03-27|2026-03-30|2026-03-31|2026-04-01|2026-04-02|2026-04-06|2026-04-07|2026-04-08|2026-04-09|2026-04-10|2026-04-13|2026-04-14|2026-04-15|2026-04-16,2026-04-16 19:25:48,0.0
United Rentals,,2026-03-05|2026-03-06|2026-03-09|2026-03-10|2026-03-11|2026-03-12|2026-03-13|2026-03-16|2026-03-17|2026-03-18|2026-03-19|2026-03-20|2026-03-23|2026-03-24|2026-03-25|2026-03-26|2026-03-27|2026-03-30|2026-03-31|2026-04-01|2026-04-02|2026-04-06|2026-04-07|2026-04-08|2026-04-09|2026-04-10|2026-04-13|2026-04-14|2026-04-15|2026-04-16,2026-04-16 19:25:48,0.0
Consolidated Edison,,2026-03-05|2026-03-06|2026-03-09|2026-03-10|2026-03-11|2026-03-12|2026-03-13|2026-03-16|2026-03-17|2026-03-18|2026-03-19|2026-03-20|2026-03-23|2026-03-24|2026-03-25|2026-03-26|2026-03-27|2026-03-30|2026-03-31|2026-04-01|2026-04-02|2026-04-06|2026-04-07|2026-04-08|2026-04-09|2026-04-10|2026-04-13|2026-04-14|2026-04-15|2026-04-16,2026-04-16 19:25:48,0.0
Amphenol,,2026-03-05|2026-03-06|2026-03-09|2026-03-10|2026-03-11|2026-03-12|2026-03-13|2026-03-16|2026-03-17|2026-03-18|2026-03-19|2026-03-20|2026-03-23|2026-03-24|2026-03-25|2026-03-26|2026-03-27|2026-03-30|2026-03-31|2026-04-01|2026-04-02|2026-04-06|2026-04-07|2026-04-08|2026-04-09|2026-04-10|2026-04-13|2026-04-14|2026-04-15|2026-04-16,2026-04-16 19:25:48,0.0
Baxter International,,2026-03-05|2026-03-06|2026-03-09|2026-03-10|2026-03-11|2026-03-12|2026-03-13|2026-03-16|2026-03-17|2026-03-18|2026-03-19|2026-03-20|2026-03-23|2026-03-24|2026-03-25|2026-03-26|2026-03-27|2026-03-30|2026-03-31|2026-04-01|2026-04-02|2026-04-06|2026-04-07|2026-04-08|2026-04-09|2026-04-10|2026-04-13|2026-04-14|2026-04-15|2026-04-16,2026-04-16 19:25:48,0.0
Kinder Morgan,,2026-03-05|2026-03-06|2026-03-09|2026-03-10|2026-03-11|2026-03-12|2026-03-13|2026-03-16|2026-03-17|2026-03-18|2026-03-19|2026-03-20|2026-03-23|2026-03-24|2026-03-25|2026-03-26|2026-03-27|2026-03-30|2026-03-31|2026-04-01|2026-04-02|2026-04-06|2026-04-07|2026-04-08|2026-04-09|2026-04-10|2026-04-13|2026-04-14|2026-04-15|2026-04-16,2026-04-16 19:25:48,0.0
First Citizens BancShares,,2026-03-05|2026-03-06|2026-03-09|2026-03-10|2026-03-11|2026-03-12|2026-03-13|2026-03-16|2026-03-17|2026-03-18|2026-03-19|2026-03-20|2026-03-23|2026-03-24|2026-03-25|2026-03-26|2026-03-27|2026-03-30|2026-03-31|2026-04-01|2026-04-02|2026-04-06|2026-04-07|2026-04-08|2026-04-09|2026-04-10|2026-04-13|2026-04-14|2026-04-15|2026-04-16,2026-04-16 19:25:48,0.0
Raymond James Financial,,2026-03-05|2026-03-06|2026-03-09|2026-03-10|2026-03-11|2026-03-12|2026-03-13|2026-03-16|2026-03-17|2026-03-18|2026-03-19|2026-03-20|2026-03-23|2026-03-24|2026-03-25|2026-03-26|2026-03-27|2026-03-30|2026-03-31|2026-04-01|2026-04-02|2026-04-06|2026-04-07|2026-04-08|2026-04-09|2026-04-10|2026-04-13|2026-04-14|2026-04-15|2026-04-16,2026-04-16 19:25:48,0.0
Lam Research,,2026-03-05|2026-03-06|2026-03-09|2026-03-10|2026-03-11|2026-03-12|2026-03-13|2026-03-16|2026-03-17|2026-03-18|2026-03-19|2026-03-20|2026-03-23|2026-03-24|2026-03-25|2026-03-26|2026-03-27|2026-03-30|2026-03-31|2026-04-01|2026-04-02|2026-04-06|2026-04-07|2026-04-08|2026-04-09|2026-04-10|2026-04-13|2026-04-14|2026-04-15|2026-04-16,2026-04-16 19:25:48,0.0
Tractor Supply Company,,2026-03-05|2026-03-06|2026-03-09|2026-03-10|2026-03-11|2026-03-12|2026-03-13|2026-03-16|2026-03-17|2026-03-18|2026-03-19|2026-03-20|2026-03-23|2026-03-24|2026-03-25|2026-03-26|2026-03-27|2026-03-30|2026-03-31|2026-04-01|2026-04-02|2026-04-06|2026-04-07|2026-04-08|2026-04-09|2026-04-10|2026-04-13|2026-04-14|2026-04-15|2026-04-16,2026-04-16 19:25:48,0.0
Caseys General Stores,,2026-03-05|2026-03-06|2026-03-09|2026-03-10|2026-03-11|2026-03-12|2026-03-13|2026-03-16|2026-03-17|2026-03-18|2026-03-19|2026-03-20|2026-03-23|2026-03-24|2026-03-25|2026-03-26|2026-03-27|2026-03-30|2026-03-31|2026-04-01|2026-04-02|2026-04-06|2026-04-07|2026-04-08|2026-04-09|2026-04-10|2026-04-13|2026-04-14|2026-04-15|2026-04-16,2026-04-16 19:25:48,0.0
Viatris,,2026-03-05|2026-03-06|2026-03-09|2026-03-10|2026-03-11|2026-03-12|2026-03-13|2026-03-16|2026-03-17|2026-03-18|2026-03-19|2026-03-20|2026-03-23|2026-03-24|2026-03-25|2026-03-26|2026-03-27|2026-03-30|2026-03-31|2026-04-01|2026-04-02|2026-04-06|2026-04-07|2026-04-08|2026-04-09|2026-04-10|2026-04-13|2026-04-14|2026-04-15|2026-04-16,2026-04-16 19:25:48,0.0
EMCOR Group,,2026-03-05|2026-03-06|2026-03-09|2026-03-10|2026-03-11|2026-03-12|2026-03-13|2026-03-16|2026-03-17|2026-03-18|2026-03-19|2026-03-20|2026-03-23|2026-03-24|2026-03-25|2026-03-26|2026-03-27|2026-03-30|2026-03-31|2026-04-01|2026-04-02|2026-04-06|2026-04-07|2026-04-08|2026-04-09|2026-04-10|2026-04-13|2026-04-14|2026-04-15|2026-04-16,2026-04-16 19:25:48,0.0
CSX,,2026-03-05|2026-03-06|2026-03-09|2026-03-10|2026-03-11|2026-03-12|2026-03-13|2026-03-16|2026-03-17|2026-03-18|2026-03-19|2026-03-20|2026-03-23|2026-03-24|2026-03-25|2026-03-26|2026-03-27|2026-03-30|2026-03-31|2026-04-01|2026-04-02|2026-04-06|2026-04-07|2026-04-08|2026-04-09|2026-04-10|2026-04-13|2026-04-14|2026-04-15|2026-04-16,2026-04-16 19:25:48,0.0
LKQ,,2026-03-05|2026-03-06|2026-03-09|2026-03-10|2026-03-11|2026-03-12|2026-03-13|2026-03-16|2026-03-17|2026-03-18|2026-03-19|2026-03-20|2026-03-23|2026-03-24|2026-03-25|2026-03-26|2026-03-27|2026-03-30|2026-03-31|2026-04-01|2026-04-02|2026-04-06|2026-04-07|2026-04-08|2026-04-09|2026-04-10|2026-04-13|2026-04-14|2026-04-15|2026-04-16,2026-04-16 19:25:48,0.0
Otis Worldwide,,2026-03-05|2026-03-06|2026-03-09|2026-03-10|2026-03-11|2026-03-12|2026-03-13|2026-03-16|2026-03-17|2026-03-18|2026-03-19|2026-03-20|2026-03-23|2026-03-24|2026-03-25|2026-03-26|2026-03-27|2026-03-30|2026-03-31|2026-04-01|2026-04-02|2026-04-06|2026-04-07|2026-04-08|2026-04-09|2026-04-10|2026-04-13|2026-04-14|2026-04-15|2026-04-16,2026-04-16 19:25:48,0.0
Sonic Automotive,,2026-03-05|2026-03-06|2026-03-09|2026-03-10|2026-03-11|2026-03-12|2026-03-13|2026-03-16|2026-03-17|2026-03-18|2026-03-19|2026-03-20|2026-03-23|2026-03-24|2026-03-25|2026-03-26|2026-03-27|2026-03-30|2026-03-31|2026-04-01|2026-04-02|2026-04-06|2026-04-07|2026-04-08|2026-04-09|2026-04-10|2026-04-13|2026-04-14|2026-04-15|2026-04-16,2026-04-16 19:25:48,0.0
S&P Global,,2026-03-05|2026-03-06|2026-03-09|2026-03-10|2026-03-11|2026-03-12|2026-03-13|2026-03-16|2026-03-17|2026-03-18|2026-03-19|2026-03-20|2026-03-23|2026-03-24|2026-03-25|2026-03-26|2026-03-27|2026-03-30|2026-03-31|2026-04-01|2026-04-02|2026-04-06|2026-04-07|2026-04-08|2026-04-09|2026-04-10|2026-04-13|2026-04-14|2026-04-15|2026-04-16,2026-04-16 19:25:48,0.0
Regeneron Pharmaceuticals,,2026-03-05|2026-03-06|2026-03-09|2026-03-10|2026-03-11|2026-03-12|2026-03-13|2026-03-16|2026-03-17|2026-03-18|2026-03-19|2026-03-20|2026-03-23|2026-03-24|2026-03-25|2026-03-26|2026-03-27|2026-03-30|2026-03-31|2026-04-01|2026-04-02|2026-04-06|2026-04-07|2026-04-08|2026-04-09|2026-04-10|2026-04-13|2026-04-14|2026-04-15|2026-04-16,2026-04-16 19:25:48,0.0
BorgWarner,,2026-03-05|2026-03-06|2026-03-09|2026-03-10|2026-03-11|2026-03-12|2026-03-13|2026-03-16|2026-03-17|2026-03-18|2026-03-19|2026-03-20|2026-03-23|2026-03-24|2026-03-25|2026-03-26|2026-03-27|2026-03-30|2026-03-31|2026-04-01|2026-04-02|2026-04-06|2026-04-07|2026-04-08|2026-04-09|2026-04-10|2026-04-13|2026-04-14|2026-04-15|2026-04-16,2026-04-16 19:25:48,0.0
Reliance Inc,,2026-03-05|2026-03-06|2026-03-09|2026-03-10|2026-03-11|2026-03-12|2026-03-13|2026-03-16|2026-03-17|2026-03-18|2026-03-19|2026-03-20|2026-03-23|2026-03-24|2026-03-25|2026-03-26|2026-03-27|2026-03-30|2026-03-31|2026-04-01|2026-04-02|2026-04-06|2026-04-07|2026-04-08|2026-04-09|2026-04-10|2026-04-13|2026-04-14|2026-04-15|2026-04-16,2026-04-16 19:25:48,0.0
Textron,,2026-03-05|2026-03-06|2026-03-09|2026-03-10|2026-03-11|2026-03-12|2026-03-13|2026-03-16|2026-03-17|2026-03-18|2026-03-19|2026-03-20|2026-03-23|2026-03-24|2026-03-25|2026-03-26|2026-03-27|2026-03-30|2026-03-31|2026-04-01|2026-04-02|2026-04-06|2026-04-07|2026-04-08|2026-04-09|2026-04-10|2026-04-13|2026-04-14|2026-04-15|2026-04-16,2026-04-16 19:25:48,0.0
Expedia,,2026-03-05|2026-03-06|2026-03-09|2026-03-10|2026-03-11|2026-03-12|2026-03-13|2026-03-16|2026-03-17|2026-03-18|2026-03-19|2026-03-20|2026-03-23|2026-03-24|2026-03-25|2026-03-26|2026-03-27|2026-03-30|2026-03-31|2026-04-01|2026-04-02|2026-04-06|2026-04-07|2026-04-08|2026-04-09|2026-04-10|2026-04-13|2026-04-14|2026-04-15|2026-04-16,2026-04-16 19:25:48,0.0
Fidelity National Financial,,2026-03-05|2026-03-06|2026-03-09|2026-03-10|2026-03-11|2026-03-12|2026-03-13|2026-03-16|2026-03-17|2026-03-18|2026-03-19|2026-03-20|2026-03-23|2026-03-24|2026-03-25|2026-03-26|2026-03-27|2026-03-30|2026-03-31|2026-04-01|2026-04-02|2026-04-06|2026-04-07|2026-04-08|2026-04-09|2026-04-10|2026-04-13|2026-04-14|2026-04-15|2026-04-16,2026-04-16 19:25:48,0.0
Carvana,,2026-03-05|2026-03-06|2026-03-09|2026-03-10|2026-03-11|2026-03-12|2026-03-13|2026-03-16|2026-03-17|2026-03-18|2026-03-19|2026-03-20|2026-03-23|2026-03-24|2026-03-25|2026-03-26|2026-03-27|2026-03-30|2026-03-31|2026-04-01|2026-04-02|2026-04-06|2026-04-07|2026-04-08|2026-04-09|2026-04-10|2026-04-13|2026-04-14|2026-04-15|2026-04-16,2026-04-16 19:25:48,0.0
DXC Technology,,2026-03-05|2026-03-06|2026-03-09|2026-03-10|2026-03-11|2026-03-12|2026-03-13|2026-03-16|2026-03-17|2026-03-18|2026-03-19|2026-03-20|2026-03-23|2026-03-24|2026-03-25|2026-03-26|2026-03-27|2026-03-30|2026-03-31|2026-04-01|2026-04-02|2026-04-06|2026-04-07|2026-04-08|2026-04-09|2026-04-10|2026-04-13|2026-04-14|2026-04-15|2026-04-16,2026-04-16 19:25:48,0.0
WR Berkley,,2026-03-05|2026-03-06|2026-03-09|2026-03-10|2026-03-11|2026-03-12|2026-03-13|2026-03-16|2026-03-17|2026-03-18|2026-03-19|2026-03-20|2026-03-23|2026-03-24|2026-03-25|2026-03-26|2026-03-27|2026-03-30|2026-03-31|2026-04-01|2026-04-02|2026-04-06|2026-04-07|2026-04-08|2026-04-09|2026-04-10|2026-04-13|2026-04-14|2026-04-15|2026-04-16,2026-04-16 19:25:48,0.0
M&T Bank,,2026-03-05|2026-03-06|2026-03-09|2026-03-10|2026-03-11|2026-03-12|2026-03-13|2026-03-16|2026-03-17|2026-03-18|2026-03-19|2026-03-20|2026-03-23|2026-03-24|2026-03-25|2026-03-26|2026-03-27|2026-03-30|2026-03-31|2026-04-01|2026-04-02|2026-04-06|2026-04-07|2026-04-08|2026-04-09|2026-04-10|2026-04-13|2026-04-14|2026-04-15|2026-04-16,2026-04-16 19:25:48,0.0
Dicks Sporting Goods,,2026-03-05|2026-03-06|2026-03-09|2026-03-10|2026-03-11|2026-03-12|2026-03-13|2026-03-16|2026-03-17|2026-03-18|2026-03-19|2026-03-20|2026-03-23|2026-03-24|2026-03-25|2026-03-26|2026-03-27|2026-03-30|2026-03-31|2026-04-01|2026-04-02|2026-04-06|2026-04-07|2026-04-08|2026-04-09|2026-04-10|2026-04-13|2026-04-14|2026-04-15|2026-04-16,2026-04-16 19:25:48,0.0
Xcel Energy,,2026-03-05|2026-03-06|2026-03-09|2026-03-10|2026-03-11|2026-03-12|2026-03-13|2026-03-16|2026-03-17|2026-03-18|2026-03-19|2026-03-20|2026-03-23|2026-03-24|2026-03-25|2026-03-26|2026-03-27|2026-03-30|2026-03-31|2026-04-01|2026-04-02|2026-04-06|2026-04-07|2026-04-08|2026-04-09|2026-04-10|2026-04-13|2026-04-14|2026-04-15|2026-04-16,2026-04-16 19:25:48,0.0
Fifth Third Bancorp,,2026-03-05|2026-03-06|2026-03-09|2026-03-10|2026-03-11|2026-03-12|2026-03-13|2026-03-16|2026-03-17|2026-03-18|2026-03-19|2026-03-20|2026-03-23|2026-03-24|2026-03-25|2026-03-26|2026-03-27|2026-03-30|2026-03-31|2026-04-01|2026-04-02|2026-04-06|2026-04-07|2026-04-08|2026-04-09|2026-04-10|2026-04-13|2026-04-14|2026-04-15|2026-04-16,2026-04-16 19:25:48,0.0
Blackstone,,2026-03-05|2026-03-06|2026-03-09|2026-03-10|2026-03-11|2026-03-12|2026-03-13|2026-03-16|2026-03-17|2026-03-18|2026-03-19|2026-03-20|2026-03-23|2026-03-24|2026-03-25|2026-03-26|2026-03-27|2026-03-30|2026-03-31|2026-04-01|2026-04-02|2026-04-06|2026-04-07|2026-04-08|2026-04-09|2026-04-10|2026-04-13|2026-04-14|2026-04-15|2026-04-16,2026-04-16 19:25:48,0.0
Sempra,,2026-03-05|2026-03-06|2026-03-09|2026-03-10|2026-03-11|2026-03-12|2026-03-13|2026-03-16|2026-03-17|2026-03-18|2026-03-19|2026-03-20|2026-03-23|2026-03-24|2026-03-25|2026-03-26|2026-03-27|2026-03-30|2026-03-31|2026-04-01|2026-04-02|2026-04-06|2026-04-07|2026-04-08|2026-04-09|2026-04-10|2026-04-13|2026-04-14|2026-04-15|2026-04-16,2026-04-16 19:25:48,0.0
Corning,,2026-03-05|2026-03-06|2026-03-09|2026-03-10|2026-03-11|2026-03-12|2026-03-13|2026-03-16|2026-03-17|2026-03-18|2026-03-19|2026-03-20|2026-03-23|2026-03-24|2026-03-25|2026-03-26|2026-03-27|2026-03-30|2026-03-31|2026-04-01|2026-04-02|2026-04-06|2026-04-07|2026-04-08|2026-04-09|2026-04-10|2026-04-13|2026-04-14|2026-04-15|2026-04-16,2026-04-16 19:25:48,0.0
Lumen Technologies,,2026-03-05|2026-03-06|2026-03-09|2026-03-10|2026-03-11|2026-03-12|2026-03-13|2026-03-16|2026-03-17|2026-03-18|2026-03-19|2026-03-20|2026-03-23|2026-03-24|2026-03-25|2026-03-26|2026-03-27|2026-03-30|2026-03-31|2026-04-01|2026-04-02|2026-04-06|2026-04-07|2026-04-08|2026-04-09|2026-04-10|2026-04-13|2026-04-14|2026-04-15|2026-04-16,2026-04-16 19:25:48,0.0
FirstEnergy Corp,,2026-03-05|2026-03-06|2026-03-09|2026-03-10|2026-03-11|2026-03-12|2026-03-13|2026-03-16|2026-03-17|2026-03-18|2026-03-19|2026-03-20|2026-03-23|2026-03-24|2026-03-25|2026-03-26|2026-03-27|2026-03-30|2026-03-31|2026-04-01|2026-04-02|2026-04-06|2026-04-07|2026-04-08|2026-04-09|2026-04-10|2026-04-13|2026-04-14|2026-04-15|2026-04-16,2026-04-16 19:25:48,0.0
Labcorp Holdings,,2026-03-05|2026-03-06|2026-03-09|2026-03-10|2026-03-11|2026-03-12|2026-03-13|2026-03-16|2026-03-17|2026-03-18|2026-03-19|2026-03-20|2026-03-23|2026-03-24|2026-03-25|2026-03-26|2026-03-27|2026-03-30|2026-03-31|2026-04-01|2026-04-02|2026-04-06|2026-04-07|2026-04-08|2026-04-09|2026-04-10|2026-04-13|2026-04-14|2026-04-15|2026-04-16,2026-04-16 19:25:48,0.0
Western Digital,,2026-03-05|2026-03-06|2026-03-09|2026-03-10|2026-03-11|2026-03-12|2026-03-13|2026-03-16|2026-03-17|2026-03-18|2026-03-19|2026-03-20|2026-03-23|2026-03-24|2026-03-25|2026-03-26|2026-03-27|2026-03-30|2026-03-31|2026-04-01|2026-04-02|2026-04-06|2026-04-07|2026-04-08|2026-04-09|2026-04-10|2026-04-13|2026-04-14|2026-04-15|2026-04-16,2026-04-16 19:25:48,0.0
Unum Group,,2026-03-05|2026-03-06|2026-03-09|2026-03-10|2026-03-11|2026-03-12|2026-03-13|2026-03-16|2026-03-17|2026-03-18|2026-03-19|2026-03-20|2026-03-23|2026-03-24|2026-03-25|2026-03-26|2026-03-27|2026-03-30|2026-03-31|2026-04-01|2026-04-02|2026-04-06|2026-04-07|2026-04-08|2026-04-09|2026-04-10|2026-04-13|2026-04-14|2026-04-15|2026-04-16,2026-04-16 19:25:48,0.0
DaVita,,2026-03-05|2026-03-06|2026-03-09|2026-03-10|2026-03-11|2026-03-12|2026-03-13|2026-03-16|2026-03-17|2026-03-18|2026-03-19|2026-03-20|2026-03-23|2026-03-24|2026-03-25|2026-03-26|2026-03-27|2026-03-30|2026-03-31|2026-04-01|2026-04-02|2026-04-06|2026-04-07|2026-04-08|2026-04-09|2026-04-10|2026-04-13|2026-04-14|2026-04-15|2026-04-16,2026-04-16 19:25:48,0.0
Henry Schein,,2026-03-05|2026-03-06|2026-03-09|2026-03-10|2026-03-11|2026-03-12|2026-03-13|2026-03-16|2026-03-17|2026-03-18|2026-03-19|2026-03-20|2026-03-23|2026-03-24|2026-03-25|2026-03-26|2026-03-27|2026-03-30|2026-03-31|2026-04-01|2026-04-02|2026-04-06|2026-04-07|2026-04-08|2026-04-09|2026-04-10|2026-04-13|2026-04-14|2026-04-15|2026-04-16,2026-04-16 19:25:48,0.0
Ryder System,,2026-03-05|2026-03-06|2026-03-09|2026-03-10|2026-03-11|2026-03-12|2026-03-13|2026-03-16|2026-03-17|2026-03-18|2026-03-19|2026-03-20|2026-03-23|2026-03-24|2026-03-25|2026-03-26|2026-03-27|2026-03-30|2026-03-31|2026-04-01|2026-04-02|2026-04-06|2026-04-07|2026-04-08|2026-04-09|2026-04-10|2026-04-13|2026-04-14|2026-04-15|2026-04-16,2026-04-16 19:25:48,0.0
Community Health Systems,,2026-03-05|2026-03-06|2026-03-09|2026-03-10|2026-03-11|2026-03-12|2026-03-13|2026-03-16|2026-03-17|2026-03-18|2026-03-19|2026-03-20|2026-03-23|2026-03-24|2026-03-25|2026-03-26|2026-03-27|2026-03-30|2026-03-31|2026-04-01|2026-04-02|2026-04-06|2026-04-07|2026-04-08|2026-04-09|2026-04-10|2026-04-13|2026-04-14|2026-04-15|2026-04-16,2026-04-16 19:25:48,0.0
Delek US,,2026-03-05|2026-03-06|2026-03-09|2026-03-10|2026-03-11|2026-03-12|2026-03-13|2026-03-16|2026-03-17|2026-03-18|2026-03-19|2026-03-20|2026-03-23|2026-03-24|2026-03-25|2026-03-26|2026-03-27|2026-03-30|2026-03-31|2026-04-01|2026-04-02|2026-04-06|2026-04-07|2026-04-08|2026-04-09|2026-04-10|2026-04-13|2026-04-14|2026-04-15|2026-04-16,2026-04-16 19:25:48,0.0
DTE Energy,,2026-03-05|2026-03-06|2026-03-09|2026-03-10|2026-03-11|2026-03-12|2026-03-13|2026-03-16|2026-03-17|2026-03-18|2026-03-19|2026-03-20|2026-03-23|2026-03-24|2026-03-25|2026-03-26|2026-03-27|2026-03-30|2026-03-31|2026-04-01|2026-04-02|2026-04-06|2026-04-07|2026-04-08|2026-04-09|2026-04-10|2026-04-13|2026-04-14|2026-04-15|2026-04-16,2026-04-16 19:25:48,0.0
Equitable Holdings,,2026-03-05|2026-03-06|2026-03-09|2026-03-10|2026-03-11|2026-03-12|2026-03-13|2026-03-16|2026-03-17|2026-03-18|2026-03-19|2026-03-20|2026-03-23|2026-03-24|2026-03-25|2026-03-26|2026-03-27|2026-03-30|2026-03-31|2026-04-01|2026-04-02|2026-04-06|2026-04-07|2026-04-08|2026-04-09|2026-04-10|2026-04-13|2026-04-14|2026-04-15|2026-04-16,2026-04-16 19:25:48,0.0
Fortune Brands Innovations,0|0|0|0|0|0|0|0|0|0|0|0|0|0|0|0|0|0|0|0|93|85|95|76|100|0|84|84|89|80,2026-03-05|2026-03-06|2026-03-09|2026-03-10|2026-03-11|2026-03-12|2026-03-13|2026-03-16|2026-03-17|2026-03-18|2026-03-19|2026-03-20|2026-03-23|2026-03-24|2026-03-25|2026-03-26|2026-03-27|2026-03-30|2026-03-31|2026-04-01|2026-04-02|2026-04-06|2026-04-07|2026-04-08|2026-04-09|2026-04-10|2026-04-13|2026-04-14|2026-04-15|2026-04-16,2026-04-16 22:43:45,26.2
Zions Bancorp,0|0|0|0|0|0|0|0|0|0|0|0|0|0|0|0|0|0|0|0|85|0|0|0|0|0|100|84|97|80,2026-03-05|2026-03-06|2026-03-09|2026-03-10|2026-03-11|2026-03-12|2026-03-13|2026-03-16|2026-03-17|2026-03-18|2026-03-19|2026-03-20|2026-03-23|2026-03-24|2026-03-25|2026-03-26|2026-03-27|2026-03-30|2026-03-31|2026-04-01|2026-04-02|2026-04-06|2026-04-07|2026-04-08|2026-04-09|2026-04-10|2026-04-13|2026-04-14|2026-04-15|2026-04-16,2026-04-16 22:43:48,14.9
JELD-WEN Holding,,2026-03-05|2026-03-06|2026-03-09|2026-03-10|2026-03-11|2026-03-12|2026-03-13|2026-03-16|2026-03-17|2026-03-18|2026-03-19|2026-03-20|2026-03-23|2026-03-24|2026-03-25|2026-03-26|2026-03-27|2026-03-30|2026-03-31|2026-04-01|2026-04-02|2026-04-06|2026-04-07|2026-04-08|2026-04-09|2026-04-10|2026-04-13|2026-04-14|2026-04-15|2026-04-16,2026-04-16 22:43:50,0.0
Snap Inc,57|37|36|42|63|55|48|43|65|56|48|55|61|54|64|52|68|46|77|84|28|28|24|24|25|29|28|34|100|61,2026-03-05|2026-03-06|2026-03-09|2026-03-10|2026-03-11|2026-03-12|2026-03-13|2026-03-16|2026-03-17|2026-03-18|2026-03-19|2026-03-20|2026-03-23|2026-03-24|2026-03-25|2026-03-26|2026-03-27|2026-03-30|2026-03-31|2026-04-01|2026-04-02|2026-04-06|2026-04-07|2026-04-08|2026-04-09|2026-04-10|2026-04-13|2026-04-14|2026-04-15|2026-04-16,2026-04-16 22:43:51,49.7
Zebra Technologies,69|73|59|43|71|61|67|44|100|98|52|64|51|70|71|58|52|69|58|73|38|35|40|47|46|37|35|39|43|45,2026-03-05|2026-03-06|2026-03-09|2026-03-10|2026-03-11|2026-03-12|2026-03-13|2026-03-16|2026-03-17|2026-03-18|2026-03-19|2026-03-20|2026-03-23|2026-03-24|2026-03-25|2026-03-26|2026-03-27|2026-03-30|2026-03-31|2026-04-01|2026-04-02|2026-04-06|2026-04-07|2026-04-08|2026-04-09|2026-04-10|2026-04-13|2026-04-14|2026-04-15|2026-04-16,2026-04-16 22:43:54,56.9
Agilon Health,100|0|0|0|0|0|0|0|0|0|0|0|0|0|0|0|0|0|84|0|29|32|32|31|28|24|20|25|33|26,2026-03-05|2026-03-06|2026-03-09|2026-03-10|2026-03-11|2026-03-12|2026-03-13|2026-03-16|2026-03-17|2026-03-18|2026-03-19|2026-03-20|2026-03-23|2026-03-24|2026-03-25|2026-03-26|2026-03-27|2026-03-30|2026-03-31|2026-04-01|2026-04-02|2026-04-06|2026-04-07|2026-04-08|2026-04-09|2026-04-10|2026-04-13|2026-04-14|2026-04-15|2026-04-16,2026-04-16 22:43:57,15.5
Toro Company,59|36|43|68|45|64|100|58|67|48|69|52|68|45|49|73|45|35|71|63|30|33|36|36|33|37|33|37|45|43,2026-03-05|2026-03-06|2026-03-09|2026-03-10|2026-03-11|2026-03-12|2026-03-13|2026-03-16|2026-03-17|2026-03-18|2026-03-19|2026-03-20|2026-03-23|2026-03-24|2026-03-25|2026-03-26|2026-03-27|2026-03-30|2026-03-31|2026-04-01|2026-04-02|2026-04-06|2026-04-07|2026-04-08|2026-04-09|2026-04-10|2026-04-13|2026-04-14|2026-04-15|2026-04-16,2026-04-16 22:43:59,50.7
Zoom Video Communications,0|0|0|0|0|0|0|0|0|0|0|0|0|100|0|0|0|0|0|0|8|12|12|11|15|10|11|0|24|13,2026-03-05|2026-03-06|2026-03-09|2026-03-10|2026-03-11|2026-03-12|2026-03-13|2026-03-16|2026-03-17|2026-03-18|2026-03-19|2026-03-20|2026-03-23|2026-03-24|2026-03-25|2026-03-26|2026-03-27|2026-03-30|2026-03-31|2026-04-01|2026-04-02|2026-04-06|2026-04-07|2026-04-08|2026-04-09|2026-04-10|2026-04-13|2026-04-14|2026-04-15|2026-04-16,2026-04-16 22:44:03,7.2
Tetra Tech,70|61|42|59|44|76|45|34|35|89|68|63|86|44|100|71|71|66|67|64|42|37|41|43|45|42|41|43|45|41,2026-03-05|2026-03-06|2026-03-09|2026-03-10|2026-03-11|2026-03-12|2026-03-13|2026-03-16|2026-03-17|2026-03-18|2026-03-19|2026-03-20|2026-03-23|2026-03-24|2026-03-25|2026-03-26|2026-03-27|2026-03-30|2026-03-31|2026-04-01|2026-04-02|2026-04-06|2026-04-07|2026-04-08|2026-04-09|2026-04-10|2026-04-13|2026-04-14|2026-04-15|2026-04-16,2026-04-16 22:44:07,55.8
Public Storage,83|82|76|77|71|76|77|90|74|78|75|80|78|69|80|86|87|85|94|100|77|72|61|60|61|58|56|53|55|53,2026-03-05|2026-03-06|2026-03-09|2026-03-10|2026-03-11|2026-03-12|2026-03-13|2026-03-16|2026-03-17|2026-03-18|2026-03-19|2026-03-20|2026-03-23|2026-03-24|2026-03-25|2026-03-26|2026-03-27|2026-03-30|2026-03-31|2026-04-01|2026-04-02|2026-04-06|2026-04-07|2026-04-08|2026-04-09|2026-04-10|2026-04-13|2026-04-14|2026-04-15|2026-04-16,2026-04-16 22:44:10,74.1
Illumina Inc,0|0|0|0|0|0|0|0|0|0|0|0|0|0|0|0|0|0|0|0|0|56|60|71|0|0|66|100|0|77,2026-03-05|2026-03-06|2026-03-09|2026-03-10|2026-03-11|2026-03-12|2026-03-13|2026-03-16|2026-03-17|2026-03-18|2026-03-19|2026-03-20|2026-03-23|2026-03-24|2026-03-25|2026-03-26|2026-03-27|2026-03-30|2026-03-31|2026-04-01|2026-04-02|2026-04-06|2026-04-07|2026-04-08|2026-04-09|2026-04-10|2026-04-13|2026-04-14|2026-04-15|2026-04-16,2026-04-16 22:44:14,14.3
Ventas Inc,0|0|0|0|0|0|0|0|0|0|0|0|0|0|0|0|0|0|0|0|54|100|0|0|77|74|0|63|76|82,2026-03-05|2026-03-06|2026-03-09|2026-03-10|2026-03-11|2026-03-12|2026-03-13|2026-03-16|2026-03-17|2026-03-18|2026-03-19|2026-03-20|2026-03-23|2026-03-24|2026-03-25|2026-03-26|2026-03-27|2026-03-30|2026-03-31|2026-04-01|2026-04-02|2026-04-06|2026-04-07|2026-04-08|2026-04-09|2026-04-10|2026-04-13|2026-04-14|2026-04-15|2026-04-16,2026-04-16 22:44:18,17.5
FMC Corporation,100|0|0|0|0|0|0|0|0|0|0|0|0|0|0|0|0|0|0|0|15|14|11|19|20|16|14|16|16|15,2026-03-05|2026-03-06|2026-03-09|2026-03-10|2026-03-11|2026-03-12|2026-03-13|2026-03-16|2026-03-17|2026-03-18|2026-03-19|2026-03-20|2026-03-23|2026-03-24|2026-03-25|2026-03-26|2026-03-27|2026-03-30|2026-03-31|2026-04-01|2026-04-02|2026-04-06|2026-04-07|2026-04-08|2026-04-09|2026-04-10|2026-04-13|2026-04-14|2026-04-15|2026-04-16,2026-04-16 22:44:21,8.5
ArcBest,59|73|77|71|72|73|51|0|44|65|42|55|60|100|51|41|58|61|69|46|52|55|51|58|54|43|54|59|59|52,2026-03-05|2026-03-06|2026-03-09|2026-03-10|2026-03-11|2026-03-12|2026-03-13|2026-03-16|2026-03-17|2026-03-18|2026-03-19|2026-03-20|2026-03-23|2026-03-24|2026-03-25|2026-03-26|2026-03-27|2026-03-30|2026-03-31|2026-04-01|2026-04-02|2026-04-06|2026-04-07|2026-04-08|2026-04-09|2026-04-10|2026-04-13|2026-04-14|2026-04-15|2026-04-16,2026-04-16 22:44:24,56.8
Dominos Pizza Inc,0|0|0|0|0|0|0|0|0|0|0|0|0|0|0|0|0|0|0|0|0|0|75|0|0|0|0|0|0|100,2026-03-05|2026-03-06|2026-03-09|2026-03-10|2026-03-11|2026-03-12|2026-03-13|2026-03-16|2026-03-17|2026-03-18|2026-03-19|2026-03-20|2026-03-23|2026-03-24|2026-03-25|2026-03-26|2026-03-27|2026-03-30|2026-03-31|2026-04-01|2026-04-02|2026-04-06|2026-04-07|2026-04-08|2026-04-09|2026-04-10|2026-04-13|2026-04-14|2026-04-15|2026-04-16,2026-04-16 22:44:28,5.8
ASGN,0|0|0|0|0|0|0|0|0|0|0|0|0|0|0|0|0|0|0|0|87|56|88|82|90|74|81|100|62|92,2026-03-05|2026-03-06|2026-03-09|2026-03-10|2026-03-11|2026-03-12|2026-03-13|2026-03-16|2026-03-17|2026-03-18|2026-03-19|2026-03-20|2026-03-23|2026-03-24|2026-03-25|2026-03-26|2026-03-27|2026-03-30|2026-03-31|2026-04-01|2026-04-02|2026-04-06|2026-04-07|2026-04-08|2026-04-09|2026-04-10|2026-04-13|2026-04-14|2026-04-15|2026-04-16,2026-04-16 22:44:31,27.1
Rivian Automotive,0|95|0|0|0|0|0|0|0|0|100|0|0|0|0|0|0|0|0|0|39|34|27|30|28|23|30|38|35|27,2026-03-05|2026-03-06|2026-03-09|2026-03-10|2026-03-11|2026-03-12|2026-03-13|2026-03-16|2026-03-17|2026-03-18|2026-03-19|2026-03-20|2026-03-23|2026-03-24|2026-03-25|2026-03-26|2026-03-27|2026-03-30|2026-03-31|2026-04-01|2026-04-02|2026-04-06|2026-04-07|2026-04-08|2026-04-09|2026-04-10|2026-04-13|2026-04-14|2026-04-15|2026-04-16,2026-04-16 22:44:35,16.9
Elanco Animal Health,0|0|0|0|0|0|0|0|0|0|0|0|0|0|0|0|0|0|0|100|18|30|16|29|17|14|10|22|20|18,2026-03-05|2026-03-06|2026-03-09|2026-03-10|2026-03-11|2026-03-12|2026-03-13|2026-03-16|2026-03-17|2026-03-18|2026-03-19|2026-03-20|2026-03-23|2026-03-24|2026-03-25|2026-03-26|2026-03-27|2026-03-30|2026-03-31|2026-04-01|2026-04-02|2026-04-06|2026-04-07|2026-04-08|2026-04-09|2026-04-10|2026-04-13|2026-04-14|2026-04-15|2026-04-16,2026-04-16 22:44:39,9.8
Graham Holdings Company,0|0|0|0|0|0|0|0|0|0|0|0|0|0|0|0|0|0|0|0|100|0|0|0|0|0|0|0|0|0,2026-03-05|2026-03-06|2026-03-09|2026-03-10|2026-03-11|2026-03-12|2026-03-13|2026-03-16|2026-03-17|2026-03-18|2026-03-19|2026-03-20|2026-03-23|2026-03-24|2026-03-25|2026-03-26|2026-03-27|2026-03-30|2026-03-31|2026-04-01|2026-04-02|2026-04-06|2026-04-07|2026-04-08|2026-04-09|2026-04-10|2026-04-13|2026-04-14|2026-04-15|2026-04-16,2026-04-16 22:44:43,3.3
Floor & Decor,35|29|38|22|28|23|24|22|29|28|33|32|46|46|39|43|51|58|77|100|42|44|44|43|45|45|41|44|47|44,2026-03-05|2026-03-06|2026-03-09|2026-03-10|2026-03-11|2026-03-12|2026-03-13|2026-03-16|2026-03-17|2026-03-18|2026-03-19|2026-03-20|2026-03-23|2026-03-24|2026-03-25|2026-03-26|2026-03-27|2026-03-30|2026-03-31|2026-04-01|2026-04-02|2026-04-06|2026-04-07|2026-04-08|2026-04-09|2026-04-10|2026-04-13|2026-04-14|2026-04-15|2026-04-16,2026-04-16 22:44:46,41.4
Applied Industrial Technologies,0|57|62|0|0|89|63|67|78|96|61|0|0|76|100|60|75|93|70|0|47|46|48|43|46|40|44|46|45|36,2026-03-05|2026-03-06|2026-03-09|2026-03-10|2026-03-11|2026-03-12|2026-03-13|2026-03-16|2026-03-17|2026-03-18|2026-03-19|2026-03-20|2026-03-23|2026-03-24|2026-03-25|2026-03-26|2026-03-27|2026-03-30|2026-03-31|2026-04-01|2026-04-02|2026-04-06|2026-04-07|2026-04-08|2026-04-09|2026-04-10|2026-04-13|2026-04-14|2026-04-15|2026-04-16,2026-04-16 22:44:50,49.6
PriceSmart,82|97|91|74|71|62|56|55|77|57|100|65|76|58|87|95|48|64|82|79|49|57|61|59|48|62|47|50|46|45,2026-03-05|2026-03-06|2026-03-09|2026-03-10|2026-03-11|2026-03-12|2026-03-13|2026-03-16|2026-03-17|2026-03-18|2026-03-19|2026-03-20|2026-03-23|2026-03-24|2026-03-25|2026-03-26|2026-03-27|2026-03-30|2026-03-31|2026-04-01|2026-04-02|2026-04-06|2026-04-07|2026-04-08|2026-04-09|2026-04-10|2026-04-13|2026-04-14|2026-04-15|2026-04-16,2026-04-16 22:44:54,66.7
Lyft,88|90|91|89|80|88|88|90|88|88|86|90|85|80|85|89|90|78|88|92|79|81|78|76|89|82|81|77|78|80,2026-03-05|2026-03-06|2026-03-09|2026-03-10|2026-03-11|2026-03-12|2026-03-13|2026-03-16|2026-03-17|2026-03-18|2026-03-19|2026-03-20|2026-03-23|2026-03-24|2026-03-25|2026-03-26|2026-03-27|2026-03-30|2026-03-31|2026-04-01|2026-04-02|2026-04-06|2026-04-07|2026-04-08|2026-04-09|2026-04-10|2026-04-13|2026-04-14|2026-04-15|2026-04-16,2026-04-16 22:44:57,84.8
Ciena,100|46|30|44|44|41|33|40|47|48|65|54|46|50|53|53|39|38|44|49|44|34|34|43|42|35|34|36|34|36,2026-03-05|2026-03-06|2026-03-09|2026-03-10|2026-03-11|2026-03-12|2026-03-13|2026-03-16|2026-03-17|2026-03-18|2026-03-19|2026-03-20|2026-03-23|2026-03-24|2026-03-25|2026-03-26|2026-03-27|2026-03-30|2026-03-31|2026-04-01|2026-04-02|2026-04-06|2026-04-07|2026-04-08|2026-04-09|2026-04-10|2026-04-13|2026-04-14|2026-04-15|2026-04-16,2026-04-16 22:45:01,44.5
IAC inc,0|0|0|0|0|0|0|0|0|0|0|0|0|0|0|0|0|0|0|0|83|86|0|81|0|0|87|65|0|100,2026-03-05|2026-03-06|2026-03-09|2026-03-10|2026-03-11|2026-03-12|2026-03-13|2026-03-16|2026-03-17|2026-03-18|2026-03-19|2026-03-20|2026-03-23|2026-03-24|2026-03-25|2026-03-26|2026-03-27|2026-03-30|2026-03-31|2026-04-01|2026-04-02|2026-04-06|2026-04-07|2026-04-08|2026-04-09|2026-04-10|2026-04-13|2026-04-14|2026-04-15|2026-04-16,2026-04-16 22:45:04,16.7
Western Union,93|93|92|91|88|98|100|92|89|90|92|95|86|87|88|85|89|88|92|93|81|82|81|84|87|94|83|85|86|80,2026-03-05|2026-03-06|2026-03-09|2026-03-10|2026-03-11|2026-03-12|2026-03-13|2026-03-16|2026-03-17|2026-03-18|2026-03-19|2026-03-20|2026-03-23|2026-03-24|2026-03-25|2026-03-26|2026-03-27|2026-03-30|2026-03-31|2026-04-01|2026-04-02|2026-04-06|2026-04-07|2026-04-08|2026-04-09|2026-04-10|2026-04-13|2026-04-14|2026-04-15|2026-04-16,2026-04-16 22:45:07,88.8
Flowserve,97|75|79|87|81|59|74|48|66|60|97|65|97|64|95|69|79|63|42|100|48|55|59|55|53|40|51|55|63|46,2026-03-05|2026-03-06|2026-03-09|2026-03-10|2026-03-11|2026-03-12|2026-03-13|2026-03-16|2026-03-17|2026-03-18|2026-03-19|2026-03-20|2026-03-23|2026-03-24|2026-03-25|2026-03-26|2026-03-27|2026-03-30|2026-03-31|2026-04-01|2026-04-02|2026-04-06|2026-04-07|2026-04-08|2026-04-09|2026-04-10|2026-04-13|2026-04-14|2026-04-15|2026-04-16,2026-04-16 22:45:11,67.4
Western Alliance Bancorp,,2026-03-05|2026-03-06|2026-03-09|2026-03-10|2026-03-11|2026-03-12|2026-03-13|2026-03-16|2026-03-17|2026-03-18|2026-03-19|2026-03-20|2026-03-23|2026-03-24|2026-03-25|2026-03-26|2026-03-27|2026-03-30|2026-03-31|2026-04-01|2026-04-02|2026-04-06|2026-04-07|2026-04-08|2026-04-09|2026-04-10|2026-04-13|2026-04-14|2026-04-15|2026-04-16,2026-04-16 22:45:13,0.0
Option Care Health,65|63|80|53|61|69|100|84|57|51|68|75|70|68|61|63|72|50|72|75|38|56|52|48|52|44|56|55|51|51,2026-03-05|2026-03-06|2026-03-09|2026-03-10|2026-03-11|2026-03-12|2026-03-13|2026-03-16|2026-03-17|2026-03-18|2026-03-19|2026-03-20|2026-03-23|2026-03-24|2026-03-25|2026-03-26|2026-03-27|2026-03-30|2026-03-31|2026-04-01|2026-04-02|2026-04-06|2026-04-07|2026-04-08|2026-04-09|2026-04-10|2026-04-13|2026-04-14|2026-04-15|2026-04-16,2026-04-16 22:45:14,62.0
SiteOne Landscape Supply,68|46|90|96|61|63|85|73|63|100|45|76|90|39|51|50|98|82|70|62|59|73|63|63|69|63|69|65|59|64,2026-03-05|2026-03-06|2026-03-09|2026-03-10|2026-03-11|2026-03-12|2026-03-13|2026-03-16|2026-03-17|2026-03-18|2026-03-19|2026-03-20|2026-03-23|2026-03-24|2026-03-25|2026-03-26|2026-03-27|2026-03-30|2026-03-31|2026-04-01|2026-04-02|2026-04-06|2026-04-07|2026-04-08|2026-04-09|2026-04-10|2026-04-13|2026-04-14|2026-04-15|2026-04-16,2026-04-16 22:45:18,68.5
eXp World,64|53|0|56|0|0|0|100|51|51|59|0|44|0|0|51|61|63|80|67|30|29|32|31|29|28|24|40|38|31,2026-03-05|2026-03-06|2026-03-09|2026-03-10|2026-03-11|2026-03-12|2026-03-13|2026-03-16|2026-03-17|2026-03-18|2026-03-19|2026-03-20|2026-03-23|2026-03-24|2026-03-25|2026-03-26|2026-03-27|2026-03-30|2026-03-31|2026-04-01|2026-04-02|2026-04-06|2026-04-07|2026-04-08|2026-04-09|2026-04-10|2026-04-13|2026-04-14|2026-04-15|2026-04-16,2026-04-16 22:45:21,37.1
Abercrombie & Fitch,4|2|3|2|2|3|3|2|3|4|8|21|28|30|23|31|40|49|72|100|37|26|33|35|39|38|30|34|45|47,2026-03-05|2026-03-06|2026-03-09|2026-03-10|2026-03-11|2026-03-12|2026-03-13|2026-03-16|2026-03-17|2026-03-18|2026-03-19|2026-03-20|2026-03-23|2026-03-24|2026-03-25|2026-03-26|2026-03-27|2026-03-30|2026-03-31|2026-04-01|2026-04-02|2026-04-06|2026-04-07|2026-04-08|2026-04-09|2026-04-10|2026-04-13|2026-04-14|2026-04-15|2026-04-16,2026-04-16 22:45:24,26.5
Atmos Energy,93|92|76|73|86|93|84|86|78|77|70|88|76|81|70|74|74|80|71|100|85|80|83|84|80|81|75|73|78|76,2026-03-05|2026-03-06|2026-03-09|2026-03-10|2026-03-11|2026-03-12|2026-03-13|2026-03-16|2026-03-17|2026-03-18|2026-03-19|2026-03-20|2026-03-23|2026-03-24|2026-03-25|2026-03-26|2026-03-27|2026-03-30|2026-03-31|2026-04-01|2026-04-02|2026-04-06|2026-04-07|2026-04-08|2026-04-09|2026-04-10|2026-04-13|2026-04-14|2026-04-15|2026-04-16,2026-04-16 22:45:28,80.6
Brown & Brown,11|9|9|10|8|9|7|9|10|11|14|22|29|33|26|37|49|64|85|100|45|42|44|44|48|51|43|50|57|62,2026-03-05|2026-03-06|2026-03-09|2026-03-10|2026-03-11|2026-03-12|2026-03-13|2026-03-16|2026-03-17|2026-03-18|2026-03-19|2026-03-20|2026-03-23|2026-03-24|2026-03-25|2026-03-26|2026-03-27|2026-03-30|2026-03-31|2026-04-01|2026-04-02|2026-04-06|2026-04-07|2026-04-08|2026-04-09|2026-04-10|2026-04-13|2026-04-14|2026-04-15|2026-04-16,2026-04-16 22:45:30,34.6
GoDaddy,83|84|82|84|96|94|89|95|94|100|88|84|91|84|90|86|88|86|89|85|65|65|66|68|64|61|67|67|64|62,2026-03-05|2026-03-06|2026-03-09|2026-03-10|2026-03-11|2026-03-12|2026-03-13|2026-03-16|2026-03-17|2026-03-18|2026-03-19|2026-03-20|2026-03-23|2026-03-24|2026-03-25|2026-03-26|2026-03-27|2026-03-30|2026-03-31|2026-04-01|2026-04-02|2026-04-06|2026-04-07|2026-04-08|2026-04-09|2026-04-10|2026-04-13|2026-04-14|2026-04-15|2026-04-16,2026-04-16 22:45:34,80.7
American Water Works,18|21|14|14|19|21|18|21|31|31|38|100|28|20|30|32|25|18|27|27|6|6|7|8|7|6|6|6|6|7,2026-03-05|2026-03-06|2026-03-09|2026-03-10|2026-03-11|2026-03-12|2026-03-13|2026-03-16|2026-03-17|2026-03-18|2026-03-19|2026-03-20|2026-03-23|2026-03-24|2026-03-25|2026-03-26|2026-03-27|2026-03-30|2026-03-31|2026-04-01|2026-04-02|2026-04-06|2026-04-07|2026-04-08|2026-04-09|2026-04-10|2026-04-13|2026-04-14|2026-04-15|2026-04-16,2026-04-16 22:45:38,20.6
Selective Insurance Group,78|0|0|0|0|100|0|0|0|0|0|0|0|0|0|0|0|0|0|0|7|7|6|5|10|7|8|5|8|0,2026-03-05|2026-03-06|2026-03-09|2026-03-10|2026-03-11|2026-03-12|2026-03-13|2026-03-16|2026-03-17|2026-03-18|2026-03-19|2026-03-20|2026-03-23|2026-03-24|2026-03-25|2026-03-26|2026-03-27|2026-03-30|2026-03-31|2026-04-01|2026-04-02|2026-04-06|2026-04-07|2026-04-08|2026-04-09|2026-04-10|2026-04-13|2026-04-14|2026-04-15|2026-04-16,2026-04-16 22:45:41,8.0
Advantage Solutions,82|100|74|82|87|78|72|58|37|85|74|97|83|80|78|75|59|94|91|88|58|61|65|63|58|54|60|59|56|59,2026-03-05|2026-03-06|2026-03-09|2026-03-10|2026-03-11|2026-03-12|2026-03-13|2026-03-16|2026-03-17|2026-03-18|2026-03-19|2026-03-20|2026-03-23|2026-03-24|2026-03-25|2026-03-26|2026-03-27|2026-03-30|2026-03-31|2026-04-01|2026-04-02|2026-04-06|2026-04-07|2026-04-08|2026-04-09|2026-04-10|2026-04-13|2026-04-14|2026-04-15|2026-04-16,2026-04-16 22:45:45,72.2
ResMed,72|62|69|65|64|65|64|65|78|73|67|67|72|71|68|76|80|81|98|100|72|79|75|80|75|76|75|73|77|78,2026-03-05|2026-03-06|2026-03-09|2026-03-10|2026-03-11|2026-03-12|2026-03-13|2026-03-16|2026-03-17|2026-03-18|2026-03-19|2026-03-20|2026-03-23|2026-03-24|2026-03-25|2026-03-26|2026-03-27|2026-03-30|2026-03-31|2026-04-01|2026-04-02|2026-04-06|2026-04-07|2026-04-08|2026-04-09|2026-04-10|2026-04-13|2026-04-14|2026-04-15|2026-04-16,2026-04-16 22:45:59,73.9
Plexus Corp,0|0|0|0|0|0|100|0|0|0|0|0|0|0|0|0|0|0|0|0|0|0|5|6|5|0|3|4|4|0,2026-03-05|2026-03-06|2026-03-09|2026-03-10|2026-03-11|2026-03-12|2026-03-13|2026-03-16|2026-03-17|2026-03-18|2026-03-19|2026-03-20|2026-03-23|2026-03-24|2026-03-25|2026-03-26|2026-03-27|2026-03-30|2026-03-31|2026-04-01|2026-04-02|2026-04-06|2026-04-07|2026-04-08|2026-04-09|2026-04-10|2026-04-13|2026-04-14|2026-04-15|2026-04-16,2026-04-16 22:46:03,4.2
Hub Group,69|74|68|79|82|70|71|79|83|91|100|90|85|85|95|81|68|69|84|81|40|45|43|41|45|37|40|42|43|44,2026-03-05|2026-03-06|2026-03-09|2026-03-10|2026-03-11|2026-03-12|2026-03-13|2026-03-16|2026-03-17|2026-03-18|2026-03-19|2026-03-20|2026-03-23|2026-03-24|2026-03-25|2026-03-26|2026-03-27|2026-03-30|2026-03-31|2026-04-01|2026-04-02|2026-04-06|2026-04-07|2026-04-08|2026-04-09|2026-04-10|2026-04-13|2026-04-14|2026-04-15|2026-04-16,2026-04-16 22:46:06,67.5
Lincoln Electric,42|35|35|38|31|37|43|36|38|39|41|40|48|44|52|47|50|56|67|100|43|43|44|46|47|47|46|47|50|51,2026-03-05|2026-03-06|2026-03-09|2026-03-10|2026-03-11|2026-03-12|2026-03-13|2026-03-16|2026-03-17|2026-03-18|2026-03-19|2026-03-20|2026-03-23|2026-03-24|2026-03-25|2026-03-26|2026-03-27|2026-03-30|2026-03-31|2026-04-01|2026-04-02|2026-04-06|2026-04-07|2026-04-08|2026-04-09|2026-04-10|2026-04-13|2026-04-14|2026-04-15|2026-04-16,2026-04-16 22:46:09,46.1
NCR Atleos,,2026-03-05|2026-03-06|2026-03-09|2026-03-10|2026-03-11|2026-03-12|2026-03-13|2026-03-16|2026-03-17|2026-03-18|2026-03-19|2026-03-20|2026-03-23|2026-03-24|2026-03-25|2026-03-26|2026-03-27|2026-03-30|2026-03-31|2026-04-01|2026-04-02|2026-04-06|2026-04-07|2026-04-08|2026-04-09|2026-04-10|2026-04-13|2026-04-14|2026-04-15|2026-04-16,2026-04-16 22:46:43,0.0
Calumet Inc,,2026-03-05|2026-03-06|2026-03-09|2026-03-10|2026-03-11|2026-03-12|2026-03-13|2026-03-16|2026-03-17|2026-03-18|2026-03-19|2026-03-20|2026-03-23|2026-03-24|2026-03-25|2026-03-26|2026-03-27|2026-03-30|2026-03-31|2026-04-01|2026-04-02|2026-04-06|2026-04-07|2026-04-08|2026-04-09|2026-04-10|2026-04-13|2026-04-14|2026-04-15|2026-04-16,2026-04-16 22:47:25,0.0
Dycom Industries,,2026-03-05|2026-03-06|2026-03-09|2026-03-10|2026-03-11|2026-03-12|2026-03-13|2026-03-16|2026-03-17|2026-03-18|2026-03-19|2026-03-20|2026-03-23|2026-03-24|2026-03-25|2026-03-26|2026-03-27|2026-03-30|2026-03-31|2026-04-01|2026-04-02|2026-04-06|2026-04-07|2026-04-08|2026-04-09|2026-04-10|2026-04-13|2026-04-14|2026-04-15|2026-04-16,2026-04-16 22:47:35,0.0
Valmont Industries,,2026-03-05|2026-03-06|2026-03-09|2026-03-10|2026-03-11|2026-03-12|2026-03-13|2026-03-16|2026-03-17|2026-03-18|2026-03-19|2026-03-20|2026-03-23|2026-03-24|2026-03-25|2026-03-26|2026-03-27|2026-03-30|2026-03-31|2026-04-01|2026-04-02|2026-04-06|2026-04-07|2026-04-08|2026-04-09|2026-04-10|2026-04-13|2026-04-14|2026-04-15|2026-04-16,2026-04-16 22:47:35,0.0
ATI Inc,,2026-03-05|2026-03-06|2026-03-09|2026-03-10|2026-03-11|2026-03-12|2026-03-13|2026-03-16|2026-03-17|2026-03-18|2026-03-19|2026-03-20|2026-03-23|2026-03-24|2026-03-25|2026-03-26|2026-03-27|2026-03-30|2026-03-31|2026-04-01|2026-04-02|2026-04-06|2026-04-07|2026-04-08|2026-04-09|2026-04-10|2026-04-13|2026-04-14|2026-04-15|2026-04-16,2026-04-16 22:47:35,0.0
Twilio,,2026-03-05|2026-03-06|2026-03-09|2026-03-10|2026-03-11|2026-03-12|2026-03-13|2026-03-16|2026-03-17|2026-03-18|2026-03-19|2026-03-20|2026-03-23|2026-03-24|2026-03-25|2026-03-26|2026-03-27|2026-03-30|2026-03-31|2026-04-01|2026-04-02|2026-04-06|2026-04-07|2026-04-08|2026-04-09|2026-04-10|2026-04-13|2026-04-14|2026-04-15|2026-04-16,2026-04-16 22:47:35,0.0
CNO Financial Group,,2026-03-05|2026-03-06|2026-03-09|2026-03-10|2026-03-11|2026-03-12|2026-03-13|2026-03-16|2026-03-17|2026-03-18|2026-03-19|2026-03-20|2026-03-23|2026-03-24|2026-03-25|2026-03-26|2026-03-27|2026-03-30|2026-03-31|2026-04-01|2026-04-02|2026-04-06|2026-04-07|2026-04-08|2026-04-09|2026-04-10|2026-04-13|2026-04-14|2026-04-15|2026-04-16,2026-04-16 22:47:35,0.0
Patterson-UTI Energy,,2026-03-05|2026-03-06|2026-03-09|2026-03-10|2026-03-11|2026-03-12|2026-03-13|2026-03-16|2026-03-17|2026-03-18|2026-03-19|2026-03-20|2026-03-23|2026-03-24|2026-03-25|2026-03-26|2026-03-27|2026-03-30|2026-03-31|2026-04-01|2026-04-02|2026-04-06|2026-04-07|2026-04-08|2026-04-09|2026-04-10|2026-04-13|2026-04-14|2026-04-15|2026-04-16,2026-04-16 22:47:35,0.0
Brinker International,,2026-03-05|2026-03-06|2026-03-09|2026-03-10|2026-03-11|2026-03-12|2026-03-13|2026-03-16|2026-03-17|2026-03-18|2026-03-19|2026-03-20|2026-03-23|2026-03-24|2026-03-25|2026-03-26|2026-03-27|2026-03-30|2026-03-31|2026-04-01|2026-04-02|2026-04-06|2026-04-07|2026-04-08|2026-04-09|2026-04-10|2026-04-13|2026-04-14|2026-04-15|2026-04-16,2026-04-16 22:47:35,0.0
Charles River Laboratories International,,2026-03-05|2026-03-06|2026-03-09|2026-03-10|2026-03-11|2026-03-12|2026-03-13|2026-03-16|2026-03-17|2026-03-18|2026-03-19|2026-03-20|2026-03-23|2026-03-24|2026-03-25|2026-03-26|2026-03-27|2026-03-30|2026-03-31|2026-04-01|2026-04-02|2026-04-06|2026-04-07|2026-04-08|2026-04-09|2026-04-10|2026-04-13|2026-04-14|2026-04-15|2026-04-16,2026-04-16 22:47:35,0.0
Hyster-Yale,,2026-03-05|2026-03-06|2026-03-09|2026-03-10|2026-03-11|2026-03-12|2026-03-13|2026-03-16|2026-03-17|2026-03-18|2026-03-19|2026-03-20|2026-03-23|2026-03-24|2026-03-25|2026-03-26|2026-03-27|2026-03-30|2026-03-31|2026-04-01|2026-04-02|2026-04-06|2026-04-07|2026-04-08|2026-04-09|2026-04-10|2026-04-13|2026-04-14|2026-04-15|2026-04-16,2026-04-16 22:47:35,0.0
Brighthouse Financial,,2026-03-05|2026-03-06|2026-03-09|2026-03-10|2026-03-11|2026-03-12|2026-03-13|2026-03-16|2026-03-17|2026-03-18|2026-03-19|2026-03-20|2026-03-23|2026-03-24|2026-03-25|2026-03-26|2026-03-27|2026-03-30|2026-03-31|2026-04-01|2026-04-02|2026-04-06|2026-04-07|2026-04-08|2026-04-09|2026-04-10|2026-04-13|2026-04-14|2026-04-15|2026-04-16,2026-04-16 22:47:35,0.0
Service Corp International,,2026-03-05|2026-03-06|2026-03-09|2026-03-10|2026-03-11|2026-03-12|2026-03-13|2026-03-16|2026-03-17|2026-03-18|2026-03-19|2026-03-20|2026-03-23|2026-03-24|2026-03-25|2026-03-26|2026-03-27|2026-03-30|2026-03-31|2026-04-01|2026-04-02|2026-04-06|2026-04-07|2026-04-08|2026-04-09|2026-04-10|2026-04-13|2026-04-14|2026-04-15|2026-04-16,2026-04-16 22:47:35,0.0
CrossAmerica Partners,,2026-03-05|2026-03-06|2026-03-09|2026-03-10|2026-03-11|2026-03-12|2026-03-13|2026-03-16|2026-03-17|2026-03-18|2026-03-19|2026-03-20|2026-03-23|2026-03-24|2026-03-25|2026-03-26|2026-03-27|2026-03-30|2026-03-31|2026-04-01|2026-04-02|2026-04-06|2026-04-07|2026-04-08|2026-04-09|2026-04-10|2026-04-13|2026-04-14|2026-04-15|2026-04-16,2026-04-16 22:47:35,0.0
Cadence,,2026-03-05|2026-03-06|2026-03-09|2026-03-10|2026-03-11|2026-03-12|2026-03-13|2026-03-16|2026-03-17|2026-03-18|2026-03-19|2026-03-20|2026-03-23|2026-03-24|2026-03-25|2026-03-26|2026-03-27|2026-03-30|2026-03-31|2026-04-01|2026-04-02|2026-04-06|2026-04-07|2026-04-08|2026-04-09|2026-04-10|2026-04-13|2026-04-14|2026-04-15|2026-04-16,2026-04-16 22:47:35,0.0
MillerKnoll,,2026-03-05|2026-03-06|2026-03-09|2026-03-10|2026-03-11|2026-03-12|2026-03-13|2026-03-16|2026-03-17|2026-03-18|2026-03-19|2026-03-20|2026-03-23|2026-03-24|2026-03-25|2026-03-26|2026-03-27|2026-03-30|2026-03-31|2026-04-01|2026-04-02|2026-04-06|2026-04-07|2026-04-08|2026-04-09|2026-04-10|2026-04-13|2026-04-14|2026-04-15|2026-04-16,2026-04-16 22:47:35,0.0
Realty Income,,2026-03-05|2026-03-06|2026-03-09|2026-03-10|2026-03-11|2026-03-12|2026-03-13|2026-03-16|2026-03-17|2026-03-18|2026-03-19|2026-03-20|2026-03-23|2026-03-24|2026-03-25|2026-03-26|2026-03-27|2026-03-30|2026-03-31|2026-04-01|2026-04-02|2026-04-06|2026-04-07|2026-04-08|2026-04-09|2026-04-10|2026-04-13|2026-04-14|2026-04-15|2026-04-16,2026-04-16 22:47:35,0.0
Middleby,,2026-03-05|2026-03-06|2026-03-09|2026-03-10|2026-03-11|2026-03-12|2026-03-13|2026-03-16|2026-03-17|2026-03-18|2026-03-19|2026-03-20|2026-03-23|2026-03-24|2026-03-25|2026-03-26|2026-03-27|2026-03-30|2026-03-31|2026-04-01|2026-04-02|2026-04-06|2026-04-07|2026-04-08|2026-04-09|2026-04-10|2026-04-13|2026-04-14|2026-04-15|2026-04-16,2026-04-16 22:47:35,0.0
M/I Homes,,2026-03-05|2026-03-06|2026-03-09|2026-03-10|2026-03-11|2026-03-12|2026-03-13|2026-03-16|2026-03-17|2026-03-18|2026-03-19|2026-03-20|2026-03-23|2026-03-24|2026-03-25|2026-03-26|2026-03-27|2026-03-30|2026-03-31|2026-04-01|2026-04-02|2026-04-06|2026-04-07|2026-04-08|2026-04-09|2026-04-10|2026-04-13|2026-04-14|2026-04-15|2026-04-16,2026-04-16 22:47:35,0.0
Hologic,,2026-02-24|2026-02-25|2026-02-26|2026-02-27|2026-03-02|2026-03-03|2026-03-04|2026-03-05|2026-03-06|2026-03-09|2026-03-10|2026-03-11|2026-03-12|2026-03-13|2026-03-16|2026-03-17|2026-03-18|2026-03-19|2026-03-20|2026-03-23|2026-03-24|2026-03-25|2026-03-26|2026-03-27|2026-03-30|2026-03-31|2026-04-01|2026-04-02|2026-04-06|2026-04-07,2026-04-16 22:47:35,0.0
Alliant Energy,,2026-03-05|2026-03-06|2026-03-09|2026-03-10|2026-03-11|2026-03-12|2026-03-13|2026-03-16|2026-03-17|2026-03-18|2026-03-19|2026-03-20|2026-03-23|2026-03-24|2026-03-25|2026-03-26|2026-03-27|2026-03-30|2026-03-31|2026-04-01|2026-04-02|2026-04-06|2026-04-07|2026-04-08|2026-04-09|2026-04-10|2026-04-13|2026-04-14|2026-04-15|2026-04-16,2026-04-16 22:47:35,0.0
Generac,,2026-03-05|2026-03-06|2026-03-09|2026-03-10|2026-03-11|2026-03-12|2026-03-13|2026-03-16|2026-03-17|2026-03-18|2026-03-19|2026-03-20|2026-03-23|2026-03-24|2026-03-25|2026-03-26|2026-03-27|2026-03-30|2026-03-31|2026-04-01|2026-04-02|2026-04-06|2026-04-07|2026-04-08|2026-04-09|2026-04-10|2026-04-13|2026-04-14|2026-04-15|2026-04-16,2026-04-16 22:47:35,0.0
MSC Industrial Direct,,2026-03-05|2026-03-06|2026-03-09|2026-03-10|2026-03-11|2026-03-12|2026-03-13|2026-03-16|2026-03-17|2026-03-18|2026-03-19|2026-03-20|2026-03-23|2026-03-24|2026-03-25|2026-03-26|2026-03-27|2026-03-30|2026-03-31|2026-04-01|2026-04-02|2026-04-06|2026-04-07|2026-04-08|2026-04-09|2026-04-10|2026-04-13|2026-04-14|2026-04-15|2026-04-16,2026-04-16 22:47:35,0.0
Rocket Companies,,2026-03-05|2026-03-06|2026-03-09|2026-03-10|2026-03-11|2026-03-12|2026-03-13|2026-03-16|2026-03-17|2026-03-18|2026-03-19|2026-03-20|2026-03-23|2026-03-24|2026-03-25|2026-03-26|2026-03-27|2026-03-30|2026-03-31|2026-04-01|2026-04-02|2026-04-06|2026-04-07|2026-04-08|2026-04-09|2026-04-10|2026-04-13|2026-04-14|2026-04-15|2026-04-16,2026-04-16 22:47:35,0.0
Upbound Group,,2026-03-05|2026-03-06|2026-03-09|2026-03-10|2026-03-11|2026-03-12|2026-03-13|2026-03-16|2026-03-17|2026-03-18|2026-03-19|2026-03-20|2026-03-23|2026-03-24|2026-03-25|2026-03-26|2026-03-27|2026-03-30|2026-03-31|2026-04-01|2026-04-02|2026-04-06|2026-04-07|2026-04-08|2026-04-09|2026-04-10|2026-04-13|2026-04-14|2026-04-15|2026-04-16,2026-04-16 22:47:35,0.0
East West Bancorp,,2026-03-05|2026-03-06|2026-03-09|2026-03-10|2026-03-11|2026-03-12|2026-03-13|2026-03-16|2026-03-17|2026-03-18|2026-03-19|2026-03-20|2026-03-23|2026-03-24|2026-03-25|2026-03-26|2026-03-27|2026-03-30|2026-03-31|2026-04-01|2026-04-02|2026-04-06|2026-04-07|2026-04-08|2026-04-09|2026-04-10|2026-04-13|2026-04-14|2026-04-15|2026-04-16,2026-04-16 22:47:35,0.0
Grocery Outlet Holding,,2026-03-05|2026-03-06|2026-03-09|2026-03-10|2026-03-11|2026-03-12|2026-03-13|2026-03-16|2026-03-17|2026-03-18|2026-03-19|2026-03-20|2026-03-23|2026-03-24|2026-03-25|2026-03-26|2026-03-27|2026-03-30|2026-03-31|2026-04-01|2026-04-02|2026-04-06|2026-04-07|2026-04-08|2026-04-09|2026-04-10|2026-04-13|2026-04-14|2026-04-15|2026-04-16,2026-04-16 22:47:35,0.0
Dentsply Sirona,,2026-03-05|2026-03-06|2026-03-09|2026-03-10|2026-03-11|2026-03-12|2026-03-13|2026-03-16|2026-03-17|2026-03-18|2026-03-19|2026-03-20|2026-03-23|2026-03-24|2026-03-25|2026-03-26|2026-03-27|2026-03-30|2026-03-31|2026-04-01|2026-04-02|2026-04-06|2026-04-07|2026-04-08|2026-04-09|2026-04-10|2026-04-13|2026-04-14|2026-04-15|2026-04-16,2026-04-16 22:47:35,0.0
V2X,,2026-03-05|2026-03-06|2026-03-09|2026-03-10|2026-03-11|2026-03-12|2026-03-13|2026-03-16|2026-03-17|2026-03-18|2026-03-19|2026-03-20|2026-03-23|2026-03-24|2026-03-25|2026-03-26|2026-03-27|2026-03-30|2026-03-31|2026-04-01|2026-04-02|2026-04-06|2026-04-07|2026-04-08|2026-04-09|2026-04-10|2026-04-13|2026-04-14|2026-04-15|2026-04-16,2026-04-16 22:47:35,0.0
Crocs,,2026-03-05|2026-03-06|2026-03-09|2026-03-10|2026-03-11|2026-03-12|2026-03-13|2026-03-16|2026-03-17|2026-03-18|2026-03-19|2026-03-20|2026-03-23|2026-03-24|2026-03-25|2026-03-26|2026-03-27|2026-03-30|2026-03-31|2026-04-01|2026-04-02|2026-04-06|2026-04-07|2026-04-08|2026-04-09|2026-04-10|2026-04-13|2026-04-14|2026-04-15|2026-04-16,2026-04-16 22:47:35,0.0
Spectrum Brands,,2026-03-05|2026-03-06|2026-03-09|2026-03-10|2026-03-11|2026-03-12|2026-03-13|2026-03-16|2026-03-17|2026-03-18|2026-03-19|2026-03-20|2026-03-23|2026-03-24|2026-03-25|2026-03-26|2026-03-27|2026-03-30|2026-03-31|2026-04-01|2026-04-02|2026-04-06|2026-04-07|2026-04-08|2026-04-09|2026-04-10|2026-04-13|2026-04-14|2026-04-15|2026-04-16,2026-04-16 22:47:35,0.0
Visteon,,2026-03-05|2026-03-06|2026-03-09|2026-03-10|2026-03-11|2026-03-12|2026-03-13|2026-03-16|2026-03-17|2026-03-18|2026-03-19|2026-03-20|2026-03-23|2026-03-24|2026-03-25|2026-03-26|2026-03-27|2026-03-30|2026-03-31|2026-04-01|2026-04-02|2026-04-06|2026-04-07|2026-04-08|2026-04-09|2026-04-10|2026-04-13|2026-04-14|2026-04-15|2026-04-16,2026-04-16 22:47:35,0.0
Acuity Inc,,2026-03-05|2026-03-06|2026-03-09|2026-03-10|2026-03-11|2026-03-12|2026-03-13|2026-03-16|2026-03-17|2026-03-18|2026-03-19|2026-03-20|2026-03-23|2026-03-24|2026-03-25|2026-03-26|2026-03-27|2026-03-30|2026-03-31|2026-04-01|2026-04-02|2026-04-06|2026-04-07|2026-04-08|2026-04-09|2026-04-10|2026-04-13|2026-04-14|2026-04-15|2026-04-16,2026-04-16 22:47:35,0.0
The Greenbrier Companies,,2026-03-05|2026-03-06|2026-03-09|2026-03-10|2026-03-11|2026-03-12|2026-03-13|2026-03-16|2026-03-17|2026-03-18|2026-03-19|2026-03-20|2026-03-23|2026-03-24|2026-03-25|2026-03-26|2026-03-27|2026-03-30|2026-03-31|2026-04-01|2026-04-02|2026-04-06|2026-04-07|2026-04-08|2026-04-09|2026-04-10|2026-04-13|2026-04-14|2026-04-15|2026-04-16,2026-04-16 22:47:35,0.0
Webster Financial,,2026-03-05|2026-03-06|2026-03-09|2026-03-10|2026-03-11|2026-03-12|2026-03-13|2026-03-16|2026-03-17|2026-03-18|2026-03-19|2026-03-20|2026-03-23|2026-03-24|2026-03-25|2026-03-26|2026-03-27|2026-03-30|2026-03-31|2026-04-01|2026-04-02|2026-04-06|2026-04-07|2026-04-08|2026-04-09|2026-04-10|2026-04-13|2026-04-14|2026-04-15|2026-04-16,2026-04-16 22:47:35,0.0
Cabot Corporation,,2026-03-05|2026-03-06|2026-03-09|2026-03-10|2026-03-11|2026-03-12|2026-03-13|2026-03-16|2026-03-17|2026-03-18|2026-03-19|2026-03-20|2026-03-23|2026-03-24|2026-03-25|2026-03-26|2026-03-27|2026-03-30|2026-03-31|2026-04-01|2026-04-02|2026-04-06|2026-04-07|2026-04-08|2026-04-09|2026-04-10|2026-04-13|2026-04-14|2026-04-15|2026-04-16,2026-04-16 22:47:35,0.0
RXO Inc,,2026-03-05|2026-03-06|2026-03-09|2026-03-10|2026-03-11|2026-03-12|2026-03-13|2026-03-16|2026-03-17|2026-03-18|2026-03-19|2026-03-20|2026-03-23|2026-03-24|2026-03-25|2026-03-26|2026-03-27|2026-03-30|2026-03-31|2026-04-01|2026-04-02|2026-04-06|2026-04-07|2026-04-08|2026-04-09|2026-04-10|2026-04-13|2026-04-14|2026-04-15|2026-04-16,2026-04-16 22:47:35,0.0
Chord Energy,,2026-03-05|2026-03-06|2026-03-09|2026-03-10|2026-03-11|2026-03-12|2026-03-13|2026-03-16|2026-03-17|2026-03-18|2026-03-19|2026-03-20|2026-03-23|2026-03-24|2026-03-25|2026-03-26|2026-03-27|2026-03-30|2026-03-31|2026-04-01|2026-04-02|2026-04-06|2026-04-07|2026-04-08|2026-04-09|2026-04-10|2026-04-13|2026-04-14|2026-04-15|2026-04-16,2026-04-16 22:47:35,0.0
Popular Inc,,2026-03-05|2026-03-06|2026-03-09|2026-03-10|2026-03-11|2026-03-12|2026-03-13|2026-03-16|2026-03-17|2026-03-18|2026-03-19|2026-03-20|2026-03-23|2026-03-24|2026-03-25|2026-03-26|2026-03-27|2026-03-30|2026-03-31|2026-04-01|2026-04-02|2026-04-06|2026-04-07|2026-04-08|2026-04-09|2026-04-10|2026-04-13|2026-04-14|2026-04-15|2026-04-16,2026-04-16 22:47:35,0.0
Garrett Motion Inc,,2026-03-05|2026-03-06|2026-03-09|2026-03-10|2026-03-11|2026-03-12|2026-03-13|2026-03-16|2026-03-17|2026-03-18|2026-03-19|2026-03-20|2026-03-23|2026-03-24|2026-03-25|2026-03-26|2026-03-27|2026-03-30|2026-03-31|2026-04-01|2026-04-02|2026-04-06|2026-04-07|2026-04-08|2026-04-09|2026-04-10|2026-04-13|2026-04-14|2026-04-15|2026-04-16,2026-04-16 22:47:35,0.0
Tutor Perini Corporation,,2026-03-05|2026-03-06|2026-03-09|2026-03-10|2026-03-11|2026-03-12|2026-03-13|2026-03-16|2026-03-17|2026-03-18|2026-03-19|2026-03-20|2026-03-23|2026-03-24|2026-03-25|2026-03-26|2026-03-27|2026-03-30|2026-03-31|2026-04-01|2026-04-02|2026-04-06|2026-04-07|2026-04-08|2026-04-09|2026-04-10|2026-04-13|2026-04-14|2026-04-15|2026-04-16,2026-04-16 22:47:35,0.0
Copart,,2026-03-05|2026-03-06|2026-03-09|2026-03-10|2026-03-11|2026-03-12|2026-03-13|2026-03-16|2026-03-17|2026-03-18|2026-03-19|2026-03-20|2026-03-23|2026-03-24|2026-03-25|2026-03-26|2026-03-27|2026-03-30|2026-03-31|2026-04-01|2026-04-02|2026-04-06|2026-04-07|2026-04-08|2026-04-09|2026-04-10|2026-04-13|2026-04-14|2026-04-15|2026-04-16,2026-04-16 22:47:35,0.0
Toast Inc,,2026-03-05|2026-03-06|2026-03-09|2026-03-10|2026-03-11|2026-03-12|2026-03-13|2026-03-16|2026-03-17|2026-03-18|2026-03-19|2026-03-20|2026-03-23|2026-03-24|2026-03-25|2026-03-26|2026-03-27|2026-03-30|2026-03-31|2026-04-01|2026-04-02|2026-04-06|2026-04-07|2026-04-08|2026-04-09|2026-04-10|2026-04-13|2026-04-14|2026-04-15|2026-04-16,2026-04-16 22:47:35,0.0
Align Technology,,2026-03-05|2026-03-06|2026-03-09|2026-03-10|2026-03-11|2026-03-12|2026-03-13|2026-03-16|2026-03-17|2026-03-18|2026-03-19|2026-03-20|2026-03-23|2026-03-24|2026-03-25|2026-03-26|2026-03-27|2026-03-30|2026-03-31|2026-04-01|2026-04-02|2026-04-06|2026-04-07|2026-04-08|2026-04-09|2026-04-10|2026-04-13|2026-04-14|2026-04-15|2026-04-16,2026-04-16 22:47:35,0.0
A O Smith,,2026-03-05|2026-03-06|2026-03-09|2026-03-10|2026-03-11|2026-03-12|2026-03-13|2026-03-16|2026-03-17|2026-03-18|2026-03-19|2026-03-20|2026-03-23|2026-03-24|2026-03-25|2026-03-26|2026-03-27|2026-03-30|2026-03-31|2026-04-01|2026-04-02|2026-04-06|2026-04-07|2026-04-08|2026-04-09|2026-04-10|2026-04-13|2026-04-14|2026-04-15|2026-04-16,2026-04-16 22:47:35,0.0
TransUnion,,2026-03-05|2026-03-06|2026-03-09|2026-03-10|2026-03-11|2026-03-12|2026-03-13|2026-03-16|2026-03-17|2026-03-18|2026-03-19|2026-03-20|2026-03-23|2026-03-24|2026-03-25|2026-03-26|2026-03-27|2026-03-30|2026-03-31|2026-04-01|2026-04-02|2026-04-06|2026-04-07|2026-04-08|2026-04-09|2026-04-10|2026-04-13|2026-04-14|2026-04-15|2026-04-16,2026-04-16 22:47:35,0.0
NCR Voyix,,2026-03-05|2026-03-06|2026-03-09|2026-03-10|2026-03-11|2026-03-12|2026-03-13|2026-03-16|2026-03-17|2026-03-18|2026-03-19|2026-03-20|2026-03-23|2026-03-24|2026-03-25|2026-03-26|2026-03-27|2026-03-30|2026-03-31|2026-04-01|2026-04-02|2026-04-06|2026-04-07|2026-04-08|2026-04-09|2026-04-10|2026-04-13|2026-04-14|2026-04-15|2026-04-16,2026-04-16 22:47:35,0.0
Akamai Technologies,,2026-03-05|2026-03-06|2026-03-09|2026-03-10|2026-03-11|2026-03-12|2026-03-13|2026-03-16|2026-03-17|2026-03-18|2026-03-19|2026-03-20|2026-03-23|2026-03-24|2026-03-25|2026-03-26|2026-03-27|2026-03-30|2026-03-31|2026-04-01|2026-04-02|2026-04-06|2026-04-07|2026-04-08|2026-04-09|2026-04-10|2026-04-13|2026-04-14|2026-04-15|2026-04-16,2026-04-16 22:47:35,0.0
Trimble Inc,,2026-03-05|2026-03-06|2026-03-09|2026-03-10|2026-03-11|2026-03-12|2026-03-13|2026-03-16|2026-03-17|2026-03-18|2026-03-19|2026-03-20|2026-03-23|2026-03-24|2026-03-25|2026-03-26|2026-03-27|2026-03-30|2026-03-31|2026-04-01|2026-04-02|2026-04-06|2026-04-07|2026-04-08|2026-04-09|2026-04-10|2026-04-13|2026-04-14|2026-04-15|2026-04-16,2026-04-16 22:47:35,0.0
AMN Healthcare Services,,2026-03-05|2026-03-06|2026-03-09|2026-03-10|2026-03-11|2026-03-12|2026-03-13|2026-03-16|2026-03-17|2026-03-18|2026-03-19|2026-03-20|2026-03-23|2026-03-24|2026-03-25|2026-03-26|2026-03-27|2026-03-30|2026-03-31|2026-04-01|2026-04-02|2026-04-06|2026-04-07|2026-04-08|2026-04-09|2026-04-10|2026-04-13|2026-04-14|2026-04-15|2026-04-16,2026-04-16 22:47:35,0.0
Mettler-Toledo International,,2026-03-05|2026-03-06|2026-03-09|2026-03-10|2026-03-11|2026-03-12|2026-03-13|2026-03-16|2026-03-17|2026-03-18|2026-03-19|2026-03-20|2026-03-23|2026-03-24|2026-03-25|2026-03-26|2026-03-27|2026-03-30|2026-03-31|2026-04-01|2026-04-02|2026-04-06|2026-04-07|2026-04-08|2026-04-09|2026-04-10|2026-04-13|2026-04-14|2026-04-15|2026-04-16,2026-04-16 22:47:35,0.0
ScanSource,,2026-03-05|2026-03-06|2026-03-09|2026-03-10|2026-03-11|2026-03-12|2026-03-13|2026-03-16|2026-03-17|2026-03-18|2026-03-19|2026-03-20|2026-03-23|2026-03-24|2026-03-25|2026-03-26|2026-03-27|2026-03-30|2026-03-31|2026-04-01|2026-04-02|2026-04-06|2026-04-07|2026-04-08|2026-04-09|2026-04-10|2026-04-13|2026-04-14|2026-04-15|2026-04-16,2026-04-16 22:47:35,0.0
LCI Industries,,2026-03-05|2026-03-06|2026-03-09|2026-03-10|2026-03-11|2026-03-12|2026-03-13|2026-03-16|2026-03-17|2026-03-18|2026-03-19|2026-03-20|2026-03-23|2026-03-24|2026-03-25|2026-03-26|2026-03-27|2026-03-30|2026-03-31|2026-04-01|2026-04-02|2026-04-06|2026-04-07|2026-04-08|2026-04-09|2026-04-10|2026-04-13|2026-04-14|2026-04-15|2026-04-16,2026-04-16 22:47:35,0.0
Cboe Global Markets,,2026-03-05|2026-03-06|2026-03-09|2026-03-10|2026-03-11|2026-03-12|2026-03-13|2026-03-16|2026-03-17|2026-03-18|2026-03-19|2026-03-20|2026-03-23|2026-03-24|2026-03-25|2026-03-26|2026-03-27|2026-03-30|2026-03-31|2026-04-01|2026-04-02|2026-04-06|2026-04-07|2026-04-08|2026-04-09|2026-04-10|2026-04-13|2026-04-14|2026-04-15|2026-04-16,2026-04-16 22:47:35,0.0
Diebold Nixdorf,,2026-03-05|2026-03-06|2026-03-09|2026-03-10|2026-03-11|2026-03-12|2026-03-13|2026-03-16|2026-03-17|2026-03-18|2026-03-19|2026-03-20|2026-03-23|2026-03-24|2026-03-25|2026-03-26|2026-03-27|2026-03-30|2026-03-31|2026-04-01|2026-04-02|2026-04-06|2026-04-07|2026-04-08|2026-04-09|2026-04-10|2026-04-13|2026-04-14|2026-04-15|2026-04-16,2026-04-16 22:47:35,0.0
Corpay,,2026-03-05|2026-03-06|2026-03-09|2026-03-10|2026-03-11|2026-03-12|2026-03-13|2026-03-16|2026-03-17|2026-03-18|2026-03-19|2026-03-20|2026-03-23|2026-03-24|2026-03-25|2026-03-26|2026-03-27|2026-03-30|2026-03-31|2026-04-01|2026-04-02|2026-04-06|2026-04-07|2026-04-08|2026-04-09|2026-04-10|2026-04-13|2026-04-14|2026-04-15|2026-04-16,2026-04-16 22:47:35,0.0
iHeartMedia,,2026-03-05|2026-03-06|2026-03-09|2026-03-10|2026-03-11|2026-03-12|2026-03-13|2026-03-16|2026-03-17|2026-03-18|2026-03-19|2026-03-20|2026-03-23|2026-03-24|2026-03-25|2026-03-26|2026-03-27|2026-03-30|2026-03-31|2026-04-01|2026-04-02|2026-04-06|2026-04-07|2026-04-08|2026-04-09|2026-04-10|2026-04-13|2026-04-14|2026-04-15|2026-04-16,2026-04-16 22:47:35,0.0
Dream Finders Homes,,2026-03-05|2026-03-06|2026-03-09|2026-03-10|2026-03-11|2026-03-12|2026-03-13|2026-03-16|2026-03-17|2026-03-18|2026-03-19|2026-03-20|2026-03-23|2026-03-24|2026-03-25|2026-03-26|2026-03-27|2026-03-30|2026-03-31|2026-04-01|2026-04-02|2026-04-06|2026-04-07|2026-04-08|2026-04-09|2026-04-10|2026-04-13|2026-04-14|2026-04-15|2026-04-16,2026-04-16 22:47:35,0.0
Boyd Gaming,,2026-03-05|2026-03-06|2026-03-09|2026-03-10|2026-03-11|2026-03-12|2026-03-13|2026-03-16|2026-03-17|2026-03-18|2026-03-19|2026-03-20|2026-03-23|2026-03-24|2026-03-25|2026-03-26|2026-03-27|2026-03-30|2026-03-31|2026-04-01|2026-04-02|2026-04-06|2026-04-07|2026-04-08|2026-04-09|2026-04-10|2026-04-13|2026-04-14|2026-04-15|2026-04-16,2026-04-16 22:47:35,0.0
Ensign Group,,2026-03-05|2026-03-06|2026-03-09|2026-03-10|2026-03-11|2026-03-12|2026-03-13|2026-03-16|2026-03-17|2026-03-18|2026-03-19|2026-03-20|2026-03-23|2026-03-24|2026-03-25|2026-03-26|2026-03-27|2026-03-30|2026-03-31|2026-04-01|2026-04-02|2026-04-06|2026-04-07|2026-04-08|2026-04-09|2026-04-10|2026-04-13|2026-04-14|2026-04-15|2026-04-16,2026-04-16 22:47:35,0.0
Sally Beauty,,2026-03-05|2026-03-06|2026-03-09|2026-03-10|2026-03-11|2026-03-12|2026-03-13|2026-03-16|2026-03-17|2026-03-18|2026-03-19|2026-03-20|2026-03-23|2026-03-24|2026-03-25|2026-03-26|2026-03-27|2026-03-30|2026-03-31|2026-04-01|2026-04-02|2026-04-06|2026-04-07|2026-04-08|2026-04-09|2026-04-10|2026-04-13|2026-04-14|2026-04-15|2026-04-16,2026-04-16 22:47:35,0.0
Conduent,,2026-03-05|2026-03-06|2026-03-09|2026-03-10|2026-03-11|2026-03-12|2026-03-13|2026-03-16|2026-03-17|2026-03-18|2026-03-19|2026-03-20|2026-03-23|2026-03-24|2026-03-25|2026-03-26|2026-03-27|2026-03-30|2026-03-31|2026-04-01|2026-04-02|2026-04-06|2026-04-07|2026-04-08|2026-04-09|2026-04-10|2026-04-13|2026-04-14|2026-04-15|2026-04-16,2026-04-16 22:47:35,0.0
Sylvamo,,2026-03-05|2026-03-06|2026-03-09|2026-03-10|2026-03-11|2026-03-12|2026-03-13|2026-03-16|2026-03-17|2026-03-18|2026-03-19|2026-03-20|2026-03-23|2026-03-24|2026-03-25|2026-03-26|2026-03-27|2026-03-30|2026-03-31|2026-04-01|2026-04-02|2026-04-06|2026-04-07|2026-04-08|2026-04-09|2026-04-10|2026-04-13|2026-04-14|2026-04-15|2026-04-16,2026-04-16 22:47:35,0.0
Tri Pointe Homes,,2026-03-05|2026-03-06|2026-03-09|2026-03-10|2026-03-11|2026-03-12|2026-03-13|2026-03-16|2026-03-17|2026-03-18|2026-03-19|2026-03-20|2026-03-23|2026-03-24|2026-03-25|2026-03-26|2026-03-27|2026-03-30|2026-03-31|2026-04-01|2026-04-02|2026-04-06|2026-04-07|2026-04-08|2026-04-09|2026-04-10|2026-04-13|2026-04-14|2026-04-15|2026-04-16,2026-04-16 22:47:35,0.0
EnerSys,,2026-03-05|2026-03-06|2026-03-09|2026-03-10|2026-03-11|2026-03-12|2026-03-13|2026-03-16|2026-03-17|2026-03-18|2026-03-19|2026-03-20|2026-03-23|2026-03-24|2026-03-25|2026-03-26|2026-03-27|2026-03-30|2026-03-31|2026-04-01|2026-04-02|2026-04-06|2026-04-07|2026-04-08|2026-04-09|2026-04-10|2026-04-13|2026-04-14|2026-04-15|2026-04-16,2026-04-16 22:47:35,0.0
Incyte,,2026-03-05|2026-03-06|2026-03-09|2026-03-10|2026-03-11|2026-03-12|2026-03-13|2026-03-16|2026-03-17|2026-03-18|2026-03-19|2026-03-20|2026-03-23|2026-03-24|2026-03-25|2026-03-26|2026-03-27|2026-03-30|2026-03-31|2026-04-01|2026-04-02|2026-04-06|2026-04-07|2026-04-08|2026-04-09|2026-04-10|2026-04-13|2026-04-14|2026-04-15|2026-04-16,2026-04-16 22:47:35,0.0
Century Communities,,2026-03-05|2026-03-06|2026-03-09|2026-03-10|2026-03-11|2026-03-12|2026-03-13|2026-03-16|2026-03-17|2026-03-18|2026-03-19|2026-03-20|2026-03-23|2026-03-24|2026-03-25|2026-03-26|2026-03-27|2026-03-30|2026-03-31|2026-04-01|2026-04-02|2026-04-06|2026-04-07|2026-04-08|2026-04-09|2026-04-10|2026-04-13|2026-04-14|2026-04-15|2026-04-16,2026-04-16 22:47:35,0.0
Rithm Capital,,2026-03-05|2026-03-06|2026-03-09|2026-03-10|2026-03-11|2026-03-12|2026-03-13|2026-03-16|2026-03-17|2026-03-18|2026-03-19|2026-03-20|2026-03-23|2026-03-24|2026-03-25|2026-03-26|2026-03-27|2026-03-30|2026-03-31|2026-04-01|2026-04-02|2026-04-06|2026-04-07|2026-04-08|2026-04-09|2026-04-10|2026-04-13|2026-04-14|2026-04-15|2026-04-16,2026-04-16 22:47:35,0.0
Euronet Worldwide,,2026-03-05|2026-03-06|2026-03-09|2026-03-10|2026-03-11|2026-03-12|2026-03-13|2026-03-16|2026-03-17|2026-03-18|2026-03-19|2026-03-20|2026-03-23|2026-03-24|2026-03-25|2026-03-26|2026-03-27|2026-03-30|2026-03-31|2026-04-01|2026-04-02|2026-04-06|2026-04-07|2026-04-08|2026-04-09|2026-04-10|2026-04-13|2026-04-14|2026-04-15|2026-04-16,2026-04-16 22:47:35,0.0
Hawaiian Electric Industries,,2026-03-05|2026-03-06|2026-03-09|2026-03-10|2026-03-11|2026-03-12|2026-03-13|2026-03-16|2026-03-17|2026-03-18|2026-03-19|2026-03-20|2026-03-23|2026-03-24|2026-03-25|2026-03-26|2026-03-27|2026-03-30|2026-03-31|2026-04-01|2026-04-02|2026-04-06|2026-04-07|2026-04-08|2026-04-09|2026-04-10|2026-04-13|2026-04-14|2026-04-15|2026-04-16,2026-04-16 22:47:35,0.0
DraftKings,,2026-03-05|2026-03-06|2026-03-09|2026-03-10|2026-03-11|2026-03-12|2026-03-13|2026-03-16|2026-03-17|2026-03-18|2026-03-19|2026-03-20|2026-03-23|2026-03-24|2026-03-25|2026-03-26|2026-03-27|2026-03-30|2026-03-31|2026-04-01|2026-04-02|2026-04-06|2026-04-07|2026-04-08|2026-04-09|2026-04-10|2026-04-13|2026-04-14|2026-04-15|2026-04-16,2026-04-16 22:47:35,0.0
IDEXX Laboratories,,2026-03-05|2026-03-06|2026-03-09|2026-03-10|2026-03-11|2026-03-12|2026-03-13|2026-03-16|2026-03-17|2026-03-18|2026-03-19|2026-03-20|2026-03-23|2026-03-24|2026-03-25|2026-03-26|2026-03-27|2026-03-30|2026-03-31|2026-04-01|2026-04-02|2026-04-06|2026-04-07|2026-04-08|2026-04-09|2026-04-10|2026-04-13|2026-04-14|2026-04-15|2026-04-16,2026-04-16 22:47:35,0.0
MYR Group,,2026-03-05|2026-03-06|2026-03-09|2026-03-10|2026-03-11|2026-03-12|2026-03-13|2026-03-16|2026-03-17|2026-03-18|2026-03-19|2026-03-20|2026-03-23|2026-03-24|2026-03-25|2026-03-26|2026-03-27|2026-03-30|2026-03-31|2026-04-01|2026-04-02|2026-04-06|2026-04-07|2026-04-08|2026-04-09|2026-04-10|2026-04-13|2026-04-14|2026-04-15|2026-04-16,2026-04-16 22:47:35,0.0
Deckers Outdoor,,2026-03-05|2026-03-06|2026-03-09|2026-03-10|2026-03-11|2026-03-12|2026-03-13|2026-03-16|2026-03-17|2026-03-18|2026-03-19|2026-03-20|2026-03-23|2026-03-24|2026-03-25|2026-03-26|2026-03-27|2026-03-30|2026-03-31|2026-04-01|2026-04-02|2026-04-06|2026-04-07|2026-04-08|2026-04-09|2026-04-10|2026-04-13|2026-04-14|2026-04-15|2026-04-16,2026-04-16 22:47:35,0.0
DexCom,,2026-03-05|2026-03-06|2026-03-09|2026-03-10|2026-03-11|2026-03-12|2026-03-13|2026-03-16|2026-03-17|2026-03-18|2026-03-19|2026-03-20|2026-03-23|2026-03-24|2026-03-25|2026-03-26|2026-03-27|2026-03-30|2026-03-31|2026-04-01|2026-04-02|2026-04-06|2026-04-07|2026-04-08|2026-04-09|2026-04-10|2026-04-13|2026-04-14|2026-04-15|2026-04-16,2026-04-16 22:47:35,0.0
MKS Instruments,,2026-03-05|2026-03-06|2026-03-09|2026-03-10|2026-03-11|2026-03-12|2026-03-13|2026-03-16|2026-03-17|2026-03-18|2026-03-19|2026-03-20|2026-03-23|2026-03-24|2026-03-25|2026-03-26|2026-03-27|2026-03-30|2026-03-31|2026-04-01|2026-04-02|2026-04-06|2026-04-07|2026-04-08|2026-04-09|2026-04-10|2026-04-13|2026-04-14|2026-04-15|2026-04-16,2026-04-16 22:47:35,0.0
VICI Properties,,2026-03-05|2026-03-06|2026-03-09|2026-03-10|2026-03-11|2026-03-12|2026-03-13|2026-03-16|2026-03-17|2026-03-18|2026-03-19|2026-03-20|2026-03-23|2026-03-24|2026-03-25|2026-03-26|2026-03-27|2026-03-30|2026-03-31|2026-04-01|2026-04-02|2026-04-06|2026-04-07|2026-04-08|2026-04-09|2026-04-10|2026-04-13|2026-04-14|2026-04-15|2026-04-16,2026-04-16 22:47:35,0.0
Cooper Cos,,2026-03-05|2026-03-06|2026-03-09|2026-03-10|2026-03-11|2026-03-12|2026-03-13|2026-03-16|2026-03-17|2026-03-18|2026-03-19|2026-03-20|2026-03-23|2026-03-24|2026-03-25|2026-03-26|2026-03-27|2026-03-30|2026-03-31|2026-04-01|2026-04-02|2026-04-06|2026-04-07|2026-04-08|2026-04-09|2026-04-10|2026-04-13|2026-04-14|2026-04-15|2026-04-16,2026-04-16 22:47:35,0.0
Frontier Airlines,,2026-03-05|2026-03-06|2026-03-09|2026-03-10|2026-03-11|2026-03-12|2026-03-13|2026-03-16|2026-03-17|2026-03-18|2026-03-19|2026-03-20|2026-03-23|2026-03-24|2026-03-25|2026-03-26|2026-03-27|2026-03-30|2026-03-31|2026-04-01|2026-04-02|2026-04-06|2026-04-07|2026-04-08|2026-04-09|2026-04-10|2026-04-13|2026-04-14|2026-04-15|2026-04-16,2026-04-16 22:47:35,0.0
Qorvo,,2026-03-05|2026-03-06|2026-03-09|2026-03-10|2026-03-11|2026-03-12|2026-03-13|2026-03-16|2026-03-17|2026-03-18|2026-03-19|2026-03-20|2026-03-23|2026-03-24|2026-03-25|2026-03-26|2026-03-27|2026-03-30|2026-03-31|2026-04-01|2026-04-02|2026-04-06|2026-04-07|2026-04-08|2026-04-09|2026-04-10|2026-04-13|2026-04-14|2026-04-15|2026-04-16,2026-04-16 22:47:35,0.0
Five Below,,2026-03-05|2026-03-06|2026-03-09|2026-03-10|2026-03-11|2026-03-12|2026-03-13|2026-03-16|2026-03-17|2026-03-18|2026-03-19|2026-03-20|2026-03-23|2026-03-24|2026-03-25|2026-03-26|2026-03-27|2026-03-30|2026-03-31|2026-04-01|2026-04-02|2026-04-06|2026-04-07|2026-04-08|2026-04-09|2026-04-10|2026-04-13|2026-04-14|2026-04-15|2026-04-16,2026-04-16 22:47:35,0.0
Scotts Miracle-Gro,,2026-03-05|2026-03-06|2026-03-09|2026-03-10|2026-03-11|2026-03-12|2026-03-13|2026-03-16|2026-03-17|2026-03-18|2026-03-19|2026-03-20|2026-03-23|2026-03-24|2026-03-25|2026-03-26|2026-03-27|2026-03-30|2026-03-31|2026-04-01|2026-04-02|2026-04-06|2026-04-07|2026-04-08|2026-04-09|2026-04-10|2026-04-13|2026-04-14|2026-04-15|2026-04-16,2026-04-16 22:47:35,0.0
Atlassian,,2026-03-05|2026-03-06|2026-03-09|2026-03-10|2026-03-11|2026-03-12|2026-03-13|2026-03-16|2026-03-17|2026-03-18|2026-03-19|2026-03-20|2026-03-23|2026-03-24|2026-03-25|2026-03-26|2026-03-27|2026-03-30|2026-03-31|2026-04-01|2026-04-02|2026-04-06|2026-04-07|2026-04-08|2026-04-09|2026-04-10|2026-04-13|2026-04-14|2026-04-15|2026-04-16,2026-04-16 22:47:35,0.0
Entegris,,2026-03-05|2026-03-06|2026-03-09|2026-03-10|2026-03-11|2026-03-12|2026-03-13|2026-03-16|2026-03-17|2026-03-18|2026-03-19|2026-03-20|2026-03-23|2026-03-24|2026-03-25|2026-03-26|2026-03-27|2026-03-30|2026-03-31|2026-04-01|2026-04-02|2026-04-06|2026-04-07|2026-04-08|2026-04-09|2026-04-10|2026-04-13|2026-04-14|2026-04-15|2026-04-16,2026-04-16 22:47:35,0.0
Atkore,,2026-03-05|2026-03-06|2026-03-09|2026-03-10|2026-03-11|2026-03-12|2026-03-13|2026-03-16|2026-03-17|2026-03-18|2026-03-19|2026-03-20|2026-03-23|2026-03-24|2026-03-25|2026-03-26|2026-03-27|2026-03-30|2026-03-31|2026-04-01|2026-04-02|2026-04-06|2026-04-07|2026-04-08|2026-04-09|2026-04-10|2026-04-13|2026-04-14|2026-04-15|2026-04-16,2026-04-16 22:47:35,0.0
HB Fuller,,2026-03-05|2026-03-06|2026-03-09|2026-03-10|2026-03-11|2026-03-12|2026-03-13|2026-03-16|2026-03-17|2026-03-18|2026-03-19|2026-03-20|2026-03-23|2026-03-24|2026-03-25|2026-03-26|2026-03-27|2026-03-30|2026-03-31|2026-04-01|2026-04-02|2026-04-06|2026-04-07|2026-04-08|2026-04-09|2026-04-10|2026-04-13|2026-04-14|2026-04-15|2026-04-16,2026-04-16 22:47:35,0.0
Granite Construction,,2026-03-05|2026-03-06|2026-03-09|2026-03-10|2026-03-11|2026-03-12|2026-03-13|2026-03-16|2026-03-17|2026-03-18|2026-03-19|2026-03-20|2026-03-23|2026-03-24|2026-03-25|2026-03-26|2026-03-27|2026-03-30|2026-03-31|2026-04-01|2026-04-02|2026-04-06|2026-04-07|2026-04-08|2026-04-09|2026-04-10|2026-04-13|2026-04-14|2026-04-15|2026-04-16,2026-04-16 22:47:35,0.0
Winnebago Industries,,2026-03-05|2026-03-06|2026-03-09|2026-03-10|2026-03-11|2026-03-12|2026-03-13|2026-03-16|2026-03-17|2026-03-18|2026-03-19|2026-03-20|2026-03-23|2026-03-24|2026-03-25|2026-03-26|2026-03-27|2026-03-30|2026-03-31|2026-04-01|2026-04-02|2026-04-06|2026-04-07|2026-04-08|2026-04-09|2026-04-10|2026-04-13|2026-04-14|2026-04-15|2026-04-16,2026-04-16 22:47:35,0.0
FTI Consulting,,2026-03-05|2026-03-06|2026-03-09|2026-03-10|2026-03-11|2026-03-12|2026-03-13|2026-03-16|2026-03-17|2026-03-18|2026-03-19|2026-03-20|2026-03-23|2026-03-24|2026-03-25|2026-03-26|2026-03-27|2026-03-30|2026-03-31|2026-04-01|2026-04-02|2026-04-06|2026-04-07|2026-04-08|2026-04-09|2026-04-10|2026-04-13|2026-04-14|2026-04-15|2026-04-16,2026-04-16 22:47:35,0.0
AptarGroup,,2026-03-05|2026-03-06|2026-03-09|2026-03-10|2026-03-11|2026-03-12|2026-03-13|2026-03-16|2026-03-17|2026-03-18|2026-03-19|2026-03-20|2026-03-23|2026-03-24|2026-03-25|2026-03-26|2026-03-27|2026-03-30|2026-03-31|2026-04-01|2026-04-02|2026-04-06|2026-04-07|2026-04-08|2026-04-09|2026-04-10|2026-04-13|2026-04-14|2026-04-15|2026-04-16,2026-04-16 22:47:35,0.0
Columbia Sportswear,,2026-03-05|2026-03-06|2026-03-09|2026-03-10|2026-03-11|2026-03-12|2026-03-13|2026-03-16|2026-03-17|2026-03-18|2026-03-19|2026-03-20|2026-03-23|2026-03-24|2026-03-25|2026-03-26|2026-03-27|2026-03-30|2026-03-31|2026-04-01|2026-04-02|2026-04-06|2026-04-07|2026-04-08|2026-04-09|2026-04-10|2026-04-13|2026-04-14|2026-04-15|2026-04-16,2026-04-16 22:47:35,0.0
Roku,,2026-03-05|2026-03-06|2026-03-09|2026-03-10|2026-03-11|2026-03-12|2026-03-13|2026-03-16|2026-03-17|2026-03-18|2026-03-19|2026-03-20|2026-03-23|2026-03-24|2026-03-25|2026-03-26|2026-03-27|2026-03-30|2026-03-31|2026-04-01|2026-04-02|2026-04-06|2026-04-07|2026-04-08|2026-04-09|2026-04-10|2026-04-13|2026-04-14|2026-04-15|2026-04-16,2026-04-16 22:47:35,0.0
Alpha Metallurgical Resources,,2026-03-05|2026-03-06|2026-03-09|2026-03-10|2026-03-11|2026-03-12|2026-03-13|2026-03-16|2026-03-17|2026-03-18|2026-03-19|2026-03-20|2026-03-23|2026-03-24|2026-03-25|2026-03-26|2026-03-27|2026-03-30|2026-03-31|2026-04-01|2026-04-02|2026-04-06|2026-04-07|2026-04-08|2026-04-09|2026-04-10|2026-04-13|2026-04-14|2026-04-15|2026-04-16,2026-04-16 22:47:35,0.0
Patrick Industries,,2026-03-05|2026-03-06|2026-03-09|2026-03-10|2026-03-11|2026-03-12|2026-03-13|2026-03-16|2026-03-17|2026-03-18|2026-03-19|2026-03-20|2026-03-23|2026-03-24|2026-03-25|2026-03-26|2026-03-27|2026-03-30|2026-03-31|2026-04-01|2026-04-02|2026-04-06|2026-04-07|2026-04-08|2026-04-09|2026-04-10|2026-04-13|2026-04-14|2026-04-15|2026-04-16,2026-04-16 22:47:35,0.0
Murphy Oil,,2026-03-05|2026-03-06|2026-03-09|2026-03-10|2026-03-11|2026-03-12|2026-03-13|2026-03-16|2026-03-17|2026-03-18|2026-03-19|2026-03-20|2026-03-23|2026-03-24|2026-03-25|2026-03-26|2026-03-27|2026-03-30|2026-03-31|2026-04-01|2026-04-02|2026-04-06|2026-04-07|2026-04-08|2026-04-09|2026-04-10|2026-04-13|2026-04-14|2026-04-15|2026-04-16,2026-04-16 22:47:35,0.0
Cracker Barrel Old Country Store,,2026-03-05|2026-03-06|2026-03-09|2026-03-10|2026-03-11|2026-03-12|2026-03-13|2026-03-16|2026-03-17|2026-03-18|2026-03-19|2026-03-20|2026-03-23|2026-03-24|2026-03-25|2026-03-26|2026-03-27|2026-03-30|2026-03-31|2026-04-01|2026-04-02|2026-04-06|2026-04-07|2026-04-08|2026-04-09|2026-04-10|2026-04-13|2026-04-14|2026-04-15|2026-04-16,2026-04-16 22:47:35,0.0
Cheesecake Factory,,2026-03-05|2026-03-06|2026-03-09|2026-03-10|2026-03-11|2026-03-12|2026-03-13|2026-03-16|2026-03-17|2026-03-18|2026-03-19|2026-03-20|2026-03-23|2026-03-24|2026-03-25|2026-03-26|2026-03-27|2026-03-30|2026-03-31|2026-04-01|2026-04-02|2026-04-06|2026-04-07|2026-04-08|2026-04-09|2026-04-10|2026-04-13|2026-04-14|2026-04-15|2026-04-16,2026-04-16 22:47:35,0.0
CNX Resources,,2026-03-05|2026-03-06|2026-03-09|2026-03-10|2026-03-11|2026-03-12|2026-03-13|2026-03-16|2026-03-17|2026-03-18|2026-03-19|2026-03-20|2026-03-23|2026-03-24|2026-03-25|2026-03-26|2026-03-27|2026-03-30|2026-03-31|2026-04-01|2026-04-02|2026-04-06|2026-04-07|2026-04-08|2026-04-09|2026-04-10|2026-04-13|2026-04-14|2026-04-15|2026-04-16,2026-04-16 22:47:35,0.0
Chefs Warehouse,,2026-03-05|2026-03-06|2026-03-09|2026-03-10|2026-03-11|2026-03-12|2026-03-13|2026-03-16|2026-03-17|2026-03-18|2026-03-19|2026-03-20|2026-03-23|2026-03-24|2026-03-25|2026-03-26|2026-03-27|2026-03-30|2026-03-31|2026-04-01|2026-04-02|2026-04-06|2026-04-07|2026-04-08|2026-04-09|2026-04-10|2026-04-13|2026-04-14|2026-04-15|2026-04-16,2026-04-16 22:47:35,0.0
Donaldson Company,,2026-03-05|2026-03-06|2026-03-09|2026-03-10|2026-03-11|2026-03-12|2026-03-13|2026-03-16|2026-03-17|2026-03-18|2026-03-19|2026-03-20|2026-03-23|2026-03-24|2026-03-25|2026-03-26|2026-03-27|2026-03-30|2026-03-31|2026-04-01|2026-04-02|2026-04-06|2026-04-07|2026-04-08|2026-04-09|2026-04-10|2026-04-13|2026-04-14|2026-04-15|2026-04-16,2026-04-16 22:47:35,0.0
Mueller Industries,,2026-03-05|2026-03-06|2026-03-09|2026-03-10|2026-03-11|2026-03-12|2026-03-13|2026-03-16|2026-03-17|2026-03-18|2026-03-19|2026-03-20|2026-03-23|2026-03-24|2026-03-25|2026-03-26|2026-03-27|2026-03-30|2026-03-31|2026-04-01|2026-04-02|2026-04-06|2026-04-07|2026-04-08|2026-04-09|2026-04-10|2026-04-13|2026-04-14|2026-04-15|2026-04-16,2026-04-16 22:47:35,0.0
Chart Industries,,2026-03-05|2026-03-06|2026-03-09|2026-03-10|2026-03-11|2026-03-12|2026-03-13|2026-03-16|2026-03-17|2026-03-18|2026-03-19|2026-03-20|2026-03-23|2026-03-24|2026-03-25|2026-03-26|2026-03-27|2026-03-30|2026-03-31|2026-04-01|2026-04-02|2026-04-06|2026-04-07|2026-04-08|2026-04-09|2026-04-10|2026-04-13|2026-04-14|2026-04-15|2026-04-16,2026-04-16 22:47:35,0.0
Alight Solutions,,2026-03-05|2026-03-06|2026-03-09|2026-03-10|2026-03-11|2026-03-12|2026-03-13|2026-03-16|2026-03-17|2026-03-18|2026-03-19|2026-03-20|2026-03-23|2026-03-24|2026-03-25|2026-03-26|2026-03-27|2026-03-30|2026-03-31|2026-04-01|2026-04-02|2026-04-06|2026-04-07|2026-04-08|2026-04-09|2026-04-10|2026-04-13|2026-04-14|2026-04-15|2026-04-16,2026-04-16 22:47:35,0.0
Vishay Intertechnology,,2026-03-05|2026-03-06|2026-03-09|2026-03-10|2026-03-11|2026-03-12|2026-03-13|2026-03-16|2026-03-17|2026-03-18|2026-03-19|2026-03-20|2026-03-23|2026-03-24|2026-03-25|2026-03-26|2026-03-27|2026-03-30|2026-03-31|2026-04-01|2026-04-02|2026-04-06|2026-04-07|2026-04-08|2026-04-09|2026-04-10|2026-04-13|2026-04-14|2026-04-15|2026-04-16,2026-04-16 22:47:35,0.0
Range Resources,,2026-03-05|2026-03-06|2026-03-09|2026-03-10|2026-03-11|2026-03-12|2026-03-13|2026-03-16|2026-03-17|2026-03-18|2026-03-19|2026-03-20|2026-03-23|2026-03-24|2026-03-25|2026-03-26|2026-03-27|2026-03-30|2026-03-31|2026-04-01|2026-04-02|2026-04-06|2026-04-07|2026-04-08|2026-04-09|2026-04-10|2026-04-13|2026-04-14|2026-04-15|2026-04-16,2026-04-16 22:47:35,0.0
Valley National Bancorp,,2026-03-05|2026-03-06|2026-03-09|2026-03-10|2026-03-11|2026-03-12|2026-03-13|2026-03-16|2026-03-17|2026-03-18|2026-03-19|2026-03-20|2026-03-23|2026-03-24|2026-03-25|2026-03-26|2026-03-27|2026-03-30|2026-03-31|2026-04-01|2026-04-02|2026-04-06|2026-04-07|2026-04-08|2026-04-09|2026-04-10|2026-04-13|2026-04-14|2026-04-15|2026-04-16,2026-04-16 22:47:35,0.0
Match Group,,2026-03-05|2026-03-06|2026-03-09|2026-03-10|2026-03-11|2026-03-12|2026-03-13|2026-03-16|2026-03-17|2026-03-18|2026-03-19|2026-03-20|2026-03-23|2026-03-24|2026-03-25|2026-03-26|2026-03-27|2026-03-30|2026-03-31|2026-04-01|2026-04-02|2026-04-06|2026-04-07|2026-04-08|2026-04-09|2026-04-10|2026-04-13|2026-04-14|2026-04-15|2026-04-16,2026-04-16 22:47:35,0.0
Gen Digital,,2026-03-05|2026-03-06|2026-03-09|2026-03-10|2026-03-11|2026-03-12|2026-03-13|2026-03-16|2026-03-17|2026-03-18|2026-03-19|2026-03-20|2026-03-23|2026-03-24|2026-03-25|2026-03-26|2026-03-27|2026-03-30|2026-03-31|2026-04-01|2026-04-02|2026-04-06|2026-04-07|2026-04-08|2026-04-09|2026-04-10|2026-04-13|2026-04-14|2026-04-15|2026-04-16,2026-04-16 22:47:35,0.0
Wintrust Financial,,2026-03-05|2026-03-06|2026-03-09|2026-03-10|2026-03-11|2026-03-12|2026-03-13|2026-03-16|2026-03-17|2026-03-18|2026-03-19|2026-03-20|2026-03-23|2026-03-24|2026-03-25|2026-03-26|2026-03-27|2026-03-30|2026-03-31|2026-04-01|2026-04-02|2026-04-06|2026-04-07|2026-04-08|2026-04-09|2026-04-10|2026-04-13|2026-04-14|2026-04-15|2026-04-16,2026-04-16 22:47:35,0.0
First Solar,,2026-03-05|2026-03-06|2026-03-09|2026-03-10|2026-03-11|2026-03-12|2026-03-13|2026-03-16|2026-03-17|2026-03-18|2026-03-19|2026-03-20|2026-03-23|2026-03-24|2026-03-25|2026-03-26|2026-03-27|2026-03-30|2026-03-31|2026-04-01|2026-04-02|2026-04-06|2026-04-07|2026-04-08|2026-04-09|2026-04-10|2026-04-13|2026-04-14|2026-04-15|2026-04-16,2026-04-16 22:47:35,0.0
Central Garden & Pet,,2026-03-05|2026-03-06|2026-03-09|2026-03-10|2026-03-11|2026-03-12|2026-03-13|2026-03-16|2026-03-17|2026-03-18|2026-03-19|2026-03-20|2026-03-23|2026-03-24|2026-03-25|2026-03-26|2026-03-27|2026-03-30|2026-03-31|2026-04-01|2026-04-02|2026-04-06|2026-04-07|2026-04-08|2026-04-09|2026-04-10|2026-04-13|2026-04-14|2026-04-15|2026-04-16,2026-04-16 22:47:35,0.0
Green Plains Inc,,2026-03-05|2026-03-06|2026-03-09|2026-03-10|2026-03-11|2026-03-12|2026-03-13|2026-03-16|2026-03-17|2026-03-18|2026-03-19|2026-03-20|2026-03-23|2026-03-24|2026-03-25|2026-03-26|2026-03-27|2026-03-30|2026-03-31|2026-04-01|2026-04-02|2026-04-06|2026-04-07|2026-04-08|2026-04-09|2026-04-10|2026-04-13|2026-04-14|2026-04-15|2026-04-16,2026-04-16 22:47:35,0.0
Werner Enterprises,,2026-03-05|2026-03-06|2026-03-09|2026-03-10|2026-03-11|2026-03-12|2026-03-13|2026-03-16|2026-03-17|2026-03-18|2026-03-19|2026-03-20|2026-03-23|2026-03-24|2026-03-25|2026-03-26|2026-03-27|2026-03-30|2026-03-31|2026-04-01|2026-04-02|2026-04-06|2026-04-07|2026-04-08|2026-04-09|2026-04-10|2026-04-13|2026-04-14|2026-04-15|2026-04-16,2026-04-16 22:47:35,0.0
AppLovin,,2026-03-05|2026-03-06|2026-03-09|2026-03-10|2026-03-11|2026-03-12|2026-03-13|2026-03-16|2026-03-17|2026-03-18|2026-03-19|2026-03-20|2026-03-23|2026-03-24|2026-03-25|2026-03-26|2026-03-27|2026-03-30|2026-03-31|2026-04-01|2026-04-02|2026-04-06|2026-04-07|2026-04-08|2026-04-09|2026-04-10|2026-04-13|2026-04-14|2026-04-15|2026-04-16,2026-04-16 22:47:35,0.0
ITT,,2026-03-05|2026-03-06|2026-03-09|2026-03-10|2026-03-11|2026-03-12|2026-03-13|2026-03-16|2026-03-17|2026-03-18|2026-03-19|2026-03-20|2026-03-23|2026-03-24|2026-03-25|2026-03-26|2026-03-27|2026-03-30|2026-03-31|2026-04-01|2026-04-02|2026-04-06|2026-04-07|2026-04-08|2026-04-09|2026-04-10|2026-04-13|2026-04-14|2026-04-15|2026-04-16,2026-04-16 22:47:35,0.0
Herc Rentals,,2026-03-05|2026-03-06|2026-03-09|2026-03-10|2026-03-11|2026-03-12|2026-03-13|2026-03-16|2026-03-17|2026-03-18|2026-03-19|2026-03-20|2026-03-23|2026-03-24|2026-03-25|2026-03-26|2026-03-27|2026-03-30|2026-03-31|2026-04-01|2026-04-02|2026-04-06|2026-04-07|2026-04-08|2026-04-09|2026-04-10|2026-04-13|2026-04-14|2026-04-15|2026-04-16,2026-04-16 22:47:35,0.0
Gray Television,,2026-03-05|2026-03-06|2026-03-09|2026-03-10|2026-03-11|2026-03-12|2026-03-13|2026-03-16|2026-03-17|2026-03-18|2026-03-19|2026-03-20|2026-03-23|2026-03-24|2026-03-25|2026-03-26|2026-03-27|2026-03-30|2026-03-31|2026-04-01|2026-04-02|2026-04-06|2026-04-07|2026-04-08|2026-04-09|2026-04-10|2026-04-13|2026-04-14|2026-04-15|2026-04-16,2026-04-16 22:47:35,0.0
IDEX,,2026-03-05|2026-03-06|2026-03-09|2026-03-10|2026-03-11|2026-03-12|2026-03-13|2026-03-16|2026-03-17|2026-03-18|2026-03-19|2026-03-20|2026-03-23|2026-03-24|2026-03-25|2026-03-26|2026-03-27|2026-03-30|2026-03-31|2026-04-01|2026-04-02|2026-04-06|2026-04-07|2026-04-08|2026-04-09|2026-04-10|2026-04-13|2026-04-14|2026-04-15|2026-04-16,2026-04-16 22:47:35,0.0
Boston Properties,,2026-03-05|2026-03-06|2026-03-09|2026-03-10|2026-03-11|2026-03-12|2026-03-13|2026-03-16|2026-03-17|2026-03-18|2026-03-19|2026-03-20|2026-03-23|2026-03-24|2026-03-25|2026-03-26|2026-03-27|2026-03-30|2026-03-31|2026-04-01|2026-04-02|2026-04-06|2026-04-07|2026-04-08|2026-04-09|2026-04-10|2026-04-13|2026-04-14|2026-04-15|2026-04-16,2026-04-16 22:47:35,0.0
Pitney Bowes,,2026-03-05|2026-03-06|2026-03-09|2026-03-10|2026-03-11|2026-03-12|2026-03-13|2026-03-16|2026-03-17|2026-03-18|2026-03-19|2026-03-20|2026-03-23|2026-03-24|2026-03-25|2026-03-26|2026-03-27|2026-03-30|2026-03-31|2026-04-01|2026-04-02|2026-04-06|2026-04-07|2026-04-08|2026-04-09|2026-04-10|2026-04-13|2026-04-14|2026-04-15|2026-04-16,2026-04-16 22:47:35,0.0
Sun Communities,,2026-03-05|2026-03-06|2026-03-09|2026-03-10|2026-03-11|2026-03-12|2026-03-13|2026-03-16|2026-03-17|2026-03-18|2026-03-19|2026-03-20|2026-03-23|2026-03-24|2026-03-25|2026-03-26|2026-03-27|2026-03-30|2026-03-31|2026-04-01|2026-04-02|2026-04-06|2026-04-07|2026-04-08|2026-04-09|2026-04-10|2026-04-13|2026-04-14|2026-04-15|2026-04-16,2026-04-16 22:47:35,0.0
AdaptHealth,,2026-03-05|2026-03-06|2026-03-09|2026-03-10|2026-03-11|2026-03-12|2026-03-13|2026-03-16|2026-03-17|2026-03-18|2026-03-19|2026-03-20|2026-03-23|2026-03-24|2026-03-25|2026-03-26|2026-03-27|2026-03-30|2026-03-31|2026-04-01|2026-04-02|2026-04-06|2026-04-07|2026-04-08|2026-04-09|2026-04-10|2026-04-13|2026-04-14|2026-04-15|2026-04-16,2026-04-16 22:47:35,0.0
Genesis Energy,,2026-03-05|2026-03-06|2026-03-09|2026-03-10|2026-03-11|2026-03-12|2026-03-13|2026-03-16|2026-03-17|2026-03-18|2026-03-19|2026-03-20|2026-03-23|2026-03-24|2026-03-25|2026-03-26|2026-03-27|2026-03-30|2026-03-31|2026-04-01|2026-04-02|2026-04-06|2026-04-07|2026-04-08|2026-04-09|2026-04-10|2026-04-13|2026-04-14|2026-04-15|2026-04-16,2026-04-16 22:47:35,0.0
Jackson Financial,,2026-03-05|2026-03-06|2026-03-09|2026-03-10|2026-03-11|2026-03-12|2026-03-13|2026-03-16|2026-03-17|2026-03-18|2026-03-19|2026-03-20|2026-03-23|2026-03-24|2026-03-25|2026-03-26|2026-03-27|2026-03-30|2026-03-31|2026-04-01|2026-04-02|2026-04-06|2026-04-07|2026-04-08|2026-04-09|2026-04-10|2026-04-13|2026-04-14|2026-04-15|2026-04-16,2026-04-16 22:47:35,0.0
FirstCash,,2026-03-05|2026-03-06|2026-03-09|2026-03-10|2026-03-11|2026-03-12|2026-03-13|2026-03-16|2026-03-17|2026-03-18|2026-03-19|2026-03-20|2026-03-23|2026-03-24|2026-03-25|2026-03-26|2026-03-27|2026-03-30|2026-03-31|2026-04-01|2026-04-02|2026-04-06|2026-04-07|2026-04-08|2026-04-09|2026-04-10|2026-04-13|2026-04-14|2026-04-15|2026-04-16,2026-04-16 22:47:35,0.0
Cal-Maine Foods,,2026-03-05|2026-03-06|2026-03-09|2026-03-10|2026-03-11|2026-03-12|2026-03-13|2026-03-16|2026-03-17|2026-03-18|2026-03-19|2026-03-20|2026-03-23|2026-03-24|2026-03-25|2026-03-26|2026-03-27|2026-03-30|2026-03-31|2026-04-01|2026-04-02|2026-04-06|2026-04-07|2026-04-08|2026-04-09|2026-04-10|2026-04-13|2026-04-14|2026-04-15|2026-04-16,2026-04-16 22:47:35,0.0
Avient,,2026-03-05|2026-03-06|2026-03-09|2026-03-10|2026-03-11|2026-03-12|2026-03-13|2026-03-16|2026-03-17|2026-03-18|2026-03-19|2026-03-20|2026-03-23|2026-03-24|2026-03-25|2026-03-26|2026-03-27|2026-03-30|2026-03-31|2026-04-01|2026-04-02|2026-04-06|2026-04-07|2026-04-08|2026-04-09|2026-04-10|2026-04-13|2026-04-14|2026-04-15|2026-04-16,2026-04-16 22:47:35,0.0
BlueLinx,,2026-03-05|2026-03-06|2026-03-09|2026-03-10|2026-03-11|2026-03-12|2026-03-13|2026-03-16|2026-03-17|2026-03-18|2026-03-19|2026-03-20|2026-03-23|2026-03-24|2026-03-25|2026-03-26|2026-03-27|2026-03-30|2026-03-31|2026-04-01|2026-04-02|2026-04-06|2026-04-07|2026-04-08|2026-04-09|2026-04-10|2026-04-13|2026-04-14|2026-04-15|2026-04-16,2026-04-16 22:47:35,0.0
Sinclair,,2026-03-05|2026-03-06|2026-03-09|2026-03-10|2026-03-11|2026-03-12|2026-03-13|2026-03-16|2026-03-17|2026-03-18|2026-03-19|2026-03-20|2026-03-23|2026-03-24|2026-03-25|2026-03-26|2026-03-27|2026-03-30|2026-03-31|2026-04-01|2026-04-02|2026-04-06|2026-04-07|2026-04-08|2026-04-09|2026-04-10|2026-04-13|2026-04-14|2026-04-15|2026-04-16,2026-04-16 22:47:35,0.0
BOK Financial,,2026-03-05|2026-03-06|2026-03-09|2026-03-10|2026-03-11|2026-03-12|2026-03-13|2026-03-16|2026-03-17|2026-03-18|2026-03-19|2026-03-20|2026-03-23|2026-03-24|2026-03-25|2026-03-26|2026-03-27|2026-03-30|2026-03-31|2026-04-01|2026-04-02|2026-04-06|2026-04-07|2026-04-08|2026-04-09|2026-04-10|2026-04-13|2026-04-14|2026-04-15|2026-04-16,2026-04-16 22:47:35,0.0
Permian Resources,,2026-03-05|2026-03-06|2026-03-09|2026-03-10|2026-03-11|2026-03-12|2026-03-13|2026-03-16|2026-03-17|2026-03-18|2026-03-19|2026-03-20|2026-03-23|2026-03-24|2026-03-25|2026-03-26|2026-03-27|2026-03-30|2026-03-31|2026-04-01|2026-04-02|2026-04-06|2026-04-07|2026-04-08|2026-04-09|2026-04-10|2026-04-13|2026-04-14|2026-04-15|2026-04-16,2026-04-16 22:47:35,0.0
PACS Group,,2026-03-05|2026-03-06|2026-03-09|2026-03-10|2026-03-11|2026-03-12|2026-03-13|2026-03-16|2026-03-17|2026-03-18|2026-03-19|2026-03-20|2026-03-23|2026-03-24|2026-03-25|2026-03-26|2026-03-27|2026-03-30|2026-03-31|2026-04-01|2026-04-02|2026-04-06|2026-04-07|2026-04-08|2026-04-09|2026-04-10|2026-04-13|2026-04-14|2026-04-15|2026-04-16,2026-04-16 22:47:35,0.0
Coinbase Global,,2026-03-05|2026-03-06|2026-03-09|2026-03-10|2026-03-11|2026-03-12|2026-03-13|2026-03-16|2026-03-17|2026-03-18|2026-03-19|2026-03-20|2026-03-23|2026-03-24|2026-03-25|2026-03-26|2026-03-27|2026-03-30|2026-03-31|2026-04-01|2026-04-02|2026-04-06|2026-04-07|2026-04-08|2026-04-09|2026-04-10|2026-04-13|2026-04-14|2026-04-15|2026-04-16,2026-04-16 22:47:35,0.0
Western Midstream Partners,,2026-03-05|2026-03-06|2026-03-09|2026-03-10|2026-03-11|2026-03-12|2026-03-13|2026-03-16|2026-03-17|2026-03-18|2026-03-19|2026-03-20|2026-03-23|2026-03-24|2026-03-25|2026-03-26|2026-03-27|2026-03-30|2026-03-31|2026-04-01|2026-04-02|2026-04-06|2026-04-07|2026-04-08|2026-04-09|2026-04-10|2026-04-13|2026-04-14|2026-04-15|2026-04-16,2026-04-16 22:47:35,0.0
G-III Apparel Group,,2026-03-05|2026-03-06|2026-03-09|2026-03-10|2026-03-11|2026-03-12|2026-03-13|2026-03-16|2026-03-17|2026-03-18|2026-03-19|2026-03-20|2026-03-23|2026-03-24|2026-03-25|2026-03-26|2026-03-27|2026-03-30|2026-03-31|2026-04-01|2026-04-02|2026-04-06|2026-04-07|2026-04-08|2026-04-09|2026-04-10|2026-04-13|2026-04-14|2026-04-15|2026-04-16,2026-04-16 22:47:35,0.0
Vontier,,2026-03-05|2026-03-06|2026-03-09|2026-03-10|2026-03-11|2026-03-12|2026-03-13|2026-03-16|2026-03-17|2026-03-18|2026-03-19|2026-03-20|2026-03-23|2026-03-24|2026-03-25|2026-03-26|2026-03-27|2026-03-30|2026-03-31|2026-04-01|2026-04-02|2026-04-06|2026-04-07|2026-04-08|2026-04-09|2026-04-10|2026-04-13|2026-04-14|2026-04-15|2026-04-16,2026-04-16 22:47:35,0.0
Matson Inc,,2026-03-05|2026-03-06|2026-03-09|2026-03-10|2026-03-11|2026-03-12|2026-03-13|2026-03-16|2026-03-17|2026-03-18|2026-03-19|2026-03-20|2026-03-23|2026-03-24|2026-03-25|2026-03-26|2026-03-27|2026-03-30|2026-03-31|2026-04-01|2026-04-02|2026-04-06|2026-04-07|2026-04-08|2026-04-09|2026-04-10|2026-04-13|2026-04-14|2026-04-15|2026-04-16,2026-04-16 22:47:35,0.0
Kirby Corporation,,2026-03-05|2026-03-06|2026-03-09|2026-03-10|2026-03-11|2026-03-12|2026-03-13|2026-03-16|2026-03-17|2026-03-18|2026-03-19|2026-03-20|2026-03-23|2026-03-24|2026-03-25|2026-03-26|2026-03-27|2026-03-30|2026-03-31|2026-04-01|2026-04-02|2026-04-06|2026-04-07|2026-04-08|2026-04-09|2026-04-10|2026-04-13|2026-04-14|2026-04-15|2026-04-16,2026-04-16 22:47:35,0.0
Kaiser Aluminum,,2026-03-05|2026-03-06|2026-03-09|2026-03-10|2026-03-11|2026-03-12|2026-03-13|2026-03-16|2026-03-17|2026-03-18|2026-03-19|2026-03-20|2026-03-23|2026-03-24|2026-03-25|2026-03-26|2026-03-27|2026-03-30|2026-03-31|2026-04-01|2026-04-02|2026-04-06|2026-04-07|2026-04-08|2026-04-09|2026-04-10|2026-04-13|2026-04-14|2026-04-15|2026-04-16,2026-04-16 22:47:35,0.0
Designer Brands Inc,,2026-03-05|2026-03-06|2026-03-09|2026-03-10|2026-03-11|2026-03-12|2026-03-13|2026-03-16|2026-03-17|2026-03-18|2026-03-19|2026-03-20|2026-03-23|2026-03-24|2026-03-25|2026-03-26|2026-03-27|2026-03-30|2026-03-31|2026-04-01|2026-04-02|2026-04-06|2026-04-07|2026-04-08|2026-04-09|2026-04-10|2026-04-13|2026-04-14|2026-04-15|2026-04-16,2026-04-16 22:47:35,0.0
Rollins Inc,,2026-03-05|2026-03-06|2026-03-09|2026-03-10|2026-03-11|2026-03-12|2026-03-13|2026-03-16|2026-03-17|2026-03-18|2026-03-19|2026-03-20|2026-03-23|2026-03-24|2026-03-25|2026-03-26|2026-03-27|2026-03-30|2026-03-31|2026-04-01|2026-04-02|2026-04-06|2026-04-07|2026-04-08|2026-04-09|2026-04-10|2026-04-13|2026-04-14|2026-04-15|2026-04-16,2026-04-16 22:47:35,0.0
Advanced Drainage Systems,,2026-03-05|2026-03-06|2026-03-09|2026-03-10|2026-03-11|2026-03-12|2026-03-13|2026-03-16|2026-03-17|2026-03-18|2026-03-19|2026-03-20|2026-03-23|2026-03-24|2026-03-25|2026-03-26|2026-03-27|2026-03-30|2026-03-31|2026-04-01|2026-04-02|2026-04-06|2026-04-07|2026-04-08|2026-04-09|2026-04-10|2026-04-13|2026-04-14|2026-04-15|2026-04-16,2026-04-16 22:47:35,0.0
Cinemark,,2026-03-05|2026-03-06|2026-03-09|2026-03-10|2026-03-11|2026-03-12|2026-03-13|2026-03-16|2026-03-17|2026-03-18|2026-03-19|2026-03-20|2026-03-23|2026-03-24|2026-03-25|2026-03-26|2026-03-27|2026-03-30|2026-03-31|2026-04-01|2026-04-02|2026-04-06|2026-04-07|2026-04-08|2026-04-09|2026-04-10|2026-04-13|2026-04-14|2026-04-15|2026-04-16,2026-04-16 22:47:35,0.0
CrowdStrike,,2026-03-05|2026-03-06|2026-03-09|2026-03-10|2026-03-11|2026-03-12|2026-03-13|2026-03-16|2026-03-17|2026-03-18|2026-03-19|2026-03-20|2026-03-23|2026-03-24|2026-03-25|2026-03-26|2026-03-27|2026-03-30|2026-03-31|2026-04-01|2026-04-02|2026-04-06|2026-04-07|2026-04-08|2026-04-09|2026-04-10|2026-04-13|2026-04-14|2026-04-15|2026-04-16,2026-04-16 22:47:35,0.0
Pinterest,,2026-03-05|2026-03-06|2026-03-09|2026-03-10|2026-03-11|2026-03-12|2026-03-13|2026-03-16|2026-03-17|2026-03-18|2026-03-19|2026-03-20|2026-03-23|2026-03-24|2026-03-25|2026-03-26|2026-03-27|2026-03-30|2026-03-31|2026-04-01|2026-04-02|2026-04-06|2026-04-07|2026-04-08|2026-04-09|2026-04-10|2026-04-13|2026-04-14|2026-04-15|2026-04-16,2026-04-16 22:47:35,0.0
Instacart,,2026-03-05|2026-03-06|2026-03-09|2026-03-10|2026-03-11|2026-03-12|2026-03-13|2026-03-16|2026-03-17|2026-03-18|2026-03-19|2026-03-20|2026-03-23|2026-03-24|2026-03-25|2026-03-26|2026-03-27|2026-03-30|2026-03-31|2026-04-01|2026-04-02|2026-04-06|2026-04-07|2026-04-08|2026-04-09|2026-04-10|2026-04-13|2026-04-14|2026-04-15|2026-04-16,2026-04-16 22:47:35,0.0
Allison Transmission,,2026-03-05|2026-03-06|2026-03-09|2026-03-10|2026-03-11|2026-03-12|2026-03-13|2026-03-16|2026-03-17|2026-03-18|2026-03-19|2026-03-20|2026-03-23|2026-03-24|2026-03-25|2026-03-26|2026-03-27|2026-03-30|2026-03-31|2026-04-01|2026-04-02|2026-04-06|2026-04-07|2026-04-08|2026-04-09|2026-04-10|2026-04-13|2026-04-14|2026-04-15|2026-04-16,2026-04-16 22:47:35,0.0
Restoration Hardware,,2026-03-05|2026-03-06|2026-03-09|2026-03-10|2026-03-11|2026-03-12|2026-03-13|2026-03-16|2026-03-17|2026-03-18|2026-03-19|2026-03-20|2026-03-23|2026-03-24|2026-03-25|2026-03-26|2026-03-27|2026-03-30|2026-03-31|2026-04-01|2026-04-02|2026-04-06|2026-04-07|2026-04-08|2026-04-09|2026-04-10|2026-04-13|2026-04-14|2026-04-15|2026-04-16,2026-04-16 22:47:35,0.0
Brookdale Senior Living,,2026-03-05|2026-03-06|2026-03-09|2026-03-10|2026-03-11|2026-03-12|2026-03-13|2026-03-16|2026-03-17|2026-03-18|2026-03-19|2026-03-20|2026-03-23|2026-03-24|2026-03-25|2026-03-26|2026-03-27|2026-03-30|2026-03-31|2026-04-01|2026-04-02|2026-04-06|2026-04-07|2026-04-08|2026-04-09|2026-04-10|2026-04-13|2026-04-14|2026-04-15|2026-04-16,2026-04-16 22:47:35,0.0
QuidelOrtho,,2026-03-05|2026-03-06|2026-03-09|2026-03-10|2026-03-11|2026-03-12|2026-03-13|2026-03-16|2026-03-17|2026-03-18|2026-03-19|2026-03-20|2026-03-23|2026-03-24|2026-03-25|2026-03-26|2026-03-27|2026-03-30|2026-03-31|2026-04-01|2026-04-02|2026-04-06|2026-04-07|2026-04-08|2026-04-09|2026-04-10|2026-04-13|2026-04-14|2026-04-15|2026-04-16,2026-04-16 22:47:35,0.0
Trinity Industries,,2026-03-05|2026-03-06|2026-03-09|2026-03-10|2026-03-11|2026-03-12|2026-03-13|2026-03-16|2026-03-17|2026-03-18|2026-03-19|2026-03-20|2026-03-23|2026-03-24|2026-03-25|2026-03-26|2026-03-27|2026-03-30|2026-03-31|2026-04-01|2026-04-02|2026-04-06|2026-04-07|2026-04-08|2026-04-09|2026-04-10|2026-04-13|2026-04-14|2026-04-15|2026-04-16,2026-04-16 22:47:35,0.0
Teleflex,,2026-03-05|2026-03-06|2026-03-09|2026-03-10|2026-03-11|2026-03-12|2026-03-13|2026-03-16|2026-03-17|2026-03-18|2026-03-19|2026-03-20|2026-03-23|2026-03-24|2026-03-25|2026-03-26|2026-03-27|2026-03-30|2026-03-31|2026-04-01|2026-04-02|2026-04-06|2026-04-07|2026-04-08|2026-04-09|2026-04-10|2026-04-13|2026-04-14|2026-04-15|2026-04-16,2026-04-16 22:47:35,0.0
HEICO,,2026-03-05|2026-03-06|2026-03-09|2026-03-10|2026-03-11|2026-03-12|2026-03-13|2026-03-16|2026-03-17|2026-03-18|2026-03-19|2026-03-20|2026-03-23|2026-03-24|2026-03-25|2026-03-26|2026-03-27|2026-03-30|2026-03-31|2026-04-01|2026-04-02|2026-04-06|2026-04-07|2026-04-08|2026-04-09|2026-04-10|2026-04-13|2026-04-14|2026-04-15|2026-04-16,2026-04-16 22:47:35,0.0
Bruker,,2026-03-05|2026-03-06|2026-03-09|2026-03-10|2026-03-11|2026-03-12|2026-03-13|2026-03-16|2026-03-17|2026-03-18|2026-03-19|2026-03-20|2026-03-23|2026-03-24|2026-03-25|2026-03-26|2026-03-27|2026-03-30|2026-03-31|2026-04-01|2026-04-02|2026-04-06|2026-04-07|2026-04-08|2026-04-09|2026-04-10|2026-04-13|2026-04-14|2026-04-15|2026-04-16,2026-04-16 22:47:35,0.0
Carlyle Group,,2026-03-05|2026-03-06|2026-03-09|2026-03-10|2026-03-11|2026-03-12|2026-03-13|2026-03-16|2026-03-17|2026-03-18|2026-03-19|2026-03-20|2026-03-23|2026-03-24|2026-03-25|2026-03-26|2026-03-27|2026-03-30|2026-03-31|2026-04-01|2026-04-02|2026-04-06|2026-04-07|2026-04-08|2026-04-09|2026-04-10|2026-04-13|2026-04-14|2026-04-15|2026-04-16,2026-04-16 22:47:35,0.0
Energizer Holdings,,2026-03-05|2026-03-06|2026-03-09|2026-03-10|2026-03-11|2026-03-12|2026-03-13|2026-03-16|2026-03-17|2026-03-18|2026-03-19|2026-03-20|2026-03-23|2026-03-24|2026-03-25|2026-03-26|2026-03-27|2026-03-30|2026-03-31|2026-04-01|2026-04-02|2026-04-06|2026-04-07|2026-04-08|2026-04-09|2026-04-10|2026-04-13|2026-04-14|2026-04-15|2026-04-16,2026-04-16 22:47:35,0.0
Rackspace Technology,,2026-03-05|2026-03-06|2026-03-09|2026-03-10|2026-03-11|2026-03-12|2026-03-13|2026-03-16|2026-03-17|2026-03-18|2026-03-19|2026-03-20|2026-03-23|2026-03-24|2026-03-25|2026-03-26|2026-03-27|2026-03-30|2026-03-31|2026-04-01|2026-04-02|2026-04-06|2026-04-07|2026-04-08|2026-04-09|2026-04-10|2026-04-13|2026-04-14|2026-04-15|2026-04-16,2026-04-16 22:47:35,0.0
Waters Corporation,,2026-03-05|2026-03-06|2026-03-09|2026-03-10|2026-03-11|2026-03-12|2026-03-13|2026-03-16|2026-03-17|2026-03-18|2026-03-19|2026-03-20|2026-03-23|2026-03-24|2026-03-25|2026-03-26|2026-03-27|2026-03-30|2026-03-31|2026-04-01|2026-04-02|2026-04-06|2026-04-07|2026-04-08|2026-04-09|2026-04-10|2026-04-13|2026-04-14|2026-04-15|2026-04-16,2026-04-16 22:47:35,0.0
West Pharmaceutical Services,,2026-03-05|2026-03-06|2026-03-09|2026-03-10|2026-03-11|2026-03-12|2026-03-13|2026-03-16|2026-03-17|2026-03-18|2026-03-19|2026-03-20|2026-03-23|2026-03-24|2026-03-25|2026-03-26|2026-03-27|2026-03-30|2026-03-31|2026-04-01|2026-04-02|2026-04-06|2026-04-07|2026-04-08|2026-04-09|2026-04-10|2026-04-13|2026-04-14|2026-04-15|2026-04-16,2026-04-16 22:47:35,0.0
Carters Inc,,2026-03-05|2026-03-06|2026-03-09|2026-03-10|2026-03-11|2026-03-12|2026-03-13|2026-03-16|2026-03-17|2026-03-18|2026-03-19|2026-03-20|2026-03-23|2026-03-24|2026-03-25|2026-03-26|2026-03-27|2026-03-30|2026-03-31|2026-04-01|2026-04-02|2026-04-06|2026-04-07|2026-04-08|2026-04-09|2026-04-10|2026-04-13|2026-04-14|2026-04-15|2026-04-16,2026-04-16 22:47:35,0.0
SkyWest,,2026-03-05|2026-03-06|2026-03-09|2026-03-10|2026-03-11|2026-03-12|2026-03-13|2026-03-16|2026-03-17|2026-03-18|2026-03-19|2026-03-20|2026-03-23|2026-03-24|2026-03-25|2026-03-26|2026-03-27|2026-03-30|2026-03-31|2026-04-01|2026-04-02|2026-04-06|2026-04-07|2026-04-08|2026-04-09|2026-04-10|2026-04-13|2026-04-14|2026-04-15|2026-04-16,2026-04-16 22:47:35,0.0
Acadia Healthcare,,2026-03-05|2026-03-06|2026-03-09|2026-03-10|2026-03-11|2026-03-12|2026-03-13|2026-03-16|2026-03-17|2026-03-18|2026-03-19|2026-03-20|2026-03-23|2026-03-24|2026-03-25|2026-03-26|2026-03-27|2026-03-30|2026-03-31|2026-04-01|2026-04-02|2026-04-06|2026-04-07|2026-04-08|2026-04-09|2026-04-10|2026-04-13|2026-04-14|2026-04-15|2026-04-16,2026-04-16 22:47:35,0.0
Revvity,,2026-03-05|2026-03-06|2026-03-09|2026-03-10|2026-03-11|2026-03-12|2026-03-13|2026-03-16|2026-03-17|2026-03-18|2026-03-19|2026-03-20|2026-03-23|2026-03-24|2026-03-25|2026-03-26|2026-03-27|2026-03-30|2026-03-31|2026-04-01|2026-04-02|2026-04-06|2026-04-07|2026-04-08|2026-04-09|2026-04-10|2026-04-13|2026-04-14|2026-04-15|2026-04-16,2026-04-16 22:47:35,0.0
Portland General Electric,,2026-03-05|2026-03-06|2026-03-09|2026-03-10|2026-03-11|2026-03-12|2026-03-13|2026-03-16|2026-03-17|2026-03-18|2026-03-19|2026-03-20|2026-03-23|2026-03-24|2026-03-25|2026-03-26|2026-03-27|2026-03-30|2026-03-31|2026-04-01|2026-04-02|2026-04-06|2026-04-07|2026-04-08|2026-04-09|2026-04-10|2026-04-13|2026-04-14|2026-04-15|2026-04-16,2026-04-16 22:47:35,0.0
Woodward Inc,,2026-03-05|2026-03-06|2026-03-09|2026-03-10|2026-03-11|2026-03-12|2026-03-13|2026-03-16|2026-03-17|2026-03-18|2026-03-19|2026-03-20|2026-03-23|2026-03-24|2026-03-25|2026-03-26|2026-03-27|2026-03-30|2026-03-31|2026-04-01|2026-04-02|2026-04-06|2026-04-07|2026-04-08|2026-04-09|2026-04-10|2026-04-13|2026-04-14|2026-04-15|2026-04-16,2026-04-16 22:47:35,0.0
TEGNA,,2026-02-06|2026-02-09|2026-02-10|2026-02-11|2026-02-12|2026-02-13|2026-02-17|2026-02-18|2026-02-19|2026-02-20|2026-02-23|2026-02-24|2026-02-25|2026-02-26|2026-02-27|2026-03-02|2026-03-03|2026-03-04|2026-03-05|2026-03-06|2026-03-09|2026-03-10|2026-03-11|2026-03-12|2026-03-13|2026-03-16|2026-03-17|2026-03-18|2026-03-19|2026-03-20,2026-04-16 22:47:35,0.0
Sabre Corporation,,2026-03-05|2026-03-06|2026-03-09|2026-03-10|2026-03-11|2026-03-12|2026-03-13|2026-03-16|2026-03-17|2026-03-18|2026-03-19|2026-03-20|2026-03-23|2026-03-24|2026-03-25|2026-03-26|2026-03-27|2026-03-30|2026-03-31|2026-04-01|2026-04-02|2026-04-06|2026-04-07|2026-04-08|2026-04-09|2026-04-10|2026-04-13|2026-04-14|2026-04-15|2026-04-16,2026-04-16 22:47:35,0.0
Light & Wonder,,2026-03-04|2026-03-05|2026-03-06|2026-03-09|2026-03-10|2026-03-11|2026-03-12|2026-03-13|2026-03-16|2026-03-17|2026-03-18|2026-03-19|2026-03-20|2026-03-23|2026-03-24|2026-03-25|2026-03-26|2026-03-27|2026-03-30|2026-03-31|2026-04-01|2026-04-02|2026-04-06|2026-04-07|2026-04-08|2026-04-09|2026-04-10|2026-04-13|2026-04-14|2026-04-15,2026-04-16 22:47:35,0.0
Vail Resorts,,2026-03-05|2026-03-06|2026-03-09|2026-03-10|2026-03-11|2026-03-12|2026-03-13|2026-03-16|2026-03-17|2026-03-18|2026-03-19|2026-03-20|2026-03-23|2026-03-24|2026-03-25|2026-03-26|2026-03-27|2026-03-30|2026-03-31|2026-04-01|2026-04-02|2026-04-06|2026-04-07|2026-04-08|2026-04-09|2026-04-10|2026-04-13|2026-04-14|2026-04-15|2026-04-16,2026-04-16 22:47:35,0.0
PennyMac Financial Services,,2026-03-05|2026-03-06|2026-03-09|2026-03-10|2026-03-11|2026-03-12|2026-03-13|2026-03-16|2026-03-17|2026-03-18|2026-03-19|2026-03-20|2026-03-23|2026-03-24|2026-03-25|2026-03-26|2026-03-27|2026-03-30|2026-03-31|2026-04-01|2026-04-02|2026-04-06|2026-04-07|2026-04-08|2026-04-09|2026-04-10|2026-04-13|2026-04-14|2026-04-15|2026-04-16,2026-04-16 22:47:35,0.0
Saia Inc,,2026-03-05|2026-03-06|2026-03-09|2026-03-10|2026-03-11|2026-03-12|2026-03-13|2026-03-16|2026-03-17|2026-03-18|2026-03-19|2026-03-20|2026-03-23|2026-03-24|2026-03-25|2026-03-26|2026-03-27|2026-03-30|2026-03-31|2026-04-01|2026-04-02|2026-04-06|2026-04-07|2026-04-08|2026-04-09|2026-04-10|2026-04-13|2026-04-14|2026-04-15|2026-04-16,2026-04-16 22:47:35,0.0
Equity Residential,,2026-03-05|2026-03-06|2026-03-09|2026-03-10|2026-03-11|2026-03-12|2026-03-13|2026-03-16|2026-03-17|2026-03-18|2026-03-19|2026-03-20|2026-03-23|2026-03-24|2026-03-25|2026-03-26|2026-03-27|2026-03-30|2026-03-31|2026-04-01|2026-04-02|2026-04-06|2026-04-07|2026-04-08|2026-04-09|2026-04-10|2026-04-13|2026-04-14|2026-04-15|2026-04-16,2026-04-16 22:47:35,0.0
Helmerich & Payne,,2026-03-05|2026-03-06|2026-03-09|2026-03-10|2026-03-11|2026-03-12|2026-03-13|2026-03-16|2026-03-17|2026-03-18|2026-03-19|2026-03-20|2026-03-23|2026-03-24|2026-03-25|2026-03-26|2026-03-27|2026-03-30|2026-03-31|2026-04-01|2026-04-02|2026-04-06|2026-04-07|2026-04-08|2026-04-09|2026-04-10|2026-04-13|2026-04-14|2026-04-15|2026-04-16,2026-04-16 22:47:35,0.0
Korn Ferry,,2026-03-05|2026-03-06|2026-03-09|2026-03-10|2026-03-11|2026-03-12|2026-03-13|2026-03-16|2026-03-17|2026-03-18|2026-03-19|2026-03-20|2026-03-23|2026-03-24|2026-03-25|2026-03-26|2026-03-27|2026-03-30|2026-03-31|2026-04-01|2026-04-02|2026-04-06|2026-04-07|2026-04-08|2026-04-09|2026-04-10|2026-04-13|2026-04-14|2026-04-15|2026-04-16,2026-04-16 22:47:35,0.0
PC Connection Inc,,2026-03-05|2026-03-06|2026-03-09|2026-03-10|2026-03-11|2026-03-12|2026-03-13|2026-03-16|2026-03-17|2026-03-18|2026-03-19|2026-03-20|2026-03-23|2026-03-24|2026-03-25|2026-03-26|2026-03-27|2026-03-30|2026-03-31|2026-04-01|2026-04-02|2026-04-06|2026-04-07|2026-04-08|2026-04-09|2026-04-10|2026-04-13|2026-04-14|2026-04-15|2026-04-16,2026-04-16 22:47:35,0.0
Curtiss-Wright,,2026-03-05|2026-03-06|2026-03-09|2026-03-10|2026-03-11|2026-03-12|2026-03-13|2026-03-16|2026-03-17|2026-03-18|2026-03-19|2026-03-20|2026-03-23|2026-03-24|2026-03-25|2026-03-26|2026-03-27|2026-03-30|2026-03-31|2026-04-01|2026-04-02|2026-04-06|2026-04-07|2026-04-08|2026-04-09|2026-04-10|2026-04-13|2026-04-14|2026-04-15|2026-04-16,2026-04-16 22:47:35,0.0
Sallie Mae,,2026-03-05|2026-03-06|2026-03-09|2026-03-10|2026-03-11|2026-03-12|2026-03-13|2026-03-16|2026-03-17|2026-03-18|2026-03-19|2026-03-20|2026-03-23|2026-03-24|2026-03-25|2026-03-26|2026-03-27|2026-03-30|2026-03-31|2026-04-01|2026-04-02|2026-04-06|2026-04-07|2026-04-08|2026-04-09|2026-04-10|2026-04-13|2026-04-14|2026-04-15|2026-04-16,2026-04-16 22:47:35,0.0
Benchmark Electronics,,2026-03-05|2026-03-06|2026-03-09|2026-03-10|2026-03-11|2026-03-12|2026-03-13|2026-03-16|2026-03-17|2026-03-18|2026-03-19|2026-03-20|2026-03-23|2026-03-24|2026-03-25|2026-03-26|2026-03-27|2026-03-30|2026-03-31|2026-04-01|2026-04-02|2026-04-06|2026-04-07|2026-04-08|2026-04-09|2026-04-10|2026-04-13|2026-04-14|2026-04-15|2026-04-16,2026-04-16 22:47:35,0.0
Pure Storage,,2026-03-05|2026-03-06|2026-03-09|2026-03-10|2026-03-11|2026-03-12|2026-03-13|2026-03-16|2026-03-17|2026-03-18|2026-03-19|2026-03-20|2026-03-23|2026-03-24|2026-03-25|2026-03-26|2026-03-27|2026-03-30|2026-03-31|2026-04-01|2026-04-02|2026-04-06|2026-04-07|2026-04-08|2026-04-09|2026-04-10|2026-04-13|2026-04-14|2026-04-15|2026-04-16,2026-04-16 22:47:35,0.0
Knife River Corporation,,2026-03-05|2026-03-06|2026-03-09|2026-03-10|2026-03-11|2026-03-12|2026-03-13|2026-03-16|2026-03-17|2026-03-18|2026-03-19|2026-03-20|2026-03-23|2026-03-24|2026-03-25|2026-03-26|2026-03-27|2026-03-30|2026-03-31|2026-04-01|2026-04-02|2026-04-06|2026-04-07|2026-04-08|2026-04-09|2026-04-10|2026-04-13|2026-04-14|2026-04-15|2026-04-16,2026-04-16 22:47:35,0.0
Caleres Inc,,2026-03-05|2026-03-06|2026-03-09|2026-03-10|2026-03-11|2026-03-12|2026-03-13|2026-03-16|2026-03-17|2026-03-18|2026-03-19|2026-03-20|2026-03-23|2026-03-24|2026-03-25|2026-03-26|2026-03-27|2026-03-30|2026-03-31|2026-04-01|2026-04-02|2026-04-06|2026-04-07|2026-04-08|2026-04-09|2026-04-10|2026-04-13|2026-04-14|2026-04-15|2026-04-16,2026-04-16 22:47:35,0.0
BrightView Holdings,,2026-03-05|2026-03-06|2026-03-09|2026-03-10|2026-03-11|2026-03-12|2026-03-13|2026-03-16|2026-03-17|2026-03-18|2026-03-19|2026-03-20|2026-03-23|2026-03-24|2026-03-25|2026-03-26|2026-03-27|2026-03-30|2026-03-31|2026-04-01|2026-04-02|2026-04-06|2026-04-07|2026-04-08|2026-04-09|2026-04-10|2026-04-13|2026-04-14|2026-04-15|2026-04-16,2026-04-16 22:47:35,0.0
Cooper-Standard,,2026-03-05|2026-03-06|2026-03-09|2026-03-10|2026-03-11|2026-03-12|2026-03-13|2026-03-16|2026-03-17|2026-03-18|2026-03-19|2026-03-20|2026-03-23|2026-03-24|2026-03-25|2026-03-26|2026-03-27|2026-03-30|2026-03-31|2026-04-01|2026-04-02|2026-04-06|2026-04-07|2026-04-08|2026-04-09|2026-04-10|2026-04-13|2026-04-14|2026-04-15|2026-04-16,2026-04-16 22:47:35,0.0
Primerica,,2026-03-05|2026-03-06|2026-03-09|2026-03-10|2026-03-11|2026-03-12|2026-03-13|2026-03-16|2026-03-17|2026-03-18|2026-03-19|2026-03-20|2026-03-23|2026-03-24|2026-03-25|2026-03-26|2026-03-27|2026-03-30|2026-03-31|2026-04-01|2026-04-02|2026-04-06|2026-04-07|2026-04-08|2026-04-09|2026-04-10|2026-04-13|2026-04-14|2026-04-15|2026-04-16,2026-04-16 22:47:35,0.0
F5,,2026-03-05|2026-03-06|2026-03-09|2026-03-10|2026-03-11|2026-03-12|2026-03-13|2026-03-16|2026-03-17|2026-03-18|2026-03-19|2026-03-20|2026-03-23|2026-03-24|2026-03-25|2026-03-26|2026-03-27|2026-03-30|2026-03-31|2026-04-01|2026-04-02|2026-04-06|2026-04-07|2026-04-08|2026-04-09|2026-04-10|2026-04-13|2026-04-14|2026-04-15|2026-04-16,2026-04-16 22:47:35,0.0
Matador Resources,,2026-03-05|2026-03-06|2026-03-09|2026-03-10|2026-03-11|2026-03-12|2026-03-13|2026-03-16|2026-03-17|2026-03-18|2026-03-19|2026-03-20|2026-03-23|2026-03-24|2026-03-25|2026-03-26|2026-03-27|2026-03-30|2026-03-31|2026-04-01|2026-04-02|2026-04-06|2026-04-07|2026-04-08|2026-04-09|2026-04-10|2026-04-13|2026-04-14|2026-04-15|2026-04-16,2026-04-16 22:47:35,0.0
Snowflake Inc,,2026-03-05|2026-03-06|2026-03-09|2026-03-10|2026-03-11|2026-03-12|2026-03-13|2026-03-16|2026-03-17|2026-03-18|2026-03-19|2026-03-20|2026-03-23|2026-03-24|2026-03-25|2026-03-26|2026-03-27|2026-03-30|2026-03-31|2026-04-01|2026-04-02|2026-04-06|2026-04-07|2026-04-08|2026-04-09|2026-04-10|2026-04-13|2026-04-14|2026-04-15|2026-04-16,2026-04-16 22:47:35,0.0
Viasat,,2026-03-05|2026-03-06|2026-03-09|2026-03-10|2026-03-11|2026-03-12|2026-03-13|2026-03-16|2026-03-17|2026-03-18|2026-03-19|2026-03-20|2026-03-23|2026-03-24|2026-03-25|2026-03-26|2026-03-27|2026-03-30|2026-03-31|2026-04-01|2026-04-02|2026-04-06|2026-04-07|2026-04-08|2026-04-09|2026-04-10|2026-04-13|2026-04-14|2026-04-15|2026-04-16,2026-04-16 22:47:35,0.0
California Resources,,2026-03-05|2026-03-06|2026-03-09|2026-03-10|2026-03-11|2026-03-12|2026-03-13|2026-03-16|2026-03-17|2026-03-18|2026-03-19|2026-03-20|2026-03-23|2026-03-24|2026-03-25|2026-03-26|2026-03-27|2026-03-30|2026-03-31|2026-04-01|2026-04-02|2026-04-06|2026-04-07|2026-04-08|2026-04-09|2026-04-10|2026-04-13|2026-04-14|2026-04-15|2026-04-16,2026-04-16 22:47:35,0.0
Peloton Interactive,,2026-03-05|2026-03-06|2026-03-09|2026-03-10|2026-03-11|2026-03-12|2026-03-13|2026-03-16|2026-03-17|2026-03-18|2026-03-19|2026-03-20|2026-03-23|2026-03-24|2026-03-25|2026-03-26|2026-03-27|2026-03-30|2026-03-31|2026-04-01|2026-04-02|2026-04-06|2026-04-07|2026-04-08|2026-04-09|2026-04-10|2026-04-13|2026-04-14|2026-04-15|2026-04-16,2026-04-16 22:47:35,0.0
Roblox,,2026-03-05|2026-03-06|2026-03-09|2026-03-10|2026-03-11|2026-03-12|2026-03-13|2026-03-16|2026-03-17|2026-03-18|2026-03-19|2026-03-20|2026-03-23|2026-03-24|2026-03-25|2026-03-26|2026-03-27|2026-03-30|2026-03-31|2026-04-01|2026-04-02|2026-04-06|2026-04-07|2026-04-08|2026-04-09|2026-04-10|2026-04-13|2026-04-14|2026-04-15|2026-04-16,2026-04-16 22:47:35,0.0
Installed Building Products,,2026-03-05|2026-03-06|2026-03-09|2026-03-10|2026-03-11|2026-03-12|2026-03-13|2026-03-16|2026-03-17|2026-03-18|2026-03-19|2026-03-20|2026-03-23|2026-03-24|2026-03-25|2026-03-26|2026-03-27|2026-03-30|2026-03-31|2026-04-01|2026-04-02|2026-04-06|2026-04-07|2026-04-08|2026-04-09|2026-04-10|2026-04-13|2026-04-14|2026-04-15|2026-04-16,2026-04-16 22:47:35,0.0
First National of Nebraska,,2026-03-04|2026-03-05|2026-03-06|2026-03-09|2026-03-10|2026-03-11|2026-03-12|2026-03-13|2026-03-16|2026-03-17|2026-03-18|2026-03-19|2026-03-20|2026-03-23|2026-03-24|2026-03-25|2026-03-26|2026-03-27|2026-03-30|2026-03-31|2026-04-01|2026-04-02|2026-04-06|2026-04-07|2026-04-08|2026-04-09|2026-04-10|2026-04-13|2026-04-14|2026-04-15,2026-04-16 22:47:35,0.0
ESAB,,2026-03-05|2026-03-06|2026-03-09|2026-03-10|2026-03-11|2026-03-12|2026-03-13|2026-03-16|2026-03-17|2026-03-18|2026-03-19|2026-03-20|2026-03-23|2026-03-24|2026-03-25|2026-03-26|2026-03-27|2026-03-30|2026-03-31|2026-04-01|2026-04-02|2026-04-06|2026-04-07|2026-04-08|2026-04-09|2026-04-10|2026-04-13|2026-04-14|2026-04-15|2026-04-16,2026-04-16 22:47:35,0.0
AvalonBay Communities,,2026-03-05|2026-03-06|2026-03-09|2026-03-10|2026-03-11|2026-03-12|2026-03-13|2026-03-16|2026-03-17|2026-03-18|2026-03-19|2026-03-20|2026-03-23|2026-03-24|2026-03-25|2026-03-26|2026-03-27|2026-03-30|2026-03-31|2026-04-01|2026-04-02|2026-04-06|2026-04-07|2026-04-08|2026-04-09|2026-04-10|2026-04-13|2026-04-14|2026-04-15|2026-04-16,2026-04-16 22:47:35,0.0
DocuSign,,2026-03-05|2026-03-06|2026-03-09|2026-03-10|2026-03-11|2026-03-12|2026-03-13|2026-03-16|2026-03-17|2026-03-18|2026-03-19|2026-03-20|2026-03-23|2026-03-24|2026-03-25|2026-03-26|2026-03-27|2026-03-30|2026-03-31|2026-04-01|2026-04-02|2026-04-06|2026-04-07|2026-04-08|2026-04-09|2026-04-10|2026-04-13|2026-04-14|2026-04-15|2026-04-16,2026-04-16 22:47:35,0.0
Titan Machinery,,2026-03-05|2026-03-06|2026-03-09|2026-03-10|2026-03-11|2026-03-12|2026-03-13|2026-03-16|2026-03-17|2026-03-18|2026-03-19|2026-03-20|2026-03-23|2026-03-24|2026-03-25|2026-03-26|2026-03-27|2026-03-30|2026-03-31|2026-04-01|2026-04-02|2026-04-06|2026-04-07|2026-04-08|2026-04-09|2026-04-10|2026-04-13|2026-04-14|2026-04-15|2026-04-16,2026-04-16 22:47:35,0.0
Hovnanian Enterprises,,2026-03-05|2026-03-06|2026-03-09|2026-03-10|2026-03-11|2026-03-12|2026-03-13|2026-03-16|2026-03-17|2026-03-18|2026-03-19|2026-03-20|2026-03-23|2026-03-24|2026-03-25|2026-03-26|2026-03-27|2026-03-30|2026-03-31|2026-04-01|2026-04-02|2026-04-06|2026-04-07|2026-04-08|2026-04-09|2026-04-10|2026-04-13|2026-04-14|2026-04-15|2026-04-16,2026-04-16 22:47:35,0.0
Etsy,,2026-03-05|2026-03-06|2026-03-09|2026-03-10|2026-03-11|2026-03-12|2026-03-13|2026-03-16|2026-03-17|2026-03-18|2026-03-19|2026-03-20|2026-03-23|2026-03-24|2026-03-25|2026-03-26|2026-03-27|2026-03-30|2026-03-31|2026-04-01|2026-04-02|2026-04-06|2026-04-07|2026-04-08|2026-04-09|2026-04-10|2026-04-13|2026-04-14|2026-04-15|2026-04-16,2026-04-16 22:47:35,0.0
Surgery Partners,,2026-03-05|2026-03-06|2026-03-09|2026-03-10|2026-03-11|2026-03-12|2026-03-13|2026-03-16|2026-03-17|2026-03-18|2026-03-19|2026-03-20|2026-03-23|2026-03-24|2026-03-25|2026-03-26|2026-03-27|2026-03-30|2026-03-31|2026-04-01|2026-04-02|2026-04-06|2026-04-07|2026-04-08|2026-04-09|2026-04-10|2026-04-13|2026-04-14|2026-04-15|2026-04-16,2026-04-16 22:47:35,0.0
Columbia Banking System,,2026-03-05|2026-03-06|2026-03-09|2026-03-10|2026-03-11|2026-03-12|2026-03-13|2026-03-16|2026-03-17|2026-03-18|2026-03-19|2026-03-20|2026-03-23|2026-03-24|2026-03-25|2026-03-26|2026-03-27|2026-03-30|2026-03-31|2026-04-01|2026-04-02|2026-04-06|2026-04-07|2026-04-08|2026-04-09|2026-04-10|2026-04-13|2026-04-14|2026-04-15|2026-04-16,2026-04-16 22:47:35,0.0
Verisk Analytics,,2026-03-05|2026-03-06|2026-03-09|2026-03-10|2026-03-11|2026-03-12|2026-03-13|2026-03-16|2026-03-17|2026-03-18|2026-03-19|2026-03-20|2026-03-23|2026-03-24|2026-03-25|2026-03-26|2026-03-27|2026-03-30|2026-03-31|2026-04-01|2026-04-02|2026-04-06|2026-04-07|2026-04-08|2026-04-09|2026-04-10|2026-04-13|2026-04-14|2026-04-15|2026-04-16,2026-04-16 22:47:35,0.0
MasterBrand,,2026-03-05|2026-03-06|2026-03-09|2026-03-10|2026-03-11|2026-03-12|2026-03-13|2026-03-16|2026-03-17|2026-03-18|2026-03-19|2026-03-20|2026-03-23|2026-03-24|2026-03-25|2026-03-26|2026-03-27|2026-03-30|2026-03-31|2026-04-01|2026-04-02|2026-04-06|2026-04-07|2026-04-08|2026-04-09|2026-04-10|2026-04-13|2026-04-14|2026-04-15|2026-04-16,2026-04-16 22:47:35,0.0
AMC Networks,,2026-03-05|2026-03-06|2026-03-09|2026-03-10|2026-03-11|2026-03-12|2026-03-13|2026-03-16|2026-03-17|2026-03-18|2026-03-19|2026-03-20|2026-03-23|2026-03-24|2026-03-25|2026-03-26|2026-03-27|2026-03-30|2026-03-31|2026-04-01|2026-04-02|2026-04-06|2026-04-07|2026-04-08|2026-04-09|2026-04-10|2026-04-13|2026-04-14|2026-04-15|2026-04-16,2026-04-16 22:47:35,0.0
SBA Communications,,2026-03-05|2026-03-06|2026-03-09|2026-03-10|2026-03-11|2026-03-12|2026-03-13|2026-03-16|2026-03-17|2026-03-18|2026-03-19|2026-03-20|2026-03-23|2026-03-24|2026-03-25|2026-03-26|2026-03-27|2026-03-30|2026-03-31|2026-04-01|2026-04-02|2026-04-06|2026-04-07|2026-04-08|2026-04-09|2026-04-10|2026-04-13|2026-04-14|2026-04-15|2026-04-16,2026-04-16 22:47:35,0.0
Americold Realty Trust,,2026-03-05|2026-03-06|2026-03-09|2026-03-10|2026-03-11|2026-03-12|2026-03-13|2026-03-16|2026-03-17|2026-03-18|2026-03-19|2026-03-20|2026-03-23|2026-03-24|2026-03-25|2026-03-26|2026-03-27|2026-03-30|2026-03-31|2026-04-01|2026-04-02|2026-04-06|2026-04-07|2026-04-08|2026-04-09|2026-04-10|2026-04-13|2026-04-14|2026-04-15|2026-04-16,2026-04-16 22:47:35,0.0
NewMarket Corporation,,2026-03-05|2026-03-06|2026-03-09|2026-03-10|2026-03-11|2026-03-12|2026-03-13|2026-03-16|2026-03-17|2026-03-18|2026-03-19|2026-03-20|2026-03-23|2026-03-24|2026-03-25|2026-03-26|2026-03-27|2026-03-30|2026-03-31|2026-04-01|2026-04-02|2026-04-06|2026-04-07|2026-04-08|2026-04-09|2026-04-10|2026-04-13|2026-04-14|2026-04-15|2026-04-16,2026-04-16 22:47:35,0.0
Park Hotels & Resorts,,2026-03-05|2026-03-06|2026-03-09|2026-03-10|2026-03-11|2026-03-12|2026-03-13|2026-03-16|2026-03-17|2026-03-18|2026-03-19|2026-03-20|2026-03-23|2026-03-24|2026-03-25|2026-03-26|2026-03-27|2026-03-30|2026-03-31|2026-04-01|2026-04-02|2026-04-06|2026-04-07|2026-04-08|2026-04-09|2026-04-10|2026-04-13|2026-04-14|2026-04-15|2026-04-16,2026-04-16 22:47:35,0.0
Alexandria Real Estate Equities,,2026-03-05|2026-03-06|2026-03-09|2026-03-10|2026-03-11|2026-03-12|2026-03-13|2026-03-16|2026-03-17|2026-03-18|2026-03-19|2026-03-20|2026-03-23|2026-03-24|2026-03-25|2026-03-26|2026-03-27|2026-03-30|2026-03-31|2026-04-01|2026-04-02|2026-04-06|2026-04-07|2026-04-08|2026-04-09|2026-04-10|2026-04-13|2026-04-14|2026-04-15|2026-04-16,2026-04-16 22:47:35,0.0
Griffon Corporation,,2026-03-05|2026-03-06|2026-03-09|2026-03-10|2026-03-11|2026-03-12|2026-03-13|2026-03-16|2026-03-17|2026-03-18|2026-03-19|2026-03-20|2026-03-23|2026-03-24|2026-03-25|2026-03-26|2026-03-27|2026-03-30|2026-03-31|2026-04-01|2026-04-02|2026-04-06|2026-04-07|2026-04-08|2026-04-09|2026-04-10|2026-04-13|2026-04-14|2026-04-15|2026-04-16,2026-04-16 22:47:35,0.0
Air Lease,,2026-02-25|2026-02-26|2026-02-27|2026-03-02|2026-03-03|2026-03-04|2026-03-05|2026-03-06|2026-03-09|2026-03-10|2026-03-11|2026-03-12|2026-03-13|2026-03-16|2026-03-17|2026-03-18|2026-03-19|2026-03-20|2026-03-23|2026-03-24|2026-03-25|2026-03-26|2026-03-27|2026-03-30|2026-03-31|2026-04-01|2026-04-02|2026-04-06|2026-04-07|2026-04-08,2026-04-16 22:47:35,0.0
UL Solutions,,2026-03-05|2026-03-06|2026-03-09|2026-03-10|2026-03-11|2026-03-12|2026-03-13|2026-03-16|2026-03-17|2026-03-18|2026-03-19|2026-03-20|2026-03-23|2026-03-24|2026-03-25|2026-03-26|2026-03-27|2026-03-30|2026-03-31|2026-04-01|2026-04-02|2026-04-06|2026-04-07|2026-04-08|2026-04-09|2026-04-10|2026-04-13|2026-04-14|2026-04-15|2026-04-16,2026-04-16 22:47:35,0.0
Teradyne,,2026-03-05|2026-03-06|2026-03-09|2026-03-10|2026-03-11|2026-03-12|2026-03-13|2026-03-16|2026-03-17|2026-03-18|2026-03-19|2026-03-20|2026-03-23|2026-03-24|2026-03-25|2026-03-26|2026-03-27|2026-03-30|2026-03-31|2026-04-01|2026-04-02|2026-04-06|2026-04-07|2026-04-08|2026-04-09|2026-04-10|2026-04-13|2026-04-14|2026-04-15|2026-04-16,2026-04-16 22:47:35,0.0
OGE Energy,,2026-03-05|2026-03-06|2026-03-09|2026-03-10|2026-03-11|2026-03-12|2026-03-13|2026-03-16|2026-03-17|2026-03-18|2026-03-19|2026-03-20|2026-03-23|2026-03-24|2026-03-25|2026-03-26|2026-03-27|2026-03-30|2026-03-31|2026-04-01|2026-04-02|2026-04-06|2026-04-07|2026-04-08|2026-04-09|2026-04-10|2026-04-13|2026-04-14|2026-04-15|2026-04-16,2026-04-16 22:47:35,0.0
Bio-Rad Laboratories,,2026-03-05|2026-03-06|2026-03-09|2026-03-10|2026-03-11|2026-03-12|2026-03-13|2026-03-16|2026-03-17|2026-03-18|2026-03-19|2026-03-20|2026-03-23|2026-03-24|2026-03-25|2026-03-26|2026-03-27|2026-03-30|2026-03-31|2026-04-01|2026-04-02|2026-04-06|2026-04-07|2026-04-08|2026-04-09|2026-04-10|2026-04-13|2026-04-14|2026-04-15|2026-04-16,2026-04-16 22:47:35,0.0
Spire Inc,,2026-03-05|2026-03-06|2026-03-09|2026-03-10|2026-03-11|2026-03-12|2026-03-13|2026-03-16|2026-03-17|2026-03-18|2026-03-19|2026-03-20|2026-03-23|2026-03-24|2026-03-25|2026-03-26|2026-03-27|2026-03-30|2026-03-31|2026-04-01|2026-04-02|2026-04-06|2026-04-07|2026-04-08|2026-04-09|2026-04-10|2026-04-13|2026-04-14|2026-04-15|2026-04-16,2026-04-16 22:47:35,0.0
Cullen Frost Bankers,,2026-03-05|2026-03-06|2026-03-09|2026-03-10|2026-03-11|2026-03-12|2026-03-13|2026-03-16|2026-03-17|2026-03-18|2026-03-19|2026-03-20|2026-03-23|2026-03-24|2026-03-25|2026-03-26|2026-03-27|2026-03-30|2026-03-31|2026-04-01|2026-04-02|2026-04-06|2026-04-07|2026-04-08|2026-04-09|2026-04-10|2026-04-13|2026-04-14|2026-04-15|2026-04-16,2026-04-16 22:47:35,0.0
Extra Space Storage,,2026-03-05|2026-03-06|2026-03-09|2026-03-10|2026-03-11|2026-03-12|2026-03-13|2026-03-16|2026-03-17|2026-03-18|2026-03-19|2026-03-20|2026-03-23|2026-03-24|2026-03-25|2026-03-26|2026-03-27|2026-03-30|2026-03-31|2026-04-01|2026-04-02|2026-04-06|2026-04-07|2026-04-08|2026-04-09|2026-04-10|2026-04-13|2026-04-14|2026-04-15|2026-04-16,2026-04-16 22:47:35,0.0
ProFrac Holding,,2026-03-05|2026-03-06|2026-03-09|2026-03-10|2026-03-11|2026-03-12|2026-03-13|2026-03-16|2026-03-17|2026-03-18|2026-03-19|2026-03-20|2026-03-23|2026-03-24|2026-03-25|2026-03-26|2026-03-27|2026-03-30|2026-03-31|2026-04-01|2026-04-02|2026-04-06|2026-04-07|2026-04-08|2026-04-09|2026-04-10|2026-04-13|2026-04-14|2026-04-15|2026-04-16,2026-04-16 22:47:35,0.0
Nordson,,2026-03-05|2026-03-06|2026-03-09|2026-03-10|2026-03-11|2026-03-12|2026-03-13|2026-03-16|2026-03-17|2026-03-18|2026-03-19|2026-03-20|2026-03-23|2026-03-24|2026-03-25|2026-03-26|2026-03-27|2026-03-30|2026-03-31|2026-04-01|2026-04-02|2026-04-06|2026-04-07|2026-04-08|2026-04-09|2026-04-10|2026-04-13|2026-04-14|2026-04-15|2026-04-16,2026-04-16 22:47:35,0.0
Valvoline Inc,,2026-03-05|2026-03-06|2026-03-09|2026-03-10|2026-03-11|2026-03-12|2026-03-13|2026-03-16|2026-03-17|2026-03-18|2026-03-19|2026-03-20|2026-03-23|2026-03-24|2026-03-25|2026-03-26|2026-03-27|2026-03-30|2026-03-31|2026-04-01|2026-04-02|2026-04-06|2026-04-07|2026-04-08|2026-04-09|2026-04-10|2026-04-13|2026-04-14|2026-04-15|2026-04-16,2026-04-16 22:47:35,0.0
Kontoor Brands,,2026-03-05|2026-03-06|2026-03-09|2026-03-10|2026-03-11|2026-03-12|2026-03-13|2026-03-16|2026-03-17|2026-03-18|2026-03-19|2026-03-20|2026-03-23|2026-03-24|2026-03-25|2026-03-26|2026-03-27|2026-03-30|2026-03-31|2026-04-01|2026-04-02|2026-04-06|2026-04-07|2026-04-08|2026-04-09|2026-04-10|2026-04-13|2026-04-14|2026-04-15|2026-04-16,2026-04-16 22:47:35,0.0
Skyline Champion,,2026-03-05|2026-03-06|2026-03-09|2026-03-10|2026-03-11|2026-03-12|2026-03-13|2026-03-16|2026-03-17|2026-03-18|2026-03-19|2026-03-20|2026-03-23|2026-03-24|2026-03-25|2026-03-26|2026-03-27|2026-03-30|2026-03-31|2026-04-01|2026-04-02|2026-04-06|2026-04-07|2026-04-08|2026-04-09|2026-04-10|2026-04-13|2026-04-14|2026-04-15|2026-04-16,2026-04-16 22:47:35,0.0
Teladoc Health,,2026-03-05|2026-03-06|2026-03-09|2026-03-10|2026-03-11|2026-03-12|2026-03-13|2026-03-16|2026-03-17|2026-03-18|2026-03-19|2026-03-20|2026-03-23|2026-03-24|2026-03-25|2026-03-26|2026-03-27|2026-03-30|2026-03-31|2026-04-01|2026-04-02|2026-04-06|2026-04-07|2026-04-08|2026-04-09|2026-04-10|2026-04-13|2026-04-14|2026-04-15|2026-04-16,2026-04-16 22:47:35,0.0
Louisiana-Pacific Corporation,,2026-03-05|2026-03-06|2026-03-09|2026-03-10|2026-03-11|2026-03-12|2026-03-13|2026-03-16|2026-03-17|2026-03-18|2026-03-19|2026-03-20|2026-03-23|2026-03-24|2026-03-25|2026-03-26|2026-03-27|2026-03-30|2026-03-31|2026-04-01|2026-04-02|2026-04-06|2026-04-07|2026-04-08|2026-04-09|2026-04-10|2026-04-13|2026-04-14|2026-04-15|2026-04-16,2026-04-16 22:47:35,0.0
Universal Corporation,,2026-03-05|2026-03-06|2026-03-09|2026-03-10|2026-03-11|2026-03-12|2026-03-13|2026-03-16|2026-03-17|2026-03-18|2026-03-19|2026-03-20|2026-03-23|2026-03-24|2026-03-25|2026-03-26|2026-03-27|2026-03-30|2026-03-31|2026-04-01|2026-04-02|2026-04-06|2026-04-07|2026-04-08|2026-04-09|2026-04-10|2026-04-13|2026-04-14|2026-04-15|2026-04-16,2026-04-16 22:47:35,0.0
Playtika Holding,,2026-03-05|2026-03-06|2026-03-09|2026-03-10|2026-03-11|2026-03-12|2026-03-13|2026-03-16|2026-03-17|2026-03-18|2026-03-19|2026-03-20|2026-03-23|2026-03-24|2026-03-25|2026-03-26|2026-03-27|2026-03-30|2026-03-31|2026-04-01|2026-04-02|2026-04-06|2026-04-07|2026-04-08|2026-04-09|2026-04-10|2026-04-13|2026-04-14|2026-04-15|2026-04-16,2026-04-16 22:47:35,0.0
Alliance Resource Partners,,2026-03-05|2026-03-06|2026-03-09|2026-03-10|2026-03-11|2026-03-12|2026-03-13|2026-03-16|2026-03-17|2026-03-18|2026-03-19|2026-03-20|2026-03-23|2026-03-24|2026-03-25|2026-03-26|2026-03-27|2026-03-30|2026-03-31|2026-04-01|2026-04-02|2026-04-06|2026-04-07|2026-04-08|2026-04-09|2026-04-10|2026-04-13|2026-04-14|2026-04-15|2026-04-16,2026-04-16 22:47:35,0.0
Envista Holdings,,2026-03-05|2026-03-06|2026-03-09|2026-03-10|2026-03-11|2026-03-12|2026-03-13|2026-03-16|2026-03-17|2026-03-18|2026-03-19|2026-03-20|2026-03-23|2026-03-24|2026-03-25|2026-03-26|2026-03-27|2026-03-30|2026-03-31|2026-04-01|2026-04-02|2026-04-06|2026-04-07|2026-04-08|2026-04-09|2026-04-10|2026-04-13|2026-04-14|2026-04-15|2026-04-16,2026-04-16 22:47:35,0.0
Shift4 Payments,,2026-03-05|2026-03-06|2026-03-09|2026-03-10|2026-03-11|2026-03-12|2026-03-13|2026-03-16|2026-03-17|2026-03-18|2026-03-19|2026-03-20|2026-03-23|2026-03-24|2026-03-25|2026-03-26|2026-03-27|2026-03-30|2026-03-31|2026-04-01|2026-04-02|2026-04-06|2026-04-07|2026-04-08|2026-04-09|2026-04-10|2026-04-13|2026-04-14|2026-04-15|2026-04-16,2026-04-16 22:47:35,0.0
Talen Energy,,2026-03-04|2026-03-05|2026-03-06|2026-03-09|2026-03-10|2026-03-11|2026-03-12|2026-03-13|2026-03-16|2026-03-17|2026-03-18|2026-03-19|2026-03-20|2026-03-23|2026-03-24|2026-03-25|2026-03-26|2026-03-27|2026-03-30|2026-03-31|2026-04-01|2026-04-02|2026-04-06|2026-04-07|2026-04-08|2026-04-09|2026-04-10|2026-04-13|2026-04-14|2026-04-15,2026-04-16 22:47:35,0.0
Carpenter Technology,,2026-03-05|2026-03-06|2026-03-09|2026-03-10|2026-03-11|2026-03-12|2026-03-13|2026-03-16|2026-03-17|2026-03-18|2026-03-19|2026-03-20|2026-03-23|2026-03-24|2026-03-25|2026-03-26|2026-03-27|2026-03-30|2026-03-31|2026-04-01|2026-04-02|2026-04-06|2026-04-07|2026-04-08|2026-04-09|2026-04-10|2026-04-13|2026-04-14|2026-04-15|2026-04-16,2026-04-16 22:47:35,0.0
WEX,,2026-03-05|2026-03-06|2026-03-09|2026-03-10|2026-03-11|2026-03-12|2026-03-13|2026-03-16|2026-03-17|2026-03-18|2026-03-19|2026-03-20|2026-03-23|2026-03-24|2026-03-25|2026-03-26|2026-03-27|2026-03-30|2026-03-31|2026-04-01|2026-04-02|2026-04-06|2026-04-07|2026-04-08|2026-04-09|2026-04-10|2026-04-13|2026-04-14|2026-04-15|2026-04-16,2026-04-16 22:47:35,0.0
Old National Bancorp,,2026-03-05|2026-03-06|2026-03-09|2026-03-10|2026-03-11|2026-03-12|2026-03-13|2026-03-16|2026-03-17|2026-03-18|2026-03-19|2026-03-20|2026-03-23|2026-03-24|2026-03-25|2026-03-26|2026-03-27|2026-03-30|2026-03-31|2026-04-01|2026-04-02|2026-04-06|2026-04-07|2026-04-08|2026-04-09|2026-04-10|2026-04-13|2026-04-14|2026-04-15|2026-04-16,2026-04-16 22:47:35,0.0
AGNC Investment,,2026-03-05|2026-03-06|2026-03-09|2026-03-10|2026-03-11|2026-03-12|2026-03-13|2026-03-16|2026-03-17|2026-03-18|2026-03-19|2026-03-20|2026-03-23|2026-03-24|2026-03-25|2026-03-26|2026-03-27|2026-03-30|2026-03-31|2026-04-01|2026-04-02|2026-04-06|2026-04-07|2026-04-08|2026-04-09|2026-04-10|2026-04-13|2026-04-14|2026-04-15|2026-04-16,2026-04-16 22:47:35,0.0
Wabash National,,2026-03-05|2026-03-06|2026-03-09|2026-03-10|2026-03-11|2026-03-12|2026-03-13|2026-03-16|2026-03-17|2026-03-18|2026-03-19|2026-03-20|2026-03-23|2026-03-24|2026-03-25|2026-03-26|2026-03-27|2026-03-30|2026-03-31|2026-04-01|2026-04-02|2026-04-06|2026-04-07|2026-04-08|2026-04-09|2026-04-10|2026-04-13|2026-04-14|2026-04-15|2026-04-16,2026-04-16 22:47:35,0.0
MSCI,,2026-03-05|2026-03-06|2026-03-09|2026-03-10|2026-03-11|2026-03-12|2026-03-13|2026-03-16|2026-03-17|2026-03-18|2026-03-19|2026-03-20|2026-03-23|2026-03-24|2026-03-25|2026-03-26|2026-03-27|2026-03-30|2026-03-31|2026-04-01|2026-04-02|2026-04-06|2026-04-07|2026-04-08|2026-04-09|2026-04-10|2026-04-13|2026-04-14|2026-04-15|2026-04-16,2026-04-16 22:47:35,0.0
Stagwell,,2026-03-05|2026-03-06|2026-03-09|2026-03-10|2026-03-11|2026-03-12|2026-03-13|2026-03-16|2026-03-17|2026-03-18|2026-03-19|2026-03-20|2026-03-23|2026-03-24|2026-03-25|2026-03-26|2026-03-27|2026-03-30|2026-03-31|2026-04-01|2026-04-02|2026-04-06|2026-04-07|2026-04-08|2026-04-09|2026-04-10|2026-04-13|2026-04-14|2026-04-15|2026-04-16,2026-04-16 22:47:35,0.0
Mativ,,2026-03-05|2026-03-06|2026-03-09|2026-03-10|2026-03-11|2026-03-12|2026-03-13|2026-03-16|2026-03-17|2026-03-18|2026-03-19|2026-03-20|2026-03-23|2026-03-24|2026-03-25|2026-03-26|2026-03-27|2026-03-30|2026-03-31|2026-04-01|2026-04-02|2026-04-06|2026-04-07|2026-04-08|2026-04-09|2026-04-10|2026-04-13|2026-04-14|2026-04-15|2026-04-16,2026-04-16 22:47:35,0.0
Belden,,2026-03-05|2026-03-06|2026-03-09|2026-03-10|2026-03-11|2026-03-12|2026-03-13|2026-03-16|2026-03-17|2026-03-18|2026-03-19|2026-03-20|2026-03-23|2026-03-24|2026-03-25|2026-03-26|2026-03-27|2026-03-30|2026-03-31|2026-04-01|2026-04-02|2026-04-06|2026-04-07|2026-04-08|2026-04-09|2026-04-10|2026-04-13|2026-04-14|2026-04-15|2026-04-16,2026-04-16 22:47:35,0.0
Allegiant Travel Company,,2026-03-05|2026-03-06|2026-03-09|2026-03-10|2026-03-11|2026-03-12|2026-03-13|2026-03-16|2026-03-17|2026-03-18|2026-03-19|2026-03-20|2026-03-23|2026-03-24|2026-03-25|2026-03-26|2026-03-27|2026-03-30|2026-03-31|2026-04-01|2026-04-02|2026-04-06|2026-04-07|2026-04-08|2026-04-09|2026-04-10|2026-04-13|2026-04-14|2026-04-15|2026-04-16,2026-04-16 22:47:35,0.0
Dropbox,,2026-03-05|2026-03-06|2026-03-09|2026-03-10|2026-03-11|2026-03-12|2026-03-13|2026-03-16|2026-03-17|2026-03-18|2026-03-19|2026-03-20|2026-03-23|2026-03-24|2026-03-25|2026-03-26|2026-03-27|2026-03-30|2026-03-31|2026-04-01|2026-04-02|2026-04-06|2026-04-07|2026-04-08|2026-04-09|2026-04-10|2026-04-13|2026-04-14|2026-04-15|2026-04-16,2026-04-16 22:47:35,0.0
Exact Sciences,,2026-02-09|2026-02-10|2026-02-11|2026-02-12|2026-02-13|2026-02-17|2026-02-18|2026-02-19|2026-02-20|2026-02-23|2026-02-24|2026-02-25|2026-02-26|2026-02-27|2026-03-02|2026-03-03|2026-03-04|2026-03-05|2026-03-06|2026-03-09|2026-03-10|2026-03-11|2026-03-12|2026-03-13|2026-03-16|2026-03-17|2026-03-18|2026-03-19|2026-03-20|2026-03-23,2026-04-16 22:47:35,0.0
BWX Technologies,,2026-03-05|2026-03-06|2026-03-09|2026-03-10|2026-03-11|2026-03-12|2026-03-13|2026-03-16|2026-03-17|2026-03-18|2026-03-19|2026-03-20|2026-03-23|2026-03-24|2026-03-25|2026-03-26|2026-03-27|2026-03-30|2026-03-31|2026-04-01|2026-04-02|2026-04-06|2026-04-07|2026-04-08|2026-04-09|2026-04-10|2026-04-13|2026-04-14|2026-04-15|2026-04-16,2026-04-16 22:47:35,0.0
Clear Channel Outdoor Holdings,,2026-03-05|2026-03-06|2026-03-09|2026-03-10|2026-03-11|2026-03-12|2026-03-13|2026-03-16|2026-03-17|2026-03-18|2026-03-19|2026-03-20|2026-03-23|2026-03-24|2026-03-25|2026-03-26|2026-03-27|2026-03-30|2026-03-31|2026-04-01|2026-04-02|2026-04-06|2026-04-07|2026-04-08|2026-04-09|2026-04-10|2026-04-13|2026-04-14|2026-04-15|2026-04-16,2026-04-16 22:47:35,0.0
Gap Inc,,2026-03-05|2026-03-06|2026-03-09|2026-03-10|2026-03-11|2026-03-12|2026-03-13|2026-03-16|2026-03-17|2026-03-18|2026-03-19|2026-03-20|2026-03-23|2026-03-24|2026-03-25|2026-03-26|2026-03-27|2026-03-30|2026-03-31|2026-04-01|2026-04-02|2026-04-06|2026-04-07|2026-04-08|2026-04-09|2026-04-10|2026-04-13|2026-04-14|2026-04-15|2026-04-16,2026-04-16 22:47:35,0.0
Old Navy,,2026-03-05|2026-03-06|2026-03-09|2026-03-10|2026-03-11|2026-03-12|2026-03-13|2026-03-16|2026-03-17|2026-03-18|2026-03-19|2026-03-20|2026-03-23|2026-03-24|2026-03-25|2026-03-26|2026-03-27|2026-03-30|2026-03-31|2026-04-01|2026-04-02|2026-04-06|2026-04-07|2026-04-08|2026-04-09|2026-04-10|2026-04-13|2026-04-14|2026-04-15|2026-04-16,2026-04-16 22:47:35,0.0
WM,,2026-03-05|2026-03-06|2026-03-09|2026-03-10|2026-03-11|2026-03-12|2026-03-13|2026-03-16|2026-03-17|2026-03-18|2026-03-19|2026-03-20|2026-03-23|2026-03-24|2026-03-25|2026-03-26|2026-03-27|2026-03-30|2026-03-31|2026-04-01|2026-04-02|2026-04-06|2026-04-07|2026-04-08|2026-04-09|2026-04-10|2026-04-13|2026-04-14|2026-04-15|2026-04-16,2026-04-16 22:47:35,0.0
Block Inc,,2026-03-05|2026-03-06|2026-03-09|2026-03-10|2026-03-11|2026-03-12|2026-03-13|2026-03-16|2026-03-17|2026-03-18|2026-03-19|2026-03-20|2026-03-23|2026-03-24|2026-03-25|2026-03-26|2026-03-27|2026-03-30|2026-03-31|2026-04-01|2026-04-02|2026-04-06|2026-04-07|2026-04-08|2026-04-09|2026-04-10|2026-04-13|2026-04-14|2026-04-15|2026-04-16,2026-04-16 22:47:35,0.0
Fox Corporation,,2026-03-05|2026-03-06|2026-03-09|2026-03-10|2026-03-11|2026-03-12|2026-03-13|2026-03-16|2026-03-17|2026-03-18|2026-03-19|2026-03-20|2026-03-23|2026-03-24|2026-03-25|2026-03-26|2026-03-27|2026-03-30|2026-03-31|2026-04-01|2026-04-02|2026-04-06|2026-04-07|2026-04-08|2026-04-09|2026-04-10|2026-04-13|2026-04-14|2026-04-15|2026-04-16,2026-04-16 22:47:35,0.0
Westlake Corporation,,2026-03-05|2026-03-06|2026-03-09|2026-03-10|2026-03-11|2026-03-12|2026-03-13|2026-03-16|2026-03-17|2026-03-18|2026-03-19|2026-03-20|2026-03-23|2026-03-24|2026-03-25|2026-03-26|2026-03-27|2026-03-30|2026-03-31|2026-04-01|2026-04-02|2026-04-06|2026-04-07|2026-04-08|2026-04-09|2026-04-10|2026-04-13|2026-04-14|2026-04-15|2026-04-16,2026-04-16 22:47:35,0.0
Bausch & Lomb,,2026-03-05|2026-03-06|2026-03-09|2026-03-10|2026-03-11|2026-03-12|2026-03-13|2026-03-16|2026-03-17|2026-03-18|2026-03-19|2026-03-20|2026-03-23|2026-03-24|2026-03-25|2026-03-26|2026-03-27|2026-03-30|2026-03-31|2026-04-01|2026-04-02|2026-04-06|2026-04-07|2026-04-08|2026-04-09|2026-04-10|2026-04-13|2026-04-14|2026-04-15|2026-04-16,2026-04-16 22:47:35,0.0
OpenText,,2026-03-05|2026-03-06|2026-03-09|2026-03-10|2026-03-11|2026-03-12|2026-03-13|2026-03-16|2026-03-17|2026-03-18|2026-03-19|2026-03-20|2026-03-23|2026-03-24|2026-03-25|2026-03-26|2026-03-27|2026-03-30|2026-03-31|2026-04-01|2026-04-02|2026-04-06|2026-04-07|2026-04-08|2026-04-09|2026-04-10|2026-04-13|2026-04-14|2026-04-15|2026-04-16,2026-04-16 22:47:35,0.0
