company,trends_history,date_history,last_updated,avg_interest
EPAM Systems,0|0|0|100|88|0|0|0|0|0|0|0|0|0|0|77|0|0|0|0|0|19|91|23|65|34|22|29|25|32,2026-01-14|2026-01-15|2026-01-16|2026-01-20|2026-01-21|2026-01-22|2026-01-23|2026-01-26|2026-01-27|2026-01-28|2026-01-29|2026-01-30|2026-02-02|2026-02-03|2026-02-04|2026-02-05|2026-02-06|2026-02-09|2026-02-10|2026-02-11|2026-02-12|2026-02-13|2026-02-17|2026-02-18|2026-02-19|2026-02-20|2026-02-23|2026-02-24|2026-02-25|2026-02-26,2026-02-27 22:27:46,20.2
Antero Resources,0|100|0|0|0|0|0|0|0|0|0|0|0|0|0|0|86|0|0|0|0|36|37|36|32|26|33|32|34|34,2026-01-14|2026-01-15|2026-01-16|2026-01-20|2026-01-21|2026-01-22|2026-01-23|2026-01-26|2026-01-27|2026-01-28|2026-01-29|2026-01-30|2026-02-02|2026-02-03|2026-02-04|2026-02-05|2026-02-06|2026-02-09|2026-02-10|2026-02-11|2026-02-12|2026-02-13|2026-02-17|2026-02-18|2026-02-19|2026-02-20|2026-02-23|2026-02-24|2026-02-25|2026-02-26,2026-02-27 22:27:49,16.2
Bloomin Brands,50|0|0|51|0|0|54|0|0|54|0|66|49|0|53|77|0|45|0|77|73|47|38|37|42|33|42|44|66|49,2026-01-14|2026-01-15|2026-01-16|2026-01-20|2026-01-21|2026-01-22|2026-01-23|2026-01-26|2026-01-27|2026-01-28|2026-01-29|2026-01-30|2026-02-02|2026-02-03|2026-02-04|2026-02-05|2026-02-06|2026-02-09|2026-02-10|2026-02-11|2026-02-12|2026-02-13|2026-02-17|2026-02-18|2026-02-19|2026-02-20|2026-02-23|2026-02-24|2026-02-25|2026-02-26,2026-02-27 22:27:53,34.9
MDU Resources Group,0|0|0|0|0|0|0|0|0|0|0|0|0|0|0|0|0|0|0|0|0|0|0|0|0|0|0|0|0|0,2026-01-14|2026-01-15|2026-01-16|2026-01-20|2026-01-21|2026-01-22|2026-01-23|2026-01-26|2026-01-27|2026-01-28|2026-01-29|2026-01-30|2026-02-02|2026-02-03|2026-02-04|2026-02-05|2026-02-06|2026-02-09|2026-02-10|2026-02-11|2026-02-12|2026-02-13|2026-02-17|2026-02-18|2026-02-19|2026-02-20|2026-02-23|2026-02-24|2026-02-25|2026-02-26,2026-02-27 22:27:57,0.0
Texas Roadhouse,19|22|31|19|19|19|24|21|21|20|21|29|22|19|20|21|26|16|18|20|23|41|20|19|23|30|27|22|22|23,2026-01-14|2026-01-15|2026-01-16|2026-01-20|2026-01-21|2026-01-22|2026-01-23|2026-01-26|2026-01-27|2026-01-28|2026-01-29|2026-01-30|2026-02-02|2026-02-03|2026-02-04|2026-02-05|2026-02-06|2026-02-09|2026-02-10|2026-02-11|2026-02-12|2026-02-13|2026-02-17|2026-02-18|2026-02-19|2026-02-20|2026-02-23|2026-02-24|2026-02-25|2026-02-26,2026-02-27 22:28:00,22.6
Mercury General,0|100|47|46|47|63|60|55|0|73|81|77|84|0|58|61|47|38|65|69|66|26|29|34|25|23|29|25|32|35,2026-01-14|2026-01-15|2026-01-16|2026-01-20|2026-01-21|2026-01-22|2026-01-23|2026-01-26|2026-01-27|2026-01-28|2026-01-29|2026-01-30|2026-02-02|2026-02-03|2026-02-04|2026-02-05|2026-02-06|2026-02-09|2026-02-10|2026-02-11|2026-02-12|2026-02-13|2026-02-17|2026-02-18|2026-02-19|2026-02-20|2026-02-23|2026-02-24|2026-02-25|2026-02-26,2026-02-27 22:28:02,46.5
Fortune Brands Innovations,0|0|0|0|0|0|0|0|0|0|0|0|0|0|100|0|0|0|0|0|0|32|23|14|16|12|19|18|15|16,2026-01-14|2026-01-15|2026-01-16|2026-01-20|2026-01-21|2026-01-22|2026-01-23|2026-01-26|2026-01-27|2026-01-28|2026-01-29|2026-01-30|2026-02-02|2026-02-03|2026-02-04|2026-02-05|2026-02-06|2026-02-09|2026-02-10|2026-02-11|2026-02-12|2026-02-13|2026-02-17|2026-02-18|2026-02-19|2026-02-20|2026-02-23|2026-02-24|2026-02-25|2026-02-26,2026-02-27 22:28:05,8.8
Zions Bancorp,0|0|0|0|0|0|0|0|0|0|0|0|0|0|0|0|0|0|0|0|0|0|0|0|0|0|0|0|0|0,2026-01-14|2026-01-15|2026-01-16|2026-01-20|2026-01-21|2026-01-22|2026-01-23|2026-01-26|2026-01-27|2026-01-28|2026-01-29|2026-01-30|2026-02-02|2026-02-03|2026-02-04|2026-02-05|2026-02-06|2026-02-09|2026-02-10|2026-02-11|2026-02-12|2026-02-13|2026-02-17|2026-02-18|2026-02-19|2026-02-20|2026-02-23|2026-02-24|2026-02-25|2026-02-26,2026-02-27 22:28:08,0.0
JELD-WEN Holding,,2026-01-14|2026-01-15|2026-01-16|2026-01-20|2026-01-21|2026-01-22|2026-01-23|2026-01-26|2026-01-27|2026-01-28|2026-01-29|2026-01-30|2026-02-02|2026-02-03|2026-02-04|2026-02-05|2026-02-06|2026-02-09|2026-02-10|2026-02-11|2026-02-12|2026-02-13|2026-02-17|2026-02-18|2026-02-19|2026-02-20|2026-02-23|2026-02-24|2026-02-25|2026-02-26,2026-02-27 22:28:11,0.0
Snap Inc,34|44|29|37|43|29|49|38|52|49|52|60|53|74|80|100|65|52|60|50|62|32|33|24|22|21|19|33|23|23,2026-01-14|2026-01-15|2026-01-16|2026-01-20|2026-01-21|2026-01-22|2026-01-23|2026-01-26|2026-01-27|2026-01-28|2026-01-29|2026-01-30|2026-02-02|2026-02-03|2026-02-04|2026-02-05|2026-02-06|2026-02-09|2026-02-10|2026-02-11|2026-02-12|2026-02-13|2026-02-17|2026-02-18|2026-02-19|2026-02-20|2026-02-23|2026-02-24|2026-02-25|2026-02-26,2026-02-27 22:28:11,44.7
Zebra Technologies,54|37|0|58|100|0|69|66|51|59|73|43|46|71|42|72|39|67|98|66|84|37|40|35|33|33|28|37|37|38,2026-01-14|2026-01-15|2026-01-16|2026-01-20|2026-01-21|2026-01-22|2026-01-23|2026-01-26|2026-01-27|2026-01-28|2026-01-29|2026-01-30|2026-02-02|2026-02-03|2026-02-04|2026-02-05|2026-02-06|2026-02-09|2026-02-10|2026-02-11|2026-02-12|2026-02-13|2026-02-17|2026-02-18|2026-02-19|2026-02-20|2026-02-23|2026-02-24|2026-02-25|2026-02-26,2026-02-27 22:28:15,50.4
Agilon Health,0|0|0|0|0|0|0|0|0|0|0|0|0|0|0|0|0|0|0|0|0|67|64|61|60|68|73|94|98|100,2026-01-14|2026-01-15|2026-01-16|2026-01-20|2026-01-21|2026-01-22|2026-01-23|2026-01-26|2026-01-27|2026-01-28|2026-01-29|2026-01-30|2026-02-02|2026-02-03|2026-02-04|2026-02-05|2026-02-06|2026-02-09|2026-02-10|2026-02-11|2026-02-12|2026-02-13|2026-02-17|2026-02-18|2026-02-19|2026-02-20|2026-02-23|2026-02-24|2026-02-25|2026-02-26,2026-02-27 22:28:18,22.8
Toro Company,50|100|0|46|58|79|48|78|91|100|71|45|83|54|90|61|58|100|58|72|89|33|37|43|32|30|31|38|40|39,2026-01-14|2026-01-15|2026-01-16|2026-01-20|2026-01-21|2026-01-22|2026-01-23|2026-01-26|2026-01-27|2026-01-28|2026-01-29|2026-01-30|2026-02-02|2026-02-03|2026-02-04|2026-02-05|2026-02-06|2026-02-09|2026-02-10|2026-02-11|2026-02-12|2026-02-13|2026-02-17|2026-02-18|2026-02-19|2026-02-20|2026-02-23|2026-02-24|2026-02-25|2026-02-26,2026-02-27 22:28:21,58.5
Zoom Video Communications,0|0|0|0|0|0|0|0|100|0|0|0|0|0|0|0|0|0|0|0|0|12|24|17|15|7|31|16|29|24,2026-01-14|2026-01-15|2026-01-16|2026-01-20|2026-01-21|2026-01-22|2026-01-23|2026-01-26|2026-01-27|2026-01-28|2026-01-29|2026-01-30|2026-02-02|2026-02-03|2026-02-04|2026-02-05|2026-02-06|2026-02-09|2026-02-10|2026-02-11|2026-02-12|2026-02-13|2026-02-17|2026-02-18|2026-02-19|2026-02-20|2026-02-23|2026-02-24|2026-02-25|2026-02-26,2026-02-27 22:28:25,9.2
Tetra Tech,35|24|32|28|53|50|33|71|36|66|63|48|26|50|44|46|45|91|99|100|72|41|61|30|29|27|25|33|25|43,2026-01-14|2026-01-15|2026-01-16|2026-01-20|2026-01-21|2026-01-22|2026-01-23|2026-01-26|2026-01-27|2026-01-28|2026-01-29|2026-01-30|2026-02-02|2026-02-03|2026-02-04|2026-02-05|2026-02-06|2026-02-09|2026-02-10|2026-02-11|2026-02-12|2026-02-13|2026-02-17|2026-02-18|2026-02-19|2026-02-20|2026-02-23|2026-02-24|2026-02-25|2026-02-26,2026-02-27 22:28:28,47.5
Public Storage,64|63|59|60|67|73|65|69|78|73|78|94|94|90|82|77|73|67|79|68|71|58|58|51|54|56|60|59|59|74,2026-01-14|2026-01-15|2026-01-16|2026-01-20|2026-01-21|2026-01-22|2026-01-23|2026-01-26|2026-01-27|2026-01-28|2026-01-29|2026-01-30|2026-02-02|2026-02-03|2026-02-04|2026-02-05|2026-02-06|2026-02-09|2026-02-10|2026-02-11|2026-02-12|2026-02-13|2026-02-17|2026-02-18|2026-02-19|2026-02-20|2026-02-23|2026-02-24|2026-02-25|2026-02-26,2026-02-27 22:28:32,69.1
Illumina Inc,0|0|0|0|0|0|0|0|0|0|0|0|0|0|0|0|0|0|0|0|0|35|17|0|4|6|27|10|20|6,2026-01-14|2026-01-15|2026-01-16|2026-01-20|2026-01-21|2026-01-22|2026-01-23|2026-01-26|2026-01-27|2026-01-28|2026-01-29|2026-01-30|2026-02-02|2026-02-03|2026-02-04|2026-02-05|2026-02-06|2026-02-09|2026-02-10|2026-02-11|2026-02-12|2026-02-13|2026-02-17|2026-02-18|2026-02-19|2026-02-20|2026-02-23|2026-02-24|2026-02-25|2026-02-26,2026-02-27 22:28:35,4.2
Ventas Inc,0|0|0|0|0|0|0|0|0|0|0|0|79|0|0|0|0|0|0|0|0|70|32|12|12|5|58|25|42|25,2026-01-14|2026-01-15|2026-01-16|2026-01-20|2026-01-21|2026-01-22|2026-01-23|2026-01-26|2026-01-27|2026-01-28|2026-01-29|2026-01-30|2026-02-02|2026-02-03|2026-02-04|2026-02-05|2026-02-06|2026-02-09|2026-02-10|2026-02-11|2026-02-12|2026-02-13|2026-02-17|2026-02-18|2026-02-19|2026-02-20|2026-02-23|2026-02-24|2026-02-25|2026-02-26,2026-02-27 22:28:39,12.0
FMC Corporation,0|0|0|0|0|0|0|0|0|0|0|0|0|0|0|100|0|70|0|0|0|17|26|17|25|23|19|16|17|18,2026-01-14|2026-01-15|2026-01-16|2026-01-20|2026-01-21|2026-01-22|2026-01-23|2026-01-26|2026-01-27|2026-01-28|2026-01-29|2026-01-30|2026-02-02|2026-02-03|2026-02-04|2026-02-05|2026-02-06|2026-02-09|2026-02-10|2026-02-11|2026-02-12|2026-02-13|2026-02-17|2026-02-18|2026-02-19|2026-02-20|2026-02-23|2026-02-24|2026-02-25|2026-02-26,2026-02-27 22:28:41,11.6
ArcBest,49|70|84|52|62|57|51|0|63|62|83|100|58|45|73|94|93|60|49|65|71|47|54|60|56|47|57|64|65|58,2026-01-14|2026-01-15|2026-01-16|2026-01-20|2026-01-21|2026-01-22|2026-01-23|2026-01-26|2026-01-27|2026-01-28|2026-01-29|2026-01-30|2026-02-02|2026-02-03|2026-02-04|2026-02-05|2026-02-06|2026-02-09|2026-02-10|2026-02-11|2026-02-12|2026-02-13|2026-02-17|2026-02-18|2026-02-19|2026-02-20|2026-02-23|2026-02-24|2026-02-25|2026-02-26,2026-02-27 22:28:44,61.6
Dominos Pizza Inc,0|0|0|0|0|0|0|0|0|0|0|0|0|0|0|0|0|0|0|0|0|85|100|98|81|0|0|77|95|0,2026-01-14|2026-01-15|2026-01-16|2026-01-20|2026-01-21|2026-01-22|2026-01-23|2026-01-26|2026-01-27|2026-01-28|2026-01-29|2026-01-30|2026-02-02|2026-02-03|2026-02-04|2026-02-05|2026-02-06|2026-02-09|2026-02-10|2026-02-11|2026-02-12|2026-02-13|2026-02-17|2026-02-18|2026-02-19|2026-02-20|2026-02-23|2026-02-24|2026-02-25|2026-02-26,2026-02-27 22:28:47,17.9
ASGN,0|0|0|0|0|0|0|0|0|0|0|0|0|0|0|0|0|0|0|0|0|66|88|97|92|72|69|100|90|82,2026-01-14|2026-01-15|2026-01-16|2026-01-20|2026-01-21|2026-01-22|2026-01-23|2026-01-26|2026-01-27|2026-01-28|2026-01-29|2026-01-30|2026-02-02|2026-02-03|2026-02-04|2026-02-05|2026-02-06|2026-02-09|2026-02-10|2026-02-11|2026-02-12|2026-02-13|2026-02-17|2026-02-18|2026-02-19|2026-02-20|2026-02-23|2026-02-24|2026-02-25|2026-02-26,2026-02-27 22:28:50,25.2
Rivian Automotive,79|0|0|0|60|0|0|0|0|0|0|0|0|85|0|0|0|0|0|63|0|100|23|45|28|22|29|26|28|30,2026-01-14|2026-01-15|2026-01-16|2026-01-20|2026-01-21|2026-01-22|2026-01-23|2026-01-26|2026-01-27|2026-01-28|2026-01-29|2026-01-30|2026-02-02|2026-02-03|2026-02-04|2026-02-05|2026-02-06|2026-02-09|2026-02-10|2026-02-11|2026-02-12|2026-02-13|2026-02-17|2026-02-18|2026-02-19|2026-02-20|2026-02-23|2026-02-24|2026-02-25|2026-02-26,2026-02-27 22:28:53,20.6
Elanco Animal Health,0|0|0|0|0|0|0|0|0|0|0|0|100|0|0|0|0|0|0|0|0|8|23|18|14|16|16|29|20|26,2026-01-14|2026-01-15|2026-01-16|2026-01-20|2026-01-21|2026-01-22|2026-01-23|2026-01-26|2026-01-27|2026-01-28|2026-01-29|2026-01-30|2026-02-02|2026-02-03|2026-02-04|2026-02-05|2026-02-06|2026-02-09|2026-02-10|2026-02-11|2026-02-12|2026-02-13|2026-02-17|2026-02-18|2026-02-19|2026-02-20|2026-02-23|2026-02-24|2026-02-25|2026-02-26,2026-02-27 22:28:56,9.0
Graham Holdings Company,0|0|0|0|0|0|0|0|0|0|0|0|0|0|0|0|0|0|0|0|0|100|65|71|0|0|0|0|0|0,2026-01-14|2026-01-15|2026-01-16|2026-01-20|2026-01-21|2026-01-22|2026-01-23|2026-01-26|2026-01-27|2026-01-28|2026-01-29|2026-01-30|2026-02-02|2026-02-03|2026-02-04|2026-02-05|2026-02-06|2026-02-09|2026-02-10|2026-02-11|2026-02-12|2026-02-13|2026-02-17|2026-02-18|2026-02-19|2026-02-20|2026-02-23|2026-02-24|2026-02-25|2026-02-26,2026-02-27 22:28:59,7.9
Floor & Decor,48|62|52|58|60|55|55|59|73|39|62|59|59|60|64|38|66|76|81|65|57|61|65|61|66|57|54|56|52|59,2026-01-14|2026-01-15|2026-01-16|2026-01-20|2026-01-21|2026-01-22|2026-01-23|2026-01-26|2026-01-27|2026-01-28|2026-01-29|2026-01-30|2026-02-02|2026-02-03|2026-02-04|2026-02-05|2026-02-06|2026-02-09|2026-02-10|2026-02-11|2026-02-12|2026-02-13|2026-02-17|2026-02-18|2026-02-19|2026-02-20|2026-02-23|2026-02-24|2026-02-25|2026-02-26,2026-02-27 22:29:03,59.3
Applied Industrial Technologies,0|0|0|49|75|80|0|100|84|75|0|0|0|0|0|54|0|0|0|68|63|47|45|48|43|42|40|47|47|47,2026-01-14|2026-01-15|2026-01-16|2026-01-20|2026-01-21|2026-01-22|2026-01-23|2026-01-26|2026-01-27|2026-01-28|2026-01-29|2026-01-30|2026-02-02|2026-02-03|2026-02-04|2026-02-05|2026-02-06|2026-02-09|2026-02-10|2026-02-11|2026-02-12|2026-02-13|2026-02-17|2026-02-18|2026-02-19|2026-02-20|2026-02-23|2026-02-24|2026-02-25|2026-02-26,2026-02-27 22:29:05,35.1
PriceSmart,45|57|52|27|65|27|42|33|52|31|60|27|45|54|77|100|35|35|36|40|40|38|32|33|38|34|34|45|39|34,2026-01-14|2026-01-15|2026-01-16|2026-01-20|2026-01-21|2026-01-22|2026-01-23|2026-01-26|2026-01-27|2026-01-28|2026-01-29|2026-01-30|2026-02-02|2026-02-03|2026-02-04|2026-02-05|2026-02-06|2026-02-09|2026-02-10|2026-02-11|2026-02-12|2026-02-13|2026-02-17|2026-02-18|2026-02-19|2026-02-20|2026-02-23|2026-02-24|2026-02-25|2026-02-26,2026-02-27 22:29:08,43.6
Lyft,67|73|75|76|75|80|77|85|80|82|88|82|78|82|79|84|81|76|87|100|91|84|79|74|78|80|78|82|78|81,2026-01-14|2026-01-15|2026-01-16|2026-01-20|2026-01-21|2026-01-22|2026-01-23|2026-01-26|2026-01-27|2026-01-28|2026-01-29|2026-01-30|2026-02-02|2026-02-03|2026-02-04|2026-02-05|2026-02-06|2026-02-09|2026-02-10|2026-02-11|2026-02-12|2026-02-13|2026-02-17|2026-02-18|2026-02-19|2026-02-20|2026-02-23|2026-02-24|2026-02-25|2026-02-26,2026-02-27 22:29:10,80.4
Ciena,52|72|45|68|60|50|68|47|56|61|58|78|65|68|69|94|100|59|69|75|64|45|50|49|55|60|53|60|58|56,2026-01-14|2026-01-15|2026-01-16|2026-01-20|2026-01-21|2026-01-22|2026-01-23|2026-01-26|2026-01-27|2026-01-28|2026-01-29|2026-01-30|2026-02-02|2026-02-03|2026-02-04|2026-02-05|2026-02-06|2026-02-09|2026-02-10|2026-02-11|2026-02-12|2026-02-13|2026-02-17|2026-02-18|2026-02-19|2026-02-20|2026-02-23|2026-02-24|2026-02-25|2026-02-26,2026-02-27 22:29:13,62.1
IAC inc,0|0|0|0|0|0|0|0|0|0|0|0|0|0|0|0|0|0|0|0|0|0|100|0|77|0|47|54|85|0,2026-01-14|2026-01-15|2026-01-16|2026-01-20|2026-01-21|2026-01-22|2026-01-23|2026-01-26|2026-01-27|2026-01-28|2026-01-29|2026-01-30|2026-02-02|2026-02-03|2026-02-04|2026-02-05|2026-02-06|2026-02-09|2026-02-10|2026-02-11|2026-02-12|2026-02-13|2026-02-17|2026-02-18|2026-02-19|2026-02-20|2026-02-23|2026-02-24|2026-02-25|2026-02-26,2026-02-27 22:29:17,12.1
Western Union,42|45|43|38|48|41|46|41|47|45|48|51|47|54|71|100|72|50|54|51|54|64|40|39|42|45|42|45|43|47,2026-01-14|2026-01-15|2026-01-16|2026-01-20|2026-01-21|2026-01-22|2026-01-23|2026-01-26|2026-01-27|2026-01-28|2026-01-29|2026-01-30|2026-02-02|2026-02-03|2026-02-04|2026-02-05|2026-02-06|2026-02-09|2026-02-10|2026-02-11|2026-02-12|2026-02-13|2026-02-17|2026-02-18|2026-02-19|2026-02-20|2026-02-23|2026-02-24|2026-02-25|2026-02-26,2026-02-27 22:29:21,49.8
Flowserve,47|44|50|57|100|44|24|41|42|56|48|32|78|51|74|87|73|41|57|56|37|43|76|54|50|37|43|43|47|53,2026-01-14|2026-01-15|2026-01-16|2026-01-20|2026-01-21|2026-01-22|2026-01-23|2026-01-26|2026-01-27|2026-01-28|2026-01-29|2026-01-30|2026-02-02|2026-02-03|2026-02-04|2026-02-05|2026-02-06|2026-02-09|2026-02-10|2026-02-11|2026-02-12|2026-02-13|2026-02-17|2026-02-18|2026-02-19|2026-02-20|2026-02-23|2026-02-24|2026-02-25|2026-02-26,2026-02-27 22:29:24,52.8
Western Alliance Bancorp,0|0|0|0|0|0|0|0|0|0|0|0|0|0|100|0|0|0|0|0|0|0|0|0|0|0|0|0|0|0,2026-01-14|2026-01-15|2026-01-16|2026-01-20|2026-01-21|2026-01-22|2026-01-23|2026-01-26|2026-01-27|2026-01-28|2026-01-29|2026-01-30|2026-02-02|2026-02-03|2026-02-04|2026-02-05|2026-02-06|2026-02-09|2026-02-10|2026-02-11|2026-02-12|2026-02-13|2026-02-17|2026-02-18|2026-02-19|2026-02-20|2026-02-23|2026-02-24|2026-02-25|2026-02-26,2026-02-27 22:29:29,3.3
Option Care Health,75|60|51|70|93|74|70|93|100|90|79|66|94|67|93|85|52|63|74|91|75|48|53|52|56|46|51|54|54|50,2026-01-14|2026-01-15|2026-01-16|2026-01-20|2026-01-21|2026-01-22|2026-01-23|2026-01-26|2026-01-27|2026-01-28|2026-01-29|2026-01-30|2026-02-02|2026-02-03|2026-02-04|2026-02-05|2026-02-06|2026-02-09|2026-02-10|2026-02-11|2026-02-12|2026-02-13|2026-02-17|2026-02-18|2026-02-19|2026-02-20|2026-02-23|2026-02-24|2026-02-25|2026-02-26,2026-02-27 22:29:32,69.3
SiteOne Landscape Supply,72|0|0|68|77|0|72|0|93|73|0|73|0|100|0|0|79|59|73|95|0|60|70|66|72|65|58|64|68|65,2026-01-14|2026-01-15|2026-01-16|2026-01-20|2026-01-21|2026-01-22|2026-01-23|2026-01-26|2026-01-27|2026-01-28|2026-01-29|2026-01-30|2026-02-02|2026-02-03|2026-02-04|2026-02-05|2026-02-06|2026-02-09|2026-02-10|2026-02-11|2026-02-12|2026-02-13|2026-02-17|2026-02-18|2026-02-19|2026-02-20|2026-02-23|2026-02-24|2026-02-25|2026-02-26,2026-02-27 22:29:36,50.7
Topgolf Callaway Brands,0|0|0|0|0|0|0|0|0|0|0|0|0|0|0|0|0|0|0|0|0|20|74|36|39|79|47|42|53|100,2026-01-14|2026-01-15|2026-01-16|2026-01-20|2026-01-21|2026-01-22|2026-01-23|2026-01-26|2026-01-27|2026-01-28|2026-01-29|2026-01-30|2026-02-02|2026-02-03|2026-02-04|2026-02-05|2026-02-06|2026-02-09|2026-02-10|2026-02-11|2026-02-12|2026-02-13|2026-02-17|2026-02-18|2026-02-19|2026-02-20|2026-02-23|2026-02-24|2026-02-25|2026-02-26,2026-02-27 22:29:38,16.3
eXp World,0|0|100|67|0|0|77|71|85|0|73|0|89|90|69|0|0|65|0|78|77|36|43|38|29|33|24|39|40|32,2026-01-14|2026-01-15|2026-01-16|2026-01-20|2026-01-21|2026-01-22|2026-01-23|2026-01-26|2026-01-27|2026-01-28|2026-01-29|2026-01-30|2026-02-02|2026-02-03|2026-02-04|2026-02-05|2026-02-06|2026-02-09|2026-02-10|2026-02-11|2026-02-12|2026-02-13|2026-02-17|2026-02-18|2026-02-19|2026-02-20|2026-02-23|2026-02-24|2026-02-25|2026-02-26,2026-02-27 22:29:42,41.8
Abercrombie & Fitch,26|18|27|40|22|25|25|36|26|28|35|26|42|28|38|26|31|83|84|50|47|52|49|44|45|47|42|33|35|43,2026-01-14|2026-01-15|2026-01-16|2026-01-20|2026-01-21|2026-01-22|2026-01-23|2026-01-26|2026-01-27|2026-01-28|2026-01-29|2026-01-30|2026-02-02|2026-02-03|2026-02-04|2026-02-05|2026-02-06|2026-02-09|2026-02-10|2026-02-11|2026-02-12|2026-02-13|2026-02-17|2026-02-18|2026-02-19|2026-02-20|2026-02-23|2026-02-24|2026-02-25|2026-02-26,2026-02-27 22:29:46,38.4
Atmos Energy,63|85|89|75|90|80|85|67|64|63|74|100|79|78|71|73|83|55|80|70|76|78|62|66|74|81|75|83|79|82,2026-01-14|2026-01-15|2026-01-16|2026-01-20|2026-01-21|2026-01-22|2026-01-23|2026-01-26|2026-01-27|2026-01-28|2026-01-29|2026-01-30|2026-02-02|2026-02-03|2026-02-04|2026-02-05|2026-02-06|2026-02-09|2026-02-10|2026-02-11|2026-02-12|2026-02-13|2026-02-17|2026-02-18|2026-02-19|2026-02-20|2026-02-23|2026-02-24|2026-02-25|2026-02-26,2026-02-27 22:29:49,76.0
Brown & Brown,33|34|28|30|34|35|35|36|39|29|36|34|33|32|41|42|33|76|72|47|50|52|55|48|48|46|40|31|37|38,2026-01-14|2026-01-15|2026-01-16|2026-01-20|2026-01-21|2026-01-22|2026-01-23|2026-01-26|2026-01-27|2026-01-28|2026-01-29|2026-01-30|2026-02-02|2026-02-03|2026-02-04|2026-02-05|2026-02-06|2026-02-09|2026-02-10|2026-02-11|2026-02-12|2026-02-13|2026-02-17|2026-02-18|2026-02-19|2026-02-20|2026-02-23|2026-02-24|2026-02-25|2026-02-26,2026-02-27 22:29:53,40.8
GoDaddy,67|67|63|66|74|90|73|66|68|68|70|66|64|73|71|67|66|62|69|67|66|76|95|94|94|79|96|100|98|96,2026-01-14|2026-01-15|2026-01-16|2026-01-20|2026-01-21|2026-01-22|2026-01-23|2026-01-26|2026-01-27|2026-01-28|2026-01-29|2026-01-30|2026-02-02|2026-02-03|2026-02-04|2026-02-05|2026-02-06|2026-02-09|2026-02-10|2026-02-11|2026-02-12|2026-02-13|2026-02-17|2026-02-18|2026-02-19|2026-02-20|2026-02-23|2026-02-24|2026-02-25|2026-02-26,2026-02-27 22:29:56,75.7
American Water Works,5|8|8|5|11|7|7|7|0|8|13|11|10|10|7|14|5|7|8|39|51|57|46|11|13|5|71|57|50|38,2026-01-14|2026-01-15|2026-01-16|2026-01-20|2026-01-21|2026-01-22|2026-01-23|2026-01-26|2026-01-27|2026-01-28|2026-01-29|2026-01-30|2026-02-02|2026-02-03|2026-02-04|2026-02-05|2026-02-06|2026-02-09|2026-02-10|2026-02-11|2026-02-12|2026-02-13|2026-02-17|2026-02-18|2026-02-19|2026-02-20|2026-02-23|2026-02-24|2026-02-25|2026-02-26,2026-02-27 22:29:59,19.6
Selective Insurance Group,0|0|0|0|0|0|0|0|0|0|0|0|0|0|0|0|0|0|0|0|0|59|71|76|94|71|0|69|69|100,2026-01-14|2026-01-15|2026-01-16|2026-01-20|2026-01-21|2026-01-22|2026-01-23|2026-01-26|2026-01-27|2026-01-28|2026-01-29|2026-01-30|2026-02-02|2026-02-03|2026-02-04|2026-02-05|2026-02-06|2026-02-09|2026-02-10|2026-02-11|2026-02-12|2026-02-13|2026-02-17|2026-02-18|2026-02-19|2026-02-20|2026-02-23|2026-02-24|2026-02-25|2026-02-26,2026-02-27 22:30:01,20.3
Advantage Solutions,55|70|64|56|53|75|74|62|73|74|80|70|53|75|100|87|66|77|80|81|81|63|57|57|53|45|53|55|50|59,2026-01-14|2026-01-15|2026-01-16|2026-01-20|2026-01-21|2026-01-22|2026-01-23|2026-01-26|2026-01-27|2026-01-28|2026-01-29|2026-01-30|2026-02-02|2026-02-03|2026-02-04|2026-02-05|2026-02-06|2026-02-09|2026-02-10|2026-02-11|2026-02-12|2026-02-13|2026-02-17|2026-02-18|2026-02-19|2026-02-20|2026-02-23|2026-02-24|2026-02-25|2026-02-26,2026-02-27 22:30:04,66.6
ResMed,91|87|100|91|89|88|89|92|87|90|94|87|83|79|84|81|80|77|88|96|85|82|88|85|85|84|87|94|89|91,2026-01-14|2026-01-15|2026-01-16|2026-01-20|2026-01-21|2026-01-22|2026-01-23|2026-01-26|2026-01-27|2026-01-28|2026-01-29|2026-01-30|2026-02-02|2026-02-03|2026-02-04|2026-02-05|2026-02-06|2026-02-09|2026-02-10|2026-02-11|2026-02-12|2026-02-13|2026-02-17|2026-02-18|2026-02-19|2026-02-20|2026-02-23|2026-02-24|2026-02-25|2026-02-26,2026-02-27 22:30:09,87.4
Plexus Corp,,2026-01-14|2026-01-15|2026-01-16|2026-01-20|2026-01-21|2026-01-22|2026-01-23|2026-01-26|2026-01-27|2026-01-28|2026-01-29|2026-01-30|2026-02-02|2026-02-03|2026-02-04|2026-02-05|2026-02-06|2026-02-09|2026-02-10|2026-02-11|2026-02-12|2026-02-13|2026-02-17|2026-02-18|2026-02-19|2026-02-20|2026-02-23|2026-02-24|2026-02-25|2026-02-26,2026-02-27 22:30:42,0.0
Hub Group,,2026-01-14|2026-01-15|2026-01-16|2026-01-20|2026-01-21|2026-01-22|2026-01-23|2026-01-26|2026-01-27|2026-01-28|2026-01-29|2026-01-30|2026-02-02|2026-02-03|2026-02-04|2026-02-05|2026-02-06|2026-02-09|2026-02-10|2026-02-11|2026-02-12|2026-02-13|2026-02-17|2026-02-18|2026-02-19|2026-02-20|2026-02-23|2026-02-24|2026-02-25|2026-02-26,2026-02-27 22:31:24,0.0
Lincoln Electric,,2026-01-14|2026-01-15|2026-01-16|2026-01-20|2026-01-21|2026-01-22|2026-01-23|2026-01-26|2026-01-27|2026-01-28|2026-01-29|2026-01-30|2026-02-02|2026-02-03|2026-02-04|2026-02-05|2026-02-06|2026-02-09|2026-02-10|2026-02-11|2026-02-12|2026-02-13|2026-02-17|2026-02-18|2026-02-19|2026-02-20|2026-02-23|2026-02-24|2026-02-25|2026-02-26,2026-02-27 22:31:34,0.0
NCR Atleos,,2026-01-14|2026-01-15|2026-01-16|2026-01-20|2026-01-21|2026-01-22|2026-01-23|2026-01-26|2026-01-27|2026-01-28|2026-01-29|2026-01-30|2026-02-02|2026-02-03|2026-02-04|2026-02-05|2026-02-06|2026-02-09|2026-02-10|2026-02-11|2026-02-12|2026-02-13|2026-02-17|2026-02-18|2026-02-19|2026-02-20|2026-02-23|2026-02-24|2026-02-25|2026-02-26,2026-02-27 22:31:34,0.0
Calumet Inc,,2026-01-14|2026-01-15|2026-01-16|2026-01-20|2026-01-21|2026-01-22|2026-01-23|2026-01-26|2026-01-27|2026-01-28|2026-01-29|2026-01-30|2026-02-02|2026-02-03|2026-02-04|2026-02-05|2026-02-06|2026-02-09|2026-02-10|2026-02-11|2026-02-12|2026-02-13|2026-02-17|2026-02-18|2026-02-19|2026-02-20|2026-02-23|2026-02-24|2026-02-25|2026-02-26,2026-02-27 22:31:34,0.0
Dycom Industries,,2026-01-14|2026-01-15|2026-01-16|2026-01-20|2026-01-21|2026-01-22|2026-01-23|2026-01-26|2026-01-27|2026-01-28|2026-01-29|2026-01-30|2026-02-02|2026-02-03|2026-02-04|2026-02-05|2026-02-06|2026-02-09|2026-02-10|2026-02-11|2026-02-12|2026-02-13|2026-02-17|2026-02-18|2026-02-19|2026-02-20|2026-02-23|2026-02-24|2026-02-25|2026-02-26,2026-02-27 22:31:34,0.0
Valmont Industries,,2026-01-14|2026-01-15|2026-01-16|2026-01-20|2026-01-21|2026-01-22|2026-01-23|2026-01-26|2026-01-27|2026-01-28|2026-01-29|2026-01-30|2026-02-02|2026-02-03|2026-02-04|2026-02-05|2026-02-06|2026-02-09|2026-02-10|2026-02-11|2026-02-12|2026-02-13|2026-02-17|2026-02-18|2026-02-19|2026-02-20|2026-02-23|2026-02-24|2026-02-25|2026-02-26,2026-02-27 22:31:34,0.0
ATI Inc,,2026-01-14|2026-01-15|2026-01-16|2026-01-20|2026-01-21|2026-01-22|2026-01-23|2026-01-26|2026-01-27|2026-01-28|2026-01-29|2026-01-30|2026-02-02|2026-02-03|2026-02-04|2026-02-05|2026-02-06|2026-02-09|2026-02-10|2026-02-11|2026-02-12|2026-02-13|2026-02-17|2026-02-18|2026-02-19|2026-02-20|2026-02-23|2026-02-24|2026-02-25|2026-02-26,2026-02-27 22:31:34,0.0
Twilio,,2026-01-14|2026-01-15|2026-01-16|2026-01-20|2026-01-21|2026-01-22|2026-01-23|2026-01-26|2026-01-27|2026-01-28|2026-01-29|2026-01-30|2026-02-02|2026-02-03|2026-02-04|2026-02-05|2026-02-06|2026-02-09|2026-02-10|2026-02-11|2026-02-12|2026-02-13|2026-02-17|2026-02-18|2026-02-19|2026-02-20|2026-02-23|2026-02-24|2026-02-25|2026-02-26,2026-02-27 22:31:34,0.0
CNO Financial Group,,2026-01-14|2026-01-15|2026-01-16|2026-01-20|2026-01-21|2026-01-22|2026-01-23|2026-01-26|2026-01-27|2026-01-28|2026-01-29|2026-01-30|2026-02-02|2026-02-03|2026-02-04|2026-02-05|2026-02-06|2026-02-09|2026-02-10|2026-02-11|2026-02-12|2026-02-13|2026-02-17|2026-02-18|2026-02-19|2026-02-20|2026-02-23|2026-02-24|2026-02-25|2026-02-26,2026-02-27 22:31:34,0.0
Patterson-UTI Energy,,2026-01-14|2026-01-15|2026-01-16|2026-01-20|2026-01-21|2026-01-22|2026-01-23|2026-01-26|2026-01-27|2026-01-28|2026-01-29|2026-01-30|2026-02-02|2026-02-03|2026-02-04|2026-02-05|2026-02-06|2026-02-09|2026-02-10|2026-02-11|2026-02-12|2026-02-13|2026-02-17|2026-02-18|2026-02-19|2026-02-20|2026-02-23|2026-02-24|2026-02-25|2026-02-26,2026-02-27 22:31:34,0.0
Brinker International,,2026-01-14|2026-01-15|2026-01-16|2026-01-20|2026-01-21|2026-01-22|2026-01-23|2026-01-26|2026-01-27|2026-01-28|2026-01-29|2026-01-30|2026-02-02|2026-02-03|2026-02-04|2026-02-05|2026-02-06|2026-02-09|2026-02-10|2026-02-11|2026-02-12|2026-02-13|2026-02-17|2026-02-18|2026-02-19|2026-02-20|2026-02-23|2026-02-24|2026-02-25|2026-02-26,2026-02-27 22:31:34,0.0
Charles River Laboratories International,,2026-01-14|2026-01-15|2026-01-16|2026-01-20|2026-01-21|2026-01-22|2026-01-23|2026-01-26|2026-01-27|2026-01-28|2026-01-29|2026-01-30|2026-02-02|2026-02-03|2026-02-04|2026-02-05|2026-02-06|2026-02-09|2026-02-10|2026-02-11|2026-02-12|2026-02-13|2026-02-17|2026-02-18|2026-02-19|2026-02-20|2026-02-23|2026-02-24|2026-02-25|2026-02-26,2026-02-27 22:31:34,0.0
Hyster-Yale,,2026-01-14|2026-01-15|2026-01-16|2026-01-20|2026-01-21|2026-01-22|2026-01-23|2026-01-26|2026-01-27|2026-01-28|2026-01-29|2026-01-30|2026-02-02|2026-02-03|2026-02-04|2026-02-05|2026-02-06|2026-02-09|2026-02-10|2026-02-11|2026-02-12|2026-02-13|2026-02-17|2026-02-18|2026-02-19|2026-02-20|2026-02-23|2026-02-24|2026-02-25|2026-02-26,2026-02-27 22:31:34,0.0
Brighthouse Financial,,2026-01-14|2026-01-15|2026-01-16|2026-01-20|2026-01-21|2026-01-22|2026-01-23|2026-01-26|2026-01-27|2026-01-28|2026-01-29|2026-01-30|2026-02-02|2026-02-03|2026-02-04|2026-02-05|2026-02-06|2026-02-09|2026-02-10|2026-02-11|2026-02-12|2026-02-13|2026-02-17|2026-02-18|2026-02-19|2026-02-20|2026-02-23|2026-02-24|2026-02-25|2026-02-26,2026-02-27 22:31:34,0.0
Service Corp International,,2026-01-14|2026-01-15|2026-01-16|2026-01-20|2026-01-21|2026-01-22|2026-01-23|2026-01-26|2026-01-27|2026-01-28|2026-01-29|2026-01-30|2026-02-02|2026-02-03|2026-02-04|2026-02-05|2026-02-06|2026-02-09|2026-02-10|2026-02-11|2026-02-12|2026-02-13|2026-02-17|2026-02-18|2026-02-19|2026-02-20|2026-02-23|2026-02-24|2026-02-25|2026-02-26,2026-02-27 22:31:34,0.0
CrossAmerica Partners,,2026-01-14|2026-01-15|2026-01-16|2026-01-20|2026-01-21|2026-01-22|2026-01-23|2026-01-26|2026-01-27|2026-01-28|2026-01-29|2026-01-30|2026-02-02|2026-02-03|2026-02-04|2026-02-05|2026-02-06|2026-02-09|2026-02-10|2026-02-11|2026-02-12|2026-02-13|2026-02-17|2026-02-18|2026-02-19|2026-02-20|2026-02-23|2026-02-24|2026-02-25|2026-02-26,2026-02-27 22:31:34,0.0
Cadence,,2026-01-14|2026-01-15|2026-01-16|2026-01-20|2026-01-21|2026-01-22|2026-01-23|2026-01-26|2026-01-27|2026-01-28|2026-01-29|2026-01-30|2026-02-02|2026-02-03|2026-02-04|2026-02-05|2026-02-06|2026-02-09|2026-02-10|2026-02-11|2026-02-12|2026-02-13|2026-02-17|2026-02-18|2026-02-19|2026-02-20|2026-02-23|2026-02-24|2026-02-25|2026-02-26,2026-02-27 22:31:34,0.0
MillerKnoll,,2026-01-14|2026-01-15|2026-01-16|2026-01-20|2026-01-21|2026-01-22|2026-01-23|2026-01-26|2026-01-27|2026-01-28|2026-01-29|2026-01-30|2026-02-02|2026-02-03|2026-02-04|2026-02-05|2026-02-06|2026-02-09|2026-02-10|2026-02-11|2026-02-12|2026-02-13|2026-02-17|2026-02-18|2026-02-19|2026-02-20|2026-02-23|2026-02-24|2026-02-25|2026-02-26,2026-02-27 22:31:34,0.0
Realty Income,,2026-01-14|2026-01-15|2026-01-16|2026-01-20|2026-01-21|2026-01-22|2026-01-23|2026-01-26|2026-01-27|2026-01-28|2026-01-29|2026-01-30|2026-02-02|2026-02-03|2026-02-04|2026-02-05|2026-02-06|2026-02-09|2026-02-10|2026-02-11|2026-02-12|2026-02-13|2026-02-17|2026-02-18|2026-02-19|2026-02-20|2026-02-23|2026-02-24|2026-02-25|2026-02-26,2026-02-27 22:31:34,0.0
Middleby,,2026-01-14|2026-01-15|2026-01-16|2026-01-20|2026-01-21|2026-01-22|2026-01-23|2026-01-26|2026-01-27|2026-01-28|2026-01-29|2026-01-30|2026-02-02|2026-02-03|2026-02-04|2026-02-05|2026-02-06|2026-02-09|2026-02-10|2026-02-11|2026-02-12|2026-02-13|2026-02-17|2026-02-18|2026-02-19|2026-02-20|2026-02-23|2026-02-24|2026-02-25|2026-02-26,2026-02-27 22:31:34,0.0
M/I Homes,,2026-01-14|2026-01-15|2026-01-16|2026-01-20|2026-01-21|2026-01-22|2026-01-23|2026-01-26|2026-01-27|2026-01-28|2026-01-29|2026-01-30|2026-02-02|2026-02-03|2026-02-04|2026-02-05|2026-02-06|2026-02-09|2026-02-10|2026-02-11|2026-02-12|2026-02-13|2026-02-17|2026-02-18|2026-02-19|2026-02-20|2026-02-23|2026-02-24|2026-02-25|2026-02-26,2026-02-27 22:31:34,0.0
Hologic,,2026-01-14|2026-01-15|2026-01-16|2026-01-20|2026-01-21|2026-01-22|2026-01-23|2026-01-26|2026-01-27|2026-01-28|2026-01-29|2026-01-30|2026-02-02|2026-02-03|2026-02-04|2026-02-05|2026-02-06|2026-02-09|2026-02-10|2026-02-11|2026-02-12|2026-02-13|2026-02-17|2026-02-18|2026-02-19|2026-02-20|2026-02-23|2026-02-24|2026-02-25|2026-02-26,2026-02-27 22:31:34,0.0
Alliant Energy,,2026-01-14|2026-01-15|2026-01-16|2026-01-20|2026-01-21|2026-01-22|2026-01-23|2026-01-26|2026-01-27|2026-01-28|2026-01-29|2026-01-30|2026-02-02|2026-02-03|2026-02-04|2026-02-05|2026-02-06|2026-02-09|2026-02-10|2026-02-11|2026-02-12|2026-02-13|2026-02-17|2026-02-18|2026-02-19|2026-02-20|2026-02-23|2026-02-24|2026-02-25|2026-02-26,2026-02-27 22:31:34,0.0
Generac,,2026-01-14|2026-01-15|2026-01-16|2026-01-20|2026-01-21|2026-01-22|2026-01-23|2026-01-26|2026-01-27|2026-01-28|2026-01-29|2026-01-30|2026-02-02|2026-02-03|2026-02-04|2026-02-05|2026-02-06|2026-02-09|2026-02-10|2026-02-11|2026-02-12|2026-02-13|2026-02-17|2026-02-18|2026-02-19|2026-02-20|2026-02-23|2026-02-24|2026-02-25|2026-02-26,2026-02-27 22:31:34,0.0
MSC Industrial Direct,,2026-01-14|2026-01-15|2026-01-16|2026-01-20|2026-01-21|2026-01-22|2026-01-23|2026-01-26|2026-01-27|2026-01-28|2026-01-29|2026-01-30|2026-02-02|2026-02-03|2026-02-04|2026-02-05|2026-02-06|2026-02-09|2026-02-10|2026-02-11|2026-02-12|2026-02-13|2026-02-17|2026-02-18|2026-02-19|2026-02-20|2026-02-23|2026-02-24|2026-02-25|2026-02-26,2026-02-27 22:31:34,0.0
Rocket Companies,,2026-01-14|2026-01-15|2026-01-16|2026-01-20|2026-01-21|2026-01-22|2026-01-23|2026-01-26|2026-01-27|2026-01-28|2026-01-29|2026-01-30|2026-02-02|2026-02-03|2026-02-04|2026-02-05|2026-02-06|2026-02-09|2026-02-10|2026-02-11|2026-02-12|2026-02-13|2026-02-17|2026-02-18|2026-02-19|2026-02-20|2026-02-23|2026-02-24|2026-02-25|2026-02-26,2026-02-27 22:31:34,0.0
Upbound Group,,2026-01-14|2026-01-15|2026-01-16|2026-01-20|2026-01-21|2026-01-22|2026-01-23|2026-01-26|2026-01-27|2026-01-28|2026-01-29|2026-01-30|2026-02-02|2026-02-03|2026-02-04|2026-02-05|2026-02-06|2026-02-09|2026-02-10|2026-02-11|2026-02-12|2026-02-13|2026-02-17|2026-02-18|2026-02-19|2026-02-20|2026-02-23|2026-02-24|2026-02-25|2026-02-26,2026-02-27 22:31:34,0.0
East West Bancorp,,2026-01-14|2026-01-15|2026-01-16|2026-01-20|2026-01-21|2026-01-22|2026-01-23|2026-01-26|2026-01-27|2026-01-28|2026-01-29|2026-01-30|2026-02-02|2026-02-03|2026-02-04|2026-02-05|2026-02-06|2026-02-09|2026-02-10|2026-02-11|2026-02-12|2026-02-13|2026-02-17|2026-02-18|2026-02-19|2026-02-20|2026-02-23|2026-02-24|2026-02-25|2026-02-26,2026-02-27 22:31:34,0.0
Grocery Outlet Holding,,2026-01-14|2026-01-15|2026-01-16|2026-01-20|2026-01-21|2026-01-22|2026-01-23|2026-01-26|2026-01-27|2026-01-28|2026-01-29|2026-01-30|2026-02-02|2026-02-03|2026-02-04|2026-02-05|2026-02-06|2026-02-09|2026-02-10|2026-02-11|2026-02-12|2026-02-13|2026-02-17|2026-02-18|2026-02-19|2026-02-20|2026-02-23|2026-02-24|2026-02-25|2026-02-26,2026-02-27 22:31:34,0.0
Dentsply Sirona,,2026-01-14|2026-01-15|2026-01-16|2026-01-20|2026-01-21|2026-01-22|2026-01-23|2026-01-26|2026-01-27|2026-01-28|2026-01-29|2026-01-30|2026-02-02|2026-02-03|2026-02-04|2026-02-05|2026-02-06|2026-02-09|2026-02-10|2026-02-11|2026-02-12|2026-02-13|2026-02-17|2026-02-18|2026-02-19|2026-02-20|2026-02-23|2026-02-24|2026-02-25|2026-02-26,2026-02-27 22:31:34,0.0
V2X,,2026-01-14|2026-01-15|2026-01-16|2026-01-20|2026-01-21|2026-01-22|2026-01-23|2026-01-26|2026-01-27|2026-01-28|2026-01-29|2026-01-30|2026-02-02|2026-02-03|2026-02-04|2026-02-05|2026-02-06|2026-02-09|2026-02-10|2026-02-11|2026-02-12|2026-02-13|2026-02-17|2026-02-18|2026-02-19|2026-02-20|2026-02-23|2026-02-24|2026-02-25|2026-02-26,2026-02-27 22:31:34,0.0
Crocs,,2026-01-14|2026-01-15|2026-01-16|2026-01-20|2026-01-21|2026-01-22|2026-01-23|2026-01-26|2026-01-27|2026-01-28|2026-01-29|2026-01-30|2026-02-02|2026-02-03|2026-02-04|2026-02-05|2026-02-06|2026-02-09|2026-02-10|2026-02-11|2026-02-12|2026-02-13|2026-02-17|2026-02-18|2026-02-19|2026-02-20|2026-02-23|2026-02-24|2026-02-25|2026-02-26,2026-02-27 22:31:34,0.0
Spectrum Brands,,2026-01-14|2026-01-15|2026-01-16|2026-01-20|2026-01-21|2026-01-22|2026-01-23|2026-01-26|2026-01-27|2026-01-28|2026-01-29|2026-01-30|2026-02-02|2026-02-03|2026-02-04|2026-02-05|2026-02-06|2026-02-09|2026-02-10|2026-02-11|2026-02-12|2026-02-13|2026-02-17|2026-02-18|2026-02-19|2026-02-20|2026-02-23|2026-02-24|2026-02-25|2026-02-26,2026-02-27 22:31:34,0.0
Visteon,,2026-01-14|2026-01-15|2026-01-16|2026-01-20|2026-01-21|2026-01-22|2026-01-23|2026-01-26|2026-01-27|2026-01-28|2026-01-29|2026-01-30|2026-02-02|2026-02-03|2026-02-04|2026-02-05|2026-02-06|2026-02-09|2026-02-10|2026-02-11|2026-02-12|2026-02-13|2026-02-17|2026-02-18|2026-02-19|2026-02-20|2026-02-23|2026-02-24|2026-02-25|2026-02-26,2026-02-27 22:31:34,0.0
Acuity Inc,,2026-01-14|2026-01-15|2026-01-16|2026-01-20|2026-01-21|2026-01-22|2026-01-23|2026-01-26|2026-01-27|2026-01-28|2026-01-29|2026-01-30|2026-02-02|2026-02-03|2026-02-04|2026-02-05|2026-02-06|2026-02-09|2026-02-10|2026-02-11|2026-02-12|2026-02-13|2026-02-17|2026-02-18|2026-02-19|2026-02-20|2026-02-23|2026-02-24|2026-02-25|2026-02-26,2026-02-27 22:31:34,0.0
The Greenbrier Companies,,2026-01-14|2026-01-15|2026-01-16|2026-01-20|2026-01-21|2026-01-22|2026-01-23|2026-01-26|2026-01-27|2026-01-28|2026-01-29|2026-01-30|2026-02-02|2026-02-03|2026-02-04|2026-02-05|2026-02-06|2026-02-09|2026-02-10|2026-02-11|2026-02-12|2026-02-13|2026-02-17|2026-02-18|2026-02-19|2026-02-20|2026-02-23|2026-02-24|2026-02-25|2026-02-26,2026-02-27 22:31:34,0.0
Webster Financial,,2026-01-14|2026-01-15|2026-01-16|2026-01-20|2026-01-21|2026-01-22|2026-01-23|2026-01-26|2026-01-27|2026-01-28|2026-01-29|2026-01-30|2026-02-02|2026-02-03|2026-02-04|2026-02-05|2026-02-06|2026-02-09|2026-02-10|2026-02-11|2026-02-12|2026-02-13|2026-02-17|2026-02-18|2026-02-19|2026-02-20|2026-02-23|2026-02-24|2026-02-25|2026-02-26,2026-02-27 22:31:34,0.0
Cabot Corporation,,2026-01-14|2026-01-15|2026-01-16|2026-01-20|2026-01-21|2026-01-22|2026-01-23|2026-01-26|2026-01-27|2026-01-28|2026-01-29|2026-01-30|2026-02-02|2026-02-03|2026-02-04|2026-02-05|2026-02-06|2026-02-09|2026-02-10|2026-02-11|2026-02-12|2026-02-13|2026-02-17|2026-02-18|2026-02-19|2026-02-20|2026-02-23|2026-02-24|2026-02-25|2026-02-26,2026-02-27 22:31:34,0.0
RXO Inc,,2026-01-14|2026-01-15|2026-01-16|2026-01-20|2026-01-21|2026-01-22|2026-01-23|2026-01-26|2026-01-27|2026-01-28|2026-01-29|2026-01-30|2026-02-02|2026-02-03|2026-02-04|2026-02-05|2026-02-06|2026-02-09|2026-02-10|2026-02-11|2026-02-12|2026-02-13|2026-02-17|2026-02-18|2026-02-19|2026-02-20|2026-02-23|2026-02-24|2026-02-25|2026-02-26,2026-02-27 22:31:34,0.0
Chord Energy,,2026-01-14|2026-01-15|2026-01-16|2026-01-20|2026-01-21|2026-01-22|2026-01-23|2026-01-26|2026-01-27|2026-01-28|2026-01-29|2026-01-30|2026-02-02|2026-02-03|2026-02-04|2026-02-05|2026-02-06|2026-02-09|2026-02-10|2026-02-11|2026-02-12|2026-02-13|2026-02-17|2026-02-18|2026-02-19|2026-02-20|2026-02-23|2026-02-24|2026-02-25|2026-02-26,2026-02-27 22:31:34,0.0
Popular Inc,,2026-01-14|2026-01-15|2026-01-16|2026-01-20|2026-01-21|2026-01-22|2026-01-23|2026-01-26|2026-01-27|2026-01-28|2026-01-29|2026-01-30|2026-02-02|2026-02-03|2026-02-04|2026-02-05|2026-02-06|2026-02-09|2026-02-10|2026-02-11|2026-02-12|2026-02-13|2026-02-17|2026-02-18|2026-02-19|2026-02-20|2026-02-23|2026-02-24|2026-02-25|2026-02-26,2026-02-27 22:31:34,0.0
Garrett Motion Inc,,2026-01-14|2026-01-15|2026-01-16|2026-01-20|2026-01-21|2026-01-22|2026-01-23|2026-01-26|2026-01-27|2026-01-28|2026-01-29|2026-01-30|2026-02-02|2026-02-03|2026-02-04|2026-02-05|2026-02-06|2026-02-09|2026-02-10|2026-02-11|2026-02-12|2026-02-13|2026-02-17|2026-02-18|2026-02-19|2026-02-20|2026-02-23|2026-02-24|2026-02-25|2026-02-26,2026-02-27 22:31:34,0.0
Tutor Perini Corporation,,2026-01-14|2026-01-15|2026-01-16|2026-01-20|2026-01-21|2026-01-22|2026-01-23|2026-01-26|2026-01-27|2026-01-28|2026-01-29|2026-01-30|2026-02-02|2026-02-03|2026-02-04|2026-02-05|2026-02-06|2026-02-09|2026-02-10|2026-02-11|2026-02-12|2026-02-13|2026-02-17|2026-02-18|2026-02-19|2026-02-20|2026-02-23|2026-02-24|2026-02-25|2026-02-26,2026-02-27 22:31:34,0.0
Copart,,2026-01-14|2026-01-15|2026-01-16|2026-01-20|2026-01-21|2026-01-22|2026-01-23|2026-01-26|2026-01-27|2026-01-28|2026-01-29|2026-01-30|2026-02-02|2026-02-03|2026-02-04|2026-02-05|2026-02-06|2026-02-09|2026-02-10|2026-02-11|2026-02-12|2026-02-13|2026-02-17|2026-02-18|2026-02-19|2026-02-20|2026-02-23|2026-02-24|2026-02-25|2026-02-26,2026-02-27 22:31:34,0.0
Toast Inc,,2026-01-14|2026-01-15|2026-01-16|2026-01-20|2026-01-21|2026-01-22|2026-01-23|2026-01-26|2026-01-27|2026-01-28|2026-01-29|2026-01-30|2026-02-02|2026-02-03|2026-02-04|2026-02-05|2026-02-06|2026-02-09|2026-02-10|2026-02-11|2026-02-12|2026-02-13|2026-02-17|2026-02-18|2026-02-19|2026-02-20|2026-02-23|2026-02-24|2026-02-25|2026-02-26,2026-02-27 22:31:34,0.0
Align Technology,,2026-01-14|2026-01-15|2026-01-16|2026-01-20|2026-01-21|2026-01-22|2026-01-23|2026-01-26|2026-01-27|2026-01-28|2026-01-29|2026-01-30|2026-02-02|2026-02-03|2026-02-04|2026-02-05|2026-02-06|2026-02-09|2026-02-10|2026-02-11|2026-02-12|2026-02-13|2026-02-17|2026-02-18|2026-02-19|2026-02-20|2026-02-23|2026-02-24|2026-02-25|2026-02-26,2026-02-27 22:31:34,0.0
A O Smith,,2026-01-14|2026-01-15|2026-01-16|2026-01-20|2026-01-21|2026-01-22|2026-01-23|2026-01-26|2026-01-27|2026-01-28|2026-01-29|2026-01-30|2026-02-02|2026-02-03|2026-02-04|2026-02-05|2026-02-06|2026-02-09|2026-02-10|2026-02-11|2026-02-12|2026-02-13|2026-02-17|2026-02-18|2026-02-19|2026-02-20|2026-02-23|2026-02-24|2026-02-25|2026-02-26,2026-02-27 22:31:34,0.0
TransUnion,,2026-01-14|2026-01-15|2026-01-16|2026-01-20|2026-01-21|2026-01-22|2026-01-23|2026-01-26|2026-01-27|2026-01-28|2026-01-29|2026-01-30|2026-02-02|2026-02-03|2026-02-04|2026-02-05|2026-02-06|2026-02-09|2026-02-10|2026-02-11|2026-02-12|2026-02-13|2026-02-17|2026-02-18|2026-02-19|2026-02-20|2026-02-23|2026-02-24|2026-02-25|2026-02-26,2026-02-27 22:31:34,0.0
NCR Voyix,,2026-01-14|2026-01-15|2026-01-16|2026-01-20|2026-01-21|2026-01-22|2026-01-23|2026-01-26|2026-01-27|2026-01-28|2026-01-29|2026-01-30|2026-02-02|2026-02-03|2026-02-04|2026-02-05|2026-02-06|2026-02-09|2026-02-10|2026-02-11|2026-02-12|2026-02-13|2026-02-17|2026-02-18|2026-02-19|2026-02-20|2026-02-23|2026-02-24|2026-02-25|2026-02-26,2026-02-27 22:31:34,0.0
Akamai Technologies,,2026-01-14|2026-01-15|2026-01-16|2026-01-20|2026-01-21|2026-01-22|2026-01-23|2026-01-26|2026-01-27|2026-01-28|2026-01-29|2026-01-30|2026-02-02|2026-02-03|2026-02-04|2026-02-05|2026-02-06|2026-02-09|2026-02-10|2026-02-11|2026-02-12|2026-02-13|2026-02-17|2026-02-18|2026-02-19|2026-02-20|2026-02-23|2026-02-24|2026-02-25|2026-02-26,2026-02-27 22:31:34,0.0
Trimble Inc,,2026-01-14|2026-01-15|2026-01-16|2026-01-20|2026-01-21|2026-01-22|2026-01-23|2026-01-26|2026-01-27|2026-01-28|2026-01-29|2026-01-30|2026-02-02|2026-02-03|2026-02-04|2026-02-05|2026-02-06|2026-02-09|2026-02-10|2026-02-11|2026-02-12|2026-02-13|2026-02-17|2026-02-18|2026-02-19|2026-02-20|2026-02-23|2026-02-24|2026-02-25|2026-02-26,2026-02-27 22:31:34,0.0
AMN Healthcare Services,,2026-01-14|2026-01-15|2026-01-16|2026-01-20|2026-01-21|2026-01-22|2026-01-23|2026-01-26|2026-01-27|2026-01-28|2026-01-29|2026-01-30|2026-02-02|2026-02-03|2026-02-04|2026-02-05|2026-02-06|2026-02-09|2026-02-10|2026-02-11|2026-02-12|2026-02-13|2026-02-17|2026-02-18|2026-02-19|2026-02-20|2026-02-23|2026-02-24|2026-02-25|2026-02-26,2026-02-27 22:31:34,0.0
Mettler-Toledo International,,2026-01-14|2026-01-15|2026-01-16|2026-01-20|2026-01-21|2026-01-22|2026-01-23|2026-01-26|2026-01-27|2026-01-28|2026-01-29|2026-01-30|2026-02-02|2026-02-03|2026-02-04|2026-02-05|2026-02-06|2026-02-09|2026-02-10|2026-02-11|2026-02-12|2026-02-13|2026-02-17|2026-02-18|2026-02-19|2026-02-20|2026-02-23|2026-02-24|2026-02-25|2026-02-26,2026-02-27 22:31:34,0.0
ScanSource,,2026-01-14|2026-01-15|2026-01-16|2026-01-20|2026-01-21|2026-01-22|2026-01-23|2026-01-26|2026-01-27|2026-01-28|2026-01-29|2026-01-30|2026-02-02|2026-02-03|2026-02-04|2026-02-05|2026-02-06|2026-02-09|2026-02-10|2026-02-11|2026-02-12|2026-02-13|2026-02-17|2026-02-18|2026-02-19|2026-02-20|2026-02-23|2026-02-24|2026-02-25|2026-02-26,2026-02-27 22:31:34,0.0
LCI Industries,,2026-01-14|2026-01-15|2026-01-16|2026-01-20|2026-01-21|2026-01-22|2026-01-23|2026-01-26|2026-01-27|2026-01-28|2026-01-29|2026-01-30|2026-02-02|2026-02-03|2026-02-04|2026-02-05|2026-02-06|2026-02-09|2026-02-10|2026-02-11|2026-02-12|2026-02-13|2026-02-17|2026-02-18|2026-02-19|2026-02-20|2026-02-23|2026-02-24|2026-02-25|2026-02-26,2026-02-27 22:31:34,0.0
Cboe Global Markets,,2026-01-14|2026-01-15|2026-01-16|2026-01-20|2026-01-21|2026-01-22|2026-01-23|2026-01-26|2026-01-27|2026-01-28|2026-01-29|2026-01-30|2026-02-02|2026-02-03|2026-02-04|2026-02-05|2026-02-06|2026-02-09|2026-02-10|2026-02-11|2026-02-12|2026-02-13|2026-02-17|2026-02-18|2026-02-19|2026-02-20|2026-02-23|2026-02-24|2026-02-25|2026-02-26,2026-02-27 22:31:34,0.0
Diebold Nixdorf,,2026-01-14|2026-01-15|2026-01-16|2026-01-20|2026-01-21|2026-01-22|2026-01-23|2026-01-26|2026-01-27|2026-01-28|2026-01-29|2026-01-30|2026-02-02|2026-02-03|2026-02-04|2026-02-05|2026-02-06|2026-02-09|2026-02-10|2026-02-11|2026-02-12|2026-02-13|2026-02-17|2026-02-18|2026-02-19|2026-02-20|2026-02-23|2026-02-24|2026-02-25|2026-02-26,2026-02-27 22:31:34,0.0
Corpay,,2026-01-14|2026-01-15|2026-01-16|2026-01-20|2026-01-21|2026-01-22|2026-01-23|2026-01-26|2026-01-27|2026-01-28|2026-01-29|2026-01-30|2026-02-02|2026-02-03|2026-02-04|2026-02-05|2026-02-06|2026-02-09|2026-02-10|2026-02-11|2026-02-12|2026-02-13|2026-02-17|2026-02-18|2026-02-19|2026-02-20|2026-02-23|2026-02-24|2026-02-25|2026-02-26,2026-02-27 22:31:34,0.0
iHeartMedia,,2026-01-14|2026-01-15|2026-01-16|2026-01-20|2026-01-21|2026-01-22|2026-01-23|2026-01-26|2026-01-27|2026-01-28|2026-01-29|2026-01-30|2026-02-02|2026-02-03|2026-02-04|2026-02-05|2026-02-06|2026-02-09|2026-02-10|2026-02-11|2026-02-12|2026-02-13|2026-02-17|2026-02-18|2026-02-19|2026-02-20|2026-02-23|2026-02-24|2026-02-25|2026-02-26,2026-02-27 22:31:34,0.0
Dream Finders Homes,,2026-01-14|2026-01-15|2026-01-16|2026-01-20|2026-01-21|2026-01-22|2026-01-23|2026-01-26|2026-01-27|2026-01-28|2026-01-29|2026-01-30|2026-02-02|2026-02-03|2026-02-04|2026-02-05|2026-02-06|2026-02-09|2026-02-10|2026-02-11|2026-02-12|2026-02-13|2026-02-17|2026-02-18|2026-02-19|2026-02-20|2026-02-23|2026-02-24|2026-02-25|2026-02-26,2026-02-27 22:31:34,0.0
Boyd Gaming,,2026-01-14|2026-01-15|2026-01-16|2026-01-20|2026-01-21|2026-01-22|2026-01-23|2026-01-26|2026-01-27|2026-01-28|2026-01-29|2026-01-30|2026-02-02|2026-02-03|2026-02-04|2026-02-05|2026-02-06|2026-02-09|2026-02-10|2026-02-11|2026-02-12|2026-02-13|2026-02-17|2026-02-18|2026-02-19|2026-02-20|2026-02-23|2026-02-24|2026-02-25|2026-02-26,2026-02-27 22:31:34,0.0
Ensign Group,,2026-01-14|2026-01-15|2026-01-16|2026-01-20|2026-01-21|2026-01-22|2026-01-23|2026-01-26|2026-01-27|2026-01-28|2026-01-29|2026-01-30|2026-02-02|2026-02-03|2026-02-04|2026-02-05|2026-02-06|2026-02-09|2026-02-10|2026-02-11|2026-02-12|2026-02-13|2026-02-17|2026-02-18|2026-02-19|2026-02-20|2026-02-23|2026-02-24|2026-02-25|2026-02-26,2026-02-27 22:31:34,0.0
Sally Beauty,,2026-01-14|2026-01-15|2026-01-16|2026-01-20|2026-01-21|2026-01-22|2026-01-23|2026-01-26|2026-01-27|2026-01-28|2026-01-29|2026-01-30|2026-02-02|2026-02-03|2026-02-04|2026-02-05|2026-02-06|2026-02-09|2026-02-10|2026-02-11|2026-02-12|2026-02-13|2026-02-17|2026-02-18|2026-02-19|2026-02-20|2026-02-23|2026-02-24|2026-02-25|2026-02-26,2026-02-27 22:31:34,0.0
Conduent,,2026-01-14|2026-01-15|2026-01-16|2026-01-20|2026-01-21|2026-01-22|2026-01-23|2026-01-26|2026-01-27|2026-01-28|2026-01-29|2026-01-30|2026-02-02|2026-02-03|2026-02-04|2026-02-05|2026-02-06|2026-02-09|2026-02-10|2026-02-11|2026-02-12|2026-02-13|2026-02-17|2026-02-18|2026-02-19|2026-02-20|2026-02-23|2026-02-24|2026-02-25|2026-02-26,2026-02-27 22:31:34,0.0
Sylvamo,,2026-01-14|2026-01-15|2026-01-16|2026-01-20|2026-01-21|2026-01-22|2026-01-23|2026-01-26|2026-01-27|2026-01-28|2026-01-29|2026-01-30|2026-02-02|2026-02-03|2026-02-04|2026-02-05|2026-02-06|2026-02-09|2026-02-10|2026-02-11|2026-02-12|2026-02-13|2026-02-17|2026-02-18|2026-02-19|2026-02-20|2026-02-23|2026-02-24|2026-02-25|2026-02-26,2026-02-27 22:31:34,0.0
Tri Pointe Homes,,2026-01-14|2026-01-15|2026-01-16|2026-01-20|2026-01-21|2026-01-22|2026-01-23|2026-01-26|2026-01-27|2026-01-28|2026-01-29|2026-01-30|2026-02-02|2026-02-03|2026-02-04|2026-02-05|2026-02-06|2026-02-09|2026-02-10|2026-02-11|2026-02-12|2026-02-13|2026-02-17|2026-02-18|2026-02-19|2026-02-20|2026-02-23|2026-02-24|2026-02-25|2026-02-26,2026-02-27 22:31:34,0.0
EnerSys,,2026-01-14|2026-01-15|2026-01-16|2026-01-20|2026-01-21|2026-01-22|2026-01-23|2026-01-26|2026-01-27|2026-01-28|2026-01-29|2026-01-30|2026-02-02|2026-02-03|2026-02-04|2026-02-05|2026-02-06|2026-02-09|2026-02-10|2026-02-11|2026-02-12|2026-02-13|2026-02-17|2026-02-18|2026-02-19|2026-02-20|2026-02-23|2026-02-24|2026-02-25|2026-02-26,2026-02-27 22:31:34,0.0
Incyte,,2026-01-14|2026-01-15|2026-01-16|2026-01-20|2026-01-21|2026-01-22|2026-01-23|2026-01-26|2026-01-27|2026-01-28|2026-01-29|2026-01-30|2026-02-02|2026-02-03|2026-02-04|2026-02-05|2026-02-06|2026-02-09|2026-02-10|2026-02-11|2026-02-12|2026-02-13|2026-02-17|2026-02-18|2026-02-19|2026-02-20|2026-02-23|2026-02-24|2026-02-25|2026-02-26,2026-02-27 22:31:34,0.0
Century Communities,,2026-01-14|2026-01-15|2026-01-16|2026-01-20|2026-01-21|2026-01-22|2026-01-23|2026-01-26|2026-01-27|2026-01-28|2026-01-29|2026-01-30|2026-02-02|2026-02-03|2026-02-04|2026-02-05|2026-02-06|2026-02-09|2026-02-10|2026-02-11|2026-02-12|2026-02-13|2026-02-17|2026-02-18|2026-02-19|2026-02-20|2026-02-23|2026-02-24|2026-02-25|2026-02-26,2026-02-27 22:31:34,0.0
Rithm Capital,,2026-01-14|2026-01-15|2026-01-16|2026-01-20|2026-01-21|2026-01-22|2026-01-23|2026-01-26|2026-01-27|2026-01-28|2026-01-29|2026-01-30|2026-02-02|2026-02-03|2026-02-04|2026-02-05|2026-02-06|2026-02-09|2026-02-10|2026-02-11|2026-02-12|2026-02-13|2026-02-17|2026-02-18|2026-02-19|2026-02-20|2026-02-23|2026-02-24|2026-02-25|2026-02-26,2026-02-27 22:31:34,0.0
Euronet Worldwide,,2026-01-14|2026-01-15|2026-01-16|2026-01-20|2026-01-21|2026-01-22|2026-01-23|2026-01-26|2026-01-27|2026-01-28|2026-01-29|2026-01-30|2026-02-02|2026-02-03|2026-02-04|2026-02-05|2026-02-06|2026-02-09|2026-02-10|2026-02-11|2026-02-12|2026-02-13|2026-02-17|2026-02-18|2026-02-19|2026-02-20|2026-02-23|2026-02-24|2026-02-25|2026-02-26,2026-02-27 22:31:34,0.0
Hawaiian Electric Industries,,2026-01-14|2026-01-15|2026-01-16|2026-01-20|2026-01-21|2026-01-22|2026-01-23|2026-01-26|2026-01-27|2026-01-28|2026-01-29|2026-01-30|2026-02-02|2026-02-03|2026-02-04|2026-02-05|2026-02-06|2026-02-09|2026-02-10|2026-02-11|2026-02-12|2026-02-13|2026-02-17|2026-02-18|2026-02-19|2026-02-20|2026-02-23|2026-02-24|2026-02-25|2026-02-26,2026-02-27 22:31:34,0.0
DraftKings,,2026-01-14|2026-01-15|2026-01-16|2026-01-20|2026-01-21|2026-01-22|2026-01-23|2026-01-26|2026-01-27|2026-01-28|2026-01-29|2026-01-30|2026-02-02|2026-02-03|2026-02-04|2026-02-05|2026-02-06|2026-02-09|2026-02-10|2026-02-11|2026-02-12|2026-02-13|2026-02-17|2026-02-18|2026-02-19|2026-02-20|2026-02-23|2026-02-24|2026-02-25|2026-02-26,2026-02-27 22:31:34,0.0
IDEXX Laboratories,,2026-01-14|2026-01-15|2026-01-16|2026-01-20|2026-01-21|2026-01-22|2026-01-23|2026-01-26|2026-01-27|2026-01-28|2026-01-29|2026-01-30|2026-02-02|2026-02-03|2026-02-04|2026-02-05|2026-02-06|2026-02-09|2026-02-10|2026-02-11|2026-02-12|2026-02-13|2026-02-17|2026-02-18|2026-02-19|2026-02-20|2026-02-23|2026-02-24|2026-02-25|2026-02-26,2026-02-27 22:31:34,0.0
MYR Group,,2026-01-14|2026-01-15|2026-01-16|2026-01-20|2026-01-21|2026-01-22|2026-01-23|2026-01-26|2026-01-27|2026-01-28|2026-01-29|2026-01-30|2026-02-02|2026-02-03|2026-02-04|2026-02-05|2026-02-06|2026-02-09|2026-02-10|2026-02-11|2026-02-12|2026-02-13|2026-02-17|2026-02-18|2026-02-19|2026-02-20|2026-02-23|2026-02-24|2026-02-25|2026-02-26,2026-02-27 22:31:34,0.0
Deckers Outdoor,,2026-01-14|2026-01-15|2026-01-16|2026-01-20|2026-01-21|2026-01-22|2026-01-23|2026-01-26|2026-01-27|2026-01-28|2026-01-29|2026-01-30|2026-02-02|2026-02-03|2026-02-04|2026-02-05|2026-02-06|2026-02-09|2026-02-10|2026-02-11|2026-02-12|2026-02-13|2026-02-17|2026-02-18|2026-02-19|2026-02-20|2026-02-23|2026-02-24|2026-02-25|2026-02-26,2026-02-27 22:31:34,0.0
DexCom,,2026-01-14|2026-01-15|2026-01-16|2026-01-20|2026-01-21|2026-01-22|2026-01-23|2026-01-26|2026-01-27|2026-01-28|2026-01-29|2026-01-30|2026-02-02|2026-02-03|2026-02-04|2026-02-05|2026-02-06|2026-02-09|2026-02-10|2026-02-11|2026-02-12|2026-02-13|2026-02-17|2026-02-18|2026-02-19|2026-02-20|2026-02-23|2026-02-24|2026-02-25|2026-02-26,2026-02-27 22:31:34,0.0
MKS Instruments,,2026-01-14|2026-01-15|2026-01-16|2026-01-20|2026-01-21|2026-01-22|2026-01-23|2026-01-26|2026-01-27|2026-01-28|2026-01-29|2026-01-30|2026-02-02|2026-02-03|2026-02-04|2026-02-05|2026-02-06|2026-02-09|2026-02-10|2026-02-11|2026-02-12|2026-02-13|2026-02-17|2026-02-18|2026-02-19|2026-02-20|2026-02-23|2026-02-24|2026-02-25|2026-02-26,2026-02-27 22:31:34,0.0
VICI Properties,,2026-01-14|2026-01-15|2026-01-16|2026-01-20|2026-01-21|2026-01-22|2026-01-23|2026-01-26|2026-01-27|2026-01-28|2026-01-29|2026-01-30|2026-02-02|2026-02-03|2026-02-04|2026-02-05|2026-02-06|2026-02-09|2026-02-10|2026-02-11|2026-02-12|2026-02-13|2026-02-17|2026-02-18|2026-02-19|2026-02-20|2026-02-23|2026-02-24|2026-02-25|2026-02-26,2026-02-27 22:31:34,0.0
Cooper Cos,,2026-01-14|2026-01-15|2026-01-16|2026-01-20|2026-01-21|2026-01-22|2026-01-23|2026-01-26|2026-01-27|2026-01-28|2026-01-29|2026-01-30|2026-02-02|2026-02-03|2026-02-04|2026-02-05|2026-02-06|2026-02-09|2026-02-10|2026-02-11|2026-02-12|2026-02-13|2026-02-17|2026-02-18|2026-02-19|2026-02-20|2026-02-23|2026-02-24|2026-02-25|2026-02-26,2026-02-27 22:31:34,0.0
Frontier Airlines,,2026-01-14|2026-01-15|2026-01-16|2026-01-20|2026-01-21|2026-01-22|2026-01-23|2026-01-26|2026-01-27|2026-01-28|2026-01-29|2026-01-30|2026-02-02|2026-02-03|2026-02-04|2026-02-05|2026-02-06|2026-02-09|2026-02-10|2026-02-11|2026-02-12|2026-02-13|2026-02-17|2026-02-18|2026-02-19|2026-02-20|2026-02-23|2026-02-24|2026-02-25|2026-02-26,2026-02-27 22:31:34,0.0
Qorvo,,2026-01-14|2026-01-15|2026-01-16|2026-01-20|2026-01-21|2026-01-22|2026-01-23|2026-01-26|2026-01-27|2026-01-28|2026-01-29|2026-01-30|2026-02-02|2026-02-03|2026-02-04|2026-02-05|2026-02-06|2026-02-09|2026-02-10|2026-02-11|2026-02-12|2026-02-13|2026-02-17|2026-02-18|2026-02-19|2026-02-20|2026-02-23|2026-02-24|2026-02-25|2026-02-26,2026-02-27 22:31:34,0.0
Five Below,,2026-01-14|2026-01-15|2026-01-16|2026-01-20|2026-01-21|2026-01-22|2026-01-23|2026-01-26|2026-01-27|2026-01-28|2026-01-29|2026-01-30|2026-02-02|2026-02-03|2026-02-04|2026-02-05|2026-02-06|2026-02-09|2026-02-10|2026-02-11|2026-02-12|2026-02-13|2026-02-17|2026-02-18|2026-02-19|2026-02-20|2026-02-23|2026-02-24|2026-02-25|2026-02-26,2026-02-27 22:31:34,0.0
TreeHouse Foods,,2025-12-29|2025-12-30|2025-12-31|2026-01-02|2026-01-05|2026-01-06|2026-01-07|2026-01-08|2026-01-09|2026-01-12|2026-01-13|2026-01-14|2026-01-15|2026-01-16|2026-01-20|2026-01-21|2026-01-22|2026-01-23|2026-01-26|2026-01-27|2026-01-28|2026-01-29|2026-01-30|2026-02-02|2026-02-03|2026-02-04|2026-02-05|2026-02-06|2026-02-09|2026-02-10,2026-02-27 22:31:34,0.0
Scotts Miracle-Gro,,2026-01-14|2026-01-15|2026-01-16|2026-01-20|2026-01-21|2026-01-22|2026-01-23|2026-01-26|2026-01-27|2026-01-28|2026-01-29|2026-01-30|2026-02-02|2026-02-03|2026-02-04|2026-02-05|2026-02-06|2026-02-09|2026-02-10|2026-02-11|2026-02-12|2026-02-13|2026-02-17|2026-02-18|2026-02-19|2026-02-20|2026-02-23|2026-02-24|2026-02-25|2026-02-26,2026-02-27 22:31:34,0.0
Atlassian,,2026-01-14|2026-01-15|2026-01-16|2026-01-20|2026-01-21|2026-01-22|2026-01-23|2026-01-26|2026-01-27|2026-01-28|2026-01-29|2026-01-30|2026-02-02|2026-02-03|2026-02-04|2026-02-05|2026-02-06|2026-02-09|2026-02-10|2026-02-11|2026-02-12|2026-02-13|2026-02-17|2026-02-18|2026-02-19|2026-02-20|2026-02-23|2026-02-24|2026-02-25|2026-02-26,2026-02-27 22:31:34,0.0
Entegris,,2026-01-14|2026-01-15|2026-01-16|2026-01-20|2026-01-21|2026-01-22|2026-01-23|2026-01-26|2026-01-27|2026-01-28|2026-01-29|2026-01-30|2026-02-02|2026-02-03|2026-02-04|2026-02-05|2026-02-06|2026-02-09|2026-02-10|2026-02-11|2026-02-12|2026-02-13|2026-02-17|2026-02-18|2026-02-19|2026-02-20|2026-02-23|2026-02-24|2026-02-25|2026-02-26,2026-02-27 22:31:34,0.0
Atkore,,2026-01-14|2026-01-15|2026-01-16|2026-01-20|2026-01-21|2026-01-22|2026-01-23|2026-01-26|2026-01-27|2026-01-28|2026-01-29|2026-01-30|2026-02-02|2026-02-03|2026-02-04|2026-02-05|2026-02-06|2026-02-09|2026-02-10|2026-02-11|2026-02-12|2026-02-13|2026-02-17|2026-02-18|2026-02-19|2026-02-20|2026-02-23|2026-02-24|2026-02-25|2026-02-26,2026-02-27 22:31:34,0.0
HB Fuller,,2026-01-14|2026-01-15|2026-01-16|2026-01-20|2026-01-21|2026-01-22|2026-01-23|2026-01-26|2026-01-27|2026-01-28|2026-01-29|2026-01-30|2026-02-02|2026-02-03|2026-02-04|2026-02-05|2026-02-06|2026-02-09|2026-02-10|2026-02-11|2026-02-12|2026-02-13|2026-02-17|2026-02-18|2026-02-19|2026-02-20|2026-02-23|2026-02-24|2026-02-25|2026-02-26,2026-02-27 22:31:34,0.0
Granite Construction,,2026-01-14|2026-01-15|2026-01-16|2026-01-20|2026-01-21|2026-01-22|2026-01-23|2026-01-26|2026-01-27|2026-01-28|2026-01-29|2026-01-30|2026-02-02|2026-02-03|2026-02-04|2026-02-05|2026-02-06|2026-02-09|2026-02-10|2026-02-11|2026-02-12|2026-02-13|2026-02-17|2026-02-18|2026-02-19|2026-02-20|2026-02-23|2026-02-24|2026-02-25|2026-02-26,2026-02-27 22:31:34,0.0
Winnebago Industries,,2026-01-14|2026-01-15|2026-01-16|2026-01-20|2026-01-21|2026-01-22|2026-01-23|2026-01-26|2026-01-27|2026-01-28|2026-01-29|2026-01-30|2026-02-02|2026-02-03|2026-02-04|2026-02-05|2026-02-06|2026-02-09|2026-02-10|2026-02-11|2026-02-12|2026-02-13|2026-02-17|2026-02-18|2026-02-19|2026-02-20|2026-02-23|2026-02-24|2026-02-25|2026-02-26,2026-02-27 22:31:34,0.0
FTI Consulting,,2026-01-14|2026-01-15|2026-01-16|2026-01-20|2026-01-21|2026-01-22|2026-01-23|2026-01-26|2026-01-27|2026-01-28|2026-01-29|2026-01-30|2026-02-02|2026-02-03|2026-02-04|2026-02-05|2026-02-06|2026-02-09|2026-02-10|2026-02-11|2026-02-12|2026-02-13|2026-02-17|2026-02-18|2026-02-19|2026-02-20|2026-02-23|2026-02-24|2026-02-25|2026-02-26,2026-02-27 22:31:34,0.0
AptarGroup,,2026-01-14|2026-01-15|2026-01-16|2026-01-20|2026-01-21|2026-01-22|2026-01-23|2026-01-26|2026-01-27|2026-01-28|2026-01-29|2026-01-30|2026-02-02|2026-02-03|2026-02-04|2026-02-05|2026-02-06|2026-02-09|2026-02-10|2026-02-11|2026-02-12|2026-02-13|2026-02-17|2026-02-18|2026-02-19|2026-02-20|2026-02-23|2026-02-24|2026-02-25|2026-02-26,2026-02-27 22:31:34,0.0
Columbia Sportswear,,2026-01-14|2026-01-15|2026-01-16|2026-01-20|2026-01-21|2026-01-22|2026-01-23|2026-01-26|2026-01-27|2026-01-28|2026-01-29|2026-01-30|2026-02-02|2026-02-03|2026-02-04|2026-02-05|2026-02-06|2026-02-09|2026-02-10|2026-02-11|2026-02-12|2026-02-13|2026-02-17|2026-02-18|2026-02-19|2026-02-20|2026-02-23|2026-02-24|2026-02-25|2026-02-26,2026-02-27 22:31:34,0.0
Roku,,2026-01-14|2026-01-15|2026-01-16|2026-01-20|2026-01-21|2026-01-22|2026-01-23|2026-01-26|2026-01-27|2026-01-28|2026-01-29|2026-01-30|2026-02-02|2026-02-03|2026-02-04|2026-02-05|2026-02-06|2026-02-09|2026-02-10|2026-02-11|2026-02-12|2026-02-13|2026-02-17|2026-02-18|2026-02-19|2026-02-20|2026-02-23|2026-02-24|2026-02-25|2026-02-26,2026-02-27 22:31:34,0.0
Civitas Resources,,2025-12-16|2025-12-17|2025-12-18|2025-12-19|2025-12-22|2025-12-23|2025-12-24|2025-12-26|2025-12-29|2025-12-30|2025-12-31|2026-01-02|2026-01-05|2026-01-06|2026-01-07|2026-01-08|2026-01-09|2026-01-12|2026-01-13|2026-01-14|2026-01-15|2026-01-16|2026-01-20|2026-01-21|2026-01-22|2026-01-23|2026-01-26|2026-01-27|2026-01-28|2026-01-29,2026-02-27 22:31:34,0.0
Alpha Metallurgical Resources,,2026-01-14|2026-01-15|2026-01-16|2026-01-20|2026-01-21|2026-01-22|2026-01-23|2026-01-26|2026-01-27|2026-01-28|2026-01-29|2026-01-30|2026-02-02|2026-02-03|2026-02-04|2026-02-05|2026-02-06|2026-02-09|2026-02-10|2026-02-11|2026-02-12|2026-02-13|2026-02-17|2026-02-18|2026-02-19|2026-02-20|2026-02-23|2026-02-24|2026-02-25|2026-02-26,2026-02-27 22:31:34,0.0
Patrick Industries,,2026-01-14|2026-01-15|2026-01-16|2026-01-20|2026-01-21|2026-01-22|2026-01-23|2026-01-26|2026-01-27|2026-01-28|2026-01-29|2026-01-30|2026-02-02|2026-02-03|2026-02-04|2026-02-05|2026-02-06|2026-02-09|2026-02-10|2026-02-11|2026-02-12|2026-02-13|2026-02-17|2026-02-18|2026-02-19|2026-02-20|2026-02-23|2026-02-24|2026-02-25|2026-02-26,2026-02-27 22:31:34,0.0
Murphy Oil,,2026-01-14|2026-01-15|2026-01-16|2026-01-20|2026-01-21|2026-01-22|2026-01-23|2026-01-26|2026-01-27|2026-01-28|2026-01-29|2026-01-30|2026-02-02|2026-02-03|2026-02-04|2026-02-05|2026-02-06|2026-02-09|2026-02-10|2026-02-11|2026-02-12|2026-02-13|2026-02-17|2026-02-18|2026-02-19|2026-02-20|2026-02-23|2026-02-24|2026-02-25|2026-02-26,2026-02-27 22:31:34,0.0
Synovus Financial,,2025-11-19|2025-11-20|2025-11-21|2025-11-24|2025-11-25|2025-11-26|2025-11-28|2025-12-01|2025-12-02|2025-12-03|2025-12-04|2025-12-05|2025-12-08|2025-12-09|2025-12-10|2025-12-11|2025-12-12|2025-12-15|2025-12-16|2025-12-17|2025-12-18|2025-12-19|2025-12-22|2025-12-23|2025-12-24|2025-12-26|2025-12-29|2025-12-30|2025-12-31|2026-01-02,2026-02-27 22:31:34,0.0
Cracker Barrel Old Country Store,,2026-01-14|2026-01-15|2026-01-16|2026-01-20|2026-01-21|2026-01-22|2026-01-23|2026-01-26|2026-01-27|2026-01-28|2026-01-29|2026-01-30|2026-02-02|2026-02-03|2026-02-04|2026-02-05|2026-02-06|2026-02-09|2026-02-10|2026-02-11|2026-02-12|2026-02-13|2026-02-17|2026-02-18|2026-02-19|2026-02-20|2026-02-23|2026-02-24|2026-02-25|2026-02-26,2026-02-27 22:31:34,0.0
Cheesecake Factory,,2026-01-14|2026-01-15|2026-01-16|2026-01-20|2026-01-21|2026-01-22|2026-01-23|2026-01-26|2026-01-27|2026-01-28|2026-01-29|2026-01-30|2026-02-02|2026-02-03|2026-02-04|2026-02-05|2026-02-06|2026-02-09|2026-02-10|2026-02-11|2026-02-12|2026-02-13|2026-02-17|2026-02-18|2026-02-19|2026-02-20|2026-02-23|2026-02-24|2026-02-25|2026-02-26,2026-02-27 22:31:34,0.0
CNX Resources,,2026-01-14|2026-01-15|2026-01-16|2026-01-20|2026-01-21|2026-01-22|2026-01-23|2026-01-26|2026-01-27|2026-01-28|2026-01-29|2026-01-30|2026-02-02|2026-02-03|2026-02-04|2026-02-05|2026-02-06|2026-02-09|2026-02-10|2026-02-11|2026-02-12|2026-02-13|2026-02-17|2026-02-18|2026-02-19|2026-02-20|2026-02-23|2026-02-24|2026-02-25|2026-02-26,2026-02-27 22:31:34,0.0
Chefs Warehouse,,2026-01-14|2026-01-15|2026-01-16|2026-01-20|2026-01-21|2026-01-22|2026-01-23|2026-01-26|2026-01-27|2026-01-28|2026-01-29|2026-01-30|2026-02-02|2026-02-03|2026-02-04|2026-02-05|2026-02-06|2026-02-09|2026-02-10|2026-02-11|2026-02-12|2026-02-13|2026-02-17|2026-02-18|2026-02-19|2026-02-20|2026-02-23|2026-02-24|2026-02-25|2026-02-26,2026-02-27 22:31:34,0.0
Donaldson Company,,2026-01-14|2026-01-15|2026-01-16|2026-01-20|2026-01-21|2026-01-22|2026-01-23|2026-01-26|2026-01-27|2026-01-28|2026-01-29|2026-01-30|2026-02-02|2026-02-03|2026-02-04|2026-02-05|2026-02-06|2026-02-09|2026-02-10|2026-02-11|2026-02-12|2026-02-13|2026-02-17|2026-02-18|2026-02-19|2026-02-20|2026-02-23|2026-02-24|2026-02-25|2026-02-26,2026-02-27 22:31:34,0.0
Mueller Industries,,2026-01-14|2026-01-15|2026-01-16|2026-01-20|2026-01-21|2026-01-22|2026-01-23|2026-01-26|2026-01-27|2026-01-28|2026-01-29|2026-01-30|2026-02-02|2026-02-03|2026-02-04|2026-02-05|2026-02-06|2026-02-09|2026-02-10|2026-02-11|2026-02-12|2026-02-13|2026-02-17|2026-02-18|2026-02-19|2026-02-20|2026-02-23|2026-02-24|2026-02-25|2026-02-26,2026-02-27 22:31:34,0.0
Chart Industries,,2026-01-14|2026-01-15|2026-01-16|2026-01-20|2026-01-21|2026-01-22|2026-01-23|2026-01-26|2026-01-27|2026-01-28|2026-01-29|2026-01-30|2026-02-02|2026-02-03|2026-02-04|2026-02-05|2026-02-06|2026-02-09|2026-02-10|2026-02-11|2026-02-12|2026-02-13|2026-02-17|2026-02-18|2026-02-19|2026-02-20|2026-02-23|2026-02-24|2026-02-25|2026-02-26,2026-02-27 22:31:34,0.0
Alight Solutions,,2026-01-14|2026-01-15|2026-01-16|2026-01-20|2026-01-21|2026-01-22|2026-01-23|2026-01-26|2026-01-27|2026-01-28|2026-01-29|2026-01-30|2026-02-02|2026-02-03|2026-02-04|2026-02-05|2026-02-06|2026-02-09|2026-02-10|2026-02-11|2026-02-12|2026-02-13|2026-02-17|2026-02-18|2026-02-19|2026-02-20|2026-02-23|2026-02-24|2026-02-25|2026-02-26,2026-02-27 22:31:34,0.0
Vishay Intertechnology,,2026-01-14|2026-01-15|2026-01-16|2026-01-20|2026-01-21|2026-01-22|2026-01-23|2026-01-26|2026-01-27|2026-01-28|2026-01-29|2026-01-30|2026-02-02|2026-02-03|2026-02-04|2026-02-05|2026-02-06|2026-02-09|2026-02-10|2026-02-11|2026-02-12|2026-02-13|2026-02-17|2026-02-18|2026-02-19|2026-02-20|2026-02-23|2026-02-24|2026-02-25|2026-02-26,2026-02-27 22:31:34,0.0
Range Resources,,2026-01-14|2026-01-15|2026-01-16|2026-01-20|2026-01-21|2026-01-22|2026-01-23|2026-01-26|2026-01-27|2026-01-28|2026-01-29|2026-01-30|2026-02-02|2026-02-03|2026-02-04|2026-02-05|2026-02-06|2026-02-09|2026-02-10|2026-02-11|2026-02-12|2026-02-13|2026-02-17|2026-02-18|2026-02-19|2026-02-20|2026-02-23|2026-02-24|2026-02-25|2026-02-26,2026-02-27 22:31:34,0.0
Valley National Bancorp,,2026-01-14|2026-01-15|2026-01-16|2026-01-20|2026-01-21|2026-01-22|2026-01-23|2026-01-26|2026-01-27|2026-01-28|2026-01-29|2026-01-30|2026-02-02|2026-02-03|2026-02-04|2026-02-05|2026-02-06|2026-02-09|2026-02-10|2026-02-11|2026-02-12|2026-02-13|2026-02-17|2026-02-18|2026-02-19|2026-02-20|2026-02-23|2026-02-24|2026-02-25|2026-02-26,2026-02-27 22:31:34,0.0
Match Group,,2026-01-14|2026-01-15|2026-01-16|2026-01-20|2026-01-21|2026-01-22|2026-01-23|2026-01-26|2026-01-27|2026-01-28|2026-01-29|2026-01-30|2026-02-02|2026-02-03|2026-02-04|2026-02-05|2026-02-06|2026-02-09|2026-02-10|2026-02-11|2026-02-12|2026-02-13|2026-02-17|2026-02-18|2026-02-19|2026-02-20|2026-02-23|2026-02-24|2026-02-25|2026-02-26,2026-02-27 22:31:34,0.0
Gen Digital,,2026-01-14|2026-01-15|2026-01-16|2026-01-20|2026-01-21|2026-01-22|2026-01-23|2026-01-26|2026-01-27|2026-01-28|2026-01-29|2026-01-30|2026-02-02|2026-02-03|2026-02-04|2026-02-05|2026-02-06|2026-02-09|2026-02-10|2026-02-11|2026-02-12|2026-02-13|2026-02-17|2026-02-18|2026-02-19|2026-02-20|2026-02-23|2026-02-24|2026-02-25|2026-02-26,2026-02-27 22:31:34,0.0
Wintrust Financial,,2026-01-14|2026-01-15|2026-01-16|2026-01-20|2026-01-21|2026-01-22|2026-01-23|2026-01-26|2026-01-27|2026-01-28|2026-01-29|2026-01-30|2026-02-02|2026-02-03|2026-02-04|2026-02-05|2026-02-06|2026-02-09|2026-02-10|2026-02-11|2026-02-12|2026-02-13|2026-02-17|2026-02-18|2026-02-19|2026-02-20|2026-02-23|2026-02-24|2026-02-25|2026-02-26,2026-02-27 22:31:34,0.0
First Solar,,2026-01-14|2026-01-15|2026-01-16|2026-01-20|2026-01-21|2026-01-22|2026-01-23|2026-01-26|2026-01-27|2026-01-28|2026-01-29|2026-01-30|2026-02-02|2026-02-03|2026-02-04|2026-02-05|2026-02-06|2026-02-09|2026-02-10|2026-02-11|2026-02-12|2026-02-13|2026-02-17|2026-02-18|2026-02-19|2026-02-20|2026-02-23|2026-02-24|2026-02-25|2026-02-26,2026-02-27 22:31:34,0.0
Central Garden & Pet,,2026-01-14|2026-01-15|2026-01-16|2026-01-20|2026-01-21|2026-01-22|2026-01-23|2026-01-26|2026-01-27|2026-01-28|2026-01-29|2026-01-30|2026-02-02|2026-02-03|2026-02-04|2026-02-05|2026-02-06|2026-02-09|2026-02-10|2026-02-11|2026-02-12|2026-02-13|2026-02-17|2026-02-18|2026-02-19|2026-02-20|2026-02-23|2026-02-24|2026-02-25|2026-02-26,2026-02-27 22:31:34,0.0
Green Plains Inc,,2026-01-14|2026-01-15|2026-01-16|2026-01-20|2026-01-21|2026-01-22|2026-01-23|2026-01-26|2026-01-27|2026-01-28|2026-01-29|2026-01-30|2026-02-02|2026-02-03|2026-02-04|2026-02-05|2026-02-06|2026-02-09|2026-02-10|2026-02-11|2026-02-12|2026-02-13|2026-02-17|2026-02-18|2026-02-19|2026-02-20|2026-02-23|2026-02-24|2026-02-25|2026-02-26,2026-02-27 22:31:34,0.0
Werner Enterprises,,2026-01-14|2026-01-15|2026-01-16|2026-01-20|2026-01-21|2026-01-22|2026-01-23|2026-01-26|2026-01-27|2026-01-28|2026-01-29|2026-01-30|2026-02-02|2026-02-03|2026-02-04|2026-02-05|2026-02-06|2026-02-09|2026-02-10|2026-02-11|2026-02-12|2026-02-13|2026-02-17|2026-02-18|2026-02-19|2026-02-20|2026-02-23|2026-02-24|2026-02-25|2026-02-26,2026-02-27 22:31:34,0.0
AppLovin,,2026-01-14|2026-01-15|2026-01-16|2026-01-20|2026-01-21|2026-01-22|2026-01-23|2026-01-26|2026-01-27|2026-01-28|2026-01-29|2026-01-30|2026-02-02|2026-02-03|2026-02-04|2026-02-05|2026-02-06|2026-02-09|2026-02-10|2026-02-11|2026-02-12|2026-02-13|2026-02-17|2026-02-18|2026-02-19|2026-02-20|2026-02-23|2026-02-24|2026-02-25|2026-02-26,2026-02-27 22:31:34,0.0
ITT,,2026-01-14|2026-01-15|2026-01-16|2026-01-20|2026-01-21|2026-01-22|2026-01-23|2026-01-26|2026-01-27|2026-01-28|2026-01-29|2026-01-30|2026-02-02|2026-02-03|2026-02-04|2026-02-05|2026-02-06|2026-02-09|2026-02-10|2026-02-11|2026-02-12|2026-02-13|2026-02-17|2026-02-18|2026-02-19|2026-02-20|2026-02-23|2026-02-24|2026-02-25|2026-02-26,2026-02-27 22:31:34,0.0
Herc Rentals,,2026-01-14|2026-01-15|2026-01-16|2026-01-20|2026-01-21|2026-01-22|2026-01-23|2026-01-26|2026-01-27|2026-01-28|2026-01-29|2026-01-30|2026-02-02|2026-02-03|2026-02-04|2026-02-05|2026-02-06|2026-02-09|2026-02-10|2026-02-11|2026-02-12|2026-02-13|2026-02-17|2026-02-18|2026-02-19|2026-02-20|2026-02-23|2026-02-24|2026-02-25|2026-02-26,2026-02-27 22:31:34,0.0
Gray Television,,2026-01-14|2026-01-15|2026-01-16|2026-01-20|2026-01-21|2026-01-22|2026-01-23|2026-01-26|2026-01-27|2026-01-28|2026-01-29|2026-01-30|2026-02-02|2026-02-03|2026-02-04|2026-02-05|2026-02-06|2026-02-09|2026-02-10|2026-02-11|2026-02-12|2026-02-13|2026-02-17|2026-02-18|2026-02-19|2026-02-20|2026-02-23|2026-02-24|2026-02-25|2026-02-26,2026-02-27 22:31:34,0.0
IDEX,,2026-01-14|2026-01-15|2026-01-16|2026-01-20|2026-01-21|2026-01-22|2026-01-23|2026-01-26|2026-01-27|2026-01-28|2026-01-29|2026-01-30|2026-02-02|2026-02-03|2026-02-04|2026-02-05|2026-02-06|2026-02-09|2026-02-10|2026-02-11|2026-02-12|2026-02-13|2026-02-17|2026-02-18|2026-02-19|2026-02-20|2026-02-23|2026-02-24|2026-02-25|2026-02-26,2026-02-27 22:31:34,0.0
Boston Properties,,2026-01-14|2026-01-15|2026-01-16|2026-01-20|2026-01-21|2026-01-22|2026-01-23|2026-01-26|2026-01-27|2026-01-28|2026-01-29|2026-01-30|2026-02-02|2026-02-03|2026-02-04|2026-02-05|2026-02-06|2026-02-09|2026-02-10|2026-02-11|2026-02-12|2026-02-13|2026-02-17|2026-02-18|2026-02-19|2026-02-20|2026-02-23|2026-02-24|2026-02-25|2026-02-26,2026-02-27 22:31:34,0.0
Pitney Bowes,,2026-01-14|2026-01-15|2026-01-16|2026-01-20|2026-01-21|2026-01-22|2026-01-23|2026-01-26|2026-01-27|2026-01-28|2026-01-29|2026-01-30|2026-02-02|2026-02-03|2026-02-04|2026-02-05|2026-02-06|2026-02-09|2026-02-10|2026-02-11|2026-02-12|2026-02-13|2026-02-17|2026-02-18|2026-02-19|2026-02-20|2026-02-23|2026-02-24|2026-02-25|2026-02-26,2026-02-27 22:31:34,0.0
Sun Communities,,2026-01-14|2026-01-15|2026-01-16|2026-01-20|2026-01-21|2026-01-22|2026-01-23|2026-01-26|2026-01-27|2026-01-28|2026-01-29|2026-01-30|2026-02-02|2026-02-03|2026-02-04|2026-02-05|2026-02-06|2026-02-09|2026-02-10|2026-02-11|2026-02-12|2026-02-13|2026-02-17|2026-02-18|2026-02-19|2026-02-20|2026-02-23|2026-02-24|2026-02-25|2026-02-26,2026-02-27 22:31:34,0.0
AdaptHealth,,2026-01-14|2026-01-15|2026-01-16|2026-01-20|2026-01-21|2026-01-22|2026-01-23|2026-01-26|2026-01-27|2026-01-28|2026-01-29|2026-01-30|2026-02-02|2026-02-03|2026-02-04|2026-02-05|2026-02-06|2026-02-09|2026-02-10|2026-02-11|2026-02-12|2026-02-13|2026-02-17|2026-02-18|2026-02-19|2026-02-20|2026-02-23|2026-02-24|2026-02-25|2026-02-26,2026-02-27 22:31:34,0.0
Genesis Energy,,2026-01-14|2026-01-15|2026-01-16|2026-01-20|2026-01-21|2026-01-22|2026-01-23|2026-01-26|2026-01-27|2026-01-28|2026-01-29|2026-01-30|2026-02-02|2026-02-03|2026-02-04|2026-02-05|2026-02-06|2026-02-09|2026-02-10|2026-02-11|2026-02-12|2026-02-13|2026-02-17|2026-02-18|2026-02-19|2026-02-20|2026-02-23|2026-02-24|2026-02-25|2026-02-26,2026-02-27 22:31:34,0.0
Jackson Financial,,2026-01-14|2026-01-15|2026-01-16|2026-01-20|2026-01-21|2026-01-22|2026-01-23|2026-01-26|2026-01-27|2026-01-28|2026-01-29|2026-01-30|2026-02-02|2026-02-03|2026-02-04|2026-02-05|2026-02-06|2026-02-09|2026-02-10|2026-02-11|2026-02-12|2026-02-13|2026-02-17|2026-02-18|2026-02-19|2026-02-20|2026-02-23|2026-02-24|2026-02-25|2026-02-26,2026-02-27 22:31:34,0.0
FirstCash,,2026-01-14|2026-01-15|2026-01-16|2026-01-20|2026-01-21|2026-01-22|2026-01-23|2026-01-26|2026-01-27|2026-01-28|2026-01-29|2026-01-30|2026-02-02|2026-02-03|2026-02-04|2026-02-05|2026-02-06|2026-02-09|2026-02-10|2026-02-11|2026-02-12|2026-02-13|2026-02-17|2026-02-18|2026-02-19|2026-02-20|2026-02-23|2026-02-24|2026-02-25|2026-02-26,2026-02-27 22:31:34,0.0
Cal-Maine Foods,,2026-01-14|2026-01-15|2026-01-16|2026-01-20|2026-01-21|2026-01-22|2026-01-23|2026-01-26|2026-01-27|2026-01-28|2026-01-29|2026-01-30|2026-02-02|2026-02-03|2026-02-04|2026-02-05|2026-02-06|2026-02-09|2026-02-10|2026-02-11|2026-02-12|2026-02-13|2026-02-17|2026-02-18|2026-02-19|2026-02-20|2026-02-23|2026-02-24|2026-02-25|2026-02-26,2026-02-27 22:31:34,0.0
Avient,,2026-01-14|2026-01-15|2026-01-16|2026-01-20|2026-01-21|2026-01-22|2026-01-23|2026-01-26|2026-01-27|2026-01-28|2026-01-29|2026-01-30|2026-02-02|2026-02-03|2026-02-04|2026-02-05|2026-02-06|2026-02-09|2026-02-10|2026-02-11|2026-02-12|2026-02-13|2026-02-17|2026-02-18|2026-02-19|2026-02-20|2026-02-23|2026-02-24|2026-02-25|2026-02-26,2026-02-27 22:31:34,0.0
BlueLinx,,2026-01-14|2026-01-15|2026-01-16|2026-01-20|2026-01-21|2026-01-22|2026-01-23|2026-01-26|2026-01-27|2026-01-28|2026-01-29|2026-01-30|2026-02-02|2026-02-03|2026-02-04|2026-02-05|2026-02-06|2026-02-09|2026-02-10|2026-02-11|2026-02-12|2026-02-13|2026-02-17|2026-02-18|2026-02-19|2026-02-20|2026-02-23|2026-02-24|2026-02-25|2026-02-26,2026-02-27 22:31:34,0.0
Sinclair,,2026-01-14|2026-01-15|2026-01-16|2026-01-20|2026-01-21|2026-01-22|2026-01-23|2026-01-26|2026-01-27|2026-01-28|2026-01-29|2026-01-30|2026-02-02|2026-02-03|2026-02-04|2026-02-05|2026-02-06|2026-02-09|2026-02-10|2026-02-11|2026-02-12|2026-02-13|2026-02-17|2026-02-18|2026-02-19|2026-02-20|2026-02-23|2026-02-24|2026-02-25|2026-02-26,2026-02-27 22:31:34,0.0
BOK Financial,,2026-01-14|2026-01-15|2026-01-16|2026-01-20|2026-01-21|2026-01-22|2026-01-23|2026-01-26|2026-01-27|2026-01-28|2026-01-29|2026-01-30|2026-02-02|2026-02-03|2026-02-04|2026-02-05|2026-02-06|2026-02-09|2026-02-10|2026-02-11|2026-02-12|2026-02-13|2026-02-17|2026-02-18|2026-02-19|2026-02-20|2026-02-23|2026-02-24|2026-02-25|2026-02-26,2026-02-27 22:31:34,0.0
Permian Resources,,2026-01-14|2026-01-15|2026-01-16|2026-01-20|2026-01-21|2026-01-22|2026-01-23|2026-01-26|2026-01-27|2026-01-28|2026-01-29|2026-01-30|2026-02-02|2026-02-03|2026-02-04|2026-02-05|2026-02-06|2026-02-09|2026-02-10|2026-02-11|2026-02-12|2026-02-13|2026-02-17|2026-02-18|2026-02-19|2026-02-20|2026-02-23|2026-02-24|2026-02-25|2026-02-26,2026-02-27 22:31:34,0.0
PACS Group,,2026-01-14|2026-01-15|2026-01-16|2026-01-20|2026-01-21|2026-01-22|2026-01-23|2026-01-26|2026-01-27|2026-01-28|2026-01-29|2026-01-30|2026-02-02|2026-02-03|2026-02-04|2026-02-05|2026-02-06|2026-02-09|2026-02-10|2026-02-11|2026-02-12|2026-02-13|2026-02-17|2026-02-18|2026-02-19|2026-02-20|2026-02-23|2026-02-24|2026-02-25|2026-02-26,2026-02-27 22:31:34,0.0
Coinbase Global,,2026-01-14|2026-01-15|2026-01-16|2026-01-20|2026-01-21|2026-01-22|2026-01-23|2026-01-26|2026-01-27|2026-01-28|2026-01-29|2026-01-30|2026-02-02|2026-02-03|2026-02-04|2026-02-05|2026-02-06|2026-02-09|2026-02-10|2026-02-11|2026-02-12|2026-02-13|2026-02-17|2026-02-18|2026-02-19|2026-02-20|2026-02-23|2026-02-24|2026-02-25|2026-02-26,2026-02-27 22:31:34,0.0
Western Midstream Partners,,2026-01-14|2026-01-15|2026-01-16|2026-01-20|2026-01-21|2026-01-22|2026-01-23|2026-01-26|2026-01-27|2026-01-28|2026-01-29|2026-01-30|2026-02-02|2026-02-03|2026-02-04|2026-02-05|2026-02-06|2026-02-09|2026-02-10|2026-02-11|2026-02-12|2026-02-13|2026-02-17|2026-02-18|2026-02-19|2026-02-20|2026-02-23|2026-02-24|2026-02-25|2026-02-26,2026-02-27 22:31:34,0.0
G-III Apparel Group,,2026-01-14|2026-01-15|2026-01-16|2026-01-20|2026-01-21|2026-01-22|2026-01-23|2026-01-26|2026-01-27|2026-01-28|2026-01-29|2026-01-30|2026-02-02|2026-02-03|2026-02-04|2026-02-05|2026-02-06|2026-02-09|2026-02-10|2026-02-11|2026-02-12|2026-02-13|2026-02-17|2026-02-18|2026-02-19|2026-02-20|2026-02-23|2026-02-24|2026-02-25|2026-02-26,2026-02-27 22:31:34,0.0
Vontier,,2026-01-14|2026-01-15|2026-01-16|2026-01-20|2026-01-21|2026-01-22|2026-01-23|2026-01-26|2026-01-27|2026-01-28|2026-01-29|2026-01-30|2026-02-02|2026-02-03|2026-02-04|2026-02-05|2026-02-06|2026-02-09|2026-02-10|2026-02-11|2026-02-12|2026-02-13|2026-02-17|2026-02-18|2026-02-19|2026-02-20|2026-02-23|2026-02-24|2026-02-25|2026-02-26,2026-02-27 22:31:34,0.0
Matson Inc,,2026-01-14|2026-01-15|2026-01-16|2026-01-20|2026-01-21|2026-01-22|2026-01-23|2026-01-26|2026-01-27|2026-01-28|2026-01-29|2026-01-30|2026-02-02|2026-02-03|2026-02-04|2026-02-05|2026-02-06|2026-02-09|2026-02-10|2026-02-11|2026-02-12|2026-02-13|2026-02-17|2026-02-18|2026-02-19|2026-02-20|2026-02-23|2026-02-24|2026-02-25|2026-02-26,2026-02-27 22:31:34,0.0
Kirby Corporation,,2026-01-14|2026-01-15|2026-01-16|2026-01-20|2026-01-21|2026-01-22|2026-01-23|2026-01-26|2026-01-27|2026-01-28|2026-01-29|2026-01-30|2026-02-02|2026-02-03|2026-02-04|2026-02-05|2026-02-06|2026-02-09|2026-02-10|2026-02-11|2026-02-12|2026-02-13|2026-02-17|2026-02-18|2026-02-19|2026-02-20|2026-02-23|2026-02-24|2026-02-25|2026-02-26,2026-02-27 22:31:34,0.0
Kaiser Aluminum,,2026-01-14|2026-01-15|2026-01-16|2026-01-20|2026-01-21|2026-01-22|2026-01-23|2026-01-26|2026-01-27|2026-01-28|2026-01-29|2026-01-30|2026-02-02|2026-02-03|2026-02-04|2026-02-05|2026-02-06|2026-02-09|2026-02-10|2026-02-11|2026-02-12|2026-02-13|2026-02-17|2026-02-18|2026-02-19|2026-02-20|2026-02-23|2026-02-24|2026-02-25|2026-02-26,2026-02-27 22:31:34,0.0
Designer Brands Inc,,2026-01-14|2026-01-15|2026-01-16|2026-01-20|2026-01-21|2026-01-22|2026-01-23|2026-01-26|2026-01-27|2026-01-28|2026-01-29|2026-01-30|2026-02-02|2026-02-03|2026-02-04|2026-02-05|2026-02-06|2026-02-09|2026-02-10|2026-02-11|2026-02-12|2026-02-13|2026-02-17|2026-02-18|2026-02-19|2026-02-20|2026-02-23|2026-02-24|2026-02-25|2026-02-26,2026-02-27 22:31:34,0.0
Rollins Inc,,2026-01-14|2026-01-15|2026-01-16|2026-01-20|2026-01-21|2026-01-22|2026-01-23|2026-01-26|2026-01-27|2026-01-28|2026-01-29|2026-01-30|2026-02-02|2026-02-03|2026-02-04|2026-02-05|2026-02-06|2026-02-09|2026-02-10|2026-02-11|2026-02-12|2026-02-13|2026-02-17|2026-02-18|2026-02-19|2026-02-20|2026-02-23|2026-02-24|2026-02-25|2026-02-26,2026-02-27 22:31:34,0.0
Advanced Drainage Systems,,2026-01-14|2026-01-15|2026-01-16|2026-01-20|2026-01-21|2026-01-22|2026-01-23|2026-01-26|2026-01-27|2026-01-28|2026-01-29|2026-01-30|2026-02-02|2026-02-03|2026-02-04|2026-02-05|2026-02-06|2026-02-09|2026-02-10|2026-02-11|2026-02-12|2026-02-13|2026-02-17|2026-02-18|2026-02-19|2026-02-20|2026-02-23|2026-02-24|2026-02-25|2026-02-26,2026-02-27 22:31:34,0.0
Cinemark,,2026-01-14|2026-01-15|2026-01-16|2026-01-20|2026-01-21|2026-01-22|2026-01-23|2026-01-26|2026-01-27|2026-01-28|2026-01-29|2026-01-30|2026-02-02|2026-02-03|2026-02-04|2026-02-05|2026-02-06|2026-02-09|2026-02-10|2026-02-11|2026-02-12|2026-02-13|2026-02-17|2026-02-18|2026-02-19|2026-02-20|2026-02-23|2026-02-24|2026-02-25|2026-02-26,2026-02-27 22:31:34,0.0
CrowdStrike,,2026-01-14|2026-01-15|2026-01-16|2026-01-20|2026-01-21|2026-01-22|2026-01-23|2026-01-26|2026-01-27|2026-01-28|2026-01-29|2026-01-30|2026-02-02|2026-02-03|2026-02-04|2026-02-05|2026-02-06|2026-02-09|2026-02-10|2026-02-11|2026-02-12|2026-02-13|2026-02-17|2026-02-18|2026-02-19|2026-02-20|2026-02-23|2026-02-24|2026-02-25|2026-02-26,2026-02-27 22:31:34,0.0
Pinterest,,2026-01-14|2026-01-15|2026-01-16|2026-01-20|2026-01-21|2026-01-22|2026-01-23|2026-01-26|2026-01-27|2026-01-28|2026-01-29|2026-01-30|2026-02-02|2026-02-03|2026-02-04|2026-02-05|2026-02-06|2026-02-09|2026-02-10|2026-02-11|2026-02-12|2026-02-13|2026-02-17|2026-02-18|2026-02-19|2026-02-20|2026-02-23|2026-02-24|2026-02-25|2026-02-26,2026-02-27 22:31:34,0.0
Instacart,,2026-01-14|2026-01-15|2026-01-16|2026-01-20|2026-01-21|2026-01-22|2026-01-23|2026-01-26|2026-01-27|2026-01-28|2026-01-29|2026-01-30|2026-02-02|2026-02-03|2026-02-04|2026-02-05|2026-02-06|2026-02-09|2026-02-10|2026-02-11|2026-02-12|2026-02-13|2026-02-17|2026-02-18|2026-02-19|2026-02-20|2026-02-23|2026-02-24|2026-02-25|2026-02-26,2026-02-27 22:31:34,0.0
Hillenbrand,,2025-12-29|2025-12-30|2025-12-31|2026-01-02|2026-01-05|2026-01-06|2026-01-07|2026-01-08|2026-01-09|2026-01-12|2026-01-13|2026-01-14|2026-01-15|2026-01-16|2026-01-20|2026-01-21|2026-01-22|2026-01-23|2026-01-26|2026-01-27|2026-01-28|2026-01-29|2026-01-30|2026-02-02|2026-02-03|2026-02-04|2026-02-05|2026-02-06|2026-02-09|2026-02-10,2026-02-27 22:31:34,0.0
Allison Transmission,,2026-01-14|2026-01-15|2026-01-16|2026-01-20|2026-01-21|2026-01-22|2026-01-23|2026-01-26|2026-01-27|2026-01-28|2026-01-29|2026-01-30|2026-02-02|2026-02-03|2026-02-04|2026-02-05|2026-02-06|2026-02-09|2026-02-10|2026-02-11|2026-02-12|2026-02-13|2026-02-17|2026-02-18|2026-02-19|2026-02-20|2026-02-23|2026-02-24|2026-02-25|2026-02-26,2026-02-27 22:31:34,0.0
Restoration Hardware,,2026-01-14|2026-01-15|2026-01-16|2026-01-20|2026-01-21|2026-01-22|2026-01-23|2026-01-26|2026-01-27|2026-01-28|2026-01-29|2026-01-30|2026-02-02|2026-02-03|2026-02-04|2026-02-05|2026-02-06|2026-02-09|2026-02-10|2026-02-11|2026-02-12|2026-02-13|2026-02-17|2026-02-18|2026-02-19|2026-02-20|2026-02-23|2026-02-24|2026-02-25|2026-02-26,2026-02-27 22:31:34,0.0
Brookdale Senior Living,,2026-01-14|2026-01-15|2026-01-16|2026-01-20|2026-01-21|2026-01-22|2026-01-23|2026-01-26|2026-01-27|2026-01-28|2026-01-29|2026-01-30|2026-02-02|2026-02-03|2026-02-04|2026-02-05|2026-02-06|2026-02-09|2026-02-10|2026-02-11|2026-02-12|2026-02-13|2026-02-17|2026-02-18|2026-02-19|2026-02-20|2026-02-23|2026-02-24|2026-02-25|2026-02-26,2026-02-27 22:31:34,0.0
QuidelOrtho,,2026-01-14|2026-01-15|2026-01-16|2026-01-20|2026-01-21|2026-01-22|2026-01-23|2026-01-26|2026-01-27|2026-01-28|2026-01-29|2026-01-30|2026-02-02|2026-02-03|2026-02-04|2026-02-05|2026-02-06|2026-02-09|2026-02-10|2026-02-11|2026-02-12|2026-02-13|2026-02-17|2026-02-18|2026-02-19|2026-02-20|2026-02-23|2026-02-24|2026-02-25|2026-02-26,2026-02-27 22:31:34,0.0
Trinity Industries,,2026-01-14|2026-01-15|2026-01-16|2026-01-20|2026-01-21|2026-01-22|2026-01-23|2026-01-26|2026-01-27|2026-01-28|2026-01-29|2026-01-30|2026-02-02|2026-02-03|2026-02-04|2026-02-05|2026-02-06|2026-02-09|2026-02-10|2026-02-11|2026-02-12|2026-02-13|2026-02-17|2026-02-18|2026-02-19|2026-02-20|2026-02-23|2026-02-24|2026-02-25|2026-02-26,2026-02-27 22:31:34,0.0
Teleflex,,2026-01-14|2026-01-15|2026-01-16|2026-01-20|2026-01-21|2026-01-22|2026-01-23|2026-01-26|2026-01-27|2026-01-28|2026-01-29|2026-01-30|2026-02-02|2026-02-03|2026-02-04|2026-02-05|2026-02-06|2026-02-09|2026-02-10|2026-02-11|2026-02-12|2026-02-13|2026-02-17|2026-02-18|2026-02-19|2026-02-20|2026-02-23|2026-02-24|2026-02-25|2026-02-26,2026-02-27 22:31:34,0.0
HEICO,,2026-01-14|2026-01-15|2026-01-16|2026-01-20|2026-01-21|2026-01-22|2026-01-23|2026-01-26|2026-01-27|2026-01-28|2026-01-29|2026-01-30|2026-02-02|2026-02-03|2026-02-04|2026-02-05|2026-02-06|2026-02-09|2026-02-10|2026-02-11|2026-02-12|2026-02-13|2026-02-17|2026-02-18|2026-02-19|2026-02-20|2026-02-23|2026-02-24|2026-02-25|2026-02-26,2026-02-27 22:31:34,0.0
Bruker,,2026-01-14|2026-01-15|2026-01-16|2026-01-20|2026-01-21|2026-01-22|2026-01-23|2026-01-26|2026-01-27|2026-01-28|2026-01-29|2026-01-30|2026-02-02|2026-02-03|2026-02-04|2026-02-05|2026-02-06|2026-02-09|2026-02-10|2026-02-11|2026-02-12|2026-02-13|2026-02-17|2026-02-18|2026-02-19|2026-02-20|2026-02-23|2026-02-24|2026-02-25|2026-02-26,2026-02-27 22:31:34,0.0
Carlyle Group,,2026-01-14|2026-01-15|2026-01-16|2026-01-20|2026-01-21|2026-01-22|2026-01-23|2026-01-26|2026-01-27|2026-01-28|2026-01-29|2026-01-30|2026-02-02|2026-02-03|2026-02-04|2026-02-05|2026-02-06|2026-02-09|2026-02-10|2026-02-11|2026-02-12|2026-02-13|2026-02-17|2026-02-18|2026-02-19|2026-02-20|2026-02-23|2026-02-24|2026-02-25|2026-02-26,2026-02-27 22:31:34,0.0
Energizer Holdings,,2026-01-14|2026-01-15|2026-01-16|2026-01-20|2026-01-21|2026-01-22|2026-01-23|2026-01-26|2026-01-27|2026-01-28|2026-01-29|2026-01-30|2026-02-02|2026-02-03|2026-02-04|2026-02-05|2026-02-06|2026-02-09|2026-02-10|2026-02-11|2026-02-12|2026-02-13|2026-02-17|2026-02-18|2026-02-19|2026-02-20|2026-02-23|2026-02-24|2026-02-25|2026-02-26,2026-02-27 22:31:34,0.0
Rackspace Technology,,2026-01-14|2026-01-15|2026-01-16|2026-01-20|2026-01-21|2026-01-22|2026-01-23|2026-01-26|2026-01-27|2026-01-28|2026-01-29|2026-01-30|2026-02-02|2026-02-03|2026-02-04|2026-02-05|2026-02-06|2026-02-09|2026-02-10|2026-02-11|2026-02-12|2026-02-13|2026-02-17|2026-02-18|2026-02-19|2026-02-20|2026-02-23|2026-02-24|2026-02-25|2026-02-26,2026-02-27 22:31:34,0.0
Waters Corporation,,2026-01-14|2026-01-15|2026-01-16|2026-01-20|2026-01-21|2026-01-22|2026-01-23|2026-01-26|2026-01-27|2026-01-28|2026-01-29|2026-01-30|2026-02-02|2026-02-03|2026-02-04|2026-02-05|2026-02-06|2026-02-09|2026-02-10|2026-02-11|2026-02-12|2026-02-13|2026-02-17|2026-02-18|2026-02-19|2026-02-20|2026-02-23|2026-02-24|2026-02-25|2026-02-26,2026-02-27 22:31:34,0.0
West Pharmaceutical Services,,2026-01-14|2026-01-15|2026-01-16|2026-01-20|2026-01-21|2026-01-22|2026-01-23|2026-01-26|2026-01-27|2026-01-28|2026-01-29|2026-01-30|2026-02-02|2026-02-03|2026-02-04|2026-02-05|2026-02-06|2026-02-09|2026-02-10|2026-02-11|2026-02-12|2026-02-13|2026-02-17|2026-02-18|2026-02-19|2026-02-20|2026-02-23|2026-02-24|2026-02-25|2026-02-26,2026-02-27 22:31:34,0.0
Carters Inc,,2026-01-14|2026-01-15|2026-01-16|2026-01-20|2026-01-21|2026-01-22|2026-01-23|2026-01-26|2026-01-27|2026-01-28|2026-01-29|2026-01-30|2026-02-02|2026-02-03|2026-02-04|2026-02-05|2026-02-06|2026-02-09|2026-02-10|2026-02-11|2026-02-12|2026-02-13|2026-02-17|2026-02-18|2026-02-19|2026-02-20|2026-02-23|2026-02-24|2026-02-25|2026-02-26,2026-02-27 22:31:34,0.0
SkyWest,,2026-01-14|2026-01-15|2026-01-16|2026-01-20|2026-01-21|2026-01-22|2026-01-23|2026-01-26|2026-01-27|2026-01-28|2026-01-29|2026-01-30|2026-02-02|2026-02-03|2026-02-04|2026-02-05|2026-02-06|2026-02-09|2026-02-10|2026-02-11|2026-02-12|2026-02-13|2026-02-17|2026-02-18|2026-02-19|2026-02-20|2026-02-23|2026-02-24|2026-02-25|2026-02-26,2026-02-27 22:31:34,0.0
Acadia Healthcare,,2026-01-14|2026-01-15|2026-01-16|2026-01-20|2026-01-21|2026-01-22|2026-01-23|2026-01-26|2026-01-27|2026-01-28|2026-01-29|2026-01-30|2026-02-02|2026-02-03|2026-02-04|2026-02-05|2026-02-06|2026-02-09|2026-02-10|2026-02-11|2026-02-12|2026-02-13|2026-02-17|2026-02-18|2026-02-19|2026-02-20|2026-02-23|2026-02-24|2026-02-25|2026-02-26,2026-02-27 22:31:34,0.0
Revvity,,2026-01-14|2026-01-15|2026-01-16|2026-01-20|2026-01-21|2026-01-22|2026-01-23|2026-01-26|2026-01-27|2026-01-28|2026-01-29|2026-01-30|2026-02-02|2026-02-03|2026-02-04|2026-02-05|2026-02-06|2026-02-09|2026-02-10|2026-02-11|2026-02-12|2026-02-13|2026-02-17|2026-02-18|2026-02-19|2026-02-20|2026-02-23|2026-02-24|2026-02-25|2026-02-26,2026-02-27 22:31:34,0.0
Portland General Electric,,2026-01-14|2026-01-15|2026-01-16|2026-01-20|2026-01-21|2026-01-22|2026-01-23|2026-01-26|2026-01-27|2026-01-28|2026-01-29|2026-01-30|2026-02-02|2026-02-03|2026-02-04|2026-02-05|2026-02-06|2026-02-09|2026-02-10|2026-02-11|2026-02-12|2026-02-13|2026-02-17|2026-02-18|2026-02-19|2026-02-20|2026-02-23|2026-02-24|2026-02-25|2026-02-26,2026-02-27 22:31:34,0.0
Woodward Inc,,2026-01-14|2026-01-15|2026-01-16|2026-01-20|2026-01-21|2026-01-22|2026-01-23|2026-01-26|2026-01-27|2026-01-28|2026-01-29|2026-01-30|2026-02-02|2026-02-03|2026-02-04|2026-02-05|2026-02-06|2026-02-09|2026-02-10|2026-02-11|2026-02-12|2026-02-13|2026-02-17|2026-02-18|2026-02-19|2026-02-20|2026-02-23|2026-02-24|2026-02-25|2026-02-26,2026-02-27 22:31:34,0.0
TEGNA,,2026-01-14|2026-01-15|2026-01-16|2026-01-20|2026-01-21|2026-01-22|2026-01-23|2026-01-26|2026-01-27|2026-01-28|2026-01-29|2026-01-30|2026-02-02|2026-02-03|2026-02-04|2026-02-05|2026-02-06|2026-02-09|2026-02-10|2026-02-11|2026-02-12|2026-02-13|2026-02-17|2026-02-18|2026-02-19|2026-02-20|2026-02-23|2026-02-24|2026-02-25|2026-02-26,2026-02-27 22:31:34,0.0
Sabre Corporation,,2026-01-14|2026-01-15|2026-01-16|2026-01-20|2026-01-21|2026-01-22|2026-01-23|2026-01-26|2026-01-27|2026-01-28|2026-01-29|2026-01-30|2026-02-02|2026-02-03|2026-02-04|2026-02-05|2026-02-06|2026-02-09|2026-02-10|2026-02-11|2026-02-12|2026-02-13|2026-02-17|2026-02-18|2026-02-19|2026-02-20|2026-02-23|2026-02-24|2026-02-25|2026-02-26,2026-02-27 22:31:34,0.0
Light & Wonder,,2026-01-27|2026-01-28|2026-01-29|2026-01-30|2026-02-02|2026-02-03|2026-02-04|2026-02-05|2026-02-06|2026-02-09|2026-02-10|2026-02-11|2026-02-12|2026-02-13|2026-02-17|2026-02-18|2026-02-19|2026-02-20|2026-02-23|2026-02-24|2026-02-25|2026-02-26,2026-02-27 22:31:34,0.0
Vail Resorts,,2026-01-14|2026-01-15|2026-01-16|2026-01-20|2026-01-21|2026-01-22|2026-01-23|2026-01-26|2026-01-27|2026-01-28|2026-01-29|2026-01-30|2026-02-02|2026-02-03|2026-02-04|2026-02-05|2026-02-06|2026-02-09|2026-02-10|2026-02-11|2026-02-12|2026-02-13|2026-02-17|2026-02-18|2026-02-19|2026-02-20|2026-02-23|2026-02-24|2026-02-25|2026-02-26,2026-02-27 22:31:34,0.0
PennyMac Financial Services,,2026-01-14|2026-01-15|2026-01-16|2026-01-20|2026-01-21|2026-01-22|2026-01-23|2026-01-26|2026-01-27|2026-01-28|2026-01-29|2026-01-30|2026-02-02|2026-02-03|2026-02-04|2026-02-05|2026-02-06|2026-02-09|2026-02-10|2026-02-11|2026-02-12|2026-02-13|2026-02-17|2026-02-18|2026-02-19|2026-02-20|2026-02-23|2026-02-24|2026-02-25|2026-02-26,2026-02-27 22:31:34,0.0
Saia Inc,,2026-01-14|2026-01-15|2026-01-16|2026-01-20|2026-01-21|2026-01-22|2026-01-23|2026-01-26|2026-01-27|2026-01-28|2026-01-29|2026-01-30|2026-02-02|2026-02-03|2026-02-04|2026-02-05|2026-02-06|2026-02-09|2026-02-10|2026-02-11|2026-02-12|2026-02-13|2026-02-17|2026-02-18|2026-02-19|2026-02-20|2026-02-23|2026-02-24|2026-02-25|2026-02-26,2026-02-27 22:31:34,0.0
Equity Residential,,2026-01-14|2026-01-15|2026-01-16|2026-01-20|2026-01-21|2026-01-22|2026-01-23|2026-01-26|2026-01-27|2026-01-28|2026-01-29|2026-01-30|2026-02-02|2026-02-03|2026-02-04|2026-02-05|2026-02-06|2026-02-09|2026-02-10|2026-02-11|2026-02-12|2026-02-13|2026-02-17|2026-02-18|2026-02-19|2026-02-20|2026-02-23|2026-02-24|2026-02-25|2026-02-26,2026-02-27 22:31:34,0.0
Helmerich & Payne,,2026-01-14|2026-01-15|2026-01-16|2026-01-20|2026-01-21|2026-01-22|2026-01-23|2026-01-26|2026-01-27|2026-01-28|2026-01-29|2026-01-30|2026-02-02|2026-02-03|2026-02-04|2026-02-05|2026-02-06|2026-02-09|2026-02-10|2026-02-11|2026-02-12|2026-02-13|2026-02-17|2026-02-18|2026-02-19|2026-02-20|2026-02-23|2026-02-24|2026-02-25|2026-02-26,2026-02-27 22:31:34,0.0
Korn Ferry,,2026-01-14|2026-01-15|2026-01-16|2026-01-20|2026-01-21|2026-01-22|2026-01-23|2026-01-26|2026-01-27|2026-01-28|2026-01-29|2026-01-30|2026-02-02|2026-02-03|2026-02-04|2026-02-05|2026-02-06|2026-02-09|2026-02-10|2026-02-11|2026-02-12|2026-02-13|2026-02-17|2026-02-18|2026-02-19|2026-02-20|2026-02-23|2026-02-24|2026-02-25|2026-02-26,2026-02-27 22:31:34,0.0
PC Connection Inc,,2026-01-14|2026-01-15|2026-01-16|2026-01-20|2026-01-21|2026-01-22|2026-01-23|2026-01-26|2026-01-27|2026-01-28|2026-01-29|2026-01-30|2026-02-02|2026-02-03|2026-02-04|2026-02-05|2026-02-06|2026-02-09|2026-02-10|2026-02-11|2026-02-12|2026-02-13|2026-02-17|2026-02-18|2026-02-19|2026-02-20|2026-02-23|2026-02-24|2026-02-25|2026-02-26,2026-02-27 22:31:34,0.0
Curtiss-Wright,,2026-01-14|2026-01-15|2026-01-16|2026-01-20|2026-01-21|2026-01-22|2026-01-23|2026-01-26|2026-01-27|2026-01-28|2026-01-29|2026-01-30|2026-02-02|2026-02-03|2026-02-04|2026-02-05|2026-02-06|2026-02-09|2026-02-10|2026-02-11|2026-02-12|2026-02-13|2026-02-17|2026-02-18|2026-02-19|2026-02-20|2026-02-23|2026-02-24|2026-02-25|2026-02-26,2026-02-27 22:31:34,0.0
Sallie Mae,,2026-01-14|2026-01-15|2026-01-16|2026-01-20|2026-01-21|2026-01-22|2026-01-23|2026-01-26|2026-01-27|2026-01-28|2026-01-29|2026-01-30|2026-02-02|2026-02-03|2026-02-04|2026-02-05|2026-02-06|2026-02-09|2026-02-10|2026-02-11|2026-02-12|2026-02-13|2026-02-17|2026-02-18|2026-02-19|2026-02-20|2026-02-23|2026-02-24|2026-02-25|2026-02-26,2026-02-27 22:31:34,0.0
Benchmark Electronics,,2026-01-14|2026-01-15|2026-01-16|2026-01-20|2026-01-21|2026-01-22|2026-01-23|2026-01-26|2026-01-27|2026-01-28|2026-01-29|2026-01-30|2026-02-02|2026-02-03|2026-02-04|2026-02-05|2026-02-06|2026-02-09|2026-02-10|2026-02-11|2026-02-12|2026-02-13|2026-02-17|2026-02-18|2026-02-19|2026-02-20|2026-02-23|2026-02-24|2026-02-25|2026-02-26,2026-02-27 22:31:34,0.0
Pure Storage,,2026-01-14|2026-01-15|2026-01-16|2026-01-20|2026-01-21|2026-01-22|2026-01-23|2026-01-26|2026-01-27|2026-01-28|2026-01-29|2026-01-30|2026-02-02|2026-02-03|2026-02-04|2026-02-05|2026-02-06|2026-02-09|2026-02-10|2026-02-11|2026-02-12|2026-02-13|2026-02-17|2026-02-18|2026-02-19|2026-02-20|2026-02-23|2026-02-24|2026-02-25|2026-02-26,2026-02-27 22:31:34,0.0
Knife River Corporation,,2026-01-14|2026-01-15|2026-01-16|2026-01-20|2026-01-21|2026-01-22|2026-01-23|2026-01-26|2026-01-27|2026-01-28|2026-01-29|2026-01-30|2026-02-02|2026-02-03|2026-02-04|2026-02-05|2026-02-06|2026-02-09|2026-02-10|2026-02-11|2026-02-12|2026-02-13|2026-02-17|2026-02-18|2026-02-19|2026-02-20|2026-02-23|2026-02-24|2026-02-25|2026-02-26,2026-02-27 22:31:34,0.0
Caleres Inc,,2026-01-14|2026-01-15|2026-01-16|2026-01-20|2026-01-21|2026-01-22|2026-01-23|2026-01-26|2026-01-27|2026-01-28|2026-01-29|2026-01-30|2026-02-02|2026-02-03|2026-02-04|2026-02-05|2026-02-06|2026-02-09|2026-02-10|2026-02-11|2026-02-12|2026-02-13|2026-02-17|2026-02-18|2026-02-19|2026-02-20|2026-02-23|2026-02-24|2026-02-25|2026-02-26,2026-02-27 22:31:34,0.0
BrightView Holdings,,2026-01-14|2026-01-15|2026-01-16|2026-01-20|2026-01-21|2026-01-22|2026-01-23|2026-01-26|2026-01-27|2026-01-28|2026-01-29|2026-01-30|2026-02-02|2026-02-03|2026-02-04|2026-02-05|2026-02-06|2026-02-09|2026-02-10|2026-02-11|2026-02-12|2026-02-13|2026-02-17|2026-02-18|2026-02-19|2026-02-20|2026-02-23|2026-02-24|2026-02-25|2026-02-26,2026-02-27 22:31:34,0.0
Cooper-Standard,,2026-01-14|2026-01-15|2026-01-16|2026-01-20|2026-01-21|2026-01-22|2026-01-23|2026-01-26|2026-01-27|2026-01-28|2026-01-29|2026-01-30|2026-02-02|2026-02-03|2026-02-04|2026-02-05|2026-02-06|2026-02-09|2026-02-10|2026-02-11|2026-02-12|2026-02-13|2026-02-17|2026-02-18|2026-02-19|2026-02-20|2026-02-23|2026-02-24|2026-02-25|2026-02-26,2026-02-27 22:31:34,0.0
Primerica,,2026-01-14|2026-01-15|2026-01-16|2026-01-20|2026-01-21|2026-01-22|2026-01-23|2026-01-26|2026-01-27|2026-01-28|2026-01-29|2026-01-30|2026-02-02|2026-02-03|2026-02-04|2026-02-05|2026-02-06|2026-02-09|2026-02-10|2026-02-11|2026-02-12|2026-02-13|2026-02-17|2026-02-18|2026-02-19|2026-02-20|2026-02-23|2026-02-24|2026-02-25|2026-02-26,2026-02-27 22:31:34,0.0
F5,,2026-01-14|2026-01-15|2026-01-16|2026-01-20|2026-01-21|2026-01-22|2026-01-23|2026-01-26|2026-01-27|2026-01-28|2026-01-29|2026-01-30|2026-02-02|2026-02-03|2026-02-04|2026-02-05|2026-02-06|2026-02-09|2026-02-10|2026-02-11|2026-02-12|2026-02-13|2026-02-17|2026-02-18|2026-02-19|2026-02-20|2026-02-23|2026-02-24|2026-02-25|2026-02-26,2026-02-27 22:31:34,0.0
Matador Resources,,2026-01-14|2026-01-15|2026-01-16|2026-01-20|2026-01-21|2026-01-22|2026-01-23|2026-01-26|2026-01-27|2026-01-28|2026-01-29|2026-01-30|2026-02-02|2026-02-03|2026-02-04|2026-02-05|2026-02-06|2026-02-09|2026-02-10|2026-02-11|2026-02-12|2026-02-13|2026-02-17|2026-02-18|2026-02-19|2026-02-20|2026-02-23|2026-02-24|2026-02-25|2026-02-26,2026-02-27 22:31:34,0.0
Snowflake Inc,,2026-01-14|2026-01-15|2026-01-16|2026-01-20|2026-01-21|2026-01-22|2026-01-23|2026-01-26|2026-01-27|2026-01-28|2026-01-29|2026-01-30|2026-02-02|2026-02-03|2026-02-04|2026-02-05|2026-02-06|2026-02-09|2026-02-10|2026-02-11|2026-02-12|2026-02-13|2026-02-17|2026-02-18|2026-02-19|2026-02-20|2026-02-23|2026-02-24|2026-02-25|2026-02-26,2026-02-27 22:31:34,0.0
Viasat,,2026-01-14|2026-01-15|2026-01-16|2026-01-20|2026-01-21|2026-01-22|2026-01-23|2026-01-26|2026-01-27|2026-01-28|2026-01-29|2026-01-30|2026-02-02|2026-02-03|2026-02-04|2026-02-05|2026-02-06|2026-02-09|2026-02-10|2026-02-11|2026-02-12|2026-02-13|2026-02-17|2026-02-18|2026-02-19|2026-02-20|2026-02-23|2026-02-24|2026-02-25|2026-02-26,2026-02-27 22:31:34,0.0
California Resources,,2026-01-14|2026-01-15|2026-01-16|2026-01-20|2026-01-21|2026-01-22|2026-01-23|2026-01-26|2026-01-27|2026-01-28|2026-01-29|2026-01-30|2026-02-02|2026-02-03|2026-02-04|2026-02-05|2026-02-06|2026-02-09|2026-02-10|2026-02-11|2026-02-12|2026-02-13|2026-02-17|2026-02-18|2026-02-19|2026-02-20|2026-02-23|2026-02-24|2026-02-25|2026-02-26,2026-02-27 22:31:34,0.0
Peloton Interactive,,2026-01-14|2026-01-15|2026-01-16|2026-01-20|2026-01-21|2026-01-22|2026-01-23|2026-01-26|2026-01-27|2026-01-28|2026-01-29|2026-01-30|2026-02-02|2026-02-03|2026-02-04|2026-02-05|2026-02-06|2026-02-09|2026-02-10|2026-02-11|2026-02-12|2026-02-13|2026-02-17|2026-02-18|2026-02-19|2026-02-20|2026-02-23|2026-02-24|2026-02-25|2026-02-26,2026-02-27 22:31:34,0.0
Roblox,,2026-01-14|2026-01-15|2026-01-16|2026-01-20|2026-01-21|2026-01-22|2026-01-23|2026-01-26|2026-01-27|2026-01-28|2026-01-29|2026-01-30|2026-02-02|2026-02-03|2026-02-04|2026-02-05|2026-02-06|2026-02-09|2026-02-10|2026-02-11|2026-02-12|2026-02-13|2026-02-17|2026-02-18|2026-02-19|2026-02-20|2026-02-23|2026-02-24|2026-02-25|2026-02-26,2026-02-27 22:31:34,0.0
Installed Building Products,,2026-01-14|2026-01-15|2026-01-16|2026-01-20|2026-01-21|2026-01-22|2026-01-23|2026-01-26|2026-01-27|2026-01-28|2026-01-29|2026-01-30|2026-02-02|2026-02-03|2026-02-04|2026-02-05|2026-02-06|2026-02-09|2026-02-10|2026-02-11|2026-02-12|2026-02-13|2026-02-17|2026-02-18|2026-02-19|2026-02-20|2026-02-23|2026-02-24|2026-02-25|2026-02-26,2026-02-27 22:31:34,0.0
First National of Nebraska,,2026-01-14|2026-01-15|2026-01-16|2026-01-20|2026-01-21|2026-01-22|2026-01-23|2026-01-26|2026-01-27|2026-01-28|2026-01-29|2026-01-30|2026-02-02|2026-02-03|2026-02-04|2026-02-05|2026-02-06|2026-02-09|2026-02-10|2026-02-11|2026-02-12|2026-02-13|2026-02-17|2026-02-18|2026-02-19|2026-02-20|2026-02-23|2026-02-24|2026-02-25|2026-02-26,2026-02-27 22:31:34,0.0
Guess Inc,,2025-12-09|2025-12-10|2025-12-11|2025-12-12|2025-12-15|2025-12-16|2025-12-17|2025-12-18|2025-12-19|2025-12-22|2025-12-23|2025-12-24|2025-12-26|2025-12-29|2025-12-30|2025-12-31|2026-01-02|2026-01-05|2026-01-06|2026-01-07|2026-01-08|2026-01-09|2026-01-12|2026-01-13|2026-01-14|2026-01-15|2026-01-16|2026-01-20|2026-01-21|2026-01-22,2026-02-27 22:31:34,0.0
ESAB,,2026-01-14|2026-01-15|2026-01-16|2026-01-20|2026-01-21|2026-01-22|2026-01-23|2026-01-26|2026-01-27|2026-01-28|2026-01-29|2026-01-30|2026-02-02|2026-02-03|2026-02-04|2026-02-05|2026-02-06|2026-02-09|2026-02-10|2026-02-11|2026-02-12|2026-02-13|2026-02-17|2026-02-18|2026-02-19|2026-02-20|2026-02-23|2026-02-24|2026-02-25|2026-02-26,2026-02-27 22:31:34,0.0
AvalonBay Communities,,2026-01-14|2026-01-15|2026-01-16|2026-01-20|2026-01-21|2026-01-22|2026-01-23|2026-01-26|2026-01-27|2026-01-28|2026-01-29|2026-01-30|2026-02-02|2026-02-03|2026-02-04|2026-02-05|2026-02-06|2026-02-09|2026-02-10|2026-02-11|2026-02-12|2026-02-13|2026-02-17|2026-02-18|2026-02-19|2026-02-20|2026-02-23|2026-02-24|2026-02-25|2026-02-26,2026-02-27 22:31:34,0.0
DocuSign,,2026-01-14|2026-01-15|2026-01-16|2026-01-20|2026-01-21|2026-01-22|2026-01-23|2026-01-26|2026-01-27|2026-01-28|2026-01-29|2026-01-30|2026-02-02|2026-02-03|2026-02-04|2026-02-05|2026-02-06|2026-02-09|2026-02-10|2026-02-11|2026-02-12|2026-02-13|2026-02-17|2026-02-18|2026-02-19|2026-02-20|2026-02-23|2026-02-24|2026-02-25|2026-02-26,2026-02-27 22:31:34,0.0
Titan Machinery,,2026-01-14|2026-01-15|2026-01-16|2026-01-20|2026-01-21|2026-01-22|2026-01-23|2026-01-26|2026-01-27|2026-01-28|2026-01-29|2026-01-30|2026-02-02|2026-02-03|2026-02-04|2026-02-05|2026-02-06|2026-02-09|2026-02-10|2026-02-11|2026-02-12|2026-02-13|2026-02-17|2026-02-18|2026-02-19|2026-02-20|2026-02-23|2026-02-24|2026-02-25|2026-02-26,2026-02-27 22:31:34,0.0
Hovnanian Enterprises,,2026-01-14|2026-01-15|2026-01-16|2026-01-20|2026-01-21|2026-01-22|2026-01-23|2026-01-26|2026-01-27|2026-01-28|2026-01-29|2026-01-30|2026-02-02|2026-02-03|2026-02-04|2026-02-05|2026-02-06|2026-02-09|2026-02-10|2026-02-11|2026-02-12|2026-02-13|2026-02-17|2026-02-18|2026-02-19|2026-02-20|2026-02-23|2026-02-24|2026-02-25|2026-02-26,2026-02-27 22:31:34,0.0
Etsy,,2026-01-14|2026-01-15|2026-01-16|2026-01-20|2026-01-21|2026-01-22|2026-01-23|2026-01-26|2026-01-27|2026-01-28|2026-01-29|2026-01-30|2026-02-02|2026-02-03|2026-02-04|2026-02-05|2026-02-06|2026-02-09|2026-02-10|2026-02-11|2026-02-12|2026-02-13|2026-02-17|2026-02-18|2026-02-19|2026-02-20|2026-02-23|2026-02-24|2026-02-25|2026-02-26,2026-02-27 22:31:34,0.0
Surgery Partners,,2026-01-14|2026-01-15|2026-01-16|2026-01-20|2026-01-21|2026-01-22|2026-01-23|2026-01-26|2026-01-27|2026-01-28|2026-01-29|2026-01-30|2026-02-02|2026-02-03|2026-02-04|2026-02-05|2026-02-06|2026-02-09|2026-02-10|2026-02-11|2026-02-12|2026-02-13|2026-02-17|2026-02-18|2026-02-19|2026-02-20|2026-02-23|2026-02-24|2026-02-25|2026-02-26,2026-02-27 22:31:34,0.0
Columbia Banking System,,2026-01-14|2026-01-15|2026-01-16|2026-01-20|2026-01-21|2026-01-22|2026-01-23|2026-01-26|2026-01-27|2026-01-28|2026-01-29|2026-01-30|2026-02-02|2026-02-03|2026-02-04|2026-02-05|2026-02-06|2026-02-09|2026-02-10|2026-02-11|2026-02-12|2026-02-13|2026-02-17|2026-02-18|2026-02-19|2026-02-20|2026-02-23|2026-02-24|2026-02-25|2026-02-26,2026-02-27 22:31:34,0.0
Verisk Analytics,,2026-01-14|2026-01-15|2026-01-16|2026-01-20|2026-01-21|2026-01-22|2026-01-23|2026-01-26|2026-01-27|2026-01-28|2026-01-29|2026-01-30|2026-02-02|2026-02-03|2026-02-04|2026-02-05|2026-02-06|2026-02-09|2026-02-10|2026-02-11|2026-02-12|2026-02-13|2026-02-17|2026-02-18|2026-02-19|2026-02-20|2026-02-23|2026-02-24|2026-02-25|2026-02-26,2026-02-27 22:31:34,0.0
MasterBrand,,2026-01-14|2026-01-15|2026-01-16|2026-01-20|2026-01-21|2026-01-22|2026-01-23|2026-01-26|2026-01-27|2026-01-28|2026-01-29|2026-01-30|2026-02-02|2026-02-03|2026-02-04|2026-02-05|2026-02-06|2026-02-09|2026-02-10|2026-02-11|2026-02-12|2026-02-13|2026-02-17|2026-02-18|2026-02-19|2026-02-20|2026-02-23|2026-02-24|2026-02-25|2026-02-26,2026-02-27 22:31:34,0.0
AMC Networks,,2026-01-14|2026-01-15|2026-01-16|2026-01-20|2026-01-21|2026-01-22|2026-01-23|2026-01-26|2026-01-27|2026-01-28|2026-01-29|2026-01-30|2026-02-02|2026-02-03|2026-02-04|2026-02-05|2026-02-06|2026-02-09|2026-02-10|2026-02-11|2026-02-12|2026-02-13|2026-02-17|2026-02-18|2026-02-19|2026-02-20|2026-02-23|2026-02-24|2026-02-25|2026-02-26,2026-02-27 22:31:34,0.0
SBA Communications,,2026-01-14|2026-01-15|2026-01-16|2026-01-20|2026-01-21|2026-01-22|2026-01-23|2026-01-26|2026-01-27|2026-01-28|2026-01-29|2026-01-30|2026-02-02|2026-02-03|2026-02-04|2026-02-05|2026-02-06|2026-02-09|2026-02-10|2026-02-11|2026-02-12|2026-02-13|2026-02-17|2026-02-18|2026-02-19|2026-02-20|2026-02-23|2026-02-24|2026-02-25|2026-02-26,2026-02-27 22:31:34,0.0
Americold Realty Trust,,2026-01-14|2026-01-15|2026-01-16|2026-01-20|2026-01-21|2026-01-22|2026-01-23|2026-01-26|2026-01-27|2026-01-28|2026-01-29|2026-01-30|2026-02-02|2026-02-03|2026-02-04|2026-02-05|2026-02-06|2026-02-09|2026-02-10|2026-02-11|2026-02-12|2026-02-13|2026-02-17|2026-02-18|2026-02-19|2026-02-20|2026-02-23|2026-02-24|2026-02-25|2026-02-26,2026-02-27 22:31:34,0.0
NewMarket Corporation,,2026-01-14|2026-01-15|2026-01-16|2026-01-20|2026-01-21|2026-01-22|2026-01-23|2026-01-26|2026-01-27|2026-01-28|2026-01-29|2026-01-30|2026-02-02|2026-02-03|2026-02-04|2026-02-05|2026-02-06|2026-02-09|2026-02-10|2026-02-11|2026-02-12|2026-02-13|2026-02-17|2026-02-18|2026-02-19|2026-02-20|2026-02-23|2026-02-24|2026-02-25|2026-02-26,2026-02-27 22:31:34,0.0
Park Hotels & Resorts,,2026-01-14|2026-01-15|2026-01-16|2026-01-20|2026-01-21|2026-01-22|2026-01-23|2026-01-26|2026-01-27|2026-01-28|2026-01-29|2026-01-30|2026-02-02|2026-02-03|2026-02-04|2026-02-05|2026-02-06|2026-02-09|2026-02-10|2026-02-11|2026-02-12|2026-02-13|2026-02-17|2026-02-18|2026-02-19|2026-02-20|2026-02-23|2026-02-24|2026-02-25|2026-02-26,2026-02-27 22:31:34,0.0
Alexandria Real Estate Equities,,2026-01-14|2026-01-15|2026-01-16|2026-01-20|2026-01-21|2026-01-22|2026-01-23|2026-01-26|2026-01-27|2026-01-28|2026-01-29|2026-01-30|2026-02-02|2026-02-03|2026-02-04|2026-02-05|2026-02-06|2026-02-09|2026-02-10|2026-02-11|2026-02-12|2026-02-13|2026-02-17|2026-02-18|2026-02-19|2026-02-20|2026-02-23|2026-02-24|2026-02-25|2026-02-26,2026-02-27 22:31:34,0.0
Griffon Corporation,,2026-01-14|2026-01-15|2026-01-16|2026-01-20|2026-01-21|2026-01-22|2026-01-23|2026-01-26|2026-01-27|2026-01-28|2026-01-29|2026-01-30|2026-02-02|2026-02-03|2026-02-04|2026-02-05|2026-02-06|2026-02-09|2026-02-10|2026-02-11|2026-02-12|2026-02-13|2026-02-17|2026-02-18|2026-02-19|2026-02-20|2026-02-23|2026-02-24|2026-02-25|2026-02-26,2026-02-27 22:31:34,0.0
Air Lease,,2026-01-14|2026-01-15|2026-01-16|2026-01-20|2026-01-21|2026-01-22|2026-01-23|2026-01-26|2026-01-27|2026-01-28|2026-01-29|2026-01-30|2026-02-02|2026-02-03|2026-02-04|2026-02-05|2026-02-06|2026-02-09|2026-02-10|2026-02-11|2026-02-12|2026-02-13|2026-02-17|2026-02-18|2026-02-19|2026-02-20|2026-02-23|2026-02-24|2026-02-25|2026-02-26,2026-02-27 22:31:34,0.0
UL Solutions,,2026-01-14|2026-01-15|2026-01-16|2026-01-20|2026-01-21|2026-01-22|2026-01-23|2026-01-26|2026-01-27|2026-01-28|2026-01-29|2026-01-30|2026-02-02|2026-02-03|2026-02-04|2026-02-05|2026-02-06|2026-02-09|2026-02-10|2026-02-11|2026-02-12|2026-02-13|2026-02-17|2026-02-18|2026-02-19|2026-02-20|2026-02-23|2026-02-24|2026-02-25|2026-02-26,2026-02-27 22:31:34,0.0
Teradyne,,2026-01-14|2026-01-15|2026-01-16|2026-01-20|2026-01-21|2026-01-22|2026-01-23|2026-01-26|2026-01-27|2026-01-28|2026-01-29|2026-01-30|2026-02-02|2026-02-03|2026-02-04|2026-02-05|2026-02-06|2026-02-09|2026-02-10|2026-02-11|2026-02-12|2026-02-13|2026-02-17|2026-02-18|2026-02-19|2026-02-20|2026-02-23|2026-02-24|2026-02-25|2026-02-26,2026-02-27 22:31:34,0.0
OGE Energy,,2026-01-14|2026-01-15|2026-01-16|2026-01-20|2026-01-21|2026-01-22|2026-01-23|2026-01-26|2026-01-27|2026-01-28|2026-01-29|2026-01-30|2026-02-02|2026-02-03|2026-02-04|2026-02-05|2026-02-06|2026-02-09|2026-02-10|2026-02-11|2026-02-12|2026-02-13|2026-02-17|2026-02-18|2026-02-19|2026-02-20|2026-02-23|2026-02-24|2026-02-25|2026-02-26,2026-02-27 22:31:34,0.0
Bio-Rad Laboratories,,2026-01-14|2026-01-15|2026-01-16|2026-01-20|2026-01-21|2026-01-22|2026-01-23|2026-01-26|2026-01-27|2026-01-28|2026-01-29|2026-01-30|2026-02-02|2026-02-03|2026-02-04|2026-02-05|2026-02-06|2026-02-09|2026-02-10|2026-02-11|2026-02-12|2026-02-13|2026-02-17|2026-02-18|2026-02-19|2026-02-20|2026-02-23|2026-02-24|2026-02-25|2026-02-26,2026-02-27 22:31:34,0.0
Spire Inc,,2026-01-14|2026-01-15|2026-01-16|2026-01-20|2026-01-21|2026-01-22|2026-01-23|2026-01-26|2026-01-27|2026-01-28|2026-01-29|2026-01-30|2026-02-02|2026-02-03|2026-02-04|2026-02-05|2026-02-06|2026-02-09|2026-02-10|2026-02-11|2026-02-12|2026-02-13|2026-02-17|2026-02-18|2026-02-19|2026-02-20|2026-02-23|2026-02-24|2026-02-25|2026-02-26,2026-02-27 22:31:34,0.0
Cullen Frost Bankers,,2026-01-14|2026-01-15|2026-01-16|2026-01-20|2026-01-21|2026-01-22|2026-01-23|2026-01-26|2026-01-27|2026-01-28|2026-01-29|2026-01-30|2026-02-02|2026-02-03|2026-02-04|2026-02-05|2026-02-06|2026-02-09|2026-02-10|2026-02-11|2026-02-12|2026-02-13|2026-02-17|2026-02-18|2026-02-19|2026-02-20|2026-02-23|2026-02-24|2026-02-25|2026-02-26,2026-02-27 22:31:34,0.0
Extra Space Storage,,2026-01-14|2026-01-15|2026-01-16|2026-01-20|2026-01-21|2026-01-22|2026-01-23|2026-01-26|2026-01-27|2026-01-28|2026-01-29|2026-01-30|2026-02-02|2026-02-03|2026-02-04|2026-02-05|2026-02-06|2026-02-09|2026-02-10|2026-02-11|2026-02-12|2026-02-13|2026-02-17|2026-02-18|2026-02-19|2026-02-20|2026-02-23|2026-02-24|2026-02-25|2026-02-26,2026-02-27 22:31:34,0.0
REV Group,,2025-12-17|2025-12-18|2025-12-19|2025-12-22|2025-12-23|2025-12-24|2025-12-26|2025-12-29|2025-12-30|2025-12-31|2026-01-02|2026-01-05|2026-01-06|2026-01-07|2026-01-08|2026-01-09|2026-01-12|2026-01-13|2026-01-14|2026-01-15|2026-01-16|2026-01-20|2026-01-21|2026-01-22|2026-01-23|2026-01-26|2026-01-27|2026-01-28|2026-01-29|2026-01-30,2026-02-27 22:31:34,0.0
ProFrac Holding,,2026-01-14|2026-01-15|2026-01-16|2026-01-20|2026-01-21|2026-01-22|2026-01-23|2026-01-26|2026-01-27|2026-01-28|2026-01-29|2026-01-30|2026-02-02|2026-02-03|2026-02-04|2026-02-05|2026-02-06|2026-02-09|2026-02-10|2026-02-11|2026-02-12|2026-02-13|2026-02-17|2026-02-18|2026-02-19|2026-02-20|2026-02-23|2026-02-24|2026-02-25|2026-02-26,2026-02-27 22:31:34,0.0
Nordson,,2026-01-14|2026-01-15|2026-01-16|2026-01-20|2026-01-21|2026-01-22|2026-01-23|2026-01-26|2026-01-27|2026-01-28|2026-01-29|2026-01-30|2026-02-02|2026-02-03|2026-02-04|2026-02-05|2026-02-06|2026-02-09|2026-02-10|2026-02-11|2026-02-12|2026-02-13|2026-02-17|2026-02-18|2026-02-19|2026-02-20|2026-02-23|2026-02-24|2026-02-25|2026-02-26,2026-02-27 22:31:34,0.0
Valvoline Inc,,2026-01-14|2026-01-15|2026-01-16|2026-01-20|2026-01-21|2026-01-22|2026-01-23|2026-01-26|2026-01-27|2026-01-28|2026-01-29|2026-01-30|2026-02-02|2026-02-03|2026-02-04|2026-02-05|2026-02-06|2026-02-09|2026-02-10|2026-02-11|2026-02-12|2026-02-13|2026-02-17|2026-02-18|2026-02-19|2026-02-20|2026-02-23|2026-02-24|2026-02-25|2026-02-26,2026-02-27 22:31:34,0.0
Kontoor Brands,,2026-01-14|2026-01-15|2026-01-16|2026-01-20|2026-01-21|2026-01-22|2026-01-23|2026-01-26|2026-01-27|2026-01-28|2026-01-29|2026-01-30|2026-02-02|2026-02-03|2026-02-04|2026-02-05|2026-02-06|2026-02-09|2026-02-10|2026-02-11|2026-02-12|2026-02-13|2026-02-17|2026-02-18|2026-02-19|2026-02-20|2026-02-23|2026-02-24|2026-02-25|2026-02-26,2026-02-27 22:31:34,0.0
Skyline Champion,,2026-01-14|2026-01-15|2026-01-16|2026-01-20|2026-01-21|2026-01-22|2026-01-23|2026-01-26|2026-01-27|2026-01-28|2026-01-29|2026-01-30|2026-02-02|2026-02-03|2026-02-04|2026-02-05|2026-02-06|2026-02-09|2026-02-10|2026-02-11|2026-02-12|2026-02-13|2026-02-17|2026-02-18|2026-02-19|2026-02-20|2026-02-23|2026-02-24|2026-02-25|2026-02-26,2026-02-27 22:31:34,0.0
Teladoc Health,,2026-01-14|2026-01-15|2026-01-16|2026-01-20|2026-01-21|2026-01-22|2026-01-23|2026-01-26|2026-01-27|2026-01-28|2026-01-29|2026-01-30|2026-02-02|2026-02-03|2026-02-04|2026-02-05|2026-02-06|2026-02-09|2026-02-10|2026-02-11|2026-02-12|2026-02-13|2026-02-17|2026-02-18|2026-02-19|2026-02-20|2026-02-23|2026-02-24|2026-02-25|2026-02-26,2026-02-27 22:31:34,0.0
Louisiana-Pacific Corporation,,2026-01-14|2026-01-15|2026-01-16|2026-01-20|2026-01-21|2026-01-22|2026-01-23|2026-01-26|2026-01-27|2026-01-28|2026-01-29|2026-01-30|2026-02-02|2026-02-03|2026-02-04|2026-02-05|2026-02-06|2026-02-09|2026-02-10|2026-02-11|2026-02-12|2026-02-13|2026-02-17|2026-02-18|2026-02-19|2026-02-20|2026-02-23|2026-02-24|2026-02-25|2026-02-26,2026-02-27 22:31:34,0.0
Universal Corporation,,2026-01-14|2026-01-15|2026-01-16|2026-01-20|2026-01-21|2026-01-22|2026-01-23|2026-01-26|2026-01-27|2026-01-28|2026-01-29|2026-01-30|2026-02-02|2026-02-03|2026-02-04|2026-02-05|2026-02-06|2026-02-09|2026-02-10|2026-02-11|2026-02-12|2026-02-13|2026-02-17|2026-02-18|2026-02-19|2026-02-20|2026-02-23|2026-02-24|2026-02-25|2026-02-26,2026-02-27 22:31:34,0.0
Playtika Holding,,2026-01-14|2026-01-15|2026-01-16|2026-01-20|2026-01-21|2026-01-22|2026-01-23|2026-01-26|2026-01-27|2026-01-28|2026-01-29|2026-01-30|2026-02-02|2026-02-03|2026-02-04|2026-02-05|2026-02-06|2026-02-09|2026-02-10|2026-02-11|2026-02-12|2026-02-13|2026-02-17|2026-02-18|2026-02-19|2026-02-20|2026-02-23|2026-02-24|2026-02-25|2026-02-26,2026-02-27 22:31:34,0.0
Alliance Resource Partners,,2026-01-14|2026-01-15|2026-01-16|2026-01-20|2026-01-21|2026-01-22|2026-01-23|2026-01-26|2026-01-27|2026-01-28|2026-01-29|2026-01-30|2026-02-02|2026-02-03|2026-02-04|2026-02-05|2026-02-06|2026-02-09|2026-02-10|2026-02-11|2026-02-12|2026-02-13|2026-02-17|2026-02-18|2026-02-19|2026-02-20|2026-02-23|2026-02-24|2026-02-25|2026-02-26,2026-02-27 22:31:34,0.0
Envista Holdings,,2026-01-14|2026-01-15|2026-01-16|2026-01-20|2026-01-21|2026-01-22|2026-01-23|2026-01-26|2026-01-27|2026-01-28|2026-01-29|2026-01-30|2026-02-02|2026-02-03|2026-02-04|2026-02-05|2026-02-06|2026-02-09|2026-02-10|2026-02-11|2026-02-12|2026-02-13|2026-02-17|2026-02-18|2026-02-19|2026-02-20|2026-02-23|2026-02-24|2026-02-25|2026-02-26,2026-02-27 22:31:34,0.0
Shift4 Payments,,2026-01-14|2026-01-15|2026-01-16|2026-01-20|2026-01-21|2026-01-22|2026-01-23|2026-01-26|2026-01-27|2026-01-28|2026-01-29|2026-01-30|2026-02-02|2026-02-03|2026-02-04|2026-02-05|2026-02-06|2026-02-09|2026-02-10|2026-02-11|2026-02-12|2026-02-13|2026-02-17|2026-02-18|2026-02-19|2026-02-20|2026-02-23|2026-02-24|2026-02-25|2026-02-26,2026-02-27 22:31:34,0.0
Talen Energy,,2026-01-14|2026-01-15|2026-01-16|2026-01-20|2026-01-21|2026-01-22|2026-01-23|2026-01-26|2026-01-27|2026-01-28|2026-01-29|2026-01-30|2026-02-02|2026-02-03|2026-02-04|2026-02-05|2026-02-06|2026-02-09|2026-02-10|2026-02-11|2026-02-12|2026-02-13|2026-02-17|2026-02-18|2026-02-19|2026-02-20|2026-02-23|2026-02-24|2026-02-25|2026-02-26,2026-02-27 22:31:34,0.0
Carpenter Technology,,2026-01-14|2026-01-15|2026-01-16|2026-01-20|2026-01-21|2026-01-22|2026-01-23|2026-01-26|2026-01-27|2026-01-28|2026-01-29|2026-01-30|2026-02-02|2026-02-03|2026-02-04|2026-02-05|2026-02-06|2026-02-09|2026-02-10|2026-02-11|2026-02-12|2026-02-13|2026-02-17|2026-02-18|2026-02-19|2026-02-20|2026-02-23|2026-02-24|2026-02-25|2026-02-26,2026-02-27 22:31:34,0.0
WEX,,2026-01-14|2026-01-15|2026-01-16|2026-01-20|2026-01-21|2026-01-22|2026-01-23|2026-01-26|2026-01-27|2026-01-28|2026-01-29|2026-01-30|2026-02-02|2026-02-03|2026-02-04|2026-02-05|2026-02-06|2026-02-09|2026-02-10|2026-02-11|2026-02-12|2026-02-13|2026-02-17|2026-02-18|2026-02-19|2026-02-20|2026-02-23|2026-02-24|2026-02-25|2026-02-26,2026-02-27 22:31:34,0.0
Old National Bancorp,,2026-01-14|2026-01-15|2026-01-16|2026-01-20|2026-01-21|2026-01-22|2026-01-23|2026-01-26|2026-01-27|2026-01-28|2026-01-29|2026-01-30|2026-02-02|2026-02-03|2026-02-04|2026-02-05|2026-02-06|2026-02-09|2026-02-10|2026-02-11|2026-02-12|2026-02-13|2026-02-17|2026-02-18|2026-02-19|2026-02-20|2026-02-23|2026-02-24|2026-02-25|2026-02-26,2026-02-27 22:31:34,0.0
AGNC Investment,,2026-01-14|2026-01-15|2026-01-16|2026-01-20|2026-01-21|2026-01-22|2026-01-23|2026-01-26|2026-01-27|2026-01-28|2026-01-29|2026-01-30|2026-02-02|2026-02-03|2026-02-04|2026-02-05|2026-02-06|2026-02-09|2026-02-10|2026-02-11|2026-02-12|2026-02-13|2026-02-17|2026-02-18|2026-02-19|2026-02-20|2026-02-23|2026-02-24|2026-02-25|2026-02-26,2026-02-27 22:31:34,0.0
Wabash National,,2026-01-14|2026-01-15|2026-01-16|2026-01-20|2026-01-21|2026-01-22|2026-01-23|2026-01-26|2026-01-27|2026-01-28|2026-01-29|2026-01-30|2026-02-02|2026-02-03|2026-02-04|2026-02-05|2026-02-06|2026-02-09|2026-02-10|2026-02-11|2026-02-12|2026-02-13|2026-02-17|2026-02-18|2026-02-19|2026-02-20|2026-02-23|2026-02-24|2026-02-25|2026-02-26,2026-02-27 22:31:34,0.0
MSCI,,2026-01-14|2026-01-15|2026-01-16|2026-01-20|2026-01-21|2026-01-22|2026-01-23|2026-01-26|2026-01-27|2026-01-28|2026-01-29|2026-01-30|2026-02-02|2026-02-03|2026-02-04|2026-02-05|2026-02-06|2026-02-09|2026-02-10|2026-02-11|2026-02-12|2026-02-13|2026-02-17|2026-02-18|2026-02-19|2026-02-20|2026-02-23|2026-02-24|2026-02-25|2026-02-26,2026-02-27 22:31:34,0.0
Stagwell,,2026-01-14|2026-01-15|2026-01-16|2026-01-20|2026-01-21|2026-01-22|2026-01-23|2026-01-26|2026-01-27|2026-01-28|2026-01-29|2026-01-30|2026-02-02|2026-02-03|2026-02-04|2026-02-05|2026-02-06|2026-02-09|2026-02-10|2026-02-11|2026-02-12|2026-02-13|2026-02-17|2026-02-18|2026-02-19|2026-02-20|2026-02-23|2026-02-24|2026-02-25|2026-02-26,2026-02-27 22:31:34,0.0
Mativ,,2026-01-14|2026-01-15|2026-01-16|2026-01-20|2026-01-21|2026-01-22|2026-01-23|2026-01-26|2026-01-27|2026-01-28|2026-01-29|2026-01-30|2026-02-02|2026-02-03|2026-02-04|2026-02-05|2026-02-06|2026-02-09|2026-02-10|2026-02-11|2026-02-12|2026-02-13|2026-02-17|2026-02-18|2026-02-19|2026-02-20|2026-02-23|2026-02-24|2026-02-25|2026-02-26,2026-02-27 22:31:34,0.0
Belden,,2026-01-14|2026-01-15|2026-01-16|2026-01-20|2026-01-21|2026-01-22|2026-01-23|2026-01-26|2026-01-27|2026-01-28|2026-01-29|2026-01-30|2026-02-02|2026-02-03|2026-02-04|2026-02-05|2026-02-06|2026-02-09|2026-02-10|2026-02-11|2026-02-12|2026-02-13|2026-02-17|2026-02-18|2026-02-19|2026-02-20|2026-02-23|2026-02-24|2026-02-25|2026-02-26,2026-02-27 22:31:34,0.0
Allegiant Travel Company,,2026-01-14|2026-01-15|2026-01-16|2026-01-20|2026-01-21|2026-01-22|2026-01-23|2026-01-26|2026-01-27|2026-01-28|2026-01-29|2026-01-30|2026-02-02|2026-02-03|2026-02-04|2026-02-05|2026-02-06|2026-02-09|2026-02-10|2026-02-11|2026-02-12|2026-02-13|2026-02-17|2026-02-18|2026-02-19|2026-02-20|2026-02-23|2026-02-24|2026-02-25|2026-02-26,2026-02-27 22:31:34,0.0
Dropbox,,2026-01-14|2026-01-15|2026-01-16|2026-01-20|2026-01-21|2026-01-22|2026-01-23|2026-01-26|2026-01-27|2026-01-28|2026-01-29|2026-01-30|2026-02-02|2026-02-03|2026-02-04|2026-02-05|2026-02-06|2026-02-09|2026-02-10|2026-02-11|2026-02-12|2026-02-13|2026-02-17|2026-02-18|2026-02-19|2026-02-20|2026-02-23|2026-02-24|2026-02-25|2026-02-26,2026-02-27 22:31:34,0.0
Exact Sciences,,2026-01-14|2026-01-15|2026-01-16|2026-01-20|2026-01-21|2026-01-22|2026-01-23|2026-01-26|2026-01-27|2026-01-28|2026-01-29|2026-01-30|2026-02-02|2026-02-03|2026-02-04|2026-02-05|2026-02-06|2026-02-09|2026-02-10|2026-02-11|2026-02-12|2026-02-13|2026-02-17|2026-02-18|2026-02-19|2026-02-20|2026-02-23|2026-02-24|2026-02-25|2026-02-26,2026-02-27 22:31:34,0.0
BWX Technologies,,2026-01-14|2026-01-15|2026-01-16|2026-01-20|2026-01-21|2026-01-22|2026-01-23|2026-01-26|2026-01-27|2026-01-28|2026-01-29|2026-01-30|2026-02-02|2026-02-03|2026-02-04|2026-02-05|2026-02-06|2026-02-09|2026-02-10|2026-02-11|2026-02-12|2026-02-13|2026-02-17|2026-02-18|2026-02-19|2026-02-20|2026-02-23|2026-02-24|2026-02-25|2026-02-26,2026-02-27 22:31:34,0.0
Clear Channel Outdoor Holdings,,2026-01-14|2026-01-15|2026-01-16|2026-01-20|2026-01-21|2026-01-22|2026-01-23|2026-01-26|2026-01-27|2026-01-28|2026-01-29|2026-01-30|2026-02-02|2026-02-03|2026-02-04|2026-02-05|2026-02-06|2026-02-09|2026-02-10|2026-02-11|2026-02-12|2026-02-13|2026-02-17|2026-02-18|2026-02-19|2026-02-20|2026-02-23|2026-02-24|2026-02-25|2026-02-26,2026-02-27 22:31:34,0.0
