company,trends_history,date_history,last_updated,avg_interest
Toro Company,44|40|43|44|31|51|41|46|43|37|54|53|53|90|75|69|85|45|37|67|52|16|16|19|19|22|19|20|15|14,2026-06-01|2026-06-02|2026-06-03|2026-06-04|2026-06-05|2026-06-08|2026-06-09|2026-06-10|2026-06-11|2026-06-12|2026-06-15|2026-06-16|2026-06-17|2026-06-18|2026-06-22|2026-06-23|2026-06-24|2026-06-25|2026-06-26|2026-06-29|2026-06-30|2026-07-01|2026-07-02|2026-07-06|2026-07-07|2026-07-08|2026-07-09|2026-07-10|2026-07-13|2026-07-15,2026-07-15 22:59:58,42.0
Zoom Video Communications,0|0|100|0|0|0|0|56|0|0|0|0|0|0|0|0|0|57|0|0|6|7|4|7|8|6|7|8|6|9,2026-06-02|2026-06-03|2026-06-04|2026-06-05|2026-06-08|2026-06-09|2026-06-10|2026-06-11|2026-06-12|2026-06-15|2026-06-16|2026-06-17|2026-06-18|2026-06-22|2026-06-23|2026-06-24|2026-06-25|2026-06-26|2026-06-29|2026-06-30|2026-07-01|2026-07-02|2026-07-06|2026-07-07|2026-07-08|2026-07-09|2026-07-10|2026-07-13|2026-07-14|2026-07-15,2026-07-15 23:00:02,9.4
Tetra Tech,31|100|37|33|38|48|45|26|41|23|36|31|52|47|22|31|32|31|38|30|44|29|24|25|27|29|30|26|25|23,2026-06-01|2026-06-02|2026-06-03|2026-06-04|2026-06-05|2026-06-08|2026-06-09|2026-06-10|2026-06-11|2026-06-12|2026-06-15|2026-06-16|2026-06-17|2026-06-18|2026-06-22|2026-06-23|2026-06-24|2026-06-25|2026-06-26|2026-06-29|2026-06-30|2026-07-01|2026-07-02|2026-07-06|2026-07-07|2026-07-08|2026-07-09|2026-07-10|2026-07-13|2026-07-15,2026-07-15 23:00:05,35.1
Public Storage,90|92|87|76|71|87|70|76|68|73|71|76|64|65|73|74|77|60|64|100|73|60|61|53|45|50|44|46|47|41,2026-06-01|2026-06-02|2026-06-03|2026-06-04|2026-06-05|2026-06-08|2026-06-09|2026-06-10|2026-06-11|2026-06-12|2026-06-15|2026-06-16|2026-06-17|2026-06-18|2026-06-22|2026-06-23|2026-06-24|2026-06-25|2026-06-26|2026-06-29|2026-06-30|2026-07-01|2026-07-02|2026-07-06|2026-07-07|2026-07-08|2026-07-09|2026-07-10|2026-07-13|2026-07-15,2026-07-15 23:00:09,67.8
Illumina Inc,0|0|0|0|0|0|0|0|0|0|0|0|100|0|0|0|0|0|0|0|0|7|8|10|11|11|0|11|0|0,2026-06-01|2026-06-02|2026-06-03|2026-06-04|2026-06-05|2026-06-08|2026-06-09|2026-06-10|2026-06-11|2026-06-12|2026-06-15|2026-06-16|2026-06-17|2026-06-18|2026-06-22|2026-06-23|2026-06-24|2026-06-25|2026-06-26|2026-06-29|2026-06-30|2026-07-01|2026-07-02|2026-07-06|2026-07-07|2026-07-08|2026-07-09|2026-07-10|2026-07-13|2026-07-15,2026-07-15 23:00:13,5.3
Ventas Inc,0|0|0|0|0|0|0|0|0|0|0|0|0|0|0|0|0|0|0|0|0|67|100|44|53|47|54|61|77|44,2026-06-01|2026-06-02|2026-06-03|2026-06-04|2026-06-05|2026-06-08|2026-06-09|2026-06-10|2026-06-11|2026-06-12|2026-06-15|2026-06-16|2026-06-17|2026-06-18|2026-06-22|2026-06-23|2026-06-24|2026-06-25|2026-06-26|2026-06-29|2026-06-30|2026-07-01|2026-07-02|2026-07-06|2026-07-07|2026-07-08|2026-07-09|2026-07-10|2026-07-13|2026-07-15,2026-07-15 23:00:16,18.2
FMC Corporation,0|58|0|0|0|100|0|64|0|0|0|0|0|0|0|0|0|0|0|0|0|22|9|16|13|12|9|9|8|9,2026-06-01|2026-06-02|2026-06-03|2026-06-04|2026-06-05|2026-06-08|2026-06-09|2026-06-10|2026-06-11|2026-06-12|2026-06-15|2026-06-16|2026-06-17|2026-06-18|2026-06-22|2026-06-23|2026-06-24|2026-06-25|2026-06-26|2026-06-29|2026-06-30|2026-07-01|2026-07-02|2026-07-06|2026-07-07|2026-07-08|2026-07-09|2026-07-10|2026-07-13|2026-07-15,2026-07-15 23:00:21,11.0
ArcBest,54|69|44|38|35|57|74|66|100|77|33|79|45|40|36|39|45|54|48|42|45|38|36|44|45|45|42|37|40|37,2026-06-01|2026-06-02|2026-06-03|2026-06-04|2026-06-05|2026-06-08|2026-06-09|2026-06-10|2026-06-11|2026-06-12|2026-06-15|2026-06-16|2026-06-17|2026-06-18|2026-06-22|2026-06-23|2026-06-24|2026-06-25|2026-06-26|2026-06-29|2026-06-30|2026-07-01|2026-07-02|2026-07-06|2026-07-07|2026-07-08|2026-07-09|2026-07-10|2026-07-13|2026-07-15,2026-07-15 23:00:25,49.5
Dominos Pizza Inc,0|0|0|0|0|0|0|0|0|0|0|0|0|0|0|0|0|0|0|0|0|0|0|0|0|0|100|0|0|0,2026-06-01|2026-06-02|2026-06-03|2026-06-04|2026-06-05|2026-06-08|2026-06-09|2026-06-10|2026-06-11|2026-06-12|2026-06-15|2026-06-16|2026-06-17|2026-06-18|2026-06-22|2026-06-23|2026-06-24|2026-06-25|2026-06-26|2026-06-29|2026-06-30|2026-07-01|2026-07-02|2026-07-06|2026-07-07|2026-07-08|2026-07-09|2026-07-10|2026-07-13|2026-07-15,2026-07-15 23:00:40,3.3
Rivian Automotive,0|0|0|0|0|66|0|0|0|0|0|0|0|0|88|0|0|0|0|0|16|34|34|100|48|29|32|26|25|17,2026-06-02|2026-06-03|2026-06-04|2026-06-05|2026-06-08|2026-06-09|2026-06-10|2026-06-11|2026-06-12|2026-06-15|2026-06-16|2026-06-17|2026-06-18|2026-06-22|2026-06-23|2026-06-24|2026-06-25|2026-06-26|2026-06-29|2026-06-30|2026-07-01|2026-07-02|2026-07-06|2026-07-07|2026-07-08|2026-07-09|2026-07-10|2026-07-13|2026-07-14|2026-07-15,2026-07-15 23:01:15,17.2
Elanco Animal Health,0|0|0|0|0|0|0|0|0|0|0|0|0|0|0|0|0|100|0|0|17|11|18|16|20|15|17|19|11|8,2026-06-02|2026-06-03|2026-06-04|2026-06-05|2026-06-08|2026-06-09|2026-06-10|2026-06-11|2026-06-12|2026-06-15|2026-06-16|2026-06-17|2026-06-18|2026-06-22|2026-06-23|2026-06-24|2026-06-25|2026-06-26|2026-06-29|2026-06-30|2026-07-01|2026-07-02|2026-07-06|2026-07-07|2026-07-08|2026-07-09|2026-07-10|2026-07-13|2026-07-14|2026-07-15,2026-07-15 23:01:19,8.4
Graham Holdings Company,0|0|0|0|0|0|0|0|0|0|0|0|0|0|0|0|0|0|0|0|0|0|71|0|0|0|0|0|100|0,2026-06-01|2026-06-02|2026-06-03|2026-06-04|2026-06-05|2026-06-08|2026-06-09|2026-06-10|2026-06-11|2026-06-12|2026-06-15|2026-06-16|2026-06-17|2026-06-18|2026-06-22|2026-06-23|2026-06-24|2026-06-25|2026-06-26|2026-06-29|2026-06-30|2026-07-01|2026-07-02|2026-07-06|2026-07-07|2026-07-08|2026-07-09|2026-07-10|2026-07-13|2026-07-15,2026-07-15 23:01:22,5.7
Floor & Decor,59|60|67|82|63|91|83|85|62|75|57|66|76|65|70|86|100|55|35|44|32|31|29|28|33|30|29|27|28|24,2026-06-02|2026-06-03|2026-06-04|2026-06-05|2026-06-08|2026-06-09|2026-06-10|2026-06-11|2026-06-12|2026-06-15|2026-06-16|2026-06-17|2026-06-18|2026-06-22|2026-06-23|2026-06-24|2026-06-25|2026-06-26|2026-06-29|2026-06-30|2026-07-01|2026-07-02|2026-07-06|2026-07-07|2026-07-08|2026-07-09|2026-07-10|2026-07-13|2026-07-14|2026-07-15,2026-07-15 23:01:25,55.7
Applied Industrial Technologies,38|100|63|0|0|44|61|0|57|44|40|57|96|61|0|0|0|0|0|71|0|34|25|30|33|39|33|34|35|34,2026-06-01|2026-06-02|2026-06-03|2026-06-04|2026-06-05|2026-06-08|2026-06-09|2026-06-10|2026-06-11|2026-06-12|2026-06-15|2026-06-16|2026-06-17|2026-06-18|2026-06-22|2026-06-23|2026-06-24|2026-06-25|2026-06-26|2026-06-29|2026-06-30|2026-07-01|2026-07-02|2026-07-06|2026-07-07|2026-07-08|2026-07-09|2026-07-10|2026-07-13|2026-07-15,2026-07-15 23:01:29,34.3
PriceSmart,72|100|44|62|62|68|47|81|47|42|56|47|45|67|69|75|55|59|60|60|80|42|50|45|47|63|56|60|50|48,2026-06-01|2026-06-02|2026-06-03|2026-06-04|2026-06-05|2026-06-08|2026-06-09|2026-06-10|2026-06-11|2026-06-12|2026-06-15|2026-06-16|2026-06-17|2026-06-18|2026-06-22|2026-06-23|2026-06-24|2026-06-25|2026-06-26|2026-06-29|2026-06-30|2026-07-01|2026-07-02|2026-07-06|2026-07-07|2026-07-08|2026-07-09|2026-07-10|2026-07-13|2026-07-15,2026-07-15 23:01:33,58.6
Lyft,89|84|91|86|90|81|100|86|89|85|89|84|83|87|84|87|83|90|89|84|80|79|81|76|83|79|82|79|80|79,2026-06-02|2026-06-03|2026-06-04|2026-06-05|2026-06-08|2026-06-09|2026-06-10|2026-06-11|2026-06-12|2026-06-15|2026-06-16|2026-06-17|2026-06-18|2026-06-22|2026-06-23|2026-06-24|2026-06-25|2026-06-26|2026-06-29|2026-06-30|2026-07-01|2026-07-02|2026-07-06|2026-07-07|2026-07-08|2026-07-09|2026-07-10|2026-07-13|2026-07-14|2026-07-15,2026-07-15 23:01:37,84.6
Ciena,38|42|39|66|37|34|32|29|29|21|22|33|100|30|17|19|20|16|25|24|24|14|12|14|14|17|17|15|15|15,2026-06-01|2026-06-02|2026-06-03|2026-06-04|2026-06-05|2026-06-08|2026-06-09|2026-06-10|2026-06-11|2026-06-12|2026-06-15|2026-06-16|2026-06-17|2026-06-18|2026-06-22|2026-06-23|2026-06-24|2026-06-25|2026-06-26|2026-06-29|2026-06-30|2026-07-01|2026-07-02|2026-07-06|2026-07-07|2026-07-08|2026-07-09|2026-07-10|2026-07-13|2026-07-15,2026-07-15 23:01:41,27.7
Western Union,44|47|39|44|47|55|54|71|76|78|85|93|84|83|95|59|68|42|39|62|50|41|41|42|38|39|39|49|42|34,2026-06-01|2026-06-02|2026-06-03|2026-06-04|2026-06-05|2026-06-08|2026-06-09|2026-06-10|2026-06-11|2026-06-12|2026-06-15|2026-06-16|2026-06-17|2026-06-18|2026-06-22|2026-06-23|2026-06-24|2026-06-25|2026-06-26|2026-06-29|2026-06-30|2026-07-01|2026-07-02|2026-07-06|2026-07-07|2026-07-08|2026-07-09|2026-07-10|2026-07-13|2026-07-15,2026-07-15 23:01:44,56.0
Flowserve,51|100|28|37|24|48|46|33|35|25|41|52|91|24|43|39|52|38|20|42|28|26|22|25|31|31|27|24|28|29,2026-06-01|2026-06-02|2026-06-03|2026-06-04|2026-06-05|2026-06-08|2026-06-09|2026-06-10|2026-06-11|2026-06-12|2026-06-15|2026-06-16|2026-06-17|2026-06-18|2026-06-22|2026-06-23|2026-06-24|2026-06-25|2026-06-26|2026-06-29|2026-06-30|2026-07-01|2026-07-02|2026-07-06|2026-07-07|2026-07-08|2026-07-09|2026-07-10|2026-07-13|2026-07-15,2026-07-15 23:01:48,38.0
Western Alliance Bancorp,0|0|0|0|0|0|0|0|0|0|0|0|0|0|0|0|0|0|0|0|0|0|0|100|36|0|0|65|0|0,2026-06-01|2026-06-02|2026-06-03|2026-06-04|2026-06-05|2026-06-08|2026-06-09|2026-06-10|2026-06-11|2026-06-12|2026-06-15|2026-06-16|2026-06-17|2026-06-18|2026-06-22|2026-06-23|2026-06-24|2026-06-25|2026-06-26|2026-06-29|2026-06-30|2026-07-01|2026-07-02|2026-07-06|2026-07-07|2026-07-08|2026-07-09|2026-07-10|2026-07-13|2026-07-15,2026-07-15 23:01:52,6.7
Option Care Health,51|83|43|49|70|81|82|61|57|62|63|84|86|100|74|60|59|55|50|88|59|41|39|44|47|55|51|42|49|40,2026-06-01|2026-06-02|2026-06-03|2026-06-04|2026-06-05|2026-06-08|2026-06-09|2026-06-10|2026-06-11|2026-06-12|2026-06-15|2026-06-16|2026-06-17|2026-06-18|2026-06-22|2026-06-23|2026-06-24|2026-06-25|2026-06-26|2026-06-29|2026-06-30|2026-07-01|2026-07-02|2026-07-06|2026-07-07|2026-07-08|2026-07-09|2026-07-10|2026-07-13|2026-07-15,2026-07-15 23:01:56,60.8
SiteOne Landscape Supply,100|56|45|55|43|74|53|61|54|41|100|62|36|57|56|74|45|43|38|0|37|41|43|51|44|45|51|45|42|41,2026-06-02|2026-06-03|2026-06-04|2026-06-05|2026-06-08|2026-06-09|2026-06-10|2026-06-11|2026-06-12|2026-06-15|2026-06-16|2026-06-17|2026-06-18|2026-06-22|2026-06-23|2026-06-24|2026-06-25|2026-06-26|2026-06-29|2026-06-30|2026-07-01|2026-07-02|2026-07-06|2026-07-07|2026-07-08|2026-07-09|2026-07-10|2026-07-13|2026-07-14|2026-07-15,2026-07-15 23:01:59,51.1
Abercrombie & Fitch,36|31|62|58|63|67|67|71|65|61|50|45|52|55|59|58|67|100|32|27|23|16|13|11|16|12|9|4|4|3,2026-06-01|2026-06-02|2026-06-03|2026-06-04|2026-06-05|2026-06-08|2026-06-09|2026-06-10|2026-06-11|2026-06-12|2026-06-15|2026-06-16|2026-06-17|2026-06-18|2026-06-22|2026-06-23|2026-06-24|2026-06-25|2026-06-26|2026-06-29|2026-06-30|2026-07-01|2026-07-02|2026-07-06|2026-07-07|2026-07-08|2026-07-09|2026-07-10|2026-07-13|2026-07-15,2026-07-15 23:02:03,41.2
Atmos Energy,100|86|86|89|85|84|79|79|65|79|80|69|89|76|65|70|73|73|94|70|95|83|86|82|73|85|75|77|70|80,2026-06-01|2026-06-02|2026-06-03|2026-06-04|2026-06-05|2026-06-08|2026-06-09|2026-06-10|2026-06-11|2026-06-12|2026-06-15|2026-06-16|2026-06-17|2026-06-18|2026-06-22|2026-06-23|2026-06-24|2026-06-25|2026-06-26|2026-06-29|2026-06-30|2026-07-01|2026-07-02|2026-07-06|2026-07-07|2026-07-08|2026-07-09|2026-07-10|2026-07-13|2026-07-15,2026-07-15 23:02:06,79.9
Brown & Brown,43|38|75|69|70|81|83|100|86|76|82|71|73|71|71|75|79|94|30|28|26|16|17|14|17|17|14|11|11|10,2026-06-01|2026-06-02|2026-06-03|2026-06-04|2026-06-05|2026-06-08|2026-06-09|2026-06-10|2026-06-11|2026-06-12|2026-06-15|2026-06-16|2026-06-17|2026-06-18|2026-06-22|2026-06-23|2026-06-24|2026-06-25|2026-06-26|2026-06-29|2026-06-30|2026-07-01|2026-07-02|2026-07-06|2026-07-07|2026-07-08|2026-07-09|2026-07-10|2026-07-13|2026-07-15,2026-07-15 23:02:10,51.6
GoDaddy,99|74|91|92|95|98|98|85|77|86|91|90|90|87|84|86|88|92|96|100|62|61|65|75|67|66|63|66|68|65,2026-06-02|2026-06-03|2026-06-04|2026-06-05|2026-06-08|2026-06-09|2026-06-10|2026-06-11|2026-06-12|2026-06-15|2026-06-16|2026-06-17|2026-06-18|2026-06-22|2026-06-23|2026-06-24|2026-06-25|2026-06-26|2026-06-29|2026-06-30|2026-07-01|2026-07-02|2026-07-06|2026-07-07|2026-07-08|2026-07-09|2026-07-10|2026-07-13|2026-07-14|2026-07-15,2026-07-15 23:02:13,81.9
American Water Works,41|46|21|41|37|53|70|58|22|25|31|48|35|30|57|100|68|15|17|23|23|13|11|10|11|15|10|10|12|9,2026-06-01|2026-06-02|2026-06-03|2026-06-04|2026-06-05|2026-06-08|2026-06-09|2026-06-10|2026-06-11|2026-06-12|2026-06-15|2026-06-16|2026-06-17|2026-06-18|2026-06-22|2026-06-23|2026-06-24|2026-06-25|2026-06-26|2026-06-29|2026-06-30|2026-07-01|2026-07-02|2026-07-06|2026-07-07|2026-07-08|2026-07-09|2026-07-10|2026-07-13|2026-07-15,2026-07-15 23:02:17,32.1
Selective Insurance Group,0|0|0|0|0|0|0|0|0|0|0|0|0|0|0|0|0|0|100|0|0|9|8|0|6|0|0|22|0|0,2026-06-01|2026-06-02|2026-06-03|2026-06-04|2026-06-05|2026-06-08|2026-06-09|2026-06-10|2026-06-11|2026-06-12|2026-06-15|2026-06-16|2026-06-17|2026-06-18|2026-06-22|2026-06-23|2026-06-24|2026-06-25|2026-06-26|2026-06-29|2026-06-30|2026-07-01|2026-07-02|2026-07-06|2026-07-07|2026-07-08|2026-07-09|2026-07-10|2026-07-13|2026-07-15,2026-07-15 23:02:21,4.8
Advantage Solutions,73|74|71|33|57|63|87|85|95|56|77|100|72|47|77|71|63|44|48|66|37|33|40|41|47|40|36|42|43|34,2026-06-02|2026-06-03|2026-06-04|2026-06-05|2026-06-08|2026-06-09|2026-06-10|2026-06-11|2026-06-12|2026-06-15|2026-06-16|2026-06-17|2026-06-18|2026-06-22|2026-06-23|2026-06-24|2026-06-25|2026-06-26|2026-06-29|2026-06-30|2026-07-01|2026-07-02|2026-07-06|2026-07-07|2026-07-08|2026-07-09|2026-07-10|2026-07-13|2026-07-14|2026-07-15,2026-07-15 23:02:25,58.4
ResMed,75|80|84|97|93|92|95|99|97|80|84|81|79|84|83|84|91|100|89|70|69|60|59|62|66|67|62|60|61|57,2026-06-01|2026-06-02|2026-06-03|2026-06-04|2026-06-05|2026-06-08|2026-06-09|2026-06-10|2026-06-11|2026-06-12|2026-06-15|2026-06-16|2026-06-17|2026-06-18|2026-06-22|2026-06-23|2026-06-24|2026-06-25|2026-06-26|2026-06-29|2026-06-30|2026-07-01|2026-07-02|2026-07-06|2026-07-07|2026-07-08|2026-07-09|2026-07-10|2026-07-13|2026-07-15,2026-07-15 23:02:28,78.7
Plexus Corp,0|0|0|0|0|0|0|0|0|0|0|0|0|0|0|0|0|0|0|0|0|44|46|43|45|90|68|100|64|32,2026-06-01|2026-06-02|2026-06-03|2026-06-04|2026-06-05|2026-06-08|2026-06-09|2026-06-10|2026-06-11|2026-06-12|2026-06-15|2026-06-16|2026-06-17|2026-06-18|2026-06-22|2026-06-23|2026-06-24|2026-06-25|2026-06-26|2026-06-29|2026-06-30|2026-07-01|2026-07-02|2026-07-06|2026-07-07|2026-07-08|2026-07-09|2026-07-10|2026-07-13|2026-07-15,2026-07-15 23:02:33,17.7
Hub Group,,2026-06-01|2026-06-02|2026-06-03|2026-06-04|2026-06-05|2026-06-08|2026-06-09|2026-06-10|2026-06-11|2026-06-12|2026-06-15|2026-06-16|2026-06-17|2026-06-18|2026-06-22|2026-06-23|2026-06-24|2026-06-25|2026-06-26|2026-06-29|2026-06-30|2026-07-01|2026-07-02|2026-07-06|2026-07-07|2026-07-08|2026-07-09|2026-07-10|2026-07-13|2026-07-15,2026-07-15 23:03:08,0.0
Lincoln Electric,,2026-06-01|2026-06-02|2026-06-03|2026-06-04|2026-06-05|2026-06-08|2026-06-09|2026-06-10|2026-06-11|2026-06-12|2026-06-15|2026-06-16|2026-06-17|2026-06-18|2026-06-22|2026-06-23|2026-06-24|2026-06-25|2026-06-26|2026-06-29|2026-06-30|2026-07-01|2026-07-02|2026-07-06|2026-07-07|2026-07-08|2026-07-09|2026-07-10|2026-07-13|2026-07-15,2026-07-15 23:03:50,0.0
NCR Atleos,,2026-06-02|2026-06-03|2026-06-04|2026-06-05|2026-06-08|2026-06-09|2026-06-10|2026-06-11|2026-06-12|2026-06-15|2026-06-16|2026-06-17|2026-06-18|2026-06-22|2026-06-23|2026-06-24|2026-06-25|2026-06-26|2026-06-29|2026-06-30|2026-07-01|2026-07-02|2026-07-06|2026-07-07|2026-07-08|2026-07-09|2026-07-10|2026-07-13|2026-07-14|2026-07-15,2026-07-15 23:04:00,0.0
Calumet Inc,,2026-06-01|2026-06-02|2026-06-03|2026-06-04|2026-06-05|2026-06-08|2026-06-09|2026-06-10|2026-06-11|2026-06-12|2026-06-15|2026-06-16|2026-06-17|2026-06-18|2026-06-22|2026-06-23|2026-06-24|2026-06-25|2026-06-26|2026-06-29|2026-06-30|2026-07-01|2026-07-02|2026-07-06|2026-07-07|2026-07-08|2026-07-09|2026-07-10|2026-07-13|2026-07-15,2026-07-15 23:04:00,0.0
Dycom Industries,,2026-06-01|2026-06-02|2026-06-03|2026-06-04|2026-06-05|2026-06-08|2026-06-09|2026-06-10|2026-06-11|2026-06-12|2026-06-15|2026-06-16|2026-06-17|2026-06-18|2026-06-22|2026-06-23|2026-06-24|2026-06-25|2026-06-26|2026-06-29|2026-06-30|2026-07-01|2026-07-02|2026-07-06|2026-07-07|2026-07-08|2026-07-09|2026-07-10|2026-07-13|2026-07-15,2026-07-15 23:04:00,0.0
Valmont Industries,,2026-06-01|2026-06-02|2026-06-03|2026-06-04|2026-06-05|2026-06-08|2026-06-09|2026-06-10|2026-06-11|2026-06-12|2026-06-15|2026-06-16|2026-06-17|2026-06-18|2026-06-22|2026-06-23|2026-06-24|2026-06-25|2026-06-26|2026-06-29|2026-06-30|2026-07-01|2026-07-02|2026-07-06|2026-07-07|2026-07-08|2026-07-09|2026-07-10|2026-07-13|2026-07-15,2026-07-15 23:04:00,0.0
ATI Inc,,2026-06-01|2026-06-02|2026-06-03|2026-06-04|2026-06-05|2026-06-08|2026-06-09|2026-06-10|2026-06-11|2026-06-12|2026-06-15|2026-06-16|2026-06-17|2026-06-18|2026-06-22|2026-06-23|2026-06-24|2026-06-25|2026-06-26|2026-06-29|2026-06-30|2026-07-01|2026-07-02|2026-07-06|2026-07-07|2026-07-08|2026-07-09|2026-07-10|2026-07-13|2026-07-15,2026-07-15 23:04:00,0.0
Twilio,,2026-06-02|2026-06-03|2026-06-04|2026-06-05|2026-06-08|2026-06-09|2026-06-10|2026-06-11|2026-06-12|2026-06-15|2026-06-16|2026-06-17|2026-06-18|2026-06-22|2026-06-23|2026-06-24|2026-06-25|2026-06-26|2026-06-29|2026-06-30|2026-07-01|2026-07-02|2026-07-06|2026-07-07|2026-07-08|2026-07-09|2026-07-10|2026-07-13|2026-07-14|2026-07-15,2026-07-15 23:04:00,0.0
CNO Financial Group,,2026-06-01|2026-06-02|2026-06-03|2026-06-04|2026-06-05|2026-06-08|2026-06-09|2026-06-10|2026-06-11|2026-06-12|2026-06-15|2026-06-16|2026-06-17|2026-06-18|2026-06-22|2026-06-23|2026-06-24|2026-06-25|2026-06-26|2026-06-29|2026-06-30|2026-07-01|2026-07-02|2026-07-06|2026-07-07|2026-07-08|2026-07-09|2026-07-10|2026-07-13|2026-07-15,2026-07-15 23:04:00,0.0
Patterson-UTI Energy,,2026-06-01|2026-06-02|2026-06-03|2026-06-04|2026-06-05|2026-06-08|2026-06-09|2026-06-10|2026-06-11|2026-06-12|2026-06-15|2026-06-16|2026-06-17|2026-06-18|2026-06-22|2026-06-23|2026-06-24|2026-06-25|2026-06-26|2026-06-29|2026-06-30|2026-07-01|2026-07-02|2026-07-06|2026-07-07|2026-07-08|2026-07-09|2026-07-10|2026-07-13|2026-07-15,2026-07-15 23:04:00,0.0
Brinker International,,2026-06-01|2026-06-02|2026-06-03|2026-06-04|2026-06-05|2026-06-08|2026-06-09|2026-06-10|2026-06-11|2026-06-12|2026-06-15|2026-06-16|2026-06-17|2026-06-18|2026-06-22|2026-06-23|2026-06-24|2026-06-25|2026-06-26|2026-06-29|2026-06-30|2026-07-01|2026-07-02|2026-07-06|2026-07-07|2026-07-08|2026-07-09|2026-07-10|2026-07-13|2026-07-15,2026-07-15 23:04:00,0.0
Charles River Laboratories International,,2026-06-01|2026-06-02|2026-06-03|2026-06-04|2026-06-05|2026-06-08|2026-06-09|2026-06-10|2026-06-11|2026-06-12|2026-06-15|2026-06-16|2026-06-17|2026-06-18|2026-06-22|2026-06-23|2026-06-24|2026-06-25|2026-06-26|2026-06-29|2026-06-30|2026-07-01|2026-07-02|2026-07-06|2026-07-07|2026-07-08|2026-07-09|2026-07-10|2026-07-13|2026-07-15,2026-07-15 23:04:00,0.0
Hyster-Yale,,2026-06-02|2026-06-03|2026-06-04|2026-06-05|2026-06-08|2026-06-09|2026-06-10|2026-06-11|2026-06-12|2026-06-15|2026-06-16|2026-06-17|2026-06-18|2026-06-22|2026-06-23|2026-06-24|2026-06-25|2026-06-26|2026-06-29|2026-06-30|2026-07-01|2026-07-02|2026-07-06|2026-07-07|2026-07-08|2026-07-09|2026-07-10|2026-07-13|2026-07-14|2026-07-15,2026-07-15 23:04:00,0.0
Brighthouse Financial,,2026-06-02|2026-06-03|2026-06-04|2026-06-05|2026-06-08|2026-06-09|2026-06-10|2026-06-11|2026-06-12|2026-06-15|2026-06-16|2026-06-17|2026-06-18|2026-06-22|2026-06-23|2026-06-24|2026-06-25|2026-06-26|2026-06-29|2026-06-30|2026-07-01|2026-07-02|2026-07-06|2026-07-07|2026-07-08|2026-07-09|2026-07-10|2026-07-13|2026-07-14|2026-07-15,2026-07-15 23:04:00,0.0
Service Corp International,,2026-06-01|2026-06-02|2026-06-03|2026-06-04|2026-06-05|2026-06-08|2026-06-09|2026-06-10|2026-06-11|2026-06-12|2026-06-15|2026-06-16|2026-06-17|2026-06-18|2026-06-22|2026-06-23|2026-06-24|2026-06-25|2026-06-26|2026-06-29|2026-06-30|2026-07-01|2026-07-02|2026-07-06|2026-07-07|2026-07-08|2026-07-09|2026-07-10|2026-07-13|2026-07-15,2026-07-15 23:04:00,0.0
CrossAmerica Partners,,2026-06-02|2026-06-03|2026-06-04|2026-06-05|2026-06-08|2026-06-09|2026-06-10|2026-06-11|2026-06-12|2026-06-15|2026-06-16|2026-06-17|2026-06-18|2026-06-22|2026-06-23|2026-06-24|2026-06-25|2026-06-26|2026-06-29|2026-06-30|2026-07-01|2026-07-02|2026-07-06|2026-07-07|2026-07-08|2026-07-09|2026-07-10|2026-07-13|2026-07-14|2026-07-15,2026-07-15 23:04:00,0.0
Cadence,,2026-06-01|2026-06-02|2026-06-03|2026-06-04|2026-06-05|2026-06-08|2026-06-09|2026-06-10|2026-06-11|2026-06-12|2026-06-15|2026-06-16|2026-06-17|2026-06-18|2026-06-22|2026-06-23|2026-06-24|2026-06-25|2026-06-26|2026-06-29|2026-06-30|2026-07-01|2026-07-02|2026-07-06|2026-07-07|2026-07-08|2026-07-09|2026-07-10|2026-07-13|2026-07-15,2026-07-15 23:04:00,0.0
MillerKnoll,,2026-06-01|2026-06-02|2026-06-03|2026-06-04|2026-06-05|2026-06-08|2026-06-09|2026-06-10|2026-06-11|2026-06-12|2026-06-15|2026-06-16|2026-06-17|2026-06-18|2026-06-22|2026-06-23|2026-06-24|2026-06-25|2026-06-26|2026-06-29|2026-06-30|2026-07-01|2026-07-02|2026-07-06|2026-07-07|2026-07-08|2026-07-09|2026-07-10|2026-07-13|2026-07-15,2026-07-15 23:04:00,0.0
Realty Income,,2026-06-01|2026-06-02|2026-06-03|2026-06-04|2026-06-05|2026-06-08|2026-06-09|2026-06-10|2026-06-11|2026-06-12|2026-06-15|2026-06-16|2026-06-17|2026-06-18|2026-06-22|2026-06-23|2026-06-24|2026-06-25|2026-06-26|2026-06-29|2026-06-30|2026-07-01|2026-07-02|2026-07-06|2026-07-07|2026-07-08|2026-07-09|2026-07-10|2026-07-13|2026-07-15,2026-07-15 23:04:00,0.0
Middleby,,2026-06-01|2026-06-02|2026-06-03|2026-06-04|2026-06-05|2026-06-08|2026-06-09|2026-06-10|2026-06-11|2026-06-12|2026-06-15|2026-06-16|2026-06-17|2026-06-18|2026-06-22|2026-06-23|2026-06-24|2026-06-25|2026-06-26|2026-06-29|2026-06-30|2026-07-01|2026-07-02|2026-07-06|2026-07-07|2026-07-08|2026-07-09|2026-07-10|2026-07-13|2026-07-15,2026-07-15 23:04:00,0.0
M/I Homes,,2026-06-01|2026-06-02|2026-06-03|2026-06-04|2026-06-05|2026-06-08|2026-06-09|2026-06-10|2026-06-11|2026-06-12|2026-06-15|2026-06-16|2026-06-17|2026-06-18|2026-06-22|2026-06-23|2026-06-24|2026-06-25|2026-06-26|2026-06-29|2026-06-30|2026-07-01|2026-07-02|2026-07-06|2026-07-07|2026-07-08|2026-07-09|2026-07-10|2026-07-13|2026-07-15,2026-07-15 23:04:00,0.0
Alliant Energy,,2026-06-01|2026-06-02|2026-06-03|2026-06-04|2026-06-05|2026-06-08|2026-06-09|2026-06-10|2026-06-11|2026-06-12|2026-06-15|2026-06-16|2026-06-17|2026-06-18|2026-06-22|2026-06-23|2026-06-24|2026-06-25|2026-06-26|2026-06-29|2026-06-30|2026-07-01|2026-07-02|2026-07-06|2026-07-07|2026-07-08|2026-07-09|2026-07-10|2026-07-13|2026-07-15,2026-07-15 23:04:00,0.0
Generac,,2026-06-01|2026-06-02|2026-06-03|2026-06-04|2026-06-05|2026-06-08|2026-06-09|2026-06-10|2026-06-11|2026-06-12|2026-06-15|2026-06-16|2026-06-17|2026-06-18|2026-06-22|2026-06-23|2026-06-24|2026-06-25|2026-06-26|2026-06-29|2026-06-30|2026-07-01|2026-07-02|2026-07-06|2026-07-07|2026-07-08|2026-07-09|2026-07-10|2026-07-13|2026-07-15,2026-07-15 23:04:00,0.0
MSC Industrial Direct,,2026-06-01|2026-06-02|2026-06-03|2026-06-04|2026-06-05|2026-06-08|2026-06-09|2026-06-10|2026-06-11|2026-06-12|2026-06-15|2026-06-16|2026-06-17|2026-06-18|2026-06-22|2026-06-23|2026-06-24|2026-06-25|2026-06-26|2026-06-29|2026-06-30|2026-07-01|2026-07-02|2026-07-06|2026-07-07|2026-07-08|2026-07-09|2026-07-10|2026-07-13|2026-07-15,2026-07-15 23:04:00,0.0
Rocket Companies,,2026-06-02|2026-06-03|2026-06-04|2026-06-05|2026-06-08|2026-06-09|2026-06-10|2026-06-11|2026-06-12|2026-06-15|2026-06-16|2026-06-17|2026-06-18|2026-06-22|2026-06-23|2026-06-24|2026-06-25|2026-06-26|2026-06-29|2026-06-30|2026-07-01|2026-07-02|2026-07-06|2026-07-07|2026-07-08|2026-07-09|2026-07-10|2026-07-13|2026-07-14|2026-07-15,2026-07-15 23:04:00,0.0
Upbound Group,,2026-06-01|2026-06-02|2026-06-03|2026-06-04|2026-06-05|2026-06-08|2026-06-09|2026-06-10|2026-06-11|2026-06-12|2026-06-15|2026-06-16|2026-06-17|2026-06-18|2026-06-22|2026-06-23|2026-06-24|2026-06-25|2026-06-26|2026-06-29|2026-06-30|2026-07-01|2026-07-02|2026-07-06|2026-07-07|2026-07-08|2026-07-09|2026-07-10|2026-07-13|2026-07-15,2026-07-15 23:04:00,0.0
East West Bancorp,,2026-06-01|2026-06-02|2026-06-03|2026-06-04|2026-06-05|2026-06-08|2026-06-09|2026-06-10|2026-06-11|2026-06-12|2026-06-15|2026-06-16|2026-06-17|2026-06-18|2026-06-22|2026-06-23|2026-06-24|2026-06-25|2026-06-26|2026-06-29|2026-06-30|2026-07-01|2026-07-02|2026-07-06|2026-07-07|2026-07-08|2026-07-09|2026-07-10|2026-07-13|2026-07-15,2026-07-15 23:04:00,0.0
Grocery Outlet Holding,,2026-06-02|2026-06-03|2026-06-04|2026-06-05|2026-06-08|2026-06-09|2026-06-10|2026-06-11|2026-06-12|2026-06-15|2026-06-16|2026-06-17|2026-06-18|2026-06-22|2026-06-23|2026-06-24|2026-06-25|2026-06-26|2026-06-29|2026-06-30|2026-07-01|2026-07-02|2026-07-06|2026-07-07|2026-07-08|2026-07-09|2026-07-10|2026-07-13|2026-07-14|2026-07-15,2026-07-15 23:04:00,0.0
Dentsply Sirona,,2026-06-01|2026-06-02|2026-06-03|2026-06-04|2026-06-05|2026-06-08|2026-06-09|2026-06-10|2026-06-11|2026-06-12|2026-06-15|2026-06-16|2026-06-17|2026-06-18|2026-06-22|2026-06-23|2026-06-24|2026-06-25|2026-06-26|2026-06-29|2026-06-30|2026-07-01|2026-07-02|2026-07-06|2026-07-07|2026-07-08|2026-07-09|2026-07-10|2026-07-13|2026-07-15,2026-07-15 23:04:00,0.0
V2X,,2026-06-02|2026-06-03|2026-06-04|2026-06-05|2026-06-08|2026-06-09|2026-06-10|2026-06-11|2026-06-12|2026-06-15|2026-06-16|2026-06-17|2026-06-18|2026-06-22|2026-06-23|2026-06-24|2026-06-25|2026-06-26|2026-06-29|2026-06-30|2026-07-01|2026-07-02|2026-07-06|2026-07-07|2026-07-08|2026-07-09|2026-07-10|2026-07-13|2026-07-14|2026-07-15,2026-07-15 23:04:00,0.0
Crocs,,2026-06-01|2026-06-02|2026-06-03|2026-06-04|2026-06-05|2026-06-08|2026-06-09|2026-06-10|2026-06-11|2026-06-12|2026-06-15|2026-06-16|2026-06-17|2026-06-18|2026-06-22|2026-06-23|2026-06-24|2026-06-25|2026-06-26|2026-06-29|2026-06-30|2026-07-01|2026-07-02|2026-07-06|2026-07-07|2026-07-08|2026-07-09|2026-07-10|2026-07-13|2026-07-15,2026-07-15 23:04:00,0.0
Spectrum Brands,,2026-06-01|2026-06-02|2026-06-03|2026-06-04|2026-06-05|2026-06-08|2026-06-09|2026-06-10|2026-06-11|2026-06-12|2026-06-15|2026-06-16|2026-06-17|2026-06-18|2026-06-22|2026-06-23|2026-06-24|2026-06-25|2026-06-26|2026-06-29|2026-06-30|2026-07-01|2026-07-02|2026-07-06|2026-07-07|2026-07-08|2026-07-09|2026-07-10|2026-07-13|2026-07-15,2026-07-15 23:04:00,0.0
Visteon,,2026-06-01|2026-06-02|2026-06-03|2026-06-04|2026-06-05|2026-06-08|2026-06-09|2026-06-10|2026-06-11|2026-06-12|2026-06-15|2026-06-16|2026-06-17|2026-06-18|2026-06-22|2026-06-23|2026-06-24|2026-06-25|2026-06-26|2026-06-29|2026-06-30|2026-07-01|2026-07-02|2026-07-06|2026-07-07|2026-07-08|2026-07-09|2026-07-10|2026-07-13|2026-07-15,2026-07-15 23:04:00,0.0
Acuity Inc,,2026-06-01|2026-06-02|2026-06-03|2026-06-04|2026-06-05|2026-06-08|2026-06-09|2026-06-10|2026-06-11|2026-06-12|2026-06-15|2026-06-16|2026-06-17|2026-06-18|2026-06-22|2026-06-23|2026-06-24|2026-06-25|2026-06-26|2026-06-29|2026-06-30|2026-07-01|2026-07-02|2026-07-06|2026-07-07|2026-07-08|2026-07-09|2026-07-10|2026-07-13|2026-07-15,2026-07-15 23:04:00,0.0
The Greenbrier Companies,,2026-06-01|2026-06-02|2026-06-03|2026-06-04|2026-06-05|2026-06-08|2026-06-09|2026-06-10|2026-06-11|2026-06-12|2026-06-15|2026-06-16|2026-06-17|2026-06-18|2026-06-22|2026-06-23|2026-06-24|2026-06-25|2026-06-26|2026-06-29|2026-06-30|2026-07-01|2026-07-02|2026-07-06|2026-07-07|2026-07-08|2026-07-09|2026-07-10|2026-07-13|2026-07-15,2026-07-15 23:04:00,0.0
Webster Financial,,2026-06-01|2026-06-02|2026-06-03|2026-06-04|2026-06-05|2026-06-08|2026-06-09|2026-06-10|2026-06-11|2026-06-12|2026-06-15|2026-06-16|2026-06-17|2026-06-18|2026-06-22|2026-06-23|2026-06-24|2026-06-25|2026-06-26|2026-06-29|2026-06-30|2026-07-01|2026-07-02|2026-07-06|2026-07-07|2026-07-08|2026-07-09|2026-07-10|2026-07-13|2026-07-15,2026-07-15 23:04:00,0.0
Cabot Corporation,,2026-06-01|2026-06-02|2026-06-03|2026-06-04|2026-06-05|2026-06-08|2026-06-09|2026-06-10|2026-06-11|2026-06-12|2026-06-15|2026-06-16|2026-06-17|2026-06-18|2026-06-22|2026-06-23|2026-06-24|2026-06-25|2026-06-26|2026-06-29|2026-06-30|2026-07-01|2026-07-02|2026-07-06|2026-07-07|2026-07-08|2026-07-09|2026-07-10|2026-07-13|2026-07-15,2026-07-15 23:04:00,0.0
RXO Inc,,2026-06-02|2026-06-03|2026-06-04|2026-06-05|2026-06-08|2026-06-09|2026-06-10|2026-06-11|2026-06-12|2026-06-15|2026-06-16|2026-06-17|2026-06-18|2026-06-22|2026-06-23|2026-06-24|2026-06-25|2026-06-26|2026-06-29|2026-06-30|2026-07-01|2026-07-02|2026-07-06|2026-07-07|2026-07-08|2026-07-09|2026-07-10|2026-07-13|2026-07-14|2026-07-15,2026-07-15 23:04:00,0.0
Chord Energy,,2026-06-01|2026-06-02|2026-06-03|2026-06-04|2026-06-05|2026-06-08|2026-06-09|2026-06-10|2026-06-11|2026-06-12|2026-06-15|2026-06-16|2026-06-17|2026-06-18|2026-06-22|2026-06-23|2026-06-24|2026-06-25|2026-06-26|2026-06-29|2026-06-30|2026-07-01|2026-07-02|2026-07-06|2026-07-07|2026-07-08|2026-07-09|2026-07-10|2026-07-13|2026-07-15,2026-07-15 23:04:00,0.0
Popular Inc,,2026-06-01|2026-06-02|2026-06-03|2026-06-04|2026-06-05|2026-06-08|2026-06-09|2026-06-10|2026-06-11|2026-06-12|2026-06-15|2026-06-16|2026-06-17|2026-06-18|2026-06-22|2026-06-23|2026-06-24|2026-06-25|2026-06-26|2026-06-29|2026-06-30|2026-07-01|2026-07-02|2026-07-06|2026-07-07|2026-07-08|2026-07-09|2026-07-10|2026-07-13|2026-07-15,2026-07-15 23:04:00,0.0
Garrett Motion Inc,,2026-06-02|2026-06-03|2026-06-04|2026-06-05|2026-06-08|2026-06-09|2026-06-10|2026-06-11|2026-06-12|2026-06-15|2026-06-16|2026-06-17|2026-06-18|2026-06-22|2026-06-23|2026-06-24|2026-06-25|2026-06-26|2026-06-29|2026-06-30|2026-07-01|2026-07-02|2026-07-06|2026-07-07|2026-07-08|2026-07-09|2026-07-10|2026-07-13|2026-07-14|2026-07-15,2026-07-15 23:04:00,0.0
Tutor Perini Corporation,,2026-06-01|2026-06-02|2026-06-03|2026-06-04|2026-06-05|2026-06-08|2026-06-09|2026-06-10|2026-06-11|2026-06-12|2026-06-15|2026-06-16|2026-06-17|2026-06-18|2026-06-22|2026-06-23|2026-06-24|2026-06-25|2026-06-26|2026-06-29|2026-06-30|2026-07-01|2026-07-02|2026-07-06|2026-07-07|2026-07-08|2026-07-09|2026-07-10|2026-07-13|2026-07-15,2026-07-15 23:04:00,0.0
Copart,,2026-06-01|2026-06-02|2026-06-03|2026-06-04|2026-06-05|2026-06-08|2026-06-09|2026-06-10|2026-06-11|2026-06-12|2026-06-15|2026-06-16|2026-06-17|2026-06-18|2026-06-22|2026-06-23|2026-06-24|2026-06-25|2026-06-26|2026-06-29|2026-06-30|2026-07-01|2026-07-02|2026-07-06|2026-07-07|2026-07-08|2026-07-09|2026-07-10|2026-07-13|2026-07-15,2026-07-15 23:04:00,0.0
Toast Inc,,2026-06-02|2026-06-03|2026-06-04|2026-06-05|2026-06-08|2026-06-09|2026-06-10|2026-06-11|2026-06-12|2026-06-15|2026-06-16|2026-06-17|2026-06-18|2026-06-22|2026-06-23|2026-06-24|2026-06-25|2026-06-26|2026-06-29|2026-06-30|2026-07-01|2026-07-02|2026-07-06|2026-07-07|2026-07-08|2026-07-09|2026-07-10|2026-07-13|2026-07-14|2026-07-15,2026-07-15 23:04:00,0.0
Align Technology,,2026-06-01|2026-06-02|2026-06-03|2026-06-04|2026-06-05|2026-06-08|2026-06-09|2026-06-10|2026-06-11|2026-06-12|2026-06-15|2026-06-16|2026-06-17|2026-06-18|2026-06-22|2026-06-23|2026-06-24|2026-06-25|2026-06-26|2026-06-29|2026-06-30|2026-07-01|2026-07-02|2026-07-06|2026-07-07|2026-07-08|2026-07-09|2026-07-10|2026-07-13|2026-07-15,2026-07-15 23:04:00,0.0
A O Smith,,2026-06-01|2026-06-02|2026-06-03|2026-06-04|2026-06-05|2026-06-08|2026-06-09|2026-06-10|2026-06-11|2026-06-12|2026-06-15|2026-06-16|2026-06-17|2026-06-18|2026-06-22|2026-06-23|2026-06-24|2026-06-25|2026-06-26|2026-06-29|2026-06-30|2026-07-01|2026-07-02|2026-07-06|2026-07-07|2026-07-08|2026-07-09|2026-07-10|2026-07-13|2026-07-15,2026-07-15 23:04:00,0.0
TransUnion,,2026-06-02|2026-06-03|2026-06-04|2026-06-05|2026-06-08|2026-06-09|2026-06-10|2026-06-11|2026-06-12|2026-06-15|2026-06-16|2026-06-17|2026-06-18|2026-06-22|2026-06-23|2026-06-24|2026-06-25|2026-06-26|2026-06-29|2026-06-30|2026-07-01|2026-07-02|2026-07-06|2026-07-07|2026-07-08|2026-07-09|2026-07-10|2026-07-13|2026-07-14|2026-07-15,2026-07-15 23:04:00,0.0
NCR Voyix,,2026-06-01|2026-06-02|2026-06-03|2026-06-04|2026-06-05|2026-06-08|2026-06-09|2026-06-10|2026-06-11|2026-06-12|2026-06-15|2026-06-16|2026-06-17|2026-06-18|2026-06-22|2026-06-23|2026-06-24|2026-06-25|2026-06-26|2026-06-29|2026-06-30|2026-07-01|2026-07-02|2026-07-06|2026-07-07|2026-07-08|2026-07-09|2026-07-10|2026-07-13|2026-07-15,2026-07-15 23:04:00,0.0
Akamai Technologies,,2026-06-01|2026-06-02|2026-06-03|2026-06-04|2026-06-05|2026-06-08|2026-06-09|2026-06-10|2026-06-11|2026-06-12|2026-06-15|2026-06-16|2026-06-17|2026-06-18|2026-06-22|2026-06-23|2026-06-24|2026-06-25|2026-06-26|2026-06-29|2026-06-30|2026-07-01|2026-07-02|2026-07-06|2026-07-07|2026-07-08|2026-07-09|2026-07-10|2026-07-13|2026-07-15,2026-07-15 23:04:00,0.0
Trimble Inc,,2026-06-01|2026-06-02|2026-06-03|2026-06-04|2026-06-05|2026-06-08|2026-06-09|2026-06-10|2026-06-11|2026-06-12|2026-06-15|2026-06-16|2026-06-17|2026-06-18|2026-06-22|2026-06-23|2026-06-24|2026-06-25|2026-06-26|2026-06-29|2026-06-30|2026-07-01|2026-07-02|2026-07-06|2026-07-07|2026-07-08|2026-07-09|2026-07-10|2026-07-13|2026-07-15,2026-07-15 23:04:00,0.0
AMN Healthcare Services,,2026-06-01|2026-06-02|2026-06-03|2026-06-04|2026-06-05|2026-06-08|2026-06-09|2026-06-10|2026-06-11|2026-06-12|2026-06-15|2026-06-16|2026-06-17|2026-06-18|2026-06-22|2026-06-23|2026-06-24|2026-06-25|2026-06-26|2026-06-29|2026-06-30|2026-07-01|2026-07-02|2026-07-06|2026-07-07|2026-07-08|2026-07-09|2026-07-10|2026-07-13|2026-07-15,2026-07-15 23:04:00,0.0
Mettler-Toledo International,,2026-06-01|2026-06-02|2026-06-03|2026-06-04|2026-06-05|2026-06-08|2026-06-09|2026-06-10|2026-06-11|2026-06-12|2026-06-15|2026-06-16|2026-06-17|2026-06-18|2026-06-22|2026-06-23|2026-06-24|2026-06-25|2026-06-26|2026-06-29|2026-06-30|2026-07-01|2026-07-02|2026-07-06|2026-07-07|2026-07-08|2026-07-09|2026-07-10|2026-07-13|2026-07-15,2026-07-15 23:04:00,0.0
ScanSource,,2026-06-01|2026-06-02|2026-06-03|2026-06-04|2026-06-05|2026-06-08|2026-06-09|2026-06-10|2026-06-11|2026-06-12|2026-06-15|2026-06-16|2026-06-17|2026-06-18|2026-06-22|2026-06-23|2026-06-24|2026-06-25|2026-06-26|2026-06-29|2026-06-30|2026-07-01|2026-07-02|2026-07-06|2026-07-07|2026-07-08|2026-07-09|2026-07-10|2026-07-13|2026-07-15,2026-07-15 23:04:00,0.0
LCI Industries,,2026-06-01|2026-06-02|2026-06-03|2026-06-04|2026-06-05|2026-06-08|2026-06-09|2026-06-10|2026-06-11|2026-06-12|2026-06-15|2026-06-16|2026-06-17|2026-06-18|2026-06-22|2026-06-23|2026-06-24|2026-06-25|2026-06-26|2026-06-29|2026-06-30|2026-07-01|2026-07-02|2026-07-06|2026-07-07|2026-07-08|2026-07-09|2026-07-10|2026-07-13|2026-07-15,2026-07-15 23:04:00,0.0
Cboe Global Markets,,2026-06-01|2026-06-02|2026-06-03|2026-06-04|2026-06-05|2026-06-08|2026-06-09|2026-06-10|2026-06-11|2026-06-12|2026-06-15|2026-06-16|2026-06-17|2026-06-18|2026-06-22|2026-06-23|2026-06-24|2026-06-25|2026-06-26|2026-06-29|2026-06-30|2026-07-01|2026-07-02|2026-07-06|2026-07-07|2026-07-08|2026-07-09|2026-07-10|2026-07-13|2026-07-15,2026-07-15 23:04:00,0.0
Diebold Nixdorf,,2026-06-02|2026-06-03|2026-06-04|2026-06-05|2026-06-08|2026-06-09|2026-06-10|2026-06-11|2026-06-12|2026-06-15|2026-06-16|2026-06-17|2026-06-18|2026-06-22|2026-06-23|2026-06-24|2026-06-25|2026-06-26|2026-06-29|2026-06-30|2026-07-01|2026-07-02|2026-07-06|2026-07-07|2026-07-08|2026-07-09|2026-07-10|2026-07-13|2026-07-14|2026-07-15,2026-07-15 23:04:00,0.0
Corpay,,2026-06-01|2026-06-02|2026-06-03|2026-06-04|2026-06-05|2026-06-08|2026-06-09|2026-06-10|2026-06-11|2026-06-12|2026-06-15|2026-06-16|2026-06-17|2026-06-18|2026-06-22|2026-06-23|2026-06-24|2026-06-25|2026-06-26|2026-06-29|2026-06-30|2026-07-01|2026-07-02|2026-07-06|2026-07-07|2026-07-08|2026-07-09|2026-07-10|2026-07-13|2026-07-15,2026-07-15 23:04:00,0.0
iHeartMedia,,2026-06-02|2026-06-03|2026-06-04|2026-06-05|2026-06-08|2026-06-09|2026-06-10|2026-06-11|2026-06-12|2026-06-15|2026-06-16|2026-06-17|2026-06-18|2026-06-22|2026-06-23|2026-06-24|2026-06-25|2026-06-26|2026-06-29|2026-06-30|2026-07-01|2026-07-02|2026-07-06|2026-07-07|2026-07-08|2026-07-09|2026-07-10|2026-07-13|2026-07-14|2026-07-15,2026-07-15 23:04:00,0.0
Dream Finders Homes,,2026-06-02|2026-06-03|2026-06-04|2026-06-05|2026-06-08|2026-06-09|2026-06-10|2026-06-11|2026-06-12|2026-06-15|2026-06-16|2026-06-17|2026-06-18|2026-06-22|2026-06-23|2026-06-24|2026-06-25|2026-06-26|2026-06-29|2026-06-30|2026-07-01|2026-07-02|2026-07-06|2026-07-07|2026-07-08|2026-07-09|2026-07-10|2026-07-13|2026-07-14|2026-07-15,2026-07-15 23:04:00,0.0
Boyd Gaming,,2026-06-01|2026-06-02|2026-06-03|2026-06-04|2026-06-05|2026-06-08|2026-06-09|2026-06-10|2026-06-11|2026-06-12|2026-06-15|2026-06-16|2026-06-17|2026-06-18|2026-06-22|2026-06-23|2026-06-24|2026-06-25|2026-06-26|2026-06-29|2026-06-30|2026-07-01|2026-07-02|2026-07-06|2026-07-07|2026-07-08|2026-07-09|2026-07-10|2026-07-13|2026-07-15,2026-07-15 23:04:00,0.0
Ensign Group,,2026-06-01|2026-06-02|2026-06-03|2026-06-04|2026-06-05|2026-06-08|2026-06-09|2026-06-10|2026-06-11|2026-06-12|2026-06-15|2026-06-16|2026-06-17|2026-06-18|2026-06-22|2026-06-23|2026-06-24|2026-06-25|2026-06-26|2026-06-29|2026-06-30|2026-07-01|2026-07-02|2026-07-06|2026-07-07|2026-07-08|2026-07-09|2026-07-10|2026-07-13|2026-07-15,2026-07-15 23:04:00,0.0
Sally Beauty,,2026-06-01|2026-06-02|2026-06-03|2026-06-04|2026-06-05|2026-06-08|2026-06-09|2026-06-10|2026-06-11|2026-06-12|2026-06-15|2026-06-16|2026-06-17|2026-06-18|2026-06-22|2026-06-23|2026-06-24|2026-06-25|2026-06-26|2026-06-29|2026-06-30|2026-07-01|2026-07-02|2026-07-06|2026-07-07|2026-07-08|2026-07-09|2026-07-10|2026-07-13|2026-07-15,2026-07-15 23:04:00,0.0
Conduent,,2026-06-02|2026-06-03|2026-06-04|2026-06-05|2026-06-08|2026-06-09|2026-06-10|2026-06-11|2026-06-12|2026-06-15|2026-06-16|2026-06-17|2026-06-18|2026-06-22|2026-06-23|2026-06-24|2026-06-25|2026-06-26|2026-06-29|2026-06-30|2026-07-01|2026-07-02|2026-07-06|2026-07-07|2026-07-08|2026-07-09|2026-07-10|2026-07-13|2026-07-14|2026-07-15,2026-07-15 23:04:00,0.0
Sylvamo,,2026-06-02|2026-06-03|2026-06-04|2026-06-05|2026-06-08|2026-06-09|2026-06-10|2026-06-11|2026-06-12|2026-06-15|2026-06-16|2026-06-17|2026-06-18|2026-06-22|2026-06-23|2026-06-24|2026-06-25|2026-06-26|2026-06-29|2026-06-30|2026-07-01|2026-07-02|2026-07-06|2026-07-07|2026-07-08|2026-07-09|2026-07-10|2026-07-13|2026-07-14|2026-07-15,2026-07-15 23:04:00,0.0
Tri Pointe Homes,,2026-05-13,2026-07-15 23:04:00,0.0
EnerSys,,2026-06-01|2026-06-02|2026-06-03|2026-06-04|2026-06-05|2026-06-08|2026-06-09|2026-06-10|2026-06-11|2026-06-12|2026-06-15|2026-06-16|2026-06-17|2026-06-18|2026-06-22|2026-06-23|2026-06-24|2026-06-25|2026-06-26|2026-06-29|2026-06-30|2026-07-01|2026-07-02|2026-07-06|2026-07-07|2026-07-08|2026-07-09|2026-07-10|2026-07-13|2026-07-15,2026-07-15 23:04:00,0.0
Incyte,,2026-06-01|2026-06-02|2026-06-03|2026-06-04|2026-06-05|2026-06-08|2026-06-09|2026-06-10|2026-06-11|2026-06-12|2026-06-15|2026-06-16|2026-06-17|2026-06-18|2026-06-22|2026-06-23|2026-06-24|2026-06-25|2026-06-26|2026-06-29|2026-06-30|2026-07-01|2026-07-02|2026-07-06|2026-07-07|2026-07-08|2026-07-09|2026-07-10|2026-07-13|2026-07-15,2026-07-15 23:04:00,0.0
Century Communities,,2026-06-02|2026-06-03|2026-06-04|2026-06-05|2026-06-08|2026-06-09|2026-06-10|2026-06-11|2026-06-12|2026-06-15|2026-06-16|2026-06-17|2026-06-18|2026-06-22|2026-06-23|2026-06-24|2026-06-25|2026-06-26|2026-06-29|2026-06-30|2026-07-01|2026-07-02|2026-07-06|2026-07-07|2026-07-08|2026-07-09|2026-07-10|2026-07-13|2026-07-14|2026-07-15,2026-07-15 23:04:00,0.0
Rithm Capital,,2026-06-02|2026-06-03|2026-06-04|2026-06-05|2026-06-08|2026-06-09|2026-06-10|2026-06-11|2026-06-12|2026-06-15|2026-06-16|2026-06-17|2026-06-18|2026-06-22|2026-06-23|2026-06-24|2026-06-25|2026-06-26|2026-06-29|2026-06-30|2026-07-01|2026-07-02|2026-07-06|2026-07-07|2026-07-08|2026-07-09|2026-07-10|2026-07-13|2026-07-14|2026-07-15,2026-07-15 23:04:00,0.0
Euronet Worldwide,,2026-06-01|2026-06-02|2026-06-03|2026-06-04|2026-06-05|2026-06-08|2026-06-09|2026-06-10|2026-06-11|2026-06-12|2026-06-15|2026-06-16|2026-06-17|2026-06-18|2026-06-22|2026-06-23|2026-06-24|2026-06-25|2026-06-26|2026-06-29|2026-06-30|2026-07-01|2026-07-02|2026-07-06|2026-07-07|2026-07-08|2026-07-09|2026-07-10|2026-07-13|2026-07-15,2026-07-15 23:04:00,0.0
Hawaiian Electric Industries,,2026-06-01|2026-06-02|2026-06-03|2026-06-04|2026-06-05|2026-06-08|2026-06-09|2026-06-10|2026-06-11|2026-06-12|2026-06-15|2026-06-16|2026-06-17|2026-06-18|2026-06-22|2026-06-23|2026-06-24|2026-06-25|2026-06-26|2026-06-29|2026-06-30|2026-07-01|2026-07-02|2026-07-06|2026-07-07|2026-07-08|2026-07-09|2026-07-10|2026-07-13|2026-07-15,2026-07-15 23:04:00,0.0
DraftKings,,2026-06-02|2026-06-03|2026-06-04|2026-06-05|2026-06-08|2026-06-09|2026-06-10|2026-06-11|2026-06-12|2026-06-15|2026-06-16|2026-06-17|2026-06-18|2026-06-22|2026-06-23|2026-06-24|2026-06-25|2026-06-26|2026-06-29|2026-06-30|2026-07-01|2026-07-02|2026-07-06|2026-07-07|2026-07-08|2026-07-09|2026-07-10|2026-07-13|2026-07-14|2026-07-15,2026-07-15 23:04:00,0.0
IDEXX Laboratories,,2026-06-01|2026-06-02|2026-06-03|2026-06-04|2026-06-05|2026-06-08|2026-06-09|2026-06-10|2026-06-11|2026-06-12|2026-06-15|2026-06-16|2026-06-17|2026-06-18|2026-06-22|2026-06-23|2026-06-24|2026-06-25|2026-06-26|2026-06-29|2026-06-30|2026-07-01|2026-07-02|2026-07-06|2026-07-07|2026-07-08|2026-07-09|2026-07-10|2026-07-13|2026-07-15,2026-07-15 23:04:00,0.0
MYR Group,,2026-06-01|2026-06-02|2026-06-03|2026-06-04|2026-06-05|2026-06-08|2026-06-09|2026-06-10|2026-06-11|2026-06-12|2026-06-15|2026-06-16|2026-06-17|2026-06-18|2026-06-22|2026-06-23|2026-06-24|2026-06-25|2026-06-26|2026-06-29|2026-06-30|2026-07-01|2026-07-02|2026-07-06|2026-07-07|2026-07-08|2026-07-09|2026-07-10|2026-07-13|2026-07-15,2026-07-15 23:04:00,0.0
Deckers Outdoor,,2026-06-01|2026-06-02|2026-06-03|2026-06-04|2026-06-05|2026-06-08|2026-06-09|2026-06-10|2026-06-11|2026-06-12|2026-06-15|2026-06-16|2026-06-17|2026-06-18|2026-06-22|2026-06-23|2026-06-24|2026-06-25|2026-06-26|2026-06-29|2026-06-30|2026-07-01|2026-07-02|2026-07-06|2026-07-07|2026-07-08|2026-07-09|2026-07-10|2026-07-13|2026-07-15,2026-07-15 23:04:00,0.0
DexCom,,2026-06-01|2026-06-02|2026-06-03|2026-06-04|2026-06-05|2026-06-08|2026-06-09|2026-06-10|2026-06-11|2026-06-12|2026-06-15|2026-06-16|2026-06-17|2026-06-18|2026-06-22|2026-06-23|2026-06-24|2026-06-25|2026-06-26|2026-06-29|2026-06-30|2026-07-01|2026-07-02|2026-07-06|2026-07-07|2026-07-08|2026-07-09|2026-07-10|2026-07-13|2026-07-15,2026-07-15 23:04:00,0.0
MKS Instruments,,2026-06-01|2026-06-02|2026-06-03|2026-06-04|2026-06-05|2026-06-08|2026-06-09|2026-06-10|2026-06-11|2026-06-12|2026-06-15|2026-06-16|2026-06-17|2026-06-18|2026-06-22|2026-06-23|2026-06-24|2026-06-25|2026-06-26|2026-06-29|2026-06-30|2026-07-01|2026-07-02|2026-07-06|2026-07-07|2026-07-08|2026-07-09|2026-07-10|2026-07-13|2026-07-15,2026-07-15 23:04:00,0.0
VICI Properties,,2026-06-02|2026-06-03|2026-06-04|2026-06-05|2026-06-08|2026-06-09|2026-06-10|2026-06-11|2026-06-12|2026-06-15|2026-06-16|2026-06-17|2026-06-18|2026-06-22|2026-06-23|2026-06-24|2026-06-25|2026-06-26|2026-06-29|2026-06-30|2026-07-01|2026-07-02|2026-07-06|2026-07-07|2026-07-08|2026-07-09|2026-07-10|2026-07-13|2026-07-14|2026-07-15,2026-07-15 23:04:00,0.0
Cooper Cos,,2026-06-01|2026-06-02|2026-06-03|2026-06-04|2026-06-05|2026-06-08|2026-06-09|2026-06-10|2026-06-11|2026-06-12|2026-06-15|2026-06-16|2026-06-17|2026-06-18|2026-06-22|2026-06-23|2026-06-24|2026-06-25|2026-06-26|2026-06-29|2026-06-30|2026-07-01|2026-07-02|2026-07-06|2026-07-07|2026-07-08|2026-07-09|2026-07-10|2026-07-13|2026-07-15,2026-07-15 23:04:00,0.0
Frontier Airlines,,2026-06-02|2026-06-03|2026-06-04|2026-06-05|2026-06-08|2026-06-09|2026-06-10|2026-06-11|2026-06-12|2026-06-15|2026-06-16|2026-06-17|2026-06-18|2026-06-22|2026-06-23|2026-06-24|2026-06-25|2026-06-26|2026-06-29|2026-06-30|2026-07-01|2026-07-02|2026-07-06|2026-07-07|2026-07-08|2026-07-09|2026-07-10|2026-07-13|2026-07-14|2026-07-15,2026-07-15 23:04:00,0.0
Qorvo,,2026-06-02|2026-06-03|2026-06-04|2026-06-05|2026-06-08|2026-06-09|2026-06-10|2026-06-11|2026-06-12|2026-06-15|2026-06-16|2026-06-17|2026-06-18|2026-06-22|2026-06-23|2026-06-24|2026-06-25|2026-06-26|2026-06-29|2026-06-30|2026-07-01|2026-07-02|2026-07-06|2026-07-07|2026-07-08|2026-07-09|2026-07-10|2026-07-13|2026-07-14|2026-07-15,2026-07-15 23:04:00,0.0
Five Below,,2026-06-02|2026-06-03|2026-06-04|2026-06-05|2026-06-08|2026-06-09|2026-06-10|2026-06-11|2026-06-12|2026-06-15|2026-06-16|2026-06-17|2026-06-18|2026-06-22|2026-06-23|2026-06-24|2026-06-25|2026-06-26|2026-06-29|2026-06-30|2026-07-01|2026-07-02|2026-07-06|2026-07-07|2026-07-08|2026-07-09|2026-07-10|2026-07-13|2026-07-14|2026-07-15,2026-07-15 23:04:00,0.0
Scotts Miracle-Gro,,2026-06-01|2026-06-02|2026-06-03|2026-06-04|2026-06-05|2026-06-08|2026-06-09|2026-06-10|2026-06-11|2026-06-12|2026-06-15|2026-06-16|2026-06-17|2026-06-18|2026-06-22|2026-06-23|2026-06-24|2026-06-25|2026-06-26|2026-06-29|2026-06-30|2026-07-01|2026-07-02|2026-07-06|2026-07-07|2026-07-08|2026-07-09|2026-07-10|2026-07-13|2026-07-15,2026-07-15 23:04:00,0.0
Atlassian,,2026-06-02|2026-06-03|2026-06-04|2026-06-05|2026-06-08|2026-06-09|2026-06-10|2026-06-11|2026-06-12|2026-06-15|2026-06-16|2026-06-17|2026-06-18|2026-06-22|2026-06-23|2026-06-24|2026-06-25|2026-06-26|2026-06-29|2026-06-30|2026-07-01|2026-07-02|2026-07-06|2026-07-07|2026-07-08|2026-07-09|2026-07-10|2026-07-13|2026-07-14|2026-07-15,2026-07-15 23:04:00,0.0
Entegris,,2026-06-01|2026-06-02|2026-06-03|2026-06-04|2026-06-05|2026-06-08|2026-06-09|2026-06-10|2026-06-11|2026-06-12|2026-06-15|2026-06-16|2026-06-17|2026-06-18|2026-06-22|2026-06-23|2026-06-24|2026-06-25|2026-06-26|2026-06-29|2026-06-30|2026-07-01|2026-07-02|2026-07-06|2026-07-07|2026-07-08|2026-07-09|2026-07-10|2026-07-13|2026-07-15,2026-07-15 23:04:00,0.0
Atkore,,2026-06-02|2026-06-03|2026-06-04|2026-06-05|2026-06-08|2026-06-09|2026-06-10|2026-06-11|2026-06-12|2026-06-15|2026-06-16|2026-06-17|2026-06-18|2026-06-22|2026-06-23|2026-06-24|2026-06-25|2026-06-26|2026-06-29|2026-06-30|2026-07-01|2026-07-02|2026-07-06|2026-07-07|2026-07-08|2026-07-09|2026-07-10|2026-07-13|2026-07-14|2026-07-15,2026-07-15 23:04:00,0.0
HB Fuller,,2026-06-01|2026-06-02|2026-06-03|2026-06-04|2026-06-05|2026-06-08|2026-06-09|2026-06-10|2026-06-11|2026-06-12|2026-06-15|2026-06-16|2026-06-17|2026-06-18|2026-06-22|2026-06-23|2026-06-24|2026-06-25|2026-06-26|2026-06-29|2026-06-30|2026-07-01|2026-07-02|2026-07-06|2026-07-07|2026-07-08|2026-07-09|2026-07-10|2026-07-13|2026-07-15,2026-07-15 23:04:00,0.0
Granite Construction,,2026-06-01|2026-06-02|2026-06-03|2026-06-04|2026-06-05|2026-06-08|2026-06-09|2026-06-10|2026-06-11|2026-06-12|2026-06-15|2026-06-16|2026-06-17|2026-06-18|2026-06-22|2026-06-23|2026-06-24|2026-06-25|2026-06-26|2026-06-29|2026-06-30|2026-07-01|2026-07-02|2026-07-06|2026-07-07|2026-07-08|2026-07-09|2026-07-10|2026-07-13|2026-07-15,2026-07-15 23:04:00,0.0
Winnebago Industries,,2026-06-01|2026-06-02|2026-06-03|2026-06-04|2026-06-05|2026-06-08|2026-06-09|2026-06-10|2026-06-11|2026-06-12|2026-06-15|2026-06-16|2026-06-17|2026-06-18|2026-06-22|2026-06-23|2026-06-24|2026-06-25|2026-06-26|2026-06-29|2026-06-30|2026-07-01|2026-07-02|2026-07-06|2026-07-07|2026-07-08|2026-07-09|2026-07-10|2026-07-13|2026-07-15,2026-07-15 23:04:00,0.0
FTI Consulting,,2026-06-01|2026-06-02|2026-06-03|2026-06-04|2026-06-05|2026-06-08|2026-06-09|2026-06-10|2026-06-11|2026-06-12|2026-06-15|2026-06-16|2026-06-17|2026-06-18|2026-06-22|2026-06-23|2026-06-24|2026-06-25|2026-06-26|2026-06-29|2026-06-30|2026-07-01|2026-07-02|2026-07-06|2026-07-07|2026-07-08|2026-07-09|2026-07-10|2026-07-13|2026-07-15,2026-07-15 23:04:00,0.0
AptarGroup,,2026-06-01|2026-06-02|2026-06-03|2026-06-04|2026-06-05|2026-06-08|2026-06-09|2026-06-10|2026-06-11|2026-06-12|2026-06-15|2026-06-16|2026-06-17|2026-06-18|2026-06-22|2026-06-23|2026-06-24|2026-06-25|2026-06-26|2026-06-29|2026-06-30|2026-07-01|2026-07-02|2026-07-06|2026-07-07|2026-07-08|2026-07-09|2026-07-10|2026-07-13|2026-07-15,2026-07-15 23:04:00,0.0
Columbia Sportswear,,2026-06-01|2026-06-02|2026-06-03|2026-06-04|2026-06-05|2026-06-08|2026-06-09|2026-06-10|2026-06-11|2026-06-12|2026-06-15|2026-06-16|2026-06-17|2026-06-18|2026-06-22|2026-06-23|2026-06-24|2026-06-25|2026-06-26|2026-06-29|2026-06-30|2026-07-01|2026-07-02|2026-07-06|2026-07-07|2026-07-08|2026-07-09|2026-07-10|2026-07-13|2026-07-15,2026-07-15 23:04:00,0.0
Roku,,2026-06-02|2026-06-03|2026-06-04|2026-06-05|2026-06-08|2026-06-09|2026-06-10|2026-06-11|2026-06-12|2026-06-15|2026-06-16|2026-06-17|2026-06-18|2026-06-22|2026-06-23|2026-06-24|2026-06-25|2026-06-26|2026-06-29|2026-06-30|2026-07-01|2026-07-02|2026-07-06|2026-07-07|2026-07-08|2026-07-09|2026-07-10|2026-07-13|2026-07-14|2026-07-15,2026-07-15 23:04:00,0.0
Alpha Metallurgical Resources,,2026-06-02|2026-06-03|2026-06-04|2026-06-05|2026-06-08|2026-06-09|2026-06-10|2026-06-11|2026-06-12|2026-06-15|2026-06-16|2026-06-17|2026-06-18|2026-06-22|2026-06-23|2026-06-24|2026-06-25|2026-06-26|2026-06-29|2026-06-30|2026-07-01|2026-07-02|2026-07-06|2026-07-07|2026-07-08|2026-07-09|2026-07-10|2026-07-13|2026-07-14|2026-07-15,2026-07-15 23:04:00,0.0
Patrick Industries,,2026-06-01|2026-06-02|2026-06-03|2026-06-04|2026-06-05|2026-06-08|2026-06-09|2026-06-10|2026-06-11|2026-06-12|2026-06-15|2026-06-16|2026-06-17|2026-06-18|2026-06-22|2026-06-23|2026-06-24|2026-06-25|2026-06-26|2026-06-29|2026-06-30|2026-07-01|2026-07-02|2026-07-06|2026-07-07|2026-07-08|2026-07-09|2026-07-10|2026-07-13|2026-07-15,2026-07-15 23:04:00,0.0
Murphy Oil,,2026-06-01|2026-06-02|2026-06-03|2026-06-04|2026-06-05|2026-06-08|2026-06-09|2026-06-10|2026-06-11|2026-06-12|2026-06-15|2026-06-16|2026-06-17|2026-06-18|2026-06-22|2026-06-23|2026-06-24|2026-06-25|2026-06-26|2026-06-29|2026-06-30|2026-07-01|2026-07-02|2026-07-06|2026-07-07|2026-07-08|2026-07-09|2026-07-10|2026-07-13|2026-07-15,2026-07-15 23:04:00,0.0
Cracker Barrel Old Country Store,,2026-06-01|2026-06-02|2026-06-03|2026-06-04|2026-06-05|2026-06-08|2026-06-09|2026-06-10|2026-06-11|2026-06-12|2026-06-15|2026-06-16|2026-06-17|2026-06-18|2026-06-22|2026-06-23|2026-06-24|2026-06-25|2026-06-26|2026-06-29|2026-06-30|2026-07-01|2026-07-02|2026-07-06|2026-07-07|2026-07-08|2026-07-09|2026-07-10|2026-07-13|2026-07-15,2026-07-15 23:04:00,0.0
Cheesecake Factory,,2026-06-01|2026-06-02|2026-06-03|2026-06-04|2026-06-05|2026-06-08|2026-06-09|2026-06-10|2026-06-11|2026-06-12|2026-06-15|2026-06-16|2026-06-17|2026-06-18|2026-06-22|2026-06-23|2026-06-24|2026-06-25|2026-06-26|2026-06-29|2026-06-30|2026-07-01|2026-07-02|2026-07-06|2026-07-07|2026-07-08|2026-07-09|2026-07-10|2026-07-13|2026-07-15,2026-07-15 23:04:00,0.0
CNX Resources,,2026-06-01|2026-06-02|2026-06-03|2026-06-04|2026-06-05|2026-06-08|2026-06-09|2026-06-10|2026-06-11|2026-06-12|2026-06-15|2026-06-16|2026-06-17|2026-06-18|2026-06-22|2026-06-23|2026-06-24|2026-06-25|2026-06-26|2026-06-29|2026-06-30|2026-07-01|2026-07-02|2026-07-06|2026-07-07|2026-07-08|2026-07-09|2026-07-10|2026-07-13|2026-07-15,2026-07-15 23:04:00,0.0
Chefs Warehouse,,2026-06-01|2026-06-02|2026-06-03|2026-06-04|2026-06-05|2026-06-08|2026-06-09|2026-06-10|2026-06-11|2026-06-12|2026-06-15|2026-06-16|2026-06-17|2026-06-18|2026-06-22|2026-06-23|2026-06-24|2026-06-25|2026-06-26|2026-06-29|2026-06-30|2026-07-01|2026-07-02|2026-07-06|2026-07-07|2026-07-08|2026-07-09|2026-07-10|2026-07-13|2026-07-15,2026-07-15 23:04:00,0.0
Donaldson Company,,2026-06-01|2026-06-02|2026-06-03|2026-06-04|2026-06-05|2026-06-08|2026-06-09|2026-06-10|2026-06-11|2026-06-12|2026-06-15|2026-06-16|2026-06-17|2026-06-18|2026-06-22|2026-06-23|2026-06-24|2026-06-25|2026-06-26|2026-06-29|2026-06-30|2026-07-01|2026-07-02|2026-07-06|2026-07-07|2026-07-08|2026-07-09|2026-07-10|2026-07-13|2026-07-15,2026-07-15 23:04:00,0.0
Mueller Industries,,2026-06-01|2026-06-02|2026-06-03|2026-06-04|2026-06-05|2026-06-08|2026-06-09|2026-06-10|2026-06-11|2026-06-12|2026-06-15|2026-06-16|2026-06-17|2026-06-18|2026-06-22|2026-06-23|2026-06-24|2026-06-25|2026-06-26|2026-06-29|2026-06-30|2026-07-01|2026-07-02|2026-07-06|2026-07-07|2026-07-08|2026-07-09|2026-07-10|2026-07-13|2026-07-15,2026-07-15 23:04:00,0.0
Chart Industries,,2026-06-01|2026-06-02|2026-06-03|2026-06-04|2026-06-05|2026-06-08|2026-06-09|2026-06-10|2026-06-11|2026-06-12|2026-06-15|2026-06-16|2026-06-17|2026-06-18|2026-06-22|2026-06-23|2026-06-24|2026-06-25|2026-06-26|2026-06-29|2026-06-30|2026-07-01|2026-07-02|2026-07-06|2026-07-07|2026-07-08|2026-07-09|2026-07-10|2026-07-13|2026-07-15,2026-07-15 23:04:00,0.0
Alight Solutions,,2026-06-02|2026-06-03|2026-06-04|2026-06-05|2026-06-08|2026-06-09|2026-06-10|2026-06-11|2026-06-12|2026-06-15|2026-06-16|2026-06-17|2026-06-18|2026-06-22|2026-06-23|2026-06-24|2026-06-25|2026-06-26|2026-06-29|2026-06-30|2026-07-01|2026-07-02|2026-07-06|2026-07-07|2026-07-08|2026-07-09|2026-07-10|2026-07-13|2026-07-14|2026-07-15,2026-07-15 23:04:00,0.0
Vishay Intertechnology,,2026-06-01|2026-06-02|2026-06-03|2026-06-04|2026-06-05|2026-06-08|2026-06-09|2026-06-10|2026-06-11|2026-06-12|2026-06-15|2026-06-16|2026-06-17|2026-06-18|2026-06-22|2026-06-23|2026-06-24|2026-06-25|2026-06-26|2026-06-29|2026-06-30|2026-07-01|2026-07-02|2026-07-06|2026-07-07|2026-07-08|2026-07-09|2026-07-10|2026-07-13|2026-07-15,2026-07-15 23:04:00,0.0
Range Resources,,2026-06-01|2026-06-02|2026-06-03|2026-06-04|2026-06-05|2026-06-08|2026-06-09|2026-06-10|2026-06-11|2026-06-12|2026-06-15|2026-06-16|2026-06-17|2026-06-18|2026-06-22|2026-06-23|2026-06-24|2026-06-25|2026-06-26|2026-06-29|2026-06-30|2026-07-01|2026-07-02|2026-07-06|2026-07-07|2026-07-08|2026-07-09|2026-07-10|2026-07-13|2026-07-15,2026-07-15 23:04:00,0.0
Valley National Bancorp,,2026-06-01|2026-06-02|2026-06-03|2026-06-04|2026-06-05|2026-06-08|2026-06-09|2026-06-10|2026-06-11|2026-06-12|2026-06-15|2026-06-16|2026-06-17|2026-06-18|2026-06-22|2026-06-23|2026-06-24|2026-06-25|2026-06-26|2026-06-29|2026-06-30|2026-07-01|2026-07-02|2026-07-06|2026-07-07|2026-07-08|2026-07-09|2026-07-10|2026-07-13|2026-07-15,2026-07-15 23:04:00,0.0
Match Group,,2026-06-01|2026-06-02|2026-06-03|2026-06-04|2026-06-05|2026-06-08|2026-06-09|2026-06-10|2026-06-11|2026-06-12|2026-06-15|2026-06-16|2026-06-17|2026-06-18|2026-06-22|2026-06-23|2026-06-24|2026-06-25|2026-06-26|2026-06-29|2026-06-30|2026-07-01|2026-07-02|2026-07-06|2026-07-07|2026-07-08|2026-07-09|2026-07-10|2026-07-13|2026-07-15,2026-07-15 23:04:00,0.0
Gen Digital,,2026-06-01|2026-06-02|2026-06-03|2026-06-04|2026-06-05|2026-06-08|2026-06-09|2026-06-10|2026-06-11|2026-06-12|2026-06-15|2026-06-16|2026-06-17|2026-06-18|2026-06-22|2026-06-23|2026-06-24|2026-06-25|2026-06-26|2026-06-29|2026-06-30|2026-07-01|2026-07-02|2026-07-06|2026-07-07|2026-07-08|2026-07-09|2026-07-10|2026-07-13|2026-07-15,2026-07-15 23:04:00,0.0
Wintrust Financial,,2026-06-01|2026-06-02|2026-06-03|2026-06-04|2026-06-05|2026-06-08|2026-06-09|2026-06-10|2026-06-11|2026-06-12|2026-06-15|2026-06-16|2026-06-17|2026-06-18|2026-06-22|2026-06-23|2026-06-24|2026-06-25|2026-06-26|2026-06-29|2026-06-30|2026-07-01|2026-07-02|2026-07-06|2026-07-07|2026-07-08|2026-07-09|2026-07-10|2026-07-13|2026-07-15,2026-07-15 23:04:00,0.0
First Solar,,2026-06-01|2026-06-02|2026-06-03|2026-06-04|2026-06-05|2026-06-08|2026-06-09|2026-06-10|2026-06-11|2026-06-12|2026-06-15|2026-06-16|2026-06-17|2026-06-18|2026-06-22|2026-06-23|2026-06-24|2026-06-25|2026-06-26|2026-06-29|2026-06-30|2026-07-01|2026-07-02|2026-07-06|2026-07-07|2026-07-08|2026-07-09|2026-07-10|2026-07-13|2026-07-15,2026-07-15 23:04:00,0.0
Central Garden & Pet,,2026-06-01|2026-06-02|2026-06-03|2026-06-04|2026-06-05|2026-06-08|2026-06-09|2026-06-10|2026-06-11|2026-06-12|2026-06-15|2026-06-16|2026-06-17|2026-06-18|2026-06-22|2026-06-23|2026-06-24|2026-06-25|2026-06-26|2026-06-29|2026-06-30|2026-07-01|2026-07-02|2026-07-06|2026-07-07|2026-07-08|2026-07-09|2026-07-10|2026-07-13|2026-07-15,2026-07-15 23:04:00,0.0
Green Plains Inc,,2026-06-01|2026-06-02|2026-06-03|2026-06-04|2026-06-05|2026-06-08|2026-06-09|2026-06-10|2026-06-11|2026-06-12|2026-06-15|2026-06-16|2026-06-17|2026-06-18|2026-06-22|2026-06-23|2026-06-24|2026-06-25|2026-06-26|2026-06-29|2026-06-30|2026-07-01|2026-07-02|2026-07-06|2026-07-07|2026-07-08|2026-07-09|2026-07-10|2026-07-13|2026-07-15,2026-07-15 23:04:00,0.0
Werner Enterprises,,2026-06-01|2026-06-02|2026-06-03|2026-06-04|2026-06-05|2026-06-08|2026-06-09|2026-06-10|2026-06-11|2026-06-12|2026-06-15|2026-06-16|2026-06-17|2026-06-18|2026-06-22|2026-06-23|2026-06-24|2026-06-25|2026-06-26|2026-06-29|2026-06-30|2026-07-01|2026-07-02|2026-07-06|2026-07-07|2026-07-08|2026-07-09|2026-07-10|2026-07-13|2026-07-15,2026-07-15 23:04:00,0.0
AppLovin,,2026-06-02|2026-06-03|2026-06-04|2026-06-05|2026-06-08|2026-06-09|2026-06-10|2026-06-11|2026-06-12|2026-06-15|2026-06-16|2026-06-17|2026-06-18|2026-06-22|2026-06-23|2026-06-24|2026-06-25|2026-06-26|2026-06-29|2026-06-30|2026-07-01|2026-07-02|2026-07-06|2026-07-07|2026-07-08|2026-07-09|2026-07-10|2026-07-13|2026-07-14|2026-07-15,2026-07-15 23:04:00,0.0
ITT,,2026-06-01|2026-06-02|2026-06-03|2026-06-04|2026-06-05|2026-06-08|2026-06-09|2026-06-10|2026-06-11|2026-06-12|2026-06-15|2026-06-16|2026-06-17|2026-06-18|2026-06-22|2026-06-23|2026-06-24|2026-06-25|2026-06-26|2026-06-29|2026-06-30|2026-07-01|2026-07-02|2026-07-06|2026-07-07|2026-07-08|2026-07-09|2026-07-10|2026-07-13|2026-07-15,2026-07-15 23:04:00,0.0
Herc Rentals,,2026-06-01|2026-06-02|2026-06-03|2026-06-04|2026-06-05|2026-06-08|2026-06-09|2026-06-10|2026-06-11|2026-06-12|2026-06-15|2026-06-16|2026-06-17|2026-06-18|2026-06-22|2026-06-23|2026-06-24|2026-06-25|2026-06-26|2026-06-29|2026-06-30|2026-07-01|2026-07-02|2026-07-06|2026-07-07|2026-07-08|2026-07-09|2026-07-10|2026-07-13|2026-07-15,2026-07-15 23:04:00,0.0
Gray Television,,2026-06-01|2026-06-02|2026-06-03|2026-06-04|2026-06-05|2026-06-08|2026-06-09|2026-06-10|2026-06-11|2026-06-12|2026-06-15|2026-06-16|2026-06-17|2026-06-18|2026-06-22|2026-06-23|2026-06-24|2026-06-25|2026-06-26|2026-06-29|2026-06-30|2026-07-01|2026-07-02|2026-07-06|2026-07-07|2026-07-08|2026-07-09|2026-07-10|2026-07-13|2026-07-15,2026-07-15 23:04:00,0.0
IDEX,,2026-06-01|2026-06-02|2026-06-03|2026-06-04|2026-06-05|2026-06-08|2026-06-09|2026-06-10|2026-06-11|2026-06-12|2026-06-15|2026-06-16|2026-06-17|2026-06-18|2026-06-22|2026-06-23|2026-06-24|2026-06-25|2026-06-26|2026-06-29|2026-06-30|2026-07-01|2026-07-02|2026-07-06|2026-07-07|2026-07-08|2026-07-09|2026-07-10|2026-07-13|2026-07-15,2026-07-15 23:04:00,0.0
Boston Properties,,2026-06-01|2026-06-02|2026-06-03|2026-06-04|2026-06-05|2026-06-08|2026-06-09|2026-06-10|2026-06-11|2026-06-12|2026-06-15|2026-06-16|2026-06-17|2026-06-18|2026-06-22|2026-06-23|2026-06-24|2026-06-25|2026-06-26|2026-06-29|2026-06-30|2026-07-01|2026-07-02|2026-07-06|2026-07-07|2026-07-08|2026-07-09|2026-07-10|2026-07-13|2026-07-15,2026-07-15 23:04:00,0.0
Pitney Bowes,,2026-06-01|2026-06-02|2026-06-03|2026-06-04|2026-06-05|2026-06-08|2026-06-09|2026-06-10|2026-06-11|2026-06-12|2026-06-15|2026-06-16|2026-06-17|2026-06-18|2026-06-22|2026-06-23|2026-06-24|2026-06-25|2026-06-26|2026-06-29|2026-06-30|2026-07-01|2026-07-02|2026-07-06|2026-07-07|2026-07-08|2026-07-09|2026-07-10|2026-07-13|2026-07-15,2026-07-15 23:04:00,0.0
Sun Communities,,2026-06-01|2026-06-02|2026-06-03|2026-06-04|2026-06-05|2026-06-08|2026-06-09|2026-06-10|2026-06-11|2026-06-12|2026-06-15|2026-06-16|2026-06-17|2026-06-18|2026-06-22|2026-06-23|2026-06-24|2026-06-25|2026-06-26|2026-06-29|2026-06-30|2026-07-01|2026-07-02|2026-07-06|2026-07-07|2026-07-08|2026-07-09|2026-07-10|2026-07-13|2026-07-15,2026-07-15 23:04:00,0.0
AdaptHealth,,2026-06-02|2026-06-03|2026-06-04|2026-06-05|2026-06-08|2026-06-09|2026-06-10|2026-06-11|2026-06-12|2026-06-15|2026-06-16|2026-06-17|2026-06-18|2026-06-22|2026-06-23|2026-06-24|2026-06-25|2026-06-26|2026-06-29|2026-06-30|2026-07-01|2026-07-02|2026-07-06|2026-07-07|2026-07-08|2026-07-09|2026-07-10|2026-07-13|2026-07-14|2026-07-15,2026-07-15 23:04:00,0.0
Genesis Energy,,2026-06-01|2026-06-02|2026-06-03|2026-06-04|2026-06-05|2026-06-08|2026-06-09|2026-06-10|2026-06-11|2026-06-12|2026-06-15|2026-06-16|2026-06-17|2026-06-18|2026-06-22|2026-06-23|2026-06-24|2026-06-25|2026-06-26|2026-06-29|2026-06-30|2026-07-01|2026-07-02|2026-07-06|2026-07-07|2026-07-08|2026-07-09|2026-07-10|2026-07-13|2026-07-15,2026-07-15 23:04:00,0.0
Jackson Financial,,2026-06-02|2026-06-03|2026-06-04|2026-06-05|2026-06-08|2026-06-09|2026-06-10|2026-06-11|2026-06-12|2026-06-15|2026-06-16|2026-06-17|2026-06-18|2026-06-22|2026-06-23|2026-06-24|2026-06-25|2026-06-26|2026-06-29|2026-06-30|2026-07-01|2026-07-02|2026-07-06|2026-07-07|2026-07-08|2026-07-09|2026-07-10|2026-07-13|2026-07-14|2026-07-15,2026-07-15 23:04:00,0.0
FirstCash,,2026-06-01|2026-06-02|2026-06-03|2026-06-04|2026-06-05|2026-06-08|2026-06-09|2026-06-10|2026-06-11|2026-06-12|2026-06-15|2026-06-16|2026-06-17|2026-06-18|2026-06-22|2026-06-23|2026-06-24|2026-06-25|2026-06-26|2026-06-29|2026-06-30|2026-07-01|2026-07-02|2026-07-06|2026-07-07|2026-07-08|2026-07-09|2026-07-10|2026-07-13|2026-07-15,2026-07-15 23:04:00,0.0
Cal-Maine Foods,,2026-06-01|2026-06-02|2026-06-03|2026-06-04|2026-06-05|2026-06-08|2026-06-09|2026-06-10|2026-06-11|2026-06-12|2026-06-15|2026-06-16|2026-06-17|2026-06-18|2026-06-22|2026-06-23|2026-06-24|2026-06-25|2026-06-26|2026-06-29|2026-06-30|2026-07-01|2026-07-02|2026-07-06|2026-07-07|2026-07-08|2026-07-09|2026-07-10|2026-07-13|2026-07-15,2026-07-15 23:04:00,0.0
Avient,,2026-06-01|2026-06-02|2026-06-03|2026-06-04|2026-06-05|2026-06-08|2026-06-09|2026-06-10|2026-06-11|2026-06-12|2026-06-15|2026-06-16|2026-06-17|2026-06-18|2026-06-22|2026-06-23|2026-06-24|2026-06-25|2026-06-26|2026-06-29|2026-06-30|2026-07-01|2026-07-02|2026-07-06|2026-07-07|2026-07-08|2026-07-09|2026-07-10|2026-07-13|2026-07-15,2026-07-15 23:04:00,0.0
BlueLinx,,2026-06-01|2026-06-02|2026-06-03|2026-06-04|2026-06-05|2026-06-08|2026-06-09|2026-06-10|2026-06-11|2026-06-12|2026-06-15|2026-06-16|2026-06-17|2026-06-18|2026-06-22|2026-06-23|2026-06-24|2026-06-25|2026-06-26|2026-06-29|2026-06-30|2026-07-01|2026-07-02|2026-07-06|2026-07-07|2026-07-08|2026-07-09|2026-07-10|2026-07-13|2026-07-15,2026-07-15 23:04:00,0.0
Sinclair,,2026-06-01|2026-06-02|2026-06-03|2026-06-04|2026-06-05|2026-06-08|2026-06-09|2026-06-10|2026-06-11|2026-06-12|2026-06-15|2026-06-16|2026-06-17|2026-06-18|2026-06-22|2026-06-23|2026-06-24|2026-06-25|2026-06-26|2026-06-29|2026-06-30|2026-07-01|2026-07-02|2026-07-06|2026-07-07|2026-07-08|2026-07-09|2026-07-10|2026-07-13|2026-07-15,2026-07-15 23:04:00,0.0
BOK Financial,,2026-06-01|2026-06-02|2026-06-03|2026-06-04|2026-06-05|2026-06-08|2026-06-09|2026-06-10|2026-06-11|2026-06-12|2026-06-15|2026-06-16|2026-06-17|2026-06-18|2026-06-22|2026-06-23|2026-06-24|2026-06-25|2026-06-26|2026-06-29|2026-06-30|2026-07-01|2026-07-02|2026-07-06|2026-07-07|2026-07-08|2026-07-09|2026-07-10|2026-07-13|2026-07-15,2026-07-15 23:04:00,0.0
Permian Resources,,2026-06-02|2026-06-03|2026-06-04|2026-06-05|2026-06-08|2026-06-09|2026-06-10|2026-06-11|2026-06-12|2026-06-15|2026-06-16|2026-06-17|2026-06-18|2026-06-22|2026-06-23|2026-06-24|2026-06-25|2026-06-26|2026-06-29|2026-06-30|2026-07-01|2026-07-02|2026-07-06|2026-07-07|2026-07-08|2026-07-09|2026-07-10|2026-07-13|2026-07-14|2026-07-15,2026-07-15 23:04:00,0.0
PACS Group,,2026-06-02|2026-06-03|2026-06-04|2026-06-05|2026-06-08|2026-06-09|2026-06-10|2026-06-11|2026-06-12|2026-06-15|2026-06-16|2026-06-17|2026-06-18|2026-06-22|2026-06-23|2026-06-24|2026-06-25|2026-06-26|2026-06-29|2026-06-30|2026-07-01|2026-07-02|2026-07-06|2026-07-07|2026-07-08|2026-07-09|2026-07-10|2026-07-13|2026-07-14|2026-07-15,2026-07-15 23:04:00,0.0
Coinbase Global,,2026-06-02|2026-06-03|2026-06-04|2026-06-05|2026-06-08|2026-06-09|2026-06-10|2026-06-11|2026-06-12|2026-06-15|2026-06-16|2026-06-17|2026-06-18|2026-06-22|2026-06-23|2026-06-24|2026-06-25|2026-06-26|2026-06-29|2026-06-30|2026-07-01|2026-07-02|2026-07-06|2026-07-07|2026-07-08|2026-07-09|2026-07-10|2026-07-13|2026-07-14|2026-07-15,2026-07-15 23:04:00,0.0
Western Midstream Partners,,2026-06-02|2026-06-03|2026-06-04|2026-06-05|2026-06-08|2026-06-09|2026-06-10|2026-06-11|2026-06-12|2026-06-15|2026-06-16|2026-06-17|2026-06-18|2026-06-22|2026-06-23|2026-06-24|2026-06-25|2026-06-26|2026-06-29|2026-06-30|2026-07-01|2026-07-02|2026-07-06|2026-07-07|2026-07-08|2026-07-09|2026-07-10|2026-07-13|2026-07-14|2026-07-15,2026-07-15 23:04:00,0.0
G-III Apparel Group,,2026-06-01|2026-06-02|2026-06-03|2026-06-04|2026-06-05|2026-06-08|2026-06-09|2026-06-10|2026-06-11|2026-06-12|2026-06-15|2026-06-16|2026-06-17|2026-06-18|2026-06-22|2026-06-23|2026-06-24|2026-06-25|2026-06-26|2026-06-29|2026-06-30|2026-07-01|2026-07-02|2026-07-06|2026-07-07|2026-07-08|2026-07-09|2026-07-10|2026-07-13|2026-07-15,2026-07-15 23:04:00,0.0
Vontier,,2026-06-02|2026-06-03|2026-06-04|2026-06-05|2026-06-08|2026-06-09|2026-06-10|2026-06-11|2026-06-12|2026-06-15|2026-06-16|2026-06-17|2026-06-18|2026-06-22|2026-06-23|2026-06-24|2026-06-25|2026-06-26|2026-06-29|2026-06-30|2026-07-01|2026-07-02|2026-07-06|2026-07-07|2026-07-08|2026-07-09|2026-07-10|2026-07-13|2026-07-14|2026-07-15,2026-07-15 23:04:00,0.0
Matson Inc,,2026-06-01|2026-06-02|2026-06-03|2026-06-04|2026-06-05|2026-06-08|2026-06-09|2026-06-10|2026-06-11|2026-06-12|2026-06-15|2026-06-16|2026-06-17|2026-06-18|2026-06-22|2026-06-23|2026-06-24|2026-06-25|2026-06-26|2026-06-29|2026-06-30|2026-07-01|2026-07-02|2026-07-06|2026-07-07|2026-07-08|2026-07-09|2026-07-10|2026-07-13|2026-07-15,2026-07-15 23:04:00,0.0
Kirby Corporation,,2026-06-01|2026-06-02|2026-06-03|2026-06-04|2026-06-05|2026-06-08|2026-06-09|2026-06-10|2026-06-11|2026-06-12|2026-06-15|2026-06-16|2026-06-17|2026-06-18|2026-06-22|2026-06-23|2026-06-24|2026-06-25|2026-06-26|2026-06-29|2026-06-30|2026-07-01|2026-07-02|2026-07-06|2026-07-07|2026-07-08|2026-07-09|2026-07-10|2026-07-13|2026-07-15,2026-07-15 23:04:00,0.0
Kaiser Aluminum,,2026-06-01|2026-06-02|2026-06-03|2026-06-04|2026-06-05|2026-06-08|2026-06-09|2026-06-10|2026-06-11|2026-06-12|2026-06-15|2026-06-16|2026-06-17|2026-06-18|2026-06-22|2026-06-23|2026-06-24|2026-06-25|2026-06-26|2026-06-29|2026-06-30|2026-07-01|2026-07-02|2026-07-06|2026-07-07|2026-07-08|2026-07-09|2026-07-10|2026-07-13|2026-07-15,2026-07-15 23:04:00,0.0
Designer Brands Inc,,2026-06-01|2026-06-02|2026-06-03|2026-06-04|2026-06-05|2026-06-08|2026-06-09|2026-06-10|2026-06-11|2026-06-12|2026-06-15|2026-06-16|2026-06-17|2026-06-18|2026-06-22|2026-06-23|2026-06-24|2026-06-25|2026-06-26|2026-06-29|2026-06-30|2026-07-01|2026-07-02|2026-07-06|2026-07-07|2026-07-08|2026-07-09|2026-07-10|2026-07-13|2026-07-15,2026-07-15 23:04:00,0.0
Rollins Inc,,2026-06-01|2026-06-02|2026-06-03|2026-06-04|2026-06-05|2026-06-08|2026-06-09|2026-06-10|2026-06-11|2026-06-12|2026-06-15|2026-06-16|2026-06-17|2026-06-18|2026-06-22|2026-06-23|2026-06-24|2026-06-25|2026-06-26|2026-06-29|2026-06-30|2026-07-01|2026-07-02|2026-07-06|2026-07-07|2026-07-08|2026-07-09|2026-07-10|2026-07-13|2026-07-15,2026-07-15 23:04:00,0.0
Advanced Drainage Systems,,2026-06-02|2026-06-03|2026-06-04|2026-06-05|2026-06-08|2026-06-09|2026-06-10|2026-06-11|2026-06-12|2026-06-15|2026-06-16|2026-06-17|2026-06-18|2026-06-22|2026-06-23|2026-06-24|2026-06-25|2026-06-26|2026-06-29|2026-06-30|2026-07-01|2026-07-02|2026-07-06|2026-07-07|2026-07-08|2026-07-09|2026-07-10|2026-07-13|2026-07-14|2026-07-15,2026-07-15 23:04:00,0.0
Cinemark,,2026-06-01|2026-06-02|2026-06-03|2026-06-04|2026-06-05|2026-06-08|2026-06-09|2026-06-10|2026-06-11|2026-06-12|2026-06-15|2026-06-16|2026-06-17|2026-06-18|2026-06-22|2026-06-23|2026-06-24|2026-06-25|2026-06-26|2026-06-29|2026-06-30|2026-07-01|2026-07-02|2026-07-06|2026-07-07|2026-07-08|2026-07-09|2026-07-10|2026-07-13|2026-07-15,2026-07-15 23:04:00,0.0
CrowdStrike,,2026-06-02|2026-06-03|2026-06-04|2026-06-05|2026-06-08|2026-06-09|2026-06-10|2026-06-11|2026-06-12|2026-06-15|2026-06-16|2026-06-17|2026-06-18|2026-06-22|2026-06-23|2026-06-24|2026-06-25|2026-06-26|2026-06-29|2026-06-30|2026-07-01|2026-07-02|2026-07-06|2026-07-07|2026-07-08|2026-07-09|2026-07-10|2026-07-13|2026-07-14|2026-07-15,2026-07-15 23:04:00,0.0
Pinterest,,2026-06-02|2026-06-03|2026-06-04|2026-06-05|2026-06-08|2026-06-09|2026-06-10|2026-06-11|2026-06-12|2026-06-15|2026-06-16|2026-06-17|2026-06-18|2026-06-22|2026-06-23|2026-06-24|2026-06-25|2026-06-26|2026-06-29|2026-06-30|2026-07-01|2026-07-02|2026-07-06|2026-07-07|2026-07-08|2026-07-09|2026-07-10|2026-07-13|2026-07-14|2026-07-15,2026-07-15 23:04:00,0.0
Instacart,,2026-06-02|2026-06-03|2026-06-04|2026-06-05|2026-06-08|2026-06-09|2026-06-10|2026-06-11|2026-06-12|2026-06-15|2026-06-16|2026-06-17|2026-06-18|2026-06-22|2026-06-23|2026-06-24|2026-06-25|2026-06-26|2026-06-29|2026-06-30|2026-07-01|2026-07-02|2026-07-06|2026-07-07|2026-07-08|2026-07-09|2026-07-10|2026-07-13|2026-07-14|2026-07-15,2026-07-15 23:04:00,0.0
Allison Transmission,,2026-06-02|2026-06-03|2026-06-04|2026-06-05|2026-06-08|2026-06-09|2026-06-10|2026-06-11|2026-06-12|2026-06-15|2026-06-16|2026-06-17|2026-06-18|2026-06-22|2026-06-23|2026-06-24|2026-06-25|2026-06-26|2026-06-29|2026-06-30|2026-07-01|2026-07-02|2026-07-06|2026-07-07|2026-07-08|2026-07-09|2026-07-10|2026-07-13|2026-07-14|2026-07-15,2026-07-15 23:04:00,0.0
Restoration Hardware,,2026-06-02|2026-06-03|2026-06-04|2026-06-05|2026-06-08|2026-06-09|2026-06-10|2026-06-11|2026-06-12|2026-06-15|2026-06-16|2026-06-17|2026-06-18|2026-06-22|2026-06-23|2026-06-24|2026-06-25|2026-06-26|2026-06-29|2026-06-30|2026-07-01|2026-07-02|2026-07-06|2026-07-07|2026-07-08|2026-07-09|2026-07-10|2026-07-13|2026-07-14|2026-07-15,2026-07-15 23:04:00,0.0
Brookdale Senior Living,,2026-06-01|2026-06-02|2026-06-03|2026-06-04|2026-06-05|2026-06-08|2026-06-09|2026-06-10|2026-06-11|2026-06-12|2026-06-15|2026-06-16|2026-06-17|2026-06-18|2026-06-22|2026-06-23|2026-06-24|2026-06-25|2026-06-26|2026-06-29|2026-06-30|2026-07-01|2026-07-02|2026-07-06|2026-07-07|2026-07-08|2026-07-09|2026-07-10|2026-07-13|2026-07-15,2026-07-15 23:04:00,0.0
QuidelOrtho,,2026-06-01|2026-06-02|2026-06-03|2026-06-04|2026-06-05|2026-06-08|2026-06-09|2026-06-10|2026-06-11|2026-06-12|2026-06-15|2026-06-16|2026-06-17|2026-06-18|2026-06-22|2026-06-23|2026-06-24|2026-06-25|2026-06-26|2026-06-29|2026-06-30|2026-07-01|2026-07-02|2026-07-06|2026-07-07|2026-07-08|2026-07-09|2026-07-10|2026-07-13|2026-07-15,2026-07-15 23:04:00,0.0
Trinity Industries,,2026-06-01|2026-06-02|2026-06-03|2026-06-04|2026-06-05|2026-06-08|2026-06-09|2026-06-10|2026-06-11|2026-06-12|2026-06-15|2026-06-16|2026-06-17|2026-06-18|2026-06-22|2026-06-23|2026-06-24|2026-06-25|2026-06-26|2026-06-29|2026-06-30|2026-07-01|2026-07-02|2026-07-06|2026-07-07|2026-07-08|2026-07-09|2026-07-10|2026-07-13|2026-07-15,2026-07-15 23:04:00,0.0
Teleflex,,2026-06-01|2026-06-02|2026-06-03|2026-06-04|2026-06-05|2026-06-08|2026-06-09|2026-06-10|2026-06-11|2026-06-12|2026-06-15|2026-06-16|2026-06-17|2026-06-18|2026-06-22|2026-06-23|2026-06-24|2026-06-25|2026-06-26|2026-06-29|2026-06-30|2026-07-01|2026-07-02|2026-07-06|2026-07-07|2026-07-08|2026-07-09|2026-07-10|2026-07-13|2026-07-15,2026-07-15 23:04:00,0.0
HEICO,,2026-06-01|2026-06-02|2026-06-03|2026-06-04|2026-06-05|2026-06-08|2026-06-09|2026-06-10|2026-06-11|2026-06-12|2026-06-15|2026-06-16|2026-06-17|2026-06-18|2026-06-22|2026-06-23|2026-06-24|2026-06-25|2026-06-26|2026-06-29|2026-06-30|2026-07-01|2026-07-02|2026-07-06|2026-07-07|2026-07-08|2026-07-09|2026-07-10|2026-07-13|2026-07-15,2026-07-15 23:04:00,0.0
Bruker,,2026-06-01|2026-06-02|2026-06-03|2026-06-04|2026-06-05|2026-06-08|2026-06-09|2026-06-10|2026-06-11|2026-06-12|2026-06-15|2026-06-16|2026-06-17|2026-06-18|2026-06-22|2026-06-23|2026-06-24|2026-06-25|2026-06-26|2026-06-29|2026-06-30|2026-07-01|2026-07-02|2026-07-06|2026-07-07|2026-07-08|2026-07-09|2026-07-10|2026-07-13|2026-07-15,2026-07-15 23:04:00,0.0
Carlyle Group,,2026-06-02|2026-06-03|2026-06-04|2026-06-05|2026-06-08|2026-06-09|2026-06-10|2026-06-11|2026-06-12|2026-06-15|2026-06-16|2026-06-17|2026-06-18|2026-06-22|2026-06-23|2026-06-24|2026-06-25|2026-06-26|2026-06-29|2026-06-30|2026-07-01|2026-07-02|2026-07-06|2026-07-07|2026-07-08|2026-07-09|2026-07-10|2026-07-13|2026-07-14|2026-07-15,2026-07-15 23:04:00,0.0
Energizer Holdings,,2026-06-02|2026-06-03|2026-06-04|2026-06-05|2026-06-08|2026-06-09|2026-06-10|2026-06-11|2026-06-12|2026-06-15|2026-06-16|2026-06-17|2026-06-18|2026-06-22|2026-06-23|2026-06-24|2026-06-25|2026-06-26|2026-06-29|2026-06-30|2026-07-01|2026-07-02|2026-07-06|2026-07-07|2026-07-08|2026-07-09|2026-07-10|2026-07-13|2026-07-14|2026-07-15,2026-07-15 23:04:00,0.0
Rackspace Technology,,2026-06-02|2026-06-03|2026-06-04|2026-06-05|2026-06-08|2026-06-09|2026-06-10|2026-06-11|2026-06-12|2026-06-15|2026-06-16|2026-06-17|2026-06-18|2026-06-22|2026-06-23|2026-06-24|2026-06-25|2026-06-26|2026-06-29|2026-06-30|2026-07-01|2026-07-02|2026-07-06|2026-07-07|2026-07-08|2026-07-09|2026-07-10|2026-07-13|2026-07-14|2026-07-15,2026-07-15 23:04:00,0.0
Waters Corporation,,2026-06-01|2026-06-02|2026-06-03|2026-06-04|2026-06-05|2026-06-08|2026-06-09|2026-06-10|2026-06-11|2026-06-12|2026-06-15|2026-06-16|2026-06-17|2026-06-18|2026-06-22|2026-06-23|2026-06-24|2026-06-25|2026-06-26|2026-06-29|2026-06-30|2026-07-01|2026-07-02|2026-07-06|2026-07-07|2026-07-08|2026-07-09|2026-07-10|2026-07-13|2026-07-15,2026-07-15 23:04:00,0.0
West Pharmaceutical Services,,2026-06-01|2026-06-02|2026-06-03|2026-06-04|2026-06-05|2026-06-08|2026-06-09|2026-06-10|2026-06-11|2026-06-12|2026-06-15|2026-06-16|2026-06-17|2026-06-18|2026-06-22|2026-06-23|2026-06-24|2026-06-25|2026-06-26|2026-06-29|2026-06-30|2026-07-01|2026-07-02|2026-07-06|2026-07-07|2026-07-08|2026-07-09|2026-07-10|2026-07-13|2026-07-15,2026-07-15 23:04:00,0.0
Carters Inc,,2026-06-01|2026-06-02|2026-06-03|2026-06-04|2026-06-05|2026-06-08|2026-06-09|2026-06-10|2026-06-11|2026-06-12|2026-06-15|2026-06-16|2026-06-17|2026-06-18|2026-06-22|2026-06-23|2026-06-24|2026-06-25|2026-06-26|2026-06-29|2026-06-30|2026-07-01|2026-07-02|2026-07-06|2026-07-07|2026-07-08|2026-07-09|2026-07-10|2026-07-13|2026-07-15,2026-07-15 23:04:00,0.0
SkyWest,,2026-06-01|2026-06-02|2026-06-03|2026-06-04|2026-06-05|2026-06-08|2026-06-09|2026-06-10|2026-06-11|2026-06-12|2026-06-15|2026-06-16|2026-06-17|2026-06-18|2026-06-22|2026-06-23|2026-06-24|2026-06-25|2026-06-26|2026-06-29|2026-06-30|2026-07-01|2026-07-02|2026-07-06|2026-07-07|2026-07-08|2026-07-09|2026-07-10|2026-07-13|2026-07-15,2026-07-15 23:04:00,0.0
Acadia Healthcare,,2026-06-01|2026-06-02|2026-06-03|2026-06-04|2026-06-05|2026-06-08|2026-06-09|2026-06-10|2026-06-11|2026-06-12|2026-06-15|2026-06-16|2026-06-17|2026-06-18|2026-06-22|2026-06-23|2026-06-24|2026-06-25|2026-06-26|2026-06-29|2026-06-30|2026-07-01|2026-07-02|2026-07-06|2026-07-07|2026-07-08|2026-07-09|2026-07-10|2026-07-13|2026-07-15,2026-07-15 23:04:00,0.0
Revvity,,2026-06-01|2026-06-02|2026-06-03|2026-06-04|2026-06-05|2026-06-08|2026-06-09|2026-06-10|2026-06-11|2026-06-12|2026-06-15|2026-06-16|2026-06-17|2026-06-18|2026-06-22|2026-06-23|2026-06-24|2026-06-25|2026-06-26|2026-06-29|2026-06-30|2026-07-01|2026-07-02|2026-07-06|2026-07-07|2026-07-08|2026-07-09|2026-07-10|2026-07-13|2026-07-15,2026-07-15 23:04:00,0.0
Portland General Electric,,2026-06-01|2026-06-02|2026-06-03|2026-06-04|2026-06-05|2026-06-08|2026-06-09|2026-06-10|2026-06-11|2026-06-12|2026-06-15|2026-06-16|2026-06-17|2026-06-18|2026-06-22|2026-06-23|2026-06-24|2026-06-25|2026-06-26|2026-06-29|2026-06-30|2026-07-01|2026-07-02|2026-07-06|2026-07-07|2026-07-08|2026-07-09|2026-07-10|2026-07-13|2026-07-15,2026-07-15 23:04:00,0.0
Woodward Inc,,2026-06-01|2026-06-02|2026-06-03|2026-06-04|2026-06-05|2026-06-08|2026-06-09|2026-06-10|2026-06-11|2026-06-12|2026-06-15|2026-06-16|2026-06-17|2026-06-18|2026-06-22|2026-06-23|2026-06-24|2026-06-25|2026-06-26|2026-06-29|2026-06-30|2026-07-01|2026-07-02|2026-07-06|2026-07-07|2026-07-08|2026-07-09|2026-07-10|2026-07-13|2026-07-15,2026-07-15 23:04:00,0.0
Sabre Corporation,,2026-06-02|2026-06-03|2026-06-04|2026-06-05|2026-06-08|2026-06-09|2026-06-10|2026-06-11|2026-06-12|2026-06-15|2026-06-16|2026-06-17|2026-06-18|2026-06-22|2026-06-23|2026-06-24|2026-06-25|2026-06-26|2026-06-29|2026-06-30|2026-07-01|2026-07-02|2026-07-06|2026-07-07|2026-07-08|2026-07-09|2026-07-10|2026-07-13|2026-07-14|2026-07-15,2026-07-15 23:04:00,0.0
Vail Resorts,,2026-06-01|2026-06-02|2026-06-03|2026-06-04|2026-06-05|2026-06-08|2026-06-09|2026-06-10|2026-06-11|2026-06-12|2026-06-15|2026-06-16|2026-06-17|2026-06-18|2026-06-22|2026-06-23|2026-06-24|2026-06-25|2026-06-26|2026-06-29|2026-06-30|2026-07-01|2026-07-02|2026-07-06|2026-07-07|2026-07-08|2026-07-09|2026-07-10|2026-07-13|2026-07-15,2026-07-15 23:04:00,0.0
PennyMac Financial Services,,2026-06-02|2026-06-03|2026-06-04|2026-06-05|2026-06-08|2026-06-09|2026-06-10|2026-06-11|2026-06-12|2026-06-15|2026-06-16|2026-06-17|2026-06-18|2026-06-22|2026-06-23|2026-06-24|2026-06-25|2026-06-26|2026-06-29|2026-06-30|2026-07-01|2026-07-02|2026-07-06|2026-07-07|2026-07-08|2026-07-09|2026-07-10|2026-07-13|2026-07-14|2026-07-15,2026-07-15 23:04:00,0.0
Saia Inc,,2026-06-01|2026-06-02|2026-06-03|2026-06-04|2026-06-05|2026-06-08|2026-06-09|2026-06-10|2026-06-11|2026-06-12|2026-06-15|2026-06-16|2026-06-17|2026-06-18|2026-06-22|2026-06-23|2026-06-24|2026-06-25|2026-06-26|2026-06-29|2026-06-30|2026-07-01|2026-07-02|2026-07-06|2026-07-07|2026-07-08|2026-07-09|2026-07-10|2026-07-13|2026-07-15,2026-07-15 23:04:00,0.0
Equity Residential,,2026-06-01|2026-06-02|2026-06-03|2026-06-04|2026-06-05|2026-06-08|2026-06-09|2026-06-10|2026-06-11|2026-06-12|2026-06-15|2026-06-16|2026-06-17|2026-06-18|2026-06-22|2026-06-23|2026-06-24|2026-06-25|2026-06-26|2026-06-29|2026-06-30|2026-07-01|2026-07-02|2026-07-06|2026-07-07|2026-07-08|2026-07-09|2026-07-10|2026-07-13|2026-07-15,2026-07-15 23:04:00,0.0
Helmerich & Payne,,2026-06-01|2026-06-02|2026-06-03|2026-06-04|2026-06-05|2026-06-08|2026-06-09|2026-06-10|2026-06-11|2026-06-12|2026-06-15|2026-06-16|2026-06-17|2026-06-18|2026-06-22|2026-06-23|2026-06-24|2026-06-25|2026-06-26|2026-06-29|2026-06-30|2026-07-01|2026-07-02|2026-07-06|2026-07-07|2026-07-08|2026-07-09|2026-07-10|2026-07-13|2026-07-15,2026-07-15 23:04:00,0.0
Korn Ferry,,2026-06-01|2026-06-02|2026-06-03|2026-06-04|2026-06-05|2026-06-08|2026-06-09|2026-06-10|2026-06-11|2026-06-12|2026-06-15|2026-06-16|2026-06-17|2026-06-18|2026-06-22|2026-06-23|2026-06-24|2026-06-25|2026-06-26|2026-06-29|2026-06-30|2026-07-01|2026-07-02|2026-07-06|2026-07-07|2026-07-08|2026-07-09|2026-07-10|2026-07-13|2026-07-15,2026-07-15 23:04:00,0.0
PC Connection Inc,,2026-06-01|2026-06-02|2026-06-03|2026-06-04|2026-06-05|2026-06-08|2026-06-09|2026-06-10|2026-06-11|2026-06-12|2026-06-15|2026-06-16|2026-06-17|2026-06-18|2026-06-22|2026-06-23|2026-06-24|2026-06-25|2026-06-26|2026-06-29|2026-06-30|2026-07-01|2026-07-02|2026-07-06|2026-07-07|2026-07-08|2026-07-09|2026-07-10|2026-07-13|2026-07-15,2026-07-15 23:04:00,0.0
Curtiss-Wright,,2026-06-01|2026-06-02|2026-06-03|2026-06-04|2026-06-05|2026-06-08|2026-06-09|2026-06-10|2026-06-11|2026-06-12|2026-06-15|2026-06-16|2026-06-17|2026-06-18|2026-06-22|2026-06-23|2026-06-24|2026-06-25|2026-06-26|2026-06-29|2026-06-30|2026-07-01|2026-07-02|2026-07-06|2026-07-07|2026-07-08|2026-07-09|2026-07-10|2026-07-13|2026-07-15,2026-07-15 23:04:00,0.0
Sallie Mae,,2026-06-01|2026-06-02|2026-06-03|2026-06-04|2026-06-05|2026-06-08|2026-06-09|2026-06-10|2026-06-11|2026-06-12|2026-06-15|2026-06-16|2026-06-17|2026-06-18|2026-06-22|2026-06-23|2026-06-24|2026-06-25|2026-06-26|2026-06-29|2026-06-30|2026-07-01|2026-07-02|2026-07-06|2026-07-07|2026-07-08|2026-07-09|2026-07-10|2026-07-13|2026-07-15,2026-07-15 23:04:00,0.0
Benchmark Electronics,,2026-06-01|2026-06-02|2026-06-03|2026-06-04|2026-06-05|2026-06-08|2026-06-09|2026-06-10|2026-06-11|2026-06-12|2026-06-15|2026-06-16|2026-06-17|2026-06-18|2026-06-22|2026-06-23|2026-06-24|2026-06-25|2026-06-26|2026-06-29|2026-06-30|2026-07-01|2026-07-02|2026-07-06|2026-07-07|2026-07-08|2026-07-09|2026-07-10|2026-07-13|2026-07-15,2026-07-15 23:04:00,0.0
Knife River Corporation,,2026-06-02|2026-06-03|2026-06-04|2026-06-05|2026-06-08|2026-06-09|2026-06-10|2026-06-11|2026-06-12|2026-06-15|2026-06-16|2026-06-17|2026-06-18|2026-06-22|2026-06-23|2026-06-24|2026-06-25|2026-06-26|2026-06-29|2026-06-30|2026-07-01|2026-07-02|2026-07-06|2026-07-07|2026-07-08|2026-07-09|2026-07-10|2026-07-13|2026-07-14|2026-07-15,2026-07-15 23:04:00,0.0
Caleres Inc,,2026-06-01|2026-06-02|2026-06-03|2026-06-04|2026-06-05|2026-06-08|2026-06-09|2026-06-10|2026-06-11|2026-06-12|2026-06-15|2026-06-16|2026-06-17|2026-06-18|2026-06-22|2026-06-23|2026-06-24|2026-06-25|2026-06-26|2026-06-29|2026-06-30|2026-07-01|2026-07-02|2026-07-06|2026-07-07|2026-07-08|2026-07-09|2026-07-10|2026-07-13|2026-07-15,2026-07-15 23:04:00,0.0
BrightView Holdings,,2026-06-02|2026-06-03|2026-06-04|2026-06-05|2026-06-08|2026-06-09|2026-06-10|2026-06-11|2026-06-12|2026-06-15|2026-06-16|2026-06-17|2026-06-18|2026-06-22|2026-06-23|2026-06-24|2026-06-25|2026-06-26|2026-06-29|2026-06-30|2026-07-01|2026-07-02|2026-07-06|2026-07-07|2026-07-08|2026-07-09|2026-07-10|2026-07-13|2026-07-14|2026-07-15,2026-07-15 23:04:00,0.0
Cooper-Standard,,2026-06-01|2026-06-02|2026-06-03|2026-06-04|2026-06-05|2026-06-08|2026-06-09|2026-06-10|2026-06-11|2026-06-12|2026-06-15|2026-06-16|2026-06-17|2026-06-18|2026-06-22|2026-06-23|2026-06-24|2026-06-25|2026-06-26|2026-06-29|2026-06-30|2026-07-01|2026-07-02|2026-07-06|2026-07-07|2026-07-08|2026-07-09|2026-07-10|2026-07-13|2026-07-15,2026-07-15 23:04:00,0.0
Primerica,,2026-06-01|2026-06-02|2026-06-03|2026-06-04|2026-06-05|2026-06-08|2026-06-09|2026-06-10|2026-06-11|2026-06-12|2026-06-15|2026-06-16|2026-06-17|2026-06-18|2026-06-22|2026-06-23|2026-06-24|2026-06-25|2026-06-26|2026-06-29|2026-06-30|2026-07-01|2026-07-02|2026-07-06|2026-07-07|2026-07-08|2026-07-09|2026-07-10|2026-07-13|2026-07-15,2026-07-15 23:04:00,0.0
F5,,2026-06-01|2026-06-02|2026-06-03|2026-06-04|2026-06-05|2026-06-08|2026-06-09|2026-06-10|2026-06-11|2026-06-12|2026-06-15|2026-06-16|2026-06-17|2026-06-18|2026-06-22|2026-06-23|2026-06-24|2026-06-25|2026-06-26|2026-06-29|2026-06-30|2026-07-01|2026-07-02|2026-07-06|2026-07-07|2026-07-08|2026-07-09|2026-07-10|2026-07-13|2026-07-15,2026-07-15 23:04:00,0.0
Matador Resources,,2026-06-02|2026-06-03|2026-06-04|2026-06-05|2026-06-08|2026-06-09|2026-06-10|2026-06-11|2026-06-12|2026-06-15|2026-06-16|2026-06-17|2026-06-18|2026-06-22|2026-06-23|2026-06-24|2026-06-25|2026-06-26|2026-06-29|2026-06-30|2026-07-01|2026-07-02|2026-07-06|2026-07-07|2026-07-08|2026-07-09|2026-07-10|2026-07-13|2026-07-14|2026-07-15,2026-07-15 23:04:00,0.0
Snowflake Inc,,2026-06-02|2026-06-03|2026-06-04|2026-06-05|2026-06-08|2026-06-09|2026-06-10|2026-06-11|2026-06-12|2026-06-15|2026-06-16|2026-06-17|2026-06-18|2026-06-22|2026-06-23|2026-06-24|2026-06-25|2026-06-26|2026-06-29|2026-06-30|2026-07-01|2026-07-02|2026-07-06|2026-07-07|2026-07-08|2026-07-09|2026-07-10|2026-07-13|2026-07-14|2026-07-15,2026-07-15 23:04:00,0.0
Viasat,,2026-06-01|2026-06-02|2026-06-03|2026-06-04|2026-06-05|2026-06-08|2026-06-09|2026-06-10|2026-06-11|2026-06-12|2026-06-15|2026-06-16|2026-06-17|2026-06-18|2026-06-22|2026-06-23|2026-06-24|2026-06-25|2026-06-26|2026-06-29|2026-06-30|2026-07-01|2026-07-02|2026-07-06|2026-07-07|2026-07-08|2026-07-09|2026-07-10|2026-07-13|2026-07-15,2026-07-15 23:04:00,0.0
California Resources,,2026-06-02|2026-06-03|2026-06-04|2026-06-05|2026-06-08|2026-06-09|2026-06-10|2026-06-11|2026-06-12|2026-06-15|2026-06-16|2026-06-17|2026-06-18|2026-06-22|2026-06-23|2026-06-24|2026-06-25|2026-06-26|2026-06-29|2026-06-30|2026-07-01|2026-07-02|2026-07-06|2026-07-07|2026-07-08|2026-07-09|2026-07-10|2026-07-13|2026-07-14|2026-07-15,2026-07-15 23:04:00,0.0
Peloton Interactive,,2026-06-02|2026-06-03|2026-06-04|2026-06-05|2026-06-08|2026-06-09|2026-06-10|2026-06-11|2026-06-12|2026-06-15|2026-06-16|2026-06-17|2026-06-18|2026-06-22|2026-06-23|2026-06-24|2026-06-25|2026-06-26|2026-06-29|2026-06-30|2026-07-01|2026-07-02|2026-07-06|2026-07-07|2026-07-08|2026-07-09|2026-07-10|2026-07-13|2026-07-14|2026-07-15,2026-07-15 23:04:00,0.0
Roblox,,2026-06-02|2026-06-03|2026-06-04|2026-06-05|2026-06-08|2026-06-09|2026-06-10|2026-06-11|2026-06-12|2026-06-15|2026-06-16|2026-06-17|2026-06-18|2026-06-22|2026-06-23|2026-06-24|2026-06-25|2026-06-26|2026-06-29|2026-06-30|2026-07-01|2026-07-02|2026-07-06|2026-07-07|2026-07-08|2026-07-09|2026-07-10|2026-07-13|2026-07-14|2026-07-15,2026-07-15 23:04:00,0.0
Installed Building Products,,2026-06-02|2026-06-03|2026-06-04|2026-06-05|2026-06-08|2026-06-09|2026-06-10|2026-06-11|2026-06-12|2026-06-15|2026-06-16|2026-06-17|2026-06-18|2026-06-22|2026-06-23|2026-06-24|2026-06-25|2026-06-26|2026-06-29|2026-06-30|2026-07-01|2026-07-02|2026-07-06|2026-07-07|2026-07-08|2026-07-09|2026-07-10|2026-07-13|2026-07-14|2026-07-15,2026-07-15 23:04:00,0.0
First National of Nebraska,,2026-05-29|2026-06-01|2026-06-02|2026-06-03|2026-06-04|2026-06-05|2026-06-08|2026-06-09|2026-06-10|2026-06-11|2026-06-12|2026-06-15|2026-06-16|2026-06-17|2026-06-18|2026-06-22|2026-06-23|2026-06-24|2026-06-25|2026-06-26|2026-06-29|2026-06-30|2026-07-01|2026-07-02|2026-07-06|2026-07-07|2026-07-08|2026-07-09|2026-07-10|2026-07-13,2026-07-15 23:04:00,0.0
ESAB,,2026-06-02|2026-06-03|2026-06-04|2026-06-05|2026-06-08|2026-06-09|2026-06-10|2026-06-11|2026-06-12|2026-06-15|2026-06-16|2026-06-17|2026-06-18|2026-06-22|2026-06-23|2026-06-24|2026-06-25|2026-06-26|2026-06-29|2026-06-30|2026-07-01|2026-07-02|2026-07-06|2026-07-07|2026-07-08|2026-07-09|2026-07-10|2026-07-13|2026-07-14|2026-07-15,2026-07-15 23:04:00,0.0
AvalonBay Communities,,2026-06-01|2026-06-02|2026-06-03|2026-06-04|2026-06-05|2026-06-08|2026-06-09|2026-06-10|2026-06-11|2026-06-12|2026-06-15|2026-06-16|2026-06-17|2026-06-18|2026-06-22|2026-06-23|2026-06-24|2026-06-25|2026-06-26|2026-06-29|2026-06-30|2026-07-01|2026-07-02|2026-07-06|2026-07-07|2026-07-08|2026-07-09|2026-07-10|2026-07-13|2026-07-15,2026-07-15 23:04:00,0.0
DocuSign,,2026-06-02|2026-06-03|2026-06-04|2026-06-05|2026-06-08|2026-06-09|2026-06-10|2026-06-11|2026-06-12|2026-06-15|2026-06-16|2026-06-17|2026-06-18|2026-06-22|2026-06-23|2026-06-24|2026-06-25|2026-06-26|2026-06-29|2026-06-30|2026-07-01|2026-07-02|2026-07-06|2026-07-07|2026-07-08|2026-07-09|2026-07-10|2026-07-13|2026-07-14|2026-07-15,2026-07-15 23:04:00,0.0
Titan Machinery,,2026-06-01|2026-06-02|2026-06-03|2026-06-04|2026-06-05|2026-06-08|2026-06-09|2026-06-10|2026-06-11|2026-06-12|2026-06-15|2026-06-16|2026-06-17|2026-06-18|2026-06-22|2026-06-23|2026-06-24|2026-06-25|2026-06-26|2026-06-29|2026-06-30|2026-07-01|2026-07-02|2026-07-06|2026-07-07|2026-07-08|2026-07-09|2026-07-10|2026-07-13|2026-07-15,2026-07-15 23:04:00,0.0
Hovnanian Enterprises,,2026-06-01|2026-06-02|2026-06-03|2026-06-04|2026-06-05|2026-06-08|2026-06-09|2026-06-10|2026-06-11|2026-06-12|2026-06-15|2026-06-16|2026-06-17|2026-06-18|2026-06-22|2026-06-23|2026-06-24|2026-06-25|2026-06-26|2026-06-29|2026-06-30|2026-07-01|2026-07-02|2026-07-06|2026-07-07|2026-07-08|2026-07-09|2026-07-10|2026-07-13|2026-07-15,2026-07-15 23:04:00,0.0
Etsy,,2026-06-02|2026-06-03|2026-06-04|2026-06-05|2026-06-08|2026-06-09|2026-06-10|2026-06-11|2026-06-12|2026-06-15|2026-06-16|2026-06-17|2026-06-18|2026-06-22|2026-06-23|2026-06-24|2026-06-25|2026-06-26|2026-06-29|2026-06-30|2026-07-01|2026-07-02|2026-07-06|2026-07-07|2026-07-08|2026-07-09|2026-07-10|2026-07-13|2026-07-14|2026-07-15,2026-07-15 23:04:00,0.0
Surgery Partners,,2026-06-02|2026-06-03|2026-06-04|2026-06-05|2026-06-08|2026-06-09|2026-06-10|2026-06-11|2026-06-12|2026-06-15|2026-06-16|2026-06-17|2026-06-18|2026-06-22|2026-06-23|2026-06-24|2026-06-25|2026-06-26|2026-06-29|2026-06-30|2026-07-01|2026-07-02|2026-07-06|2026-07-07|2026-07-08|2026-07-09|2026-07-10|2026-07-13|2026-07-14|2026-07-15,2026-07-15 23:04:00,0.0
Columbia Banking System,,2026-06-01|2026-06-02|2026-06-03|2026-06-04|2026-06-05|2026-06-08|2026-06-09|2026-06-10|2026-06-11|2026-06-12|2026-06-15|2026-06-16|2026-06-17|2026-06-18|2026-06-22|2026-06-23|2026-06-24|2026-06-25|2026-06-26|2026-06-29|2026-06-30|2026-07-01|2026-07-02|2026-07-06|2026-07-07|2026-07-08|2026-07-09|2026-07-10|2026-07-13|2026-07-15,2026-07-15 23:04:00,0.0
Verisk Analytics,,2026-06-01|2026-06-02|2026-06-03|2026-06-04|2026-06-05|2026-06-08|2026-06-09|2026-06-10|2026-06-11|2026-06-12|2026-06-15|2026-06-16|2026-06-17|2026-06-18|2026-06-22|2026-06-23|2026-06-24|2026-06-25|2026-06-26|2026-06-29|2026-06-30|2026-07-01|2026-07-02|2026-07-06|2026-07-07|2026-07-08|2026-07-09|2026-07-10|2026-07-13|2026-07-15,2026-07-15 23:04:00,0.0
MasterBrand,,2026-06-02|2026-06-03|2026-06-04|2026-06-05|2026-06-08|2026-06-09|2026-06-10|2026-06-11|2026-06-12|2026-06-15|2026-06-16|2026-06-17|2026-06-18|2026-06-22|2026-06-23|2026-06-24|2026-06-25|2026-06-26|2026-06-29|2026-06-30|2026-07-01|2026-07-02|2026-07-06|2026-07-07|2026-07-08|2026-07-09|2026-07-10|2026-07-13|2026-07-14|2026-07-15,2026-07-15 23:04:00,0.0
AMC Networks,,2026-06-01|2026-06-02|2026-06-03|2026-06-04|2026-06-05|2026-06-08|2026-06-09|2026-06-10|2026-06-11|2026-06-12|2026-06-15|2026-06-16|2026-06-17|2026-06-18|2026-06-22|2026-06-23|2026-06-24|2026-06-25|2026-06-26|2026-06-29|2026-06-30|2026-07-01|2026-07-02|2026-07-06|2026-07-07|2026-07-08|2026-07-09|2026-07-10|2026-07-13|2026-07-15,2026-07-15 23:04:00,0.0
SBA Communications,,2026-06-01|2026-06-02|2026-06-03|2026-06-04|2026-06-05|2026-06-08|2026-06-09|2026-06-10|2026-06-11|2026-06-12|2026-06-15|2026-06-16|2026-06-17|2026-06-18|2026-06-22|2026-06-23|2026-06-24|2026-06-25|2026-06-26|2026-06-29|2026-06-30|2026-07-01|2026-07-02|2026-07-06|2026-07-07|2026-07-08|2026-07-09|2026-07-10|2026-07-13|2026-07-15,2026-07-15 23:04:00,0.0
Americold Realty Trust,,2026-06-02|2026-06-03|2026-06-04|2026-06-05|2026-06-08|2026-06-09|2026-06-10|2026-06-11|2026-06-12|2026-06-15|2026-06-16|2026-06-17|2026-06-18|2026-06-22|2026-06-23|2026-06-24|2026-06-25|2026-06-26|2026-06-29|2026-06-30|2026-07-01|2026-07-02|2026-07-06|2026-07-07|2026-07-08|2026-07-09|2026-07-10|2026-07-13|2026-07-14|2026-07-15,2026-07-15 23:04:00,0.0
NewMarket Corporation,,2026-06-01|2026-06-02|2026-06-03|2026-06-04|2026-06-05|2026-06-08|2026-06-09|2026-06-10|2026-06-11|2026-06-12|2026-06-15|2026-06-16|2026-06-17|2026-06-18|2026-06-22|2026-06-23|2026-06-24|2026-06-25|2026-06-26|2026-06-29|2026-06-30|2026-07-01|2026-07-02|2026-07-06|2026-07-07|2026-07-08|2026-07-09|2026-07-10|2026-07-13|2026-07-15,2026-07-15 23:04:00,0.0
Park Hotels & Resorts,,2026-06-02|2026-06-03|2026-06-04|2026-06-05|2026-06-08|2026-06-09|2026-06-10|2026-06-11|2026-06-12|2026-06-15|2026-06-16|2026-06-17|2026-06-18|2026-06-22|2026-06-23|2026-06-24|2026-06-25|2026-06-26|2026-06-29|2026-06-30|2026-07-01|2026-07-02|2026-07-06|2026-07-07|2026-07-08|2026-07-09|2026-07-10|2026-07-13|2026-07-14|2026-07-15,2026-07-15 23:04:00,0.0
Alexandria Real Estate Equities,,2026-06-01|2026-06-02|2026-06-03|2026-06-04|2026-06-05|2026-06-08|2026-06-09|2026-06-10|2026-06-11|2026-06-12|2026-06-15|2026-06-16|2026-06-17|2026-06-18|2026-06-22|2026-06-23|2026-06-24|2026-06-25|2026-06-26|2026-06-29|2026-06-30|2026-07-01|2026-07-02|2026-07-06|2026-07-07|2026-07-08|2026-07-09|2026-07-10|2026-07-13|2026-07-15,2026-07-15 23:04:00,0.0
Griffon Corporation,,2026-06-01|2026-06-02|2026-06-03|2026-06-04|2026-06-05|2026-06-08|2026-06-09|2026-06-10|2026-06-11|2026-06-12|2026-06-15|2026-06-16|2026-06-17|2026-06-18|2026-06-22|2026-06-23|2026-06-24|2026-06-25|2026-06-26|2026-06-29|2026-06-30|2026-07-01|2026-07-02|2026-07-06|2026-07-07|2026-07-08|2026-07-09|2026-07-10|2026-07-13|2026-07-15,2026-07-15 23:04:00,0.0
UL Solutions,,2026-06-02|2026-06-03|2026-06-04|2026-06-05|2026-06-08|2026-06-09|2026-06-10|2026-06-11|2026-06-12|2026-06-15|2026-06-16|2026-06-17|2026-06-18|2026-06-22|2026-06-23|2026-06-24|2026-06-25|2026-06-26|2026-06-29|2026-06-30|2026-07-01|2026-07-02|2026-07-06|2026-07-07|2026-07-08|2026-07-09|2026-07-10|2026-07-13|2026-07-14|2026-07-15,2026-07-15 23:04:00,0.0
Teradyne,,2026-06-01|2026-06-02|2026-06-03|2026-06-04|2026-06-05|2026-06-08|2026-06-09|2026-06-10|2026-06-11|2026-06-12|2026-06-15|2026-06-16|2026-06-17|2026-06-18|2026-06-22|2026-06-23|2026-06-24|2026-06-25|2026-06-26|2026-06-29|2026-06-30|2026-07-01|2026-07-02|2026-07-06|2026-07-07|2026-07-08|2026-07-09|2026-07-10|2026-07-13|2026-07-15,2026-07-15 23:04:00,0.0
OGE Energy,,2026-06-01|2026-06-02|2026-06-03|2026-06-04|2026-06-05|2026-06-08|2026-06-09|2026-06-10|2026-06-11|2026-06-12|2026-06-15|2026-06-16|2026-06-17|2026-06-18|2026-06-22|2026-06-23|2026-06-24|2026-06-25|2026-06-26|2026-06-29|2026-06-30|2026-07-01|2026-07-02|2026-07-06|2026-07-07|2026-07-08|2026-07-09|2026-07-10|2026-07-13|2026-07-15,2026-07-15 23:04:00,0.0
Bio-Rad Laboratories,,2026-06-01|2026-06-02|2026-06-03|2026-06-04|2026-06-05|2026-06-08|2026-06-09|2026-06-10|2026-06-11|2026-06-12|2026-06-15|2026-06-16|2026-06-17|2026-06-18|2026-06-22|2026-06-23|2026-06-24|2026-06-25|2026-06-26|2026-06-29|2026-06-30|2026-07-01|2026-07-02|2026-07-06|2026-07-07|2026-07-08|2026-07-09|2026-07-10|2026-07-13|2026-07-15,2026-07-15 23:04:00,0.0
Spire Inc,,2026-06-01|2026-06-02|2026-06-03|2026-06-04|2026-06-05|2026-06-08|2026-06-09|2026-06-10|2026-06-11|2026-06-12|2026-06-15|2026-06-16|2026-06-17|2026-06-18|2026-06-22|2026-06-23|2026-06-24|2026-06-25|2026-06-26|2026-06-29|2026-06-30|2026-07-01|2026-07-02|2026-07-06|2026-07-07|2026-07-08|2026-07-09|2026-07-10|2026-07-13|2026-07-15,2026-07-15 23:04:00,0.0
Cullen Frost Bankers,,2026-06-01|2026-06-02|2026-06-03|2026-06-04|2026-06-05|2026-06-08|2026-06-09|2026-06-10|2026-06-11|2026-06-12|2026-06-15|2026-06-16|2026-06-17|2026-06-18|2026-06-22|2026-06-23|2026-06-24|2026-06-25|2026-06-26|2026-06-29|2026-06-30|2026-07-01|2026-07-02|2026-07-06|2026-07-07|2026-07-08|2026-07-09|2026-07-10|2026-07-13|2026-07-15,2026-07-15 23:04:00,0.0
Extra Space Storage,,2026-06-01|2026-06-02|2026-06-03|2026-06-04|2026-06-05|2026-06-08|2026-06-09|2026-06-10|2026-06-11|2026-06-12|2026-06-15|2026-06-16|2026-06-17|2026-06-18|2026-06-22|2026-06-23|2026-06-24|2026-06-25|2026-06-26|2026-06-29|2026-06-30|2026-07-01|2026-07-02|2026-07-06|2026-07-07|2026-07-08|2026-07-09|2026-07-10|2026-07-13|2026-07-15,2026-07-15 23:04:00,0.0
ProFrac Holding,,2026-06-02|2026-06-03|2026-06-04|2026-06-05|2026-06-08|2026-06-09|2026-06-10|2026-06-11|2026-06-12|2026-06-15|2026-06-16|2026-06-17|2026-06-18|2026-06-22|2026-06-23|2026-06-24|2026-06-25|2026-06-26|2026-06-29|2026-06-30|2026-07-01|2026-07-02|2026-07-06|2026-07-07|2026-07-08|2026-07-09|2026-07-10|2026-07-13|2026-07-14|2026-07-15,2026-07-15 23:04:00,0.0
Nordson,,2026-06-01|2026-06-02|2026-06-03|2026-06-04|2026-06-05|2026-06-08|2026-06-09|2026-06-10|2026-06-11|2026-06-12|2026-06-15|2026-06-16|2026-06-17|2026-06-18|2026-06-22|2026-06-23|2026-06-24|2026-06-25|2026-06-26|2026-06-29|2026-06-30|2026-07-01|2026-07-02|2026-07-06|2026-07-07|2026-07-08|2026-07-09|2026-07-10|2026-07-13|2026-07-15,2026-07-15 23:04:00,0.0
Valvoline Inc,,2026-06-02|2026-06-03|2026-06-04|2026-06-05|2026-06-08|2026-06-09|2026-06-10|2026-06-11|2026-06-12|2026-06-15|2026-06-16|2026-06-17|2026-06-18|2026-06-22|2026-06-23|2026-06-24|2026-06-25|2026-06-26|2026-06-29|2026-06-30|2026-07-01|2026-07-02|2026-07-06|2026-07-07|2026-07-08|2026-07-09|2026-07-10|2026-07-13|2026-07-14|2026-07-15,2026-07-15 23:04:00,0.0
Kontoor Brands,,2026-06-02|2026-06-03|2026-06-04|2026-06-05|2026-06-08|2026-06-09|2026-06-10|2026-06-11|2026-06-12|2026-06-15|2026-06-16|2026-06-17|2026-06-18|2026-06-22|2026-06-23|2026-06-24|2026-06-25|2026-06-26|2026-06-29|2026-06-30|2026-07-01|2026-07-02|2026-07-06|2026-07-07|2026-07-08|2026-07-09|2026-07-10|2026-07-13|2026-07-14|2026-07-15,2026-07-15 23:04:00,0.0
Skyline Champion,,2026-06-01|2026-06-02|2026-06-03|2026-06-04|2026-06-05|2026-06-08|2026-06-09|2026-06-10|2026-06-11|2026-06-12|2026-06-15|2026-06-16|2026-06-17|2026-06-18|2026-06-22|2026-06-23|2026-06-24|2026-06-25|2026-06-26|2026-06-29|2026-06-30|2026-07-01|2026-07-02|2026-07-06|2026-07-07|2026-07-08|2026-07-09|2026-07-10|2026-07-13|2026-07-15,2026-07-15 23:04:00,0.0
Teladoc Health,,2026-06-02|2026-06-03|2026-06-04|2026-06-05|2026-06-08|2026-06-09|2026-06-10|2026-06-11|2026-06-12|2026-06-15|2026-06-16|2026-06-17|2026-06-18|2026-06-22|2026-06-23|2026-06-24|2026-06-25|2026-06-26|2026-06-29|2026-06-30|2026-07-01|2026-07-02|2026-07-06|2026-07-07|2026-07-08|2026-07-09|2026-07-10|2026-07-13|2026-07-14|2026-07-15,2026-07-15 23:04:00,0.0
Louisiana-Pacific Corporation,,2026-06-01|2026-06-02|2026-06-03|2026-06-04|2026-06-05|2026-06-08|2026-06-09|2026-06-10|2026-06-11|2026-06-12|2026-06-15|2026-06-16|2026-06-17|2026-06-18|2026-06-22|2026-06-23|2026-06-24|2026-06-25|2026-06-26|2026-06-29|2026-06-30|2026-07-01|2026-07-02|2026-07-06|2026-07-07|2026-07-08|2026-07-09|2026-07-10|2026-07-13|2026-07-15,2026-07-15 23:04:00,0.0
Universal Corporation,,2026-06-01|2026-06-02|2026-06-03|2026-06-04|2026-06-05|2026-06-08|2026-06-09|2026-06-10|2026-06-11|2026-06-12|2026-06-15|2026-06-16|2026-06-17|2026-06-18|2026-06-22|2026-06-23|2026-06-24|2026-06-25|2026-06-26|2026-06-29|2026-06-30|2026-07-01|2026-07-02|2026-07-06|2026-07-07|2026-07-08|2026-07-09|2026-07-10|2026-07-13|2026-07-15,2026-07-15 23:04:00,0.0
Playtika Holding,,2026-06-02|2026-06-03|2026-06-04|2026-06-05|2026-06-08|2026-06-09|2026-06-10|2026-06-11|2026-06-12|2026-06-15|2026-06-16|2026-06-17|2026-06-18|2026-06-22|2026-06-23|2026-06-24|2026-06-25|2026-06-26|2026-06-29|2026-06-30|2026-07-01|2026-07-02|2026-07-06|2026-07-07|2026-07-08|2026-07-09|2026-07-10|2026-07-13|2026-07-14|2026-07-15,2026-07-15 23:04:00,0.0
Alliance Resource Partners,,2026-06-01|2026-06-02|2026-06-03|2026-06-04|2026-06-05|2026-06-08|2026-06-09|2026-06-10|2026-06-11|2026-06-12|2026-06-15|2026-06-16|2026-06-17|2026-06-18|2026-06-22|2026-06-23|2026-06-24|2026-06-25|2026-06-26|2026-06-29|2026-06-30|2026-07-01|2026-07-02|2026-07-06|2026-07-07|2026-07-08|2026-07-09|2026-07-10|2026-07-13|2026-07-15,2026-07-15 23:04:00,0.0
Envista Holdings,,2026-06-02|2026-06-03|2026-06-04|2026-06-05|2026-06-08|2026-06-09|2026-06-10|2026-06-11|2026-06-12|2026-06-15|2026-06-16|2026-06-17|2026-06-18|2026-06-22|2026-06-23|2026-06-24|2026-06-25|2026-06-26|2026-06-29|2026-06-30|2026-07-01|2026-07-02|2026-07-06|2026-07-07|2026-07-08|2026-07-09|2026-07-10|2026-07-13|2026-07-14|2026-07-15,2026-07-15 23:04:00,0.0
Shift4 Payments,,2026-06-02|2026-06-03|2026-06-04|2026-06-05|2026-06-08|2026-06-09|2026-06-10|2026-06-11|2026-06-12|2026-06-15|2026-06-16|2026-06-17|2026-06-18|2026-06-22|2026-06-23|2026-06-24|2026-06-25|2026-06-26|2026-06-29|2026-06-30|2026-07-01|2026-07-02|2026-07-06|2026-07-07|2026-07-08|2026-07-09|2026-07-10|2026-07-13|2026-07-14|2026-07-15,2026-07-15 23:04:00,0.0
Talen Energy,,2026-05-28|2026-05-29|2026-06-01|2026-06-02|2026-06-03|2026-06-04|2026-06-05|2026-06-08|2026-06-09|2026-06-10|2026-06-11|2026-06-12|2026-06-15|2026-06-16|2026-06-17|2026-06-18|2026-06-22|2026-06-23|2026-06-24|2026-06-25|2026-06-26|2026-06-29|2026-06-30|2026-07-01|2026-07-02|2026-07-06|2026-07-07|2026-07-08|2026-07-09|2026-07-10,2026-07-15 23:04:00,0.0
Carpenter Technology,,2026-06-01|2026-06-02|2026-06-03|2026-06-04|2026-06-05|2026-06-08|2026-06-09|2026-06-10|2026-06-11|2026-06-12|2026-06-15|2026-06-16|2026-06-17|2026-06-18|2026-06-22|2026-06-23|2026-06-24|2026-06-25|2026-06-26|2026-06-29|2026-06-30|2026-07-01|2026-07-02|2026-07-06|2026-07-07|2026-07-08|2026-07-09|2026-07-10|2026-07-13|2026-07-15,2026-07-15 23:04:00,0.0
WEX,,2026-06-01|2026-06-02|2026-06-03|2026-06-04|2026-06-05|2026-06-08|2026-06-09|2026-06-10|2026-06-11|2026-06-12|2026-06-15|2026-06-16|2026-06-17|2026-06-18|2026-06-22|2026-06-23|2026-06-24|2026-06-25|2026-06-26|2026-06-29|2026-06-30|2026-07-01|2026-07-02|2026-07-06|2026-07-07|2026-07-08|2026-07-09|2026-07-10|2026-07-13|2026-07-15,2026-07-15 23:04:00,0.0
Old National Bancorp,,2026-06-01|2026-06-02|2026-06-03|2026-06-04|2026-06-05|2026-06-08|2026-06-09|2026-06-10|2026-06-11|2026-06-12|2026-06-15|2026-06-16|2026-06-17|2026-06-18|2026-06-22|2026-06-23|2026-06-24|2026-06-25|2026-06-26|2026-06-29|2026-06-30|2026-07-01|2026-07-02|2026-07-06|2026-07-07|2026-07-08|2026-07-09|2026-07-10|2026-07-13|2026-07-15,2026-07-15 23:04:00,0.0
AGNC Investment,,2026-06-01|2026-06-02|2026-06-03|2026-06-04|2026-06-05|2026-06-08|2026-06-09|2026-06-10|2026-06-11|2026-06-12|2026-06-15|2026-06-16|2026-06-17|2026-06-18|2026-06-22|2026-06-23|2026-06-24|2026-06-25|2026-06-26|2026-06-29|2026-06-30|2026-07-01|2026-07-02|2026-07-06|2026-07-07|2026-07-08|2026-07-09|2026-07-10|2026-07-13|2026-07-15,2026-07-15 23:04:00,0.0
Wabash National,,2026-06-01|2026-06-02|2026-06-03|2026-06-04|2026-06-05|2026-06-08|2026-06-09|2026-06-10|2026-06-11|2026-06-12|2026-06-15|2026-06-16|2026-06-17|2026-06-18|2026-06-22|2026-06-23|2026-06-24|2026-06-25|2026-06-26|2026-06-29|2026-06-30|2026-07-01|2026-07-02|2026-07-06|2026-07-07|2026-07-08|2026-07-09|2026-07-10|2026-07-13|2026-07-15,2026-07-15 23:04:00,0.0
MSCI,,2026-06-01|2026-06-02|2026-06-03|2026-06-04|2026-06-05|2026-06-08|2026-06-09|2026-06-10|2026-06-11|2026-06-12|2026-06-15|2026-06-16|2026-06-17|2026-06-18|2026-06-22|2026-06-23|2026-06-24|2026-06-25|2026-06-26|2026-06-29|2026-06-30|2026-07-01|2026-07-02|2026-07-06|2026-07-07|2026-07-08|2026-07-09|2026-07-10|2026-07-13|2026-07-15,2026-07-15 23:04:00,0.0
Stagwell,,2026-06-01|2026-06-02|2026-06-03|2026-06-04|2026-06-05|2026-06-08|2026-06-09|2026-06-10|2026-06-11|2026-06-12|2026-06-15|2026-06-16|2026-06-17|2026-06-18|2026-06-22|2026-06-23|2026-06-24|2026-06-25|2026-06-26|2026-06-29|2026-06-30|2026-07-01|2026-07-02|2026-07-06|2026-07-07|2026-07-08|2026-07-09|2026-07-10|2026-07-13|2026-07-15,2026-07-15 23:04:00,0.0
Mativ,,2026-06-01|2026-06-02|2026-06-03|2026-06-04|2026-06-05|2026-06-08|2026-06-09|2026-06-10|2026-06-11|2026-06-12|2026-06-15|2026-06-16|2026-06-17|2026-06-18|2026-06-22|2026-06-23|2026-06-24|2026-06-25|2026-06-26|2026-06-29|2026-06-30|2026-07-01|2026-07-02|2026-07-06|2026-07-07|2026-07-08|2026-07-09|2026-07-10|2026-07-13|2026-07-15,2026-07-15 23:04:00,0.0
Belden,,2026-06-01|2026-06-02|2026-06-03|2026-06-04|2026-06-05|2026-06-08|2026-06-09|2026-06-10|2026-06-11|2026-06-12|2026-06-15|2026-06-16|2026-06-17|2026-06-18|2026-06-22|2026-06-23|2026-06-24|2026-06-25|2026-06-26|2026-06-29|2026-06-30|2026-07-01|2026-07-02|2026-07-06|2026-07-07|2026-07-08|2026-07-09|2026-07-10|2026-07-13|2026-07-15,2026-07-15 23:04:00,0.0
Allegiant Travel Company,,2026-06-01|2026-06-02|2026-06-03|2026-06-04|2026-06-05|2026-06-08|2026-06-09|2026-06-10|2026-06-11|2026-06-12|2026-06-15|2026-06-16|2026-06-17|2026-06-18|2026-06-22|2026-06-23|2026-06-24|2026-06-25|2026-06-26|2026-06-29|2026-06-30|2026-07-01|2026-07-02|2026-07-06|2026-07-07|2026-07-08|2026-07-09|2026-07-10|2026-07-13|2026-07-15,2026-07-15 23:04:00,0.0
Dropbox,,2026-06-02|2026-06-03|2026-06-04|2026-06-05|2026-06-08|2026-06-09|2026-06-10|2026-06-11|2026-06-12|2026-06-15|2026-06-16|2026-06-17|2026-06-18|2026-06-22|2026-06-23|2026-06-24|2026-06-25|2026-06-26|2026-06-29|2026-06-30|2026-07-01|2026-07-02|2026-07-06|2026-07-07|2026-07-08|2026-07-09|2026-07-10|2026-07-13|2026-07-14|2026-07-15,2026-07-15 23:04:00,0.0
BWX Technologies,,2026-06-01|2026-06-02|2026-06-03|2026-06-04|2026-06-05|2026-06-08|2026-06-09|2026-06-10|2026-06-11|2026-06-12|2026-06-15|2026-06-16|2026-06-17|2026-06-18|2026-06-22|2026-06-23|2026-06-24|2026-06-25|2026-06-26|2026-06-29|2026-06-30|2026-07-01|2026-07-02|2026-07-06|2026-07-07|2026-07-08|2026-07-09|2026-07-10|2026-07-13|2026-07-15,2026-07-15 23:04:00,0.0
Clear Channel Outdoor Holdings,,2026-06-01|2026-06-02|2026-06-03|2026-06-04|2026-06-05|2026-06-08|2026-06-09|2026-06-10|2026-06-11|2026-06-12|2026-06-15|2026-06-16|2026-06-17|2026-06-18|2026-06-22|2026-06-23|2026-06-24|2026-06-25|2026-06-26|2026-06-29|2026-06-30|2026-07-01|2026-07-02|2026-07-06|2026-07-07|2026-07-08|2026-07-09|2026-07-10|2026-07-13|2026-07-15,2026-07-15 23:04:00,0.0
Gap Inc,,2026-06-01|2026-06-02|2026-06-03|2026-06-04|2026-06-05|2026-06-08|2026-06-09|2026-06-10|2026-06-11|2026-06-12|2026-06-15|2026-06-16|2026-06-17|2026-06-18|2026-06-22|2026-06-23|2026-06-24|2026-06-25|2026-06-26|2026-06-29|2026-06-30|2026-07-01|2026-07-02|2026-07-06|2026-07-07|2026-07-08|2026-07-09|2026-07-10|2026-07-13|2026-07-15,2026-07-15 23:04:00,0.0
Old Navy,,2026-06-01|2026-06-02|2026-06-03|2026-06-04|2026-06-05|2026-06-08|2026-06-09|2026-06-10|2026-06-11|2026-06-12|2026-06-15|2026-06-16|2026-06-17|2026-06-18|2026-06-22|2026-06-23|2026-06-24|2026-06-25|2026-06-26|2026-06-29|2026-06-30|2026-07-01|2026-07-02|2026-07-06|2026-07-07|2026-07-08|2026-07-09|2026-07-10|2026-07-13|2026-07-15,2026-07-15 23:04:00,0.0
WM,,2026-06-01|2026-06-02|2026-06-03|2026-06-04|2026-06-05|2026-06-08|2026-06-09|2026-06-10|2026-06-11|2026-06-12|2026-06-15|2026-06-16|2026-06-17|2026-06-18|2026-06-22|2026-06-23|2026-06-24|2026-06-25|2026-06-26|2026-06-29|2026-06-30|2026-07-01|2026-07-02|2026-07-06|2026-07-07|2026-07-08|2026-07-09|2026-07-10|2026-07-13|2026-07-15,2026-07-15 23:04:00,0.0
Block Inc,,2026-06-02|2026-06-03|2026-06-04|2026-06-05|2026-06-08|2026-06-09|2026-06-10|2026-06-11|2026-06-12|2026-06-15|2026-06-16|2026-06-17|2026-06-18|2026-06-22|2026-06-23|2026-06-24|2026-06-25|2026-06-26|2026-06-29|2026-06-30|2026-07-01|2026-07-02|2026-07-06|2026-07-07|2026-07-08|2026-07-09|2026-07-10|2026-07-13|2026-07-14|2026-07-15,2026-07-15 23:04:00,0.0
Fox Corporation,,2026-06-02|2026-06-03|2026-06-04|2026-06-05|2026-06-08|2026-06-09|2026-06-10|2026-06-11|2026-06-12|2026-06-15|2026-06-16|2026-06-17|2026-06-18|2026-06-22|2026-06-23|2026-06-24|2026-06-25|2026-06-26|2026-06-29|2026-06-30|2026-07-01|2026-07-02|2026-07-06|2026-07-07|2026-07-08|2026-07-09|2026-07-10|2026-07-13|2026-07-14|2026-07-15,2026-07-15 23:04:00,0.0
Westlake Corporation,,2026-06-01|2026-06-02|2026-06-03|2026-06-04|2026-06-05|2026-06-08|2026-06-09|2026-06-10|2026-06-11|2026-06-12|2026-06-15|2026-06-16|2026-06-17|2026-06-18|2026-06-22|2026-06-23|2026-06-24|2026-06-25|2026-06-26|2026-06-29|2026-06-30|2026-07-01|2026-07-02|2026-07-06|2026-07-07|2026-07-08|2026-07-09|2026-07-10|2026-07-13|2026-07-15,2026-07-15 23:04:00,0.0
Bausch & Lomb,,2026-06-02|2026-06-03|2026-06-04|2026-06-05|2026-06-08|2026-06-09|2026-06-10|2026-06-11|2026-06-12|2026-06-15|2026-06-16|2026-06-17|2026-06-18|2026-06-22|2026-06-23|2026-06-24|2026-06-25|2026-06-26|2026-06-29|2026-06-30|2026-07-01|2026-07-02|2026-07-06|2026-07-07|2026-07-08|2026-07-09|2026-07-10|2026-07-13|2026-07-14|2026-07-15,2026-07-15 23:04:00,0.0
OpenText,,2026-06-01|2026-06-02|2026-06-03|2026-06-04|2026-06-05|2026-06-08|2026-06-09|2026-06-10|2026-06-11|2026-06-12|2026-06-15|2026-06-16|2026-06-17|2026-06-18|2026-06-22|2026-06-23|2026-06-24|2026-06-25|2026-06-26|2026-06-29|2026-06-30|2026-07-01|2026-07-02|2026-07-06|2026-07-07|2026-07-08|2026-07-09|2026-07-10|2026-07-13|2026-07-15,2026-07-15 23:04:00,0.0
