company,trends_history,date_history,last_updated,avg_interest
Walmart,68|65|73|68|65|69|75|64|61|68|72|71|65|62|66|63|66|63|64|62|65|67|63|64|63|70|67|65|67|64,2026-06-24|2026-06-25|2026-06-26|2026-06-29|2026-06-30|2026-07-01|2026-07-02|2026-07-06|2026-07-07|2026-07-08|2026-07-09|2026-07-10|2026-07-13|2026-07-14|2026-07-15|2026-07-16|2026-07-17|2026-07-20|2026-07-21|2026-07-22|2026-07-23|2026-07-24|2026-07-27|2026-07-28|2026-07-29|2026-07-30|2026-07-31|2026-08-03|2026-08-04|2026-08-05,2026-08-05 23:01:35,66.2
Amazon,100|87|89|77|75|74|75|72|72|73|71|69|68|69|66|70|67|72|73|70|70|70|73|73|75|73|68|73|72|73,2026-06-24|2026-06-25|2026-06-26|2026-06-29|2026-06-30|2026-07-01|2026-07-02|2026-07-06|2026-07-07|2026-07-08|2026-07-09|2026-07-10|2026-07-13|2026-07-14|2026-07-15|2026-07-16|2026-07-17|2026-07-20|2026-07-21|2026-07-22|2026-07-23|2026-07-24|2026-07-27|2026-07-28|2026-07-29|2026-07-30|2026-07-31|2026-08-03|2026-08-04|2026-08-05,2026-08-05 23:01:40,73.6
UnitedHealth,71|43|51|70|59|76|45|48|68|100|74|53|65|84|46|88|42|45|64|38|31|26|32|32|31|35|28|36|35|32,2026-06-24|2026-06-25|2026-06-26|2026-06-29|2026-06-30|2026-07-01|2026-07-02|2026-07-06|2026-07-07|2026-07-08|2026-07-09|2026-07-10|2026-07-13|2026-07-14|2026-07-15|2026-07-16|2026-07-17|2026-07-20|2026-07-21|2026-07-22|2026-07-23|2026-07-24|2026-07-27|2026-07-28|2026-07-29|2026-07-30|2026-07-31|2026-08-03|2026-08-04|2026-08-05,2026-08-05 23:02:14,51.6
Apple,100|89|85|82|79|79|81|75|70|79|76|71|73|69|66|65|70|70|64|67|66|69|74|76|73|70|77|71|71|68,2026-06-24|2026-06-25|2026-06-26|2026-06-29|2026-06-30|2026-07-01|2026-07-02|2026-07-06|2026-07-07|2026-07-08|2026-07-09|2026-07-10|2026-07-13|2026-07-14|2026-07-15|2026-07-16|2026-07-17|2026-07-20|2026-07-21|2026-07-22|2026-07-23|2026-07-24|2026-07-27|2026-07-28|2026-07-29|2026-07-30|2026-07-31|2026-08-03|2026-08-04|2026-08-05,2026-08-05 23:02:18,74.2
CVS Health,99|100|49|54|55|57|53|49|52|57|44|29|37|32|26|29|28|38|35|29|28|25|28|28|30|29|26|29|31|32,2026-06-24|2026-06-25|2026-06-26|2026-06-29|2026-06-30|2026-07-01|2026-07-02|2026-07-06|2026-07-07|2026-07-08|2026-07-09|2026-07-10|2026-07-13|2026-07-14|2026-07-15|2026-07-16|2026-07-17|2026-07-20|2026-07-21|2026-07-22|2026-07-23|2026-07-24|2026-07-27|2026-07-28|2026-07-29|2026-07-30|2026-07-31|2026-08-03|2026-08-04|2026-08-05,2026-08-05 23:02:51,41.3
Alphabet Inc,100|0|28|53|64|29|48|42|35|73|38|39|30|32|31|49|28|56|28|50|43|31|24|24|21|26|21|27|22|25,2026-06-24|2026-06-25|2026-06-26|2026-06-29|2026-06-30|2026-07-01|2026-07-02|2026-07-06|2026-07-07|2026-07-08|2026-07-09|2026-07-10|2026-07-13|2026-07-14|2026-07-15|2026-07-16|2026-07-17|2026-07-20|2026-07-21|2026-07-22|2026-07-23|2026-07-24|2026-07-27|2026-07-28|2026-07-29|2026-07-30|2026-07-31|2026-08-03|2026-08-04|2026-08-05,2026-08-05 23:02:55,37.2
Exxon Mobil,40|42|33|25|51|70|89|100|86|80|59|59|42|38|34|31|33|37|37|32|34|33|31|29|35|32|37|32|32|32,2026-06-24|2026-06-25|2026-06-26|2026-06-29|2026-06-30|2026-07-01|2026-07-02|2026-07-06|2026-07-07|2026-07-08|2026-07-09|2026-07-10|2026-07-13|2026-07-14|2026-07-15|2026-07-16|2026-07-17|2026-07-20|2026-07-21|2026-07-22|2026-07-23|2026-07-24|2026-07-27|2026-07-28|2026-07-29|2026-07-30|2026-07-31|2026-08-03|2026-08-04|2026-08-05,2026-08-05 23:02:58,44.8
McKesson,90|100|76|76|79|77|61|69|72|78|77|62|68|71|74|75|69|86|76|68|87|58|63|76|70|68|58|67|71|95,2026-06-24|2026-06-25|2026-06-26|2026-06-29|2026-06-30|2026-07-01|2026-07-02|2026-07-06|2026-07-07|2026-07-08|2026-07-09|2026-07-10|2026-07-13|2026-07-14|2026-07-15|2026-07-16|2026-07-17|2026-07-20|2026-07-21|2026-07-22|2026-07-23|2026-07-24|2026-07-27|2026-07-28|2026-07-29|2026-07-30|2026-07-31|2026-08-03|2026-08-04|2026-08-05,2026-08-05 23:03:01,73.9
Cencora,70|56|70|55|62|63|85|79|59|94|70|75|75|75|65|75|62|54|71|67|60|56|59|77|65|63|59|58|69|100,2026-06-24|2026-06-25|2026-06-26|2026-06-29|2026-06-30|2026-07-01|2026-07-02|2026-07-06|2026-07-07|2026-07-08|2026-07-09|2026-07-10|2026-07-13|2026-07-14|2026-07-15|2026-07-16|2026-07-17|2026-07-20|2026-07-21|2026-07-22|2026-07-23|2026-07-24|2026-07-27|2026-07-28|2026-07-29|2026-07-30|2026-07-31|2026-08-03|2026-08-04|2026-08-05,2026-08-05 23:03:04,68.3
JPMorgan Chase,100|64|50|61|65|61|58|64|60|64|64|49|50|50|39|40|37|45|40|35|35|31|32|44|36|33|30|52|37|54,2026-06-24|2026-06-25|2026-06-26|2026-06-29|2026-06-30|2026-07-01|2026-07-02|2026-07-06|2026-07-07|2026-07-08|2026-07-09|2026-07-10|2026-07-13|2026-07-14|2026-07-15|2026-07-16|2026-07-17|2026-07-20|2026-07-21|2026-07-22|2026-07-23|2026-07-24|2026-07-27|2026-07-28|2026-07-29|2026-07-30|2026-07-31|2026-08-03|2026-08-04|2026-08-05,2026-08-05 23:03:09,49.3
Costco,69|68|72|71|76|73|77|63|66|70|76|74|71|67|64|71|76|76|72|68|67|73|73|71|71|76|75|70|73|65,2026-06-24|2026-06-25|2026-06-26|2026-06-29|2026-06-30|2026-07-01|2026-07-02|2026-07-06|2026-07-07|2026-07-08|2026-07-09|2026-07-10|2026-07-13|2026-07-14|2026-07-15|2026-07-16|2026-07-17|2026-07-20|2026-07-21|2026-07-22|2026-07-23|2026-07-24|2026-07-27|2026-07-28|2026-07-29|2026-07-30|2026-07-31|2026-08-03|2026-08-04|2026-08-05,2026-08-05 23:03:43,71.1
Cigna,75|71|68|78|81|83|71|77|81|83|76|65|76|77|74|71|62|100|79|77|73|63|77|79|78|74|63|80|79|82,2026-06-24|2026-06-25|2026-06-26|2026-06-29|2026-06-30|2026-07-01|2026-07-02|2026-07-06|2026-07-07|2026-07-08|2026-07-09|2026-07-10|2026-07-13|2026-07-14|2026-07-15|2026-07-16|2026-07-17|2026-07-20|2026-07-21|2026-07-22|2026-07-23|2026-07-24|2026-07-27|2026-07-28|2026-07-29|2026-07-30|2026-07-31|2026-08-03|2026-08-04|2026-08-05,2026-08-05 23:03:47,75.8
Microsoft,100|68|72|80|83|79|81|88|78|84|83|68|69|68|63|54|55|65|61|55|58|50|58|56|62|63|51|58|57|54,2026-06-24|2026-06-25|2026-06-26|2026-06-29|2026-06-30|2026-07-01|2026-07-02|2026-07-06|2026-07-07|2026-07-08|2026-07-09|2026-07-10|2026-07-13|2026-07-14|2026-07-15|2026-07-16|2026-07-17|2026-07-20|2026-07-21|2026-07-22|2026-07-23|2026-07-24|2026-07-27|2026-07-28|2026-07-29|2026-07-30|2026-07-31|2026-08-03|2026-08-04|2026-08-05,2026-08-05 23:04:02,67.4
Cardinal Health,100|83|65|83|81|92|90|79|89|85|77|64|78|65|90|54|60|88|76|72|70|61|72|79|76|70|62|67|70|71,2026-06-24|2026-06-25|2026-06-26|2026-06-29|2026-06-30|2026-07-01|2026-07-02|2026-07-06|2026-07-07|2026-07-08|2026-07-09|2026-07-10|2026-07-13|2026-07-14|2026-07-15|2026-07-16|2026-07-17|2026-07-20|2026-07-21|2026-07-22|2026-07-23|2026-07-24|2026-07-27|2026-07-28|2026-07-29|2026-07-30|2026-07-31|2026-08-03|2026-08-04|2026-08-05,2026-08-05 23:04:05,75.6
Chevron,19|19|17|18|17|17|17|15|14|19|17|15|16|16|14|14|15|17|15|15|15|15|14|15|14|15|18|19|100|35,2026-06-24|2026-06-25|2026-06-26|2026-06-29|2026-06-30|2026-07-01|2026-07-02|2026-07-06|2026-07-07|2026-07-08|2026-07-09|2026-07-10|2026-07-13|2026-07-14|2026-07-15|2026-07-16|2026-07-17|2026-07-20|2026-07-21|2026-07-22|2026-07-23|2026-07-24|2026-07-27|2026-07-28|2026-07-29|2026-07-30|2026-07-31|2026-08-03|2026-08-04|2026-08-05,2026-08-05 23:04:08,19.5
Bank of America,82|77|88|88|90|95|100|86|82|83|82|87|79|79|78|80|90|86|77|79|73|80|73|76|75|78|91|88|86|80,2026-06-24|2026-06-25|2026-06-26|2026-06-29|2026-06-30|2026-07-01|2026-07-02|2026-07-06|2026-07-07|2026-07-08|2026-07-09|2026-07-10|2026-07-13|2026-07-14|2026-07-15|2026-07-16|2026-07-17|2026-07-20|2026-07-21|2026-07-22|2026-07-23|2026-07-24|2026-07-27|2026-07-28|2026-07-29|2026-07-30|2026-07-31|2026-08-03|2026-08-04|2026-08-05,2026-08-05 23:04:12,82.9
General Motors,40|37|35|37|35|39|51|35|38|44|40|31|32|30|30|32|46|38|48|33|31|30|44|39|37|100|30|28|30|29,2026-06-24|2026-06-25|2026-06-26|2026-06-29|2026-06-30|2026-07-01|2026-07-02|2026-07-06|2026-07-07|2026-07-08|2026-07-09|2026-07-10|2026-07-13|2026-07-14|2026-07-15|2026-07-16|2026-07-17|2026-07-20|2026-07-21|2026-07-22|2026-07-23|2026-07-24|2026-07-27|2026-07-28|2026-07-29|2026-07-30|2026-07-31|2026-08-03|2026-08-04|2026-08-05,2026-08-05 23:04:15,38.3
Ford Motor,84|90|92|77|75|75|80|73|79|83|75|78|71|70|72|67|100|82|73|73|74|73|74|77|73|73|76|72|75|72,2026-06-24|2026-06-25|2026-06-26|2026-06-29|2026-06-30|2026-07-01|2026-07-02|2026-07-06|2026-07-07|2026-07-08|2026-07-09|2026-07-10|2026-07-13|2026-07-14|2026-07-15|2026-07-16|2026-07-17|2026-07-20|2026-07-21|2026-07-22|2026-07-23|2026-07-24|2026-07-27|2026-07-28|2026-07-29|2026-07-30|2026-07-31|2026-08-03|2026-08-04|2026-08-05,2026-08-05 23:04:18,76.9
Elevance Health,98|92|53|63|77|86|52|83|79|97|81|59|69|59|100|74|58|82|56|65|57|53|63|69|68|67|55|61|66|70,2026-06-24|2026-06-25|2026-06-26|2026-06-29|2026-06-30|2026-07-01|2026-07-02|2026-07-06|2026-07-07|2026-07-08|2026-07-09|2026-07-10|2026-07-13|2026-07-14|2026-07-15|2026-07-16|2026-07-17|2026-07-20|2026-07-21|2026-07-22|2026-07-23|2026-07-24|2026-07-27|2026-07-28|2026-07-29|2026-07-30|2026-07-31|2026-08-03|2026-08-04|2026-08-05,2026-08-05 23:04:23,70.4
Citigroup,,2026-06-24|2026-06-25|2026-06-26|2026-06-29|2026-06-30|2026-07-01|2026-07-02|2026-07-06|2026-07-07|2026-07-08|2026-07-09|2026-07-10|2026-07-13|2026-07-14|2026-07-15|2026-07-16|2026-07-17|2026-07-20|2026-07-21|2026-07-22|2026-07-23|2026-07-24|2026-07-27|2026-07-28|2026-07-29|2026-07-30|2026-07-31|2026-08-03|2026-08-04|2026-08-05,2026-08-05 23:04:58,0.0
Meta Platforms,,2026-06-24|2026-06-25|2026-06-26|2026-06-29|2026-06-30|2026-07-01|2026-07-02|2026-07-06|2026-07-07|2026-07-08|2026-07-09|2026-07-10|2026-07-13|2026-07-14|2026-07-15|2026-07-16|2026-07-17|2026-07-20|2026-07-21|2026-07-22|2026-07-23|2026-07-24|2026-07-27|2026-07-28|2026-07-29|2026-07-30|2026-07-31|2026-08-03|2026-08-04|2026-08-05,2026-08-05 23:05:40,0.0
Centene,,2026-06-24|2026-06-25|2026-06-26|2026-06-29|2026-06-30|2026-07-01|2026-07-02|2026-07-06|2026-07-07|2026-07-08|2026-07-09|2026-07-10|2026-07-13|2026-07-14|2026-07-15|2026-07-16|2026-07-17|2026-07-20|2026-07-21|2026-07-22|2026-07-23|2026-07-24|2026-07-27|2026-07-28|2026-07-29|2026-07-30|2026-07-31|2026-08-03|2026-08-04|2026-08-05,2026-08-05 23:05:50,0.0
The Home Depot Inc,,2026-06-24|2026-06-25|2026-06-26|2026-06-29|2026-06-30|2026-07-01|2026-07-02|2026-07-06|2026-07-07|2026-07-08|2026-07-09|2026-07-10|2026-07-13|2026-07-14|2026-07-15|2026-07-16|2026-07-17|2026-07-20|2026-07-21|2026-07-22|2026-07-23|2026-07-24|2026-07-27|2026-07-28|2026-07-29|2026-07-30|2026-07-31|2026-08-03|2026-08-04|2026-08-05,2026-08-05 23:05:50,0.0
Fannie Mae,,2026-06-24|2026-06-25|2026-06-26|2026-06-29|2026-06-30|2026-07-01|2026-07-02|2026-07-06|2026-07-07|2026-07-08|2026-07-09|2026-07-10|2026-07-13|2026-07-14|2026-07-15|2026-07-16|2026-07-17|2026-07-20|2026-07-21|2026-07-22|2026-07-23|2026-07-24|2026-07-27|2026-07-28|2026-07-29|2026-07-30|2026-07-31|2026-08-03|2026-08-04|2026-08-05,2026-08-05 23:05:50,0.0
Kroger,,2026-06-24|2026-06-25|2026-06-26|2026-06-29|2026-06-30|2026-07-01|2026-07-02|2026-07-06|2026-07-07|2026-07-08|2026-07-09|2026-07-10|2026-07-13|2026-07-14|2026-07-15|2026-07-16|2026-07-17|2026-07-20|2026-07-21|2026-07-22|2026-07-23|2026-07-24|2026-07-27|2026-07-28|2026-07-29|2026-07-30|2026-07-31|2026-08-03|2026-08-04|2026-08-05,2026-08-05 23:05:50,0.0
Phillips 66,,2026-06-24|2026-06-25|2026-06-26|2026-06-29|2026-06-30|2026-07-01|2026-07-02|2026-07-06|2026-07-07|2026-07-08|2026-07-09|2026-07-10|2026-07-13|2026-07-14|2026-07-15|2026-07-16|2026-07-17|2026-07-20|2026-07-21|2026-07-22|2026-07-23|2026-07-24|2026-07-27|2026-07-28|2026-07-29|2026-07-30|2026-07-31|2026-08-03|2026-08-04|2026-08-05,2026-08-05 23:05:50,0.0
Marathon Petroleum,,2026-06-24|2026-06-25|2026-06-26|2026-06-29|2026-06-30|2026-07-01|2026-07-02|2026-07-06|2026-07-07|2026-07-08|2026-07-09|2026-07-10|2026-07-13|2026-07-14|2026-07-15|2026-07-16|2026-07-17|2026-07-20|2026-07-21|2026-07-22|2026-07-23|2026-07-24|2026-07-27|2026-07-28|2026-07-29|2026-07-30|2026-07-31|2026-08-03|2026-08-04|2026-08-05,2026-08-05 23:05:50,0.0
Verizon,,2026-06-24|2026-06-25|2026-06-26|2026-06-29|2026-06-30|2026-07-01|2026-07-02|2026-07-06|2026-07-07|2026-07-08|2026-07-09|2026-07-10|2026-07-13|2026-07-14|2026-07-15|2026-07-16|2026-07-17|2026-07-20|2026-07-21|2026-07-22|2026-07-23|2026-07-24|2026-07-27|2026-07-28|2026-07-29|2026-07-30|2026-07-31|2026-08-03|2026-08-04|2026-08-05,2026-08-05 23:05:50,0.0
Nvidia,,2026-06-24|2026-06-25|2026-06-26|2026-06-29|2026-06-30|2026-07-01|2026-07-02|2026-07-06|2026-07-07|2026-07-08|2026-07-09|2026-07-10|2026-07-13|2026-07-14|2026-07-15|2026-07-16|2026-07-17|2026-07-20|2026-07-21|2026-07-22|2026-07-23|2026-07-24|2026-07-27|2026-07-28|2026-07-29|2026-07-30|2026-07-31|2026-08-03|2026-08-04|2026-08-05,2026-08-05 23:05:50,0.0
Goldman Sachs,,2026-06-24|2026-06-25|2026-06-26|2026-06-29|2026-06-30|2026-07-01|2026-07-02|2026-07-06|2026-07-07|2026-07-08|2026-07-09|2026-07-10|2026-07-13|2026-07-14|2026-07-15|2026-07-16|2026-07-17|2026-07-20|2026-07-21|2026-07-22|2026-07-23|2026-07-24|2026-07-27|2026-07-28|2026-07-29|2026-07-30|2026-07-31|2026-08-03|2026-08-04|2026-08-05,2026-08-05 23:05:50,0.0
Wells Fargo,,2026-06-24|2026-06-25|2026-06-26|2026-06-29|2026-06-30|2026-07-01|2026-07-02|2026-07-06|2026-07-07|2026-07-08|2026-07-09|2026-07-10|2026-07-13|2026-07-14|2026-07-15|2026-07-16|2026-07-17|2026-07-20|2026-07-21|2026-07-22|2026-07-23|2026-07-24|2026-07-27|2026-07-28|2026-07-29|2026-07-30|2026-07-31|2026-08-03|2026-08-04|2026-08-05,2026-08-05 23:05:50,0.0
Valero Energy,,2026-06-24|2026-06-25|2026-06-26|2026-06-29|2026-06-30|2026-07-01|2026-07-02|2026-07-06|2026-07-07|2026-07-08|2026-07-09|2026-07-10|2026-07-13|2026-07-14|2026-07-15|2026-07-16|2026-07-17|2026-07-20|2026-07-21|2026-07-22|2026-07-23|2026-07-24|2026-07-27|2026-07-28|2026-07-29|2026-07-30|2026-07-31|2026-08-03|2026-08-04|2026-08-05,2026-08-05 23:05:50,0.0
Comcast,,2026-06-24|2026-06-25|2026-06-26|2026-06-29|2026-06-30|2026-07-01|2026-07-02|2026-07-06|2026-07-07|2026-07-08|2026-07-09|2026-07-10|2026-07-13|2026-07-14|2026-07-15|2026-07-16|2026-07-17|2026-07-20|2026-07-21|2026-07-22|2026-07-23|2026-07-24|2026-07-27|2026-07-28|2026-07-29|2026-07-30|2026-07-31|2026-08-03|2026-08-04|2026-08-05,2026-08-05 23:05:50,0.0
AT&T,,2026-06-24|2026-06-25|2026-06-26|2026-06-29|2026-06-30|2026-07-01|2026-07-02|2026-07-06|2026-07-07|2026-07-08|2026-07-09|2026-07-10|2026-07-13|2026-07-14|2026-07-15|2026-07-16|2026-07-17|2026-07-20|2026-07-21|2026-07-22|2026-07-23|2026-07-24|2026-07-27|2026-07-28|2026-07-29|2026-07-30|2026-07-31|2026-08-03|2026-08-04|2026-08-05,2026-08-05 23:05:50,0.0
Freddie Mac,,2026-06-24|2026-06-25|2026-06-26|2026-06-29|2026-06-30|2026-07-01|2026-07-02|2026-07-06|2026-07-07|2026-07-08|2026-07-09|2026-07-10|2026-07-13|2026-07-14|2026-07-15|2026-07-16|2026-07-17|2026-07-20|2026-07-21|2026-07-22|2026-07-23|2026-07-24|2026-07-27|2026-07-28|2026-07-29|2026-07-30|2026-07-31|2026-08-03|2026-08-04|2026-08-05,2026-08-05 23:05:50,0.0
Humana,,2026-06-24|2026-06-25|2026-06-26|2026-06-29|2026-06-30|2026-07-01|2026-07-02|2026-07-06|2026-07-07|2026-07-08|2026-07-09|2026-07-10|2026-07-13|2026-07-14|2026-07-15|2026-07-16|2026-07-17|2026-07-20|2026-07-21|2026-07-22|2026-07-23|2026-07-24|2026-07-27|2026-07-28|2026-07-29|2026-07-30|2026-07-31|2026-08-03|2026-08-04|2026-08-05,2026-08-05 23:05:50,0.0
Morgan Stanley,,2026-06-24|2026-06-25|2026-06-26|2026-06-29|2026-06-30|2026-07-01|2026-07-02|2026-07-06|2026-07-07|2026-07-08|2026-07-09|2026-07-10|2026-07-13|2026-07-14|2026-07-15|2026-07-16|2026-07-17|2026-07-20|2026-07-21|2026-07-22|2026-07-23|2026-07-24|2026-07-27|2026-07-28|2026-07-29|2026-07-30|2026-07-31|2026-08-03|2026-08-04|2026-08-05,2026-08-05 23:05:50,0.0
Target Corporation,,2026-06-24|2026-06-25|2026-06-26|2026-06-29|2026-06-30|2026-07-01|2026-07-02|2026-07-06|2026-07-07|2026-07-08|2026-07-09|2026-07-10|2026-07-13|2026-07-14|2026-07-15|2026-07-16|2026-07-17|2026-07-20|2026-07-21|2026-07-22|2026-07-23|2026-07-24|2026-07-27|2026-07-28|2026-07-29|2026-07-30|2026-07-31|2026-08-03|2026-08-04|2026-08-05,2026-08-05 23:05:50,0.0
StoneX Group,,2026-06-24|2026-06-25|2026-06-26|2026-06-29|2026-06-30|2026-07-01|2026-07-02|2026-07-06|2026-07-07|2026-07-08|2026-07-09|2026-07-10|2026-07-13|2026-07-14|2026-07-15|2026-07-16|2026-07-17|2026-07-20|2026-07-21|2026-07-22|2026-07-23|2026-07-24|2026-07-27|2026-07-28|2026-07-29|2026-07-30|2026-07-31|2026-08-03|2026-08-04|2026-08-05,2026-08-05 23:05:50,0.0
Tesla,,2026-06-24|2026-06-25|2026-06-26|2026-06-29|2026-06-30|2026-07-01|2026-07-02|2026-07-06|2026-07-07|2026-07-08|2026-07-09|2026-07-10|2026-07-13|2026-07-14|2026-07-15|2026-07-16|2026-07-17|2026-07-20|2026-07-21|2026-07-22|2026-07-23|2026-07-24|2026-07-27|2026-07-28|2026-07-29|2026-07-30|2026-07-31|2026-08-03|2026-08-04|2026-08-05,2026-08-05 23:05:50,0.0
Dell Technologies,,2026-06-24|2026-06-25|2026-06-26|2026-06-29|2026-06-30|2026-07-01|2026-07-02|2026-07-06|2026-07-07|2026-07-08|2026-07-09|2026-07-10|2026-07-13|2026-07-14|2026-07-15|2026-07-16|2026-07-17|2026-07-20|2026-07-21|2026-07-22|2026-07-23|2026-07-24|2026-07-27|2026-07-28|2026-07-29|2026-07-30|2026-07-31|2026-08-03|2026-08-04|2026-08-05,2026-08-05 23:05:50,0.0
PepsiCo,,2026-06-24|2026-06-25|2026-06-26|2026-06-29|2026-06-30|2026-07-01|2026-07-02|2026-07-06|2026-07-07|2026-07-08|2026-07-09|2026-07-10|2026-07-13|2026-07-14|2026-07-15|2026-07-16|2026-07-17|2026-07-20|2026-07-21|2026-07-22|2026-07-23|2026-07-24|2026-07-27|2026-07-28|2026-07-29|2026-07-30|2026-07-31|2026-08-03|2026-08-04|2026-08-05,2026-08-05 23:05:50,0.0
The Walt Disney Company,,2026-06-24|2026-06-25|2026-06-26|2026-06-29|2026-06-30|2026-07-01|2026-07-02|2026-07-06|2026-07-07|2026-07-08|2026-07-09|2026-07-10|2026-07-13|2026-07-14|2026-07-15|2026-07-16|2026-07-17|2026-07-20|2026-07-21|2026-07-22|2026-07-23|2026-07-24|2026-07-27|2026-07-28|2026-07-29|2026-07-30|2026-07-31|2026-08-03|2026-08-04|2026-08-05,2026-08-05 23:05:50,0.0
UPS,,2026-06-24|2026-06-25|2026-06-26|2026-06-29|2026-06-30|2026-07-01|2026-07-02|2026-07-06|2026-07-07|2026-07-08|2026-07-09|2026-07-10|2026-07-13|2026-07-14|2026-07-15|2026-07-16|2026-07-17|2026-07-20|2026-07-21|2026-07-22|2026-07-23|2026-07-24|2026-07-27|2026-07-28|2026-07-29|2026-07-30|2026-07-31|2026-08-03|2026-08-04|2026-08-05,2026-08-05 23:05:50,0.0
Johnson & Johnson,,2026-06-24|2026-06-25|2026-06-26|2026-06-29|2026-06-30|2026-07-01|2026-07-02|2026-07-06|2026-07-07|2026-07-08|2026-07-09|2026-07-10|2026-07-13|2026-07-14|2026-07-15|2026-07-16|2026-07-17|2026-07-20|2026-07-21|2026-07-22|2026-07-23|2026-07-24|2026-07-27|2026-07-28|2026-07-29|2026-07-30|2026-07-31|2026-08-03|2026-08-04|2026-08-05,2026-08-05 23:05:50,0.0
FedEx,,2026-06-24|2026-06-25|2026-06-26|2026-06-29|2026-06-30|2026-07-01|2026-07-02|2026-07-06|2026-07-07|2026-07-08|2026-07-09|2026-07-10|2026-07-13|2026-07-14|2026-07-15|2026-07-16|2026-07-17|2026-07-20|2026-07-21|2026-07-22|2026-07-23|2026-07-24|2026-07-27|2026-07-28|2026-07-29|2026-07-30|2026-07-31|2026-08-03|2026-08-04|2026-08-05,2026-08-05 23:05:50,0.0
Archer Daniels Midland,,2026-06-24|2026-06-25|2026-06-26|2026-06-29|2026-06-30|2026-07-01|2026-07-02|2026-07-06|2026-07-07|2026-07-08|2026-07-09|2026-07-10|2026-07-13|2026-07-14|2026-07-15|2026-07-16|2026-07-17|2026-07-20|2026-07-21|2026-07-22|2026-07-23|2026-07-24|2026-07-27|2026-07-28|2026-07-29|2026-07-30|2026-07-31|2026-08-03|2026-08-04|2026-08-05,2026-08-05 23:05:50,0.0
Procter & Gamble,,2026-06-24|2026-06-25|2026-06-26|2026-06-29|2026-06-30|2026-07-01|2026-07-02|2026-07-06|2026-07-07|2026-07-08|2026-07-09|2026-07-10|2026-07-13|2026-07-14|2026-07-15|2026-07-16|2026-07-17|2026-07-20|2026-07-21|2026-07-22|2026-07-23|2026-07-24|2026-07-27|2026-07-28|2026-07-29|2026-07-30|2026-07-31|2026-08-03|2026-08-04|2026-08-05,2026-08-05 23:05:50,0.0
Lowe's Companies,,2026-06-24|2026-06-25|2026-06-26|2026-06-29|2026-06-30|2026-07-01|2026-07-02|2026-07-06|2026-07-07|2026-07-08|2026-07-09|2026-07-10|2026-07-13|2026-07-14|2026-07-15|2026-07-16|2026-07-17|2026-07-20|2026-07-21|2026-07-22|2026-07-23|2026-07-24|2026-07-27|2026-07-28|2026-07-29|2026-07-30|2026-07-31|2026-08-03|2026-08-04|2026-08-05,2026-08-05 23:05:50,0.0
Energy Transfer,,2026-06-24|2026-06-25|2026-06-26|2026-06-29|2026-06-30|2026-07-01|2026-07-02|2026-07-06|2026-07-07|2026-07-08|2026-07-09|2026-07-10|2026-07-13|2026-07-14|2026-07-15|2026-07-16|2026-07-17|2026-07-20|2026-07-21|2026-07-22|2026-07-23|2026-07-24|2026-07-27|2026-07-28|2026-07-29|2026-07-30|2026-07-31|2026-08-03|2026-08-04|2026-08-05,2026-08-05 23:05:50,0.0
RTX,,2026-06-24|2026-06-25|2026-06-26|2026-06-29|2026-06-30|2026-07-01|2026-07-02|2026-07-06|2026-07-07|2026-07-08|2026-07-09|2026-07-10|2026-07-13|2026-07-14|2026-07-15|2026-07-16|2026-07-17|2026-07-20|2026-07-21|2026-07-22|2026-07-23|2026-07-24|2026-07-27|2026-07-28|2026-07-29|2026-07-30|2026-07-31|2026-08-03|2026-08-04|2026-08-05,2026-08-05 23:05:50,0.0
Albertsons,,2026-06-24|2026-06-25|2026-06-26|2026-06-29|2026-06-30|2026-07-01|2026-07-02|2026-07-06|2026-07-07|2026-07-08|2026-07-09|2026-07-10|2026-07-13|2026-07-14|2026-07-15|2026-07-16|2026-07-17|2026-07-20|2026-07-21|2026-07-22|2026-07-23|2026-07-24|2026-07-27|2026-07-28|2026-07-29|2026-07-30|2026-07-31|2026-08-03|2026-08-04|2026-08-05,2026-08-05 23:05:50,0.0
Sysco,,2026-06-24|2026-06-25|2026-06-26|2026-06-29|2026-06-30|2026-07-01|2026-07-02|2026-07-06|2026-07-07|2026-07-08|2026-07-09|2026-07-10|2026-07-13|2026-07-14|2026-07-15|2026-07-16|2026-07-17|2026-07-20|2026-07-21|2026-07-22|2026-07-23|2026-07-24|2026-07-27|2026-07-28|2026-07-29|2026-07-30|2026-07-31|2026-08-03|2026-08-04|2026-08-05,2026-08-05 23:05:50,0.0
Progressive Insurance,,2026-06-24|2026-06-25|2026-06-26|2026-06-29|2026-06-30|2026-07-01|2026-07-02|2026-07-06|2026-07-07|2026-07-08|2026-07-09|2026-07-10|2026-07-13|2026-07-14|2026-07-15|2026-07-16|2026-07-17|2026-07-20|2026-07-21|2026-07-22|2026-07-23|2026-07-24|2026-07-27|2026-07-28|2026-07-29|2026-07-30|2026-07-31|2026-08-03|2026-08-04|2026-08-05,2026-08-05 23:05:50,0.0
American Express,,2026-06-24|2026-06-25|2026-06-26|2026-06-29|2026-06-30|2026-07-01|2026-07-02|2026-07-06|2026-07-07|2026-07-08|2026-07-09|2026-07-10|2026-07-13|2026-07-14|2026-07-15|2026-07-16|2026-07-17|2026-07-20|2026-07-21|2026-07-22|2026-07-23|2026-07-24|2026-07-27|2026-07-28|2026-07-29|2026-07-30|2026-07-31|2026-08-03|2026-08-04|2026-08-05,2026-08-05 23:05:50,0.0
Lockheed Martin,,2026-06-24|2026-06-25|2026-06-26|2026-06-29|2026-06-30|2026-07-01|2026-07-02|2026-07-06|2026-07-07|2026-07-08|2026-07-09|2026-07-10|2026-07-13|2026-07-14|2026-07-15|2026-07-16|2026-07-17|2026-07-20|2026-07-21|2026-07-22|2026-07-23|2026-07-24|2026-07-27|2026-07-28|2026-07-29|2026-07-30|2026-07-31|2026-08-03|2026-08-04|2026-08-05,2026-08-05 23:05:50,0.0
MetLife Inc,,2026-06-24|2026-06-25|2026-06-26|2026-06-29|2026-06-30|2026-07-01|2026-07-02|2026-07-06|2026-07-07|2026-07-08|2026-07-09|2026-07-10|2026-07-13|2026-07-14|2026-07-15|2026-07-16|2026-07-17|2026-07-20|2026-07-21|2026-07-22|2026-07-23|2026-07-24|2026-07-27|2026-07-28|2026-07-29|2026-07-30|2026-07-31|2026-08-03|2026-08-04|2026-08-05,2026-08-05 23:05:50,0.0
HCA Healthcare,,2026-06-24|2026-06-25|2026-06-26|2026-06-29|2026-06-30|2026-07-01|2026-07-02|2026-07-06|2026-07-07|2026-07-08|2026-07-09|2026-07-10|2026-07-13|2026-07-14|2026-07-15|2026-07-16|2026-07-17|2026-07-20|2026-07-21|2026-07-22|2026-07-23|2026-07-24|2026-07-27|2026-07-28|2026-07-29|2026-07-30|2026-07-31|2026-08-03|2026-08-04|2026-08-05,2026-08-05 23:05:50,0.0
Prudential Financial,,2026-06-24|2026-06-25|2026-06-26|2026-06-29|2026-06-30|2026-07-01|2026-07-02|2026-07-06|2026-07-07|2026-07-08|2026-07-09|2026-07-10|2026-07-13|2026-07-14|2026-07-15|2026-07-16|2026-07-17|2026-07-20|2026-07-21|2026-07-22|2026-07-23|2026-07-24|2026-07-27|2026-07-28|2026-07-29|2026-07-30|2026-07-31|2026-08-03|2026-08-04|2026-08-05,2026-08-05 23:05:50,0.0
Boeing,,2026-06-24|2026-06-25|2026-06-26|2026-06-29|2026-06-30|2026-07-01|2026-07-02|2026-07-06|2026-07-07|2026-07-08|2026-07-09|2026-07-10|2026-07-13|2026-07-14|2026-07-15|2026-07-16|2026-07-17|2026-07-20|2026-07-21|2026-07-22|2026-07-23|2026-07-24|2026-07-27|2026-07-28|2026-07-29|2026-07-30|2026-07-31|2026-08-03|2026-08-04|2026-08-05,2026-08-05 23:05:50,0.0
Caterpillar,,2026-06-24|2026-06-25|2026-06-26|2026-06-29|2026-06-30|2026-07-01|2026-07-02|2026-07-06|2026-07-07|2026-07-08|2026-07-09|2026-07-10|2026-07-13|2026-07-14|2026-07-15|2026-07-16|2026-07-17|2026-07-20|2026-07-21|2026-07-22|2026-07-23|2026-07-24|2026-07-27|2026-07-28|2026-07-29|2026-07-30|2026-07-31|2026-08-03|2026-08-04|2026-08-05,2026-08-05 23:05:50,0.0
Merck,,2026-06-24|2026-06-25|2026-06-26|2026-06-29|2026-06-30|2026-07-01|2026-07-02|2026-07-06|2026-07-07|2026-07-08|2026-07-09|2026-07-10|2026-07-13|2026-07-14|2026-07-15|2026-07-16|2026-07-17|2026-07-20|2026-07-21|2026-07-22|2026-07-23|2026-07-24|2026-07-27|2026-07-28|2026-07-29|2026-07-30|2026-07-31|2026-08-03|2026-08-04|2026-08-05,2026-08-05 23:05:50,0.0
Allstate,,2026-06-24|2026-06-25|2026-06-26|2026-06-29|2026-06-30|2026-07-01|2026-07-02|2026-07-06|2026-07-07|2026-07-08|2026-07-09|2026-07-10|2026-07-13|2026-07-14|2026-07-15|2026-07-16|2026-07-17|2026-07-20|2026-07-21|2026-07-22|2026-07-23|2026-07-24|2026-07-27|2026-07-28|2026-07-29|2026-07-30|2026-07-31|2026-08-03|2026-08-04|2026-08-05,2026-08-05 23:05:50,0.0
Pfizer,,2026-06-24|2026-06-25|2026-06-26|2026-06-29|2026-06-30|2026-07-01|2026-07-02|2026-07-06|2026-07-07|2026-07-08|2026-07-09|2026-07-10|2026-07-13|2026-07-14|2026-07-15|2026-07-16|2026-07-17|2026-07-20|2026-07-21|2026-07-22|2026-07-23|2026-07-24|2026-07-27|2026-07-28|2026-07-29|2026-07-30|2026-07-31|2026-08-03|2026-08-04|2026-08-05,2026-08-05 23:05:50,0.0
IBM,,2026-06-24|2026-06-25|2026-06-26|2026-06-29|2026-06-30|2026-07-01|2026-07-02|2026-07-06|2026-07-07|2026-07-08|2026-07-09|2026-07-10|2026-07-13|2026-07-14|2026-07-15|2026-07-16|2026-07-17|2026-07-20|2026-07-21|2026-07-22|2026-07-23|2026-07-24|2026-07-27|2026-07-28|2026-07-29|2026-07-30|2026-07-31|2026-08-03|2026-08-04|2026-08-05,2026-08-05 23:05:50,0.0
Delta Air Lines,,2026-06-24|2026-06-25|2026-06-26|2026-06-29|2026-06-30|2026-07-01|2026-07-02|2026-07-06|2026-07-07|2026-07-08|2026-07-09|2026-07-10|2026-07-13|2026-07-14|2026-07-15|2026-07-16|2026-07-17|2026-07-20|2026-07-21|2026-07-22|2026-07-23|2026-07-24|2026-07-27|2026-07-28|2026-07-29|2026-07-30|2026-07-31|2026-08-03|2026-08-04|2026-08-05,2026-08-05 23:05:50,0.0
Publix Super Markets,,2026-06-24|2026-06-25|2026-06-26|2026-06-29|2026-06-30|2026-07-01|2026-07-02|2026-07-06|2026-07-07|2026-07-08|2026-07-09|2026-07-10|2026-07-13|2026-07-14|2026-07-15|2026-07-16|2026-07-17|2026-07-20|2026-07-21|2026-07-22|2026-07-23|2026-07-24|2026-07-27|2026-07-28|2026-07-29|2026-07-30|2026-07-31|2026-08-03|2026-08-04|2026-08-05,2026-08-05 23:05:50,0.0
TD Synnex,,2026-06-24|2026-06-25|2026-06-26|2026-06-29|2026-06-30|2026-07-01|2026-07-02|2026-07-06|2026-07-07|2026-07-08|2026-07-09|2026-07-10|2026-07-13|2026-07-14|2026-07-15|2026-07-16|2026-07-17|2026-07-20|2026-07-21|2026-07-22|2026-07-23|2026-07-24|2026-07-27|2026-07-28|2026-07-29|2026-07-30|2026-07-31|2026-08-03|2026-08-04|2026-08-05,2026-08-05 23:05:50,0.0
United Airlines,,2026-06-24|2026-06-25|2026-06-26|2026-06-29|2026-06-30|2026-07-01|2026-07-02|2026-07-06|2026-07-07|2026-07-08|2026-07-09|2026-07-10|2026-07-13|2026-07-14|2026-07-15|2026-07-16|2026-07-17|2026-07-20|2026-07-21|2026-07-22|2026-07-23|2026-07-24|2026-07-27|2026-07-28|2026-07-29|2026-07-30|2026-07-31|2026-08-03|2026-08-04|2026-08-05,2026-08-05 23:05:50,0.0
ConocoPhillips,,2026-06-24|2026-06-25|2026-06-26|2026-06-29|2026-06-30|2026-07-01|2026-07-02|2026-07-06|2026-07-07|2026-07-08|2026-07-09|2026-07-10|2026-07-13|2026-07-14|2026-07-15|2026-07-16|2026-07-17|2026-07-20|2026-07-21|2026-07-22|2026-07-23|2026-07-24|2026-07-27|2026-07-28|2026-07-29|2026-07-30|2026-07-31|2026-08-03|2026-08-04|2026-08-05,2026-08-05 23:05:50,0.0
TJX,,2026-06-24|2026-06-25|2026-06-26|2026-06-29|2026-06-30|2026-07-01|2026-07-02|2026-07-06|2026-07-07|2026-07-08|2026-07-09|2026-07-10|2026-07-13|2026-07-14|2026-07-15|2026-07-16|2026-07-17|2026-07-20|2026-07-21|2026-07-22|2026-07-23|2026-07-24|2026-07-27|2026-07-28|2026-07-29|2026-07-30|2026-07-31|2026-08-03|2026-08-04|2026-08-05,2026-08-05 23:05:50,0.0
AbbVie,,2026-06-24|2026-06-25|2026-06-26|2026-06-29|2026-06-30|2026-07-01|2026-07-02|2026-07-06|2026-07-07|2026-07-08|2026-07-09|2026-07-10|2026-07-13|2026-07-14|2026-07-15|2026-07-16|2026-07-17|2026-07-20|2026-07-21|2026-07-22|2026-07-23|2026-07-24|2026-07-27|2026-07-28|2026-07-29|2026-07-30|2026-07-31|2026-08-03|2026-08-04|2026-08-05,2026-08-05 23:05:50,0.0
Enterprise Products Partners,,2026-06-24|2026-06-25|2026-06-26|2026-06-29|2026-06-30|2026-07-01|2026-07-02|2026-07-06|2026-07-07|2026-07-08|2026-07-09|2026-07-10|2026-07-13|2026-07-14|2026-07-15|2026-07-16|2026-07-17|2026-07-20|2026-07-21|2026-07-22|2026-07-23|2026-07-24|2026-07-27|2026-07-28|2026-07-29|2026-07-30|2026-07-31|2026-08-03|2026-08-04|2026-08-05,2026-08-05 23:05:50,0.0
Charter Communications,,2026-06-24|2026-06-25|2026-06-26|2026-06-29|2026-06-30|2026-07-01|2026-07-02|2026-07-06|2026-07-07|2026-07-08|2026-07-09|2026-07-10|2026-07-13|2026-07-14|2026-07-15|2026-07-16|2026-07-17|2026-07-20|2026-07-21|2026-07-22|2026-07-23|2026-07-24|2026-07-27|2026-07-28|2026-07-29|2026-07-30|2026-07-31|2026-08-03|2026-08-04|2026-08-05,2026-08-05 23:05:50,0.0
Performance Food,,2026-06-24|2026-06-25|2026-06-26|2026-06-29|2026-06-30|2026-07-01|2026-07-02|2026-07-06|2026-07-07|2026-07-08|2026-07-09|2026-07-10|2026-07-13|2026-07-14|2026-07-15|2026-07-16|2026-07-17|2026-07-20|2026-07-21|2026-07-22|2026-07-23|2026-07-24|2026-07-27|2026-07-28|2026-07-29|2026-07-30|2026-07-31|2026-08-03|2026-08-04|2026-08-05,2026-08-05 23:05:50,0.0
American Airlines,,2026-06-24|2026-06-25|2026-06-26|2026-06-29|2026-06-30|2026-07-01|2026-07-02|2026-07-06|2026-07-07|2026-07-08|2026-07-09|2026-07-10|2026-07-13|2026-07-14|2026-07-15|2026-07-16|2026-07-17|2026-07-20|2026-07-21|2026-07-22|2026-07-23|2026-07-24|2026-07-27|2026-07-28|2026-07-29|2026-07-30|2026-07-31|2026-08-03|2026-08-04|2026-08-05,2026-08-05 23:05:50,0.0
Capital One,,2026-06-24|2026-06-25|2026-06-26|2026-06-29|2026-06-30|2026-07-01|2026-07-02|2026-07-06|2026-07-07|2026-07-08|2026-07-09|2026-07-10|2026-07-13|2026-07-14|2026-07-15|2026-07-16|2026-07-17|2026-07-20|2026-07-21|2026-07-22|2026-07-23|2026-07-24|2026-07-27|2026-07-28|2026-07-29|2026-07-30|2026-07-31|2026-08-03|2026-08-04|2026-08-05,2026-08-05 23:05:50,0.0
Cisco Systems,,2026-06-24|2026-06-25|2026-06-26|2026-06-29|2026-06-30|2026-07-01|2026-07-02|2026-07-06|2026-07-07|2026-07-08|2026-07-09|2026-07-10|2026-07-13|2026-07-14|2026-07-15|2026-07-16|2026-07-17|2026-07-20|2026-07-21|2026-07-22|2026-07-23|2026-07-24|2026-07-27|2026-07-28|2026-07-29|2026-07-30|2026-07-31|2026-08-03|2026-08-04|2026-08-05,2026-08-05 23:05:50,0.0
HP,,2026-06-24|2026-06-25|2026-06-26|2026-06-29|2026-06-30|2026-07-01|2026-07-02|2026-07-06|2026-07-07|2026-07-08|2026-07-09|2026-07-10|2026-07-13|2026-07-14|2026-07-15|2026-07-16|2026-07-17|2026-07-20|2026-07-21|2026-07-22|2026-07-23|2026-07-24|2026-07-27|2026-07-28|2026-07-29|2026-07-30|2026-07-31|2026-08-03|2026-08-04|2026-08-05,2026-08-05 23:05:50,0.0
Tyson Foods,,2026-06-24|2026-06-25|2026-06-26|2026-06-29|2026-06-30|2026-07-01|2026-07-02|2026-07-06|2026-07-07|2026-07-08|2026-07-09|2026-07-10|2026-07-13|2026-07-14|2026-07-15|2026-07-16|2026-07-17|2026-07-20|2026-07-21|2026-07-22|2026-07-23|2026-07-24|2026-07-27|2026-07-28|2026-07-29|2026-07-30|2026-07-31|2026-08-03|2026-08-04|2026-08-05,2026-08-05 23:05:50,0.0
Intel,,2026-06-24|2026-06-25|2026-06-26|2026-06-29|2026-06-30|2026-07-01|2026-07-02|2026-07-06|2026-07-07|2026-07-08|2026-07-09|2026-07-10|2026-07-13|2026-07-14|2026-07-15|2026-07-16|2026-07-17|2026-07-20|2026-07-21|2026-07-22|2026-07-23|2026-07-24|2026-07-27|2026-07-28|2026-07-29|2026-07-30|2026-07-31|2026-08-03|2026-08-04|2026-08-05,2026-08-05 23:05:50,0.0
Oracle,,2026-06-24|2026-06-25|2026-06-26|2026-06-29|2026-06-30|2026-07-01|2026-07-02|2026-07-06|2026-07-07|2026-07-08|2026-07-09|2026-07-10|2026-07-13|2026-07-14|2026-07-15|2026-07-16|2026-07-17|2026-07-20|2026-07-21|2026-07-22|2026-07-23|2026-07-24|2026-07-27|2026-07-28|2026-07-29|2026-07-30|2026-07-31|2026-08-03|2026-08-04|2026-08-05,2026-08-05 23:05:50,0.0
Broadcom,,2026-06-24|2026-06-25|2026-06-26|2026-06-29|2026-06-30|2026-07-01|2026-07-02|2026-07-06|2026-07-07|2026-07-08|2026-07-09|2026-07-10|2026-07-13|2026-07-14|2026-07-15|2026-07-16|2026-07-17|2026-07-20|2026-07-21|2026-07-22|2026-07-23|2026-07-24|2026-07-27|2026-07-28|2026-07-29|2026-07-30|2026-07-31|2026-08-03|2026-08-04|2026-08-05,2026-08-05 23:05:50,0.0
John Deere & Company,,2026-06-24|2026-06-25|2026-06-26|2026-06-29|2026-06-30|2026-07-01|2026-07-02|2026-07-06|2026-07-07|2026-07-08|2026-07-09|2026-07-10|2026-07-13|2026-07-14|2026-07-15|2026-07-16|2026-07-17|2026-07-20|2026-07-21|2026-07-22|2026-07-23|2026-07-24|2026-07-27|2026-07-28|2026-07-29|2026-07-30|2026-07-31|2026-08-03|2026-08-04|2026-08-05,2026-08-05 23:05:50,0.0
Nike,,2026-06-24|2026-06-25|2026-06-26|2026-06-29|2026-06-30|2026-07-01|2026-07-02|2026-07-06|2026-07-07|2026-07-08|2026-07-09|2026-07-10|2026-07-13|2026-07-14|2026-07-15|2026-07-16|2026-07-17|2026-07-20|2026-07-21|2026-07-22|2026-07-23|2026-07-24|2026-07-27|2026-07-28|2026-07-29|2026-07-30|2026-07-31|2026-08-03|2026-08-04|2026-08-05,2026-08-05 23:05:50,0.0
Plains GP,,2026-06-24|2026-06-25|2026-06-26|2026-06-29|2026-06-30|2026-07-01|2026-07-02|2026-07-06|2026-07-07|2026-07-08|2026-07-09|2026-07-10|2026-07-13|2026-07-14|2026-07-15|2026-07-16|2026-07-17|2026-07-20|2026-07-21|2026-07-22|2026-07-23|2026-07-24|2026-07-27|2026-07-28|2026-07-29|2026-07-30|2026-07-31|2026-08-03|2026-08-04|2026-08-05,2026-08-05 23:05:50,0.0
Bristol-Myers Squibb,,2026-06-24|2026-06-25|2026-06-26|2026-06-29|2026-06-30|2026-07-01|2026-07-02|2026-07-06|2026-07-07|2026-07-08|2026-07-09|2026-07-10|2026-07-13|2026-07-14|2026-07-15|2026-07-16|2026-07-17|2026-07-20|2026-07-21|2026-07-22|2026-07-23|2026-07-24|2026-07-27|2026-07-28|2026-07-29|2026-07-30|2026-07-31|2026-08-03|2026-08-04|2026-08-05,2026-08-05 23:05:50,0.0
Ingram Micro,,2026-06-24|2026-06-25|2026-06-26|2026-06-29|2026-06-30|2026-07-01|2026-07-02|2026-07-06|2026-07-07|2026-07-08|2026-07-09|2026-07-10|2026-07-13|2026-07-14|2026-07-15|2026-07-16|2026-07-17|2026-07-20|2026-07-21|2026-07-22|2026-07-23|2026-07-24|2026-07-27|2026-07-28|2026-07-29|2026-07-30|2026-07-31|2026-08-03|2026-08-04|2026-08-05,2026-08-05 23:05:50,0.0
General Dynamics,,2026-06-24|2026-06-25|2026-06-26|2026-06-29|2026-06-30|2026-07-01|2026-07-02|2026-07-06|2026-07-07|2026-07-08|2026-07-09|2026-07-10|2026-07-13|2026-07-14|2026-07-15|2026-07-16|2026-07-17|2026-07-20|2026-07-21|2026-07-22|2026-07-23|2026-07-24|2026-07-27|2026-07-28|2026-07-29|2026-07-30|2026-07-31|2026-08-03|2026-08-04|2026-08-05,2026-08-05 23:05:50,0.0
The Coca-Cola Company,,2026-06-24|2026-06-25|2026-06-26|2026-06-29|2026-06-30|2026-07-01|2026-07-02|2026-07-06|2026-07-07|2026-07-08|2026-07-09|2026-07-10|2026-07-13|2026-07-14|2026-07-15|2026-07-16|2026-07-17|2026-07-20|2026-07-21|2026-07-22|2026-07-23|2026-07-24|2026-07-27|2026-07-28|2026-07-29|2026-07-30|2026-07-31|2026-08-03|2026-08-04|2026-08-05,2026-08-05 23:05:50,0.0
The Travelers Indemnity Company,,2026-06-24|2026-06-25|2026-06-26|2026-06-29|2026-06-30|2026-07-01|2026-07-02|2026-07-06|2026-07-07|2026-07-08|2026-07-09|2026-07-10|2026-07-13|2026-07-14|2026-07-15|2026-07-16|2026-07-17|2026-07-20|2026-07-21|2026-07-22|2026-07-23|2026-07-24|2026-07-27|2026-07-28|2026-07-29|2026-07-30|2026-07-31|2026-08-03|2026-08-04|2026-08-05,2026-08-05 23:05:50,0.0
Eli Lilly,,2026-06-24|2026-06-25|2026-06-26|2026-06-29|2026-06-30|2026-07-01|2026-07-02|2026-07-06|2026-07-07|2026-07-08|2026-07-09|2026-07-10|2026-07-13|2026-07-14|2026-07-15|2026-07-16|2026-07-17|2026-07-20|2026-07-21|2026-07-22|2026-07-23|2026-07-24|2026-07-27|2026-07-28|2026-07-29|2026-07-30|2026-07-31|2026-08-03|2026-08-04|2026-08-05,2026-08-05 23:05:50,0.0
Uber Technologies,,2026-06-24|2026-06-25|2026-06-26|2026-06-29|2026-06-30|2026-07-01|2026-07-02|2026-07-06|2026-07-07|2026-07-08|2026-07-09|2026-07-10|2026-07-13|2026-07-14|2026-07-15|2026-07-16|2026-07-17|2026-07-20|2026-07-21|2026-07-22|2026-07-23|2026-07-24|2026-07-27|2026-07-28|2026-07-29|2026-07-30|2026-07-31|2026-08-03|2026-08-04|2026-08-05,2026-08-05 23:05:50,0.0
Thermo Fisher Scientific,,2026-06-24|2026-06-25|2026-06-26|2026-06-29|2026-06-30|2026-07-01|2026-07-02|2026-07-06|2026-07-07|2026-07-08|2026-07-09|2026-07-10|2026-07-13|2026-07-14|2026-07-15|2026-07-16|2026-07-17|2026-07-20|2026-07-21|2026-07-22|2026-07-23|2026-07-24|2026-07-27|2026-07-28|2026-07-29|2026-07-30|2026-07-31|2026-08-03|2026-08-04|2026-08-05,2026-08-05 23:05:50,0.0
US Bancorp,,2026-06-24|2026-06-25|2026-06-26|2026-06-29|2026-06-30|2026-07-01|2026-07-02|2026-07-06|2026-07-07|2026-07-08|2026-07-09|2026-07-10|2026-07-13|2026-07-14|2026-07-15|2026-07-16|2026-07-17|2026-07-20|2026-07-21|2026-07-22|2026-07-23|2026-07-24|2026-07-27|2026-07-28|2026-07-29|2026-07-30|2026-07-31|2026-08-03|2026-08-04|2026-08-05,2026-08-05 23:05:50,0.0
World Kinect,,2026-06-24|2026-06-25|2026-06-26|2026-06-29|2026-06-30|2026-07-01|2026-07-02|2026-07-06|2026-07-07|2026-07-08|2026-07-09|2026-07-10|2026-07-13|2026-07-14|2026-07-15|2026-07-16|2026-07-17|2026-07-20|2026-07-21|2026-07-22|2026-07-23|2026-07-24|2026-07-27|2026-07-28|2026-07-29|2026-07-30|2026-07-31|2026-08-03|2026-08-04|2026-08-05,2026-08-05 23:05:50,0.0
Abbott Laboratories,,2026-06-24|2026-06-25|2026-06-26|2026-06-29|2026-06-30|2026-07-01|2026-07-02|2026-07-06|2026-07-07|2026-07-08|2026-07-09|2026-07-10|2026-07-13|2026-07-14|2026-07-15|2026-07-16|2026-07-17|2026-07-20|2026-07-21|2026-07-22|2026-07-23|2026-07-24|2026-07-27|2026-07-28|2026-07-29|2026-07-30|2026-07-31|2026-08-03|2026-08-04|2026-08-05,2026-08-05 23:05:50,0.0
Best Buy,,2026-06-24|2026-06-25|2026-06-26|2026-06-29|2026-06-30|2026-07-01|2026-07-02|2026-07-06|2026-07-07|2026-07-08|2026-07-09|2026-07-10|2026-07-13|2026-07-14|2026-07-15|2026-07-16|2026-07-17|2026-07-20|2026-07-21|2026-07-22|2026-07-23|2026-07-24|2026-07-27|2026-07-28|2026-07-29|2026-07-30|2026-07-31|2026-08-03|2026-08-04|2026-08-05,2026-08-05 23:05:50,0.0
Northrop Grumman,,2026-06-24|2026-06-25|2026-06-26|2026-06-29|2026-06-30|2026-07-01|2026-07-02|2026-07-06|2026-07-07|2026-07-08|2026-07-09|2026-07-10|2026-07-13|2026-07-14|2026-07-15|2026-07-16|2026-07-17|2026-07-20|2026-07-21|2026-07-22|2026-07-23|2026-07-24|2026-07-27|2026-07-28|2026-07-29|2026-07-30|2026-07-31|2026-08-03|2026-08-04|2026-08-05,2026-08-05 23:05:50,0.0
Molina Healthcare,,2026-06-24|2026-06-25|2026-06-26|2026-06-29|2026-06-30|2026-07-01|2026-07-02|2026-07-06|2026-07-07|2026-07-08|2026-07-09|2026-07-10|2026-07-13|2026-07-14|2026-07-15|2026-07-16|2026-07-17|2026-07-20|2026-07-21|2026-07-22|2026-07-23|2026-07-24|2026-07-27|2026-07-28|2026-07-29|2026-07-30|2026-07-31|2026-08-03|2026-08-04|2026-08-05,2026-08-05 23:05:50,0.0
Dollar General Corporation,,2026-06-24|2026-06-25|2026-06-26|2026-06-29|2026-06-30|2026-07-01|2026-07-02|2026-07-06|2026-07-07|2026-07-08|2026-07-09|2026-07-10|2026-07-13|2026-07-14|2026-07-15|2026-07-16|2026-07-17|2026-07-20|2026-07-21|2026-07-22|2026-07-23|2026-07-24|2026-07-27|2026-07-28|2026-07-29|2026-07-30|2026-07-31|2026-08-03|2026-08-04|2026-08-05,2026-08-05 23:05:50,0.0
Warner Bros Discovery,,2026-06-24|2026-06-25|2026-06-26|2026-06-29|2026-06-30|2026-07-01|2026-07-02|2026-07-06|2026-07-07|2026-07-08|2026-07-09|2026-07-10|2026-07-13|2026-07-14|2026-07-15|2026-07-16|2026-07-17|2026-07-20|2026-07-21|2026-07-22|2026-07-23|2026-07-24|2026-07-27|2026-07-28|2026-07-29|2026-07-30|2026-07-31|2026-08-03|2026-08-04|2026-08-05,2026-08-05 23:05:50,0.0
Netflix,,2026-06-24|2026-06-25|2026-06-26|2026-06-29|2026-06-30|2026-07-01|2026-07-02|2026-07-06|2026-07-07|2026-07-08|2026-07-09|2026-07-10|2026-07-13|2026-07-14|2026-07-15|2026-07-16|2026-07-17|2026-07-20|2026-07-21|2026-07-22|2026-07-23|2026-07-24|2026-07-27|2026-07-28|2026-07-29|2026-07-30|2026-07-31|2026-08-03|2026-08-04|2026-08-05,2026-08-05 23:05:50,0.0
Qualcomm,,2026-06-24|2026-06-25|2026-06-26|2026-06-29|2026-06-30|2026-07-01|2026-07-02|2026-07-06|2026-07-07|2026-07-08|2026-07-09|2026-07-10|2026-07-13|2026-07-14|2026-07-15|2026-07-16|2026-07-17|2026-07-20|2026-07-21|2026-07-22|2026-07-23|2026-07-24|2026-07-27|2026-07-28|2026-07-29|2026-07-30|2026-07-31|2026-08-03|2026-08-04|2026-08-05,2026-08-05 23:05:50,0.0
Honeywell,,2026-06-24|2026-06-25|2026-06-26|2026-06-29|2026-06-30|2026-07-01|2026-07-02|2026-07-06|2026-07-07|2026-07-08|2026-07-09|2026-07-10|2026-07-13|2026-07-14|2026-07-15|2026-07-16|2026-07-17|2026-07-20|2026-07-21|2026-07-22|2026-07-23|2026-07-24|2026-07-27|2026-07-28|2026-07-29|2026-07-30|2026-07-31|2026-08-03|2026-08-04|2026-08-05,2026-08-05 23:05:50,0.0
Salesforce,,2026-06-24|2026-06-25|2026-06-26|2026-06-29|2026-06-30|2026-07-01|2026-07-02|2026-07-06|2026-07-07|2026-07-08|2026-07-09|2026-07-10|2026-07-13|2026-07-14|2026-07-15|2026-07-16|2026-07-17|2026-07-20|2026-07-21|2026-07-22|2026-07-23|2026-07-24|2026-07-27|2026-07-28|2026-07-29|2026-07-30|2026-07-31|2026-08-03|2026-08-04|2026-08-05,2026-08-05 23:05:50,0.0
Philip Morris International,,2026-06-24|2026-06-25|2026-06-26|2026-06-29|2026-06-30|2026-07-01|2026-07-02|2026-07-06|2026-07-07|2026-07-08|2026-07-09|2026-07-10|2026-07-13|2026-07-14|2026-07-15|2026-07-16|2026-07-17|2026-07-20|2026-07-21|2026-07-22|2026-07-23|2026-07-24|2026-07-27|2026-07-28|2026-07-29|2026-07-30|2026-07-31|2026-08-03|2026-08-04|2026-08-05,2026-08-05 23:05:50,0.0
US Foods,,2026-06-24|2026-06-25|2026-06-26|2026-06-29|2026-06-30|2026-07-01|2026-07-02|2026-07-06|2026-07-07|2026-07-08|2026-07-09|2026-07-10|2026-07-13|2026-07-14|2026-07-15|2026-07-16|2026-07-17|2026-07-20|2026-07-21|2026-07-22|2026-07-23|2026-07-24|2026-07-27|2026-07-28|2026-07-29|2026-07-30|2026-07-31|2026-08-03|2026-08-04|2026-08-05,2026-08-05 23:05:50,0.0
DR Horton Inc,,2026-06-24|2026-06-25|2026-06-26|2026-06-29|2026-06-30|2026-07-01|2026-07-02|2026-07-06|2026-07-07|2026-07-08|2026-07-09|2026-07-10|2026-07-13|2026-07-14|2026-07-15|2026-07-16|2026-07-17|2026-07-20|2026-07-21|2026-07-22|2026-07-23|2026-07-24|2026-07-27|2026-07-28|2026-07-29|2026-07-30|2026-07-31|2026-08-03|2026-08-04|2026-08-05,2026-08-05 23:05:50,0.0
Lithia Motors,,2026-06-24|2026-06-25|2026-06-26|2026-06-29|2026-06-30|2026-07-01|2026-07-02|2026-07-06|2026-07-07|2026-07-08|2026-07-09|2026-07-10|2026-07-13|2026-07-14|2026-07-15|2026-07-16|2026-07-17|2026-07-20|2026-07-21|2026-07-22|2026-07-23|2026-07-24|2026-07-27|2026-07-28|2026-07-29|2026-07-30|2026-07-31|2026-08-03|2026-08-04|2026-08-05,2026-08-05 23:05:50,0.0
Mondelez,,2026-06-24|2026-06-25|2026-06-26|2026-06-29|2026-06-30|2026-07-01|2026-07-02|2026-07-06|2026-07-07|2026-07-08|2026-07-09|2026-07-10|2026-07-13|2026-07-14|2026-07-15|2026-07-16|2026-07-17|2026-07-20|2026-07-21|2026-07-22|2026-07-23|2026-07-24|2026-07-27|2026-07-28|2026-07-29|2026-07-30|2026-07-31|2026-08-03|2026-08-04|2026-08-05,2026-08-05 23:05:50,0.0
Starbucks,,2026-06-24|2026-06-25|2026-06-26|2026-06-29|2026-06-30|2026-07-01|2026-07-02|2026-07-06|2026-07-07|2026-07-08|2026-07-09|2026-07-10|2026-07-13|2026-07-14|2026-07-15|2026-07-16|2026-07-17|2026-07-20|2026-07-21|2026-07-22|2026-07-23|2026-07-24|2026-07-27|2026-07-28|2026-07-29|2026-07-30|2026-07-31|2026-08-03|2026-08-04|2026-08-05,2026-08-05 23:05:50,0.0
Visa Inc,,2026-06-24|2026-06-25|2026-06-26|2026-06-29|2026-06-30|2026-07-01|2026-07-02|2026-07-06|2026-07-07|2026-07-08|2026-07-09|2026-07-10|2026-07-13|2026-07-14|2026-07-15|2026-07-16|2026-07-17|2026-07-20|2026-07-21|2026-07-22|2026-07-23|2026-07-24|2026-07-27|2026-07-28|2026-07-29|2026-07-30|2026-07-31|2026-08-03|2026-08-04|2026-08-05,2026-08-05 23:05:50,0.0
CBRE Group,,2026-06-24|2026-06-25|2026-06-26|2026-06-29|2026-06-30|2026-07-01|2026-07-02|2026-07-06|2026-07-07|2026-07-08|2026-07-09|2026-07-10|2026-07-13|2026-07-14|2026-07-15|2026-07-16|2026-07-17|2026-07-20|2026-07-21|2026-07-22|2026-07-23|2026-07-24|2026-07-27|2026-07-28|2026-07-29|2026-07-30|2026-07-31|2026-08-03|2026-08-04|2026-08-05,2026-08-05 23:05:50,0.0
Lennar,,2026-06-24|2026-06-25|2026-06-26|2026-06-29|2026-06-30|2026-07-01|2026-07-02|2026-07-06|2026-07-07|2026-07-08|2026-07-09|2026-07-10|2026-07-13|2026-07-14|2026-07-15|2026-07-16|2026-07-17|2026-07-20|2026-07-21|2026-07-22|2026-07-23|2026-07-24|2026-07-27|2026-07-28|2026-07-29|2026-07-30|2026-07-31|2026-08-03|2026-08-04|2026-08-05,2026-08-05 23:05:50,0.0
GE Vernova,,2026-06-24|2026-06-25|2026-06-26|2026-06-29|2026-06-30|2026-07-01|2026-07-02|2026-07-06|2026-07-07|2026-07-08|2026-07-09|2026-07-10|2026-07-13|2026-07-14|2026-07-15|2026-07-16|2026-07-17|2026-07-20|2026-07-21|2026-07-22|2026-07-23|2026-07-24|2026-07-27|2026-07-28|2026-07-29|2026-07-30|2026-07-31|2026-08-03|2026-08-04|2026-08-05,2026-08-05 23:05:50,0.0
PNC Financial Services,,2026-06-24|2026-06-25|2026-06-26|2026-06-29|2026-06-30|2026-07-01|2026-07-02|2026-07-06|2026-07-07|2026-07-08|2026-07-09|2026-07-10|2026-07-13|2026-07-14|2026-07-15|2026-07-16|2026-07-17|2026-07-20|2026-07-21|2026-07-22|2026-07-23|2026-07-24|2026-07-27|2026-07-28|2026-07-29|2026-07-30|2026-07-31|2026-08-03|2026-08-04|2026-08-05,2026-08-05 23:05:50,0.0
Cummins Inc,,2026-06-24|2026-06-25|2026-06-26|2026-06-29|2026-06-30|2026-07-01|2026-07-02|2026-07-06|2026-07-07|2026-07-08|2026-07-09|2026-07-10|2026-07-13|2026-07-14|2026-07-15|2026-07-16|2026-07-17|2026-07-20|2026-07-21|2026-07-22|2026-07-23|2026-07-24|2026-07-27|2026-07-28|2026-07-29|2026-07-30|2026-07-31|2026-08-03|2026-08-04|2026-08-05,2026-08-05 23:05:50,0.0
Paccar,,2026-06-24|2026-06-25|2026-06-26|2026-06-29|2026-06-30|2026-07-01|2026-07-02|2026-07-06|2026-07-07|2026-07-08|2026-07-09|2026-07-10|2026-07-13|2026-07-14|2026-07-15|2026-07-16|2026-07-17|2026-07-20|2026-07-21|2026-07-22|2026-07-23|2026-07-24|2026-07-27|2026-07-28|2026-07-29|2026-07-30|2026-07-31|2026-08-03|2026-08-04|2026-08-05,2026-08-05 23:05:50,0.0
Amgen,,2026-06-24|2026-06-25|2026-06-26|2026-06-29|2026-06-30|2026-07-01|2026-07-02|2026-07-06|2026-07-07|2026-07-08|2026-07-09|2026-07-10|2026-07-13|2026-07-14|2026-07-15|2026-07-16|2026-07-17|2026-07-20|2026-07-21|2026-07-22|2026-07-23|2026-07-24|2026-07-27|2026-07-28|2026-07-29|2026-07-30|2026-07-31|2026-08-03|2026-08-04|2026-08-05,2026-08-05 23:05:50,0.0
PBF Energy,,2026-06-24|2026-06-25|2026-06-26|2026-06-29|2026-06-30|2026-07-01|2026-07-02|2026-07-06|2026-07-07|2026-07-08|2026-07-09|2026-07-10|2026-07-13|2026-07-14|2026-07-15|2026-07-16|2026-07-17|2026-07-20|2026-07-21|2026-07-22|2026-07-23|2026-07-24|2026-07-27|2026-07-28|2026-07-29|2026-07-30|2026-07-31|2026-08-03|2026-08-04|2026-08-05,2026-08-05 23:05:50,0.0
PayPal,,2026-06-24|2026-06-25|2026-06-26|2026-06-29|2026-06-30|2026-07-01|2026-07-02|2026-07-06|2026-07-07|2026-07-08|2026-07-09|2026-07-10|2026-07-13|2026-07-14|2026-07-15|2026-07-16|2026-07-17|2026-07-20|2026-07-21|2026-07-22|2026-07-23|2026-07-24|2026-07-27|2026-07-28|2026-07-29|2026-07-30|2026-07-31|2026-08-03|2026-08-04|2026-08-05,2026-08-05 23:05:50,0.0
United Natural Foods,,2026-06-24|2026-06-25|2026-06-26|2026-06-29|2026-06-30|2026-07-01|2026-07-02|2026-07-06|2026-07-07|2026-07-08|2026-07-09|2026-07-10|2026-07-13|2026-07-14|2026-07-15|2026-07-16|2026-07-17|2026-07-20|2026-07-21|2026-07-22|2026-07-23|2026-07-24|2026-07-27|2026-07-28|2026-07-29|2026-07-30|2026-07-31|2026-08-03|2026-08-04|2026-08-05,2026-08-05 23:05:50,0.0
Dollar Tree,,2026-06-24|2026-06-25|2026-06-26|2026-06-29|2026-06-30|2026-07-01|2026-07-02|2026-07-06|2026-07-07|2026-07-08|2026-07-09|2026-07-10|2026-07-13|2026-07-14|2026-07-15|2026-07-16|2026-07-17|2026-07-20|2026-07-21|2026-07-22|2026-07-23|2026-07-24|2026-07-27|2026-07-28|2026-07-29|2026-07-30|2026-07-31|2026-08-03|2026-08-04|2026-08-05,2026-08-05 23:05:50,0.0
Nucor,,2026-06-24|2026-06-25|2026-06-26|2026-06-29|2026-06-30|2026-07-01|2026-07-02|2026-07-06|2026-07-07|2026-07-08|2026-07-09|2026-07-10|2026-07-13|2026-07-14|2026-07-15|2026-07-16|2026-07-17|2026-07-20|2026-07-21|2026-07-22|2026-07-23|2026-07-24|2026-07-27|2026-07-28|2026-07-29|2026-07-30|2026-07-31|2026-08-03|2026-08-04|2026-08-05,2026-08-05 23:05:50,0.0
Penske Automotive,,2026-06-24|2026-06-25|2026-06-26|2026-06-29|2026-06-30|2026-07-01|2026-07-02|2026-07-06|2026-07-07|2026-07-08|2026-07-09|2026-07-10|2026-07-13|2026-07-14|2026-07-15|2026-07-16|2026-07-17|2026-07-20|2026-07-21|2026-07-22|2026-07-23|2026-07-24|2026-07-27|2026-07-28|2026-07-29|2026-07-30|2026-07-31|2026-08-03|2026-08-04|2026-08-05,2026-08-05 23:05:50,0.0
Coupang,,2026-06-24|2026-06-25|2026-06-26|2026-06-29|2026-06-30|2026-07-01|2026-07-02|2026-07-06|2026-07-07|2026-07-08|2026-07-09|2026-07-10|2026-07-13|2026-07-14|2026-07-15|2026-07-16|2026-07-17|2026-07-20|2026-07-21|2026-07-22|2026-07-23|2026-07-24|2026-07-27|2026-07-28|2026-07-29|2026-07-30|2026-07-31|2026-08-03|2026-08-04|2026-08-05,2026-08-05 23:05:50,0.0
Hewlett Packard Enterprise,,2026-06-24|2026-06-25|2026-06-26|2026-06-29|2026-06-30|2026-07-01|2026-07-02|2026-07-06|2026-07-07|2026-07-08|2026-07-09|2026-07-10|2026-07-13|2026-07-14|2026-07-15|2026-07-16|2026-07-17|2026-07-20|2026-07-21|2026-07-22|2026-07-23|2026-07-24|2026-07-27|2026-07-28|2026-07-29|2026-07-30|2026-07-31|2026-08-03|2026-08-04|2026-08-05,2026-08-05 23:05:50,0.0
Duke Energy Corporation,,2026-06-24|2026-06-25|2026-06-26|2026-06-29|2026-06-30|2026-07-01|2026-07-02|2026-07-06|2026-07-07|2026-07-08|2026-07-09|2026-07-10|2026-07-13|2026-07-14|2026-07-15|2026-07-16|2026-07-17|2026-07-20|2026-07-21|2026-07-22|2026-07-23|2026-07-24|2026-07-27|2026-07-28|2026-07-29|2026-07-30|2026-07-31|2026-08-03|2026-08-04|2026-08-05,2026-08-05 23:05:50,0.0
KKR & Co,,2026-06-24|2026-06-25|2026-06-26|2026-06-29|2026-06-30|2026-07-01|2026-07-02|2026-07-06|2026-07-07|2026-07-08|2026-07-09|2026-07-10|2026-07-13|2026-07-14|2026-07-15|2026-07-16|2026-07-17|2026-07-20|2026-07-21|2026-07-22|2026-07-23|2026-07-24|2026-07-27|2026-07-28|2026-07-29|2026-07-30|2026-07-31|2026-08-03|2026-08-04|2026-08-05,2026-08-05 23:05:50,0.0
Ferguson Enterprises,,2026-06-24|2026-06-25|2026-06-26|2026-06-29|2026-06-30|2026-07-01|2026-07-02|2026-07-06|2026-07-07|2026-07-08|2026-07-09|2026-07-10|2026-07-13|2026-07-14|2026-07-15|2026-07-16|2026-07-17|2026-07-20|2026-07-21|2026-07-22|2026-07-23|2026-07-24|2026-07-27|2026-07-28|2026-07-29|2026-07-30|2026-07-31|2026-08-03|2026-08-04|2026-08-05,2026-08-05 23:05:50,0.0
Jabil,,2026-06-24|2026-06-25|2026-06-26|2026-06-29|2026-06-30|2026-07-01|2026-07-02|2026-07-06|2026-07-07|2026-07-08|2026-07-09|2026-07-10|2026-07-13|2026-07-14|2026-07-15|2026-07-16|2026-07-17|2026-07-20|2026-07-21|2026-07-22|2026-07-23|2026-07-24|2026-07-27|2026-07-28|2026-07-29|2026-07-30|2026-07-31|2026-08-03|2026-08-04|2026-08-05,2026-08-05 23:05:50,0.0
Gilead Sciences,,2026-06-24|2026-06-25|2026-06-26|2026-06-29|2026-06-30|2026-07-01|2026-07-02|2026-07-06|2026-07-07|2026-07-08|2026-07-09|2026-07-10|2026-07-13|2026-07-14|2026-07-15|2026-07-16|2026-07-17|2026-07-20|2026-07-21|2026-07-22|2026-07-23|2026-07-24|2026-07-27|2026-07-28|2026-07-29|2026-07-30|2026-07-31|2026-08-03|2026-08-04|2026-08-05,2026-08-05 23:05:50,0.0
HF Sinclair,,2026-06-24|2026-06-25|2026-06-26|2026-06-29|2026-06-30|2026-07-01|2026-07-02|2026-07-06|2026-07-07|2026-07-08|2026-07-09|2026-07-10|2026-07-13|2026-07-14|2026-07-15|2026-07-16|2026-07-17|2026-07-20|2026-07-21|2026-07-22|2026-07-23|2026-07-24|2026-07-27|2026-07-28|2026-07-29|2026-07-30|2026-07-31|2026-08-03|2026-08-04|2026-08-05,2026-08-05 23:05:50,0.0
CarMax,,2026-06-24|2026-06-25|2026-06-26|2026-06-29|2026-06-30|2026-07-01|2026-07-02|2026-07-06|2026-07-07|2026-07-08|2026-07-09|2026-07-10|2026-07-13|2026-07-14|2026-07-15|2026-07-16|2026-07-17|2026-07-20|2026-07-21|2026-07-22|2026-07-23|2026-07-24|2026-07-27|2026-07-28|2026-07-29|2026-07-30|2026-07-31|2026-08-03|2026-08-04|2026-08-05,2026-08-05 23:05:50,0.0
Mastercard,,2026-06-24|2026-06-25|2026-06-26|2026-06-29|2026-06-30|2026-07-01|2026-07-02|2026-07-06|2026-07-07|2026-07-08|2026-07-09|2026-07-10|2026-07-13|2026-07-14|2026-07-15|2026-07-16|2026-07-17|2026-07-20|2026-07-21|2026-07-22|2026-07-23|2026-07-24|2026-07-27|2026-07-28|2026-07-29|2026-07-30|2026-07-31|2026-08-03|2026-08-04|2026-08-05,2026-08-05 23:05:50,0.0
NRG Energy,,2026-06-24|2026-06-25|2026-06-26|2026-06-29|2026-06-30|2026-07-01|2026-07-02|2026-07-06|2026-07-07|2026-07-08|2026-07-09|2026-07-10|2026-07-13|2026-07-14|2026-07-15|2026-07-16|2026-07-17|2026-07-20|2026-07-21|2026-07-22|2026-07-23|2026-07-24|2026-07-27|2026-07-28|2026-07-29|2026-07-30|2026-07-31|2026-08-03|2026-08-04|2026-08-05,2026-08-05 23:05:50,0.0
Arrow Electronics,,2026-06-24|2026-06-25|2026-06-26|2026-06-29|2026-06-30|2026-07-01|2026-07-02|2026-07-06|2026-07-07|2026-07-08|2026-07-09|2026-07-10|2026-07-13|2026-07-14|2026-07-15|2026-07-16|2026-07-17|2026-07-20|2026-07-21|2026-07-22|2026-07-23|2026-07-24|2026-07-27|2026-07-28|2026-07-29|2026-07-30|2026-07-31|2026-08-03|2026-08-04|2026-08-05,2026-08-05 23:05:50,0.0
Baker Hughes,,2026-06-24|2026-06-25|2026-06-26|2026-06-29|2026-06-30|2026-07-01|2026-07-02|2026-07-06|2026-07-07|2026-07-08|2026-07-09|2026-07-10|2026-07-13|2026-07-14|2026-07-15|2026-07-16|2026-07-17|2026-07-20|2026-07-21|2026-07-22|2026-07-23|2026-07-24|2026-07-27|2026-07-28|2026-07-29|2026-07-30|2026-07-31|2026-08-03|2026-08-04|2026-08-05,2026-08-05 23:05:50,0.0
Southwest Airlines,,2026-06-24|2026-06-25|2026-06-26|2026-06-29|2026-06-30|2026-07-01|2026-07-02|2026-07-06|2026-07-07|2026-07-08|2026-07-09|2026-07-10|2026-07-13|2026-07-14|2026-07-15|2026-07-16|2026-07-17|2026-07-20|2026-07-21|2026-07-22|2026-07-23|2026-07-24|2026-07-27|2026-07-28|2026-07-29|2026-07-30|2026-07-31|2026-08-03|2026-08-04|2026-08-05,2026-08-05 23:05:50,0.0
AIG,,2026-06-24|2026-06-25|2026-06-26|2026-06-29|2026-06-30|2026-07-01|2026-07-02|2026-07-06|2026-07-07|2026-07-08|2026-07-09|2026-07-10|2026-07-13|2026-07-14|2026-07-15|2026-07-16|2026-07-17|2026-07-20|2026-07-21|2026-07-22|2026-07-23|2026-07-24|2026-07-27|2026-07-28|2026-07-29|2026-07-30|2026-07-31|2026-08-03|2026-08-04|2026-08-05,2026-08-05 23:05:50,0.0
Applied Materials,,2026-06-24|2026-06-25|2026-06-26|2026-06-29|2026-06-30|2026-07-01|2026-07-02|2026-07-06|2026-07-07|2026-07-08|2026-07-09|2026-07-10|2026-07-13|2026-07-14|2026-07-15|2026-07-16|2026-07-17|2026-07-20|2026-07-21|2026-07-22|2026-07-23|2026-07-24|2026-07-27|2026-07-28|2026-07-29|2026-07-30|2026-07-31|2026-08-03|2026-08-04|2026-08-05,2026-08-05 23:05:50,0.0
Occidental Petroleum,,2026-06-24|2026-06-25|2026-06-26|2026-06-29|2026-06-30|2026-07-01|2026-07-02|2026-07-06|2026-07-07|2026-07-08|2026-07-09|2026-07-10|2026-07-13|2026-07-14|2026-07-15|2026-07-16|2026-07-17|2026-07-20|2026-07-21|2026-07-22|2026-07-23|2026-07-24|2026-07-27|2026-07-28|2026-07-29|2026-07-30|2026-07-31|2026-08-03|2026-08-04|2026-08-05,2026-08-05 23:05:50,0.0
AutoNation,,2026-06-24|2026-06-25|2026-06-26|2026-06-29|2026-06-30|2026-07-01|2026-07-02|2026-07-06|2026-07-07|2026-07-08|2026-07-09|2026-07-10|2026-07-13|2026-07-14|2026-07-15|2026-07-16|2026-07-17|2026-07-20|2026-07-21|2026-07-22|2026-07-23|2026-07-24|2026-07-27|2026-07-28|2026-07-29|2026-07-30|2026-07-31|2026-08-03|2026-08-04|2026-08-05,2026-08-05 23:05:50,0.0
Southern Company,,2026-06-24|2026-06-25|2026-06-26|2026-06-29|2026-06-30|2026-07-01|2026-07-02|2026-07-06|2026-07-07|2026-07-08|2026-07-09|2026-07-10|2026-07-13|2026-07-14|2026-07-15|2026-07-16|2026-07-17|2026-07-20|2026-07-21|2026-07-22|2026-07-23|2026-07-24|2026-07-27|2026-07-28|2026-07-29|2026-07-30|2026-07-31|2026-08-03|2026-08-04|2026-08-05,2026-08-05 23:05:50,0.0
The Hartford Insurance,,2026-06-24|2026-06-25|2026-06-26|2026-06-29|2026-06-30|2026-07-01|2026-07-02|2026-07-06|2026-07-07|2026-07-08|2026-07-09|2026-07-10|2026-07-13|2026-07-14|2026-07-15|2026-07-16|2026-07-17|2026-07-20|2026-07-21|2026-07-22|2026-07-23|2026-07-24|2026-07-27|2026-07-28|2026-07-29|2026-07-30|2026-07-31|2026-08-03|2026-08-04|2026-08-05,2026-08-05 23:05:50,0.0
Apollo Global Management,,2026-06-24|2026-06-25|2026-06-26|2026-06-29|2026-06-30|2026-07-01|2026-07-02|2026-07-06|2026-07-07|2026-07-08|2026-07-09|2026-07-10|2026-07-13|2026-07-14|2026-07-15|2026-07-16|2026-07-17|2026-07-20|2026-07-21|2026-07-22|2026-07-23|2026-07-24|2026-07-27|2026-07-28|2026-07-29|2026-07-30|2026-07-31|2026-08-03|2026-08-04|2026-08-05,2026-08-05 23:05:50,0.0
Charles Schwab,,2026-06-24|2026-06-25|2026-06-26|2026-06-29|2026-06-30|2026-07-01|2026-07-02|2026-07-06|2026-07-07|2026-07-08|2026-07-09|2026-07-10|2026-07-13|2026-07-14|2026-07-15|2026-07-16|2026-07-17|2026-07-20|2026-07-21|2026-07-22|2026-07-23|2026-07-24|2026-07-27|2026-07-28|2026-07-29|2026-07-30|2026-07-31|2026-08-03|2026-08-04|2026-08-05,2026-08-05 23:05:50,0.0
McDonalds,,2026-06-24|2026-06-25|2026-06-26|2026-06-29|2026-06-30|2026-07-01|2026-07-02|2026-07-06|2026-07-07|2026-07-08|2026-07-09|2026-07-10|2026-07-13|2026-07-14|2026-07-15|2026-07-16|2026-07-17|2026-07-20|2026-07-21|2026-07-22|2026-07-23|2026-07-24|2026-07-27|2026-07-28|2026-07-29|2026-07-30|2026-07-31|2026-08-03|2026-08-04|2026-08-05,2026-08-05 23:05:50,0.0
Kraft Heinz,,2026-06-24|2026-06-25|2026-06-26|2026-06-29|2026-06-30|2026-07-01|2026-07-02|2026-07-06|2026-07-07|2026-07-08|2026-07-09|2026-07-10|2026-07-13|2026-07-14|2026-07-15|2026-07-16|2026-07-17|2026-07-20|2026-07-21|2026-07-22|2026-07-23|2026-07-24|2026-07-27|2026-07-28|2026-07-29|2026-07-30|2026-07-31|2026-08-03|2026-08-04|2026-08-05,2026-08-05 23:05:50,0.0
Advanced Micro Devices,,2026-06-24|2026-06-25|2026-06-26|2026-06-29|2026-06-30|2026-07-01|2026-07-02|2026-07-06|2026-07-07|2026-07-08|2026-07-09|2026-07-10|2026-07-13|2026-07-14|2026-07-15|2026-07-16|2026-07-17|2026-07-20|2026-07-21|2026-07-22|2026-07-23|2026-07-24|2026-07-27|2026-07-28|2026-07-29|2026-07-30|2026-07-31|2026-08-03|2026-08-04|2026-08-05,2026-08-05 23:05:50,0.0
Truist Financial,,2026-06-24|2026-06-25|2026-06-26|2026-06-29|2026-06-30|2026-07-01|2026-07-02|2026-07-06|2026-07-07|2026-07-08|2026-07-09|2026-07-10|2026-07-13|2026-07-14|2026-07-15|2026-07-16|2026-07-17|2026-07-20|2026-07-21|2026-07-22|2026-07-23|2026-07-24|2026-07-27|2026-07-28|2026-07-29|2026-07-30|2026-07-31|2026-08-03|2026-08-04|2026-08-05,2026-08-05 23:05:50,0.0
Freeport-McMoRan,,2026-06-24|2026-06-25|2026-06-26|2026-06-29|2026-06-30|2026-07-01|2026-07-02|2026-07-06|2026-07-07|2026-07-08|2026-07-09|2026-07-10|2026-07-13|2026-07-14|2026-07-15|2026-07-16|2026-07-17|2026-07-20|2026-07-21|2026-07-22|2026-07-23|2026-07-24|2026-07-27|2026-07-28|2026-07-29|2026-07-30|2026-07-31|2026-08-03|2026-08-04|2026-08-05,2026-08-05 23:05:50,0.0
Micron Technology,,2026-06-24|2026-06-25|2026-06-26|2026-06-29|2026-06-30|2026-07-01|2026-07-02|2026-07-06|2026-07-07|2026-07-08|2026-07-09|2026-07-10|2026-07-13|2026-07-14|2026-07-15|2026-07-16|2026-07-17|2026-07-20|2026-07-21|2026-07-22|2026-07-23|2026-07-24|2026-07-27|2026-07-28|2026-07-29|2026-07-30|2026-07-31|2026-08-03|2026-08-04|2026-08-05,2026-08-05 23:05:50,0.0
Marriott International,,2026-06-24|2026-06-25|2026-06-26|2026-06-29|2026-06-30|2026-07-01|2026-07-02|2026-07-06|2026-07-07|2026-07-08|2026-07-09|2026-07-10|2026-07-13|2026-07-14|2026-07-15|2026-07-16|2026-07-17|2026-07-20|2026-07-21|2026-07-22|2026-07-23|2026-07-24|2026-07-27|2026-07-28|2026-07-29|2026-07-30|2026-07-31|2026-08-03|2026-08-04|2026-08-05,2026-08-05 23:05:50,0.0
Carrier Global,,2026-06-24|2026-06-25|2026-06-26|2026-06-29|2026-06-30|2026-07-01|2026-07-02|2026-07-06|2026-07-07|2026-07-08|2026-07-09|2026-07-10|2026-07-13|2026-07-14|2026-07-15|2026-07-16|2026-07-17|2026-07-20|2026-07-21|2026-07-22|2026-07-23|2026-07-24|2026-07-27|2026-07-28|2026-07-29|2026-07-30|2026-07-31|2026-08-03|2026-08-04|2026-08-05,2026-08-05 23:05:50,0.0
NextEra Energy,,2026-06-24|2026-06-25|2026-06-26|2026-06-29|2026-06-30|2026-07-01|2026-07-02|2026-07-06|2026-07-07|2026-07-08|2026-07-09|2026-07-10|2026-07-13|2026-07-14|2026-07-15|2026-07-16|2026-07-17|2026-07-20|2026-07-21|2026-07-22|2026-07-23|2026-07-24|2026-07-27|2026-07-28|2026-07-29|2026-07-30|2026-07-31|2026-08-03|2026-08-04|2026-08-05,2026-08-05 23:05:50,0.0
3M Company,,2026-06-24|2026-06-25|2026-06-26|2026-06-29|2026-06-30|2026-07-01|2026-07-02|2026-07-06|2026-07-07|2026-07-08|2026-07-09|2026-07-10|2026-07-13|2026-07-14|2026-07-15|2026-07-16|2026-07-17|2026-07-20|2026-07-21|2026-07-22|2026-07-23|2026-07-24|2026-07-27|2026-07-28|2026-07-29|2026-07-30|2026-07-31|2026-08-03|2026-08-04|2026-08-05,2026-08-05 23:05:50,0.0
Pacific Gas and Electric Company,,2026-06-24|2026-06-25|2026-06-26|2026-06-29|2026-06-30|2026-07-01|2026-07-02|2026-07-06|2026-07-07|2026-07-08|2026-07-09|2026-07-10|2026-07-13|2026-07-14|2026-07-15|2026-07-16|2026-07-17|2026-07-20|2026-07-21|2026-07-22|2026-07-23|2026-07-24|2026-07-27|2026-07-28|2026-07-29|2026-07-30|2026-07-31|2026-08-03|2026-08-04|2026-08-05,2026-08-05 23:05:50,0.0
Union Pacific,,2026-06-24|2026-06-25|2026-06-26|2026-06-29|2026-06-30|2026-07-01|2026-07-02|2026-07-06|2026-07-07|2026-07-08|2026-07-09|2026-07-10|2026-07-13|2026-07-14|2026-07-15|2026-07-16|2026-07-17|2026-07-20|2026-07-21|2026-07-22|2026-07-23|2026-07-24|2026-07-27|2026-07-28|2026-07-29|2026-07-30|2026-07-31|2026-08-03|2026-08-04|2026-08-05,2026-08-05 23:05:50,0.0
Synchrony Financial,,2026-06-24|2026-06-25|2026-06-26|2026-06-29|2026-06-30|2026-07-01|2026-07-02|2026-07-06|2026-07-07|2026-07-08|2026-07-09|2026-07-10|2026-07-13|2026-07-14|2026-07-15|2026-07-16|2026-07-17|2026-07-20|2026-07-21|2026-07-22|2026-07-23|2026-07-24|2026-07-27|2026-07-28|2026-07-29|2026-07-30|2026-07-31|2026-08-03|2026-08-04|2026-08-05,2026-08-05 23:05:50,0.0
Danaher,,2026-06-24|2026-06-25|2026-06-26|2026-06-29|2026-06-30|2026-07-01|2026-07-02|2026-07-06|2026-07-07|2026-07-08|2026-07-09|2026-07-10|2026-07-13|2026-07-14|2026-07-15|2026-07-16|2026-07-17|2026-07-20|2026-07-21|2026-07-22|2026-07-23|2026-07-24|2026-07-27|2026-07-28|2026-07-29|2026-07-30|2026-07-31|2026-08-03|2026-08-04|2026-08-05,2026-08-05 23:05:50,0.0
Avnet,,2026-06-24|2026-06-25|2026-06-26|2026-06-29|2026-06-30|2026-07-01|2026-07-02|2026-07-06|2026-07-07|2026-07-08|2026-07-09|2026-07-10|2026-07-13|2026-07-14|2026-07-15|2026-07-16|2026-07-17|2026-07-20|2026-07-21|2026-07-22|2026-07-23|2026-07-24|2026-07-27|2026-07-28|2026-07-29|2026-07-30|2026-07-31|2026-08-03|2026-08-04|2026-08-05,2026-08-05 23:05:50,0.0
Booking Holdings,,2026-06-24|2026-06-25|2026-06-26|2026-06-29|2026-06-30|2026-07-01|2026-07-02|2026-07-06|2026-07-07|2026-07-08|2026-07-09|2026-07-10|2026-07-13|2026-07-14|2026-07-15|2026-07-16|2026-07-17|2026-07-20|2026-07-21|2026-07-22|2026-07-23|2026-07-24|2026-07-27|2026-07-28|2026-07-29|2026-07-30|2026-07-31|2026-08-03|2026-08-04|2026-08-05,2026-08-05 23:05:50,0.0
EOG Resources,,2026-06-24|2026-06-25|2026-06-26|2026-06-29|2026-06-30|2026-07-01|2026-07-02|2026-07-06|2026-07-07|2026-07-08|2026-07-09|2026-07-10|2026-07-13|2026-07-14|2026-07-15|2026-07-16|2026-07-17|2026-07-20|2026-07-21|2026-07-22|2026-07-23|2026-07-24|2026-07-27|2026-07-28|2026-07-29|2026-07-30|2026-07-31|2026-08-03|2026-08-04|2026-08-05,2026-08-05 23:05:50,0.0
Quanta Services,,2026-06-24|2026-06-25|2026-06-26|2026-06-29|2026-06-30|2026-07-01|2026-07-02|2026-07-06|2026-07-07|2026-07-08|2026-07-09|2026-07-10|2026-07-13|2026-07-14|2026-07-15|2026-07-16|2026-07-17|2026-07-20|2026-07-21|2026-07-22|2026-07-23|2026-07-24|2026-07-27|2026-07-28|2026-07-29|2026-07-30|2026-07-31|2026-08-03|2026-08-04|2026-08-05,2026-08-05 23:05:50,0.0
Constellation Energy,,2026-06-24|2026-06-25|2026-06-26|2026-06-29|2026-06-30|2026-07-01|2026-07-02|2026-07-06|2026-07-07|2026-07-08|2026-07-09|2026-07-10|2026-07-13|2026-07-14|2026-07-15|2026-07-16|2026-07-17|2026-07-20|2026-07-21|2026-07-22|2026-07-23|2026-07-24|2026-07-27|2026-07-28|2026-07-29|2026-07-30|2026-07-31|2026-08-03|2026-08-04|2026-08-05,2026-08-05 23:05:50,0.0
Genuine Parts Company,,2026-06-24|2026-06-25|2026-06-26|2026-06-29|2026-06-30|2026-07-01|2026-07-02|2026-07-06|2026-07-07|2026-07-08|2026-07-09|2026-07-10|2026-07-13|2026-07-14|2026-07-15|2026-07-16|2026-07-17|2026-07-20|2026-07-21|2026-07-22|2026-07-23|2026-07-24|2026-07-27|2026-07-28|2026-07-29|2026-07-30|2026-07-31|2026-08-03|2026-08-04|2026-08-05,2026-08-05 23:05:50,0.0
Jones Lang LaSalle,,2026-06-24|2026-06-25|2026-06-26|2026-06-29|2026-06-30|2026-07-01|2026-07-02|2026-07-06|2026-07-07|2026-07-08|2026-07-09|2026-07-10|2026-07-13|2026-07-14|2026-07-15|2026-07-16|2026-07-17|2026-07-20|2026-07-21|2026-07-22|2026-07-23|2026-07-24|2026-07-27|2026-07-28|2026-07-29|2026-07-30|2026-07-31|2026-08-03|2026-08-04|2026-08-05,2026-08-05 23:05:50,0.0
Lear Corporation,,2026-06-24|2026-06-25|2026-06-26|2026-06-29|2026-06-30|2026-07-01|2026-07-02|2026-07-06|2026-07-07|2026-07-08|2026-07-09|2026-07-10|2026-07-13|2026-07-14|2026-07-15|2026-07-16|2026-07-17|2026-07-20|2026-07-21|2026-07-22|2026-07-23|2026-07-24|2026-07-27|2026-07-28|2026-07-29|2026-07-30|2026-07-31|2026-08-03|2026-08-04|2026-08-05,2026-08-05 23:05:50,0.0
Live Nation Entertainment,,2026-06-24|2026-06-25|2026-06-26|2026-06-29|2026-06-30|2026-07-01|2026-07-02|2026-07-06|2026-07-07|2026-07-08|2026-07-09|2026-07-10|2026-07-13|2026-07-14|2026-07-15|2026-07-16|2026-07-17|2026-07-20|2026-07-21|2026-07-22|2026-07-23|2026-07-24|2026-07-27|2026-07-28|2026-07-29|2026-07-30|2026-07-31|2026-08-03|2026-08-04|2026-08-05,2026-08-05 23:05:50,0.0
Sherwin-Williams,,2026-06-24|2026-06-25|2026-06-26|2026-06-29|2026-06-30|2026-07-01|2026-07-02|2026-07-06|2026-07-07|2026-07-08|2026-07-09|2026-07-10|2026-07-13|2026-07-14|2026-07-15|2026-07-16|2026-07-17|2026-07-20|2026-07-21|2026-07-22|2026-07-23|2026-07-24|2026-07-27|2026-07-28|2026-07-29|2026-07-30|2026-07-31|2026-08-03|2026-08-04|2026-08-05,2026-08-05 23:05:50,0.0
Exelon,,2026-06-24|2026-06-25|2026-06-26|2026-06-29|2026-06-30|2026-07-01|2026-07-02|2026-07-06|2026-07-07|2026-07-08|2026-07-09|2026-07-10|2026-07-13|2026-07-14|2026-07-15|2026-07-16|2026-07-17|2026-07-20|2026-07-21|2026-07-22|2026-07-23|2026-07-24|2026-07-27|2026-07-28|2026-07-29|2026-07-30|2026-07-31|2026-08-03|2026-08-04|2026-08-05,2026-08-05 23:05:50,0.0
Macys,,2026-06-24|2026-06-25|2026-06-26|2026-06-29|2026-06-30|2026-07-01|2026-07-02|2026-07-06|2026-07-07|2026-07-08|2026-07-09|2026-07-10|2026-07-13|2026-07-14|2026-07-15|2026-07-16|2026-07-17|2026-07-20|2026-07-21|2026-07-22|2026-07-23|2026-07-24|2026-07-27|2026-07-28|2026-07-29|2026-07-30|2026-07-31|2026-08-03|2026-08-04|2026-08-05,2026-08-05 23:05:50,0.0
Halliburton,,2026-06-24|2026-06-25|2026-06-26|2026-06-29|2026-06-30|2026-07-01|2026-07-02|2026-07-06|2026-07-07|2026-07-08|2026-07-09|2026-07-10|2026-07-13|2026-07-14|2026-07-15|2026-07-16|2026-07-17|2026-07-20|2026-07-21|2026-07-22|2026-07-23|2026-07-24|2026-07-27|2026-07-28|2026-07-29|2026-07-30|2026-07-31|2026-08-03|2026-08-04|2026-08-05,2026-08-05 23:05:50,0.0
Stryker,,2026-06-24|2026-06-25|2026-06-26|2026-06-29|2026-06-30|2026-07-01|2026-07-02|2026-07-06|2026-07-07|2026-07-08|2026-07-09|2026-07-10|2026-07-13|2026-07-14|2026-07-15|2026-07-16|2026-07-17|2026-07-20|2026-07-21|2026-07-22|2026-07-23|2026-07-24|2026-07-27|2026-07-28|2026-07-29|2026-07-30|2026-07-31|2026-08-03|2026-08-04|2026-08-05,2026-08-05 23:05:50,0.0
Reinsurance Group of America,,2026-06-24|2026-06-25|2026-06-26|2026-06-29|2026-06-30|2026-07-01|2026-07-02|2026-07-06|2026-07-07|2026-07-08|2026-07-09|2026-07-10|2026-07-13|2026-07-14|2026-07-15|2026-07-16|2026-07-17|2026-07-20|2026-07-21|2026-07-22|2026-07-23|2026-07-24|2026-07-27|2026-07-28|2026-07-29|2026-07-30|2026-07-31|2026-08-03|2026-08-04|2026-08-05,2026-08-05 23:05:50,0.0
State Street,,2026-06-24|2026-06-25|2026-06-26|2026-06-29|2026-06-30|2026-07-01|2026-07-02|2026-07-06|2026-07-07|2026-07-08|2026-07-09|2026-07-10|2026-07-13|2026-07-14|2026-07-15|2026-07-16|2026-07-17|2026-07-20|2026-07-21|2026-07-22|2026-07-23|2026-07-24|2026-07-27|2026-07-28|2026-07-29|2026-07-30|2026-07-31|2026-08-03|2026-08-04|2026-08-05,2026-08-05 23:05:50,0.0
WESCO International,,2026-06-24|2026-06-25|2026-06-26|2026-06-29|2026-06-30|2026-07-01|2026-07-02|2026-07-06|2026-07-07|2026-07-08|2026-07-09|2026-07-10|2026-07-13|2026-07-14|2026-07-15|2026-07-16|2026-07-17|2026-07-20|2026-07-21|2026-07-22|2026-07-23|2026-07-24|2026-07-27|2026-07-28|2026-07-29|2026-07-30|2026-07-31|2026-08-03|2026-08-04|2026-08-05,2026-08-05 23:05:50,0.0
Oneok,,2026-06-24|2026-06-25|2026-06-26|2026-06-29|2026-06-30|2026-07-01|2026-07-02|2026-07-06|2026-07-07|2026-07-08|2026-07-09|2026-07-10|2026-07-13|2026-07-14|2026-07-15|2026-07-16|2026-07-17|2026-07-20|2026-07-21|2026-07-22|2026-07-23|2026-07-24|2026-07-27|2026-07-28|2026-07-29|2026-07-30|2026-07-31|2026-08-03|2026-08-04|2026-08-05,2026-08-05 23:05:50,0.0
Adobe,,2026-06-24|2026-06-25|2026-06-26|2026-06-29|2026-06-30|2026-07-01|2026-07-02|2026-07-06|2026-07-07|2026-07-08|2026-07-09|2026-07-10|2026-07-13|2026-07-14|2026-07-15|2026-07-16|2026-07-17|2026-07-20|2026-07-21|2026-07-22|2026-07-23|2026-07-24|2026-07-27|2026-07-28|2026-07-29|2026-07-30|2026-07-31|2026-08-03|2026-08-04|2026-08-05,2026-08-05 23:05:50,0.0
L3Harris Technologies,,2026-06-24|2026-06-25|2026-06-26|2026-06-29|2026-06-30|2026-07-01|2026-07-02|2026-07-06|2026-07-07|2026-07-08|2026-07-09|2026-07-10|2026-07-13|2026-07-14|2026-07-15|2026-07-16|2026-07-17|2026-07-20|2026-07-21|2026-07-22|2026-07-23|2026-07-24|2026-07-27|2026-07-28|2026-07-29|2026-07-30|2026-07-31|2026-08-03|2026-08-04|2026-08-05,2026-08-05 23:05:50,0.0
Ross Stores,,2026-06-24|2026-06-25|2026-06-26|2026-06-29|2026-06-30|2026-07-01|2026-07-02|2026-07-06|2026-07-07|2026-07-08|2026-07-09|2026-07-10|2026-07-13|2026-07-14|2026-07-15|2026-07-16|2026-07-17|2026-07-20|2026-07-21|2026-07-22|2026-07-23|2026-07-24|2026-07-27|2026-07-28|2026-07-29|2026-07-30|2026-07-31|2026-08-03|2026-08-04|2026-08-05,2026-08-05 23:05:50,0.0
CDW,,2026-06-24|2026-06-25|2026-06-26|2026-06-29|2026-06-30|2026-07-01|2026-07-02|2026-07-06|2026-07-07|2026-07-08|2026-07-09|2026-07-10|2026-07-13|2026-07-14|2026-07-15|2026-07-16|2026-07-17|2026-07-20|2026-07-21|2026-07-22|2026-07-23|2026-07-24|2026-07-27|2026-07-28|2026-07-29|2026-07-30|2026-07-31|2026-08-03|2026-08-04|2026-08-05,2026-08-05 23:05:50,0.0
Tenet Healthcare,,2026-06-24|2026-06-25|2026-06-26|2026-06-29|2026-06-30|2026-07-01|2026-07-02|2026-07-06|2026-07-07|2026-07-08|2026-07-09|2026-07-10|2026-07-13|2026-07-14|2026-07-15|2026-07-16|2026-07-17|2026-07-20|2026-07-21|2026-07-22|2026-07-23|2026-07-24|2026-07-27|2026-07-28|2026-07-29|2026-07-30|2026-07-31|2026-08-03|2026-08-04|2026-08-05,2026-08-05 23:05:50,0.0
BJ's Wholesale Club,,2026-06-24|2026-06-25|2026-06-26|2026-06-29|2026-06-30|2026-07-01|2026-07-02|2026-07-06|2026-07-07|2026-07-08|2026-07-09|2026-07-10|2026-07-13|2026-07-14|2026-07-15|2026-07-16|2026-07-17|2026-07-20|2026-07-21|2026-07-22|2026-07-23|2026-07-24|2026-07-27|2026-07-28|2026-07-29|2026-07-30|2026-07-31|2026-08-03|2026-08-04|2026-08-05,2026-08-05 23:05:50,0.0
Altria,,2026-06-24|2026-06-25|2026-06-26|2026-06-29|2026-06-30|2026-07-01|2026-07-02|2026-07-06|2026-07-07|2026-07-08|2026-07-09|2026-07-10|2026-07-13|2026-07-14|2026-07-15|2026-07-16|2026-07-17|2026-07-20|2026-07-21|2026-07-22|2026-07-23|2026-07-24|2026-07-27|2026-07-28|2026-07-29|2026-07-30|2026-07-31|2026-08-03|2026-08-04|2026-08-05,2026-08-05 23:05:50,0.0
BlackRock,,2026-06-24|2026-06-25|2026-06-26|2026-06-29|2026-06-30|2026-07-01|2026-07-02|2026-07-06|2026-07-07|2026-07-08|2026-07-09|2026-07-10|2026-07-13|2026-07-14|2026-07-15|2026-07-16|2026-07-17|2026-07-20|2026-07-21|2026-07-22|2026-07-23|2026-07-24|2026-07-27|2026-07-28|2026-07-29|2026-07-30|2026-07-31|2026-08-03|2026-08-04|2026-08-05,2026-08-05 23:05:50,0.0
Becton Dickinson,,2026-06-24|2026-06-25|2026-06-26|2026-06-29|2026-06-30|2026-07-01|2026-07-02|2026-07-06|2026-07-07|2026-07-08|2026-07-09|2026-07-10|2026-07-13|2026-07-14|2026-07-15|2026-07-16|2026-07-17|2026-07-20|2026-07-21|2026-07-22|2026-07-23|2026-07-24|2026-07-27|2026-07-28|2026-07-29|2026-07-30|2026-07-31|2026-08-03|2026-08-04|2026-08-05,2026-08-05 23:05:50,0.0
Colgate-Palmolive,,2026-06-24|2026-06-25|2026-06-26|2026-06-29|2026-06-30|2026-07-01|2026-07-02|2026-07-06|2026-07-07|2026-07-08|2026-07-09|2026-07-10|2026-07-13|2026-07-14|2026-07-15|2026-07-16|2026-07-17|2026-07-20|2026-07-21|2026-07-22|2026-07-23|2026-07-24|2026-07-27|2026-07-28|2026-07-29|2026-07-30|2026-07-31|2026-08-03|2026-08-04|2026-08-05,2026-08-05 23:05:50,0.0
Kimberly-Clark,,2026-06-24|2026-06-25|2026-06-26|2026-06-29|2026-06-30|2026-07-01|2026-07-02|2026-07-06|2026-07-07|2026-07-08|2026-07-09|2026-07-10|2026-07-13|2026-07-14|2026-07-15|2026-07-16|2026-07-17|2026-07-20|2026-07-21|2026-07-22|2026-07-23|2026-07-24|2026-07-27|2026-07-28|2026-07-29|2026-07-30|2026-07-31|2026-08-03|2026-08-04|2026-08-05,2026-08-05 23:05:50,0.0
Group 1 Automotive,,2026-06-24|2026-06-25|2026-06-26|2026-06-29|2026-06-30|2026-07-01|2026-07-02|2026-07-06|2026-07-07|2026-07-08|2026-07-09|2026-07-10|2026-07-13|2026-07-14|2026-07-15|2026-07-16|2026-07-17|2026-07-20|2026-07-21|2026-07-22|2026-07-23|2026-07-24|2026-07-27|2026-07-28|2026-07-29|2026-07-30|2026-07-31|2026-08-03|2026-08-04|2026-08-05,2026-08-05 23:05:50,0.0
Parker-Hannifin,,2026-06-24|2026-06-25|2026-06-26|2026-06-29|2026-06-30|2026-07-01|2026-07-02|2026-07-06|2026-07-07|2026-07-08|2026-07-09|2026-07-10|2026-07-13|2026-07-14|2026-07-15|2026-07-16|2026-07-17|2026-07-20|2026-07-21|2026-07-22|2026-07-23|2026-07-24|2026-07-27|2026-07-28|2026-07-29|2026-07-30|2026-07-31|2026-08-03|2026-08-04|2026-08-05,2026-08-05 23:05:50,0.0
General Mills,,2026-06-24|2026-06-25|2026-06-26|2026-06-29|2026-06-30|2026-07-01|2026-07-02|2026-07-06|2026-07-07|2026-07-08|2026-07-09|2026-07-10|2026-07-13|2026-07-14|2026-07-15|2026-07-16|2026-07-17|2026-07-20|2026-07-21|2026-07-22|2026-07-23|2026-07-24|2026-07-27|2026-07-28|2026-07-29|2026-07-30|2026-07-31|2026-08-03|2026-08-04|2026-08-05,2026-08-05 23:05:50,0.0
Cognizant Technology Solutions,,2026-06-24|2026-06-25|2026-06-26|2026-06-29|2026-06-30|2026-07-01|2026-07-02|2026-07-06|2026-07-07|2026-07-08|2026-07-09|2026-07-10|2026-07-13|2026-07-14|2026-07-15|2026-07-16|2026-07-17|2026-07-20|2026-07-21|2026-07-22|2026-07-23|2026-07-24|2026-07-27|2026-07-28|2026-07-29|2026-07-30|2026-07-31|2026-08-03|2026-08-04|2026-08-05,2026-08-05 23:05:50,0.0
American Electric Power,,2026-06-24|2026-06-25|2026-06-26|2026-06-29|2026-06-30|2026-07-01|2026-07-02|2026-07-06|2026-07-07|2026-07-08|2026-07-09|2026-07-10|2026-07-13|2026-07-14|2026-07-15|2026-07-16|2026-07-17|2026-07-20|2026-07-21|2026-07-22|2026-07-23|2026-07-24|2026-07-27|2026-07-28|2026-07-29|2026-07-30|2026-07-31|2026-08-03|2026-08-04|2026-08-05,2026-08-05 23:05:50,0.0
GE HealthCare Technologies,,2026-06-24|2026-06-25|2026-06-26|2026-06-29|2026-06-30|2026-07-01|2026-07-02|2026-07-06|2026-07-07|2026-07-08|2026-07-09|2026-07-10|2026-07-13|2026-07-14|2026-07-15|2026-07-16|2026-07-17|2026-07-20|2026-07-21|2026-07-22|2026-07-23|2026-07-24|2026-07-27|2026-07-28|2026-07-29|2026-07-30|2026-07-31|2026-08-03|2026-08-04|2026-08-05,2026-08-05 23:05:50,0.0
Automatic Data Processing,,2026-06-24|2026-06-25|2026-06-26|2026-06-29|2026-06-30|2026-07-01|2026-07-02|2026-07-06|2026-07-07|2026-07-08|2026-07-09|2026-07-10|2026-07-13|2026-07-14|2026-07-15|2026-07-16|2026-07-17|2026-07-20|2026-07-21|2026-07-22|2026-07-23|2026-07-24|2026-07-27|2026-07-28|2026-07-29|2026-07-30|2026-07-31|2026-08-03|2026-08-04|2026-08-05,2026-08-05 23:05:50,0.0
Cleveland-Cliffs,,2026-06-24|2026-06-25|2026-06-26|2026-06-29|2026-06-30|2026-07-01|2026-07-02|2026-07-06|2026-07-07|2026-07-08|2026-07-09|2026-07-10|2026-07-13|2026-07-14|2026-07-15|2026-07-16|2026-07-17|2026-07-20|2026-07-21|2026-07-22|2026-07-23|2026-07-24|2026-07-27|2026-07-28|2026-07-29|2026-07-30|2026-07-31|2026-08-03|2026-08-04|2026-08-05,2026-08-05 23:05:50,0.0
Aflac,,2026-06-24|2026-06-25|2026-06-26|2026-06-29|2026-06-30|2026-07-01|2026-07-02|2026-07-06|2026-07-07|2026-07-08|2026-07-09|2026-07-10|2026-07-13|2026-07-14|2026-07-15|2026-07-16|2026-07-17|2026-07-20|2026-07-21|2026-07-22|2026-07-23|2026-07-24|2026-07-27|2026-07-28|2026-07-29|2026-07-30|2026-07-31|2026-08-03|2026-08-04|2026-08-05,2026-08-05 23:05:50,0.0
Goodyear Tire & Rubber,,2026-06-24|2026-06-25|2026-06-26|2026-06-29|2026-06-30|2026-07-01|2026-07-02|2026-07-06|2026-07-07|2026-07-08|2026-07-09|2026-07-10|2026-07-13|2026-07-14|2026-07-15|2026-07-16|2026-07-17|2026-07-20|2026-07-21|2026-07-22|2026-07-23|2026-07-24|2026-07-27|2026-07-28|2026-07-29|2026-07-30|2026-07-31|2026-08-03|2026-08-04|2026-08-05,2026-08-05 23:05:50,0.0
Corebridge Financial,,2026-06-24|2026-06-25|2026-06-26|2026-06-29|2026-06-30|2026-07-01|2026-07-02|2026-07-06|2026-07-07|2026-07-08|2026-07-09|2026-07-10|2026-07-13|2026-07-14|2026-07-15|2026-07-16|2026-07-17|2026-07-20|2026-07-21|2026-07-22|2026-07-23|2026-07-24|2026-07-27|2026-07-28|2026-07-29|2026-07-30|2026-07-31|2026-08-03|2026-08-04|2026-08-05,2026-08-05 23:05:50,0.0
Newmont,,2026-06-24|2026-06-25|2026-06-26|2026-06-29|2026-06-30|2026-07-01|2026-07-02|2026-07-06|2026-07-07|2026-07-08|2026-07-09|2026-07-10|2026-07-13|2026-07-14|2026-07-15|2026-07-16|2026-07-17|2026-07-20|2026-07-21|2026-07-22|2026-07-23|2026-07-24|2026-07-27|2026-07-28|2026-07-29|2026-07-30|2026-07-31|2026-08-03|2026-08-04|2026-08-05,2026-08-05 23:05:50,0.0
International Paper,,2026-06-24|2026-06-25|2026-06-26|2026-06-29|2026-06-30|2026-07-01|2026-07-02|2026-07-06|2026-07-07|2026-07-08|2026-07-09|2026-07-10|2026-07-13|2026-07-14|2026-07-15|2026-07-16|2026-07-17|2026-07-20|2026-07-21|2026-07-22|2026-07-23|2026-07-24|2026-07-27|2026-07-28|2026-07-29|2026-07-30|2026-07-31|2026-08-03|2026-08-04|2026-08-05,2026-08-05 23:05:50,0.0
AutoZone,,2026-06-24|2026-06-25|2026-06-26|2026-06-29|2026-06-30|2026-07-01|2026-07-02|2026-07-06|2026-07-07|2026-07-08|2026-07-09|2026-07-10|2026-07-13|2026-07-14|2026-07-15|2026-07-16|2026-07-17|2026-07-20|2026-07-21|2026-07-22|2026-07-23|2026-07-24|2026-07-27|2026-07-28|2026-07-29|2026-07-30|2026-07-31|2026-08-03|2026-08-04|2026-08-05,2026-08-05 23:05:50,0.0
Lincoln National,,2026-06-24|2026-06-25|2026-06-26|2026-06-29|2026-06-30|2026-07-01|2026-07-02|2026-07-06|2026-07-07|2026-07-08|2026-07-09|2026-07-10|2026-07-13|2026-07-14|2026-07-15|2026-07-16|2026-07-17|2026-07-20|2026-07-21|2026-07-22|2026-07-23|2026-07-24|2026-07-27|2026-07-28|2026-07-29|2026-07-30|2026-07-31|2026-08-03|2026-08-04|2026-08-05,2026-08-05 23:05:50,0.0
PulteGroup,,2026-06-24|2026-06-25|2026-06-26|2026-06-29|2026-06-30|2026-07-01|2026-07-02|2026-07-06|2026-07-07|2026-07-08|2026-07-09|2026-07-10|2026-07-13|2026-07-14|2026-07-15|2026-07-16|2026-07-17|2026-07-20|2026-07-21|2026-07-22|2026-07-23|2026-07-24|2026-07-27|2026-07-28|2026-07-29|2026-07-30|2026-07-31|2026-08-03|2026-08-04|2026-08-05,2026-08-05 23:05:50,0.0
Ameriprise Financial,,2026-06-24|2026-06-25|2026-06-26|2026-06-29|2026-06-30|2026-07-01|2026-07-02|2026-07-06|2026-07-07|2026-07-08|2026-07-09|2026-07-10|2026-07-13|2026-07-14|2026-07-15|2026-07-16|2026-07-17|2026-07-20|2026-07-21|2026-07-22|2026-07-23|2026-07-24|2026-07-27|2026-07-28|2026-07-29|2026-07-30|2026-07-31|2026-08-03|2026-08-04|2026-08-05,2026-08-05 23:05:50,0.0
Murphy USA,,2026-06-24|2026-06-25|2026-06-26|2026-06-29|2026-06-30|2026-07-01|2026-07-02|2026-07-06|2026-07-07|2026-07-08|2026-07-09|2026-07-10|2026-07-13|2026-07-14|2026-07-15|2026-07-16|2026-07-17|2026-07-20|2026-07-21|2026-07-22|2026-07-23|2026-07-24|2026-07-27|2026-07-28|2026-07-29|2026-07-30|2026-07-31|2026-08-03|2026-08-04|2026-08-05,2026-08-05 23:05:50,0.0
ManpowerGroup,,2026-06-24|2026-06-25|2026-06-26|2026-06-29|2026-06-30|2026-07-01|2026-07-02|2026-07-06|2026-07-07|2026-07-08|2026-07-09|2026-07-10|2026-07-13|2026-07-14|2026-07-15|2026-07-16|2026-07-17|2026-07-20|2026-07-21|2026-07-22|2026-07-23|2026-07-24|2026-07-27|2026-07-28|2026-07-29|2026-07-30|2026-07-31|2026-08-03|2026-08-04|2026-08-05,2026-08-05 23:05:50,0.0
CH Robinson Worldwide,,2026-06-24|2026-06-25|2026-06-26|2026-06-29|2026-06-30|2026-07-01|2026-07-02|2026-07-06|2026-07-07|2026-07-08|2026-07-09|2026-07-10|2026-07-13|2026-07-14|2026-07-15|2026-07-16|2026-07-17|2026-07-20|2026-07-21|2026-07-22|2026-07-23|2026-07-24|2026-07-27|2026-07-28|2026-07-29|2026-07-30|2026-07-31|2026-08-03|2026-08-04|2026-08-05,2026-08-05 23:05:50,0.0
PPG Industries,,2026-06-24|2026-06-25|2026-06-26|2026-06-29|2026-06-30|2026-07-01|2026-07-02|2026-07-06|2026-07-07|2026-07-08|2026-07-09|2026-07-10|2026-07-13|2026-07-14|2026-07-15|2026-07-16|2026-07-17|2026-07-20|2026-07-21|2026-07-22|2026-07-23|2026-07-24|2026-07-27|2026-07-28|2026-07-29|2026-07-30|2026-07-31|2026-08-03|2026-08-04|2026-08-05,2026-08-05 23:05:50,0.0
Edison International,,2026-06-24|2026-06-25|2026-06-26|2026-06-29|2026-06-30|2026-07-01|2026-07-02|2026-07-06|2026-07-07|2026-07-08|2026-07-09|2026-07-10|2026-07-13|2026-07-14|2026-07-15|2026-07-16|2026-07-17|2026-07-20|2026-07-21|2026-07-22|2026-07-23|2026-07-24|2026-07-27|2026-07-28|2026-07-29|2026-07-30|2026-07-31|2026-08-03|2026-08-04|2026-08-05,2026-08-05 23:05:50,0.0
Steel Dynamics,,2026-06-24|2026-06-25|2026-06-26|2026-06-29|2026-06-30|2026-07-01|2026-07-02|2026-07-06|2026-07-07|2026-07-08|2026-07-09|2026-07-10|2026-07-13|2026-07-14|2026-07-15|2026-07-16|2026-07-17|2026-07-20|2026-07-21|2026-07-22|2026-07-23|2026-07-24|2026-07-27|2026-07-28|2026-07-29|2026-07-30|2026-07-31|2026-08-03|2026-08-04|2026-08-05,2026-08-05 23:05:50,0.0
Loews,,2026-06-24|2026-06-25|2026-06-26|2026-06-29|2026-06-30|2026-07-01|2026-07-02|2026-07-06|2026-07-07|2026-07-08|2026-07-09|2026-07-10|2026-07-13|2026-07-14|2026-07-15|2026-07-16|2026-07-17|2026-07-20|2026-07-21|2026-07-22|2026-07-23|2026-07-24|2026-07-27|2026-07-28|2026-07-29|2026-07-30|2026-07-31|2026-08-03|2026-08-04|2026-08-05,2026-08-05 23:05:50,0.0
Emerson Electric,,2026-06-24|2026-06-25|2026-06-26|2026-06-29|2026-06-30|2026-07-01|2026-07-02|2026-07-06|2026-07-07|2026-07-08|2026-07-09|2026-07-10|2026-07-13|2026-07-14|2026-07-15|2026-07-16|2026-07-17|2026-07-20|2026-07-21|2026-07-22|2026-07-23|2026-07-24|2026-07-27|2026-07-28|2026-07-29|2026-07-30|2026-07-31|2026-08-03|2026-08-04|2026-08-05,2026-08-05 23:05:50,0.0
Aramark,,2026-06-24|2026-06-25|2026-06-26|2026-06-29|2026-06-30|2026-07-01|2026-07-02|2026-07-06|2026-07-07|2026-07-08|2026-07-09|2026-07-10|2026-07-13|2026-07-14|2026-07-15|2026-07-16|2026-07-17|2026-07-20|2026-07-21|2026-07-22|2026-07-23|2026-07-24|2026-07-27|2026-07-28|2026-07-29|2026-07-30|2026-07-31|2026-08-03|2026-08-04|2026-08-05,2026-08-05 23:05:50,0.0
MGM Resorts International,,2026-06-24|2026-06-25|2026-06-26|2026-06-29|2026-06-30|2026-07-01|2026-07-02|2026-07-06|2026-07-07|2026-07-08|2026-07-09|2026-07-10|2026-07-13|2026-07-14|2026-07-15|2026-07-16|2026-07-17|2026-07-20|2026-07-21|2026-07-22|2026-07-23|2026-07-24|2026-07-27|2026-07-28|2026-07-29|2026-07-30|2026-07-31|2026-08-03|2026-08-04|2026-08-05,2026-08-05 23:05:50,0.0
Vistra,,2026-06-24|2026-06-25|2026-06-26|2026-06-29|2026-06-30|2026-07-01|2026-07-02|2026-07-06|2026-07-07|2026-07-08|2026-07-09|2026-07-10|2026-07-13|2026-07-14|2026-07-15|2026-07-16|2026-07-17|2026-07-20|2026-07-21|2026-07-22|2026-07-23|2026-07-24|2026-07-27|2026-07-28|2026-07-29|2026-07-30|2026-07-31|2026-08-03|2026-08-04|2026-08-05,2026-08-05 23:05:50,0.0
Asbury Automotive Group,,2026-06-24|2026-06-25|2026-06-26|2026-06-29|2026-06-30|2026-07-01|2026-07-02|2026-07-06|2026-07-07|2026-07-08|2026-07-09|2026-07-10|2026-07-13|2026-07-14|2026-07-15|2026-07-16|2026-07-17|2026-07-20|2026-07-21|2026-07-22|2026-07-23|2026-07-24|2026-07-27|2026-07-28|2026-07-29|2026-07-30|2026-07-31|2026-08-03|2026-08-04|2026-08-05,2026-08-05 23:05:50,0.0
WW Grainger,,2026-06-24|2026-06-25|2026-06-26|2026-06-29|2026-06-30|2026-07-01|2026-07-02|2026-07-06|2026-07-07|2026-07-08|2026-07-09|2026-07-10|2026-07-13|2026-07-14|2026-07-15|2026-07-16|2026-07-17|2026-07-20|2026-07-21|2026-07-22|2026-07-23|2026-07-24|2026-07-27|2026-07-28|2026-07-29|2026-07-30|2026-07-31|2026-08-03|2026-08-04|2026-08-05,2026-08-05 23:05:50,0.0
Global Partners,,2026-06-24|2026-06-25|2026-06-26|2026-06-29|2026-06-30|2026-07-01|2026-07-02|2026-07-06|2026-07-07|2026-07-08|2026-07-09|2026-07-10|2026-07-13|2026-07-14|2026-07-15|2026-07-16|2026-07-17|2026-07-20|2026-07-21|2026-07-22|2026-07-23|2026-07-24|2026-07-27|2026-07-28|2026-07-29|2026-07-30|2026-07-31|2026-08-03|2026-08-04|2026-08-05,2026-08-05 23:05:50,0.0
Jacobs Solutions,,2026-06-24|2026-06-25|2026-06-26|2026-06-29|2026-06-30|2026-07-01|2026-07-02|2026-07-06|2026-07-07|2026-07-08|2026-07-09|2026-07-10|2026-07-13|2026-07-14|2026-07-15|2026-07-16|2026-07-17|2026-07-20|2026-07-21|2026-07-22|2026-07-23|2026-07-24|2026-07-27|2026-07-28|2026-07-29|2026-07-30|2026-07-31|2026-08-03|2026-08-04|2026-08-05,2026-08-05 23:05:50,0.0
Corteva,,2026-06-24|2026-06-25|2026-06-26|2026-06-29|2026-06-30|2026-07-01|2026-07-02|2026-07-06|2026-07-07|2026-07-08|2026-07-09|2026-07-10|2026-07-13|2026-07-14|2026-07-15|2026-07-16|2026-07-17|2026-07-20|2026-07-21|2026-07-22|2026-07-23|2026-07-24|2026-07-27|2026-07-28|2026-07-29|2026-07-30|2026-07-31|2026-08-03|2026-08-04|2026-08-05,2026-08-05 23:05:50,0.0
Boston Scientific,,2026-06-24|2026-06-25|2026-06-26|2026-06-29|2026-06-30|2026-07-01|2026-07-02|2026-07-06|2026-07-07|2026-07-08|2026-07-09|2026-07-10|2026-07-13|2026-07-14|2026-07-15|2026-07-16|2026-07-17|2026-07-20|2026-07-21|2026-07-22|2026-07-23|2026-07-24|2026-07-27|2026-07-28|2026-07-29|2026-07-30|2026-07-31|2026-08-03|2026-08-04|2026-08-05,2026-08-05 23:05:50,0.0
O'Reilly Automotive,,2026-06-24|2026-06-25|2026-06-26|2026-06-29|2026-06-30|2026-07-01|2026-07-02|2026-07-06|2026-07-07|2026-07-08|2026-07-09|2026-07-10|2026-07-13|2026-07-14|2026-07-15|2026-07-16|2026-07-17|2026-07-20|2026-07-21|2026-07-22|2026-07-23|2026-07-24|2026-07-27|2026-07-28|2026-07-29|2026-07-30|2026-07-31|2026-08-03|2026-08-04|2026-08-05,2026-08-05 23:05:50,0.0
Leidos,,2026-06-24|2026-06-25|2026-06-26|2026-06-29|2026-06-30|2026-07-01|2026-07-02|2026-07-06|2026-07-07|2026-07-08|2026-07-09|2026-07-10|2026-07-13|2026-07-14|2026-07-15|2026-07-16|2026-07-17|2026-07-20|2026-07-21|2026-07-22|2026-07-23|2026-07-24|2026-07-27|2026-07-28|2026-07-29|2026-07-30|2026-07-31|2026-08-03|2026-08-04|2026-08-05,2026-08-05 23:05:50,0.0
Markel Group,,2026-06-24|2026-06-25|2026-06-26|2026-06-29|2026-06-30|2026-07-01|2026-07-02|2026-07-06|2026-07-07|2026-07-08|2026-07-09|2026-07-10|2026-07-13|2026-07-14|2026-07-15|2026-07-16|2026-07-17|2026-07-20|2026-07-21|2026-07-22|2026-07-23|2026-07-24|2026-07-27|2026-07-28|2026-07-29|2026-07-30|2026-07-31|2026-08-03|2026-08-04|2026-08-05,2026-08-05 23:05:50,0.0
Whirlpool Corporation,,2026-06-24|2026-06-25|2026-06-26|2026-06-29|2026-06-30|2026-07-01|2026-07-02|2026-07-06|2026-07-07|2026-07-08|2026-07-09|2026-07-10|2026-07-13|2026-07-14|2026-07-15|2026-07-16|2026-07-17|2026-07-20|2026-07-21|2026-07-22|2026-07-23|2026-07-24|2026-07-27|2026-07-28|2026-07-29|2026-07-30|2026-07-31|2026-08-03|2026-08-04|2026-08-05,2026-08-05 23:05:50,0.0
Builders FirstSource,,2026-06-24|2026-06-25|2026-06-26|2026-06-29|2026-06-30|2026-07-01|2026-07-02|2026-07-06|2026-07-07|2026-07-08|2026-07-09|2026-07-10|2026-07-13|2026-07-14|2026-07-15|2026-07-16|2026-07-17|2026-07-20|2026-07-21|2026-07-22|2026-07-23|2026-07-24|2026-07-27|2026-07-28|2026-07-29|2026-07-30|2026-07-31|2026-08-03|2026-08-04|2026-08-05,2026-08-05 23:05:50,0.0
Ally Financial,,2026-06-24|2026-06-25|2026-06-26|2026-06-29|2026-06-30|2026-07-01|2026-07-02|2026-07-06|2026-07-07|2026-07-08|2026-07-09|2026-07-10|2026-07-13|2026-07-14|2026-07-15|2026-07-16|2026-07-17|2026-07-20|2026-07-21|2026-07-22|2026-07-23|2026-07-24|2026-07-27|2026-07-28|2026-07-29|2026-07-30|2026-07-31|2026-08-03|2026-08-04|2026-08-05,2026-08-05 23:05:50,0.0
Targa Resources,,2026-06-24|2026-06-25|2026-06-26|2026-06-29|2026-06-30|2026-07-01|2026-07-02|2026-07-06|2026-07-07|2026-07-08|2026-07-09|2026-07-10|2026-07-13|2026-07-14|2026-07-15|2026-07-16|2026-07-17|2026-07-20|2026-07-21|2026-07-22|2026-07-23|2026-07-24|2026-07-27|2026-07-28|2026-07-29|2026-07-30|2026-07-31|2026-08-03|2026-08-04|2026-08-05,2026-08-05 23:05:50,0.0
Fluor,,2026-06-24|2026-06-25|2026-06-26|2026-06-29|2026-06-30|2026-07-01|2026-07-02|2026-07-06|2026-07-07|2026-07-08|2026-07-09|2026-07-10|2026-07-13|2026-07-14|2026-07-15|2026-07-16|2026-07-17|2026-07-20|2026-07-21|2026-07-22|2026-07-23|2026-07-24|2026-07-27|2026-07-28|2026-07-29|2026-07-30|2026-07-31|2026-08-03|2026-08-04|2026-08-05,2026-08-05 23:05:50,0.0
Intuit,,2026-06-24|2026-06-25|2026-06-26|2026-06-29|2026-06-30|2026-07-01|2026-07-02|2026-07-06|2026-07-07|2026-07-08|2026-07-09|2026-07-10|2026-07-13|2026-07-14|2026-07-15|2026-07-16|2026-07-17|2026-07-20|2026-07-21|2026-07-22|2026-07-23|2026-07-24|2026-07-27|2026-07-28|2026-07-29|2026-07-30|2026-07-31|2026-08-03|2026-08-04|2026-08-05,2026-08-05 23:05:50,0.0
AECOM,,2026-06-24|2026-06-25|2026-06-26|2026-06-29|2026-06-30|2026-07-01|2026-07-02|2026-07-06|2026-07-07|2026-07-08|2026-07-09|2026-07-10|2026-07-13|2026-07-14|2026-07-15|2026-07-16|2026-07-17|2026-07-20|2026-07-21|2026-07-22|2026-07-23|2026-07-24|2026-07-27|2026-07-28|2026-07-29|2026-07-30|2026-07-31|2026-08-03|2026-08-04|2026-08-05,2026-08-05 23:05:50,0.0
Kohl's,,2026-06-24|2026-06-25|2026-06-26|2026-06-29|2026-06-30|2026-07-01|2026-07-02|2026-07-06|2026-07-07|2026-07-08|2026-07-09|2026-07-10|2026-07-13|2026-07-14|2026-07-15|2026-07-16|2026-07-17|2026-07-20|2026-07-21|2026-07-22|2026-07-23|2026-07-24|2026-07-27|2026-07-28|2026-07-29|2026-07-30|2026-07-31|2026-08-03|2026-08-04|2026-08-05,2026-08-05 23:05:50,0.0
PrIncipal Financial,,2026-06-24|2026-06-25|2026-06-26|2026-06-29|2026-06-30|2026-07-01|2026-07-02|2026-07-06|2026-07-07|2026-07-08|2026-07-09|2026-07-10|2026-07-13|2026-07-14|2026-07-15|2026-07-16|2026-07-17|2026-07-20|2026-07-21|2026-07-22|2026-07-23|2026-07-24|2026-07-27|2026-07-28|2026-07-29|2026-07-30|2026-07-31|2026-08-03|2026-08-04|2026-08-05,2026-08-05 23:05:50,0.0
Dominion Energy,,2026-06-24|2026-06-25|2026-06-26|2026-06-29|2026-06-30|2026-07-01|2026-07-02|2026-07-06|2026-07-07|2026-07-08|2026-07-09|2026-07-10|2026-07-13|2026-07-14|2026-07-15|2026-07-16|2026-07-17|2026-07-20|2026-07-21|2026-07-22|2026-07-23|2026-07-24|2026-07-27|2026-07-28|2026-07-29|2026-07-30|2026-07-31|2026-08-03|2026-08-04|2026-08-05,2026-08-05 23:05:50,0.0
Kyndryl,,2026-06-24|2026-06-25|2026-06-26|2026-06-29|2026-06-30|2026-07-01|2026-07-02|2026-07-06|2026-07-07|2026-07-08|2026-07-09|2026-07-10|2026-07-13|2026-07-14|2026-07-15|2026-07-16|2026-07-17|2026-07-20|2026-07-21|2026-07-22|2026-07-23|2026-07-24|2026-07-27|2026-07-28|2026-07-29|2026-07-30|2026-07-31|2026-08-03|2026-08-04|2026-08-05,2026-08-05 23:05:50,0.0
Republic Services,,2026-06-24|2026-06-25|2026-06-26|2026-06-29|2026-06-30|2026-07-01|2026-07-02|2026-07-06|2026-07-07|2026-07-08|2026-07-09|2026-07-10|2026-07-13|2026-07-14|2026-07-15|2026-07-16|2026-07-17|2026-07-20|2026-07-21|2026-07-22|2026-07-23|2026-07-24|2026-07-27|2026-07-28|2026-07-29|2026-07-30|2026-07-31|2026-08-03|2026-08-04|2026-08-05,2026-08-05 23:05:50,0.0
Devon Energy,,2026-06-24|2026-06-25|2026-06-26|2026-06-29|2026-06-30|2026-07-01|2026-07-02|2026-07-06|2026-07-07|2026-07-08|2026-07-09|2026-07-10|2026-07-13|2026-07-14|2026-07-15|2026-07-16|2026-07-17|2026-07-20|2026-07-21|2026-07-22|2026-07-23|2026-07-24|2026-07-27|2026-07-28|2026-07-29|2026-07-30|2026-07-31|2026-08-03|2026-08-04|2026-08-05,2026-08-05 23:05:50,0.0
Illinois Tool Works,,2026-06-24|2026-06-25|2026-06-26|2026-06-29|2026-06-30|2026-07-01|2026-07-02|2026-07-06|2026-07-07|2026-07-08|2026-07-09|2026-07-10|2026-07-13|2026-07-14|2026-07-15|2026-07-16|2026-07-17|2026-07-20|2026-07-21|2026-07-22|2026-07-23|2026-07-24|2026-07-27|2026-07-28|2026-07-29|2026-07-30|2026-07-31|2026-08-03|2026-08-04|2026-08-05,2026-08-05 23:05:50,0.0
Northern Trust,,2026-06-24|2026-06-25|2026-06-26|2026-06-29|2026-06-30|2026-07-01|2026-07-02|2026-07-06|2026-07-07|2026-07-08|2026-07-09|2026-07-10|2026-07-13|2026-07-14|2026-07-15|2026-07-16|2026-07-17|2026-07-20|2026-07-21|2026-07-22|2026-07-23|2026-07-24|2026-07-27|2026-07-28|2026-07-29|2026-07-30|2026-07-31|2026-08-03|2026-08-04|2026-08-05,2026-08-05 23:05:50,0.0
Universal Health Services,,2026-06-24|2026-06-25|2026-06-26|2026-06-29|2026-06-30|2026-07-01|2026-07-02|2026-07-06|2026-07-07|2026-07-08|2026-07-09|2026-07-10|2026-07-13|2026-07-14|2026-07-15|2026-07-16|2026-07-17|2026-07-20|2026-07-21|2026-07-22|2026-07-23|2026-07-24|2026-07-27|2026-07-28|2026-07-29|2026-07-30|2026-07-31|2026-08-03|2026-08-04|2026-08-05,2026-08-05 23:05:50,0.0
EchoStar,,2026-07-17,2026-08-05 23:05:50,0.0
Ecolab,,2026-06-24|2026-06-25|2026-06-26|2026-06-29|2026-06-30|2026-07-01|2026-07-02|2026-07-06|2026-07-07|2026-07-08|2026-07-09|2026-07-10|2026-07-13|2026-07-14|2026-07-15|2026-07-16|2026-07-17|2026-07-20|2026-07-21|2026-07-22|2026-07-23|2026-07-24|2026-07-27|2026-07-28|2026-07-29|2026-07-30|2026-07-31|2026-08-03|2026-08-04|2026-08-05,2026-08-05 23:05:50,0.0
Cheniere Energy,,2026-06-24|2026-06-25|2026-06-26|2026-06-29|2026-06-30|2026-07-01|2026-07-02|2026-07-06|2026-07-07|2026-07-08|2026-07-09|2026-07-10|2026-07-13|2026-07-14|2026-07-15|2026-07-16|2026-07-17|2026-07-20|2026-07-21|2026-07-22|2026-07-23|2026-07-24|2026-07-27|2026-07-28|2026-07-29|2026-07-30|2026-07-31|2026-08-03|2026-08-04|2026-08-05,2026-08-05 23:05:50,0.0
Omnicom Group,,2026-06-24|2026-06-25|2026-06-26|2026-06-29|2026-06-30|2026-07-01|2026-07-02|2026-07-06|2026-07-07|2026-07-08|2026-07-09|2026-07-10|2026-07-13|2026-07-14|2026-07-15|2026-07-16|2026-07-17|2026-07-20|2026-07-21|2026-07-22|2026-07-23|2026-07-24|2026-07-27|2026-07-28|2026-07-29|2026-07-30|2026-07-31|2026-08-03|2026-08-04|2026-08-05,2026-08-05 23:05:50,0.0
Texas Instruments,,2026-06-24|2026-06-25|2026-06-26|2026-06-29|2026-06-30|2026-07-01|2026-07-02|2026-07-06|2026-07-07|2026-07-08|2026-07-09|2026-07-10|2026-07-13|2026-07-14|2026-07-15|2026-07-16|2026-07-17|2026-07-20|2026-07-21|2026-07-22|2026-07-23|2026-07-24|2026-07-27|2026-07-28|2026-07-29|2026-07-30|2026-07-31|2026-08-03|2026-08-04|2026-08-05,2026-08-05 23:05:50,0.0
The Estee Lauder Companies,,2026-06-24|2026-06-25|2026-06-26|2026-06-29|2026-06-30|2026-07-01|2026-07-02|2026-07-06|2026-07-07|2026-07-08|2026-07-09|2026-07-10|2026-07-13|2026-07-14|2026-07-15|2026-07-16|2026-07-17|2026-07-20|2026-07-21|2026-07-22|2026-07-23|2026-07-24|2026-07-27|2026-07-28|2026-07-29|2026-07-30|2026-07-31|2026-08-03|2026-08-04|2026-08-05,2026-08-05 23:05:50,0.0
Kenvue,,2026-06-24|2026-06-25|2026-06-26|2026-06-29|2026-06-30|2026-07-01|2026-07-02|2026-07-06|2026-07-07|2026-07-08|2026-07-09|2026-07-10|2026-07-13|2026-07-14|2026-07-15|2026-07-16|2026-07-17|2026-07-20|2026-07-21|2026-07-22|2026-07-23|2026-07-24|2026-07-27|2026-07-28|2026-07-29|2026-07-30|2026-07-31|2026-08-03|2026-08-04|2026-08-05,2026-08-05 23:05:50,0.0
IQVIA,,2026-06-24|2026-06-25|2026-06-26|2026-06-29|2026-06-30|2026-07-01|2026-07-02|2026-07-06|2026-07-07|2026-07-08|2026-07-09|2026-07-10|2026-07-13|2026-07-14|2026-07-15|2026-07-16|2026-07-17|2026-07-20|2026-07-21|2026-07-22|2026-07-23|2026-07-24|2026-07-27|2026-07-28|2026-07-29|2026-07-30|2026-07-31|2026-08-03|2026-08-04|2026-08-05,2026-08-05 23:05:50,0.0
Stanley Black & Decker,,2026-06-24|2026-06-25|2026-06-26|2026-06-29|2026-06-30|2026-07-01|2026-07-02|2026-07-06|2026-07-07|2026-07-08|2026-07-09|2026-07-10|2026-07-13|2026-07-14|2026-07-15|2026-07-16|2026-07-17|2026-07-20|2026-07-21|2026-07-22|2026-07-23|2026-07-24|2026-07-27|2026-07-28|2026-07-29|2026-07-30|2026-07-31|2026-08-03|2026-08-04|2026-08-05,2026-08-05 23:05:50,0.0
Keurig Dr Pepper,,2026-06-24|2026-06-25|2026-06-26|2026-06-29|2026-06-30|2026-07-01|2026-07-02|2026-07-06|2026-07-07|2026-07-08|2026-07-09|2026-07-10|2026-07-13|2026-07-14|2026-07-15|2026-07-16|2026-07-17|2026-07-20|2026-07-21|2026-07-22|2026-07-23|2026-07-24|2026-07-27|2026-07-28|2026-07-29|2026-07-30|2026-07-31|2026-08-03|2026-08-04|2026-08-05,2026-08-05 23:05:50,0.0
United Rentals,,2026-06-24|2026-06-25|2026-06-26|2026-06-29|2026-06-30|2026-07-01|2026-07-02|2026-07-06|2026-07-07|2026-07-08|2026-07-09|2026-07-10|2026-07-13|2026-07-14|2026-07-15|2026-07-16|2026-07-17|2026-07-20|2026-07-21|2026-07-22|2026-07-23|2026-07-24|2026-07-27|2026-07-28|2026-07-29|2026-07-30|2026-07-31|2026-08-03|2026-08-04|2026-08-05,2026-08-05 23:05:50,0.0
Consolidated Edison,,2026-06-24|2026-06-25|2026-06-26|2026-06-29|2026-06-30|2026-07-01|2026-07-02|2026-07-06|2026-07-07|2026-07-08|2026-07-09|2026-07-10|2026-07-13|2026-07-14|2026-07-15|2026-07-16|2026-07-17|2026-07-20|2026-07-21|2026-07-22|2026-07-23|2026-07-24|2026-07-27|2026-07-28|2026-07-29|2026-07-30|2026-07-31|2026-08-03|2026-08-04|2026-08-05,2026-08-05 23:05:50,0.0
Amphenol,,2026-06-24|2026-06-25|2026-06-26|2026-06-29|2026-06-30|2026-07-01|2026-07-02|2026-07-06|2026-07-07|2026-07-08|2026-07-09|2026-07-10|2026-07-13|2026-07-14|2026-07-15|2026-07-16|2026-07-17|2026-07-20|2026-07-21|2026-07-22|2026-07-23|2026-07-24|2026-07-27|2026-07-28|2026-07-29|2026-07-30|2026-07-31|2026-08-03|2026-08-04|2026-08-05,2026-08-05 23:05:50,0.0
Baxter International,,2026-06-24|2026-06-25|2026-06-26|2026-06-29|2026-06-30|2026-07-01|2026-07-02|2026-07-06|2026-07-07|2026-07-08|2026-07-09|2026-07-10|2026-07-13|2026-07-14|2026-07-15|2026-07-16|2026-07-17|2026-07-20|2026-07-21|2026-07-22|2026-07-23|2026-07-24|2026-07-27|2026-07-28|2026-07-29|2026-07-30|2026-07-31|2026-08-03|2026-08-04|2026-08-05,2026-08-05 23:05:50,0.0
Kinder Morgan,,2026-06-24|2026-06-25|2026-06-26|2026-06-29|2026-06-30|2026-07-01|2026-07-02|2026-07-06|2026-07-07|2026-07-08|2026-07-09|2026-07-10|2026-07-13|2026-07-14|2026-07-15|2026-07-16|2026-07-17|2026-07-20|2026-07-21|2026-07-22|2026-07-23|2026-07-24|2026-07-27|2026-07-28|2026-07-29|2026-07-30|2026-07-31|2026-08-03|2026-08-04|2026-08-05,2026-08-05 23:05:50,0.0
First Citizens BancShares,,2026-06-24|2026-06-25|2026-06-26|2026-06-29|2026-06-30|2026-07-01|2026-07-02|2026-07-06|2026-07-07|2026-07-08|2026-07-09|2026-07-10|2026-07-13|2026-07-14|2026-07-15|2026-07-16|2026-07-17|2026-07-20|2026-07-21|2026-07-22|2026-07-23|2026-07-24|2026-07-27|2026-07-28|2026-07-29|2026-07-30|2026-07-31|2026-08-03|2026-08-04|2026-08-05,2026-08-05 23:05:50,0.0
Raymond James Financial,,2026-06-24|2026-06-25|2026-06-26|2026-06-29|2026-06-30|2026-07-01|2026-07-02|2026-07-06|2026-07-07|2026-07-08|2026-07-09|2026-07-10|2026-07-13|2026-07-14|2026-07-15|2026-07-16|2026-07-17|2026-07-20|2026-07-21|2026-07-22|2026-07-23|2026-07-24|2026-07-27|2026-07-28|2026-07-29|2026-07-30|2026-07-31|2026-08-03|2026-08-04|2026-08-05,2026-08-05 23:05:50,0.0
Lam Research,,2026-06-24|2026-06-25|2026-06-26|2026-06-29|2026-06-30|2026-07-01|2026-07-02|2026-07-06|2026-07-07|2026-07-08|2026-07-09|2026-07-10|2026-07-13|2026-07-14|2026-07-15|2026-07-16|2026-07-17|2026-07-20|2026-07-21|2026-07-22|2026-07-23|2026-07-24|2026-07-27|2026-07-28|2026-07-29|2026-07-30|2026-07-31|2026-08-03|2026-08-04|2026-08-05,2026-08-05 23:05:50,0.0
Tractor Supply Company,,2026-06-24|2026-06-25|2026-06-26|2026-06-29|2026-06-30|2026-07-01|2026-07-02|2026-07-06|2026-07-07|2026-07-08|2026-07-09|2026-07-10|2026-07-13|2026-07-14|2026-07-15|2026-07-16|2026-07-17|2026-07-20|2026-07-21|2026-07-22|2026-07-23|2026-07-24|2026-07-27|2026-07-28|2026-07-29|2026-07-30|2026-07-31|2026-08-03|2026-08-04|2026-08-05,2026-08-05 23:05:50,0.0
Caseys General Stores,,2026-06-24|2026-06-25|2026-06-26|2026-06-29|2026-06-30|2026-07-01|2026-07-02|2026-07-06|2026-07-07|2026-07-08|2026-07-09|2026-07-10|2026-07-13|2026-07-14|2026-07-15|2026-07-16|2026-07-17|2026-07-20|2026-07-21|2026-07-22|2026-07-23|2026-07-24|2026-07-27|2026-07-28|2026-07-29|2026-07-30|2026-07-31|2026-08-03|2026-08-04|2026-08-05,2026-08-05 23:05:50,0.0
Viatris,,2026-06-24|2026-06-25|2026-06-26|2026-06-29|2026-06-30|2026-07-01|2026-07-02|2026-07-06|2026-07-07|2026-07-08|2026-07-09|2026-07-10|2026-07-13|2026-07-14|2026-07-15|2026-07-16|2026-07-17|2026-07-20|2026-07-21|2026-07-22|2026-07-23|2026-07-24|2026-07-27|2026-07-28|2026-07-29|2026-07-30|2026-07-31|2026-08-03|2026-08-04|2026-08-05,2026-08-05 23:05:50,0.0
EMCOR Group,,2026-06-24|2026-06-25|2026-06-26|2026-06-29|2026-06-30|2026-07-01|2026-07-02|2026-07-06|2026-07-07|2026-07-08|2026-07-09|2026-07-10|2026-07-13|2026-07-14|2026-07-15|2026-07-16|2026-07-17|2026-07-20|2026-07-21|2026-07-22|2026-07-23|2026-07-24|2026-07-27|2026-07-28|2026-07-29|2026-07-30|2026-07-31|2026-08-03|2026-08-04|2026-08-05,2026-08-05 23:05:50,0.0
CSX,,2026-06-24|2026-06-25|2026-06-26|2026-06-29|2026-06-30|2026-07-01|2026-07-02|2026-07-06|2026-07-07|2026-07-08|2026-07-09|2026-07-10|2026-07-13|2026-07-14|2026-07-15|2026-07-16|2026-07-17|2026-07-20|2026-07-21|2026-07-22|2026-07-23|2026-07-24|2026-07-27|2026-07-28|2026-07-29|2026-07-30|2026-07-31|2026-08-03|2026-08-04|2026-08-05,2026-08-05 23:05:50,0.0
LKQ,,2026-06-24|2026-06-25|2026-06-26|2026-06-29|2026-06-30|2026-07-01|2026-07-02|2026-07-06|2026-07-07|2026-07-08|2026-07-09|2026-07-10|2026-07-13|2026-07-14|2026-07-15|2026-07-16|2026-07-17|2026-07-20|2026-07-21|2026-07-22|2026-07-23|2026-07-24|2026-07-27|2026-07-28|2026-07-29|2026-07-30|2026-07-31|2026-08-03|2026-08-04|2026-08-05,2026-08-05 23:05:50,0.0
Otis Worldwide,,2026-06-24|2026-06-25|2026-06-26|2026-06-29|2026-06-30|2026-07-01|2026-07-02|2026-07-06|2026-07-07|2026-07-08|2026-07-09|2026-07-10|2026-07-13|2026-07-14|2026-07-15|2026-07-16|2026-07-17|2026-07-20|2026-07-21|2026-07-22|2026-07-23|2026-07-24|2026-07-27|2026-07-28|2026-07-29|2026-07-30|2026-07-31|2026-08-03|2026-08-04|2026-08-05,2026-08-05 23:05:50,0.0
Sonic Automotive,,2026-06-24|2026-06-25|2026-06-26|2026-06-29|2026-06-30|2026-07-01|2026-07-02|2026-07-06|2026-07-07|2026-07-08|2026-07-09|2026-07-10|2026-07-13|2026-07-14|2026-07-15|2026-07-16|2026-07-17|2026-07-20|2026-07-21|2026-07-22|2026-07-23|2026-07-24|2026-07-27|2026-07-28|2026-07-29|2026-07-30|2026-07-31|2026-08-03|2026-08-04|2026-08-05,2026-08-05 23:05:50,0.0
S&P Global,,2026-06-24|2026-06-25|2026-06-26|2026-06-29|2026-06-30|2026-07-01|2026-07-02|2026-07-06|2026-07-07|2026-07-08|2026-07-09|2026-07-10|2026-07-13|2026-07-14|2026-07-15|2026-07-16|2026-07-17|2026-07-20|2026-07-21|2026-07-22|2026-07-23|2026-07-24|2026-07-27|2026-07-28|2026-07-29|2026-07-30|2026-07-31|2026-08-03|2026-08-04|2026-08-05,2026-08-05 23:05:50,0.0
Regeneron Pharmaceuticals,,2026-06-24|2026-06-25|2026-06-26|2026-06-29|2026-06-30|2026-07-01|2026-07-02|2026-07-06|2026-07-07|2026-07-08|2026-07-09|2026-07-10|2026-07-13|2026-07-14|2026-07-15|2026-07-16|2026-07-17|2026-07-20|2026-07-21|2026-07-22|2026-07-23|2026-07-24|2026-07-27|2026-07-28|2026-07-29|2026-07-30|2026-07-31|2026-08-03|2026-08-04|2026-08-05,2026-08-05 23:05:50,0.0
BorgWarner,,2026-06-24|2026-06-25|2026-06-26|2026-06-29|2026-06-30|2026-07-01|2026-07-02|2026-07-06|2026-07-07|2026-07-08|2026-07-09|2026-07-10|2026-07-13|2026-07-14|2026-07-15|2026-07-16|2026-07-17|2026-07-20|2026-07-21|2026-07-22|2026-07-23|2026-07-24|2026-07-27|2026-07-28|2026-07-29|2026-07-30|2026-07-31|2026-08-03|2026-08-04|2026-08-05,2026-08-05 23:05:50,0.0
Reliance Inc,,2026-06-24|2026-06-25|2026-06-26|2026-06-29|2026-06-30|2026-07-01|2026-07-02|2026-07-06|2026-07-07|2026-07-08|2026-07-09|2026-07-10|2026-07-13|2026-07-14|2026-07-15|2026-07-16|2026-07-17|2026-07-20|2026-07-21|2026-07-22|2026-07-23|2026-07-24|2026-07-27|2026-07-28|2026-07-29|2026-07-30|2026-07-31|2026-08-03|2026-08-04|2026-08-05,2026-08-05 23:05:50,0.0
Textron,,2026-06-24|2026-06-25|2026-06-26|2026-06-29|2026-06-30|2026-07-01|2026-07-02|2026-07-06|2026-07-07|2026-07-08|2026-07-09|2026-07-10|2026-07-13|2026-07-14|2026-07-15|2026-07-16|2026-07-17|2026-07-20|2026-07-21|2026-07-22|2026-07-23|2026-07-24|2026-07-27|2026-07-28|2026-07-29|2026-07-30|2026-07-31|2026-08-03|2026-08-04|2026-08-05,2026-08-05 23:05:50,0.0
Expedia,,2026-06-24|2026-06-25|2026-06-26|2026-06-29|2026-06-30|2026-07-01|2026-07-02|2026-07-06|2026-07-07|2026-07-08|2026-07-09|2026-07-10|2026-07-13|2026-07-14|2026-07-15|2026-07-16|2026-07-17|2026-07-20|2026-07-21|2026-07-22|2026-07-23|2026-07-24|2026-07-27|2026-07-28|2026-07-29|2026-07-30|2026-07-31|2026-08-03|2026-08-04|2026-08-05,2026-08-05 23:05:50,0.0
Fidelity National Financial,,2026-06-24|2026-06-25|2026-06-26|2026-06-29|2026-06-30|2026-07-01|2026-07-02|2026-07-06|2026-07-07|2026-07-08|2026-07-09|2026-07-10|2026-07-13|2026-07-14|2026-07-15|2026-07-16|2026-07-17|2026-07-20|2026-07-21|2026-07-22|2026-07-23|2026-07-24|2026-07-27|2026-07-28|2026-07-29|2026-07-30|2026-07-31|2026-08-03|2026-08-04|2026-08-05,2026-08-05 23:05:50,0.0
Carvana,,2026-06-24|2026-06-25|2026-06-26|2026-06-29|2026-06-30|2026-07-01|2026-07-02|2026-07-06|2026-07-07|2026-07-08|2026-07-09|2026-07-10|2026-07-13|2026-07-14|2026-07-15|2026-07-16|2026-07-17|2026-07-20|2026-07-21|2026-07-22|2026-07-23|2026-07-24|2026-07-27|2026-07-28|2026-07-29|2026-07-30|2026-07-31|2026-08-03|2026-08-04|2026-08-05,2026-08-05 23:05:50,0.0
DXC Technology,,2026-06-24|2026-06-25|2026-06-26|2026-06-29|2026-06-30|2026-07-01|2026-07-02|2026-07-06|2026-07-07|2026-07-08|2026-07-09|2026-07-10|2026-07-13|2026-07-14|2026-07-15|2026-07-16|2026-07-17|2026-07-20|2026-07-21|2026-07-22|2026-07-23|2026-07-24|2026-07-27|2026-07-28|2026-07-29|2026-07-30|2026-07-31|2026-08-03|2026-08-04|2026-08-05,2026-08-05 23:05:50,0.0
WR Berkley,,2026-06-24|2026-06-25|2026-06-26|2026-06-29|2026-06-30|2026-07-01|2026-07-02|2026-07-06|2026-07-07|2026-07-08|2026-07-09|2026-07-10|2026-07-13|2026-07-14|2026-07-15|2026-07-16|2026-07-17|2026-07-20|2026-07-21|2026-07-22|2026-07-23|2026-07-24|2026-07-27|2026-07-28|2026-07-29|2026-07-30|2026-07-31|2026-08-03|2026-08-04|2026-08-05,2026-08-05 23:05:50,0.0
M&T Bank,,2026-06-24|2026-06-25|2026-06-26|2026-06-29|2026-06-30|2026-07-01|2026-07-02|2026-07-06|2026-07-07|2026-07-08|2026-07-09|2026-07-10|2026-07-13|2026-07-14|2026-07-15|2026-07-16|2026-07-17|2026-07-20|2026-07-21|2026-07-22|2026-07-23|2026-07-24|2026-07-27|2026-07-28|2026-07-29|2026-07-30|2026-07-31|2026-08-03|2026-08-04|2026-08-05,2026-08-05 23:05:50,0.0
Dicks Sporting Goods,,2026-06-24|2026-06-25|2026-06-26|2026-06-29|2026-06-30|2026-07-01|2026-07-02|2026-07-06|2026-07-07|2026-07-08|2026-07-09|2026-07-10|2026-07-13|2026-07-14|2026-07-15|2026-07-16|2026-07-17|2026-07-20|2026-07-21|2026-07-22|2026-07-23|2026-07-24|2026-07-27|2026-07-28|2026-07-29|2026-07-30|2026-07-31|2026-08-03|2026-08-04|2026-08-05,2026-08-05 23:05:50,0.0
Xcel Energy,,2026-06-24|2026-06-25|2026-06-26|2026-06-29|2026-06-30|2026-07-01|2026-07-02|2026-07-06|2026-07-07|2026-07-08|2026-07-09|2026-07-10|2026-07-13|2026-07-14|2026-07-15|2026-07-16|2026-07-17|2026-07-20|2026-07-21|2026-07-22|2026-07-23|2026-07-24|2026-07-27|2026-07-28|2026-07-29|2026-07-30|2026-07-31|2026-08-03|2026-08-04|2026-08-05,2026-08-05 23:05:50,0.0
Fifth Third Bancorp,,2026-06-24|2026-06-25|2026-06-26|2026-06-29|2026-06-30|2026-07-01|2026-07-02|2026-07-06|2026-07-07|2026-07-08|2026-07-09|2026-07-10|2026-07-13|2026-07-14|2026-07-15|2026-07-16|2026-07-17|2026-07-20|2026-07-21|2026-07-22|2026-07-23|2026-07-24|2026-07-27|2026-07-28|2026-07-29|2026-07-30|2026-07-31|2026-08-03|2026-08-04|2026-08-05,2026-08-05 23:05:50,0.0
Blackstone,,2026-06-24|2026-06-25|2026-06-26|2026-06-29|2026-06-30|2026-07-01|2026-07-02|2026-07-06|2026-07-07|2026-07-08|2026-07-09|2026-07-10|2026-07-13|2026-07-14|2026-07-15|2026-07-16|2026-07-17|2026-07-20|2026-07-21|2026-07-22|2026-07-23|2026-07-24|2026-07-27|2026-07-28|2026-07-29|2026-07-30|2026-07-31|2026-08-03|2026-08-04|2026-08-05,2026-08-05 23:05:50,0.0
Sempra,,2026-06-24|2026-06-25|2026-06-26|2026-06-29|2026-06-30|2026-07-01|2026-07-02|2026-07-06|2026-07-07|2026-07-08|2026-07-09|2026-07-10|2026-07-13|2026-07-14|2026-07-15|2026-07-16|2026-07-17|2026-07-20|2026-07-21|2026-07-22|2026-07-23|2026-07-24|2026-07-27|2026-07-28|2026-07-29|2026-07-30|2026-07-31|2026-08-03|2026-08-04|2026-08-05,2026-08-05 23:05:50,0.0
Corning,,2026-06-24|2026-06-25|2026-06-26|2026-06-29|2026-06-30|2026-07-01|2026-07-02|2026-07-06|2026-07-07|2026-07-08|2026-07-09|2026-07-10|2026-07-13|2026-07-14|2026-07-15|2026-07-16|2026-07-17|2026-07-20|2026-07-21|2026-07-22|2026-07-23|2026-07-24|2026-07-27|2026-07-28|2026-07-29|2026-07-30|2026-07-31|2026-08-03|2026-08-04|2026-08-05,2026-08-05 23:05:50,0.0
Lumen Technologies,,2026-06-24|2026-06-25|2026-06-26|2026-06-29|2026-06-30|2026-07-01|2026-07-02|2026-07-06|2026-07-07|2026-07-08|2026-07-09|2026-07-10|2026-07-13|2026-07-14|2026-07-15|2026-07-16|2026-07-17|2026-07-20|2026-07-21|2026-07-22|2026-07-23|2026-07-24|2026-07-27|2026-07-28|2026-07-29|2026-07-30|2026-07-31|2026-08-03|2026-08-04|2026-08-05,2026-08-05 23:05:50,0.0
FirstEnergy Corp,,2026-06-24|2026-06-25|2026-06-26|2026-06-29|2026-06-30|2026-07-01|2026-07-02|2026-07-06|2026-07-07|2026-07-08|2026-07-09|2026-07-10|2026-07-13|2026-07-14|2026-07-15|2026-07-16|2026-07-17|2026-07-20|2026-07-21|2026-07-22|2026-07-23|2026-07-24|2026-07-27|2026-07-28|2026-07-29|2026-07-30|2026-07-31|2026-08-03|2026-08-04|2026-08-05,2026-08-05 23:05:50,0.0
Labcorp Holdings,,2026-06-24|2026-06-25|2026-06-26|2026-06-29|2026-06-30|2026-07-01|2026-07-02|2026-07-06|2026-07-07|2026-07-08|2026-07-09|2026-07-10|2026-07-13|2026-07-14|2026-07-15|2026-07-16|2026-07-17|2026-07-20|2026-07-21|2026-07-22|2026-07-23|2026-07-24|2026-07-27|2026-07-28|2026-07-29|2026-07-30|2026-07-31|2026-08-03|2026-08-04|2026-08-05,2026-08-05 23:05:50,0.0
Western Digital,,2026-06-24|2026-06-25|2026-06-26|2026-06-29|2026-06-30|2026-07-01|2026-07-02|2026-07-06|2026-07-07|2026-07-08|2026-07-09|2026-07-10|2026-07-13|2026-07-14|2026-07-15|2026-07-16|2026-07-17|2026-07-20|2026-07-21|2026-07-22|2026-07-23|2026-07-24|2026-07-27|2026-07-28|2026-07-29|2026-07-30|2026-07-31|2026-08-03|2026-08-04|2026-08-05,2026-08-05 23:05:50,0.0
Unum Group,,2026-06-24|2026-06-25|2026-06-26|2026-06-29|2026-06-30|2026-07-01|2026-07-02|2026-07-06|2026-07-07|2026-07-08|2026-07-09|2026-07-10|2026-07-13|2026-07-14|2026-07-15|2026-07-16|2026-07-17|2026-07-20|2026-07-21|2026-07-22|2026-07-23|2026-07-24|2026-07-27|2026-07-28|2026-07-29|2026-07-30|2026-07-31|2026-08-03|2026-08-04|2026-08-05,2026-08-05 23:05:50,0.0
DaVita,,2026-06-24|2026-06-25|2026-06-26|2026-06-29|2026-06-30|2026-07-01|2026-07-02|2026-07-06|2026-07-07|2026-07-08|2026-07-09|2026-07-10|2026-07-13|2026-07-14|2026-07-15|2026-07-16|2026-07-17|2026-07-20|2026-07-21|2026-07-22|2026-07-23|2026-07-24|2026-07-27|2026-07-28|2026-07-29|2026-07-30|2026-07-31|2026-08-03|2026-08-04|2026-08-05,2026-08-05 23:05:50,0.0
Henry Schein,,2026-06-24|2026-06-25|2026-06-26|2026-06-29|2026-06-30|2026-07-01|2026-07-02|2026-07-06|2026-07-07|2026-07-08|2026-07-09|2026-07-10|2026-07-13|2026-07-14|2026-07-15|2026-07-16|2026-07-17|2026-07-20|2026-07-21|2026-07-22|2026-07-23|2026-07-24|2026-07-27|2026-07-28|2026-07-29|2026-07-30|2026-07-31|2026-08-03|2026-08-04|2026-08-05,2026-08-05 23:05:50,0.0
Ryder System,,2026-06-24|2026-06-25|2026-06-26|2026-06-29|2026-06-30|2026-07-01|2026-07-02|2026-07-06|2026-07-07|2026-07-08|2026-07-09|2026-07-10|2026-07-13|2026-07-14|2026-07-15|2026-07-16|2026-07-17|2026-07-20|2026-07-21|2026-07-22|2026-07-23|2026-07-24|2026-07-27|2026-07-28|2026-07-29|2026-07-30|2026-07-31|2026-08-03|2026-08-04|2026-08-05,2026-08-05 23:05:50,0.0
Community Health Systems,,2026-06-24|2026-06-25|2026-06-26|2026-06-29|2026-06-30|2026-07-01|2026-07-02|2026-07-06|2026-07-07|2026-07-08|2026-07-09|2026-07-10|2026-07-13|2026-07-14|2026-07-15|2026-07-16|2026-07-17|2026-07-20|2026-07-21|2026-07-22|2026-07-23|2026-07-24|2026-07-27|2026-07-28|2026-07-29|2026-07-30|2026-07-31|2026-08-03|2026-08-04|2026-08-05,2026-08-05 23:05:50,0.0
Delek US,,2026-06-24|2026-06-25|2026-06-26|2026-06-29|2026-06-30|2026-07-01|2026-07-02|2026-07-06|2026-07-07|2026-07-08|2026-07-09|2026-07-10|2026-07-13|2026-07-14|2026-07-15|2026-07-16|2026-07-17|2026-07-20|2026-07-21|2026-07-22|2026-07-23|2026-07-24|2026-07-27|2026-07-28|2026-07-29|2026-07-30|2026-07-31|2026-08-03|2026-08-04|2026-08-05,2026-08-05 23:05:50,0.0
DTE Energy,,2026-06-24|2026-06-25|2026-06-26|2026-06-29|2026-06-30|2026-07-01|2026-07-02|2026-07-06|2026-07-07|2026-07-08|2026-07-09|2026-07-10|2026-07-13|2026-07-14|2026-07-15|2026-07-16|2026-07-17|2026-07-20|2026-07-21|2026-07-22|2026-07-23|2026-07-24|2026-07-27|2026-07-28|2026-07-29|2026-07-30|2026-07-31|2026-08-03|2026-08-04|2026-08-05,2026-08-05 23:05:50,0.0
Equitable Holdings,,2026-06-24|2026-06-25|2026-06-26|2026-06-29|2026-06-30|2026-07-01|2026-07-02|2026-07-06|2026-07-07|2026-07-08|2026-07-09|2026-07-10|2026-07-13|2026-07-14|2026-07-15|2026-07-16|2026-07-17|2026-07-20|2026-07-21|2026-07-22|2026-07-23|2026-07-24|2026-07-27|2026-07-28|2026-07-29|2026-07-30|2026-07-31|2026-08-03|2026-08-04|2026-08-05,2026-08-05 23:05:50,0.0
DuPont de Nemours,,2026-06-24|2026-06-25|2026-06-26|2026-06-29|2026-06-30|2026-07-01|2026-07-02|2026-07-06|2026-07-07|2026-07-08|2026-07-09|2026-07-10|2026-07-13|2026-07-14|2026-07-15|2026-07-16|2026-07-17|2026-07-20|2026-07-21|2026-07-22|2026-07-23|2026-07-24|2026-07-27|2026-07-28|2026-07-29|2026-07-30|2026-07-31|2026-08-03|2026-08-04|2026-08-05,2026-08-05 23:05:50,0.0
